# https://github.com/mikedh/trimesh

o casual_female-shoes05-mesh
v 0.03223939 -0.10632532 0.05695108
v 0.03511171 -0.09166657 0.06002153
v 0.03085275 -0.09295420 0.06418142
v -0.09978833 -0.00609131 0.05546545
v -0.10682062 0.00727988 0.05774347
v -0.10434442 -0.00599224 0.05199881
v 0.03342790 -0.07819638 0.06655850
v 0.02916894 -0.07898876 0.07111464
v -0.10890056 0.02114626 0.06329005
v -0.10216547 0.00767606 0.06180435
v -0.10434442 0.02203764 0.06774707
v 0.02649474 -0.09443990 0.06784613
v -0.09741126 0.00777507 0.06517188
v -0.09949121 0.02292908 0.07111464
v 0.02788137 -0.10771196 0.05992246
v -0.09513318 -0.00589318 0.05833778
v 0.03124888 -0.06541951 0.07240222
v 0.02728711 -0.06640995 0.07725543
v -0.11028719 0.03441831 0.06824233
v 0.02778231 -0.05264264 0.07735448
v 0.02461285 -0.05412834 0.08230676
v -0.11058431 0.04808662 0.07210510
v -0.10602823 0.03501263 0.07289747
v -0.10691961 0.04788851 0.07695831
v 0.02302816 -0.06759852 0.08111826
v -0.10147209 0.03540881 0.07656212
v -0.10305684 0.04729425 0.08101919
v 0.02451379 -0.07978114 0.07487835
v 0.04065825 -0.10345300 0.04952267
v 0.04442194 -0.08829905 0.04853222
v 0.03996492 -0.08998282 0.05497020
v -0.10899956 -0.00628937 0.04833417
v -0.11702229 0.00688369 0.04665035
v -0.11405089 -0.00688368 0.04318377
v 0.04273819 -0.07443267 0.05328644
v 0.03798404 -0.07680974 0.06081390
v -0.11930029 0.02094813 0.05041412
v -0.11207001 0.00718081 0.05298932
v -0.11385283 0.02075007 0.05784252
v 0.03630022 -0.10474063 0.05328644
v 0.03937067 -0.06185387 0.05794159
v 0.03550785 -0.06393382 0.06616237
v -0.11969649 0.03431932 0.05407882
v 0.03530978 -0.04877987 0.06180435
v 0.03134795 -0.05095888 0.07052033
v -0.11939936 0.04838375 0.05685209
v -0.11504134 0.03412119 0.06220055
v -0.11464521 0.04808662 0.06546906
v -0.03808299 -0.09077519 0.08458483
v -0.04432283 -0.08096965 0.08508003
v -0.04085625 -0.09235989 0.07913731
v -0.03303165 0.04244104 0.07755262
v -0.03620111 0.03124886 0.07794875
v -0.03322972 0.03006036 0.07250128
v -0.03491354 -0.10077880 0.07676023
v -0.03659730 0.02015575 0.07101559
v -0.03332878 0.01886818 0.06586519
v -0.03194215 -0.09889691 0.08022681
v -0.03530967 -0.08928950 0.08795235
v -0.03986581 0.02134432 0.07448217
v -0.03917249 0.03214030 0.08141539
v -0.04174763 -0.08037540 0.09082468
v -0.03540873 0.04273817 0.08329721
v -0.03828105 0.04263910 0.08706097
v -0.03303165 -0.11147572 0.06794519
v -0.03788487 -0.10266062 0.07160984
v -0.03620111 -0.11296135 0.06348811
v -0.03560685 0.00876551 0.06309193
v -0.03233834 0.00787413 0.05843677
v -0.03124883 -0.12266784 0.05952628
v -0.03422022 -0.00311992 0.05546545
v -0.03105071 -0.00381323 0.05150362
v -0.02798033 -0.12157833 0.06249767
v -0.02986221 -0.11018809 0.07131271
v -0.03758774 -0.00282280 0.05853584
v -0.03877630 0.00926076 0.06645950
v -0.04432283 -0.09374657 0.07012414
v -0.04957223 -0.08047445 0.06309192
v -0.04759135 -0.09414271 0.05922916
v -0.02897077 0.04263910 0.05526733
v -0.02986221 0.02906985 0.06338906
v -0.02698988 0.02877273 0.05239501
v -0.04204482 -0.10474063 0.06418142
v -0.02906983 0.01748155 0.05833778
v -0.02530612 0.01668917 0.04902749
v -0.04739328 -0.08126684 0.07507642
v -0.03035740 0.04224291 0.06735089
v -0.04006387 -0.11504136 0.05744633
v -0.04590759 -0.10592914 0.05497020
v -0.04412477 -0.11692318 0.04962174
v -0.02817845 0.00648750 0.05239500
v -0.02401849 0.00539800 0.04447140
v -0.03778586 -0.12583729 0.05061217
v -0.02738607 -0.00500180 0.04645228
v -0.02362230 -0.00648749 0.03981631
v -0.03441829 -0.12405447 0.05566351
v 0.05036472 -0.10097686 0.03595343
v 0.05234561 -0.08493147 0.02931748
v 0.04917615 -0.08641716 0.03961822
v -0.11939936 -0.00787413 0.03526011
v -0.12633258 0.00628938 0.02773275
v -0.12326213 -0.00876551 0.02565269
v 0.04927522 -0.06987660 0.03268503
v 0.04640290 -0.07205554 0.04357996
v -0.12762014 0.02193857 0.03001080
v -0.12246980 0.00668557 0.03793445
v -0.12395545 0.02144339 0.04080677
v 0.04531338 -0.10216543 0.04417421
v 0.04491720 -0.05581209 0.03506212
v 0.04293631 -0.05868442 0.04704653
v -0.12752109 0.03669639 0.03119935
v 0.03857830 -0.04531329 0.05021599
v -0.12395545 0.04977038 0.04526372
v -0.12633258 0.05165227 0.03228885
v -0.12435163 0.03550783 0.04318377
v 0.05293993 -0.09929311 0.01584729
v 0.04778952 -0.08413916 0.00990454
v 0.05185035 -0.08404009 0.01862056
v -0.12316312 -0.00856745 0.01525301
v -0.12286593 0.00688369 0.00812173
v -0.11969649 -0.00856745 0.00683404
v 0.04511533 -0.06868802 0.01297496
v 0.04858190 -0.06868802 0.02178992
v -0.12474782 0.02263195 0.01000351
v -0.12643158 0.00658656 0.01693678
v -0.12781822 0.02243382 0.01901675
v 0.05363324 -0.10008548 0.02614802
v 0.03976681 -0.05432639 0.01555015
v 0.04382769 -0.05422740 0.02406806
v -0.12375737 0.03818208 0.01139024
v 0.03778591 -0.04026196 0.02624706
v -0.12554020 0.05293985 0.02099765
v -0.12197455 0.05363316 0.01257878
v 0.03956873 -0.04204478 0.03743911
v -0.12732302 0.03768684 0.02000710
v -0.05026555 -0.07819638 0.05150361
v -0.04996842 -0.09018094 0.03605258
v -0.04977035 -0.09265707 0.04813604
v -0.02946602 0.04422386 0.04348090
v -0.02669275 0.03144699 0.02892130
v -0.03194215 0.04600669 0.03110030
v -0.04917610 -0.10533489 0.04437233
v -0.02282999 0.01738249 0.03823158
v -0.02253280 0.01847200 0.02624707
v -0.02570231 0.02996129 0.04110390
v -0.04778941 -0.11751750 0.03981630
v -0.05046367 -0.10355206 0.03258598
v -0.04977035 -0.11731938 0.02862416
v -0.02074998 0.00500180 0.03446785
v -0.01926435 0.00490275 0.02327570
v -0.04501615 -0.12999724 0.03526011
v -0.01985860 -0.00797313 0.03090221
v -0.01787766 -0.00955788 0.02089861
v -0.04135150 -0.12801630 0.04407520
v -0.04580852 -0.07195654 0.02525661
v -0.04392664 -0.08582291 0.01158832
v -0.04808660 -0.08790287 0.02238429
v -0.03649823 0.04679906 0.01723393
v -0.03471541 0.03194219 0.00465504
v -0.04234194 0.04689806 0.00653700
v -0.04541234 -0.10018449 0.00950837
v -0.04947323 -0.10206636 0.01961091
v -0.02916889 0.01857105 0.00336755
v -0.02976314 0.03204124 0.01525301
v -0.02431562 0.01876913 0.01327211
v -0.04907704 -0.07492787 0.03922193
v -0.04501615 -0.11494230 0.00802269
v -0.04887891 -0.11662605 0.01703582
v -0.02530612 0.00420943 0.00277328
v -0.04283714 -0.13009628 0.00713117
v -0.04669991 -0.13128483 0.01505492
v -0.02302805 -0.01094452 0.00307041
v -0.02074998 0.00440755 0.01168737
v -0.01867003 -0.01035027 0.01079596
v -0.04709609 -0.13138388 0.02525661
v 0.03174414 -0.15129203 0.04130188
v 0.03620117 -0.14059511 0.04130189
v 0.03273458 -0.14059511 0.04417421
v -0.08671433 -0.05006744 0.04278758
v -0.09414274 -0.04115334 0.04239139
v -0.08938854 -0.05175126 0.04041058
v 0.03669641 -0.12771917 0.04466945
v 0.03283365 -0.12831342 0.04773985
v -0.09830264 -0.02867366 0.04486753
v -0.09067616 -0.03996483 0.04496659
v -0.09434087 -0.02798034 0.04773986
v 0.02887181 -0.14109034 0.04615515
v -0.08681339 -0.03917246 0.04674941
v -0.08978472 -0.02728703 0.05001792
v 0.02906993 -0.14911303 0.04328283
v -0.08473345 -0.04709611 0.04447140
v 0.03639928 -0.11652699 0.04843317
v 0.03253652 -0.11751750 0.05160261
v -0.10117496 -0.01767961 0.04793797
v -0.09701507 -0.01728343 0.05090930
v 0.02798043 -0.11880507 0.05427687
v -0.09216185 -0.01698630 0.05338550
v 0.02847562 -0.12910580 0.05021599
v 0.03699354 -0.15248058 0.03595343
v 0.04194581 -0.14019893 0.03436880
v 0.03927161 -0.14039702 0.03833062
v -0.09166661 -0.05313789 0.03773626
v -0.09998645 -0.04293616 0.03575544
v -0.09404368 -0.05442546 0.03436880
v 0.04343150 -0.12643160 0.03724112
v 0.03996492 -0.12692680 0.04150008
v -0.10533491 -0.03006029 0.03773626
v -0.09721314 -0.04204478 0.03942012
v -0.10167022 -0.02916891 0.04189626
v 0.03461647 -0.15198535 0.03872680
v 0.04442194 -0.11444705 0.04041058
v 0.04026205 -0.11533849 0.04506565
v -0.10969287 -0.01867005 0.04021239
v -0.10523586 -0.01787768 0.04476853
v -0.02847557 -0.13326574 0.05298931
v -0.03134790 -0.13524665 0.04912648
v -0.03412116 -0.01460922 0.04972079
v -0.03085265 -0.01589679 0.04585803
v -0.02481087 -0.14425980 0.04793797
v -0.03461635 -0.02649465 0.04565991
v -0.03144690 -0.02867366 0.04199531
v -0.02164142 -0.14168461 0.05090930
v -0.02510799 -0.13158197 0.05596064
v -0.03818199 -0.02471183 0.04863130
v -0.03768680 -0.01371778 0.05279119
v -0.01975953 -0.15614526 0.04427327
v -0.02738607 -0.14703308 0.04417421
v -0.02164142 -0.15921568 0.04120294
v -0.03610204 -0.03956864 0.04298571
v -0.03342784 -0.04224285 0.04011345
v -0.01441107 -0.16515841 0.04189626
v -0.03857818 -0.04996844 0.04150008
v -0.03719155 -0.05284070 0.03942012
v -0.01371776 -0.16089945 0.04387708
v -0.01718434 -0.15337199 0.04655134
v -0.04046006 -0.04590754 0.04338190
v -0.03927150 -0.03748870 0.04536278
v -0.03441829 -0.13732661 0.04457040
v -0.03748868 -0.13990179 0.03892489
v -0.02748508 -0.01738248 0.04130189
v -0.02401849 -0.01946243 0.03565629
v -0.02976314 -0.14960826 0.04011344
v -0.02847557 -0.03085264 0.03783540
v -0.02590038 -0.03313068 0.03308121
v -0.02292899 -0.16169181 0.03793444
v -0.03184309 -0.15228249 0.03516116
v -0.02431562 -0.16416795 0.03387347
v -0.03164502 -0.04452091 0.03684494
v -0.02966408 -0.04669993 0.03288312
v -0.01550057 -0.17080401 0.03704293
v -0.03600304 -0.05541591 0.03704293
v -0.03471541 -0.05769397 0.03377453
v -0.01500539 -0.16822883 0.03951906
v 0.04521433 -0.14019893 0.02902034
v 0.04362963 -0.15257962 0.02139373
v 0.04759140 -0.14029797 0.02228524
v -0.09850076 -0.05620828 0.02367188
v -0.10335397 -0.04432279 0.03060507
v -0.10583011 -0.04561042 0.02396902
v 0.05056279 -0.12682779 0.02337474
v 0.04739333 -0.12653060 0.03100115
v -0.11256520 -0.03352687 0.02446424
v -0.10939575 -0.03174405 0.03179362
v 0.03946968 -0.15277771 0.03228884
v 0.04194581 -0.15287676 0.02753465
v -0.09651982 -0.05561403 0.02971366
v 0.05274179 -0.11375374 0.02446424
v 0.04957234 -0.11395186 0.03327930
v -0.11850798 -0.02164144 0.02476139
v -0.11494233 -0.02025481 0.03337835
v 0.04333245 -0.15198535 0.01366828
v 0.04462008 -0.14257602 0.00762650
v 0.04729428 -0.14049607 0.01436159
v -0.09859982 -0.05620828 0.01594632
v -0.10285879 -0.04808655 0.00940932
v -0.09820363 -0.05531690 0.01119214
v 0.04719527 -0.12979911 0.00782459
v 0.05036472 -0.12752111 0.01495577
v -0.10899956 -0.03659726 0.00881505
v -0.10573104 -0.04630373 0.01604528
v -0.11246620 -0.03481444 0.01604528
v 0.04858190 -0.11533848 0.00732936
v 0.05234561 -0.11375374 0.01505492
v -0.11464521 -0.02322613 0.00752735
v 0.04907710 -0.09978835 0.00762650
v -0.11840891 -0.02233475 0.01535195
v -0.04036100 -0.14307125 0.03159552
v -0.04214382 -0.14544834 0.02317655
v -0.02065097 -0.02213663 0.02842607
v -0.01857103 -0.02451376 0.02000710
v -0.03402210 -0.15565004 0.02921833
v -0.02302805 -0.03610207 0.02723752
v -0.02134429 -0.03877627 0.02030424
v -0.02619750 -0.16694123 0.02842606
v -0.03540873 -0.15822522 0.02218620
v -0.02748508 -0.16912022 0.02188905
v -0.02728701 -0.04927512 0.02763370
v -0.02560325 -0.05145407 0.02109670
v -0.01787766 -0.17555819 0.02832702
v -0.03273453 -0.05987298 0.02842607
v -0.03124883 -0.06145768 0.02188906
v -0.01629296 -0.17328015 0.03367548
v -0.04164863 -0.14564644 0.01416351
v -0.03778586 -0.14475502 0.00693318
v -0.01926435 -0.02560327 0.01109299
v -0.02352330 -0.02639564 0.00415991
v -0.03511160 -0.15881949 0.01406446
v -0.02174049 -0.03996483 0.01228165
v -0.02550419 -0.04095527 0.00564559
v -0.02738607 -0.16941736 0.01426245
v -0.03154596 -0.15812617 0.00732936
v -0.02451374 -0.16921927 0.00802269
v -0.02590038 -0.05244458 0.01356914
v -0.02897077 -0.05343501 0.00752735
v -0.01886815 -0.17516202 0.00990454
v -0.01926435 -0.17714292 0.01436159
v -0.03263546 -0.06066530 0.01010264
v -0.03144690 -0.06205200 0.01465863
v -0.01916528 -0.17704387 0.02169097
v 0.01054842 0.03441831 0.08280201
v 0.01520356 0.01500541 0.07220416
v 0.00926078 0.03758777 0.07458123
v -0.11850798 0.11622992 0.06200243
v -0.11890416 0.13821812 0.07160985
v -0.11920129 0.14009999 0.06289387
v -0.00232752 0.05165227 0.08626860
v -0.11107957 0.15802723 0.07279842
v -0.11088144 0.15852246 0.06299287
v -0.00173326 0.04967139 0.09429126
v 0.01094461 0.03194218 0.08963617
v -0.11801272 0.13683139 0.07854307
v -0.11028719 0.15733391 0.08181158
v 0.01619400 0.01183597 0.08022682
v -0.11840891 0.11415006 0.07032228
v -0.11712128 0.11236724 0.07646311
v -0.07096608 0.02382045 0.08389152
v -0.07136227 0.00906270 0.07061940
v -0.07056988 0.00470468 0.08002876
v -0.03798393 0.14980646 0.06804420
v -0.03402210 0.13504867 0.05576258
v -0.03897437 0.15287676 0.05764447
v -0.06700424 -0.01262828 0.06814326
v -0.06650905 -0.01668916 0.07745355
v -0.03204121 0.11286246 0.05497021
v -0.03322972 0.13128493 0.06546907
v -0.03095171 0.10949491 0.06437956
v -0.06848994 0.00153523 0.08824954
v -0.03382403 0.12811548 0.07378885
v -0.03144690 0.10682068 0.07190697
v -0.06868806 0.02075006 0.09359794
v -0.03877630 0.14693413 0.07784975
v 0.00034668 0.04234198 0.04090581
v 0.00589327 0.02124525 0.02911939
v -0.00311990 0.04234198 0.03268504
v -0.11296139 0.12108325 0.01812534
v -0.11335759 0.14376468 0.02812884
v -0.11038626 0.14406181 0.01980911
v -0.01015212 0.05521791 0.03684495
v -0.01005306 0.05908068 0.04308471
v -0.10721674 0.15872055 0.02268144
v -0.10830625 0.16288047 0.02862417
v -0.00797310 0.05818930 0.05348451
v 0.00302094 0.04204485 0.05189981
v -0.10969287 0.16228619 0.03922194
v -0.11553659 0.14356658 0.03932109
v 0.00955791 0.02164145 0.03803349
v -0.11622990 0.12108325 0.02713848
v -0.11811179 0.12078611 0.03882576
v 0.00648752 0.04085628 0.06388430
v -0.00411033 0.05333602 0.07676023
v -0.11801272 0.14227898 0.05140457
v 0.01361881 0.01847200 0.06160623
v -0.11840891 0.11870605 0.05110744
v 0.01213312 0.02114626 0.04962174
v -0.00619028 0.05601029 0.06527094
v -0.11028719 0.16050337 0.05120650
v -0.07136227 0.03134793 0.06279480
v -0.06749949 0.01758061 0.04863130
v -0.07037182 0.01361879 0.06002153
v -0.04095531 0.15574919 0.04655136
v -0.04105432 0.14039703 0.03357645
v -0.04362952 0.15802723 0.03516118
v -0.06333960 -0.00252567 0.04556090
v -0.06591474 -0.00747794 0.05734728
v -0.03927150 0.11959755 0.03199172
v -0.03669636 0.13831717 0.04496659
v -0.03491354 0.11662620 0.04387709
v -0.07175845 0.02748515 0.07368979
v -0.06482529 0.02075007 0.03743912
v -0.06522142 0.03600307 0.03377453
v -0.06165578 0.02362239 0.02911939
v -0.04917610 0.15604623 0.01772915
v -0.04501615 0.14168472 0.02228525
v -0.04907704 0.14287327 0.01406448
v -0.05462356 0.00420943 0.02555375
v -0.05908064 0.00133711 0.03407166
v -0.05026555 0.12207371 0.01208356
v -0.04491714 0.12118219 0.02060148
v -0.07007469 0.03511163 0.05150362
v -0.06839093 0.03768684 0.04050963
v -0.04640278 0.15921578 0.02406807
v 0.02362241 -0.04026196 0.08191057
v 0.02144341 -0.04184666 0.08706097
v -0.10999006 0.06145775 0.07557167
v 0.01906633 -0.02728703 0.09072561
v -0.10909862 0.07572037 0.08339627
v -0.11137669 0.07661178 0.07844400
v 0.01678825 -0.02966410 0.09547982
v 0.01876921 -0.04412472 0.09151799
v -0.10612730 0.07463088 0.08815049
v -0.10731580 0.06086350 0.08072207
v -0.10394828 0.05977399 0.08508003
v 0.02134434 -0.05610922 0.08646665
v 0.02946606 -0.03610207 0.06586519
v 0.02629662 -0.03857820 0.07497741
v -0.11741847 0.06234919 0.05972441
v 0.02391954 -0.02075000 0.06903469
v 0.02253291 -0.02352332 0.07874112
v -0.11662609 0.07898888 0.06160624
v -0.11325852 0.06165588 0.06873751
v -0.11405089 0.07740415 0.07141177
v 0.01975964 -0.00757700 0.08002876
v 0.01985865 -0.00450655 0.07131271
v -0.11642798 0.09424189 0.07160985
v -0.11751747 0.09612376 0.06259674
v 0.01589687 0.00896363 0.08616953
v 0.01916533 -0.00965695 0.08676384
v -0.11474421 0.09265717 0.07824593
v -0.05115698 -0.05323690 0.09547982
v -0.04848279 -0.06749945 0.08874473
v -0.04620471 -0.06819277 0.09488557
v -0.03431922 0.07156046 0.08557528
v -0.03283353 0.05670360 0.08002876
v -0.03273453 0.07344233 0.07943444
v -0.03877630 -0.07988014 0.09448937
v -0.04303526 -0.06898516 0.09934259
v -0.03471541 0.05581216 0.08626860
v -0.03729061 0.05452460 0.09102280
v -0.04778941 -0.05511878 0.10122447
v -0.03679536 0.06918337 0.09161706
v -0.06076440 -0.03114979 0.06853945
v -0.06076440 -0.03422018 0.07874112
v -0.03243740 0.09344944 0.05685209
v -0.05650545 -0.04808656 0.06873751
v -0.05561400 -0.05056269 0.08012775
v -0.03164502 0.07611656 0.05843678
v -0.03134790 0.09117148 0.06715282
v -0.03144690 0.07423459 0.06982702
v -0.05937777 -0.03610207 0.08676384
v -0.03184309 0.08948771 0.07527454
v -0.06492430 -0.01946243 0.08488196
v -0.05254361 -0.06522145 0.06655850
v -0.05076079 -0.06680614 0.07864205
v -0.03055552 0.05838737 0.05754540
v -0.03124883 0.05729785 0.06972802
v -0.05363312 -0.05145408 0.08953711
v 0.01668919 0.00430850 0.03545830
v 0.01867014 0.00272379 0.04724467
v -0.11801272 0.10226458 0.02614803
v -0.11920129 0.10117508 0.03813244
v 0.02332528 -0.01124165 0.03268503
v -0.11999362 0.08522876 0.02466234
v -0.12098411 0.08394116 0.03634962
v 0.01332168 0.00411042 0.02644516
v -0.11514041 0.10236353 0.01693679
v -0.11702229 0.08582302 0.01584730
v 0.03055557 -0.02649465 0.02941653
v 0.02540523 -0.01302447 0.04417422
v 0.03273458 -0.02847559 0.04070772
v -0.12256881 0.06849005 0.02278048
v -0.12365831 0.06670721 0.03436881
v 0.03362602 -0.04006384 0.01802628
v 0.02639567 -0.02609846 0.02109670
v -0.11900317 0.06938146 0.01426247
v 0.01946252 -0.00064378 0.05982341
v -0.11840891 0.09869894 0.05081031
v 0.02500905 -0.01659011 0.05685208
v -0.11920129 0.08166311 0.04922556
v 0.03233839 -0.03223924 0.05388070
v -0.12177650 0.06433008 0.04764085
v -0.05700069 -0.02055194 0.04476853
v -0.05967489 -0.02609846 0.05705015
v -0.04006387 0.10058071 0.03268504
v -0.05234555 -0.03828102 0.04407520
v -0.05551500 -0.04372854 0.05675302
v -0.03937056 0.08235643 0.03347730
v -0.03550779 0.09701508 0.04516472
v -0.03422022 0.07898888 0.04615516
v -0.04937417 -0.05719873 0.04209436
v -0.05214742 -0.06175481 0.05457400
v -0.03679536 0.06324058 0.03278398
v -0.03233834 0.06056637 0.04546185
v -0.05274173 -0.01559966 0.03238779
v -0.04719516 -0.01223208 0.02307761
v -0.05274173 0.10404740 0.01119215
v -0.04115338 -0.02887178 0.02089861
v -0.04699709 -0.03263543 0.03090221
v -0.05363312 0.08631816 0.01039968
v -0.04600659 0.10305686 0.02030424
v -0.04660090 0.08512971 0.02030424
v -0.03917249 -0.04907700 0.01772914
v -0.04471902 -0.05254357 0.02832703
v -0.04977035 0.06611290 0.00861686
v -0.04085625 -0.06938134 0.01436160
v -0.04303526 0.06522152 0.01911579
v 0.01837301 -0.16565363 0.03912299
v 0.01243024 -0.17080401 0.03743911
v 0.01975964 -0.16822883 0.03704293
v -0.06264629 -0.06343863 0.03902394
v -0.06987656 -0.06007105 0.04070772
v -0.07047088 -0.06304243 0.03882575
v 0.02451379 -0.16218704 0.03902394
v -0.07671073 -0.05848635 0.04070772
v -0.07780023 -0.06116056 0.03882575
v 0.01649113 -0.15980995 0.04229245
v -0.06967850 -0.05373214 0.04338190
v -0.07601741 -0.05274171 0.04338190
v 0.01124174 -0.16793169 0.03961821
v -0.06244816 -0.06017011 0.04090581
v -0.06264629 -0.05343501 0.04357996
v 0.03114988 -0.15921568 0.03734016
v 0.02906993 -0.15782903 0.03961821
v -0.08404013 -0.05779304 0.03932108
v -0.08235631 -0.05571303 0.04140104
v 0.02669280 -0.15347103 0.04258958
v -0.08126681 -0.05056269 0.04387709
v 0.02223578 -0.15703667 0.04209435
v 0.02124534 -0.17030878 0.03496307
v 0.01569875 -0.17516202 0.03238779
v 0.02292910 -0.17199255 0.03189266
v -0.06482529 -0.06888609 0.03446784
v -0.07136227 -0.06561764 0.03704293
v -0.07264989 -0.06799471 0.03417071
v 0.02768324 -0.16604982 0.03466593
v -0.07879067 -0.06343863 0.03674589
v -0.07988017 -0.06561764 0.03387347
v 0.02619762 -0.16416795 0.03684494
v 0.01391593 -0.17318110 0.03545830
v -0.06353767 -0.06621189 0.03734017
v 0.03303171 -0.16060231 0.03486403
v 0.02916894 -0.16753550 0.03149647
v 0.03491360 -0.16149372 0.03149647
v -0.08552576 -0.05977392 0.03694399
v -0.08720958 -0.06145768 0.03387347
v -0.04610565 0.05155320 0.09042849
v -0.03372497 0.05274177 0.10082828
v -0.03402210 0.05501978 0.09003230
v -0.06858900 0.16991270 0.07438311
v -0.07948399 0.16892225 0.08567435
v -0.06858900 0.16862510 0.08527816
v -0.02134429 0.05482172 0.09924359
v -0.02193855 0.05700073 0.08894286
v -0.09087423 0.16822893 0.08527816
v -0.08027637 0.17020983 0.07468029
v -0.09216185 0.16931842 0.07428411
v -0.02352330 0.05908068 0.07804780
v -0.03521066 0.05729785 0.07884019
v -0.08176206 0.17149743 0.06309194
v -0.09315230 0.17011078 0.06289387
v -0.06918325 0.17149743 0.06289387
v -0.01183588 0.05472266 0.09736171
v -0.01282637 0.05680260 0.08795235
v -0.10087783 0.16545565 0.08399058
v -0.10157115 0.16644611 0.07368980
v -0.01441107 0.05878355 0.07765162
v -0.10226447 0.16694133 0.06299287
v -0.04273813 0.04640287 0.11211947
v -0.03144690 0.04541237 0.11925075
v -0.03233834 0.04957232 0.11142615
v -0.06898518 0.16585183 0.09647028
v -0.07839448 0.16268237 0.10469107
v -0.06918325 0.16208810 0.10488919
v -0.02164142 0.04769043 0.11717080
v -0.02104717 0.05165226 0.10944527
v -0.08810097 0.16258333 0.10340349
v -0.07908786 0.16624801 0.09656934
v -0.08958666 0.16595087 0.09577696
v -0.01401488 0.04877995 0.11479373
v -0.01262825 0.05214752 0.10706820
v -0.09622269 0.16149382 0.10152161
v -0.00391227 0.04471905 0.10944527
v -0.00222846 0.04749237 0.10290823
v -0.10563204 0.15436254 0.09755978
v -0.09869883 0.16396996 0.09409320
v -0.10860338 0.15604622 0.09082469
v 0.02481092 -0.17357728 0.02684133
v 0.01906633 -0.17833147 0.02020528
v 0.02659380 -0.17436964 0.02040338
v -0.06749949 -0.07383836 0.02278047
v -0.07413552 -0.07047085 0.02941652
v -0.07581935 -0.07225367 0.02307761
v 0.03105083 -0.16862500 0.02674219
v -0.08156394 -0.06749945 0.02931748
v -0.08324775 -0.06888609 0.02327570
v 0.01748157 -0.17714292 0.02703943
v -0.06611286 -0.07175841 0.02931748
v 0.03689453 -0.16198896 0.02684134
v 0.03263552 -0.16902119 0.02050242
v 0.03847923 -0.16188991 0.02079956
v -0.08909141 -0.06294338 0.02931748
v -0.09087423 -0.06373575 0.02337475
v 0.02728711 -0.17417156 0.01297496
v 0.01886820 -0.17417156 0.00693318
v 0.02698993 -0.17011068 0.00673509
v -0.06898518 -0.07086703 0.00921123
v -0.07680978 -0.07274892 0.01574814
v -0.07799829 -0.06938134 0.00931017
v 0.03322983 -0.16852595 0.01317305
v -0.08413914 -0.06908421 0.01584729
v -0.08562483 -0.06591476 0.00940932
v 0.01956152 -0.17823242 0.01297496
v -0.06829188 -0.07443267 0.01555015
v 0.03857830 -0.16129562 0.01337113
v 0.03332889 -0.16466319 0.00683403
v 0.03867735 -0.15743286 0.00703223
v -0.09146855 -0.06373575 0.01594632
v -0.09285517 -0.06066530 0.00940932
v -0.01589677 0.06026924 0.03575545
v -0.01767959 0.06571671 0.04407521
v -0.10325497 0.16515851 0.02089862
v -0.02322612 0.06076444 0.03575545
v -0.02520706 0.06660815 0.04427328
v -0.09651982 0.16773370 0.02050244
v -0.10295778 0.17149743 0.02872322
v -0.09602462 0.17456775 0.02852503
v -0.02451374 0.06532059 0.05447495
v -0.01629296 0.06442915 0.05427688
v -0.09582650 0.17397357 0.03882576
v -0.10355209 0.17070507 0.03912300
v -0.03362591 0.05917974 0.03565630
v -0.03580492 0.06532059 0.04417422
v -0.08602102 0.16921938 0.01990816
v -0.04442189 0.05650548 0.03526012
v -0.04689803 0.06284439 0.04387709
v -0.07492791 0.16971461 0.01911580
v -0.08542676 0.17635057 0.02793085
v -0.07413552 0.17714302 0.02713848
v -0.03580492 0.06403295 0.05457401
v -0.08473345 0.17585544 0.03833064
v -0.07274890 0.17664780 0.03763731
v -0.04759135 0.05769404 0.06665757
v -0.03580492 0.06086350 0.06665757
v -0.07116420 0.17427071 0.05011700
v -0.02382043 0.06254726 0.06636044
v -0.08334682 0.17387442 0.05061218
v -0.09533131 0.17199265 0.05081031
v -0.04749228 0.06125969 0.05437595
v -0.01530251 0.06205206 0.06606332
v -0.10335397 0.16902129 0.05100837
v 0.01559969 -0.09543033 0.00396172
v -0.00341703 -0.08404009 0.00633892
v 0.01104360 -0.07948401 0.00633892
v -0.07413552 0.02154244 0.00158473
v -0.08899241 0.00500181 0.00099046
v -0.08919047 0.02164145 0.00207995
v 0.02906993 -0.09097325 0.00455610
v -0.10315591 0.00539800 0.00207995
v -0.10345304 0.02193858 0.00326840
v 0.03253652 -0.10731576 0.00277327
v 0.01995771 -0.11167378 0.00227804
v -0.10176927 -0.01134070 0.00158473
v -0.08849715 -0.01193496 0.00069332
v 0.00104000 -0.09988736 0.00386276
v -0.07373934 0.00490275 0.00039609
v -0.07364034 -0.01183596 0.00009905
v 0.04016299 -0.08681335 0.00584368
v 0.02461285 -0.07512599 0.00693319
v 0.03639928 -0.07126322 0.00861686
v -0.11494233 0.00628938 0.00376372
v -0.11583372 0.02233477 0.00534836
v 0.04778952 -0.08413916 0.00990454
v -0.12286593 0.00688369 0.00812173
v -0.12474782 0.02263195 0.01000351
v 0.04907710 -0.09978835 0.00762650
v 0.04234200 -0.10285875 0.00386276
v -0.11969649 -0.00856745 0.00683404
v -0.11236713 -0.00985501 0.00297136
v 0.00668559 -0.06403288 0.00891400
v -0.01015212 -0.05284070 0.01178632
v 0.00272382 -0.04848275 0.01168736
v -0.07661166 0.05373222 0.00455610
v -0.08948759 0.03788495 0.00346660
v -0.09018091 0.05412841 0.00495228
v 0.02045296 -0.05987298 0.00950837
v -0.10394828 0.03798396 0.00455610
v -0.10424541 0.05402934 0.00604178
v -0.00708172 -0.06868802 0.00891400
v -0.07502696 0.03748877 0.00297136
v 0.02649474 -0.04164858 0.01386637
v 0.03204126 -0.05640634 0.01119214
v -0.11484328 0.05393034 0.00802270
v 0.03362602 -0.04006384 0.01802628
v 0.03976681 -0.05432639 0.01555015
v -0.12197455 0.05363316 0.01257878
v -0.11593278 0.03808302 0.00663605
v -0.12375737 0.03818208 0.01139024
v 0.04511533 -0.06868802 0.01297496
v 0.02075009 -0.09602459 0.07052033
v 0.01876921 -0.08186109 0.07814687
v -0.09136948 0.00817126 0.06764801
v -0.09335036 0.02283001 0.07428410
v 0.01381687 -0.09810454 0.07250128
v -0.08404013 0.00836938 0.06943083
v -0.08592195 0.02312714 0.07656212
v 0.01589687 -0.11137666 0.06398336
v 0.02233485 -0.10949478 0.06220054
v -0.08245538 -0.00559605 0.06180435
v -0.08928953 -0.00589318 0.06031866
v 0.00589327 -0.10038261 0.07438309
v 0.01173692 -0.08394104 0.08072206
v 0.00321901 -0.08661530 0.08270295
v -0.07700785 0.02312714 0.07814687
v -0.00559603 -0.08998282 0.08408958
v -0.00282277 -0.10315588 0.07567073
v -0.06749949 0.02253289 0.07933538
v -0.07572028 0.00856744 0.07091653
v -0.06660805 0.00846839 0.07190697
v 0.00024768 -0.11553656 0.06675663
v 0.00846841 -0.11335755 0.06566711
v -0.06621193 -0.00490274 0.06398337
v -0.07472984 -0.00529893 0.06319099
v 0.01787777 -0.06957941 0.08458483
v 0.01718445 -0.05888254 0.09072561
v -0.09592556 0.03530975 0.07983062
v -0.09810458 0.04620474 0.08527815
v 0.01143980 -0.06234913 0.09458844
v 0.01143980 -0.07274892 0.08775429
v -0.09146855 0.04481812 0.08904186
v -0.08859621 0.03431932 0.08290102
v 0.00222857 -0.06670714 0.09755977
v 0.00232762 -0.07581931 0.09023042
v -0.08126681 0.04353054 0.09171612
v -0.00916168 -0.07106511 0.09973878
v -0.00767598 -0.07997921 0.09221130
v -0.06908425 0.04283722 0.09339988
v -0.07898879 0.03431932 0.08498102
v -0.06809374 0.03332881 0.08656572
v 0.02560330 -0.15961185 0.00366468
v 0.01332168 -0.14812257 0.00267422
v 0.02372147 -0.14485407 0.00247613
v -0.07146132 -0.04471897 0.00297136
v -0.07978117 -0.05917967 0.00544751
v -0.08235631 -0.04471897 0.00326839
v 0.03293270 -0.15485767 0.00396172
v -0.08820002 -0.05670353 0.00584368
v -0.09206280 -0.04333235 0.00396173
v 0.03332889 -0.16466319 0.00683403
v 0.02698993 -0.17011068 0.00673509
v -0.08562483 -0.06591476 0.00940932
v -0.07799829 -0.06938134 0.00931017
v 0.01649113 -0.16317749 0.00386276
v -0.07007469 -0.05997199 0.00534836
v -0.06898518 -0.07086703 0.00921123
v 0.03956873 -0.14822162 0.00475417
v 0.03263552 -0.14079320 0.00297135
v 0.04085630 -0.13504856 0.00425895
v -0.09651982 -0.05224645 0.00653700
v -0.10157115 -0.04006384 0.00534836
v 0.04462008 -0.14257602 0.00762650
v -0.10285879 -0.04808655 0.00940932
v -0.10899956 -0.03659726 0.00881505
v 0.04234200 -0.15089585 0.00901313
v 0.03867735 -0.15743286 0.00703223
v -0.09820363 -0.05531690 0.01119214
v -0.09285517 -0.06066530 0.00940932
v 0.02213672 -0.12861061 0.00198091
v 0.00569514 -0.11593274 0.00227804
v -0.08562483 -0.02867366 0.00148557
v 0.03293270 -0.12454972 0.00237708
v -0.09711413 -0.02788128 0.00237709
v 0.00975604 -0.13217624 0.00207994
v -0.07274890 -0.02857459 0.00118854
v 0.04194581 -0.11949838 0.00366468
v -0.10721674 -0.02560327 0.00376372
v 0.04858190 -0.11533848 0.00732936
v -0.11464521 -0.02322613 0.00752735
v 0.04719527 -0.12979911 0.00782459
v 0.02352336 -0.13039342 0.05170168
v 0.02471192 -0.14307125 0.04694753
v -0.08463438 -0.02698990 0.05130549
v 0.01787777 -0.13207720 0.05259312
v 0.01985865 -0.14544834 0.04704653
v -0.07869167 -0.02679177 0.05199881
v -0.08225725 -0.03976671 0.04734366
v -0.07690885 -0.04055909 0.04744273
v 0.01124174 -0.13366192 0.05328644
v 0.01371786 -0.14752830 0.04734366
v -0.07185752 -0.02639564 0.05229600
v 0.00381332 -0.13534569 0.05368262
v 0.00668559 -0.14911303 0.04773985
v -0.06433004 -0.02590039 0.05239500
v -0.07047088 -0.04075721 0.04754179
v -0.06324054 -0.04026196 0.04754179
v 0.00965698 -0.16169181 0.04268863
v 0.02263197 -0.12019170 0.05615876
v 0.01659019 -0.12167739 0.05754539
v -0.08661527 -0.01659011 0.05506926
v -0.08027637 -0.01619392 0.05615877
v 0.00955791 -0.12336116 0.05873390
v 0.00183238 -0.12524303 0.05952628
v -0.07314509 -0.01569873 0.05705015
v -0.06512242 -0.01510442 0.05744634
v -0.01550057 0.04204485 0.02902035
v -0.01589677 0.06026924 0.03575545
v -0.00797310 0.04263910 0.02951558
v -0.09869883 0.14713223 0.01545111
v -0.10325497 0.16515851 0.02089862
v -0.09651982 0.16773370 0.02050244
v -0.01015212 0.05521791 0.03684495
v -0.00311990 0.04234198 0.03268504
v -0.10721674 0.15872055 0.02268144
v -0.10592917 0.14544845 0.01634252
v -0.11038626 0.14406181 0.01980911
v 0.00064381 0.02065100 0.02515757
v -0.10791005 0.12167752 0.01386638
v -0.11296139 0.12108325 0.01812534
v -0.00718079 0.01916531 0.02396903
v -0.10008546 0.12246988 0.01228166
v -0.01876910 0.01609492 0.02357274
v -0.02669275 0.03966777 0.02882225
v -0.08800190 0.12286607 0.01148929
v -0.03025839 0.01262834 0.02357274
v -0.03778586 0.03649827 0.02862416
v -0.07611647 0.12286607 0.01099406
v -0.08730858 0.14802364 0.01475779
v -0.07572028 0.14822163 0.01406448
v -0.03362591 0.05917974 0.03565630
v -0.08602102 0.16921938 0.01990816
v -0.07492791 0.16971461 0.01911580
v -0.02322612 0.06076444 0.03575545
v -0.00203039 -0.03273449 0.01446064
v -0.01827384 -0.02025481 0.01733297
v -0.00698267 -0.01698630 0.01733297
v -0.07819642 0.08760585 0.00762651
v -0.09018091 0.07076810 0.00653700
v -0.08988379 0.08740765 0.00802270
v 0.00500183 -0.01401496 0.01792724
v 0.01035030 -0.02936697 0.01505493
v -0.10226447 0.08681348 0.00911219
v -0.10295778 0.07037192 0.00762651
v -0.01381682 -0.03639919 0.01455969
v -0.07780023 0.07057001 0.00614073
v 0.01381687 -0.01213309 0.01961092
v 0.01985865 -0.02708896 0.01673860
v -0.11117857 0.08621921 0.01119215
v 0.01985865 -0.01104358 0.02396902
v 0.02639567 -0.02609846 0.02109670
v -0.11702229 0.08582302 0.01584730
v -0.11256520 0.06997564 0.00970647
v -0.11900317 0.06938146 0.01426247
v 0.01619400 -0.04452091 0.01218250
v -0.02382043 -0.00510080 0.02010624
v -0.01243019 -0.00183235 0.02000710
v -0.07720597 0.10384931 0.00901314
v -0.00054470 0.00133711 0.02060147
v -0.08899241 0.10365123 0.00950838
v -0.10137309 0.10325504 0.01049883
v 0.00797321 0.00321898 0.02208705
v 0.00589327 0.02124525 0.02911939
v 0.01332168 0.00411042 0.02644516
v -0.10999006 0.10266077 0.01238070
v -0.11514041 0.10236353 0.01693679
v 0.01381687 -0.03788489 0.10132354
v 0.01540163 -0.04778943 0.09666839
v -0.10067977 0.06809387 0.09439032
v 0.00886460 -0.04303522 0.10667200
v 0.00985510 -0.05224645 0.10171972
v -0.09453893 0.06512245 0.09973878
v -0.09949121 0.05769404 0.09032949
v -0.09265705 0.05541598 0.09528176
v 0.00084193 -0.04877988 0.11073282
v 0.00094100 -0.05709972 0.10518630
v -0.08503058 0.06215106 0.10370062
v -0.01035025 -0.05412834 0.11370421
v -0.01054831 -0.06225006 0.10786050
v -0.07264989 0.06036824 0.10617676
v -0.08255444 0.05363316 0.09855022
v -0.07007469 0.05224652 0.10092735
v -0.00896361 -0.16852596 0.04080676
v -0.00876549 -0.17159638 0.03872680
v -0.04293620 -0.05482165 0.04100475
v -0.04224288 -0.05789203 0.03912299
v -0.00292183 -0.16882310 0.04041058
v -0.04848279 -0.05680253 0.04090581
v -0.04828466 -0.06017011 0.03912299
v -0.00460559 -0.16278132 0.04328283
v -0.01005306 -0.16268227 0.04348089
v -0.04858179 -0.05036456 0.04338190
v -0.04343145 -0.04868081 0.04328283
v 0.00391233 -0.16882310 0.04001440
v -0.00222846 -0.17199255 0.03833062
v 0.00490277 -0.17189341 0.03793444
v -0.05511882 -0.05878347 0.04100475
v -0.05521787 -0.06225006 0.03912299
v 0.00232762 -0.16248418 0.04308470
v -0.05531688 -0.05214739 0.04348089
v -0.00866642 -0.17446869 0.03664685
v -0.00906261 -0.17714292 0.03337834
v -0.04154957 -0.06086343 0.03724112
v -0.04055912 -0.06363669 0.03407166
v -0.00173326 -0.17496392 0.03625066
v -0.04808660 -0.06333956 0.03734017
v -0.04759135 -0.06640995 0.03426976
v 0.00599227 -0.17466678 0.03595343
v -0.00143614 -0.17783623 0.03298216
v 0.00718084 -0.17714292 0.03268503
v -0.05551500 -0.06532045 0.03743911
v -0.05601020 -0.06829184 0.03446784
v -0.06730143 0.03491357 0.08656572
v -0.06462717 0.03293268 0.09696552
v -0.04442189 0.15951292 0.07022321
v -0.04551140 0.15743296 0.08082108
v -0.06244816 0.04154960 0.08844761
v -0.05066173 0.16466329 0.07200603
v -0.05165223 0.16288047 0.08280202
v -0.06373579 0.04382767 0.07715643
v -0.06839093 0.03768683 0.07557167
v -0.05115698 0.16644611 0.06051674
v -0.04501615 0.16179096 0.05903109
v -0.05571307 0.04699713 0.08993330
v -0.05977396 0.03976678 0.09914453
v -0.05313787 0.04521431 0.10063022
v -0.05848633 0.16812978 0.07349172
v -0.05947683 0.16644611 0.08448578
v -0.04610565 0.05155320 0.09042849
v -0.06858900 0.16991270 0.07438311
v -0.06858900 0.16862510 0.08527816
v -0.04749228 0.05373221 0.07923637
v -0.05700069 0.04917613 0.07854306
v -0.06918325 0.17149743 0.06289387
v -0.05898158 0.16971461 0.06190343
v -0.06076440 0.03134793 0.10776150
v -0.06195297 0.01896724 0.11033665
v -0.05670351 0.03025842 0.11558610
v -0.04353045 0.14445799 0.09478651
v -0.04798753 0.15574918 0.09161706
v -0.05085986 0.15416446 0.09973879
v -0.05571307 0.03778589 0.11013857
v -0.05422738 0.16070137 0.09399414
v -0.05670351 0.15852246 0.10241305
v -0.06541954 0.01936344 0.10320542
v -0.04095531 0.14534940 0.08745717
v -0.04996842 0.04254010 0.11162427
v -0.05175124 0.03590401 0.11816125
v -0.04650184 0.03966777 0.11964694
v -0.06076440 0.16387082 0.09567795
v -0.06244816 0.16089955 0.10409680
v -0.04273813 0.04640287 0.11211947
v -0.06898518 0.16585183 0.09647028
v -0.06918325 0.16208810 0.10488919
v -0.04501615 0.04957232 0.10122448
v -0.00995405 -0.17971801 0.02773274
v -0.01084543 -0.18120379 0.02099764
v -0.03907343 -0.06611282 0.02872321
v -0.03808299 -0.06789564 0.02198811
v -0.00143614 -0.18060951 0.02723752
v -0.04699709 -0.06957941 0.02872321
v -0.04650184 -0.07165942 0.02188906
v 0.00817128 -0.17961905 0.02703943
v -0.00163421 -0.18229328 0.02030423
v 0.00896366 -0.18120379 0.02010623
v -0.05650545 -0.07146129 0.02902034
v -0.05700069 -0.07373936 0.02228524
v -0.01262825 -0.17783623 0.00831981
v -0.01104355 -0.18120379 0.01396531
v -0.03788487 -0.06512238 0.00901313
v -0.00321896 -0.17852956 0.00792364
v -0.00183233 -0.18229328 0.01337113
v -0.04660090 -0.06858896 0.00921123
v -0.03818199 -0.06829184 0.01495578
v -0.04669991 -0.07215460 0.01505493
v 0.00807228 -0.17714292 0.00732936
v 0.00916173 -0.18120379 0.01307401
v -0.05779302 -0.07047085 0.00921123
v -0.05749589 -0.07433361 0.01525301
v -0.06759856 0.04551143 0.05249406
v -0.06611286 0.04818570 0.04189627
v -0.04897798 0.16733752 0.03565630
v -0.06304247 0.05165227 0.05289026
v -0.06135866 0.05402934 0.04249054
v -0.05511882 0.17179457 0.03585449
v -0.05165223 0.16852597 0.02495939
v -0.05789207 0.17288406 0.02545471
v -0.05809014 0.04917613 0.03397263
v -0.06343860 0.04362955 0.03298217
v -0.05987296 0.16654516 0.01743203
v -0.05313787 0.16278142 0.01654061
v -0.05640638 0.05680260 0.05368263
v -0.05531688 0.05898162 0.04328284
v -0.06294342 0.17496403 0.03664686
v -0.04749228 0.06125969 0.05437595
v -0.04689803 0.06284439 0.04387709
v -0.07274890 0.17664780 0.03763731
v -0.06502336 0.17585544 0.02624707
v -0.07413552 0.17714302 0.02713848
v -0.04442189 0.05650548 0.03526012
v -0.05214742 0.05333603 0.03476499
v -0.07492791 0.16971461 0.01911580
v -0.06670712 0.16892225 0.01832344
v -0.06848994 0.04184679 0.06418143
v -0.06383480 0.04788851 0.06487475
v -0.04660090 0.16496042 0.04734367
v -0.05284074 0.16941747 0.04803699
v -0.05709970 0.05333602 0.06596425
v -0.04759135 0.05769404 0.06665757
v -0.06086346 0.17268597 0.04912649
v -0.07116420 0.17427071 0.05011700
v -0.03729061 -0.11226803 0.00485322
v -0.04541234 -0.10018449 0.00950837
v -0.03867724 -0.09691603 0.00643786
v -0.02916889 0.01857105 0.00336755
v -0.03352691 0.00430850 0.00000000
v -0.03659730 0.01946244 0.00049522
v -0.02649463 -0.10850433 0.00465504
v -0.04501615 0.00470468 0.00009905
v -0.04689803 0.02065100 0.00099046
v -0.02233474 -0.12464878 0.00326839
v -0.03422022 -0.12781824 0.00396172
v -0.04422377 -0.01193496 0.00009905
v -0.03194215 -0.01153877 0.00029713
v -0.04501615 -0.11494230 0.00802269
v -0.02530612 0.00420943 0.00277328
v -0.02302805 -0.01094452 0.00307041
v -0.01342063 -0.10434444 0.00425895
v -0.02916889 -0.09285513 0.00663604
v -0.01718434 -0.08849712 0.00653700
v -0.05868446 0.00490275 0.00019810
v -0.05967489 0.02124526 0.00128759
v -0.00876549 -0.12048882 0.00267423
v -0.05848633 -0.01193496 0.00000000
v -0.03738967 -0.08235634 0.00851791
v -0.04085625 -0.06938134 0.01436160
v -0.03471541 -0.06601376 0.01119214
v -0.04234194 0.04689806 0.00653700
v -0.04204482 0.03313075 0.00168378
v -0.04937417 0.04818570 0.00346660
v -0.02897077 -0.07780019 0.00891400
v -0.05135505 0.03511163 0.00227804
v -0.05759495 0.05036470 0.00406087
v -0.04392664 -0.08582291 0.01158832
v -0.03471541 0.03194219 0.00465504
v -0.01896716 -0.07324410 0.00901313
v -0.02738607 -0.06155674 0.01168736
v -0.01956147 -0.05719872 0.01178632
v -0.06234910 0.03659733 0.00267423
v -0.06631092 0.05224652 0.00435790
v -0.01470820 -0.09255801 0.08448577
v -0.01193493 -0.10513676 0.07576979
v -0.05799114 0.02273095 0.07933538
v -0.02263186 -0.09483602 0.08369339
v -0.01985860 -0.10711771 0.07507642
v -0.04977035 0.02283001 0.07824593
v -0.05729782 0.00926076 0.07160984
v -0.04907704 0.00965695 0.07061940
v -0.00916168 -0.11712131 0.06685568
v -0.05680257 -0.00361517 0.06368618
v -0.04828466 -0.00282280 0.06249767
v -0.02807939 -0.09701503 0.08240582
v -0.02570231 -0.10870240 0.07359078
v -0.04392664 0.02223576 0.07676023
v -0.04323333 0.00965695 0.06893563
v -0.02362230 -0.12029077 0.06467668
v -0.04204482 -0.00262472 0.06081391
v -0.01758053 -0.11870600 0.06606331
v -0.02005666 -0.07512599 0.10063022
v -0.01758053 -0.08285153 0.09250849
v -0.05739682 0.04214392 0.09399413
v -0.02897077 -0.07770119 0.09993690
v -0.02590038 -0.08602098 0.09201324
v -0.04808660 0.04224291 0.09300368
v -0.05769401 0.03352693 0.08656572
v -0.04897798 0.03283362 0.08577334
v -0.03491354 -0.07908783 0.09765883
v -0.03154596 -0.08780380 0.09042848
v -0.04224288 0.04244104 0.09052756
v -0.04303526 0.03263549 0.08399058
v -0.02451374 -0.16921927 0.00802269
v -0.02372137 -0.15693762 0.00455609
v -0.01748153 -0.16931832 0.00554653
v -0.02897077 -0.05343501 0.00752735
v -0.03342784 -0.04234190 0.00326839
v -0.02550419 -0.04095527 0.00564559
v -0.01272732 -0.15485767 0.00386276
v -0.00737885 -0.16862500 0.00505121
v -0.04461996 -0.04353047 0.00307040
v -0.03580492 -0.05581209 0.00544751
v -0.04561046 -0.05809016 0.00544751
v -0.01262825 -0.17783623 0.00831981
v -0.03788487 -0.06512238 0.00901313
v -0.04660090 -0.06858896 0.00921123
v -0.01886815 -0.17516202 0.00990454
v -0.03263546 -0.06066530 0.01010264
v 0.00034668 -0.15178726 0.00316945
v 0.00460564 -0.16634696 0.00445704
v -0.05799114 -0.04442185 0.00297136
v 0.01886820 -0.17417156 0.00693318
v 0.00807228 -0.17714292 0.00732936
v -0.05779302 -0.05947679 0.00534836
v -0.05779302 -0.07047085 0.00921123
v -0.00321896 -0.17852956 0.00792364
v -0.03778586 -0.14475502 0.00693318
v -0.02926790 -0.14287316 0.00396172
v -0.02352330 -0.02639564 0.00415991
v -0.01758053 -0.14019893 0.00307040
v -0.03223928 -0.02728702 0.00148557
v -0.04432283 -0.02817840 0.00108940
v -0.03154596 -0.15812617 0.00732936
v -0.00401128 -0.13633615 0.00247613
v -0.05838733 -0.02847559 0.00099046
v -0.00084182 -0.15020253 0.04793797
v -0.00430847 -0.13683138 0.05378163
v -0.05571307 -0.03907339 0.04744273
v -0.05601020 -0.02481089 0.05219693
v -0.00787411 -0.15109394 0.04793797
v -0.04868085 -0.03788489 0.04704653
v -0.04858179 -0.02411757 0.05160262
v -0.01332157 -0.15188631 0.04764084
v -0.01173687 -0.13821802 0.05348450
v -0.01748153 -0.13980275 0.05269212
v -0.04333239 -0.03709251 0.04655135
v -0.04273813 -0.02391945 0.05051318
v -0.00678460 -0.12662967 0.05962534
v -0.05650545 -0.01401496 0.05724827
v -0.01480727 -0.12831342 0.05913009
v -0.04828466 -0.01332165 0.05635683
v -0.02065097 -0.12999724 0.05794158
v -0.04234194 -0.01322259 0.05497020
v -0.05719876 0.02689090 0.02684134
v -0.06522142 0.03600307 0.03377453
v -0.06343860 0.04362955 0.03298217
v -0.04917610 0.15604623 0.01772915
v -0.05442550 0.14455704 0.01178633
v -0.05313787 0.16278142 0.01654061
v -0.05135505 0.03055555 0.02753466
v -0.06096247 0.14633986 0.01257878
v -0.05987296 0.16654516 0.01743203
v -0.04323333 0.00797319 0.02297857
v -0.04927510 0.00619037 0.02278047
v -0.06234910 0.12217274 0.01000351
v -0.05610925 0.12217274 0.00950838
v -0.06165578 0.02362239 0.02911939
v -0.04907704 0.14287327 0.01406448
v -0.05026555 0.12207371 0.01208356
v -0.04551140 0.03362600 0.02812884
v -0.05809014 0.04917613 0.03397263
v -0.05214742 0.05333603 0.03476499
v -0.06749949 0.14762745 0.01337115
v -0.06670712 0.16892225 0.01832344
v -0.03768680 0.01005315 0.02327570
v -0.06829188 0.12256893 0.01049884
v -0.03342784 -0.04620467 0.01455969
v -0.04115338 -0.02887178 0.02089861
v -0.03550779 -0.02669277 0.01782810
v -0.05363312 0.08631816 0.01039968
v -0.05620832 0.06690528 0.00564559
v -0.05977396 0.08641730 0.00752736
v -0.02758413 -0.04323334 0.01495578
v -0.06264629 0.06809387 0.00614073
v -0.06532049 0.08651635 0.00792365
v -0.03917249 -0.04907700 0.01772914
v -0.04977035 0.06611290 0.00861686
v -0.02174049 -0.03996483 0.01485683
v -0.03025839 -0.02500895 0.01802629
v -0.02520706 -0.02292901 0.01772914
v -0.06918325 0.06957955 0.00614073
v -0.07076800 0.08711062 0.00782460
v -0.04719516 -0.01223208 0.02307761
v -0.04154957 -0.01044932 0.02020529
v -0.05274173 0.10404740 0.01119215
v -0.03590398 -0.00926076 0.02030424
v -0.05868446 0.10384931 0.00851792
v -0.06442911 0.10335409 0.00881506
v -0.03085265 -0.00757700 0.02020529
v -0.06977757 0.10355218 0.00891400
v -0.02253280 -0.05818916 0.11588322
v -0.02263186 -0.06621189 0.10914813
v -0.05977396 0.05997211 0.10776150
v -0.03362591 -0.05997199 0.11489279
v -0.03233834 -0.06858897 0.10815769
v -0.04897798 0.06116062 0.10617676
v -0.05739682 0.05204846 0.10171972
v -0.04749228 0.05244464 0.10033309
v -0.04164863 -0.06017011 0.10895000
v -0.03867724 -0.06928229 0.10429486
v -0.04095531 0.06314157 0.10003591
v -0.04125244 0.05333602 0.09617314
v 0.00995410 0.03006036 0.09567794
v -0.11632897 0.13564294 0.08468390
v 0.00856747 0.02817847 0.10013497
v -0.11434802 0.13445438 0.08933899
v 0.01540163 0.00727988 0.09042849
v -0.11603185 0.11098059 0.08082107
v -0.11405089 0.11038632 0.08359440
v 0.01807583 -0.01114264 0.09082468
v 0.01381687 0.00589318 0.09300368
v 0.01668919 -0.01223209 0.09330081
v -0.11306046 0.09166661 0.08240583
v -0.11137669 0.09127053 0.08488196
v 0.02075009 -0.02550421 0.08587240
v -0.06284435 -0.00024760 0.10053115
v -0.06571667 0.00004953 0.09528176
v -0.03808299 0.12563933 0.08616954
v -0.03570586 0.12643171 0.08101920
v -0.06225010 -0.02075000 0.09023043
v -0.03342784 0.10523595 0.07735449
v -0.05957584 -0.02075000 0.09349894
v -0.03580492 0.10464169 0.08082107
v -0.05690164 -0.03768676 0.09201325
v -0.03362591 0.08760584 0.08072207
v -0.05412837 -0.03838008 0.09508363
v -0.03590398 0.08641730 0.08389153
v -0.05194936 -0.03729058 0.09666839
v -0.03768680 0.10474072 0.08270296
v -0.04679897 -0.05016650 0.10300729
v -0.03917249 0.07373947 0.09310275
v -0.04590759 -0.04798749 0.09973878
v -0.05105792 -0.03530969 0.09389512
v -0.04075719 0.07532410 0.08983424
v -0.03828105 0.08691253 0.08557528
v -0.03976675 0.08839820 0.08280201
v -0.05769401 -0.02015575 0.09528176
v -0.03937056 0.10543405 0.07992970
v -0.06056633 -0.00024760 0.10271017
v -0.04016294 0.12504506 0.08854667
v -0.05898158 -0.00024759 0.09934259
v -0.04184669 0.12454984 0.08537722
v -0.05838733 0.01748155 0.10895001
v -0.05947683 0.01827392 0.11271378
v -0.04650184 0.14188281 0.09379607
v -0.04531327 0.14317039 0.09736172
v 0.01441118 -0.02619752 0.09785690
v 0.01480737 -0.01243022 0.09468745
v -0.10493873 0.07888974 0.09023043
v 0.01213312 0.00529893 0.09439032
v -0.11226807 0.11028727 0.08488196
v 0.01302456 -0.01213309 0.09260750
v -0.10791005 0.09236003 0.08399058
v -0.10999006 0.11028727 0.08240583
v 0.01272737 -0.02550421 0.09557889
v -0.10355209 0.07978124 0.08775429
v -0.10949482 0.09176576 0.08636765
v 0.00698277 0.02669278 0.10201685
v -0.11236713 0.13346393 0.09122087
v -0.00539797 0.04234197 0.11202046
v -0.10355209 0.15257973 0.09963978
v -0.00648747 0.04125247 0.10875195
v 0.00529895 0.02560327 0.09944165
v -0.10236353 0.15158927 0.09666840
v -0.11048525 0.13277061 0.08854667
v -0.03293259 -0.05541591 0.11687367
v -0.02213667 -0.05333596 0.11766604
v -0.05085986 0.06541958 0.10786051
v -0.01005306 -0.05006744 0.11568510
v -0.06165578 0.06452820 0.10924714
v -0.07403653 0.06433007 0.10795957
v -0.01104355 -0.05135507 0.11172333
v -0.02233474 -0.05383121 0.11310996
v -0.07284796 0.06304250 0.10399774
v -0.06145771 0.06383489 0.10479012
v -0.05125604 0.06581577 0.10271017
v -0.04105432 -0.05521784 0.11093096
v -0.04313426 0.06769766 0.10152160
v -0.03273453 -0.05472259 0.11172333
v -0.04026200 -0.05373214 0.10627581
v -0.04422377 0.06878718 0.09696552
v -0.04442189 0.03748876 0.12202401
v -0.04046006 0.04254010 0.12014219
v -0.06373579 0.15832437 0.10667201
v -0.04937417 0.03422025 0.12053838
v -0.05828826 0.15634345 0.10498819
v -0.04452095 0.03709258 0.11816125
v -0.06393385 0.15773010 0.10290824
v -0.05858539 0.15565014 0.10122448
v -0.03877630 0.03956871 0.11855743
v -0.03867724 0.03996490 0.12232120
v -0.07007469 0.15872054 0.10360155
v -0.06987656 0.15931483 0.10736532
v -0.05422738 0.02897085 0.11786412
v -0.05254361 0.15238164 0.10231398
v -0.05383118 0.02827753 0.11400135
v -0.05323693 0.15139118 0.09855022
v -0.04937417 0.03372500 0.11667561
v 0.00024768 -0.04442185 0.11251565
v 0.00777509 -0.03927152 0.10845482
v -0.08572389 0.06660815 0.10518631
v -0.09463799 0.06918337 0.10132354
v 0.00559614 -0.03996484 0.10488918
v -0.00163421 -0.04561042 0.10875194
v -0.09245898 0.06888614 0.09765884
v -0.08374294 0.06571671 0.10132354
v 0.01223217 -0.03382400 0.10280917
v -0.10048165 0.07264996 0.09567795
v 0.01035030 -0.03412112 0.10013497
v -0.09869883 0.07255092 0.09280562
v -0.02164142 0.04471905 0.11954793
v -0.03065458 0.04244104 0.12142976
v -0.08720958 0.15971100 0.10587963
v -0.03867724 0.03996490 0.12232120
v -0.06987656 0.15931483 0.10736532
v -0.03877630 0.03956871 0.11855743
v -0.03085265 0.04204484 0.11776505
v -0.07007469 0.15872054 0.10360155
v -0.07819642 0.15981005 0.10706820
v -0.07819642 0.15911673 0.10340349
v -0.08661527 0.15901768 0.10231398
v -0.01480727 0.04580856 0.11726987
v -0.09453893 0.15891855 0.10409680
v -0.02233474 0.04402573 0.11598229
v -0.01520345 0.04491717 0.11360516
v -0.09374655 0.15802723 0.10072923
v -0.01758053 0.04640287 0.10409680
v -0.09265705 0.15931483 0.09082469
v -0.02411756 0.04561049 0.10607769
v -0.08562483 0.16040433 0.09231038
v -0.02639563 0.04798756 0.09300368
v -0.02035385 0.04858187 0.09141900
v -0.08483245 0.16218715 0.07864206
v -0.09136948 0.16109765 0.07735449
v -0.00886454 0.04224291 0.09954072
v -0.10097690 0.15248058 0.08696191
v -0.09780745 0.15426351 0.07339267
v -0.03283353 0.04382767 0.10766245
v -0.02233474 0.04402573 0.11598229
v -0.03085265 0.04204484 0.11776505
v -0.08661527 0.15901768 0.10231398
v -0.07740404 0.16060241 0.09310276
v -0.07819642 0.15911673 0.10340349
v -0.03877630 0.03956871 0.11855743
v -0.04075719 0.04154960 0.10825670
v -0.07007469 0.15872054 0.10360155
v -0.06967850 0.16030518 0.09310276
v -0.04204482 0.04462004 0.09448938
v -0.03451735 0.04660093 0.09419225
v -0.07720597 0.16258333 0.07933539
v -0.07007469 0.16258333 0.07913732
v -0.02411756 0.04561049 0.10607769
v -0.08562483 0.16040433 0.09231038
v -0.08483245 0.16218715 0.07864206
v 0.00510089 -0.04491711 0.09468745
v 0.00955791 -0.03590394 0.09082468
v -0.09047804 0.06324058 0.08765523
v 0.01223217 -0.02510802 0.08725904
v -0.09751031 0.07027287 0.08339627
v -0.10335397 0.07948411 0.07933538
v 0.01005317 -0.03729057 0.07685930
v -0.09810458 0.06769766 0.06962895
v -0.10434442 0.08077170 0.06616238
v 0.00519996 -0.04996844 0.07903825
v -0.08968573 0.05729785 0.07240222
v -0.00193133 -0.05224645 0.09805502
v -0.08156394 0.05858542 0.09102280
v -0.00193133 -0.05917967 0.08220769
v -0.07997924 0.05076083 0.07567074
v -0.01134068 -0.05809017 0.10043210
v -0.07076800 0.05601029 0.09320182
v -0.06928231 0.04798756 0.07765161
v -0.05046367 0.03570594 0.10607769
v -0.05442550 0.02926798 0.10320542
v -0.05908064 0.15693774 0.09052756
v -0.05779302 0.01787773 0.09785690
v -0.05393025 0.15168832 0.08775430
v -0.04828466 0.14138757 0.08290102
v -0.05353406 0.03214030 0.08894286
v -0.05650545 0.15317400 0.07349172
v -0.05125604 0.14247708 0.06863851
v -0.05095885 0.03897446 0.09201325
v -0.06066534 0.15921578 0.07636406
v -0.04075719 0.04154960 0.10825670
v -0.04620471 0.03907346 0.10766245
v -0.06967850 0.16030518 0.09310276
v -0.06383480 0.15941387 0.09221132
v -0.04719516 0.04263910 0.09379607
v -0.06502336 0.16189001 0.07814688
v -0.04204482 0.04462004 0.09448938
v -0.07007469 0.16258333 0.07913732
v -0.04046006 -0.05303884 0.09419225
v -0.04461996 0.06858910 0.08498103
v -0.03293259 -0.05759491 0.09835215
v -0.05046367 0.06234919 0.08983424
v -0.03273453 -0.06046724 0.08072206
v -0.04135150 -0.05165220 0.07784974
v -0.05026555 0.05828830 0.07250128
v -0.04481808 0.06898528 0.06863851
v -0.04669991 -0.04491711 0.08914092
v -0.04135150 0.07770129 0.07893924
v -0.04135150 0.08146502 0.06408237
v -0.02263186 -0.05947680 0.10043210
v -0.05967489 0.05779311 0.09260750
v -0.01134068 -0.06512238 0.08438671
v -0.02233474 -0.06492432 0.08339626
v -0.05878345 0.05125608 0.07606693
v 0.00222857 0.02580140 0.09042849
v 0.00985510 0.00480374 0.09201325
v -0.10800912 0.13296860 0.07903826
v -0.01361870 0.04422386 0.08686285
v -0.00282277 0.02887179 0.07715643
v -0.10493873 0.13534580 0.06517188
v 0.00688371 0.00609131 0.08270296
v -0.10781105 0.11147583 0.07260028
v -0.10632536 0.11434814 0.05843678
v 0.01223217 -0.02510802 0.08725904
v 0.01074648 -0.01114264 0.08359439
v -0.10335397 0.07948411 0.07933538
v -0.10652343 0.09335048 0.07468029
v 0.00906272 -0.00737887 0.06992608
v -0.10632536 0.09622280 0.06071486
v 0.01203405 -0.02283001 0.07428410
v -0.10434442 0.08077170 0.06616238
v -0.05799114 0.00163423 0.08864567
v -0.05650545 -0.01886818 0.09250849
v -0.05620832 -0.01559966 0.08191057
v -0.04392664 0.12524316 0.07477930
v -0.04105432 0.10781114 0.06933183
v -0.05670351 0.00559606 0.07448217
v -0.04689803 0.12771929 0.06061579
v -0.04303526 0.11147583 0.05516826
v -0.05620832 0.02055194 0.08339626
v -0.05194936 -0.03154595 0.08349533
v -0.04036100 0.09146862 0.07220416
v -0.04858179 -0.04036102 0.07448217
v -0.05293980 -0.02619752 0.06952989
v -0.04145051 0.09592568 0.05804060
v -0.00163421 0.02798035 0.11251565
v -0.01540152 0.03620114 0.09389512
v -0.01569871 0.03778589 0.11172333
v 0.00133713 0.03006035 0.13262193
v -0.01223206 0.04036109 0.13608851
v -0.02431562 0.04125247 0.13668276
v -0.00668554 0.04452099 0.16134512
v -0.02362230 -0.03402206 0.14173409
v -0.02035385 -0.04095528 0.11756699
v -0.01629296 -0.03511157 0.14074365
v -0.00896361 -0.03540875 0.11885461
v 0.00282282 -0.02748509 0.13668276
v -0.00658647 -0.03223924 0.13915889
v -0.02253280 -0.05303884 0.09954072
v -0.03065458 -0.04125240 0.11578417
v -0.03243740 -0.05501972 0.09666839
v -0.04432283 -0.03521063 0.09042849
v -0.03610204 -0.03620107 0.11499178
v -0.04075719 -0.02807941 0.11568510
v -0.04521427 -0.01807580 0.11964694
v -0.03540873 -0.02431564 0.14470548
v -0.04085625 -0.01579773 0.14648830
v -0.04323333 0.03600307 0.12103357
v -0.02431562 0.04125247 0.13668276
v -0.02956508 0.04263910 0.11202046
v -0.05254361 0.01847199 0.12578777
v -0.04709609 0.03095173 0.14470548
v -0.04858179 0.03006035 0.12341070
v -0.04224288 0.03729064 0.13935702
v -0.04263907 0.03976678 0.09884740
v -0.03204121 0.04273817 0.09617314
v -0.05511882 0.01530254 0.10449299
v -0.05145411 0.02916892 0.10132354
v -0.04788847 -0.02183950 0.09518269
v -0.03204121 0.04273817 0.09617314
v -0.02956508 0.04263910 0.11202046
v -0.00153514 -0.04362948 0.10023402
v -0.00024757 -0.03035742 0.11677460
v -0.02976314 -0.03035742 0.14302172
v -0.01233113 -0.04749230 0.10122447
v -0.05026555 -0.01153878 0.09934259
v -0.04907704 -0.00698269 0.12281639
v -0.04551140 -0.00599225 0.14837012
v -0.05333599 0.00153523 0.10201685
v -0.05175124 0.00559605 0.12529252
v -0.04065813 -0.04759131 0.09320181
v 0.00569514 -0.02094813 0.11410041
v 0.01005317 -0.01758056 0.13390949
v 0.00371426 -0.02887178 0.09656933
v -0.04947323 0.01837299 0.14698349
v 0.00054480 0.00807219 0.09221131
v 0.00866653 -0.00599225 0.11192139
v 0.00480376 -0.01064740 0.09280562
v 0.01431212 -0.00371418 0.13123530
v -0.00321896 0.02451377 0.09330081
v 0.00579421 0.01213309 0.11053477
v -0.03015934 -0.06215100 0.08953711
v -0.01985860 -0.06264625 0.08775429
v -0.00886454 -0.05947680 0.08904186
v -0.03927150 -0.05759491 0.08478290
v -0.04630378 -0.04026196 0.07804780
v 0.00678464 -0.04065815 0.07973157
v 0.00133713 -0.05729778 0.08527815
v 0.00302094 0.00668556 0.07844400
v -0.00123802 0.02362239 0.07992969
v -0.01282637 0.03699352 0.08151439
v -0.04927510 -0.02619752 0.08191057
v -0.05204836 -0.01559966 0.08616953
v -0.05482169 -0.00232754 0.08815048
v -0.05531688 0.01342065 0.09072562
v -0.05185029 0.02887179 0.08706097
v -0.03045646 0.04640287 0.07992969
v -0.04471902 0.04283722 0.08597147
v 0.00609133 -0.01342065 0.07765161
v -0.03045646 0.04640287 0.07992969
v -0.03649823 0.04234197 0.16788214
v -0.04412477 0.03253649 0.17055634
v -0.01183588 0.03887540 0.06784614
v -0.05660451 -0.00292185 0.07309554
v -0.05402931 -0.01510442 0.07141177
v -0.05680257 0.01044933 0.07755262
v 0.00460564 0.00896363 0.06388430
v 0.00014862 0.02629658 0.06695470
v -0.05898158 0.03105080 0.07567074
v -0.04135150 -0.05729778 0.06834132
v -0.01827384 -0.07235273 0.07676023
v -0.00688360 -0.07096610 0.07329366
v -0.05115698 0.04511524 0.07240222
v -0.05056273 -0.02431564 0.06507286
v -0.04798753 -0.03540875 0.06259673
v -0.02570231 0.04452099 0.06368618
v -0.03065458 -0.07215461 0.07874112
v 0.00827034 -0.04154953 0.06319099
v 0.00688371 -0.01361878 0.06160623
v 0.00292188 -0.06254719 0.07131271
v -0.10355209 0.13762385 0.10132355
v -0.09344943 0.14772649 0.08101920
v -0.10226447 0.13336490 0.08181158
v -0.10553299 0.14019903 0.12152882
v -0.09226086 0.15079691 0.09884741
v -0.09929314 0.15842341 0.14886538
v -0.08285156 0.15812627 0.12291546
v -0.09473706 0.15406541 0.12331165
v -0.06680618 0.07591847 0.10845482
v -0.06393385 0.08493151 0.13173050
v -0.07096608 0.08205919 0.13153243
v -0.07908786 0.07829556 0.11033665
v -0.09166661 0.08423829 0.12875916
v -0.08919047 0.08067256 0.10865288
v -0.06165578 0.06393389 0.09131993
v -0.05719876 0.07809747 0.10597868
v -0.05323693 0.08433734 0.10439393
v -0.04630378 0.08631815 0.07973157
v -0.05085986 0.09335048 0.10419586
v -0.05472262 0.09751040 0.13321618
v -0.04877991 0.10454264 0.10726626
v -0.05145411 0.10731590 0.13400856
v -0.06452810 0.15654155 0.10587963
v -0.08285156 0.15812627 0.12291546
v -0.06423098 0.15881959 0.12420303
v -0.05085986 0.14227898 0.11073283
v -0.05749589 0.15436254 0.12935342
v -0.05185029 0.14287326 0.13212668
v -0.05769401 0.15228259 0.10815770
v -0.06829188 0.15832437 0.08369340
v -0.07968211 0.15901768 0.09775791
v -0.04957223 0.13861431 0.08963618
v -0.05680257 0.15059882 0.08607053
v -0.04669991 0.10028368 0.08329721
v -0.07849355 0.15852246 0.08171252
v -0.08443626 0.06690527 0.09270656
v -0.07294702 0.06641002 0.09330081
v -0.05878345 0.09018102 0.13232480
v -0.04699709 0.11107964 0.08656573
v -0.04769041 0.11642810 0.10944527
v -0.04759135 0.12464889 0.08815049
v -0.04828466 0.12960116 0.11103002
v -0.04927510 0.11821092 0.13499901
v -0.04620471 0.07373947 0.08359440
v -0.05175124 0.06452820 0.08805142
v -0.09760932 0.08790298 0.10597869
v -0.10137309 0.09176576 0.12608490
v -0.09414274 0.07938506 0.08854667
v -0.10176927 0.11593288 0.08181158
v -0.10464161 0.10137317 0.10320542
v -0.10682062 0.11989469 0.10063022
v -0.10058071 0.09622280 0.08369339
v -0.05204836 0.05660455 0.08151439
v -0.06175484 0.05303890 0.08032589
v -0.07314509 0.05303890 0.08210870
v -0.04481808 0.06314157 0.07596786
v -0.04343145 0.08116788 0.06764802
v -0.09394467 0.06571671 0.07250128
v -0.10434442 0.11276341 0.06814327
v -0.10147209 0.09196385 0.06863851
v -0.10464161 0.13069066 0.06844039
v -0.09701507 0.14643891 0.06844039
v -0.04461996 0.09562854 0.07042134
v -0.04481808 0.10691973 0.07368979
v -0.04590759 0.12048887 0.07468029
v -0.04967129 0.13584103 0.07626499
v -0.08205919 0.16020624 0.06527094
v -0.05729782 0.14941027 0.07190698
v -0.06779662 0.16080051 0.07042134
v -0.07849355 0.15852246 0.08171252
v -0.06898518 0.16436614 0.15272815
v -0.05878345 0.15693773 0.15520428
v -0.08503058 0.16565374 0.15035108
v -0.09959027 0.14624081 0.05457401
v -0.04461996 0.11939947 0.05972442
v -0.04808660 0.13257243 0.06329005
v -0.10761293 0.13098779 0.05526734
v -0.05185029 0.15267877 0.06012061
v -0.10691961 0.11266428 0.05348451
v -0.04343145 0.06284439 0.05942722
v -0.06076440 0.04254010 0.07012415
v -0.06324054 0.16367283 0.05645590
v -0.08205919 0.16020624 0.06527094
v -0.04442189 0.09671804 0.05348451
v -0.08790289 0.15535291 0.04932462
v -0.04887891 0.04640287 0.07141177
v -0.04362952 0.10691973 0.05893204
v -0.09562844 0.06314158 0.05615877
v -0.08413914 0.04531336 0.06536999
v -0.08364395 0.05185033 0.07884019
v -0.07225371 0.04026203 0.06725182
v 0.04234200 -0.15089585 0.00901313
v 0.01985865 -0.01104358 0.02396902
v -0.04501615 0.04957232 0.10122448
v -0.04749228 0.05373221 0.07923637
v -0.04046006 0.04254010 0.12014219
v -0.04442189 0.05650548 0.03526012
v -0.04283714 -0.13009628 0.00713117
v -0.05462356 0.00420943 0.02555375
v -0.02639563 0.04798756 0.09300368
v 0.01203405 -0.02283001 0.07428410
v 0.00381332 0.01005314 0.06903470
v -0.05610925 -0.01074645 0.06784614
v -0.02174049 0.04769043 0.16431650
v -0.04877991 0.00648749 0.14846919
v -0.02174049 0.04769043 0.16431650
v -0.02570231 0.04452099 0.06368618
v -0.08503058 0.16565374 0.15035108
v -0.08116781 0.08215834 0.13064099
v -0.07968211 0.15901768 0.09775791
v -0.04937417 0.13118578 0.13410762
v -0.10919769 0.10394835 0.12311358
v -0.10285879 0.09028007 0.05279119
v -0.04372858 0.08522875 0.05189981
v -0.08790289 0.15535291 0.04932462
f 1 2 3
f 4 5 6
f 3 7 8
f 9 10 11
f 8 12 3
f 11 13 14
f 3 15 1
f 16 10 4
f 8 17 18
f 11 19 9
f 18 20 21
f 22 23 24
f 21 25 18
f 24 26 27
f 18 28 8
f 14 23 11
f 29 30 31
f 32 33 34
f 31 35 36
f 37 38 39
f 36 2 31
f 39 5 9
f 31 40 29
f 6 38 32
f 36 41 42
f 39 43 37
f 42 44 45
f 46 47 48
f 45 17 42
f 48 19 22
f 42 7 36
f 9 47 39
f 49 50 51
f 52 53 54
f 51 55 49
f 54 56 57
f 49 58 59
f 60 53 61
f 59 62 49
f 61 63 64
f 65 66 67
f 57 68 69
f 67 70 65
f 69 71 72
f 65 73 74
f 75 68 76
f 74 55 65
f 76 56 60
f 77 78 79
f 80 81 82
f 79 83 77
f 82 84 85
f 77 66 51
f 57 81 54
f 51 86 77
f 54 87 52
f 88 89 90
f 85 91 92
f 90 93 88
f 92 94 95
f 88 96 67
f 72 91 69
f 67 83 88
f 69 84 57
f 97 98 99
f 100 101 102
f 99 103 104
f 105 106 107
f 104 30 99
f 107 33 37
f 99 108 97
f 34 106 100
f 104 109 110
f 107 111 105
f 109 112 110
f 111 113 114
f 112 41 110
f 113 43 46
f 110 35 104
f 37 115 107
f 116 117 118
f 119 120 121
f 118 122 123
f 124 125 126
f 123 98 118
f 126 101 105
f 118 127 116
f 102 125 119
f 123 128 129
f 126 130 124
f 128 131 129
f 130 132 133
f 129 134 109
f 114 135 111
f 129 103 123
f 105 135 126
f 136 137 138
f 139 140 141
f 137 142 138
f 140 143 144
f 138 89 79
f 85 145 82
f 79 136 138
f 82 139 80
f 146 147 148
f 144 149 150
f 148 151 146
f 150 152 153
f 146 154 90
f 95 149 92
f 90 142 146
f 92 143 85
f 155 156 157
f 158 159 160
f 157 161 162
f 163 164 165
f 157 147 137
f 144 164 140
f 157 166 155
f 141 164 158
f 162 167 168
f 165 169 163
f 168 170 171
f 172 173 174
f 168 175 148
f 153 173 150
f 148 162 168
f 150 165 144
f 176 177 178
f 179 180 181
f 178 182 183
f 184 185 186
f 183 187 178
f 186 188 189
f 178 190 176
f 191 185 179
f 183 192 193
f 186 194 184
f 193 40 1
f 6 195 4
f 1 196 193
f 4 197 16
f 193 198 183
f 189 195 186
f 199 200 201
f 202 203 204
f 201 205 206
f 207 208 209
f 206 177 201
f 209 180 184
f 201 210 199
f 181 208 202
f 206 211 212
f 209 213 207
f 212 108 29
f 34 214 32
f 29 192 212
f 32 194 6
f 212 182 206
f 184 214 209
f 215 96 216
f 72 217 218
f 216 219 215
f 218 220 221
f 215 222 223
f 224 217 225
f 223 70 215
f 225 71 75
f 226 227 228
f 221 229 230
f 228 231 226
f 230 232 233
f 226 234 235
f 236 229 237
f 235 219 226
f 237 220 224
f 238 154 239
f 95 240 241
f 239 242 238
f 241 243 244
f 238 227 216
f 221 240 218
f 216 93 238
f 218 94 72
f 245 246 247
f 244 248 249
f 247 250 245
f 249 251 252
f 245 253 228
f 233 248 230
f 228 242 245
f 230 243 221
f 254 255 256
f 257 258 259
f 254 260 261
f 262 258 263
f 261 200 254
f 263 203 207
f 254 264 265
f 204 258 266
f 261 267 268
f 263 269 262
f 268 127 97
f 102 270 100
f 97 211 268
f 100 213 34
f 268 205 261
f 207 270 263
f 271 272 273
f 274 275 276
f 273 277 278
f 279 280 281
f 278 256 273
f 281 259 262
f 273 255 271
f 257 280 274
f 278 282 283
f 281 284 279
f 283 285 116
f 121 286 119
f 116 267 283
f 119 269 102
f 283 260 278
f 262 286 281
f 287 175 288
f 153 289 290
f 288 291 287
f 290 292 293
f 287 246 239
f 244 289 241
f 239 151 287
f 241 152 95
f 294 295 296
f 293 297 298
f 296 299 294
f 298 300 301
f 294 302 247
f 252 297 249
f 247 291 294
f 249 292 244
f 303 170 304
f 172 305 306
f 304 307 303
f 306 308 309
f 303 295 288
f 293 305 290
f 288 171 303
f 290 174 153
f 310 311 312
f 309 313 314
f 310 315 316
f 317 313 318
f 310 319 296
f 301 313 298
f 296 307 310
f 298 308 293
f 320 321 322
f 323 324 325
f 322 326 320
f 325 327 328
f 320 329 330
f 327 331 332
f 330 333 320
f 331 334 335
f 336 337 338
f 339 340 341
f 338 342 343
f 344 345 346
f 343 347 338
f 346 348 349
f 338 350 336
f 351 345 339
f 352 353 354
f 355 356 357
f 352 358 359
f 360 356 361
f 352 362 363
f 364 356 365
f 363 366 352
f 365 367 368
f 369 370 322
f 328 371 325
f 322 372 369
f 325 373 323
f 369 374 363
f 368 371 365
f 363 375 369
f 365 376 364
f 377 378 379
f 380 381 382
f 379 383 384
f 385 386 387
f 384 337 379
f 387 340 344
f 379 388 377
f 341 386 380
f 389 390 391
f 392 393 394
f 389 395 396
f 397 393 398
f 396 378 389
f 398 381 385
f 389 399 400
f 382 393 401
f 21 402 403
f 24 404 22
f 402 405 403
f 404 406 407
f 403 408 409
f 410 411 412
f 403 413 21
f 27 411 24
f 45 414 415
f 48 416 46
f 415 417 418
f 419 420 421
f 418 402 415
f 421 404 407
f 415 20 45
f 22 420 48
f 422 417 423
f 419 424 425
f 423 333 422
f 425 334 323
f 422 426 427
f 335 424 428
f 427 418 422
f 428 421 407
f 429 430 431
f 432 433 434
f 430 62 431
f 433 63 52
f 431 435 436
f 64 437 438
f 431 439 429
f 440 437 432
f 343 441 442
f 346 443 344
f 442 444 445
f 446 447 448
f 445 449 442
f 448 450 434
f 442 451 343
f 349 447 346
f 445 452 453
f 448 454 446
f 452 86 453
f 454 87 80
f 453 50 430
f 52 455 433
f 453 456 445
f 434 455 448
f 457 374 458
f 368 459 460
f 458 461 457
f 460 462 463
f 461 464 457
f 462 465 466
f 457 353 366
f 355 459 367
f 467 468 469
f 463 470 471
f 469 131 467
f 471 132 114
f 467 472 473
f 133 470 474
f 473 461 467
f 474 462 466
f 475 321 423
f 323 476 425
f 423 477 475
f 425 478 419
f 475 468 458
f 463 476 460
f 458 372 475
f 460 373 368
f 479 417 414
f 419 480 416
f 479 44 112
f 46 480 113
f 112 469 479
f 113 471 114
f 469 477 479
f 471 478 463
f 384 481 482
f 387 483 385
f 482 484 485
f 486 487 488
f 485 441 482
f 488 443 446
f 482 342 384
f 344 487 387
f 485 489 490
f 488 491 486
f 490 166 136
f 141 492 139
f 136 452 490
f 139 454 80
f 490 444 485
f 446 492 488
f 493 395 494
f 398 495 397
f 493 496 497
f 498 499 500
f 497 481 493
f 500 483 486
f 493 383 396
f 385 499 398
f 497 501 502
f 500 503 498
f 502 504 155
f 160 505 158
f 155 489 502
f 158 491 141
f 502 484 497
f 486 505 500
f 506 507 508
f 509 510 511
f 508 512 506
f 511 513 514
f 512 515 506
f 513 516 517
f 515 518 506
f 516 519 520
f 512 521 522
f 513 523 514
f 522 210 176
f 181 524 179
f 176 525 522
f 179 526 191
f 522 527 512
f 517 524 513
f 528 529 530
f 531 532 533
f 530 534 528
f 533 535 536
f 528 537 508
f 514 532 511
f 508 538 528
f 511 539 509
f 540 541 542
f 536 543 544
f 542 199 540
f 544 202 204
f 199 521 540
f 202 523 181
f 540 537 534
f 514 543 535
f 545 546 547
f 548 549 550
f 547 551 552
f 553 554 555
f 547 556 557
f 555 558 559
f 557 545 547
f 560 554 548
f 552 561 562
f 555 563 553
f 562 329 326
f 332 564 327
f 562 370 565
f 327 566 328
f 565 552 562
f 559 564 555
f 567 568 569
f 570 571 572
f 569 573 574
f 575 576 577
f 574 546 569
f 577 549 553
f 546 567 569
f 549 570 550
f 574 578 579
f 577 580 575
f 579 581 582
f 583 584 585
f 582 561 579
f 585 563 332
f 579 551 574
f 553 584 577
f 586 587 588
f 589 590 591
f 588 592 586
f 591 593 594
f 586 541 530
f 536 590 533
f 530 595 586
f 533 596 531
f 597 598 599
f 594 600 601
f 599 265 597
f 601 266 257
f 597 264 542
f 204 600 544
f 542 592 597
f 544 593 536
f 602 603 604
f 605 606 607
f 604 608 602
f 607 609 610
f 602 598 588
f 594 606 591
f 588 611 602
f 591 612 589
f 613 614 615
f 610 616 617
f 615 271 613
f 617 274 276
f 613 255 599
f 257 616 601
f 599 608 613
f 601 609 594
f 359 618 619
f 361 620 360
f 619 621 622
f 623 624 625
f 619 626 627
f 628 624 629
f 627 359 619
f 629 361 364
f 622 630 631
f 625 632 623
f 631 633 634
f 635 636 637
f 634 638 631
f 637 639 640
f 638 622 631
f 639 625 628
f 641 557 642
f 643 558 560
f 642 556 644
f 559 645 646
f 644 638 642
f 646 639 628
f 642 647 641
f 640 645 643
f 648 556 565
f 646 566 559
f 565 375 648
f 566 376 328
f 648 362 627
f 364 649 629
f 627 644 648
f 629 646 628
f 650 651 652
f 653 654 655
f 652 656 650
f 655 657 658
f 650 659 660
f 661 654 662
f 660 663 650
f 662 664 665
f 666 667 668
f 658 669 670
f 668 671 666
f 670 672 673
f 666 674 675
f 676 669 677
f 675 656 666
f 677 657 661
f 678 679 680
f 681 682 683
f 680 684 678
f 683 685 686
f 678 667 652
f 658 682 655
f 652 687 678
f 655 688 653
f 684 689 690
f 685 691 686
f 690 692 693
f 694 695 696
f 690 697 668
f 673 695 670
f 668 684 690
f 670 685 658
f 698 28 699
f 14 700 701
f 699 702 698
f 701 703 704
f 698 705 706
f 707 700 708
f 706 12 698
f 708 13 16
f 709 710 711
f 703 712 704
f 709 713 714
f 715 716 717
f 709 718 719
f 720 716 721
f 719 702 709
f 721 703 707
f 722 413 723
f 27 724 725
f 722 726 727
f 728 724 729
f 727 699 722
f 729 701 704
f 699 25 722
f 701 26 14
f 727 730 731
f 729 732 728
f 731 733 734
f 735 736 737
f 734 711 731
f 737 712 715
f 731 710 727
f 704 736 729
f 738 739 740
f 741 742 743
f 740 744 738
f 743 745 746
f 738 747 748
f 749 742 750
f 748 751 738
f 750 752 753
f 754 755 756
f 746 757 758
f 756 759 754
f 758 760 761
f 754 762 763
f 764 757 765
f 763 744 754
f 765 745 749
f 766 767 660
f 665 768 662
f 660 769 766
f 662 770 661
f 766 755 740
f 746 768 743
f 740 771 766
f 743 772 741
f 773 659 675
f 661 774 677
f 675 775 773
f 677 776 676
f 773 777 756
f 761 774 758
f 756 769 773
f 758 770 746
f 187 778 779
f 188 780 189
f 779 781 782
f 783 784 785
f 782 525 779
f 785 526 517
f 779 190 187
f 191 784 188
f 782 786 787
f 785 788 783
f 787 789 790
f 791 792 793
f 787 794 515
f 520 792 516
f 787 527 782
f 517 792 785
f 196 706 795
f 197 708 16
f 795 705 796
f 707 797 798
f 796 778 795
f 798 780 783
f 795 198 196
f 189 797 197
f 796 719 799
f 798 721 707
f 799 718 800
f 720 801 802
f 800 786 799
f 802 788 791
f 799 781 796
f 783 801 798
f 803 804 805
f 806 807 808
f 805 809 810
f 811 812 813
f 810 814 805
f 813 815 816
f 805 817 803
f 818 812 806
f 803 819 820
f 806 821 818
f 820 822 823
f 824 825 826
f 823 827 820
f 826 828 829
f 820 830 803
f 808 825 806
f 831 832 833
f 834 835 836
f 831 837 838
f 839 835 840
f 838 680 831
f 840 683 686
f 680 841 831
f 683 842 681
f 838 843 844
f 840 845 839
f 844 846 847
f 848 849 850
f 847 689 844
f 850 691 694
f 844 851 838
f 686 849 840
f 852 819 853
f 854 821 824
f 853 817 855
f 818 856 857
f 855 833 853
f 857 836 839
f 853 832 852
f 834 856 854
f 855 814 858
f 857 815 818
f 858 859 860
f 816 861 862
f 860 843 858
f 862 845 848
f 858 837 855
f 839 861 857
f 409 863 864
f 412 865 410
f 864 866 867
f 868 869 870
f 867 723 864
f 870 725 728
f 864 413 409
f 27 869 412
f 867 871 872
f 870 873 868
f 872 874 875
f 876 877 878
f 875 730 872
f 878 732 735
f 872 726 867
f 728 877 870
f 879 253 880
f 233 881 882
f 880 883 879
f 882 884 885
f 879 886 887
f 888 881 889
f 887 231 879
f 889 232 236
f 890 891 892
f 885 893 894
f 892 518 890
f 894 519 509
f 890 794 895
f 520 893 896
f 895 883 890
f 896 884 888
f 897 302 898
f 252 899 900
f 898 901 897
f 900 902 903
f 897 891 880
f 885 899 882
f 880 250 897
f 882 251 233
f 904 905 906
f 903 907 908
f 906 538 904
f 908 539 531
f 904 507 892
f 509 907 894
f 892 901 904
f 894 902 885
f 909 350 910
f 351 911 912
f 910 913 909
f 912 914 915
f 909 916 917
f 918 911 919
f 909 388 336
f 341 911 339
f 920 921 922
f 915 923 924
f 922 925 920
f 924 926 927
f 920 928 929
f 930 923 931
f 929 913 920
f 931 914 918
f 932 933 934
f 935 936 937
f 934 938 932
f 937 939 940
f 932 921 910
f 915 936 912
f 910 941 932
f 912 942 351
f 943 944 945
f 940 946 947
f 945 948 943
f 947 949 950
f 943 951 922
f 927 946 924
f 922 938 943
f 924 939 915
f 952 319 953
f 301 954 955
f 953 956 952
f 955 957 958
f 952 905 898
f 903 954 900
f 898 299 952
f 900 300 252
f 959 960 961
f 958 962 963
f 961 595 959
f 963 596 589
f 959 529 906
f 531 962 908
f 906 956 959
f 908 957 903
f 316 964 965
f 318 966 317
f 965 967 968
f 969 970 971
f 965 960 953
f 958 970 955
f 953 316 965
f 955 318 301
f 968 972 973
f 971 974 969
f 972 611 973
f 974 612 605
f 973 587 961
f 589 975 963
f 961 968 973
f 963 971 958
f 400 976 977
f 401 978 382
f 977 979 980
f 981 982 983
f 977 984 985
f 986 982 987
f 985 400 977
f 987 401 392
f 980 988 989
f 983 990 981
f 989 991 992
f 993 994 995
f 989 996 997
f 998 994 999
f 997 980 989
f 999 983 986
f 377 917 1000
f 380 919 341
f 1000 916 1001
f 918 1002 1003
f 1001 976 1000
f 1003 978 981
f 1000 399 377
f 382 1002 380
f 1001 929 1004
f 1003 931 918
f 1004 928 1005
f 930 1006 1007
f 1005 988 1004
f 1007 990 993
f 1004 979 1001
f 981 1006 1003
f 1008 1009 1010
f 1011 1012 1013
f 1010 1014 1008
f 1013 1015 1016
f 1008 1017 1018
f 1019 1012 1020
f 1018 1021 1008
f 1020 1022 1023
f 1024 1025 1026
f 1016 1027 1028
f 1026 663 1024
f 1028 664 653
f 1024 767 1029
f 665 1027 1030
f 1029 1014 1024
f 1030 1015 1019
f 1031 1032 1033
f 1034 1035 1036
f 1033 1037 1031
f 1036 1038 1039
f 1031 1025 1010
f 1016 1035 1013
f 1010 1040 1031
f 1013 1041 1011
f 1042 1043 1044
f 1039 1045 1046
f 1044 687 1042
f 1046 688 681
f 1042 651 1026
f 653 1045 1028
f 1026 1037 1042
f 1028 1038 1016
f 714 1047 1048
f 717 1049 715
f 1048 1050 1051
f 1052 1053 1054
f 1051 1055 1048
f 1054 1056 1057
f 1055 714 1048
f 1056 717 720
f 1051 1058 1059
f 1054 1060 1052
f 1059 58 74
f 60 1061 76
f 74 1062 1059
f 76 1063 75
f 1059 1064 1051
f 1057 1061 1054
f 734 1065 1066
f 737 1067 735
f 1066 1068 1069
f 1070 1071 1072
f 1069 1047 1066
f 1072 1049 1052
f 1066 713 734
f 1049 737 715
f 1069 1073 1074
f 1072 1075 1070
f 1074 435 59
f 64 1076 61
f 59 1058 1074
f 61 1060 60
f 1074 1050 1069
f 1052 1076 1072
f 1077 1078 1079
f 1080 1081 1082
f 1079 1083 1084
f 1085 1086 1087
f 1084 1088 1079
f 1087 1089 1090
f 1079 1091 1077
f 1092 1086 1080
f 1084 1093 1094
f 1087 1095 1085
f 1093 751 1094
f 1095 752 741
f 1094 1096 1097
f 753 1098 1099
f 1094 1100 1084
f 1090 1098 1087
f 1101 1018 1102
f 1103 1020 1023
f 1102 1017 1104
f 1019 1105 1106
f 1104 1078 1102
f 1106 1081 1085
f 1102 1107 1101
f 1082 1105 1103
f 1104 1029 1108
f 1106 1030 1019
f 1029 771 1108
f 1030 772 665
f 1108 739 1093
f 741 1109 1095
f 1108 1083 1104
f 1085 1109 1106
f 1110 789 1111
f 791 1112 1113
f 1111 1114 1110
f 1113 1115 1116
f 1110 886 895
f 888 1112 896
f 895 790 1110
f 896 793 520
f 1117 1118 1119
f 1116 1120 1121
f 1117 222 235
f 224 1120 237
f 1117 234 887
f 236 1120 889
f 887 1114 1117
f 889 1115 888
f 1122 718 1055
f 720 1123 1056
f 1055 1124 1122
f 1057 1123 1125
f 1122 1118 1111
f 1116 1123 1113
f 1111 800 1122
f 1113 802 791
f 1124 1062 1126
f 1125 1063 1057
f 1126 73 223
f 75 1127 225
f 223 1119 1126
f 225 1121 224
f 1126 1118 1124
f 1116 1127 1125
f 1128 1129 1130
f 1131 1132 1133
f 1130 1134 1128
f 1133 1135 1136
f 1128 1137 1138
f 1139 1132 1140
f 1138 1141 1128
f 1140 1142 1143
f 1144 1145 1146
f 1136 1147 1148
f 1146 823 1144
f 1148 826 829
f 1144 822 1149
f 824 1147 1150
f 1149 1134 1144
f 1150 1135 1139
f 1151 1152 1153
f 1154 1155 1156
f 1153 1157 1151
f 1156 1158 1159
f 1151 1043 1033
f 1039 1155 1036
f 1033 1160 1151
f 1036 1161 1034
f 1162 1163 1164
f 1159 1165 1166
f 1164 841 1162
f 1166 842 834
f 1162 679 1044
f 681 1165 1046
f 1044 1157 1162
f 1046 1158 1039
f 1167 1138 1168
f 1169 1140 1143
f 1168 1137 1170
f 1139 1171 1172
f 1170 1153 1168
f 1172 1156 1159
f 1168 1152 1167
f 1154 1171 1169
f 1170 1149 1173
f 1172 1150 1139
f 1173 822 852
f 824 1174 854
f 852 1164 1173
f 854 1166 834
f 1164 1170 1173
f 1166 1172 1159
f 875 1175 1176
f 878 1177 876
f 1176 1178 1179
f 1180 1181 1182
f 1179 1065 1176
f 1182 1067 1070
f 1176 733 875
f 735 1181 878
f 1179 1183 1184
f 1182 1185 1180
f 1183 436 1184
f 1185 438 440
f 436 1073 1184
f 438 1075 64
f 1184 1068 1179
f 1070 1186 1182
f 1187 329 582
f 332 1188 585
f 582 1189 1187
f 585 1190 583
f 1189 1191 1187
f 1190 1192 1193
f 1187 426 330
f 335 1188 331
f 427 1191 1194
f 428 1192 335
f 1194 1195 1196
f 1193 1197 1198
f 1196 405 1194
f 1198 406 410
f 1194 1199 427
f 407 1197 428
f 1200 941 1201
f 1202 942 935
f 1201 350 347
f 351 1203 348
f 1201 451 1204
f 349 1203 1205
f 1201 1206 1200
f 1207 1203 1202
f 1208 1206 1204
f 1207 1209 1205
f 1204 449 1208
f 1205 450 349
f 1208 456 429
f 434 1209 432
f 429 1210 1208
f 432 1211 440
f 1212 1206 1210
f 1213 1211 1207
f 1210 1214 1212
f 1211 1215 440
f 1212 1216 1217
f 1218 1219 1220
f 1217 1221 1212
f 1220 1213 1222
f 1223 933 1200
f 935 1224 1202
f 1200 1221 1223
f 1202 1213 1207
f 1221 1225 1223
f 1213 1226 1222
f 1223 1227 1228
f 1229 1224 1230
f 1231 1196 1232
f 1233 1198 410
f 1196 1234 1232
f 1198 1235 1193
f 1234 1236 1232
f 1235 1237 1238
f 1232 1239 1231
f 1240 1241 1233
f 1242 1195 1189
f 1193 1243 1190
f 1242 581 1244
f 583 1243 1245
f 1242 1246 1247
f 1248 1243 1249
f 1247 1234 1242
f 1249 1235 1238
f 1250 1175 1251
f 1252 1177 1180
f 1251 874 1253
f 876 1254 1255
f 1251 1256 1257
f 1258 1254 1259
f 1257 1250 1251
f 1259 1252 1260
f 1261 439 1183
f 440 1262 1185
f 1261 1178 1250
f 1180 1262 1252
f 1261 1263 1264
f 1260 1262 1265
f 1264 1214 1261
f 1265 1215 1218
f 1266 1267 945
f 950 1268 947
f 945 1269 1266
f 947 1270 940
f 1269 1271 1266
f 1270 1272 1273
f 1266 1274 1275
f 1276 1268 1277
f 1278 944 934
f 940 1279 937
f 934 1228 1278
f 937 1230 935
f 1228 1280 1278
f 1230 1281 1229
f 1278 1282 1269
f 1273 1279 1270
f 1253 871 1283
f 1255 873 876
f 1283 866 1284
f 868 1285 1286
f 1283 1287 1288
f 1289 1285 1290
f 1288 1253 1283
f 1290 1255 1258
f 1284 863 1291
f 1286 865 868
f 1291 408 1231
f 410 1292 1233
f 1231 1293 1291
f 1233 1294 1240
f 1291 1287 1284
f 1289 1292 1286
f 1295 568 1296
f 1297 571 575
f 568 1298 1296
f 571 1299 572
f 1296 1300 1301
f 1302 1303 1304
f 1301 1295 1296
f 1304 1297 1305
f 1244 578 1306
f 1245 580 583
f 1306 573 1295
f 575 1307 1297
f 1306 1308 1309
f 1305 1307 1310
f 1309 1244 1306
f 1310 1245 1248
f 1311 1246 1309
f 1248 1312 1310
f 1309 1313 1311
f 1310 1314 1305
f 1311 1315 1316
f 1317 1312 1318
f 1316 1319 1311
f 1318 1320 1321
f 1322 1323 1324
f 1325 1326 1327
f 1322 1328 1329
f 1330 1326 1331
f 1322 1332 1333
f 1331 1334 1335
f 1333 1336 1322
f 1334 1337 1338
f 1339 1293 1340
f 1341 1294 1289
f 1340 1239 1342
f 1240 1343 1344
f 1342 1345 1340
f 1344 1346 1347
f 1340 1348 1339
f 1349 1343 1341
f 1350 1256 1288
f 1258 1351 1290
f 1288 1339 1350
f 1290 1341 1289
f 1339 1352 1350
f 1341 1353 1349
f 1352 1354 1350
f 1353 1355 1356
f 1357 1280 1358
f 1359 1281 1273
f 1358 1227 1360
f 1229 1361 1362
f 1360 1363 1358
f 1362 1364 1365
f 1358 1366 1357
f 1367 1361 1359
f 1368 1271 1369
f 1370 1272 1276
f 1369 1282 1357
f 1273 1371 1359
f 1357 1372 1369
f 1359 1373 1367
f 1369 1374 1368
f 1375 1371 1370
f 1376 1216 1264
f 1218 1377 1265
f 1264 1378 1376
f 1265 1379 1260
f 1376 1380 1381
f 1382 1377 1383
f 1381 1384 1376
f 1383 1385 1386
f 1387 1263 1257
f 1260 1388 1259
f 1257 1354 1387
f 1259 1355 1258
f 1387 1389 1390
f 1356 1388 1391
f 1390 1378 1387
f 1391 1379 1382
f 1392 1393 1247
f 1238 1394 1249
f 1247 1319 1392
f 1249 1320 1248
f 1392 1395 1396
f 1321 1394 1397
f 1396 1398 1392
f 1397 1399 1400
f 1401 1236 1402
f 1403 1237 1240
f 1402 1393 1398
f 1238 1404 1399
f 1398 1405 1402
f 1399 1406 1400
f 1402 1407 1401
f 1408 1404 1403
f 1360 1225 1409
f 1362 1226 1229
f 1409 1410 1411
f 1222 1412 1413
f 1411 1414 1409
f 1413 1415 1416
f 1409 1417 1360
f 1365 1412 1362
f 1418 1410 1217
f 1222 1419 1220
f 1217 1384 1418
f 1220 1385 1218
f 1418 1420 1421
f 1386 1419 1422
f 1421 1411 1418
f 1422 1413 1416
f 1423 1424 1425
f 1426 1425 1427
f 1428 1429 1427
f 1430 1431 1432
f 1433 1432 1431
f 1433 1434 1435
f 1436 1437 1438
f 1439 1440 1441
f 1442 1443 1444
f 1445 1446 1447
f 1448 1449 1450
f 1450 1451 1445
f 1452 1447 1453
f 1454 1450 1455
f 1455 1445 1452
f 1425 1428 1427
f 1456 1441 1442
f 1425 1457 1458
f 1433 1459 1460
f 1441 1461 1443
f 1431 1462 1433
f 1463 1442 1464
f 1464 1444 1465
f 1464 1466 1463
f 1465 1467 1464
f 1468 1437 1440
f 1461 1437 1430
f 1434 1469 1470
f 1471 1460 1459
f 1454 1467 1448
f 1467 1472 1448
f 1473 1474 1475
f 1470 1474 1476
f 1475 1469 1471
f 1477 1478 1473
f 1436 1479 1480
f 1436 1481 1462
f 1438 1482 1479
f 1483 1468 1439
f 1481 1459 1462
f 1484 1459 1485
f 1475 1486 1473
f 1487 1473 1486
f 1488 1477 1487
f 1489 1439 1456
f 1490 1456 1463
f 1463 1491 1490
f 1466 1492 1491
f 1492 1455 1493
f 1424 1494 1457
f 1493 1452 1495
f 1471 1496 1475
f 1495 1453 1497
f 1498 1449 1499
f 1498 1446 1451
f 1487 1500 1488
f 1490 1501 1502
f 1493 1503 1492
f 1487 1504 1505
f 1495 1506 1493
f 1496 1504 1486
f 1483 1507 1482
f 1481 1508 1509
f 1497 1510 1495
f 1491 1503 1501
f 1483 1511 1512
f 1488 1513 1494
f 1482 1514 1479
f 1480 1514 1508
f 1489 1502 1511
f 1496 1515 1516
f 1484 1517 1515
f 1485 1509 1517
f 1518 1519 1520
f 1521 1522 1518
f 1523 1524 1525
f 1526 1527 1528
f 1528 1529 1526
f 1529 1530 1531
f 1532 1533 1526
f 1534 1535 1536
f 1537 1538 1539
f 1540 1541 1542
f 1543 1544 1545
f 1546 1542 1544
f 1547 1548 1540
f 1549 1546 1543
f 1550 1540 1546
f 1524 1522 1525
f 1536 1551 1538
f 1522 1552 1519
f 1529 1553 1554
f 1555 1536 1537
f 1526 1554 1532
f 1556 1538 1551
f 1557 1539 1538
f 1558 1557 1556
f 1559 1560 1557
f 1561 1533 1562
f 1533 1555 1527
f 1563 1530 1564
f 1531 1565 1553
f 1549 1559 1558
f 1545 1559 1543
f 1566 1567 1568
f 1564 1567 1563
f 1569 1563 1567
f 1520 1568 1518
f 1570 1532 1571
f 1532 1572 1571
f 1573 1562 1570
f 1561 1574 1535
f 1553 1572 1554
f 1575 1553 1565
f 1569 1576 1577
f 1578 1566 1520
f 1579 1520 1519
f 1535 1580 1551
f 1551 1581 1556
f 1582 1556 1581
f 1583 1558 1582
f 1583 1550 1549
f 1519 1584 1579
f 1585 1547 1550
f 1565 1577 1575
f 1586 1587 1547
f 1544 1588 1589
f 1588 1541 1590
f 1591 1578 1579
f 1581 1592 1582
f 1593 1585 1583
f 1594 1576 1578
f 1595 1586 1585
f 1596 1577 1576
f 1597 1574 1573
f 1572 1598 1571
f 1599 1600 1586
f 1582 1593 1583
f 1574 1601 1580
f 1602 1579 1584
f 1603 1573 1570
f 1571 1603 1570
f 1580 1604 1581
f 1577 1605 1575
f 1575 1606 1607
f 1607 1608 1572
f 1 40 2
f 4 10 5
f 3 2 7
f 9 5 10
f 8 28 12
f 11 10 13
f 3 12 15
f 16 13 10
f 8 7 17
f 11 23 19
f 18 17 20
f 22 19 23
f 21 413 25
f 24 23 26
f 18 25 28
f 14 26 23
f 29 108 30
f 32 38 33
f 31 30 35
f 37 33 38
f 36 7 2
f 39 38 5
f 31 2 40
f 6 5 38
f 36 35 41
f 39 47 43
f 42 41 44
f 46 43 47
f 45 20 17
f 48 47 19
f 42 17 7
f 9 19 47
f 49 62 50
f 52 63 53
f 51 66 55
f 54 53 56
f 49 55 58
f 60 56 53
f 59 435 62
f 61 53 63
f 65 55 66
f 57 56 68
f 67 96 70
f 69 68 71
f 65 70 73
f 75 71 68
f 74 58 55
f 76 68 56
f 77 86 78
f 80 87 81
f 79 89 83
f 82 81 84
f 77 83 66
f 57 84 81
f 51 50 86
f 54 81 87
f 88 83 89
f 85 84 91
f 90 154 93
f 92 91 94
f 88 93 96
f 72 94 91
f 67 66 83
f 69 91 84
f 97 127 98
f 100 106 101
f 99 98 103
f 105 101 106
f 104 35 30
f 107 106 33
f 99 30 108
f 34 33 106
f 104 103 109
f 107 115 111
f 109 134 112
f 111 115 113
f 112 44 41
f 113 115 43
f 110 41 35
f 37 43 115
f 116 285 117
f 119 125 120
f 118 117 122
f 124 120 125
f 123 103 98
f 126 125 101
f 118 98 127
f 102 101 125
f 123 122 128
f 126 135 130
f 128 472 131
f 130 135 132
f 129 131 134
f 114 132 135
f 129 109 103
f 105 111 135
f 136 166 137
f 139 145 140
f 137 147 142
f 140 145 143
f 138 142 89
f 85 143 145
f 79 78 136
f 82 145 139
f 146 142 147
f 144 143 149
f 148 175 151
f 150 149 152
f 146 151 154
f 95 152 149
f 90 89 142
f 92 149 143
f 155 504 156
f 158 164 159
f 157 156 161
f 163 159 164
f 157 162 147
f 144 165 164
f 157 137 166
f 141 140 164
f 162 161 167
f 165 173 169
f 168 167 170
f 172 169 173
f 168 171 175
f 153 174 173
f 148 147 162
f 150 173 165
f 176 210 177
f 179 185 180
f 178 177 182
f 184 180 185
f 183 198 187
f 186 185 188
f 178 187 190
f 191 188 185
f 183 182 192
f 186 195 194
f 193 192 40
f 6 194 195
f 1 15 196
f 4 195 197
f 193 196 198
f 189 197 195
f 199 264 200
f 202 208 203
f 201 200 205
f 207 203 208
f 206 182 177
f 209 208 180
f 201 177 210
f 181 180 208
f 206 205 211
f 209 214 213
f 212 211 108
f 34 213 214
f 29 40 192
f 32 214 194
f 212 192 182
f 184 194 214
f 215 70 96
f 72 71 217
f 216 227 219
f 218 217 220
f 215 219 222
f 224 220 217
f 223 73 70
f 225 217 71
f 226 219 227
f 221 220 229
f 228 253 231
f 230 229 232
f 226 231 234
f 236 232 229
f 235 222 219
f 237 229 220
f 238 93 154
f 95 94 240
f 239 246 242
f 241 240 243
f 238 242 227
f 221 243 240
f 216 96 93
f 218 240 94
f 245 242 246
f 244 243 248
f 247 302 250
f 249 248 251
f 245 250 253
f 233 251 248
f 228 227 242
f 230 248 243
f 254 265 255
f 257 266 258
f 254 256 260
f 262 259 258
f 261 205 200
f 263 258 203
f 254 200 264
f 204 203 258
f 261 260 267
f 263 270 269
f 268 267 127
f 102 269 270
f 97 108 211
f 100 270 213
f 268 211 205
f 207 213 270
f 271 1609 272
f 274 280 275
f 273 272 277
f 279 275 280
f 278 260 256
f 281 280 259
f 273 256 255
f 257 259 280
f 278 277 282
f 281 286 284
f 283 282 285
f 121 284 286
f 116 127 267
f 119 286 269
f 283 267 260
f 262 269 286
f 287 151 175
f 153 152 289
f 288 295 291
f 290 289 292
f 287 291 246
f 244 292 289
f 239 154 151
f 241 289 152
f 294 291 295
f 293 292 297
f 296 319 299
f 298 297 300
f 294 299 302
f 252 300 297
f 247 246 291
f 249 297 292
f 303 171 170
f 172 174 305
f 304 311 307
f 306 305 308
f 303 307 295
f 293 308 305
f 288 175 171
f 290 305 174
f 310 307 311
f 309 308 313
f 310 312 315
f 317 314 313
f 310 316 319
f 301 318 313
f 296 295 307
f 298 313 308
f 320 333 321
f 323 334 324
f 322 370 326
f 325 324 327
f 320 326 329
f 327 324 331
f 330 426 333
f 331 324 334
f 336 388 337
f 339 345 340
f 338 337 342
f 344 340 345
f 343 451 347
f 346 345 348
f 338 347 350
f 351 348 345
f 352 366 353
f 355 367 356
f 352 354 358
f 360 357 356
f 352 359 362
f 364 361 356
f 363 374 366
f 365 356 367
f 369 375 370
f 328 376 371
f 322 321 372
f 325 371 373
f 369 372 374
f 368 373 371
f 363 362 375
f 365 371 376
f 377 399 378
f 380 386 381
f 379 378 383
f 385 381 386
f 384 342 337
f 387 386 340
f 379 337 388
f 341 340 386
f 389 400 390
f 392 401 393
f 389 391 395
f 397 394 393
f 396 383 378
f 398 393 381
f 389 378 399
f 382 381 393
f 21 20 402
f 24 411 404
f 402 1199 405
f 404 411 406
f 403 405 408
f 410 406 411
f 403 409 413
f 27 412 411
f 45 44 414
f 48 420 416
f 415 414 417
f 419 416 420
f 418 1199 402
f 421 420 404
f 415 402 20
f 22 404 420
f 422 418 417
f 419 421 424
f 423 321 333
f 425 424 334
f 422 333 426
f 335 334 424
f 427 1199 418
f 428 424 421
f 429 456 430
f 432 437 433
f 430 50 62
f 433 437 63
f 431 62 435
f 64 63 437
f 431 436 439
f 440 438 437
f 343 342 441
f 346 447 443
f 442 441 444
f 446 443 447
f 445 456 449
f 448 447 450
f 442 449 451
f 349 450 447
f 445 444 452
f 448 455 454
f 452 78 86
f 454 455 87
f 453 86 50
f 52 87 455
f 453 430 456
f 434 433 455
f 457 366 374
f 368 367 459
f 458 468 461
f 460 459 462
f 461 1610 464
f 462 459 465
f 457 464 353
f 355 465 459
f 467 461 468
f 463 462 470
f 469 134 131
f 471 470 132
f 467 131 472
f 133 132 470
f 473 1610 461
f 474 470 462
f 475 372 321
f 323 373 476
f 423 417 477
f 425 476 478
f 475 477 468
f 463 478 476
f 458 374 372
f 460 476 373
f 479 477 417
f 419 478 480
f 479 414 44
f 46 416 480
f 112 134 469
f 113 480 471
f 469 468 477
f 471 480 478
f 384 383 481
f 387 487 483
f 482 481 484
f 486 483 487
f 485 444 441
f 488 487 443
f 482 441 342
f 344 443 487
f 485 484 489
f 488 492 491
f 490 489 166
f 141 491 492
f 136 78 452
f 139 492 454
f 490 452 444
f 446 454 492
f 493 396 395
f 398 499 495
f 493 494 496
f 498 495 499
f 497 484 481
f 500 499 483
f 493 481 383
f 385 483 499
f 497 496 501
f 500 505 503
f 502 501 504
f 160 503 505
f 155 166 489
f 158 505 491
f 502 489 484
f 486 491 505
f 506 518 507
f 509 519 510
f 508 537 512
f 511 510 513
f 512 527 515
f 513 510 516
f 515 794 518
f 516 510 519
f 512 537 521
f 513 524 523
f 522 521 210
f 181 523 524
f 176 190 525
f 179 524 526
f 522 525 527
f 517 526 524
f 528 538 529
f 531 539 532
f 530 541 534
f 533 532 535
f 528 534 537
f 514 535 532
f 508 507 538
f 511 532 539
f 540 534 541
f 536 535 543
f 542 264 199
f 544 543 202
f 199 210 521
f 202 543 523
f 540 521 537
f 514 523 543
f 545 1611 546
f 548 554 549
f 547 546 551
f 553 549 554
f 547 552 556
f 555 554 558
f 557 1612 545
f 560 558 554
f 552 551 561
f 555 564 563
f 562 561 329
f 332 563 564
f 562 326 370
f 327 564 566
f 565 556 552
f 559 566 564
f 567 1613 568
f 570 576 571
f 569 568 573
f 575 571 576
f 574 551 546
f 577 576 549
f 546 1611 567
f 549 576 570
f 574 573 578
f 577 584 580
f 579 578 581
f 583 580 584
f 582 329 561
f 585 584 563
f 579 561 551
f 553 563 584
f 586 595 587
f 589 596 590
f 588 598 592
f 591 590 593
f 586 592 541
f 536 593 590
f 530 529 595
f 533 590 596
f 597 592 598
f 594 593 600
f 599 255 265
f 601 600 266
f 597 265 264
f 204 266 600
f 542 541 592
f 544 600 593
f 602 611 603
f 605 612 606
f 604 614 608
f 607 606 609
f 602 608 598
f 594 609 606
f 588 587 611
f 591 606 612
f 613 608 614
f 610 609 616
f 615 1609 271
f 617 616 274
f 613 271 255
f 257 274 616
f 599 598 608
f 601 616 609
f 359 358 618
f 361 624 620
f 619 618 621
f 623 620 624
f 619 622 626
f 628 625 624
f 627 362 359
f 629 624 361
f 622 621 630
f 625 636 632
f 631 630 633
f 635 632 636
f 634 647 638
f 637 636 639
f 638 626 622
f 639 636 625
f 641 1612 557
f 643 645 558
f 642 557 556
f 559 558 645
f 644 626 638
f 646 645 639
f 642 638 647
f 640 639 645
f 648 644 556
f 646 649 566
f 565 370 375
f 566 649 376
f 648 375 362
f 364 376 649
f 627 626 644
f 629 649 646
f 650 663 651
f 653 664 654
f 652 667 656
f 655 654 657
f 650 656 659
f 661 657 654
f 660 767 663
f 662 654 664
f 666 656 667
f 658 657 669
f 668 697 671
f 670 669 672
f 666 671 674
f 676 672 669
f 675 659 656
f 677 669 657
f 678 687 679
f 681 688 682
f 680 851 684
f 683 682 685
f 678 684 667
f 658 685 682
f 652 651 687
f 655 682 688
f 684 851 689
f 685 695 691
f 690 689 692
f 694 691 695
f 690 693 697
f 673 696 695
f 668 667 684
f 670 695 685
f 698 12 28
f 14 13 700
f 699 710 702
f 701 700 703
f 698 702 705
f 707 703 700
f 706 15 12
f 708 700 13
f 709 702 710
f 703 716 712
f 709 711 713
f 715 712 716
f 709 714 718
f 720 717 716
f 719 705 702
f 721 716 703
f 722 25 413
f 27 26 724
f 722 723 726
f 728 725 724
f 727 710 699
f 729 724 701
f 699 28 25
f 701 724 26
f 727 726 730
f 729 736 732
f 731 730 733
f 735 732 736
f 734 713 711
f 737 736 712
f 731 711 710
f 704 712 736
f 738 751 739
f 741 752 742
f 740 755 744
f 743 742 745
f 738 744 747
f 749 745 742
f 748 1096 751
f 750 742 752
f 754 744 755
f 746 745 757
f 756 777 759
f 758 757 760
f 754 759 762
f 764 760 757
f 763 747 744
f 765 757 745
f 766 771 767
f 665 772 768
f 660 659 769
f 662 768 770
f 766 769 755
f 746 770 768
f 740 739 771
f 743 768 772
f 773 769 659
f 661 770 774
f 675 674 775
f 677 774 776
f 773 775 777
f 761 776 774
f 756 755 769
f 758 774 770
f 187 198 778
f 188 784 780
f 779 778 781
f 783 780 784
f 782 527 525
f 785 784 526
f 779 525 190
f 191 526 784
f 782 781 786
f 785 792 788
f 787 786 789
f 791 788 792
f 787 790 794
f 520 793 792
f 787 515 527
f 517 516 792
f 196 15 706
f 197 797 708
f 795 706 705
f 707 708 797
f 796 781 778
f 798 797 780
f 795 778 198
f 189 780 797
f 796 705 719
f 798 801 721
f 799 719 718
f 720 721 801
f 800 789 786
f 802 801 788
f 799 786 781
f 783 788 801
f 803 830 804
f 806 812 807
f 805 804 809
f 811 807 812
f 810 859 814
f 813 812 815
f 805 814 817
f 818 815 812
f 803 817 819
f 806 825 821
f 820 819 822
f 824 821 825
f 823 1614 827
f 826 825 828
f 820 827 830
f 808 828 825
f 831 841 832
f 834 842 835
f 831 833 837
f 839 836 835
f 838 851 680
f 840 835 683
f 680 679 841
f 683 835 842
f 838 837 843
f 840 849 845
f 844 843 846
f 848 845 849
f 847 692 689
f 850 849 691
f 844 689 851
f 686 691 849
f 852 822 819
f 854 856 821
f 853 819 817
f 818 821 856
f 855 837 833
f 857 856 836
f 853 833 832
f 834 836 856
f 855 817 814
f 857 861 815
f 858 814 859
f 816 815 861
f 860 846 843
f 862 861 845
f 858 843 837
f 839 845 861
f 409 408 863
f 412 869 865
f 864 863 866
f 868 865 869
f 867 726 723
f 870 869 725
f 864 723 413
f 27 725 869
f 867 866 871
f 870 877 873
f 872 871 874
f 876 873 877
f 875 733 730
f 878 877 732
f 872 730 726
f 728 732 877
f 879 231 253
f 233 232 881
f 880 891 883
f 882 881 884
f 879 883 886
f 888 884 881
f 887 234 231
f 889 881 232
f 890 883 891
f 885 884 893
f 892 507 518
f 894 893 519
f 890 518 794
f 520 519 893
f 895 886 883
f 896 893 884
f 897 250 302
f 252 251 899
f 898 905 901
f 900 899 902
f 897 901 891
f 885 902 899
f 880 253 250
f 882 899 251
f 904 901 905
f 903 902 907
f 906 529 538
f 908 907 539
f 904 538 507
f 509 539 907
f 892 891 901
f 894 907 902
f 909 336 350
f 351 339 911
f 910 921 913
f 912 911 914
f 909 913 916
f 918 914 911
f 909 917 388
f 341 919 911
f 920 913 921
f 915 914 923
f 922 951 925
f 924 923 926
f 920 925 928
f 930 926 923
f 929 916 913
f 931 923 914
f 932 941 933
f 935 942 936
f 934 944 938
f 937 936 939
f 932 938 921
f 915 939 936
f 910 350 941
f 912 936 942
f 943 938 944
f 940 939 946
f 945 1267 948
f 947 946 949
f 943 948 951
f 927 949 946
f 922 921 938
f 924 946 939
f 952 299 319
f 301 300 954
f 953 960 956
f 955 954 957
f 952 956 905
f 903 957 954
f 898 302 299
f 900 954 300
f 959 956 960
f 958 957 962
f 961 587 595
f 963 962 596
f 959 595 529
f 531 596 962
f 906 905 956
f 908 962 957
f 316 315 964
f 318 970 966
f 965 964 967
f 969 966 970
f 965 968 960
f 958 971 970
f 953 319 316
f 955 970 318
f 968 967 972
f 971 975 974
f 972 603 611
f 974 975 612
f 973 611 587
f 589 612 975
f 961 960 968
f 963 975 971
f 400 399 976
f 401 982 978
f 977 976 979
f 981 978 982
f 977 980 984
f 986 983 982
f 985 390 400
f 987 982 401
f 980 979 988
f 983 994 990
f 989 988 991
f 993 990 994
f 989 992 996
f 998 995 994
f 997 984 980
f 999 994 983
f 377 388 917
f 380 1002 919
f 1000 917 916
f 918 919 1002
f 1001 979 976
f 1003 1002 978
f 1000 976 399
f 382 978 1002
f 1001 916 929
f 1003 1006 931
f 1004 929 928
f 930 931 1006
f 1005 991 988
f 1007 1006 990
f 1004 988 979
f 981 990 1006
f 1008 1021 1009
f 1011 1022 1012
f 1010 1025 1014
f 1013 1012 1015
f 1008 1014 1017
f 1019 1015 1012
f 1018 1615 1021
f 1020 1012 1022
f 1024 1014 1025
f 1016 1015 1027
f 1026 651 663
f 1028 1027 664
f 1024 663 767
f 665 664 1027
f 1029 1017 1014
f 1030 1027 1015
f 1031 1040 1032
f 1034 1041 1035
f 1033 1043 1037
f 1036 1035 1038
f 1031 1037 1025
f 1016 1038 1035
f 1010 1009 1040
f 1013 1035 1041
f 1042 1037 1043
f 1039 1038 1045
f 1044 679 687
f 1046 1045 688
f 1042 687 651
f 653 688 1045
f 1026 1025 1037
f 1028 1045 1038
f 714 713 1047
f 717 1053 1049
f 1048 1047 1050
f 1052 1049 1053
f 1051 1064 1055
f 1054 1053 1056
f 1055 718 714
f 1056 1053 717
f 1051 1050 1058
f 1054 1061 1060
f 1059 1058 58
f 60 1060 1061
f 74 73 1062
f 76 1061 1063
f 1059 1062 1064
f 1057 1063 1061
f 734 733 1065
f 737 1071 1067
f 1066 1065 1068
f 1070 1067 1071
f 1069 1050 1047
f 1072 1071 1049
f 1066 1047 713
f 1049 1071 737
f 1069 1068 1073
f 1072 1076 1075
f 1074 1073 435
f 64 1075 1076
f 59 58 1058
f 61 1076 1060
f 1074 1058 1050
f 1052 1060 1076
f 1077 1107 1078
f 1080 1086 1081
f 1079 1078 1083
f 1085 1081 1086
f 1084 1100 1088
f 1087 1086 1089
f 1079 1088 1091
f 1092 1089 1086
f 1084 1083 1093
f 1087 1098 1095
f 1093 739 751
f 1095 1098 752
f 1094 751 1096
f 753 752 1098
f 1094 1097 1100
f 1090 1099 1098
f 1101 1615 1018
f 1103 1105 1020
f 1102 1018 1017
f 1019 1020 1105
f 1104 1083 1078
f 1106 1105 1081
f 1102 1078 1107
f 1082 1081 1105
f 1104 1017 1029
f 1106 1109 1030
f 1029 767 771
f 1030 1109 772
f 1108 771 739
f 741 772 1109
f 1108 1093 1083
f 1085 1095 1109
f 1110 790 789
f 791 793 1112
f 1111 1118 1114
f 1113 1112 1115
f 1110 1114 886
f 888 1115 1112
f 895 794 790
f 896 1112 793
f 1117 1114 1118
f 1116 1115 1120
f 1117 1119 222
f 224 1121 1120
f 1117 235 234
f 236 237 1120
f 887 886 1114
f 889 1120 1115
f 1122 800 718
f 720 802 1123
f 1055 1064 1124
f 1057 1056 1123
f 1122 1124 1118
f 1116 1125 1123
f 1111 789 800
f 1113 1123 802
f 1124 1064 1062
f 1125 1127 1063
f 1126 1062 73
f 75 1063 1127
f 223 222 1119
f 225 1127 1121
f 1126 1119 1118
f 1116 1121 1127
f 1128 1141 1129
f 1131 1142 1132
f 1130 1145 1134
f 1133 1132 1135
f 1128 1134 1137
f 1139 1135 1132
f 1138 1616 1141
f 1140 1132 1142
f 1144 1134 1145
f 1136 1135 1147
f 1146 1614 823
f 1148 1147 826
f 1144 823 822
f 824 826 1147
f 1149 1137 1134
f 1150 1147 1135
f 1151 1160 1152
f 1154 1161 1155
f 1153 1163 1157
f 1156 1155 1158
f 1151 1157 1043
f 1039 1158 1155
f 1033 1032 1160
f 1036 1155 1161
f 1162 1157 1163
f 1159 1158 1165
f 1164 832 841
f 1166 1165 842
f 1162 841 679
f 681 842 1165
f 1044 1043 1157
f 1046 1165 1158
f 1167 1616 1138
f 1169 1171 1140
f 1168 1138 1137
f 1139 1140 1171
f 1170 1163 1153
f 1172 1171 1156
f 1168 1153 1152
f 1154 1156 1171
f 1170 1137 1149
f 1172 1174 1150
f 1173 1149 822
f 824 1150 1174
f 852 832 1164
f 854 1174 1166
f 1164 1163 1170
f 1166 1174 1172
f 875 874 1175
f 878 1181 1177
f 1176 1175 1178
f 1180 1177 1181
f 1179 1068 1065
f 1182 1181 1067
f 1176 1065 733
f 735 1067 1181
f 1179 1178 1183
f 1182 1186 1185
f 1183 439 436
f 1185 1186 438
f 436 435 1073
f 438 1186 1075
f 1184 1073 1068
f 1070 1075 1186
f 1187 330 329
f 332 331 1188
f 582 581 1189
f 585 1188 1190
f 1189 1195 1191
f 1190 1188 1192
f 1187 1191 426
f 335 1192 1188
f 427 426 1191
f 428 1197 1192
f 1194 1191 1195
f 1193 1192 1197
f 1196 408 405
f 1198 1197 406
f 1194 405 1199
f 407 406 1197
f 1200 933 941
f 1202 1203 942
f 1201 941 350
f 351 942 1203
f 1201 347 451
f 349 348 1203
f 1201 1204 1206
f 1207 1205 1203
f 1208 1210 1206
f 1207 1211 1209
f 1204 451 449
f 1205 1209 450
f 1208 449 456
f 434 450 1209
f 429 439 1210
f 432 1209 1211
f 1212 1221 1206
f 1213 1219 1211
f 1210 439 1214
f 1211 1219 1215
f 1212 1214 1216
f 1218 1215 1219
f 1217 1410 1221
f 1220 1219 1213
f 1223 1228 933
f 935 1230 1224
f 1200 1206 1221
f 1202 1224 1213
f 1221 1410 1225
f 1213 1224 1226
f 1223 1225 1227
f 1229 1226 1224
f 1231 408 1196
f 1233 1241 1198
f 1196 1195 1234
f 1198 1241 1235
f 1234 1393 1236
f 1235 1241 1237
f 1232 1236 1239
f 1240 1237 1241
f 1242 1234 1195
f 1193 1235 1243
f 1242 1189 581
f 583 1190 1243
f 1242 1244 1246
f 1248 1245 1243
f 1247 1393 1234
f 1249 1243 1235
f 1250 1178 1175
f 1252 1254 1177
f 1251 1175 874
f 876 1177 1254
f 1251 1253 1256
f 1258 1255 1254
f 1257 1263 1250
f 1259 1254 1252
f 1261 1214 439
f 440 1215 1262
f 1261 1183 1178
f 1180 1185 1262
f 1261 1250 1263
f 1260 1252 1262
f 1264 1216 1214
f 1265 1262 1215
f 1266 1275 1267
f 950 1277 1268
f 945 944 1269
f 947 1268 1270
f 1269 1282 1271
f 1270 1268 1272
f 1266 1271 1274
f 1276 1272 1268
f 1278 1269 944
f 940 1270 1279
f 934 933 1228
f 937 1279 1230
f 1228 1227 1280
f 1230 1279 1281
f 1278 1280 1282
f 1273 1281 1279
f 1253 874 871
f 1255 1285 873
f 1283 871 866
f 868 873 1285
f 1283 1284 1287
f 1289 1286 1285
f 1288 1256 1253
f 1290 1285 1255
f 1284 866 863
f 1286 1292 865
f 1291 863 408
f 410 865 1292
f 1231 1239 1293
f 1233 1292 1294
f 1291 1293 1287
f 1289 1294 1292
f 1295 573 568
f 1297 1303 571
f 568 1613 1298
f 571 1303 1299
f 1296 1298 1300
f 1302 1299 1303
f 1301 1308 1295
f 1304 1303 1297
f 1244 581 578
f 1245 1307 580
f 1306 578 573
f 575 580 1307
f 1306 1295 1308
f 1305 1297 1307
f 1309 1246 1244
f 1310 1307 1245
f 1311 1319 1246
f 1248 1320 1312
f 1309 1308 1313
f 1310 1312 1314
f 1311 1313 1315
f 1317 1314 1312
f 1316 1395 1319
f 1318 1312 1320
f 1322 1336 1323
f 1325 1337 1326
f 1322 1324 1328
f 1330 1327 1326
f 1322 1329 1332
f 1331 1326 1334
f 1333 1617 1336
f 1334 1326 1337
f 1339 1287 1293
f 1341 1343 1294
f 1340 1293 1239
f 1240 1294 1343
f 1342 1618 1345
f 1344 1343 1346
f 1340 1345 1348
f 1349 1346 1343
f 1350 1354 1256
f 1258 1355 1351
f 1288 1287 1339
f 1290 1351 1341
f 1339 1348 1352
f 1341 1351 1353
f 1352 1389 1354
f 1353 1351 1355
f 1357 1282 1280
f 1359 1361 1281
f 1358 1280 1227
f 1229 1281 1361
f 1360 1417 1363
f 1362 1361 1364
f 1358 1363 1366
f 1367 1364 1361
f 1368 1274 1271
f 1370 1371 1272
f 1369 1271 1282
f 1273 1272 1371
f 1357 1366 1372
f 1359 1371 1373
f 1369 1372 1374
f 1375 1373 1371
f 1376 1384 1216
f 1218 1385 1377
f 1264 1263 1378
f 1265 1377 1379
f 1376 1378 1380
f 1382 1379 1377
f 1381 1420 1384
f 1383 1377 1385
f 1387 1378 1263
f 1260 1379 1388
f 1257 1256 1354
f 1259 1388 1355
f 1387 1354 1389
f 1356 1355 1388
f 1390 1380 1378
f 1391 1388 1379
f 1392 1398 1393
f 1238 1399 1394
f 1247 1246 1319
f 1249 1394 1320
f 1392 1319 1395
f 1321 1320 1394
f 1396 1619 1398
f 1397 1394 1399
f 1401 1239 1236
f 1403 1404 1237
f 1402 1236 1393
f 1238 1237 1404
f 1398 1619 1405
f 1399 1404 1406
f 1402 1405 1407
f 1408 1406 1404
f 1360 1227 1225
f 1362 1412 1226
f 1409 1225 1410
f 1222 1226 1412
f 1411 1620 1414
f 1413 1412 1415
f 1409 1414 1417
f 1365 1415 1412
f 1418 1411 1410
f 1222 1413 1419
f 1217 1216 1384
f 1220 1419 1385
f 1418 1384 1420
f 1386 1385 1419
f 1421 1620 1411
f 1422 1419 1413
f 1423 1477 1424
f 1426 1423 1425
f 1428 1621 1429
f 1430 1437 1431
f 1433 1435 1432
f 1433 1460 1434
f 1436 1431 1437
f 1439 1468 1440
f 1442 1441 1443
f 1445 1451 1446
f 1448 1472 1449
f 1450 1449 1451
f 1452 1445 1447
f 1454 1448 1450
f 1455 1450 1445
f 1425 1458 1428
f 1456 1439 1441
f 1425 1424 1457
f 1433 1462 1459
f 1441 1440 1461
f 1431 1436 1462
f 1463 1456 1442
f 1464 1442 1444
f 1464 1467 1466
f 1465 1622 1467
f 1468 1438 1437
f 1461 1440 1437
f 1434 1460 1469
f 1471 1469 1460
f 1454 1466 1467
f 1467 1622 1472
f 1473 1478 1474
f 1470 1469 1474
f 1475 1474 1469
f 1477 1423 1478
f 1436 1438 1479
f 1436 1480 1481
f 1438 1468 1482
f 1483 1482 1468
f 1481 1485 1459
f 1484 1471 1459
f 1475 1496 1486
f 1487 1477 1473
f 1488 1424 1477
f 1489 1483 1439
f 1490 1489 1456
f 1463 1466 1491
f 1466 1454 1492
f 1492 1454 1455
f 1424 1488 1494
f 1493 1455 1452
f 1471 1484 1496
f 1495 1452 1453
f 1498 1451 1449
f 1498 1623 1446
f 1487 1505 1500
f 1490 1491 1501
f 1493 1506 1503
f 1487 1486 1504
f 1495 1510 1506
f 1496 1516 1504
f 1483 1512 1507
f 1481 1480 1508
f 1497 1624 1510
f 1491 1492 1503
f 1483 1489 1511
f 1488 1500 1513
f 1482 1507 1514
f 1480 1479 1514
f 1489 1490 1502
f 1496 1484 1515
f 1484 1485 1517
f 1485 1481 1509
f 1518 1522 1519
f 1521 1525 1522
f 1523 1625 1524
f 1526 1533 1527
f 1528 1626 1529
f 1529 1626 1530
f 1532 1562 1533
f 1534 1561 1535
f 1537 1536 1538
f 1540 1548 1541
f 1543 1546 1544
f 1546 1540 1542
f 1547 1587 1548
f 1549 1550 1546
f 1550 1547 1540
f 1524 1627 1522
f 1536 1535 1551
f 1522 1627 1552
f 1529 1531 1553
f 1555 1534 1536
f 1526 1529 1554
f 1556 1557 1538
f 1557 1560 1539
f 1558 1559 1557
f 1559 1628 1560
f 1561 1534 1533
f 1533 1534 1555
f 1563 1531 1530
f 1531 1563 1565
f 1549 1543 1559
f 1545 1628 1559
f 1566 1569 1567
f 1564 1629 1567
f 1569 1565 1563
f 1520 1566 1568
f 1570 1562 1532
f 1532 1554 1572
f 1573 1561 1562
f 1561 1573 1574
f 1553 1607 1572
f 1575 1607 1553
f 1569 1566 1576
f 1578 1576 1566
f 1579 1578 1520
f 1535 1574 1580
f 1551 1580 1581
f 1582 1558 1556
f 1583 1549 1558
f 1583 1585 1550
f 1519 1552 1584
f 1585 1586 1547
f 1565 1569 1577
f 1586 1600 1587
f 1544 1542 1588
f 1588 1542 1541
f 1591 1594 1578
f 1581 1604 1592
f 1593 1595 1585
f 1594 1596 1576
f 1595 1599 1586
f 1596 1630 1577
f 1597 1631 1574
f 1572 1608 1598
f 1599 1632 1600
f 1582 1592 1593
f 1574 1631 1601
f 1602 1591 1579
f 1603 1597 1573
f 1571 1598 1603
f 1580 1601 1604
f 1577 1630 1605
f 1575 1605 1606
f 1607 1606 1608

