# https://github.com/mikedh/trimesh

o casual_female-ponytail01-mesh
v -0.00470465 0.21478027 1.57670629
v -0.00559603 0.21983160 1.57442822
v -0.00500177 0.21913829 1.57284347
v -0.00698267 0.21913828 1.57967768
v -0.00787411 0.22141633 1.57670629
v -0.00658647 0.21775162 1.57997475
v -0.00539797 0.21755356 1.57928143
v -0.00718079 0.22102014 1.57650817
v -0.00648747 0.22082196 1.57611204
v -0.00143614 0.22785429 1.58997836
v -0.00054470 0.23211325 1.58760134
v -0.00133708 0.23221219 1.58750228
v 0.01619400 0.21913828 1.58225282
v 0.01906633 0.22300105 1.58136138
v 0.01718445 0.22072301 1.58443183
v -0.00470465 0.23082565 1.58552128
v -0.00619028 0.22557622 1.58562034
v -0.00450653 0.22726001 1.58799747
v -0.00401128 0.21497836 1.57462635
v -0.00331796 0.21725631 1.56997114
v -0.00311990 0.21369067 1.57353678
v 0.00965698 0.22458578 1.58958223
v 0.01025123 0.22864655 1.58641272
v 0.01054842 0.22904283 1.58720509
v -0.00490272 0.21705831 1.57839011
v -0.00589316 0.22052492 1.57571579
v -0.00569509 0.22022776 1.57502248
v 0.01351974 0.22210964 1.58532327
v 0.01431212 0.22696288 1.58512515
v 0.01351974 0.22359534 1.58789841
v 0.01401499 0.22181252 1.58423371
v 0.01569875 0.22468481 1.58195575
v 0.01520356 0.22448675 1.58155951
v -0.00074283 0.21121462 1.57165496
v 0.00113906 0.21448314 1.56739600
v 0.00094100 0.21042226 1.57106070
v 0.01015222 0.22428865 1.58809653
v 0.01025123 0.22825045 1.58571940
v 0.00975604 0.22399150 1.58859173
v 0.00549708 0.20982799 1.57096164
v 0.00777509 0.21448314 1.56808932
v 0.00678464 0.20982799 1.57205109
v 0.00777509 0.21151166 1.57294253
v 0.00906272 0.21636499 1.56937689
v 0.00777509 0.21210604 1.57403209
v 0.01134073 0.22428865 1.58898797
v 0.01371786 0.22795324 1.58700697
v 0.01203405 0.22805236 1.58621471
v 0.01698632 0.22191146 1.58571940
v 0.01748157 0.22448675 1.58274801
v 0.01569875 0.22121823 1.58601659
v 0.00034668 0.22745810 1.58968129
v 0.00094100 0.23181609 1.58740322
v 0.00024768 0.23191516 1.58740322
v -0.00846836 0.22557622 1.58027194
v -0.00727979 0.22220859 1.58294614
v 0.01540163 0.21735546 1.57957862
v 0.01649113 0.22002970 1.57660723
v 0.01480737 0.21686021 1.58076713
v 0.01767969 0.22131727 1.56293892
v 0.02183959 0.22409056 1.55729333
v 0.01946252 0.22220859 1.56412755
v 0.01391593 0.22161442 1.58393664
v 0.01460925 0.22478387 1.58195575
v 0.01361881 0.22151527 1.58462995
v -0.00203039 0.21230403 1.57244734
v -0.00173326 0.21557263 1.56838650
v -0.00143614 0.21180891 1.57205109
v 0.00876560 0.22518006 1.59047367
v 0.01044935 0.22943902 1.58789841
v 0.00945891 0.22983518 1.58750228
v 0.01084554 0.23894738 1.57898437
v 0.00757703 0.24469203 1.57036739
v 0.00648752 0.24023498 1.57957862
v 0.00490277 0.20972895 1.57066446
v 0.00480376 0.21408695 1.56699987
v 0.00549708 0.21408695 1.56709882
v 0.01411406 0.21626595 1.57205109
v 0.01361881 0.21428504 1.57710242
v 0.01292549 0.21299736 1.57631005
v 0.02183959 0.22349628 1.54243651
v 0.02619762 0.22597241 1.52847113
v 0.02431573 0.22508091 1.54312983
v 0.00222857 0.22716086 1.59077074
v 0.00153525 0.23201419 1.58809653
v 0.00153525 0.22686382 1.59037461
v 0.01530256 0.21874210 1.58155950
v 0.01609494 0.22082196 1.57749867
v 0.01708538 0.22121823 1.57839011
v 0.00351613 0.20982799 1.57046645
v 0.00331807 0.21418600 1.56699987
v 0.00401139 0.21408695 1.56699987
v 0.01322262 0.22022776 1.56333517
v 0.01272737 0.22082196 1.55788759
v 0.01500543 0.22042586 1.55818477
v 0.01936346 0.22518006 1.56699987
v 0.02292910 0.22755714 1.55957140
v 0.02035390 0.22577423 1.56769319
v 0.00411045 0.21814781 1.55927422
v 0.00510089 0.21785069 1.55442101
v 0.00490277 0.21785069 1.55967047
v -0.00539797 0.22478387 1.56303798
v -0.00658647 0.22874570 1.55669908
v -0.00638841 0.22745811 1.55610482
v -0.00896361 0.22795324 1.56620749
v -0.00886454 0.23033043 1.55808571
v -0.00836930 0.22726001 1.56600937
v -0.00183233 0.23805597 1.57670629
v -0.00034664 0.24102735 1.56739600
v -0.00163421 0.24063117 1.56699987
v -0.00658647 0.22656669 1.56541512
v -0.00787411 0.22993424 1.55788759
v -0.00678460 0.22973606 1.55759052
v 0.02154246 0.22626957 1.56848545
v 0.02471192 0.22993424 1.56184948
v 0.02253291 0.22795324 1.57066446
v -0.00470465 0.22399150 1.56204748
v -0.00500177 0.22448675 1.55501526
v -0.00381321 0.22240677 1.56115616
v -0.00708172 0.23874928 1.56561312
v -0.00856742 0.23439129 1.57244734
v -0.00609129 0.23627315 1.57452728
v 0.01252930 0.23409417 1.57522060
v 0.01381687 0.23944260 1.56749506
v 0.01342074 0.23498546 1.57640911
v -0.00589316 0.22617051 1.56462274
v -0.00609129 0.22953805 1.55729333
v -0.00628935 0.22933987 1.55699626
v 0.01718445 0.23122184 1.57254640
v 0.01876921 0.23557983 1.56541512
v 0.01738251 0.23241038 1.57423010
v 0.01817489 0.23082565 1.57175402
v 0.02134434 0.23330179 1.56392942
v 0.02035390 0.23320276 1.56363224
v -0.00113901 0.21993063 1.55967047
v 0.00104000 0.21983160 1.55382675
v 0.00143618 0.21884113 1.55937328
v 0.01312355 0.23359883 1.57432916
v 0.01342074 0.23765978 1.56610843
v 0.01282642 0.23369798 1.57472541
v 0.00737896 0.21755356 1.56135416
v 0.01035030 0.21715737 1.55967047
v 0.00926078 0.21745450 1.56274091
v 0.01104360 0.21943541 1.56343423
v 0.01213312 0.21755356 1.56145323
v 0.01252930 0.21943541 1.55986859
v 0.01490637 0.23349988 1.57502248
v 0.01817489 0.23647115 1.56610843
v 0.01579781 0.23686743 1.56591031
v 0.02213672 0.22993424 1.57234828
v 0.02302816 0.23290551 1.56373130
v 0.02075009 0.23092468 1.57254640
v -0.00004951 0.23815503 1.57710242
v 0.00153525 0.24132448 1.56779213
v 0.00064381 0.24112639 1.56759413
v -0.00975593 0.23102375 1.56957501
v -0.01035025 0.23666934 1.56422649
v -0.01094450 0.23389607 1.56155229
v 0.02065102 0.22359534 1.56541512
v 0.02253291 0.22636860 1.55848184
v 0.01995771 0.22448675 1.56620749
v 0.01777870 0.23062756 1.57145684
v 0.01926439 0.23359883 1.56392942
v 0.01748157 0.23072650 1.57195215
v -0.00282277 0.22102014 1.56026472
v -0.00282277 0.22220859 1.55422288
v -0.00203039 0.22042586 1.55996753
v 0.01896727 0.22131727 1.55759052
v 0.01678825 0.22032682 1.56313704
v 0.01381687 0.23597602 1.57769668
v 0.01312355 0.24211674 1.56907982
v 0.01272737 0.23785778 1.57868718
v 0.00797321 0.25202141 1.55362863
v 0.01460925 0.25598321 1.53530523
v 0.00836940 0.25836031 1.53570148
v 0.00579421 0.21775162 1.56006660
v 0.00698277 0.21735547 1.55630295
v 0.00658658 0.21755356 1.56066085
v -0.00371415 0.22240677 1.54144601
v -0.00222846 0.21933626 1.52906539
v -0.00034664 0.22012864 1.54144601
v 0.00143618 0.23954166 1.57868718
v 0.00361520 0.24469203 1.57066446
v 0.00262475 0.24320633 1.56937689
v 0.02065102 0.22161442 1.54303077
v 0.02005677 0.21894019 1.52827301
v 0.02203766 0.22121823 1.52817395
v 0.02837657 0.22488291 1.50737435
v 0.02718806 0.22210965 1.48667382
v 0.03015945 0.22587338 1.48647582
v 0.00113906 0.24934717 1.55184587
v 0.00193144 0.25786509 1.53520617
v -0.00034664 0.25558705 1.53421579
v 0.01579781 0.21963351 1.54332795
v 0.01421306 0.21804878 1.52876820
v 0.01668919 0.21834591 1.52847113
v 0.02649474 0.22983518 1.54471458
v 0.02778231 0.23151897 1.52926351
v 0.02916894 0.23221220 1.52946152
v 0.00321901 0.21794963 1.54144601
v 0.00312001 0.21606787 1.52926351
v 0.00430852 0.21745450 1.54184226
v -0.01035025 0.23151897 1.54243651
v -0.01322257 0.23181610 1.52807489
v -0.00975593 0.22983518 1.54213933
v -0.01391589 0.23429214 1.54352608
v -0.01728339 0.23647115 1.52876820
v -0.01282637 0.23379701 1.54352608
v -0.00450653 0.24617772 1.54976592
v -0.00569509 0.25261566 1.53282915
v -0.00757692 0.25192234 1.53253197
v -0.01163781 0.23349988 1.54342702
v -0.01460920 0.23557983 1.52847113
v -0.01025118 0.23320276 1.54312983
v 0.02798043 0.23062756 1.54520978
v 0.03204126 0.23567889 1.53065014
v 0.02897088 0.23290551 1.54649735
v -0.00876549 0.22834952 1.54184226
v -0.01054831 0.22716086 1.52837207
v -0.00747791 0.22617051 1.54174320
v -0.01559964 0.24905002 1.53243291
v -0.01530251 0.24162161 1.54818116
v -0.01134068 0.24389965 1.54907260
v 0.01609494 0.24290921 1.54976592
v 0.01867014 0.24895090 1.53312622
v 0.01629301 0.24429575 1.55055830
v -0.00975593 0.23241038 1.54263464
v -0.01361870 0.23538174 1.52817395
v -0.01371776 0.23488652 1.52807489
v 0.02302816 0.23805597 1.54828023
v 0.02550429 0.24290921 1.53213584
v 0.02233485 0.23934348 1.54887448
v 0.02550429 0.23706553 1.54788398
v 0.02807944 0.23973976 1.53134346
v 0.02441480 0.23676837 1.54768597
v 0.01629301 0.24122542 1.54887448
v 0.01857108 0.24617772 1.53223478
v 0.01599588 0.24201780 1.54927061
v 0.00737896 0.21626595 1.54312983
v 0.00965698 0.21398790 1.52946152
v 0.00995410 0.21507731 1.54421939
v 0.01342074 0.21765259 1.54421939
v 0.01252930 0.21438399 1.52956058
v 0.01361881 0.21656299 1.52916445
v 0.02124534 0.24033401 1.54927061
v 0.02134434 0.24459300 1.53203678
v 0.01857108 0.24073011 1.54907260
v 0.02857468 0.23538174 1.54748785
v 0.03105083 0.23944260 1.53144252
v 0.02728711 0.23657030 1.54778503
v -0.00163421 0.24677198 1.55026111
v -0.00252565 0.25301185 1.53312622
v -0.00411033 0.25271472 1.53292810
v -0.02025479 0.24201780 1.53065014
v -0.01569871 0.23805597 1.54610122
v 0.02629662 0.22716086 1.54362502
v 0.02807944 0.23033043 1.52906539
v 0.02580142 0.22854761 1.54402127
v -0.00589316 0.22399150 1.54154507
v -0.00737885 0.22329818 1.52866914
v -0.00480365 0.22310009 1.54154507
v 0.02342429 0.23657030 1.54748785
v 0.02669280 0.24023498 1.53144252
v 0.02322623 0.23716447 1.54788398
v 0.03471552 0.23884835 1.50886005
v 0.03471552 0.23835313 1.48677289
v 0.03610216 0.24281006 1.48736714
v 0.01629301 0.24568238 1.55125161
v 0.01688732 0.25370517 1.53461192
v 0.01520356 0.24825767 1.55244012
v -0.00193133 0.21319554 1.48934814
v 0.00222857 0.21369068 1.50915723
v -0.00203039 0.21606787 1.50915723
v 0.00539802 0.21695928 1.54213933
v 0.00549708 0.21507731 1.52926351
v 0.00638846 0.21656298 1.54263464
v 0.02530618 0.21864295 1.48726819
v 0.02530618 0.22181252 1.50717635
v 0.02362241 0.21884113 1.50767154
v 0.00797321 0.26578872 1.51490189
v 0.01530256 0.27093909 1.49301285
v 0.00718084 0.27331619 1.49370616
v -0.00450653 0.21032322 1.41962007
v 0.00014862 0.20824327 1.43417970
v -0.00361515 0.21002609 1.43833960
v 0.02461285 0.23042947 1.43011887
v 0.01767969 0.22924093 1.41011166
v 0.02015583 0.23290552 1.41001259
v -0.00242658 0.26291640 1.51371326
v -0.00123802 0.27212766 1.49350804
v -0.00420940 0.26994865 1.49291379
v 0.01758063 0.21586977 1.50836486
v 0.01579781 0.21468122 1.48885283
v 0.01926439 0.21517646 1.48835764
v 0.03144701 0.23389607 1.50786966
v 0.03184320 0.23518365 1.48657488
v 0.03322983 0.23676837 1.48667382
v 0.00341714 0.21319554 1.50915723
v 0.00262475 0.21141272 1.48924908
v 0.00381332 0.21101655 1.48924908
v -0.01629296 0.23241038 1.50806767
v -0.01540152 0.22785430 1.48815952
v -0.01500539 0.22953806 1.50826579
v -0.02065097 0.23775884 1.50866204
v -0.02065097 0.23726362 1.48855576
v -0.01936335 0.23657031 1.50876099
v -0.01044924 0.25954885 1.51222768
v -0.01054831 0.26697729 1.49172516
v -0.01262825 0.26598682 1.49162610
v -0.01649102 0.23518364 1.50846392
v -0.01946241 0.23597602 1.48875377
v -0.01777865 0.23518365 1.48845670
v -0.01124163 0.22379340 1.50866204
v -0.01361870 0.22468482 1.48835764
v -0.01153875 0.22102014 1.48875377
v -0.01916528 0.25558705 1.51222768
v -0.02510799 0.25588418 1.49152715
v -0.02372137 0.25172425 1.51202956
v 0.02065102 0.25647846 1.51202956
v 0.02124534 0.26380781 1.49053665
v 0.02075009 0.26519447 1.49093278
v -0.01589677 0.23359883 1.50806767
v -0.01649102 0.23429215 1.48815952
v -0.01639201 0.23290551 1.48806045
v 0.02798043 0.25033762 1.51074199
v 0.02986226 0.25568599 1.48924908
v 0.02857468 0.25766700 1.48944721
v 0.03164508 0.24627676 1.50994961
v 0.03184320 0.25172425 1.48865483
v 0.03045657 0.24588057 1.50985055
v 0.00975604 0.21161082 1.50925630
v 0.00747796 0.21062036 1.48915002
v 0.01054842 0.21042227 1.48924908
v 0.02065102 0.25360613 1.51113812
v 0.02104722 0.26093551 1.48994240
v 0.02104722 0.26222308 1.49023947
v 0.01381687 0.21398791 1.50895911
v 0.01332168 0.21111558 1.48905096
v 0.01470831 0.21299736 1.48895189
v 0.02322623 0.25212035 1.51084093
v 0.02679187 0.25925164 1.48954615
v 0.02362241 0.26004410 1.48974427
v 0.03362602 0.24508822 1.50985055
v 0.03590404 0.24756436 1.48796151
v 0.03501265 0.25023859 1.48835764
v -0.00668554 0.26034123 1.51262381
v -0.00708172 0.26757154 1.49222047
v -0.00876549 0.26727442 1.49202235
v -0.02520706 0.24756436 1.49004146
v -0.02382043 0.24498907 1.51064293
v 0.03035750 0.23072650 1.50757248
v 0.03233839 0.22983518 1.48627769
v 0.03204126 0.23260848 1.48647582
v 0.02916894 0.24677198 1.51014762
v 0.03035750 0.25152619 1.48865483
v 0.03006038 0.25330901 1.48895190
v -0.00737885 0.21973254 1.50895911
v -0.00886454 0.21755356 1.48905096
v -0.00757692 0.21646404 1.48915002
v 0.00678464 0.23518365 1.34107690
v 0.00609133 0.23637222 1.32097063
v 0.00747796 0.23657031 1.34295873
v 0.01817489 0.26103454 1.51351525
v 0.02005677 0.26658110 1.49132903
v 0.01797682 0.26915618 1.49231941
v 0.00579421 0.21240318 1.50915723
v 0.00510089 0.21081835 1.48924908
v 0.00628946 0.21062036 1.48924908
v -0.01104355 0.26747251 1.42774174
v -0.01332157 0.26836392 1.44339094
v -0.01183588 0.27014674 1.44349000
v 0.02897088 0.24340443 1.43299120
v 0.02649474 0.24905002 1.41526205
v 0.03035750 0.24796055 1.43368451
v 0.01688732 0.22508092 1.41199348
v 0.02183959 0.22646755 1.43021793
v 0.02075009 0.22240678 1.43190163
v 0.00985510 0.27876369 1.44507476
v 0.00153525 0.27787228 1.42932650
v 0.00302094 0.28074461 1.44576807
v -0.00718079 0.22399151 1.34999106
v -0.00827023 0.22656671 1.33137048
v -0.00767598 0.22626958 1.33008279
v 0.01282642 0.21686022 1.43279307
v 0.01262836 0.22072302 1.41318211
v 0.01579781 0.21775163 1.43318932
v -0.00579410 0.27608946 1.44537182
v -0.00420940 0.27678281 1.43041594
v -0.00599222 0.27361332 1.42932650
v 0.00133713 0.20804518 1.43289213
v -0.00113901 0.20972895 1.41377636
v -0.00024757 0.21002609 1.41199348
v 0.02609855 0.23993786 1.43150550
v 0.02362241 0.24290921 1.41338011
v 0.02748519 0.24162161 1.43229788
v -0.01411395 0.23092469 1.44220243
v -0.01292538 0.22626957 1.42744467
v -0.01361870 0.22716087 1.44289574
v -0.01857103 0.23775885 1.44160817
v -0.01619389 0.23557984 1.42665229
v -0.01758053 0.23637221 1.44200430
v -0.01124163 0.21923732 1.44378718
v -0.01203400 0.22240678 1.42813799
v -0.01114256 0.21814782 1.42803892
v -0.01480727 0.23458939 1.44230149
v -0.01490632 0.23429215 1.42714749
v -0.01371776 0.23369798 1.42704842
v -0.01827384 0.26301546 1.44349000
v -0.01985860 0.25558705 1.42843506
v -0.02164142 0.25746890 1.44408425
v 0.01460925 0.26707624 1.43833960
v 0.01163792 0.26717539 1.42229428
v 0.01451025 0.26965152 1.43952823
v -0.01381682 0.23250942 1.44220243
v -0.01272732 0.23310370 1.42685030
v -0.01282637 0.23171707 1.42685030
v 0.02273097 0.26133158 1.43536833
v 0.02055197 0.25796413 1.41744106
v 0.01956152 0.25994495 1.41744106
v 0.02590043 0.25628037 1.43497208
v 0.02391954 0.25628037 1.41694575
v 0.02253291 0.25548799 1.41694575
v 0.01490637 0.26380781 1.43645778
v 0.01173692 0.26301546 1.42001620
v 0.01460925 0.26519447 1.43744828
v 0.00470470 0.20913468 1.42952462
v 0.00539802 0.21279936 1.40862596
v 0.00787416 0.20992705 1.43021793
v 0.01054842 0.21151167 1.43101031
v 0.00876560 0.21705832 1.41110216
v 0.01163792 0.21418600 1.43190163
v 0.01758063 0.26331259 1.43586352
v 0.01807583 0.26143074 1.41763907
v 0.01470831 0.26143074 1.41833239
v 0.03006038 0.25291282 1.43447689
v 0.02540523 0.25519086 1.41654962
v 0.02906993 0.25528990 1.43467490
v -0.00896361 0.27212766 1.44408425
v -0.00767598 0.26994865 1.42833599
v -0.00866642 0.26935437 1.42803893
v -0.02005666 0.24617773 1.42694936
v -0.02183948 0.24736626 1.44240055
v 0.02659380 0.23429215 1.43001981
v 0.02183959 0.23874929 1.41110216
v 0.02629662 0.23706553 1.43081219
v -0.01025118 0.22834952 1.39258064
v -0.00965693 0.23181610 1.35940030
v -0.00995405 0.22498198 1.39317489
v 0.02471192 0.25568600 1.43487302
v 0.02084915 0.25608227 1.41724294
v 0.02431573 0.25697368 1.43517021
v -0.00836930 0.21388886 1.44319293
v -0.00945881 0.21408696 1.42784080
v -0.00866642 0.21289840 1.42665229
v 0.01401499 0.27212766 1.44071674
v 0.00965698 0.27311810 1.42595898
v 0.01233124 0.27599043 1.44289575
v 0.00361520 0.20863945 1.43051500
v 0.00074288 0.21052132 1.41021072
v 0.00163432 0.21111558 1.40892315
v -0.00529890 0.22379341 1.34692062
v -0.00599222 0.22567529 1.33037998
v -0.00490272 0.22359535 1.34791100
v -0.00638841 0.24607867 1.30948132
v -0.00678460 0.25142704 1.31958399
v -0.00638841 0.25212036 1.32017825
v 0.01272737 0.24469204 1.34216647
v 0.01223217 0.24370160 1.32295163
v 0.01312355 0.24697008 1.34375110
v 0.00519996 0.23429215 1.32136687
v 0.00628946 0.23330180 1.34345404
v -0.00252565 0.27113719 1.39773092
v -0.00331796 0.26559055 1.36682877
v -0.00569509 0.26638292 1.36653159
v -0.01470820 0.25766700 1.40634789
v -0.00975593 0.25915270 1.38594455
v -0.01173687 0.25637931 1.38515217
v 0.00529895 0.23052853 1.34870338
v 0.00430852 0.23201420 1.33444081
v 0.00460564 0.23270752 1.32968666
v -0.00787411 0.26123265 1.34335498
v -0.00757692 0.25707263 1.32394201
v -0.00856742 0.26093552 1.34523680
v 0.01243024 0.24360244 1.34434536
v 0.01163792 0.24142344 1.32929053
v 0.01193504 0.24152259 1.32542771
v -0.00579410 0.22389247 1.34761393
v -0.00708172 0.22607148 1.32889429
v -0.00668554 0.22597242 1.32859722
v -0.01094450 0.25350699 1.35741942
v -0.00737885 0.25499268 1.33196474
v -0.00836930 0.25360614 1.32978573
v -0.00846836 0.24380063 1.31502797
v -0.00737885 0.24191878 1.30849094
v -0.00737885 0.24142344 1.30859000
v -0.00827023 0.24290922 1.31473078
v -0.00727979 0.24082927 1.30928332
v -0.00817123 0.24271112 1.31532504
v -0.00767598 0.25023860 1.31859361
v -0.00658647 0.24568239 1.30928332
v -0.00698267 0.24498908 1.30898613
v -0.00222846 0.25746891 1.34385017
v -0.00401128 0.25390327 1.32106969
v -0.00420940 0.25400233 1.32047543
v -0.00975593 0.23855111 1.33800645
v -0.00935974 0.23964070 1.31898974
v -0.00935974 0.23904645 1.31760311
v 0.00777509 0.25231854 1.34087878
v 0.00619039 0.24964431 1.32077262
v 0.00747796 0.25311092 1.34157210
v 0.01342074 0.25380423 1.35890511
v 0.01223217 0.25301186 1.34840631
v 0.01312355 0.25469565 1.36237169
v -0.00193133 0.25618131 1.34662343
v -0.00321896 0.25538896 1.32770578
v -0.00351608 0.25469565 1.32423920
v -0.00638841 0.22092111 1.37009722
v -0.00292183 0.21626595 1.39020350
v -0.00519985 0.21636500 1.39416527
v 0.00163432 0.22250584 1.34929763
v 0.00113906 0.22428866 1.33642182
v 0.00212950 0.22220860 1.35256620
v 0.00698277 0.25370517 1.34226541
v 0.00599227 0.25103094 1.32453627
v 0.00648752 0.25400233 1.34464255
v 0.01312355 0.24905003 1.34543492
v 0.01233124 0.24924803 1.33384656
v 0.01342074 0.25142704 1.35187289
v -0.00579410 0.25340805 1.32206019
v -0.00579410 0.24835671 1.31175940
v -0.00599222 0.24736627 1.31076901
v -0.00856742 0.24677199 1.31641460
v -0.00727979 0.24419682 1.30888707
v -0.00747791 0.24310731 1.30868906
v 0.00817128 0.23805598 1.34493973
v 0.00708177 0.23835313 1.32958760
v 0.00866653 0.23865026 1.34830725
v 0.00807228 0.25182332 1.34216647
v 0.00698277 0.24954528 1.32423920
v 0.00668559 0.24944622 1.32215925
v -0.00846836 0.22409057 1.35434897
v -0.00896361 0.22626958 1.33860083
v -0.00866642 0.22646755 1.33493612
v -0.00321896 0.25974695 1.34285978
v -0.00440746 0.25410136 1.31988118
v -0.00490272 0.25459658 1.31988118
v 0.00985510 0.21339363 1.57472541
v 0.00906272 0.21715737 1.56997114
v 0.01094461 0.21646404 1.57056551
v 0.01619400 0.21804878 1.57452728
v 0.01480737 0.21596882 1.57839011
v -0.01342063 0.24835671 1.38277503
v -0.01451014 0.23973976 1.40367369
v -0.01649102 0.24677198 1.40486220
v -0.00876549 0.26024220 1.38624173
v -0.01163781 0.26133159 1.40654602
v -0.01054831 0.26271834 1.40664508
v -0.01094450 0.23369799 1.39267970
v -0.01025118 0.23488652 1.35741942
v -0.01074643 0.23102375 1.39258064
v -0.01381682 0.23795694 1.40367369
v -0.01272732 0.24320634 1.38109134
v -0.01233113 0.24102736 1.38059614
v -0.01193493 0.23587699 1.40347557
v -0.01163781 0.23904645 1.38010083
v -0.01114256 0.23825407 1.37990271
v -0.00866642 0.26420391 1.40704121
v -0.00678460 0.26133159 1.38673692
v -0.00718079 0.26123264 1.38673692
v -0.00945881 0.23676838 1.33632275
v -0.00906261 0.23756067 1.31780123
v -0.00926074 0.23567890 1.33820458
v -0.01084543 0.23439130 1.39376914
v -0.01054831 0.23617412 1.36148025
v -0.01044924 0.23607506 1.35940030
v 0.00113906 0.22230775 1.34939669
v 0.00004956 0.22438761 1.33354949
v 0.00044575 0.22448676 1.33275711
v -0.00074283 0.21676119 1.38693505
v -0.00381321 0.22052493 1.36534308
v -0.00341703 0.22022777 1.36534308
v 0.00193144 0.21656299 1.38634067
v 0.00212950 0.21943542 1.36593733
v 0.00361520 0.21705832 1.38713305
v -0.00212946 0.21646405 1.38881687
v -0.00519985 0.22062396 1.36772021
v -0.00450653 0.22052493 1.36653158
v -0.00827023 0.21695928 1.39961286
v -0.00866642 0.22161443 1.37584188
v -0.00817123 0.22151528 1.37425712
v 0.00510089 0.21794964 1.38792543
v 0.00371426 0.22012865 1.36910684
v 0.00579421 0.21923733 1.38990632
v -0.00430847 0.26083646 1.34276072
v -0.00628935 0.25538896 1.32027731
v -0.00609129 0.26133159 1.34295873
v 0.01322262 0.23201420 1.38832168
v 0.01054842 0.23577785 1.36603639
v 0.01500543 0.23488652 1.38861875
v 0.00896366 0.23122185 1.36633358
v 0.01233124 0.22874571 1.38951019
v 0.00935985 0.22458579 1.39069869
v 0.00638846 0.22686383 1.36890872
v 0.00727990 0.22775524 1.36801728
v 0.01619400 0.23765979 1.38881687
v 0.01153886 0.23894739 1.36781915
v 0.01639206 0.23934349 1.39000538
v 0.01896727 0.24597964 1.38990632
v 0.01530256 0.24964431 1.36613545
v 0.02015583 0.24984240 1.39149107
v 0.01807583 0.24439491 1.38960925
v 0.01411406 0.24380063 1.36524401
v 0.01460925 0.24528632 1.36474882
v 0.01906633 0.25736987 1.39664147
v 0.01421306 0.25637931 1.37683238
v 0.01827395 0.25687462 1.39753291
v 0.02065102 0.25380423 1.39327395
v 0.01500543 0.25439849 1.37128585
v 0.02035390 0.25588418 1.39485859
v 0.01530256 0.25746891 1.39178826
v 0.00935985 0.25588418 1.36445164
v 0.01451025 0.25915270 1.39218439
v 0.01322262 0.26034123 1.39267970
v 0.00777509 0.25637931 1.36663065
v 0.01114267 0.25974695 1.39376915
v 0.01559969 0.25637931 1.39178826
v 0.01035030 0.25311092 1.36415457
v 0.01015222 0.25410136 1.36385738
v -0.00747791 0.27054293 1.39832529
v -0.00896361 0.26519447 1.36712584
v -0.00876549 0.26846287 1.39842423
v -0.00965693 0.23835313 1.33612463
v -0.00926074 0.23795695 1.31631554
v -0.00955786 0.23756067 1.33622369
v 0.00609133 0.26311450 1.39644335
v 0.00034668 0.25925164 1.36910684
v -0.00004951 0.26083646 1.36841353
v 0.00638846 0.25974695 1.39565097
v 0.00044575 0.25826129 1.36950297
v 0.00628946 0.26044026 1.39604722
v 0.00460564 0.26776955 1.39723572
v -0.00054470 0.26232215 1.36772021
v -0.00183233 0.26420391 1.36712584
v -0.01223206 0.24766340 1.35365565
v -0.00906261 0.25192235 1.32790390
v -0.00945881 0.24954528 1.32513052
v -0.00688360 0.25568600 1.33315324
v -0.00955786 0.25578515 1.35900417
v -0.00886454 0.25687463 1.35969749
v -0.01153875 0.24261209 1.35078333
v -0.00955786 0.24687105 1.32255538
v -0.00945881 0.24568239 1.32186207
v -0.01094450 0.24122543 1.35018907
v -0.00896361 0.24429576 1.32176300
v -0.01054831 0.24073012 1.35038720
v -0.00747791 0.25796413 1.36138131
v -0.00579410 0.25667656 1.33741220
v -0.00609129 0.25657750 1.33582744
v 0.00490277 0.22765620 1.59017648
v 0.00817128 0.23033043 1.58710603
v 0.00500183 0.23141993 1.58779935
v -0.00252565 0.21141272 1.45567261
v 0.00232762 0.21052131 1.47122275
v -0.00212946 0.21230403 1.47241126
v 0.03006038 0.22864656 1.46795429
v 0.02510810 0.22557623 1.44982890
v 0.02798043 0.23003319 1.44963078
v -0.01153875 0.27064188 1.45973345
v -0.01381682 0.26816583 1.47587796
v -0.01193493 0.26955246 1.47607596
v 0.03382408 0.24172067 1.46904374
v 0.03322983 0.24855471 1.45220604
v 0.03521072 0.24607866 1.46973706
v 0.02362241 0.22111918 1.45111647
v 0.02708900 0.22458578 1.46805336
v 0.02530618 0.22032683 1.46904374
v 0.00678464 0.27767410 1.47815591
v 0.01223217 0.27787228 1.46151633
v 0.00529895 0.27995226 1.46211058
v 0.01599588 0.21547359 1.47033131
v 0.01797682 0.21646404 1.45230510
v 0.01936346 0.21616692 1.47013330
v -0.00401128 0.27410857 1.47756166
v -0.00212946 0.27856562 1.46240777
v -0.00460559 0.27599043 1.46151633
v 0.00361520 0.21012504 1.47082662
v 0.00163432 0.20933276 1.45319642
v 0.00292188 0.20903564 1.45250310
v 0.03124888 0.23855110 1.46844949
v 0.03075370 0.24221590 1.45111647
v 0.03253652 0.24013595 1.46874667
v -0.01609489 0.23141994 1.47280751
v -0.01411395 0.22815143 1.45785162
v -0.01500539 0.22785430 1.47310457
v -0.02074998 0.23914548 1.47300563
v -0.01857103 0.23775884 1.45735643
v -0.01975953 0.23746172 1.47330270
v -0.01332157 0.22448675 1.47340176
v -0.01104355 0.22042586 1.45864400
v -0.01134068 0.22052492 1.47369895
v -0.01688721 0.23538174 1.47320364
v -0.01728339 0.23647116 1.45775256
v -0.01589677 0.23577784 1.45755444
v -0.01995766 0.26341165 1.47607596
v -0.02213667 0.25895460 1.46012970
v -0.02352330 0.25796412 1.47627409
v 0.01985865 0.26687823 1.47350082
v 0.01698632 0.27074103 1.45725737
v 0.01956152 0.26866105 1.47419414
v -0.01579770 0.23449033 1.47300563
v -0.01470820 0.23359883 1.45725737
v -0.01579770 0.23310370 1.47290657
v 0.02738612 0.26103454 1.47191607
v 0.02609855 0.26014314 1.45408786
v 0.02500905 0.26222308 1.45418692
v 0.03045657 0.25528989 1.47112369
v 0.02986226 0.25717178 1.45359267
v 0.02837657 0.25677550 1.45359267
v 0.01995771 0.26430306 1.47260938
v 0.01708538 0.26687823 1.45567262
v 0.01975964 0.26539256 1.47300563
v 0.00747796 0.21002609 1.46983612
v 0.00965698 0.20972895 1.45101753
v 0.01074648 0.21032322 1.47003424
v 0.01351974 0.21141272 1.47003424
v 0.01361881 0.21319555 1.45180979
v 0.01480737 0.21349269 1.47023237
v 0.02253291 0.26351059 1.47231232
v 0.02332528 0.26390687 1.45428598
v 0.02005677 0.26460010 1.45468211
v 0.03382408 0.25370517 1.47082662
v 0.03263552 0.25340804 1.45299841
v 0.03154607 0.25568600 1.45329548
v -0.00836930 0.27103815 1.47657127
v -0.00698267 0.27292001 1.46052583
v -0.00836930 0.27232575 1.46022876
v -0.02263186 0.24905002 1.45824776
v -0.02372137 0.24865386 1.47439226
v 0.03204126 0.23290552 1.46785523
v 0.02956513 0.23756066 1.44992796
v 0.03164508 0.23577784 1.46815230
v 0.02916894 0.25499268 1.47112369
v 0.02649474 0.25796413 1.45379079
v 0.02887181 0.25647846 1.47132181
v -0.00767598 0.21577062 1.47379801
v -0.00876549 0.21656299 1.45884213
v -0.00767598 0.21527551 1.45844588
v 0.01896727 0.27024577 1.47488745
v 0.01470831 0.27579233 1.45983251
v 0.01718445 0.27311810 1.47617502
v 0.00619039 0.20992704 1.47013330
v 0.00411045 0.20893659 1.45171084
v 0.00529895 0.20903564 1.45121553
v -0.00411033 0.21844494 1.57115977
v -0.00430847 0.20854039 1.57938049
v -0.00470465 0.20913468 1.58116337
v -0.00510078 0.21577062 1.57819199
v -0.00599222 0.21735546 1.57987569
v -0.00549697 0.21220508 1.58423371
v -0.00500177 0.21190794 1.58413464
v -0.00589316 0.21260127 1.58433277
v -0.00589316 0.22052492 1.57571579
v -0.00500177 0.21715737 1.57908343
v -0.00480365 0.21151166 1.58393664
v -0.00460559 0.21111558 1.58373851
v -0.00232752 0.22825045 1.58968129
v -0.00212946 0.23211325 1.58690803
v -0.00272371 0.21993063 1.59394025
v -0.00173326 0.21973254 1.59384118
v -0.00034664 0.22775523 1.58987930
v 0.01867014 0.22409056 1.58294614
v 0.01460925 0.21438399 1.59096886
v 0.01460925 0.21349268 1.58987929
v -0.00470465 0.21874210 1.59225643
v -0.00599222 0.21745450 1.58987929
v -0.00242658 0.21606787 1.56878263
v -0.00183233 0.20774803 1.57640911
v -0.00311990 0.20814422 1.57789480
v 0.00955791 0.22498197 1.59017648
v 0.00836940 0.21725631 1.59473262
v 0.00856747 0.21686021 1.59433638
v 0.00945891 0.22409056 1.58908692
v -0.00470465 0.21062036 1.58334238
v -0.00480365 0.20992704 1.58284707
v -0.00500177 0.21715737 1.57908343
v 0.01262836 0.22458578 1.58958223
v 0.01084554 0.21606786 1.59423731
v 0.01203405 0.21359173 1.59086980
v 0.01173692 0.21487931 1.59294974
v 0.01391593 0.22161442 1.58393664
v 0.01490637 0.22438760 1.58126232
v 0.01243024 0.21299736 1.58987929
v 0.01233124 0.21270032 1.58968129
v 0.01431212 0.22151527 1.58492702
v 0.00282282 0.20982799 1.57046645
v 0.00252570 0.20606426 1.57403209
v -0.00064376 0.20705471 1.57551779
v 0.00084193 0.20646045 1.57482447
v 0.00876560 0.21626594 1.59344494
v 0.00856747 0.21656298 1.59384118
v 0.00906272 0.21596882 1.59324693
v 0.00896366 0.21537455 1.56868357
v 0.00648752 0.20675757 1.57581485
v 0.00490277 0.20566808 1.57403209
v 0.00589327 0.20596521 1.57492341
v 0.00787416 0.21270032 1.57462635
v 0.00906272 0.21715737 1.56997114
v 0.00668559 0.20804517 1.57759773
v 0.00658658 0.20754994 1.57670629
v 0.01015222 0.22428865 1.58809653
v 0.01044935 0.22795324 1.58512515
v 0.00906272 0.21596882 1.59324693
v 0.00995410 0.21596882 1.59374212
v 0.01272737 0.21339363 1.59037460
v 0.01371786 0.21398790 1.59086980
v -0.00044564 0.21943541 1.59364306
v 0.00034668 0.21923732 1.59344494
v 0.00094100 0.22716086 1.58968129
v -0.00846836 0.22201058 1.57690442
v -0.00648747 0.21487931 1.58730416
v 0.01609494 0.22082196 1.57749867
v 0.01441118 0.21725631 1.58155950
v 0.01272737 0.21091750 1.58502608
v 0.01262836 0.21151166 1.58601659
v 0.01312355 0.21002609 1.58413464
v 0.02322623 0.22537816 1.55798665
v 0.01698632 0.21913829 1.57591392
v 0.01480737 0.21715737 1.57284347
v 0.01441118 0.22547719 1.58264907
v 0.01233124 0.21270032 1.58968129
v 0.01213312 0.21299736 1.59007742
v -0.00094089 0.21517646 1.56799026
v -0.00123802 0.20735186 1.57601298
v 0.00767608 0.22646754 1.58987930
v 0.00678464 0.21745450 1.59512875
v 0.00757703 0.21745450 1.59493063
v 0.00242663 0.24033401 1.57967768
v 0.00212950 0.23221219 1.58869079
v 0.00619039 0.21418600 1.56729694
v 0.00430852 0.20566808 1.57393303
v 0.00371426 0.20576713 1.57393303
v 0.01223217 0.20784708 1.58076713
v 0.01143980 0.20715376 1.57947956
v 0.01193504 0.21240318 1.57522060
v 0.01044935 0.20685662 1.57829105
v 0.02837657 0.22864656 1.52886726
v 0.01995771 0.22290190 1.55660002
v 0.00094100 0.22716086 1.58968129
v 0.00094100 0.23181609 1.58740322
v 0.00094100 0.21903922 1.59334599
v 0.00163432 0.21874210 1.59403931
v 0.01817489 0.22161442 1.57928143
v 0.01391593 0.21210603 1.58760134
v 0.01322262 0.21180891 1.58680896
v 0.01441118 0.21725631 1.58155950
v 0.00420945 0.20972895 1.57056551
v 0.00312001 0.20596521 1.57393303
v 0.01569875 0.21953445 1.56343423
v 0.01767969 0.22002970 1.55858090
v 0.01322262 0.21577062 1.57125883
v 0.02421666 0.22815142 1.56026472
v 0.00609133 0.21755356 1.55521338
v -0.00589316 0.22626957 1.55560963
v -0.00589316 0.22567528 1.56412755
v -0.00747791 0.22676479 1.56581125
v -0.00292183 0.23765978 1.57611204
v -0.00282277 0.24023498 1.56660362
v -0.00074283 0.23835312 1.57710242
v -0.00589316 0.22626957 1.56511793
v -0.00609129 0.22953805 1.55729333
v 0.02411761 0.23191516 1.56323611
v -0.00371415 0.22290190 1.55442101
v -0.00658647 0.22914186 1.58324332
v 0.01401499 0.24043307 1.56828744
v -0.00589316 0.22626957 1.56511793
v 0.01688732 0.23340082 1.57561673
v 0.01777870 0.23062756 1.57145684
v 0.01956152 0.23320276 1.56343423
v 0.01867014 0.23112278 1.57215015
v 0.00420945 0.21824688 1.55362863
v 0.01342074 0.23825406 1.56660362
v 0.01044935 0.22795324 1.58512515
v 0.01084554 0.21794963 1.56392942
v 0.01114267 0.22052492 1.56283986
v 0.01272737 0.22082196 1.55788759
v 0.01312355 0.23359883 1.57432916
v 0.01361881 0.23716447 1.56571218
v 0.00064381 0.23805597 1.57710242
v -0.00975593 0.23092468 1.55828383
v 0.02183959 0.22716086 1.55897715
v 0.01936346 0.22518006 1.56699987
v 0.01916533 0.23429214 1.56452368
v 0.01490637 0.22438760 1.58126232
v -0.00193133 0.22161442 1.55402488
v 0.01153886 0.24330540 1.56997114
v 0.00272382 0.25142703 1.55313344
v 0.00797321 0.21725631 1.55739239
v 0.00183238 0.21676118 1.52926351
v 0.00064381 0.23805597 1.57710242
v 0.00153525 0.24132448 1.56779213
v 0.02342429 0.22369437 1.52797582
v 0.01886820 0.21983160 1.54342701
v 0.03075370 0.22844855 1.50747342
v -0.00044564 0.24706913 1.55045924
v -0.00252565 0.25301185 1.53312622
v 0.03085275 0.23310370 1.52985777
v 0.02183959 0.22716086 1.55897715
v 0.00440757 0.21547358 1.52926351
v -0.01203400 0.23003319 1.52807489
v -0.01609489 0.23587699 1.52876820
v -0.00609129 0.24558344 1.54946873
v -0.00935974 0.25113000 1.53223478
v -0.00302083 0.24667294 1.55006299
v -0.01361870 0.23538174 1.52817395
v -0.00945881 0.23280657 1.54283264
v 0.03204126 0.23825406 1.53114534
v -0.00856742 0.22438760 1.52857020
v 0.01837301 0.25053571 1.53362141
v -0.01401488 0.23399511 1.52807489
v -0.00945881 0.23280657 1.54283264
v 0.02421666 0.24409775 1.53223478
v 0.02698993 0.23944260 1.53114534
v 0.02342429 0.23657030 1.54748785
v 0.01867014 0.24726720 1.53263103
v 0.01361881 0.23716447 1.56571218
v 0.01302456 0.21517646 1.54530884
v 0.01342074 0.21953445 1.54312983
v 0.01421306 0.21804878 1.52876820
v 0.01886820 0.24528631 1.53193771
v 0.01629301 0.24122542 1.54887448
v 0.02946606 0.24013595 1.53144252
v -0.00044564 0.24706913 1.55045924
v -0.02005666 0.24637570 1.53203678
v 0.02778231 0.23151897 1.52926351
v 0.02530618 0.22933987 1.54431834
v -0.00609129 0.22230774 1.52876820
v 0.02639567 0.24132448 1.53183865
v 0.01956152 0.23320276 1.56343423
v 0.03471552 0.24281006 1.50945430
v 0.01322262 0.25023859 1.55323250
v -0.00599222 0.21884113 1.50905817
v -0.00609129 0.21557263 1.48924908
v 0.00668559 0.21478027 1.52926351
v 0.02124534 0.21616692 1.50796861
v 0.02283003 0.21577062 1.48786245
v 0.00014862 0.26509541 1.51460470
v 0.01540163 0.26321355 1.51430763
v -0.00708172 0.21270032 1.44240055
v -0.00628935 0.21418600 1.45795069
v -0.00747791 0.21190795 1.42546367
v 0.02193865 0.23637222 1.41001259
v 0.02996131 0.23449033 1.44953183
v -0.00510078 0.26053932 1.51282194
v -0.00708172 0.26757154 1.49222047
v 0.01460925 0.21557263 1.50876099
v 0.03303171 0.23518364 1.50816673
v 0.03015945 0.23270751 1.50777060
v 0.00460564 0.21270032 1.50915723
v -0.01332157 0.22706192 1.50826579
v -0.01787766 0.23577784 1.50886005
v -0.01827384 0.23736265 1.52876820
v -0.01243019 0.25855841 1.51193050
v -0.01451014 0.26479828 1.49132903
v -0.00836930 0.26024219 1.51242569
v -0.01559964 0.23449033 1.50816673
v -0.01649102 0.23429215 1.48815952
v -0.00876549 0.22072301 1.50886005
v -0.02084905 0.26083645 1.49162610
v 0.02005677 0.25806319 1.51252475
v 0.02084915 0.25479467 1.51153425
v -0.01668914 0.23122184 1.48786245
v -0.01559964 0.23449033 1.50816673
v 0.02590043 0.25182331 1.51084093
v 0.02916894 0.24835670 1.51044480
v 0.03035750 0.25152619 1.48865483
v 0.02916894 0.24558344 1.50985055
v 0.01252930 0.21200699 1.50925630
v 0.01886820 0.24528631 1.53193771
v 0.01460925 0.21557263 1.50876099
v 0.01579781 0.21468122 1.48885283
v 0.02075009 0.25271472 1.51084093
v 0.02104722 0.26093551 1.48994240
v 0.03342790 0.25202141 1.48865483
v -0.00510078 0.26053932 1.51282194
v 0.03015945 0.23270751 1.50777060
v 0.03184320 0.23518365 1.48657488
v 0.02698993 0.23944260 1.53114534
v 0.00658658 0.23756067 1.32423920
v 0.01124174 0.23795694 1.36653158
v 0.00955791 0.23369799 1.36564026
v 0.00688371 0.21220509 1.50915723
v -0.01322257 0.26915618 1.45953544
v -0.01025118 0.27163241 1.44378719
v -0.00985499 0.27183050 1.45993157
v -0.00955786 0.26876011 1.42793986
v 0.02639567 0.25350699 1.41625244
v 0.03214032 0.24399872 1.45161178
v 0.01896727 0.21884113 1.43358545
v 0.02124534 0.21715738 1.45240416
v 0.01530256 0.22161443 1.41387542
v -0.00361515 0.27915979 1.44646139
v -0.00628935 0.22399151 1.34830725
v -0.00807217 0.22428866 1.35177383
v 0.01480737 0.21557263 1.45220604
v -0.00767598 0.27262288 1.44438144
v -0.00767598 0.26994865 1.42833599
v -0.00698267 0.27292001 1.46052583
v 0.00252570 0.20824327 1.43150550
v 0.02510810 0.24459300 1.41437061
v 0.02926801 0.24053211 1.45042316
v -0.01243019 0.22349628 1.44349000
v -0.01272732 0.22468482 1.45834682
v -0.01490632 0.23181610 1.45725737
v -0.01609489 0.23518365 1.44249961
v -0.01956147 0.23934348 1.45705925
v -0.00926074 0.21527551 1.44388624
v -0.01371776 0.23389608 1.44210337
v -0.01272732 0.23310370 1.42685030
v -0.01470820 0.23508461 1.45725737
v -0.01857103 0.26420391 1.45973345
v -0.01223206 0.26588779 1.42764268
v 0.01124174 0.26955246 1.42358185
v 0.01649113 0.27262288 1.45814881
v 0.01728350 0.26866105 1.45636593
v -0.01322257 0.23023137 1.42685030
v -0.01371776 0.23389608 1.44210337
v 0.02104722 0.26321356 1.43546728
v 0.02471192 0.25568600 1.43487302
v 0.02134434 0.25469564 1.41694575
v 0.02698993 0.25647846 1.45359267
v 0.02728711 0.25687462 1.43497208
v 0.01173692 0.26469922 1.42090764
v 0.01728350 0.26539256 1.45497930
v 0.00777509 0.21448315 1.40961646
v 0.01233124 0.21071941 1.45141366
v 0.00648752 0.20923373 1.45062128
v 0.00985510 0.21963351 1.41248879
v 0.01282642 0.21686022 1.43279307
v 0.01480737 0.21557263 1.45220604
v 0.01213312 0.26162883 1.41902570
v 0.01490637 0.26380781 1.43645778
v 0.01728350 0.26539256 1.45497930
v -0.00767598 0.27262288 1.44438144
v 0.02183959 0.24112639 1.41219160
v 0.02609855 0.23993786 1.43150550
v 0.02926801 0.24053211 1.45042316
v -0.00926074 0.22993425 1.36148025
v -0.00935974 0.22181252 1.39376914
v 0.02391954 0.25885554 1.43536833
v 0.02698993 0.25647846 1.45359267
v 0.00727990 0.27599043 1.42853412
v 0.00262475 0.21180892 1.40773452
v -0.00559603 0.22547720 1.33226180
v -0.00440746 0.22329819 1.34890150
v -0.00292183 0.22002970 1.36534308
v -0.00589316 0.25261567 1.32077262
v -0.00638841 0.25628037 1.33434187
v -0.00609129 0.24647486 1.30977851
v 0.01233124 0.24578154 1.32453627
v 0.01510450 0.25251664 1.36801728
v 0.01500543 0.24687105 1.36425351
v 0.00569514 0.23161801 1.34593011
v 0.00807228 0.22894378 1.36712584
v 0.00490277 0.23340083 1.32513052
v -0.00797310 0.26618492 1.36653159
v 0.00242663 0.26984950 1.39792904
v -0.01659009 0.25330901 1.40634789
v -0.01292538 0.25320995 1.38455791
v -0.01668914 0.26093551 1.42784080
v 0.00480376 0.22963712 1.35147664
v -0.00797310 0.25826129 1.32721059
v -0.00916168 0.26063827 1.34741581
v -0.00985499 0.26370878 1.36781915
v 0.01203405 0.24152259 1.32146594
v 0.01223217 0.24271112 1.34672249
v -0.00628935 0.22587339 1.32839909
v -0.01183588 0.25103094 1.35613185
v -0.00727979 0.24092830 1.30859000
v -0.00916168 0.24449394 1.32116875
v -0.00856742 0.24469204 1.31532504
v -0.00737885 0.24073012 1.30987757
v -0.00807217 0.24261209 1.31591929
v -0.00876549 0.24399872 1.32235726
v -0.00827023 0.24875290 1.31780123
v -0.00252565 0.25845938 1.34315685
v -0.00212946 0.25647847 1.34454348
v -0.00926074 0.23835313 1.31631554
v -0.01035025 0.23607506 1.35732035
v -0.00975593 0.23865026 1.33969027
v 0.00599227 0.25013953 1.32126781
v 0.00866653 0.25647847 1.36524401
v 0.00985510 0.25499268 1.36365926
v 0.01203405 0.25380424 1.35365565
v 0.01262836 0.25509180 1.36603639
v 0.01391593 0.25628037 1.37901139
v 0.01441118 0.25608228 1.37475243
v -0.00113901 0.25588418 1.34870338
v -0.00727979 0.21676119 1.39812716
v -0.00757692 0.22151528 1.37257342
v 0.00153525 0.22399151 1.34087878
v 0.00262475 0.22210965 1.35593372
v 0.00430852 0.22052493 1.37158292
v 0.00302094 0.21983161 1.36653158
v 0.00579421 0.25162523 1.32790390
v 0.00589327 0.25390327 1.34721768
v 0.00678464 0.25608228 1.36801728
v 0.01233124 0.25212036 1.34335498
v -0.00559603 0.25400233 1.32334776
v 0.00747796 0.23904645 1.33523319
v 0.00906272 0.23934349 1.35177383
v 0.01173692 0.24013595 1.36910684
v 0.00628946 0.24924803 1.32017825
v 0.00827034 0.25132810 1.34345404
v -0.00876549 0.22389247 1.35692422
v -0.00539797 0.25499269 1.31998024
v 0.00846841 0.20745090 1.57789480
v 0.00787416 0.21270032 1.57462635
v 0.01292549 0.20873838 1.58245094
v -0.01718434 0.23706553 1.42625605
v -0.00935974 0.26390687 1.40684320
v -0.00767598 0.26113361 1.38663786
v -0.00995405 0.23379702 1.35741942
v -0.01272732 0.23657031 1.40367369
v -0.01134068 0.23518365 1.40337650
v -0.01064737 0.23756067 1.37970470
v -0.00797310 0.26450116 1.40714027
v -0.00896361 0.23746172 1.31918786
v -0.00906261 0.23449034 1.34008640
v -0.01074643 0.23518365 1.39485859
v 0.00074288 0.22458579 1.33196473
v 0.00113906 0.21923733 1.36534308
v -0.00014852 0.21676119 1.38634067
v -0.00133708 0.21686022 1.38752930
v -0.00906261 0.21725632 1.40099949
v 0.00638846 0.22062396 1.39188732
v -0.00718079 0.25548800 1.32087156
v 0.01094461 0.22567529 1.39059963
v 0.00985510 0.21963351 1.41248879
v 0.01668919 0.24132449 1.39139201
v 0.02183959 0.24112639 1.41219160
v 0.01718445 0.25588418 1.39842423
v 0.00935985 0.25905363 1.39505671
v 0.02134434 0.25469564 1.41694575
v -0.00985499 0.26598682 1.39862236
v -0.00916168 0.23765979 1.31631554
v 0.00569514 0.26489723 1.39674053
v 0.00609133 0.26133159 1.39634428
v 0.01213312 0.26162883 1.41902570
v -0.01183588 0.24419682 1.35137770
v -0.00797310 0.25776595 1.36048987
v -0.01015212 0.24023499 1.35068438
v -0.00708172 0.25806319 1.36227263
v 0.00440757 0.21814781 1.59493063
v 0.00232762 0.21854400 1.59473262
v -0.00619028 0.21478027 1.47359988
v -0.00995405 0.27064188 1.47627409
v 0.03481453 0.25103094 1.47043037
v 0.02283003 0.21676119 1.46993518
v -0.00123802 0.27638661 1.47835403
v 0.01460925 0.27509902 1.47746259
v -0.00678460 0.27143434 1.47676928
v 0.00500183 0.21002609 1.47043037
v -0.01837291 0.23607506 1.47350082
v -0.02154235 0.23884835 1.48845670
v -0.00886454 0.21686022 1.47389695
v -0.01579770 0.23449033 1.47300563
v 0.02560330 0.26281728 1.47201513
v 0.02867375 0.25865744 1.47171794
v 0.02916894 0.25499268 1.47112369
v 0.03194221 0.25558705 1.47112369
v 0.01599588 0.21547359 1.47033131
v 0.01995771 0.26430306 1.47260938
v -0.00678460 0.27143434 1.47676928
v 0.03124888 0.23855110 1.46844949
v -0.00331796 0.22686382 1.56491981
v -0.00113901 0.21596882 1.56977314
v -0.00361515 0.22042585 1.57611204
v 0.00143618 0.22805236 1.58888891
v -0.00341703 0.22082195 1.59037461
v 0.00074288 0.22042585 1.59195924
v 0.00529895 0.21378981 1.56739600
v 0.00945891 0.22181252 1.56135417
v 0.00737896 0.21527550 1.56977314
v -0.01431207 0.23587700 1.37267248
v -0.01332157 0.24271112 1.35355671
v -0.01361870 0.23369799 1.34969388
v 0.00440757 0.23934349 1.31512703
v 0.00282282 0.23765979 1.29967584
v 0.00262475 0.24172068 1.31849455
v -0.00311990 0.22557623 1.50341258
v -0.00817123 0.23369798 1.48617863
v -0.00361515 0.22339725 1.48479200
v 0.01490637 0.25746890 1.46854855
v 0.00648752 0.26400590 1.44626326
v 0.00817128 0.26202490 1.47142088
v -0.00064376 0.23023138 1.31374028
v -0.00034664 0.23300467 1.30730243
v 0.00113906 0.23250942 1.32414014
v 0.01213312 0.22458578 1.58086619
v 0.01777870 0.22924093 1.57205109
v 0.01441118 0.22973606 1.57115977
v 0.02253291 0.23141994 1.50252114
v 0.02421666 0.23894738 1.48449481
v 0.02372147 0.23795694 1.50470015
v 0.01322262 0.21933627 1.48221686
v 0.01876921 0.22478388 1.50192689
v 0.01302456 0.21993064 1.50252114
v 0.00341714 0.21894020 1.40763558
v 0.00232762 0.22230775 1.38000177
v 0.00856747 0.22319916 1.40723933
v 0.00747796 0.21676119 1.48221686
v 0.00113906 0.21765260 1.46339815
v 0.00658658 0.21676119 1.46102102
v 0.01104360 0.21755356 1.58591752
v 0.00926078 0.22587338 1.58621471
v 0.00827034 0.21874210 1.59067167
v 0.01451025 0.22310009 1.56224560
v 0.01748157 0.22735904 1.55858090
v 0.01569875 0.22597241 1.56660362
v -0.00103996 0.22032683 1.32414014
v -0.00024757 0.22082197 1.31542410
v 0.00064381 0.22102015 1.33067716
v 0.00401139 0.22072301 1.59304881
v 0.00143618 0.22805236 1.58888891
v 0.00074288 0.22042585 1.59195924
v 0.00024768 0.21775163 1.44160817
v 0.00529895 0.21646405 1.43725015
v 0.00856747 0.22319916 1.40723933
v 0.00737896 0.23161801 1.38426073
v 0.01381687 0.23151897 1.40773452
v -0.00955786 0.23052854 1.33463894
v -0.00846836 0.22953806 1.31334415
v -0.00856742 0.22607148 1.33513413
v 0.00767608 0.21824688 1.50242208
v 0.00203050 0.21814782 1.48350443
v -0.00262464 0.26034123 1.41605443
v -0.00341703 0.26123264 1.38931206
v -0.00876549 0.25836032 1.38594455
v 0.01619400 0.22438760 1.55620389
v 0.01985865 0.22884474 1.54085176
v 0.01827395 0.22468481 1.52124079
v 0.01272737 0.22062395 1.52183504
v 0.00500183 0.22904283 1.58898797
v 0.00153525 0.23617411 1.57848906
v -0.00420940 0.21923733 1.39119400
v -0.00153514 0.21834592 1.37970470
v 0.00955791 0.20735186 1.58056900
v 0.01124174 0.21378981 1.58304520
v 0.00995410 0.21032321 1.58690803
v 0.00668559 0.21993063 1.55996753
v 0.01064742 0.22240677 1.55689720
v 0.00312001 0.21418600 1.56749506
v -0.00094089 0.22319915 1.55996753
v 0.00420945 0.22072301 1.55838290
v -0.00589316 0.23191516 1.54253558
v -0.00163421 0.22458578 1.55412394
v -0.00341703 0.22924093 1.55699626
v 0.00133713 0.26113361 1.47112369
v -0.00807217 0.25231854 1.44873946
v -0.00767598 0.25142704 1.47023237
v 0.02154246 0.24241399 1.50598772
v 0.01758063 0.25073381 1.48825858
v 0.01678825 0.24845577 1.50836486
v 0.00797321 0.21834591 1.59265256
v 0.00718084 0.21339363 1.59423731
v 0.00827034 0.21874210 1.59067167
v 0.01124174 0.22082196 1.43685391
v 0.01837301 0.22607148 1.46072395
v 0.01233124 0.21963351 1.46102102
v 0.02421666 0.24261209 1.46131820
v 0.02144341 0.23865026 1.43358545
v 0.02332528 0.24786140 1.43497208
v 0.01579781 0.23161800 1.56313705
v 0.01361881 0.23815503 1.54709172
v 0.01134073 0.23439129 1.56541512
v 0.00262475 0.22002970 1.52054747
v 0.00767608 0.21864295 1.52143891
v 0.01054842 0.21052131 1.57700336
v 0.01282642 0.21973254 1.57809293
v 0.01124174 0.22082196 1.43685391
v 0.00450664 0.23845217 1.31611741
v 0.00361520 0.24122543 1.32384295
v 0.00401139 0.24350350 1.33533225
v -0.00292183 0.22468481 1.52124079
v -0.00678460 0.23855111 1.29690258
v -0.00975593 0.23815504 1.30343960
v -0.00886454 0.24063118 1.31076901
v 0.02243384 0.24756436 1.46211058
v 0.02144341 0.25281367 1.43437783
v 0.00094100 0.24281006 1.55026111
v 0.00708177 0.25043668 1.53233384
v 0.00133713 0.25013952 1.53154147
v 0.01302456 0.21993064 1.50252114
v 0.01272737 0.22062395 1.52183504
v 0.02233485 0.24380062 1.48568344
v 0.01748157 0.25350699 1.46508197
v 0.02144341 0.25281367 1.43437783
v 0.01054842 0.25925164 1.40525845
v 0.01599588 0.25786509 1.43715109
v 0.01282642 0.21973254 1.57809293
v 0.01490637 0.22369437 1.58264907
v -0.00440746 0.22230774 1.46448772
v -0.00866642 0.23340083 1.44289574
v -0.00470465 0.22280296 1.44230149
v -0.01243019 0.24073012 1.33077623
v -0.00935974 0.24439491 1.33483706
v -0.00262464 0.26034123 1.41605443
v -0.01252925 0.24825768 1.39901860
v -0.00945881 0.24944621 1.42328478
v 0.01441118 0.25231853 1.51034574
v 0.01540163 0.24261208 1.52797582
v 0.01678825 0.24845577 1.50836486
v 0.02292910 0.23221220 1.48231592
v 0.02253291 0.23141994 1.50252114
v 0.02233485 0.23449033 1.45973345
v 0.01767969 0.22933988 1.43655684
v 0.02144341 0.23865026 1.43358545
v -0.00638841 0.22438761 1.32196113
v -0.00836930 0.22557623 1.31205658
v -0.00668554 0.22547720 1.30244910
v 0.01213312 0.22458578 1.58086619
v 0.01094461 0.23191516 1.57413115
v 0.00232762 0.20646045 1.57512154
v -0.00133708 0.21062036 1.57423010
v 0.00252570 0.20923372 1.57185308
v 0.01916533 0.22508092 1.48201874
v -0.00916168 0.23964070 1.50668104
v -0.00727979 0.25142704 1.49083384
v -0.00955786 0.23924454 1.48786245
v 0.00302094 0.22894378 1.36187650
v -0.00044564 0.22458579 1.34315685
v 0.00153525 0.22924094 1.33959121
v -0.00846836 0.22329819 1.38416167
v -0.00559603 0.21983161 1.36672971
v -0.01391589 0.24607867 1.37564375
v -0.00876549 0.25836032 1.38594455
v -0.01064737 0.25231854 1.37148386
v 0.00926078 0.22547719 1.58908692
v 0.00926078 0.22587338 1.58621471
v -0.00569509 0.22518007 1.30581674
v -0.00490272 0.22389247 1.32255538
v 0.01985865 0.22884474 1.54085176
v 0.02213672 0.23468842 1.52460831
v 0.02084915 0.23280657 1.54392221
v 0.01322262 0.21686021 1.58809653
v -0.00302083 0.21953445 1.36068787
v -0.00559603 0.22201059 1.34276072
v -0.00381321 0.22171346 1.34028452
v -0.01124163 0.23627315 1.42239334
v -0.01104355 0.23003319 1.35979655
v -0.00906261 0.22448676 1.35959842
v 0.01213312 0.22171346 1.54005938
v 0.01748157 0.22488291 1.53936606
v 0.01233124 0.21963351 1.46102102
v 0.00331807 0.22102014 1.53748424
v 0.01322262 0.21933627 1.48221686
v 0.02233485 0.24380062 1.48568344
v 0.02154246 0.24241399 1.50598772
v 0.01748157 0.22735904 1.55858090
v 0.01926439 0.23072650 1.56293892
v 0.00995410 0.21032321 1.58690803
v 0.01143980 0.21220508 1.59186030
v -0.00668554 0.25707263 1.36346125
v -0.01005306 0.25588418 1.36266888
v -0.00668554 0.25192235 1.33889789
v -0.00173326 0.25568600 1.36138131
v -0.00292183 0.24994135 1.33850176
v -0.00559603 0.22973606 1.55788759
v -0.00727979 0.24053210 1.54887448
v -0.00836930 0.23280657 1.54322889
v 0.00628946 0.24181971 1.33978933
v 0.00510089 0.24627676 1.34860432
v 0.01441118 0.22973606 1.57115977
v 0.00787416 0.23924454 1.37405911
v 0.01569875 0.22597241 1.56660362
v -0.00906261 0.23290552 1.31294802
v -0.00797310 0.23241039 1.29254456
v -0.00846836 0.22953806 1.31334415
v -0.00619028 0.23349990 1.28343239
v -0.00747791 0.23280658 1.28947423
v -0.00747791 0.23657031 1.29254456
v 0.00173331 0.26014313 1.49241847
v 0.00133713 0.26113361 1.47112369
v 0.00371426 0.21487931 1.59631726
v 0.00411045 0.20616330 1.57502248
v 0.00450664 0.20893658 1.57175402
v 0.01995771 0.23785779 1.52579682
v 0.01817489 0.23488652 1.54491271
v 0.00688371 0.23696647 1.35533947
v 0.00757703 0.24617773 1.35979655
v 0.01510450 0.25528989 1.49063571
v -0.00747791 0.23538174 1.50529441
v -0.00331796 0.21537455 1.59324693
v -0.01262825 0.23112279 1.34711874
v -0.01302445 0.23241039 1.32542771
v -0.01193493 0.23072651 1.32552677
v 0.01124174 0.23290551 1.57660723
v 0.01094461 0.23191516 1.57413115
v -0.00886454 0.23597602 1.52520256
v -0.00718079 0.24964430 1.51014762
v 0.01579781 0.23161800 1.56313705
v 0.00797321 0.25360614 1.37386099
v 0.00282282 0.25727081 1.37445525
v 0.00143618 0.25657749 1.51232663
v 0.00836940 0.26044026 1.49291378
v 0.01777870 0.24914909 1.40634789
v 0.01609494 0.24092830 1.40278225
v 0.00668559 0.23993785 1.57056551
v 0.01143980 0.23597602 1.56719788
v 0.01064742 0.22240677 1.55689720
v 0.00232762 0.22230775 1.38000177
v 0.00014862 0.22290191 1.36177743
v 0.00658658 0.25023859 1.36197556
v -0.00916168 0.25113000 1.34018546
v 0.00014862 0.25380423 1.35751848
v 0.00133713 0.25013952 1.53154147
v -0.00708172 0.24498907 1.52936246
v -0.00133708 0.21834592 1.36078693
v 0.00113906 0.22072302 1.34632636
v 0.00113906 0.22002970 1.36375832
v 0.00767608 0.21973254 1.53946513
v 0.00440757 0.22121823 1.55323250
v -0.00480365 0.21468122 1.58165857
v -0.00361515 0.22042585 1.57611204
v -0.00361515 0.21398790 1.58096525
v -0.00638841 0.23072651 1.28462090
v -0.00727979 0.23201420 1.29046461
v 0.00797321 0.25360614 1.37386099
v 0.01134073 0.24974337 1.38148747
v -0.00985499 0.23993785 1.44656045
v 0.00094100 0.24281006 1.55026111
v -0.00430847 0.23597602 1.56591031
v 0.00222857 0.23785778 1.56838650
v 0.01817489 0.23488652 1.54491271
v 0.01540163 0.24261208 1.52797582
v 0.00638846 0.24419681 1.55154868
v 0.00619039 0.21042226 1.57452728
v 0.00975604 0.21101654 1.59057261
v -0.00064376 0.22002971 1.34087878
v 0.00975604 0.21101654 1.59057261
v 0.00718084 0.21339363 1.59423731
v 0.00945891 0.22181252 1.56135417
v 0.01183599 0.21616691 1.57215015
v 0.00737896 0.21527550 1.56977314
v 0.00242663 0.22022776 1.50252114
v -0.00014852 0.26192596 1.44656045
v 0.00321901 0.26311449 1.41595537
v -0.00638841 0.24667295 1.31294802
v -0.00341703 0.24370160 1.31879162
v -0.00371415 0.24419682 1.31413653
v 0.01758063 0.25073381 1.48825858
v 0.01748157 0.25350699 1.46508197
v 0.00242663 0.25142704 1.35722129
v 0.00589327 0.24974337 1.35484428
v -0.00014852 0.26192596 1.44656045
v -0.00896361 0.23231135 1.46527998
v -0.01015212 0.23835313 1.46755805
v -0.01332157 0.23151898 1.36672971
v 0.00361520 0.23389608 1.30007209
v 0.00381332 0.23706554 1.29472357
v -0.00628935 0.22102015 1.41456874
v -0.01203400 0.23181610 1.38455791
v 0.01054842 0.25925164 1.40525845
v 0.00212950 0.26044027 1.38614267
v 0.00866653 0.26143074 1.41199348
v -0.00896361 0.23231135 1.46527998
v 0.00579421 0.23538175 1.33711513
v 0.00391233 0.23409418 1.31790029
v -0.00737885 0.24251303 1.29838827
v -0.00886454 0.24706914 1.31750405
v 0.00708177 0.22002970 1.55640189
v 0.01213312 0.22171346 1.54005938
v 0.01995771 0.23785779 1.52579682
v 0.00787416 0.23924454 1.37405911
v 0.00539802 0.20774803 1.57819199
v 0.01223217 0.24023498 1.54867636
v 0.01134073 0.23439129 1.56541512
v 0.01361881 0.23815503 1.54709172
v -0.00123802 0.21794964 1.41536111
v 0.00104000 0.21567168 1.59433638
v 0.00777509 0.25697368 1.51282194
v 0.01332168 0.24568238 1.52965964
v 0.00539802 0.20774803 1.57819199
v 0.00619039 0.21042226 1.57452728
v 0.00153525 0.23617411 1.57848906
v -0.00262464 0.22864655 1.58641272
v 0.00173331 0.26014313 1.49241847
v -0.00916168 0.23369799 1.29620926
v -0.00391227 0.21091750 1.58522421
v -0.00321896 0.21012503 1.58482796
v -0.00817123 0.23369798 1.48617863
v -0.00510078 0.22151527 1.57690442
v -0.00351608 0.23458939 1.57551779
v -0.00519985 0.22765620 1.56591031
v 0.01332168 0.26123264 1.44230149
v -0.00173326 0.22587339 1.32453627
v -0.00361515 0.21398790 1.58096525
v -0.00103996 0.20764898 1.57749867
v -0.00321896 0.21012503 1.58482796
v -0.00876549 0.23250942 1.29690258
v -0.01203400 0.23181610 1.38455791
v 0.02292910 0.23221220 1.48231592
v 0.02233485 0.23449033 1.45973345
v 0.01609494 0.24092830 1.40278225
v -0.00817123 0.22280297 1.34909962
v -0.00856742 0.22191147 1.36762115
v 0.01599588 0.25786509 1.43715109
v 0.00302094 0.24617773 1.33869977
v 0.00143618 0.25657749 1.51232663
v 0.00589327 0.23716447 1.58037100
v -0.00381321 0.24043308 1.29918065
v -0.00450653 0.23865026 1.29224749
v -0.00559603 0.23567890 1.28590858
v -0.01025118 0.22983519 1.41595537
v -0.01332157 0.23666934 1.39683959
v -0.00589316 0.23191516 1.54253558
v -0.00232752 0.22468481 1.53817756
v -0.00688360 0.23330179 1.52411312
v 0.02243384 0.24756436 1.46211058
v 0.00539802 0.24489013 1.33513413
v -0.00321896 0.22834953 1.30690618
v -0.00153514 0.23092470 1.29006848
v -0.00331796 0.22686382 1.56491981
v -0.00341703 0.22924093 1.55699626
v -0.00827023 0.22379341 1.33077623
v 0.00440757 0.23419321 1.35920230
v 0.00321901 0.23340083 1.34107690
v 0.01104360 0.21755356 1.58591752
v -0.00599222 0.23964071 1.29195030
v -0.00688360 0.23330179 1.52411312
v -0.00747791 0.23538174 1.50529441
v 0.01569875 0.25459658 1.40377275
v 0.00282282 0.25727081 1.37445525
v -0.00866642 0.23340083 1.44289574
v -0.01025118 0.22983519 1.41595537
v 0.00222857 0.23785778 1.56838650
v 0.02134434 0.22963712 1.52213223
v 0.02134434 0.22963712 1.52213223
v 0.01629301 0.22022776 1.58175763
v 0.01857108 0.22230774 1.58037100
v 0.01678825 0.22082195 1.58284707
v -0.00311990 0.21676118 1.57284347
v -0.00411033 0.21844494 1.57115977
v -0.00371415 0.21785069 1.57056551
v 0.01044935 0.22636860 1.58948317
v 0.01114267 0.22844855 1.58750228
v 0.01143980 0.22894377 1.58839360
v -0.00460559 0.21894019 1.57749867
v -0.00589316 0.22052492 1.57571579
v -0.00569509 0.22022776 1.57502248
v 0.01361881 0.22300105 1.58492702
v 0.01451025 0.22696288 1.58542233
v 0.01361881 0.22448675 1.58760134
v -0.00024757 0.21478027 1.56987208
v 0.00004956 0.21458217 1.56759413
v 0.00064381 0.21438399 1.56957501
v 0.00807228 0.21398790 1.56987208
v 0.00886460 0.21438399 1.56789119
v 0.00807228 0.21448314 1.57016926
v 0.01302456 0.22577423 1.58928504
v 0.01342074 0.22795324 1.58730416
v 0.01243024 0.22577423 1.58898797
v 0.00064381 0.22933987 1.58878985
v 0.00094100 0.23181609 1.58740322
v 0.00034668 0.23191516 1.58750228
v -0.00589316 0.22696288 1.58492702
v -0.00708172 0.22815142 1.58255001
v -0.00619028 0.22607147 1.58423371
v 0.01540163 0.21824687 1.57799386
v 0.01678825 0.21943541 1.57601298
v 0.01510450 0.21854400 1.57848906
v 0.01094461 0.23894738 1.57908343
v 0.01074648 0.24419681 1.57036739
v 0.00975604 0.23924453 1.57918237
v 0.00470470 0.21319554 1.56838650
v 0.00539802 0.21309649 1.56640550
v 0.00529895 0.21309649 1.56838650
v 0.01213312 0.21913829 1.56194854
v 0.01262836 0.21943541 1.55729333
v 0.01371786 0.21923732 1.55759052
v 0.02154246 0.22626957 1.56848545
v 0.02520711 0.22864655 1.56115616
v 0.02203766 0.22716086 1.56957501
v -0.00430847 0.22319915 1.56155229
v -0.00668554 0.22597241 1.55560963
v -0.00619028 0.22508091 1.55531245
v 0.01262836 0.23409417 1.57522060
v 0.01441118 0.23914547 1.56749506
v 0.01351974 0.23498546 1.57660723
v -0.00589316 0.22617051 1.56462274
v -0.00678460 0.22983518 1.55739239
v -0.00698267 0.22963712 1.55719427
v 0.01718445 0.23122184 1.57254640
v 0.01956152 0.23557983 1.56551418
v 0.01738251 0.23241038 1.57423010
v -0.00113901 0.21993063 1.55967047
v -0.00054470 0.22052492 1.55392581
v 0.00014862 0.21923732 1.55947234
v 0.01074648 0.21735547 1.56254279
v 0.01203405 0.21626595 1.56046284
v 0.01243024 0.21735547 1.55976953
v 0.01589687 0.23349988 1.57531966
v 0.01817489 0.23726362 1.56630656
v 0.01698632 0.23726362 1.56620749
v -0.00004951 0.23815503 1.57710242
v 0.00133713 0.24211674 1.56808932
v 0.00044575 0.24181970 1.56779213
v -0.00886454 0.23349988 1.57175402
v -0.01114256 0.23666934 1.56442462
v -0.01124163 0.23597602 1.56373130
v 0.02065102 0.22359534 1.56541512
v 0.02362241 0.22617051 1.55848184
v 0.02025484 0.22399150 1.56581125
v 0.01351974 0.25093190 1.55352957
v 0.01351974 0.25657749 1.53540429
v 0.01213312 0.25132809 1.55362863
v 0.00569514 0.21686021 1.55947234
v 0.00668559 0.21626595 1.55580764
v 0.00648752 0.21656298 1.55996753
v -0.00420940 0.22181252 1.54154507
v -0.00411033 0.22082196 1.52886726
v -0.00252565 0.22062395 1.54154507
v 0.01460925 0.21884113 1.54332795
v 0.01451025 0.21725632 1.52886726
v 0.01579781 0.21755356 1.52866914
v 0.02857468 0.23033043 1.54530884
v 0.03273458 0.23429214 1.53035296
v 0.02916894 0.23141994 1.54600215
v -0.00935974 0.22805236 1.54194132
v -0.01193493 0.22815142 1.52827301
v -0.00886454 0.22686382 1.54194132
v 0.01688732 0.24271111 1.54986498
v 0.01956152 0.24895090 1.53322528
v 0.01688732 0.24419681 1.55055830
v -0.01044924 0.23270751 1.54293171
v -0.01431207 0.23557983 1.52837207
v -0.01451014 0.23518364 1.52827301
v 0.02362241 0.23825406 1.54847835
v 0.02708900 0.24310730 1.53233384
v 0.02302816 0.23954166 1.54907260
v 0.01401499 0.21626595 1.54471458
v 0.01342074 0.21408695 1.52965964
v 0.01401499 0.21517646 1.52936246
v 0.02134434 0.24092829 1.54936967
v 0.02382048 0.24469203 1.53233384
v 0.02005677 0.24132448 1.54927061
v -0.00183233 0.24746529 1.55045924
v -0.00252565 0.25380423 1.53342341
v -0.00401128 0.25330901 1.53312622
v 0.02698993 0.22735904 1.54382314
v 0.02986226 0.22963712 1.52916445
v 0.02679187 0.22805236 1.54402127
v 0.03748879 0.23686743 1.50876099
v 0.03897448 0.23865025 1.48687195
v 0.04016299 0.24082926 1.48707007
v 0.00064381 0.21190794 1.48934814
v 0.00222857 0.21299736 1.50925630
v 0.00024768 0.21458217 1.50925630
v 0.00500183 0.21626595 1.54223839
v 0.00529895 0.21448314 1.52936246
v 0.00599227 0.21586977 1.54273370
v 0.01520356 0.26400590 1.51420857
v 0.01777870 0.27163241 1.49251754
v 0.01569875 0.27252382 1.49271566
v -0.00460559 0.20378622 1.41486580
v 0.00034668 0.20537095 1.43338733
v -0.00153514 0.20675758 1.43556634
v 0.01718445 0.21507731 1.50866204
v 0.01728350 0.21408695 1.48895189
v 0.01906633 0.21418600 1.48875377
v -0.01272732 0.22498197 1.50856298
v -0.01391589 0.22438760 1.48835764
v -0.01262825 0.22260487 1.48855576
v 0.02421666 0.25736987 1.51202956
v 0.02560330 0.26499637 1.49004146
v 0.02510810 0.26648204 1.49043759
v -0.01629296 0.23369798 1.50816673
v -0.01659009 0.23458939 1.48815952
v -0.01678821 0.23310370 1.48796151
v 0.03144701 0.25113000 1.51094000
v 0.03422027 0.25717178 1.48905096
v 0.03283365 0.25925164 1.48915002
v 0.01411406 0.21279935 1.50915723
v 0.01480737 0.21071941 1.48924908
v 0.01569875 0.21161082 1.48915002
v 0.02768324 0.25320994 1.51103906
v 0.03045657 0.25974694 1.48924908
v 0.02887181 0.26044026 1.48934814
v -0.00589316 0.26172786 1.51272288
v -0.00599222 0.26994865 1.49192328
v -0.00777504 0.26935436 1.49162610
v 0.03293270 0.22963712 1.50767154
v 0.03560691 0.23003319 1.48657488
v 0.03580504 0.23151897 1.48667382
v 0.00609133 0.21200699 1.50925630
v 0.00569514 0.21042227 1.48924908
v 0.00698277 0.21052131 1.48924908
v -0.01163781 0.26836392 1.42754373
v -0.01381682 0.26955246 1.44299481
v -0.01233113 0.27133519 1.44309387
v 0.03075370 0.24290921 1.43378358
v 0.02906993 0.24637570 1.41516299
v 0.03174414 0.24518726 1.43408064
v 0.01084554 0.27975416 1.44438144
v 0.00638846 0.27678281 1.42853412
v 0.00906272 0.28024938 1.44457956
v -0.01005306 0.21378982 1.34305779
v -0.00955786 0.21775164 1.31958399
v -0.00906261 0.21765260 1.31889068
v 0.01520356 0.21448315 1.43259495
v 0.01272737 0.21567168 1.41149829
v 0.01708538 0.21507731 1.43289214
v -0.01252925 0.21993064 1.44339094
v -0.01421301 0.21923732 1.42704842
v -0.01342063 0.21695928 1.42685030
v 0.01659019 0.26776955 1.43824054
v 0.01391593 0.26806680 1.42209615
v 0.01609494 0.27034484 1.43933010
v -0.01451014 0.23171707 1.44190524
v -0.01480727 0.23092469 1.42605804
v -0.01470820 0.22943903 1.42595898
v 0.02619762 0.26242118 1.43546728
v 0.02401860 0.25875651 1.41744106
v 0.02302816 0.26113361 1.41734200
v 0.01262836 0.20903564 1.43031700
v 0.00935985 0.21052132 1.40842784
v 0.01351974 0.21042227 1.43091125
v 0.02352336 0.26440209 1.43546728
v 0.01896727 0.26232215 1.41793626
v 0.02183959 0.26440209 1.43576446
v -0.00906261 0.27371239 1.44358906
v -0.00787411 0.27113719 1.42803893
v -0.00886454 0.27044387 1.42784080
v 0.02976325 0.23369798 1.43061406
v 0.02490998 0.23627315 1.41040884
v 0.02976325 0.23518365 1.43101031
v -0.01579770 0.22191147 1.38941112
v -0.01441107 0.22646755 1.35226902
v -0.01599583 0.22012865 1.38980737
v 0.00430852 0.20477668 1.42972262
v -0.00044564 0.20358813 1.40813077
v 0.00044575 0.20398432 1.40674414
v -0.00638841 0.21339364 1.33790739
v -0.00628935 0.21676119 1.31819736
v -0.00599222 0.21289841 1.33899695
v -0.01104355 0.24211675 1.30235004
v -0.01203400 0.24687105 1.31502797
v -0.01153875 0.24776246 1.31572128
v 0.01708538 0.24231493 1.33612463
v 0.01609494 0.23855111 1.31601835
v 0.01728350 0.24380063 1.33721408
v 0.00123812 0.27381142 1.39565097
v -0.00450653 0.27183051 1.36296594
v -0.00519985 0.27202851 1.36286688
v 0.00668559 0.21854401 1.34117596
v 0.00658658 0.22072302 1.32255538
v 0.00678464 0.22121824 1.32037637
v -0.00420940 0.25895460 1.33969027
v -0.00767598 0.24984241 1.31720698
v -0.00777504 0.25004050 1.31661261
v -0.01411395 0.23102376 1.33018185
v -0.01431207 0.23191517 1.31037276
v -0.01431207 0.23122185 1.30878801
v 0.00896366 0.25212036 1.33602557
v 0.00619039 0.24617773 1.31502797
v 0.00876560 0.25330901 1.33671888
v -0.00926074 0.21101655 1.36385738
v -0.00628935 0.20745091 1.38663786
v -0.00777504 0.20735186 1.38881687
v 0.00302094 0.21111559 1.34068077
v 0.00321901 0.21398791 1.32275350
v 0.00341714 0.21101656 1.34256260
v 0.00747796 0.25449755 1.33731314
v 0.00510089 0.24776246 1.31710792
v 0.00718084 0.25469565 1.33869977
v -0.01074643 0.24924803 1.31819736
v -0.01074643 0.24409776 1.30561861
v -0.01074643 0.24310731 1.30423198
v -0.01401488 0.24271112 1.31156139
v -0.01243019 0.23973977 1.30126060
v -0.01243019 0.23944261 1.30116153
v 0.01104360 0.23300467 1.33721408
v 0.00916173 0.23033044 1.31819736
v 0.01104360 0.23349989 1.33899696
v 0.00906272 0.21517646 1.57125883
v 0.00896366 0.21567168 1.56868357
v 0.00985510 0.21537455 1.56878263
v -0.01252925 0.26400591 1.38327035
v -0.01421301 0.26341165 1.40525845
v -0.01262825 0.26479828 1.40545657
v -0.00985499 0.26598682 1.40595176
v -0.00945881 0.26578873 1.38366648
v -0.01005306 0.26559054 1.38356741
v -0.01282637 0.22884475 1.32770578
v -0.01381682 0.22963713 1.30779762
v -0.01292538 0.22825046 1.32849816
v -0.01659009 0.23042947 1.39079776
v -0.01550057 0.23171707 1.35642891
v -0.01559964 0.23141994 1.35385377
v -0.00341703 0.20745091 1.38307222
v -0.00609129 0.21052132 1.35959842
v -0.00549697 0.21022418 1.35959842
v 0.00440757 0.20972895 1.38416166
v 0.00361520 0.20992705 1.36197556
v 0.00480376 0.21062036 1.38515217
v -0.00747791 0.26351060 1.33919508
v -0.01015212 0.25202142 1.31631554
v -0.00797310 0.26380781 1.33919508
v 0.00935985 0.21725632 1.38713305
v 0.00718084 0.21636500 1.36217356
v 0.00777509 0.21695928 1.36167837
v 0.01896727 0.23458940 1.38604361
v 0.01411406 0.23349989 1.36138130
v 0.01906633 0.23587699 1.38673692
v 0.02362241 0.24548438 1.38802449
v 0.01926439 0.24607867 1.36019268
v 0.02391954 0.24766339 1.38901500
v 0.01847202 0.25984601 1.38951019
v 0.01163792 0.25736988 1.35959843
v 0.01718445 0.26172786 1.38990632
v 0.01530256 0.26390687 1.39050069
v 0.00926078 0.25865745 1.36118318
v 0.01411406 0.26370878 1.39099588
v 0.00718084 0.26628398 1.39436340
v -0.00024757 0.26281728 1.36494683
v -0.00074283 0.26519447 1.36435258
v -0.01738246 0.25122904 1.35207101
v -0.01500539 0.24756436 1.32364495
v -0.01500539 0.24677199 1.32275351
v -0.01213307 0.25439849 1.32919147
v -0.01401488 0.25935079 1.35524041
v -0.01312350 0.26083646 1.35593372
v -0.01094450 0.26252024 1.35741942
v -0.01015212 0.25707263 1.33345043
v -0.01064737 0.25618131 1.33186567
v 0.00757703 0.22785429 1.59007742
v 0.00896366 0.23023137 1.58809653
v 0.00807228 0.23052852 1.58819560
v 0.00014862 0.20923373 1.45458317
v 0.00272382 0.21012504 1.47132181
v 0.00034668 0.21062036 1.47191606
v -0.01173687 0.27262288 1.45913920
v -0.01361870 0.27024577 1.47538265
v -0.01143975 0.27153337 1.47548171
v 0.03838017 0.24201780 1.46924186
v 0.03521072 0.24627676 1.45240416
v 0.03877636 0.24439491 1.46963799
v 0.01480737 0.27668374 1.47667022
v 0.01401499 0.27906085 1.46062489
v 0.01213312 0.27955607 1.46072395
v 0.01797682 0.21468122 1.47062850
v 0.01896727 0.21507731 1.45270123
v 0.01985865 0.21507731 1.47052943
v -0.01302445 0.22448675 1.47340176
v -0.01213307 0.22220859 1.45854494
v -0.01213307 0.22250584 1.47359988
v 0.02342429 0.26806679 1.47270845
v 0.01995771 0.27192956 1.45656406
v 0.02322623 0.26994865 1.47340176
v -0.01599583 0.23478749 1.47280751
v -0.01480727 0.23369798 1.45725737
v -0.01629296 0.23330179 1.47280751
v 0.03194221 0.26341165 1.47142088
v 0.03025844 0.26192596 1.45388974
v 0.02847562 0.26400590 1.45398880
v 0.01550068 0.21101655 1.47033131
v 0.01480737 0.21170987 1.45180979
v 0.01619400 0.21210604 1.47033131
v 0.02708900 0.26420391 1.47161900
v 0.02599948 0.26469922 1.45398880
v 0.02441480 0.26539256 1.45408786
v -0.00757692 0.27351429 1.47597690
v -0.00638841 0.27460379 1.45993157
v -0.00787411 0.27410857 1.45963439
v 0.03481453 0.23300467 1.46825136
v 0.03313077 0.23597602 1.45042316
v 0.03491360 0.23458939 1.46835042
v 0.00698277 0.20913468 1.47033131
v 0.00519996 0.20784708 1.45180979
v 0.00658658 0.20774804 1.45131460
v -0.00609129 0.22052492 1.57868718
v -0.00718079 0.22102014 1.57650817
v -0.00539797 0.22002970 1.57858812
v -0.00411033 0.21953444 1.58066806
v -0.00361515 0.21923732 1.58056900
v -0.00203039 0.22983518 1.58898797
v -0.00133708 0.23221219 1.58750228
v -0.00212946 0.23211325 1.58690803
v -0.00153514 0.22726001 1.59037461
v -0.00113901 0.22983518 1.58908692
v 0.01431212 0.21923732 1.58393664
v 0.01470831 0.21993063 1.58512515
v -0.00242658 0.21567168 1.57512154
v -0.00361515 0.21725631 1.57353678
v 0.00926078 0.22389246 1.59027554
v 0.00926078 0.22418959 1.59077074
v -0.00331796 0.21794963 1.57977674
v -0.00460559 0.21943541 1.57799386
v 0.01262836 0.22092111 1.58730416
v 0.01223217 0.22220859 1.58938410
v 0.01401499 0.22220859 1.58363945
v 0.01520356 0.22448675 1.58155951
v 0.01490637 0.22438760 1.58126232
v 0.01292549 0.22022776 1.58631365
v 0.01282642 0.21993063 1.58611565
v 0.00123812 0.21408695 1.57155590
v -0.00024757 0.21478027 1.56987208
v 0.00064381 0.21438399 1.56957501
v 0.00737896 0.21398790 1.57224921
v 0.00737896 0.21438399 1.57264546
v 0.01143980 0.22339724 1.59067167
v 0.01104360 0.22339724 1.59047367
v 0.01589687 0.22290190 1.58512515
v 0.01659019 0.22448675 1.58245094
v 0.01510450 0.22280296 1.58472902
v 0.01421306 0.22102014 1.58720509
v 0.01371786 0.22082195 1.58700697
v 0.00143618 0.22666573 1.58987930
v 0.00123812 0.22914186 1.58869079
v -0.00470465 0.22458578 1.58631365
v -0.00480365 0.22389246 1.58571940
v 0.01351974 0.21735546 1.58047006
v 0.01332168 0.21775162 1.58096525
v 0.00519996 0.21299736 1.57036739
v 0.01104360 0.21923732 1.56175041
v -0.00747791 0.22676479 1.56581125
v -0.00916168 0.22973606 1.55798665
v -0.00817123 0.22924093 1.55768958
v -0.00787411 0.22141633 1.57670629
v -0.00292183 0.23765978 1.57611204
v -0.00193133 0.24132448 1.56719788
v -0.00321896 0.24092829 1.56680175
v -0.00183233 0.23805597 1.57670629
v 0.01817489 0.22161442 1.57928143
v -0.00470465 0.22399150 1.56204748
v -0.00589316 0.22626957 1.56511793
v 0.01451025 0.22547719 1.58274801
v 0.01777870 0.23062756 1.57145684
v 0.02015583 0.23389607 1.56373130
v 0.01936346 0.23379701 1.56353318
v 0.01817489 0.23082565 1.57175402
v -0.00094089 0.21507730 1.56789119
v 0.01064742 0.21656298 1.56274091
v 0.01688732 0.23340082 1.57561673
v 0.02075009 0.23092468 1.57254640
v 0.02233485 0.23359883 1.56402849
v 0.01966059 0.23102375 1.57234828
v 0.01748157 0.22448675 1.58274801
v 0.00064381 0.23805597 1.57710242
v -0.00856742 0.23439129 1.57244734
v 0.01698632 0.21894019 1.57551779
v 0.01173692 0.24389965 1.57026833
v 0.00470470 0.21319554 1.56630656
v -0.00193133 0.22161442 1.55402488
v 0.02164147 0.22240677 1.54283264
v 0.02322623 0.22082196 1.52827301
v 0.02401860 0.22210965 1.52827301
v 0.02015583 0.22181252 1.55719427
v 0.02075009 0.22151527 1.54303077
v -0.01302445 0.23310370 1.54342702
v -0.01639201 0.23518364 1.52876820
v -0.01193493 0.23280657 1.54342702
v -0.00628935 0.24617772 1.54966686
v -0.00777504 0.25261566 1.53282915
v -0.00965693 0.25172425 1.53253197
v -0.00490272 0.24687104 1.55006299
v 0.02490998 0.22775523 1.56036378
v 0.01421306 0.23805597 1.56660362
v -0.01015212 0.23320276 1.54303077
v 0.01975964 0.23439129 1.56462274
v 0.02431573 0.23726362 1.54768597
v 0.02788137 0.23993785 1.53134346
v 0.02342429 0.23686743 1.54748785
v 0.01371786 0.21507731 1.54530884
v 0.02758424 0.23716447 1.54798304
v 0.03154607 0.24043307 1.53173959
v 0.02669280 0.23746171 1.54798304
v 0.02312716 0.23340082 1.56392942
v -0.00064376 0.24766339 1.55065724
v -0.01639201 0.23894738 1.54689359
v -0.01173687 0.23389607 1.56165135
v -0.01163781 0.23458939 1.56234467
v -0.02104717 0.24300824 1.53124440
v -0.01639201 0.23805597 1.54629934
v 0.02391954 0.22557622 1.55818477
v 0.03204126 0.23300466 1.52995683
v 0.00163432 0.21636499 1.52926351
v -0.00054470 0.21735547 1.52926351
v 0.00569514 0.21656298 1.55501526
v 0.01520356 0.25598321 1.53530523
v 0.00232762 0.20814422 1.45339454
v 0.01559969 0.21478027 1.50886005
v -0.01956147 0.23587699 1.50876099
v -0.01946241 0.23567890 1.48865483
v -0.01807578 0.23518364 1.50886005
v -0.01758053 0.23587699 1.52876820
v -0.01203400 0.25944982 1.51193050
v -0.01213307 0.26796773 1.49132903
v -0.01411395 0.26668013 1.49113091
v -0.01005306 0.26073742 1.51232663
v -0.01351969 0.22676479 1.50836486
v 0.02431573 0.25558705 1.51153425
v -0.01609489 0.23468842 1.50826579
v 0.03283365 0.24934718 1.51074199
v 0.03342790 0.24677198 1.51004867
v 0.03471552 0.25291282 1.48855577
v 0.03214032 0.24647485 1.50994961
v 0.02897088 0.24023498 1.53154147
v 0.01351974 0.21180891 1.50935536
v 0.02520711 0.24419681 1.53233384
v 0.03630022 0.24667295 1.51024668
v 0.03986586 0.25182331 1.48845670
v 0.03907348 0.25271472 1.48855577
v 0.03233839 0.24003680 1.53173959
v -0.00420940 0.26182692 1.51282194
v -0.02451374 0.24667295 1.51103906
v -0.02094810 0.24191877 1.53084815
v -0.02550419 0.25004049 1.49033853
v -0.02451374 0.24498907 1.51064293
v 0.02996131 0.22884474 1.52906539
v 0.00500183 0.21240318 1.50925630
v -0.01342063 0.27093909 1.45904013
v 0.03501265 0.24389966 1.45210697
v -0.01114256 0.21170987 1.36672971
v -0.01084543 0.21408696 1.34414735
v 0.01718445 0.21487932 1.45260217
v -0.01817484 0.23508461 1.44190524
v -0.01678821 0.23171707 1.42645417
v -0.01649102 0.23409417 1.44240055
v -0.01837291 0.23795694 1.45735643
v -0.01718434 0.23637221 1.45765350
v -0.01312350 0.22220859 1.44329187
v 0.02005677 0.26965152 1.45577168
v -0.01421301 0.23310370 1.44190524
v 0.02817849 0.25618131 1.43517021
v 0.02580142 0.25657750 1.41704482
v 0.02451379 0.25598321 1.41694575
v 0.03065463 0.25836031 1.45359267
v 0.02916894 0.25687462 1.43526927
v 0.01411406 0.21042227 1.45161178
v 0.03194221 0.25707263 1.43507115
v 0.02926801 0.25578515 1.41664869
v 0.02847562 0.25637931 1.41684681
v 0.03560691 0.25687462 1.45339454
v 0.03461647 0.25746890 1.45359267
v -0.00767598 0.27410857 1.44398519
v -0.02183948 0.25004050 1.44279668
v -0.02391949 0.25004049 1.45834682
v -0.02342424 0.25261566 1.45884213
v -0.02104717 0.24796055 1.42714749
v -0.02193855 0.24736626 1.44240055
v 0.03322983 0.23439130 1.45012609
v 0.00302094 0.20447943 1.43081219
v -0.01272732 0.25320995 1.32790390
v 0.01936346 0.24419682 1.35910323
v 0.00272382 0.27351429 1.39575003
v 0.00638846 0.21775163 1.34256260
v -0.01361870 0.23637222 1.30651005
v -0.01223206 0.23607506 1.30036916
v -0.01203400 0.23538175 1.30027009
v -0.01451014 0.23726363 1.31433465
v -0.01381682 0.23746172 1.30720337
v -0.00411033 0.25766700 1.34038359
v -0.01431207 0.23161801 1.33226180
v 0.01223217 0.25608228 1.35870699
v 0.01609494 0.25499268 1.35761754
v 0.01530256 0.25489374 1.34880244
v 0.01520356 0.25637932 1.36148025
v 0.01659019 0.25826129 1.37316768
v 0.01589687 0.25826129 1.37554481
v -0.00272371 0.20368707 1.41169641
v 0.00351613 0.20972896 1.36058893
v 0.00995410 0.25865745 1.36048987
v 0.01718445 0.25122904 1.34711874
v 0.01520356 0.25013953 1.33325231
v 0.01738251 0.25291282 1.35038720
v 0.01867014 0.25519087 1.36712584
v 0.01797682 0.25637931 1.36890872
v -0.01035025 0.25033763 1.31948493
v -0.01391589 0.24330541 1.31215564
v 0.01411406 0.23290552 1.36058893
v 0.00827034 0.21478027 1.57363584
v 0.00817128 0.21547358 1.57115977
v -0.02094810 0.24756436 1.40357463
v -0.02134429 0.24538535 1.42665229
v -0.01896716 0.24984240 1.38019990
v -0.02104717 0.24558345 1.40307944
v -0.01292538 0.26677920 1.42744467
v -0.01748153 0.23300467 1.40139562
v -0.01787766 0.23855111 1.37732757
v -0.01698627 0.23587700 1.37673332
v -0.01807578 0.23330179 1.42605804
v -0.00916168 0.26628398 1.40605082
v -0.01470820 0.22765621 1.35127863
v -0.01639201 0.23151898 1.39198626
v -0.00411033 0.20745091 1.38366647
v 0.00866653 0.20893659 1.40763558
v 0.01114267 0.21468123 1.41100310
v 0.02510810 0.23488652 1.40981447
v 0.02798043 0.24399872 1.41466780
v 0.02114628 0.25935079 1.39614628
v 0.02025484 0.25826128 1.39713666
v 0.02431573 0.25766700 1.39337302
v 0.02362241 0.25865744 1.39426434
v 0.02065102 0.26261927 1.41744106
v 0.01421306 0.26568969 1.42080858
v -0.01867003 0.25311092 1.38109134
v -0.01748153 0.25251664 1.35276433
v -0.01351969 0.26252024 1.38307222
v -0.01629296 0.23696647 1.34434536
v -0.01510439 0.23855111 1.31572128
v -0.01688721 0.23944261 1.34583105
v -0.01035025 0.26271834 1.35831086
v 0.00698277 0.22498197 1.59156311
v 0.00836940 0.22755714 1.59007742
v 0.00282282 0.21071941 1.48934814
v 0.01688732 0.27628746 1.47657127
v -0.01956147 0.23775884 1.47320364
v -0.01817484 0.23627315 1.47340176
v -0.02094810 0.23686743 1.48855576
v 0.03342790 0.26073742 1.47132181
v 0.03342790 0.25667656 1.47092568
v 0.03194221 0.25845938 1.45359267
v 0.03471552 0.25677550 1.47092568
v 0.02877275 0.26390687 1.47151994
v 0.03719166 0.25598321 1.47082662
v 0.03828117 0.25519086 1.47072756
v -0.00599222 0.27410857 1.47617502
v -0.02431562 0.25152619 1.47459027
v -0.02580131 0.24796055 1.48994240
v -0.02401849 0.24905002 1.47419414
v 0.00569514 0.20933276 1.47052943
v 0.00658658 0.21319554 1.56878263
v 0.00757703 0.21309649 1.56709882
v 0.00718084 0.21329459 1.56917876
v 0.00817128 0.21626595 1.56105710
v 0.01025123 0.21596882 1.55877903
v 0.00916173 0.21616691 1.56165135
v 0.00836940 0.21507731 1.54372408
v 0.00945891 0.21329459 1.52956058
v 0.00965698 0.21438399 1.54431834
v 0.01015222 0.21081835 1.50935536
v 0.00975604 0.20982800 1.48924908
v 0.01134073 0.20962990 1.48934814
v 0.00727990 0.20586608 1.42912837
v 0.00510089 0.20636141 1.40654601
v 0.00916173 0.20636141 1.42962368
v 0.00212950 0.21091751 1.34077972
v 0.00212950 0.21418601 1.32156488
v 0.00242663 0.21418601 1.32116875
v 0.00153525 0.20764899 1.38287410
v 0.00222857 0.20913469 1.36009362
v 0.00252570 0.20824328 1.38336941
v 0.01015222 0.20992704 1.47003424
v 0.01114267 0.20923373 1.45111647
v 0.01183599 0.21012504 1.47013330
v 0.00619039 0.21309649 1.57096164
v 0.00668559 0.21329459 1.57135777
v 0.00688371 0.21309649 1.56680175
v 0.00896366 0.21626595 1.55778852
v 0.00807228 0.21378981 1.52946152
v 0.00945891 0.20873839 1.45091847
v 0.00163432 0.20903564 1.35969749
v 0.00341714 0.20547000 1.40595176
v 0.01559969 0.21874210 1.56254279
v 0.01629301 0.21933626 1.55808571
v 0.01758063 0.21913829 1.55838290
v 0.01312355 0.21448314 1.56937689
v 0.01441118 0.21884113 1.56234467
v 0.01886820 0.21923732 1.54352608
v 0.01876921 0.21804878 1.52847113
v 0.02055197 0.21814781 1.52837207
v 0.02263197 0.21547358 1.50816673
v 0.02283003 0.21468122 1.48825858
v 0.02461285 0.21527551 1.48806045
v 0.02075009 0.21547358 1.50826579
v 0.02055197 0.21626595 1.43338733
v 0.01777870 0.21785069 1.41298398
v 0.02233485 0.21676119 1.43368451
v 0.02243384 0.21616692 1.45280029
v 0.02421666 0.21636500 1.45280029
v 0.00836940 0.22171346 1.33711513
v 0.00698277 0.22319916 1.31671167
v 0.00727990 0.22389247 1.31512703
v 0.00945891 0.21973255 1.36039080
v 0.00777509 0.22062396 1.33860082
v 0.01203405 0.21398790 1.57155590
v 0.01203405 0.21478027 1.56917876
v 0.01104360 0.21359173 1.57353678
v 0.01104360 0.21438399 1.57145683
v 0.01223217 0.22012865 1.38733118
v 0.00906272 0.21874211 1.36078693
v 0.01619400 0.21695928 1.41238973
v 0.02342429 0.21567168 1.47033131
v 0.02520711 0.21626595 1.47023237
v 0.01302456 0.21458217 1.57264546
v 0.01441118 0.21577062 1.57096164
v 0.01342074 0.21507730 1.57323971
v 0.01956152 0.22102014 1.55768958
v 0.01718445 0.22042586 1.56264185
v 0.01678825 0.21983160 1.56264185
v 0.02738612 0.21874210 1.48746620
v 0.02679187 0.21993064 1.50767154
v 0.02580142 0.21844494 1.50786966
v 0.01985865 0.22201059 1.41110216
v 0.02500905 0.22339725 1.43140644
v 0.02431573 0.22121824 1.43209976
v 0.00777509 0.22587339 1.31265083
v 0.00955791 0.22636861 1.33354949
v 0.00926078 0.22498198 1.33473800
v 0.01104360 0.22310010 1.35969749
v 0.01530256 0.22537817 1.38544935
v 0.01460925 0.22349628 1.38604361
v 0.02728711 0.22092111 1.45161178
v 0.02986226 0.22220859 1.46894468
v 0.02877275 0.22002970 1.46934093
v 0.01203405 0.21398790 1.57482447
v 0.01233124 0.21438399 1.57541872
v 0.01401499 0.21527550 1.57036739
v 0.02857468 0.22300106 1.45091847
v 0.01163792 0.22488292 1.35940030
v 0.02084915 0.22409057 1.41021072
v 0.02857468 0.22042586 1.48716913
v 0.01857108 0.22171345 1.56333517
v 0.02233485 0.22349628 1.55739239
v 0.01946252 0.22220859 1.56402848
v 0.02471192 0.22468481 1.54312983
v 0.02570236 0.22468481 1.52827301
v 0.02698993 0.22597241 1.52847113
v 0.03035750 0.22488291 1.50747342
v 0.03075370 0.22369437 1.48677288
v 0.03273458 0.22537816 1.48677288
v 0.02471192 0.22666573 1.43071313
v 0.02144341 0.23023138 1.40981447
v 0.02629662 0.22874571 1.43071313
v 0.01035030 0.22933988 1.33384656
v 0.00817128 0.22874572 1.31284896
v 0.01064742 0.23062757 1.33513413
v 0.01431212 0.21606787 1.57482447
v 0.01619400 0.21745450 1.57353678
v 0.01480737 0.21666215 1.57601298
v 0.01520356 0.22874571 1.38535029
v 0.01302456 0.22963712 1.35989561
v 0.01649113 0.23023138 1.38544935
v 0.03065463 0.22597242 1.46844949
v 0.02976325 0.22914187 1.45032421
v 0.03233839 0.22805236 1.46835042
v 0.01550068 0.21686021 1.57254640
v 0.02134434 0.22300105 1.55699626
v 0.02877275 0.22329818 1.50747342
v 0.02788137 0.22716087 1.45042316
v 0.01243024 0.22815143 1.35949936
v 0.01302456 0.21517645 1.57730055
v 0.01332168 0.21577062 1.57839011
v 0.02015583 0.22785430 1.40961646
v 0.00341714 0.21349268 1.56848545
v 0.00212950 0.21388886 1.56680175
v 0.00321901 0.21349268 1.56650456
v 0.00351613 0.21329459 1.57066446
v 0.00242663 0.21378981 1.56878263
v 0.00401139 0.21755356 1.55877903
v 0.00222857 0.21834591 1.55362863
v 0.00391233 0.21775162 1.55352957
v 0.00272382 0.21804878 1.55897715
v 0.00104000 0.21834591 1.54154507
v 0.00282282 0.21735547 1.54154507
v -0.00787411 0.21369068 1.33978933
v -0.00807217 0.21755357 1.31750405
v -0.00767598 0.21745451 1.31690979
v -0.00827023 0.21071941 1.36247075
v -0.00856742 0.21388887 1.34087878
v -0.00579410 0.21864295 1.50905817
v -0.00619028 0.22210964 1.52886726
v -0.00609129 0.21487932 1.48934814
v -0.00361515 0.21745450 1.50915723
v -0.00708172 0.21081835 1.44200430
v -0.00401128 0.21230403 1.45686112
v -0.00619028 0.21339364 1.45804975
v -0.00886454 0.20794603 1.42397809
v -0.00559603 0.20883754 1.44002342
v -0.01163781 0.20834232 1.39525484
v -0.00737885 0.20665855 1.42090764
v -0.01193493 0.21240319 1.36821540
v -0.01054831 0.20804518 1.39297677
v -0.00609129 0.21438399 1.47359988
v -0.00401128 0.21369068 1.48944720
v -0.00420940 0.21279936 1.47310457
v -0.00153514 0.21557263 1.57086258
v -0.00292183 0.21666215 1.56937689
v -0.00242658 0.21606787 1.56878263
v -0.00064376 0.21507730 1.57284347
v -0.00203039 0.21596882 1.57155590
v -0.00331796 0.22171345 1.56066085
v -0.00391227 0.22270393 1.55442101
v -0.00282277 0.22102014 1.56026472
v -0.00698267 0.22488291 1.54164414
v -0.00916168 0.22399150 1.52866914
v -0.00619028 0.22379340 1.54154507
v -0.00480365 0.22339724 1.55471819
v -0.00906261 0.22022776 1.50905817
v -0.00985499 0.21933627 1.48895189
v -0.00866642 0.21745450 1.48915002
v -0.01025118 0.22191146 1.50886005
v -0.00985499 0.21359173 1.44358906
v -0.01243019 0.21220509 1.42665229
v -0.01124163 0.21032322 1.42655323
v -0.00896361 0.21606787 1.45894107
v -0.01054831 0.21567168 1.44349000
v -0.01530251 0.21606787 1.39050069
v -0.01391589 0.22280297 1.35543853
v -0.01490632 0.21398791 1.39089682
v -0.01282637 0.22696289 1.33028092
v -0.01312350 0.22943903 1.30987757
v -0.01252925 0.22636861 1.33117236
v -0.01391589 0.22399151 1.35434897
v -0.01025118 0.21844494 1.47379801
v -0.00926074 0.21646404 1.47399601
v -0.00420940 0.21785069 1.57522060
v -0.00529890 0.21943541 1.57363584
v -0.00500177 0.21913829 1.57284347
v -0.00539797 0.22478387 1.56303798
v -0.00708172 0.22795324 1.55650095
v -0.00708172 0.22726001 1.55620389
v -0.01074643 0.23042946 1.54243651
v -0.01401488 0.23161800 1.52817395
v -0.01044924 0.22963712 1.54233745
v -0.01550057 0.22924093 1.50836486
v -0.01589677 0.22953806 1.48806045
v -0.01520345 0.22795324 1.48815952
v -0.01371776 0.22617051 1.44259856
v -0.01441107 0.22557623 1.42615698
v -0.01441107 0.22349628 1.42645417
v -0.01668914 0.22706192 1.38941112
v -0.01510439 0.22943903 1.35137770
v -0.01659009 0.22527910 1.38941112
v -0.01322257 0.22973607 1.32790390
v -0.01401488 0.23042947 1.30720337
v -0.01401488 0.23023138 1.30720337
v -0.01550057 0.22973606 1.47290657
v -0.01451014 0.22805236 1.45775256
v -0.01480727 0.22795324 1.47310457
v -0.00331796 0.21646404 1.57759773
v -0.00440746 0.21824687 1.57601298
v -0.00569509 0.22527910 1.56363224
v -0.01599583 0.23072650 1.50826579
v -0.01490632 0.22983518 1.45755444
v -0.01342063 0.23013235 1.32800285
v -0.00678460 0.22171345 1.57957862
v -0.00846836 0.22379340 1.57858812
v -0.00846836 0.22290190 1.57779574
v -0.00460559 0.22042585 1.58146044
v -0.00688360 0.22210964 1.58056900
v -0.00916168 0.22874570 1.56699987
v -0.01114256 0.23211325 1.55996753
v -0.01064737 0.23141994 1.55917527
v -0.00935974 0.22953805 1.56789119
v -0.01421301 0.23924455 1.30829282
v -0.01243019 0.23765979 1.30056728
v -0.01243019 0.23726363 1.30046822
v -0.01480727 0.24122543 1.31790029
v -0.01421301 0.23983880 1.30888707
v -0.01777865 0.24330541 1.34761393
v -0.01460920 0.24201781 1.31879162
v -0.01896716 0.24300825 1.37841713
v -0.01807578 0.24469204 1.34840631
v -0.01946241 0.23964069 1.52975870
v -0.01510439 0.23488652 1.54431834
v -0.01540152 0.23587699 1.54491271
v -0.02391949 0.24310731 1.48915002
v -0.02203761 0.23924454 1.50915723
v -0.02282999 0.24102736 1.50965243
v -0.02074998 0.24003680 1.42615698
v -0.01985860 0.23964070 1.44170724
v -0.02104717 0.24201780 1.44190524
v -0.01926435 0.24469204 1.37881326
v -0.01985860 0.23894738 1.40189093
v -0.02025479 0.24102736 1.40228706
v -0.02104717 0.24449394 1.45755444
v -0.02183948 0.24181971 1.47330270
v -0.02302805 0.24409775 1.47359988
v -0.01886815 0.23845216 1.52926351
v -0.02025479 0.24201780 1.45735643
v -0.02005666 0.23756066 1.42585992
v -0.02263186 0.24112639 1.48875377
v -0.00678460 0.22448675 1.58294614
v -0.00846836 0.22557622 1.58027194
v -0.00708172 0.22359534 1.58225282
v -0.00975593 0.23102375 1.56957501
v -0.01411395 0.24102737 1.30987757
v -0.01243019 0.23874929 1.30086447
v -0.01243019 0.23845217 1.30076540
v -0.01827384 0.24756436 1.34989200
v -0.01470820 0.24469204 1.32126781
v -0.01460920 0.24380063 1.32047543
v -0.00519985 0.22201058 1.58383758
v -0.00945881 0.23191516 1.57026833
v -0.01401488 0.24152259 1.31047183
v -0.01936335 0.24825768 1.37970470
v -0.01807578 0.24875290 1.35068438
v -0.01559964 0.24162161 1.54828023
v -0.02084905 0.24627676 1.53223478
v -0.01589677 0.24073011 1.54778503
v -0.02451374 0.25172425 1.51212862
v -0.02094810 0.24518725 1.53183865
v -0.02580131 0.25420030 1.49103184
v -0.02431562 0.25004049 1.51173237
v -0.02183948 0.25776594 1.44398519
v -0.02362230 0.25776594 1.45963439
v -0.02322612 0.26034123 1.46012970
v -0.02134429 0.25568600 1.42823705
v -0.02164142 0.25519086 1.44358906
v -0.02015573 0.25350699 1.40506032
v -0.02154235 0.25311092 1.42784080
v -0.01837291 0.25459658 1.38158653
v -0.02065097 0.25152619 1.40446607
v -0.02411756 0.25865744 1.47587796
v -0.02540512 0.25637931 1.49132903
v -0.02382043 0.25628037 1.47548171
v -0.00510078 0.23042946 1.58502608
v -0.00510078 0.22775523 1.58611565
v -0.00470465 0.22815142 1.58670990
v -0.00846836 0.23874928 1.56551418
v -0.00737885 0.23538174 1.57353678
v -0.00678460 0.23577784 1.57403209
v -0.01718434 0.24895090 1.53263103
v -0.01342063 0.24290921 1.54867636
v -0.01262825 0.24360244 1.54897354
v -0.02065097 0.25538895 1.51232663
v -0.02322612 0.25964791 1.49162610
v -0.02174049 0.25429945 1.51232663
v -0.01817484 0.25994495 1.42793986
v -0.02055192 0.26103455 1.44349000
v -0.01956147 0.26232215 1.44339094
v -0.02124523 0.26351059 1.47577889
v -0.02084905 0.26281728 1.45953544
v -0.02164142 0.26182692 1.47577889
v -0.00411033 0.22527909 1.58750228
v -0.00371415 0.22557622 1.58809653
v -0.00559603 0.23003318 1.58443183
v -0.00926074 0.23825406 1.56521699
v -0.01817484 0.24815861 1.53243291
v -0.01985860 0.26410497 1.45943638
v -0.02213667 0.26093551 1.49152715
v -0.01916528 0.25637931 1.40496126
v -0.01698627 0.25806319 1.38208172
v -0.01748153 0.25697369 1.38188371
v -0.01906622 0.25855841 1.42803893
v -0.01847197 0.25756797 1.40506032
v -0.01708533 0.25459658 1.35335858
v -0.01441107 0.24984241 1.32522958
v -0.01451014 0.24914909 1.32463533
v -0.01659009 0.25528990 1.35355671
v -0.01342063 0.24429576 1.31284896
v -0.01203400 0.24053212 1.30155778
v -0.01213307 0.24033402 1.30145872
v -0.01322257 0.24469204 1.31314603
v -0.01639201 0.25974695 1.40525845
v -0.01510439 0.26083645 1.38257703
v -0.01569871 0.25994496 1.38237891
v -0.01569871 0.25707263 1.35415096
v -0.01342063 0.25182332 1.32681434
v -0.01361870 0.25122904 1.32622008
v -0.01262825 0.24548439 1.31393840
v -0.01163781 0.24122543 1.30185485
v -0.01173687 0.24102737 1.30175579
v -0.01659009 0.26301546 1.42754373
v -0.01559964 0.26093552 1.40525845
v -0.01520345 0.25786510 1.35454709
v -0.01243019 0.24597964 1.31423559
v -0.00321896 0.22914186 1.58809653
v -0.00292183 0.22636860 1.58918598
v -0.00252565 0.22666573 1.58958223
v -0.00401128 0.23112278 1.58591752
v -0.00371415 0.22884474 1.58770029
v -0.00450653 0.23696646 1.57531966
v -0.00331796 0.23161800 1.58621471
v -0.00529890 0.24003679 1.56630656
v -0.00529890 0.23666933 1.57492341
v -0.00896361 0.24538534 1.54946873
v -0.00638841 0.23983879 1.56610843
v -0.01252925 0.25023859 1.53243291
v -0.01035025 0.24498907 1.54936967
v -0.01728339 0.25687462 1.51212862
v -0.01411395 0.24984240 1.53253197
v -0.01540152 0.25746890 1.51202956
v -0.01886815 0.26291640 1.49132903
v -0.01629296 0.26677920 1.44309387
v -0.01738246 0.26687823 1.45923826
v -0.01609489 0.26836392 1.45913920
v -0.01530251 0.26430306 1.42754373
v -0.01738246 0.26519447 1.44319293
v -0.01718434 0.26390687 1.49122997
v -0.01827384 0.26618491 1.47567983
v -0.01688721 0.26767061 1.47548171
v 0.00183238 0.22914186 1.58938410
v 0.00203050 0.23211325 1.58859173
v 0.00163432 0.23201419 1.58829466
v 0.00143618 0.23954166 1.57868718
v 0.00242663 0.24429575 1.57016927
v 0.00193144 0.24360243 1.56957501
v 0.00104000 0.24944621 1.55184587
v 0.00074288 0.25687462 1.53481004
v -0.00024757 0.25568599 1.53421579
v -0.00193133 0.26430306 1.51371326
v -0.00163421 0.27351429 1.49281472
v -0.00302083 0.27222669 1.49241848
v -0.00559603 0.27707993 1.44497569
v -0.00519985 0.27599043 1.42972263
v -0.00589316 0.27420752 1.42922743
v -0.01223206 0.26450116 1.34048265
v -0.01282637 0.25509181 1.32067356
v -0.01292538 0.26450116 1.34167116
v -0.01015212 0.27262288 1.39644335
v -0.01233113 0.27103816 1.36365926
v -0.01104355 0.27163241 1.39644335
v -0.00331796 0.27678280 1.47686834
v -0.00282277 0.27935797 1.46121914
v -0.00391227 0.27777325 1.46082301
v 0.00262475 0.22607147 1.59047367
v 0.00222857 0.22904283 1.58968129
v 0.00193144 0.23993785 1.57918237
v 0.00193144 0.25033762 1.55244012
v -0.00034664 0.26519447 1.51410951
v -0.00470465 0.27886275 1.44547089
v -0.01173687 0.27163241 1.36326313
v -0.00193133 0.27807037 1.47726459
v 0.00440757 0.24023498 1.57957862
v 0.00460564 0.24538534 1.57086258
v 0.00341714 0.24033401 1.57957862
v 0.00312001 0.23201419 1.58878985
v 0.00401139 0.25152618 1.55323250
v 0.00529895 0.25865744 1.53570148
v 0.00371426 0.25875650 1.53560242
v 0.00529895 0.25172425 1.55333156
v 0.00539802 0.26687823 1.51470376
v 0.00272382 0.27450473 1.49291379
v 0.00331807 0.26687823 1.51470376
v -0.00024757 0.28193317 1.44547089
v -0.00282277 0.27846648 1.42982169
v -0.00193133 0.28153698 1.44566901
v 0.00054480 0.28163602 1.46161539
v -0.00609129 0.27381142 1.39584909
v -0.00975593 0.27212766 1.36276794
v -0.00737885 0.27351429 1.39614628
v -0.00133708 0.27876369 1.42952462
v -0.01094450 0.26469922 1.33949215
v -0.01203400 0.25271473 1.31720698
v -0.01143975 0.26469922 1.33969027
v -0.00906261 0.27222669 1.36276794
v 0.00331807 0.22884474 1.58997836
v 0.00391233 0.23181609 1.58869079
v 0.00381332 0.22577423 1.59126593
v 0.00401139 0.22874570 1.59007742
v 0.00212950 0.27985311 1.47756166
v 0.00242663 0.28183411 1.46151633
v 0.00500183 0.27480189 1.49291379
v 0.00757703 0.23993785 1.57947956
v 0.00767608 0.24518725 1.57056551
v 0.00648752 0.24023498 1.57957862
v 0.00797321 0.25202141 1.55362863
v 0.01044935 0.25836031 1.53589949
v 0.00896366 0.25905363 1.53599855
v 0.01183599 0.26648204 1.51470376
v 0.01025123 0.27450473 1.49291379
v 0.00995410 0.26737345 1.51500095
v 0.00559614 0.28193317 1.44487663
v 0.00183238 0.27876369 1.42912837
v 0.00381332 0.28242839 1.44507476
v -0.00302083 0.27470283 1.39555191
v -0.00658647 0.27232576 1.36276794
v -0.00737885 0.27252382 1.36266888
v -0.00906261 0.26440210 1.33919508
v -0.01094450 0.25241761 1.31671167
v -0.00955786 0.26469922 1.33929414
v 0.00539802 0.22854761 1.59007742
v 0.00628946 0.23112278 1.58829466
v 0.00559614 0.23141993 1.58839360
v 0.00995410 0.27925894 1.47716553
v 0.00906272 0.28123974 1.46102102
v 0.00727990 0.28193317 1.46121914
v 0.00935985 0.25182331 1.55362863
v -0.00163421 0.27430664 1.39565097
v 0.00529895 0.22547719 1.59146405
v 0.00609133 0.22834951 1.59007742
v 0.01213312 0.27896178 1.47706646
v 0.00965698 0.22716086 1.59027554
v 0.01084554 0.22953805 1.58888891
v 0.01035030 0.22973606 1.58869079
v 0.01342074 0.23706552 1.57848906
v 0.01381687 0.24231492 1.56917876
v 0.01292549 0.23785778 1.57898437
v 0.01649113 0.24726720 1.55194493
v 0.01758063 0.25370517 1.53461192
v 0.01599588 0.24855471 1.55253918
v 0.02114628 0.26093551 1.51351525
v 0.02263197 0.26776955 1.49122997
v 0.02134434 0.26885914 1.49162610
v 0.01441118 0.27519805 1.44150911
v 0.01084554 0.27410857 1.42576086
v 0.01342074 0.27727803 1.44249962
v -0.00539797 0.26123265 1.33909602
v -0.00866642 0.25103094 1.31611741
v -0.00599222 0.26202491 1.33919508
v 0.00549708 0.27113719 1.39505672
v -0.00123802 0.26876012 1.36356020
v -0.00193133 0.26994865 1.36326313
v 0.02114628 0.27282097 1.47468933
v 0.01649113 0.27737706 1.45913920
v 0.02015583 0.27430664 1.47528359
v 0.00876560 0.22458578 1.59136499
v 0.00836940 0.22468481 1.59146405
v 0.01431212 0.24152258 1.56878263
v 0.01837301 0.25212035 1.53411672
v 0.01738251 0.27579233 1.45834682
v 0.01213312 0.27242479 1.42457235
v 0.01074648 0.22557622 1.58799747
v 0.01193504 0.22785429 1.58651178
v 0.01124174 0.22785429 1.58611565
v 0.01015222 0.22329818 1.58997836
v 0.00975604 0.22329818 1.58968129
v 0.01312355 0.23359883 1.57432916
v 0.01480737 0.23775884 1.56600937
v 0.01371786 0.23785778 1.56591031
v 0.01401499 0.23359883 1.57462635
v 0.01748157 0.24142343 1.54907260
v 0.01995771 0.24588057 1.53223478
v 0.01639206 0.24172067 1.54897354
v 0.02382048 0.25350698 1.51084093
v 0.02649474 0.26152977 1.48954615
v 0.02520711 0.26212405 1.48964521
v 0.02124534 0.24568238 1.53233384
v 0.01728350 0.26509541 1.43635872
v 0.01550068 0.26242118 1.41862957
v 0.01401499 0.26252024 1.41892676
v 0.02005677 0.26559054 1.45458317
v 0.01896727 0.26479828 1.43625965
v 0.00609133 0.25429946 1.34087878
v 0.00480376 0.24865387 1.32235726
v 0.00579421 0.25420031 1.34226541
v 0.00787416 0.25855841 1.36266888
v 0.00718084 0.25836032 1.36336219
v 0.01183599 0.26252024 1.39228345
v 0.01064742 0.26162883 1.39287771
v 0.02362241 0.26509541 1.47191607
v 0.02154246 0.26539256 1.45438505
v 0.02490998 0.26450115 1.47181701
v 0.01718445 0.22220859 1.58462995
v 0.01867014 0.22409056 1.58294614
v 0.01708538 0.22280296 1.58532327
v 0.01500543 0.22102014 1.58680896
v 0.01500543 0.22141633 1.58740322
v 0.02233485 0.22894377 1.57155590
v 0.02490998 0.23191516 1.56343423
v 0.02213672 0.22993424 1.57234828
v 0.01886820 0.22369437 1.58205470
v 0.02956513 0.23419320 1.54719066
v 0.03372503 0.23825406 1.53134346
v 0.02926801 0.23538174 1.54758691
v 0.02520711 0.23092468 1.56274092
v 0.03857830 0.24310730 1.50975149
v 0.04095537 0.24588057 1.48766433
v 0.04055918 0.24835671 1.48786245
v 0.03828117 0.24102736 1.50945430
v 0.03461647 0.25083284 1.43447689
v 0.03045657 0.25400233 1.41645056
v 0.03461647 0.25350699 1.43477396
v 0.03748879 0.25212035 1.45280029
v 0.03719166 0.25459658 1.45319642
v 0.01678825 0.24687105 1.33929414
v 0.01589687 0.24290922 1.31859361
v 0.01668919 0.24825768 1.34028453
v 0.01966059 0.25013953 1.36247075
v 0.01946252 0.25212036 1.36365926
v 0.02540523 0.25251663 1.39059963
v 0.02540523 0.25489374 1.39149107
v 0.03075370 0.25172426 1.41605443
v 0.02540523 0.25489374 1.39149107
v 0.03045657 0.25400233 1.41645056
v 0.03996492 0.25212035 1.47043037
v 0.04026205 0.24954527 1.47013331
v 0.01470831 0.21933626 1.57947956
v 0.01609494 0.22082196 1.57749867
v 0.01451025 0.21973254 1.57997475
v 0.01312355 0.21854400 1.58185669
v 0.01302456 0.21884113 1.58235188
v 0.01966059 0.22488291 1.56660362
v 0.02253291 0.22745811 1.55927422
v 0.01936346 0.22518006 1.56699987
v 0.01629301 0.22042585 1.57700336
v 0.02639567 0.22914186 1.54441740
v 0.02946606 0.23161800 1.52946152
v 0.02609855 0.22963712 1.54451646
v 0.02283003 0.22706192 1.55897715
v 0.03283365 0.23290551 1.50786966
v 0.03639928 0.23439130 1.48667382
v 0.03630022 0.23567890 1.48677288
v 0.02966419 0.23102375 1.52936246
v 0.03095176 0.23845216 1.43170363
v 0.02679187 0.24073012 1.41199348
v 0.03055557 0.23983879 1.43209976
v 0.03441840 0.23944260 1.45072034
v 0.03451740 0.24102736 1.45091847
v 0.01163792 0.23458940 1.34266166
v 0.00995410 0.23280658 1.32661621
v 0.01183599 0.23498547 1.34454348
v 0.01451025 0.23498547 1.36276794
v 0.01460925 0.23557984 1.36336219
v 0.01995771 0.23855111 1.38832168
v 0.01995771 0.23964070 1.38901500
v 0.02679187 0.23944261 1.41139923
v 0.03620117 0.23924454 1.46864761
v 0.03639928 0.23775884 1.46854855
v 0.05709981 0.13821806 1.51093999
v 0.06254722 0.14277416 1.52540068
v 0.06294341 0.12930395 1.52242929
v 0.05066185 0.06898522 1.56333516
v 0.05492080 0.08057354 1.57680535
v 0.04858190 0.06512239 1.57749866
v 0.05620837 0.08077164 1.52797582
v 0.05789219 0.08483250 1.54441739
v 0.05422750 0.07453176 1.54570496
v 0.02144341 0.11306048 1.64068971
v 0.03332889 0.09463801 1.63088422
v 0.03461647 0.11434807 1.63256792
v 0.04353056 0.05076076 1.56511792
v 0.04273819 0.05026558 1.57878623
v 0.03907348 0.04392667 1.58037099
v 0.05541600 0.07492795 1.52738156
v 0.05085992 0.06433001 1.54679453
v 0.06294341 0.12870968 1.57977674
v 0.06442909 0.13831710 1.56729694
v 0.06324054 0.13950565 1.58086619
v 0.05343511 0.09632168 1.60612286
v 0.04372863 0.07829549 1.61800829
v 0.05085992 0.07799836 1.60562755
v 0.05383131 0.17080405 1.53193771
v 0.03560691 0.19120743 1.54144601
v 0.03808304 0.19041506 1.54719066
v 0.06116059 0.09850080 1.55976952
v 0.05630744 0.08235636 1.56155228
v 0.04511533 0.06007105 1.60424092
v 0.03689453 0.05878348 1.61503690
v 0.01748157 0.07403653 1.63484599
v 0.02649474 0.05670353 1.62147487
v 0.03154607 0.07611649 1.62672433
v 0.04660095 0.05690161 1.56531605
v 0.01886820 0.20061675 1.56680175
v 0.01975964 0.20012142 1.56858451
v 0.06482527 0.12771923 1.56561312
v 0.06492441 0.13594001 1.54867635
v 0.04838378 0.05997205 1.54728972
v 0.02431573 0.15971093 1.63068610
v 0.03679548 0.13792091 1.63088423
v 0.03540884 0.16080044 1.62504051
v 0.01936346 0.18031242 1.61949399
v 0.02728711 0.18179810 1.61483878
v 0.06185390 0.09830270 1.57611203
v 0.05799119 0.16515845 1.55372769
v 0.04006399 0.18982079 1.55313344
v 0.04194581 0.18892938 1.56283986
v 0.06413195 0.11365476 1.54481364
v 0.06472622 0.11692317 1.56343423
v 0.01916533 0.09285519 1.63960014
v 0.05234561 0.16188994 1.60691512
v 0.03412121 0.18328378 1.60929226
v 0.04511533 0.16129567 1.61850348
v 0.02065102 0.19962631 1.57096164
v 0.02253291 0.19962631 1.57591392
v 0.04333245 0.18754274 1.57393303
v 0.02312716 0.19942811 1.58126232
v 0.05908063 0.16377181 1.57026832
v 0.01460925 0.05492071 1.62791283
v 0.01688732 0.04055909 1.61176844
v 0.00212950 0.03283356 1.60760843
v 0.00549708 0.02867360 1.60077433
v 0.01292549 0.03372494 1.60513235
v 0.05620837 0.13950565 1.60958944
v 0.04848284 0.13861424 1.62276244
v 0.06532059 0.13732665 1.53570147
v 0.05927882 0.16446513 1.58294613
v 0.04283725 0.18665124 1.58294614
v 0.04224299 0.15267870 1.49529080
v 0.04065825 0.17417160 1.51301994
v 0.04957234 0.15139112 1.50420496
v 0.06205209 0.09681701 1.53589948
v 0.06116059 0.09612369 1.54342701
v 0.05501987 0.12762007 1.60859894
v 0.04739333 0.12682781 1.62296056
v 0.01480737 0.19536733 1.60493424
v 0.01817489 0.19566447 1.60176484
v 0.06482527 0.12415359 1.54689359
v 0.03332889 0.04511518 1.59988290
v 0.02490998 0.04283716 1.60770749
v 0.02530618 0.19388166 1.52847113
v 0.03065463 0.19269312 1.53510711
v 0.04491720 0.14475507 1.49241847
v 0.05135516 0.14188275 1.50143169
v 0.05422750 0.11583376 1.60760843
v 0.04620477 0.09622274 1.62088062
v 0.02263197 0.12484690 1.63910495
v 0.03540884 0.12593640 1.63167660
v 0.05700075 0.14881593 1.51440657
v 0.06254722 0.11781467 1.57868717
v 0.02263197 0.19883393 1.58522421
v 0.03828117 0.18358092 1.60008103
v 0.02055197 0.19615971 1.59819920
v 0.01520356 0.20279576 1.56274091
v 0.01708538 0.20170625 1.56482086
v 0.05303893 0.07175839 1.52787687
v 0.02748519 0.03788489 1.59701057
v 0.01926439 0.03620107 1.60156671
v 0.00916173 0.17922291 1.62296057
v 0.00827034 0.19546638 1.60681618
v 0.00955791 0.15763099 1.63633169
v 0.02441480 0.13702950 1.63781738
v 0.00302094 0.09156760 1.64623623
v 0.00668559 0.12316312 1.64593917
v 0.00529895 0.11127766 1.64742474
v -0.00183233 0.05393027 1.63246898
v 0.00638846 0.03887533 1.61503690
v 0.00064381 0.07344226 1.64118490
v -0.00807217 0.03223924 1.60879706
v -0.00034664 0.02778222 1.60176484
v 0.02401860 0.17625155 1.49895550
v 0.01421306 0.19378252 1.51777421
v 0.01966059 0.19398070 1.52262742
v 0.03630022 0.14911308 1.48112729
v 0.02372147 0.16129568 1.47221325
v 0.03283365 0.15604616 1.48528719
v 0.01094461 0.20388526 1.55887809
v 0.01312355 0.20339003 1.56085897
v 0.01659019 0.17763819 1.49241847
v 0.00846841 0.19457497 1.51569426
v 0.02609855 0.15723480 1.46468572
v 0.00827034 0.16872409 1.45953544
v 0.00777509 0.20457858 1.55739239
v 0.00727990 0.18031242 1.48746620
v -0.00004951 0.17971813 1.62315869
v -0.00321896 0.15881952 1.63722313
v 0.00193144 0.19586257 1.60701418
v 0.00807228 0.13524668 1.64465148
v -0.00628935 0.13752474 1.64593917
v -0.01193493 0.09136950 1.64742474
v -0.01431207 0.07304608 1.64177915
v -0.00807217 0.12425263 1.64722674
v -0.00965693 0.11088139 1.64841524
v -0.00668554 0.03808295 1.61731497
v -0.01619389 0.05452453 1.63187461
v -0.01847197 0.03907339 1.61860254
v -0.01886815 0.03253643 1.60978744
v 0.00222857 0.19546638 1.51559520
v 0.01342074 0.16307849 1.44418331
v -0.00292183 0.17001169 1.44972984
v 0.01124174 0.16664413 1.45111647
v 0.00312001 0.20477667 1.55689720
v 0.00084193 0.18169895 1.48657488
v -0.06799475 0.16099854 1.52460830
v -0.06333960 0.15624434 1.51084093
v -0.07245177 0.14723121 1.52094360
v -0.07829547 0.09513323 1.57601297
v -0.07631454 0.08215828 1.56333516
v -0.07611647 0.08096972 1.57522059
v -0.08057349 0.09671798 1.53877180
v -0.07879067 0.09523219 1.52005228
v -0.07770116 0.08612010 1.54134706
v -0.05680257 0.10602825 1.62771471
v -0.04036100 0.12118212 1.63752020
v -0.05333599 0.12613450 1.62830897
v -0.07423459 0.06888607 1.57551778
v -0.07443265 0.06581570 1.56591030
v -0.07255083 0.06096249 1.57640910
v -0.07829547 0.08948765 1.52163691
v -0.07928592 0.08007831 1.54263463
v -0.07690885 0.13920851 1.57858811
v -0.07621553 0.14921211 1.56670268
v -0.07879067 0.13762379 1.56462273
v -0.07304602 0.09453886 1.60483517
v -0.06868806 0.11068340 1.61830536
v -0.07492791 0.11226812 1.60503330
v -0.05333599 0.18407614 1.53114533
v -0.03164502 0.19764539 1.54025750
v -0.04759135 0.18556184 1.52272648
v -0.08077161 0.10741488 1.54808210
v -0.07898879 0.09503420 1.55065724
v -0.07066895 0.07512604 1.60364666
v -0.06660805 0.09216187 1.61642353
v -0.05799114 0.06809380 1.62216818
v -0.04590759 0.08196018 1.63296417
v -0.05888252 0.08790291 1.62612996
v -0.07552216 0.07274894 1.56571218
v -0.03481447 0.19724920 1.54560602
v -0.01391589 0.20358812 1.56571218
v -0.07859260 0.13633619 1.55313343
v -0.07621553 0.14832070 1.54540790
v -0.07780023 0.13584097 1.54253557
v -0.07572028 0.07621554 1.55531244
v -0.07948399 0.07304609 1.54451645
v -0.08037543 0.06809381 1.55620388
v -0.04868085 0.14931106 1.62712046
v -0.02966408 0.16604975 1.62870522
v -0.03976675 0.16971454 1.62286150
v -0.01867003 0.18397711 1.61790923
v -0.02570231 0.18714656 1.61285790
v -0.08007831 0.10969294 1.57452728
v -0.07829547 0.09463801 1.56165135
v -0.03986581 0.19655589 1.56006659
v -0.05809014 0.18189715 1.53976231
v -0.06165578 0.17734105 1.55095443
v -0.07968211 0.12563927 1.54114894
v -0.08156394 0.10830630 1.53867274
v -0.07760217 0.08384195 1.55263824
v -0.04303526 0.10038265 1.63662887
v -0.05551500 0.17486491 1.60542955
v -0.03194215 0.18991984 1.60701418
v -0.03630017 0.19150456 1.59869439
v -0.01599583 0.20309290 1.56977313
v -0.03738967 0.19695208 1.55135067
v -0.04095531 0.19566448 1.56650456
v -0.01777865 0.20348907 1.57442822
v -0.06314148 0.17476586 1.55986859
v -0.07641360 0.14802357 1.55590670
v -0.05185029 0.04957225 1.61285789
v -0.04660090 0.06324051 1.62682327
v -0.04283714 0.03521063 1.60146765
v -0.03946962 0.03768677 1.60869800
v -0.04689803 0.04075721 1.60641992
v -0.05888252 0.15307489 1.61949399
v -0.06551861 0.15436247 1.60770750
v -0.07433366 0.15337203 1.53441379
v -0.06324054 0.17555823 1.58096525
v -0.04164863 0.19497116 1.57274440
v -0.06373579 0.17417160 1.56937689
v -0.03808299 0.18516565 1.51301994
v -0.04382764 0.16654509 1.49538986
v -0.05145411 0.16743640 1.50410590
v -0.07988017 0.10226452 1.52371686
v -0.06135866 0.14148646 1.61909774
v -0.06789568 0.14257596 1.60651899
v -0.01074643 0.19764539 1.60394385
v -0.01391589 0.19863585 1.60067528
v -0.07572028 0.13910947 1.53104627
v -0.07433366 0.15030161 1.57957862
v -0.06660805 0.06076437 1.60156671
v -0.06314148 0.07185753 1.61394746
v -0.02025479 0.19823966 1.52787688
v -0.02966408 0.18447233 1.50519534
v -0.04868085 0.15961180 1.49222046
v -0.05591119 0.15881953 1.50133263
v -0.07047088 0.13088868 1.60503330
v -0.03857818 0.13316673 1.63613357
v -0.05085986 0.13762378 1.62771471
v -0.05937777 0.16674308 1.51391138
v -0.08146493 0.12633259 1.56274091
v -0.08116781 0.10840524 1.55976952
v -0.04095531 0.19427784 1.58146044
v -0.01847197 0.20329098 1.58056900
v -0.01629296 0.19972534 1.59701058
v -0.01708533 0.20101294 1.59245455
v -0.02590038 0.19823966 1.53431473
v -0.00955786 0.20487572 1.56194854
v -0.08007831 0.11048531 1.52936245
v -0.07789929 0.08443632 1.52401405
v -0.06076440 0.04818563 1.59938770
v -0.05868446 0.05501972 1.60879706
v -0.00916168 0.18100573 1.62206913
v -0.00430847 0.19655588 1.60622181
v -0.03699348 0.14515124 1.63464787
v -0.01599583 0.16119663 1.63593556
v -0.02807939 0.09424182 1.64623623
v -0.02312711 0.12781827 1.64603811
v -0.02500894 0.11533853 1.64742474
v -0.04273813 0.04541230 1.61573022
v -0.03273453 0.05729779 1.63207273
v -0.03134790 0.07542317 1.64108584
v -0.03630017 0.03243736 1.60245815
v -0.02897077 0.03402212 1.60968850
v -0.02213667 0.18298665 1.49885644
v -0.00955786 0.19586257 1.51767515
v -0.01510439 0.18179810 1.49251753
v -0.04055912 0.16030512 1.48112729
v -0.02520706 0.16783258 1.47221325
v -0.02946602 0.16426694 1.46617141
v -0.01460920 0.19715016 1.52223117
v -0.00490272 0.20517276 1.55838289
v -0.03431922 0.16664413 1.48499012
v -0.00401128 0.19546638 1.51569426
v -0.00569509 0.18179810 1.48746620
v -0.00856742 0.17080405 1.45953544
v -0.01243019 0.16912028 1.45161178
v -0.00153514 0.20527189 1.55709521
v -0.00321896 0.15881952 1.63722313
v 0.00193144 0.19586257 1.60701418
v -0.02124523 0.14009992 1.64465148
v -0.01431207 0.07304608 1.64177915
v -0.00628935 0.13752474 1.64593917
v -0.00965693 0.11088139 1.64841524
v -0.03184309 0.04154954 1.61820641
v -0.01619389 0.05452453 1.63187461
v -0.01847197 0.03907339 1.61860254
v 0.00222857 0.19546638 1.51559520
v -0.00579410 0.16991264 1.44111286
v -0.01619389 0.16723841 1.44408425
v 0.00084193 0.18169895 1.48657488
v 0.04135155 0.04580850 1.56541511
v 0.03431934 0.03907339 1.57908342
v 0.04660095 0.05501972 1.54748784
v 0.05185035 0.06740047 1.52738156
v 0.02055197 0.03204117 1.59512875
v 0.01391593 0.02986217 1.59819920
v -0.01936335 0.02867360 1.60364666
v -0.00906261 0.02817840 1.60245815
v -0.07294702 0.05908061 1.56521699
v -0.06848994 0.05155314 1.57720148
v -0.07581935 0.06918330 1.54590309
v -0.07482884 0.06452813 1.55432194
v -0.07750310 0.08047450 1.52401405
v -0.05452450 0.04105434 1.59691151
v -0.05264268 0.04372854 1.60433998
v -0.02708894 0.03025835 1.60305241
v -0.01886815 0.03253643 1.60978744
v -0.01094450 0.20933276 1.58314426
v -0.00678460 0.21527550 1.58284707
v -0.01104355 0.20913468 1.58116337
v 0.01480737 0.20576713 1.59790202
v 0.01441118 0.21487931 1.59215737
v 0.01322262 0.21596882 1.59354400
v 0.01718445 0.20646045 1.58354039
v 0.01530256 0.21220508 1.58106431
v 0.01698632 0.21339363 1.58383758
v -0.00846836 0.20794602 1.59720870
v -0.00490272 0.21804878 1.59552488
v -0.00688360 0.21765259 1.59384118
v -0.00638841 0.20794602 1.59988290
v 0.00034668 0.21735546 1.59671351
v -0.01074643 0.20913468 1.58542233
v -0.00658647 0.21586977 1.58789841
v -0.00648747 0.21577062 1.58611565
v 0.01698632 0.20626235 1.58611565
v 0.01738251 0.21369067 1.58601659
v 0.01282642 0.20616330 1.60037821
v 0.00787416 0.21695927 1.59651539
v 0.00777509 0.20626235 1.60235910
v 0.00331807 0.20764898 1.56907982
v 0.00678464 0.21180891 1.56868357
v 0.00698277 0.20715376 1.56937689
v 0.00331807 0.20764898 1.56907982
v 0.00104000 0.21250222 1.56808932
v 0.00401139 0.21250222 1.56789119
v 0.01480737 0.20566808 1.57502248
v 0.01233124 0.21071940 1.57531966
v 0.01272737 0.21071940 1.57660723
v -0.00935974 0.20824327 1.57561673
v -0.00529890 0.21329459 1.57650817
v -0.00876549 0.20804517 1.57432916
v -0.00440746 0.20804517 1.57076352
v -0.00311990 0.21260127 1.57205109
v -0.00222846 0.21270032 1.57046645
v 0.00945891 0.20685662 1.57036739
v 0.00985510 0.21161081 1.57106070
v 0.01084554 0.20655939 1.57125883
v -0.00034664 0.20774803 1.56907982
v -0.00113901 0.21279935 1.56907982
v -0.01025118 0.20834231 1.59116698
v -0.00767598 0.21715737 1.59205830
v -0.00718079 0.21656298 1.58997836
v 0.01668919 0.20596521 1.58859172
v 0.01550068 0.21428504 1.59027554
v 0.01639206 0.20566808 1.59186030
v 0.00876560 0.21170986 1.56977313
v 0.01688732 0.20606426 1.57987569
v 0.01332168 0.21121462 1.57809293
v -0.01074643 0.20883754 1.57898436
v -0.00579410 0.21369067 1.57819199
v 0.00312001 0.20675757 1.60245816
v -0.00153514 0.20715376 1.60216097
v 0.01203405 0.20636140 1.57224921
v 0.01153886 0.21101655 1.57393303
v 0.01322262 0.20606426 1.57314065
v 0.00420945 0.21695927 1.59691152
v 0.00312001 0.20675757 1.60245816
v -0.00698267 0.20794602 1.57244734
v -0.00500177 0.21289840 1.57522060
v -0.00411033 0.21270032 1.57363584
v -0.01837291 0.20368706 1.57749867
v -0.01767959 0.20220149 1.58789841
v -0.01807578 0.20279576 1.58413464
v 0.00312001 0.20477667 1.55689720
v 0.01431212 0.20576713 1.57403209
v -0.01490632 0.20329098 1.56759412
v -0.00718079 0.20507380 1.56016566
v -0.00985499 0.20784708 1.59453450
v 0.02223578 0.19833871 1.58898797
v 0.02144341 0.19724920 1.59354400
v 0.01540163 0.20576713 1.57631005
v -0.01183588 0.20418239 1.56383036
v -0.00411033 0.21349268 1.56719788
v -0.00549697 0.21497836 1.56719788
v -0.00450653 0.21418600 1.56620749
v 0.00698277 0.21101655 1.56600937
v 0.01015222 0.21180891 1.56591031
v 0.00985510 0.21161081 1.56680175
v -0.00906261 0.22409056 1.58453089
v -0.00688360 0.22755714 1.58492702
v -0.00807217 0.22656669 1.58274801
v 0.01451025 0.22805236 1.58720509
v 0.01064742 0.23211325 1.58809653
v 0.01044935 0.22924092 1.59057261
v -0.00886454 0.22121823 1.57809293
v -0.00807217 0.22438760 1.57799386
v -0.00856742 0.22310009 1.57640911
v 0.01946252 0.22022776 1.58185669
v 0.01876921 0.22111917 1.57779574
v 0.01886820 0.22290190 1.58106431
v 0.01401499 0.21279935 1.56977313
v 0.01332168 0.21309649 1.56759413
v 0.01451025 0.21388886 1.56858451
v -0.00807217 0.21765259 1.57353678
v -0.00866642 0.22141633 1.57432916
v -0.00807217 0.21933626 1.57205109
v 0.00044575 0.21220508 1.56521699
v 0.00381332 0.21180891 1.56432555
v 0.00381332 0.21170986 1.56521699
v 0.01530256 0.21349268 1.57125883
v 0.01639206 0.21596882 1.57135777
v 0.01599588 0.21438399 1.57264546
v -0.00341703 0.22894377 1.59086980
v -0.00480365 0.22933987 1.58661084
v -0.00678460 0.22716086 1.58908692
v -0.00282277 0.21309649 1.56511793
v 0.00034668 0.21240318 1.56432555
v 0.00619039 0.23241038 1.58997836
v 0.00599227 0.22933987 1.59225643
v 0.00163432 0.22924092 1.59235549
v -0.00222846 0.23201419 1.58839360
v 0.01153886 0.21210604 1.56779213
v 0.01203405 0.21270032 1.56670269
v -0.00836930 0.22290190 1.58106431
v -0.00807217 0.22607147 1.58076713
v -0.00787411 0.22527910 1.57947956
v 0.01926439 0.22220859 1.58532327
v 0.01916533 0.22369437 1.58334238
v 0.01857108 0.22488291 1.58383758
v 0.01797682 0.21705831 1.57640911
v 0.01896727 0.21894019 1.57918237
v -0.00619028 0.21487931 1.56947595
v -0.00737885 0.21705831 1.56947595
v -0.00648747 0.21586977 1.56818838
v 0.01698632 0.21686021 1.57244734
v 0.01867014 0.22191146 1.57205109
v -0.00767598 0.21676118 1.57224921
v -0.00777504 0.21824687 1.57086258
v 0.00599227 0.22933987 1.59225643
v 0.00222857 0.23260847 1.58978035
v 0.01619400 0.22646754 1.58651178
v 0.01748157 0.22666573 1.58393664
v 0.01619400 0.23161800 1.58126232
v 0.00381332 0.21170986 1.56521699
v 0.00708177 0.21111558 1.56501887
v 0.05343511 0.08017736 1.59166217
v 0.04610577 0.06353770 1.59186029
v 0.03808304 0.04887894 1.59205830
v 0.03422027 0.03976672 1.59047366
v 0.06076450 0.12762007 1.59275162
v 0.06175496 0.13960469 1.59473262
v 0.05927882 0.09651988 1.59067167
v 0.04164868 0.18476947 1.59136499
v 0.05769407 0.16317744 1.59473262
v 0.05977395 0.11613089 1.59176123
v 0.02788137 0.03521063 1.58888890
v 0.01668919 0.21388886 1.58809653
v 0.01966059 0.22121823 1.58393664
v 0.01599588 0.20537094 1.59522782
v 0.01807583 0.22418959 1.58611565
v 0.04679908 0.11543757 1.62345576
v 0.01173692 0.21666215 1.59502969
v 0.01500543 0.23260847 1.58165857
v -0.06423098 0.13009622 1.61850348
v -0.04858179 0.17268590 1.61642354
v -0.04749228 0.03699345 1.60047715
v -0.00886454 0.22547719 1.58710603
v -0.07710691 0.09473706 1.58997835
v -0.07879067 0.11127767 1.58898797
v -0.07373934 0.07770122 1.59067167
v -0.03976675 0.19269312 1.59027554
v -0.06116059 0.17575632 1.59344493
v -0.07195658 0.15198538 1.59334599
v -0.07413552 0.14019897 1.59166217
v -0.07116420 0.06532052 1.59067167
v -0.07651266 0.12880873 1.59086979
v -0.06789568 0.05462359 1.58997835
v -0.06244816 0.04580849 1.58948316
v -0.01044924 0.20863944 1.58789841
v -0.00856742 0.22349627 1.58245094
v -0.07958305 0.12752113 1.57710242
v -0.00678460 0.21577062 1.58433277
v -0.00846836 0.22230774 1.57967768
v -0.08087062 0.12544108 1.55125161
v -0.00678460 0.21468122 1.58116337
v -0.00886454 0.21963351 1.57601298
v -0.00817123 0.20794602 1.57333878
v -0.00727979 0.21577062 1.57096164
v -0.00569509 0.20804517 1.57155590
v -0.00519985 0.21408695 1.56828744
v -0.00292183 0.20794602 1.56987208
v -0.00252565 0.21270032 1.56610843
v 0.03204126 0.17545918 1.50499734
v 0.01064742 0.21121462 1.57254640
v 0.01282642 0.21230403 1.56878263
v 0.04957234 0.17298305 1.52302355
v 0.01579781 0.21497836 1.56987208
v 0.06393386 0.12405445 1.53481003
v 0.05670362 0.16842695 1.54075269
v 0.01659019 0.21517645 1.57383397
v 0.05719888 0.12524309 1.50559159
v 0.06076450 0.11830990 1.51826940
v 0.04561051 0.13603906 1.49014052
v 0.05165229 0.13207723 1.49915362
v 0.03937067 0.14267511 1.47647221
v 0.02867375 0.15228253 1.45765350
v -0.00014852 0.17060596 1.45715831
v -0.06789568 0.14297225 1.50529440
v -0.07304602 0.13465242 1.51618945
v -0.07700785 0.12811542 1.52936245
v -0.05204836 0.15168826 1.48964521
v -0.05927871 0.14950925 1.49905456
v -0.04541234 0.15565008 1.47726458
v -0.03402210 0.15961180 1.46012969
v -0.00807217 0.12425263 1.64722674
v -0.00292183 0.17001169 1.44972984
v 0.06413195 0.11395190 1.53500804
v -0.00460559 0.21349268 1.56947595
v -0.00351608 0.21309649 1.56828744
v 0.00945891 0.21151166 1.56779213
v -0.00836930 0.22280296 1.58859173
v -0.00817123 0.22161442 1.58631365
v 0.00935985 0.22577423 1.59166218
v -0.00787411 0.22002970 1.58126232
v -0.00797310 0.21933626 1.57957862
v 0.01906633 0.21775162 1.58264907
v 0.01322262 0.21210604 1.57115977
v -0.00797310 0.21814781 1.57769668
v -0.00718079 0.21636499 1.57512154
v 0.00381332 0.21170986 1.56620749
v 0.01490637 0.21319554 1.57393303
v -0.00668554 0.22409056 1.59047367
v -0.00203039 0.21270032 1.56699987
v 0.00064381 0.21210604 1.56620749
v 0.00549708 0.22557622 1.59294974
v 0.00133713 0.22508091 1.59314787
v -0.00371415 0.22508091 1.59195924
v 0.01094461 0.21180891 1.56878263
v -0.00777504 0.22092111 1.58433277
v -0.00767598 0.22052492 1.58284707
v 0.01896727 0.21943541 1.58641272
v 0.01827395 0.21715737 1.58056900
v -0.00648747 0.21478027 1.57234827
v -0.00549697 0.21398790 1.57086258
v 0.01698632 0.21547358 1.57789480
v -0.00688360 0.21557263 1.57363584
v 0.00420945 0.21695927 1.59691152
v 0.01777870 0.22131726 1.58770029
v 0.01559969 0.22349627 1.58829466
v 0.00401139 0.21250222 1.56789119
v 0.00688371 0.21101655 1.56699987
v 0.01926439 0.21844494 1.58453089
v 0.01332168 0.22527909 1.58948317
v 0.01213312 0.21190794 1.56987208
v 0.01431212 0.21250222 1.57254640
v 0.01540163 0.21388886 1.57522060
v 0.00549708 0.22557622 1.59294974
v 0.00381332 0.21170986 1.56620749
v 0.05492080 0.17288400 1.53788037
v 0.05601032 0.16228612 1.52579681
v 0.05135516 0.17496396 1.53332434
v 0.05917967 0.16070131 1.53164052
v 0.05670362 0.17011072 1.54382314
v 0.06046726 0.15842335 1.53976231
v 0.06353778 0.11642804 1.52658919
v 0.06403291 0.13178009 1.52044841
v 0.06462728 0.12762008 1.53045202
v 0.06135878 0.11959749 1.51460469
v 0.06086345 0.13395910 1.51430763
v 0.06452813 0.14267511 1.53411672
v 0.06086345 0.14475507 1.51906178
v 0.06343863 0.14505210 1.52490549
v 0.06125963 0.15327299 1.52857019
v 0.06234913 0.15109389 1.53649374
v 0.05799119 0.15485771 1.52292449
v 0.05105804 0.17783629 1.54184226
v 0.05274179 0.17545918 1.54738878
v 0.04788859 0.17922292 1.53748424
v 0.04729428 0.18239228 1.54570497
v 0.04838378 0.18060955 1.55105349
v 0.04442194 0.18358092 1.54243651
v 0.04343150 0.18774073 1.55036017
v 0.04462008 0.18526459 1.55402487
v 0.04085630 0.18883034 1.54709172
v 0.03847923 0.19249502 1.55551057
v 0.03966780 0.19110838 1.55917527
v 0.03392315 0.19477307 1.55986859
v 0.03471552 0.19358453 1.56373130
v 0.03481453 0.19328739 1.55313344
v 0.03124888 0.19516915 1.55788758
v 0.03006038 0.19685303 1.56412755
v 0.03045657 0.19576352 1.56749506
v 0.02550429 0.19913097 1.56799025
v 0.02639567 0.19814061 1.57096164
v 0.02748519 0.19724920 1.56303798
v 0.02391954 0.19903202 1.56690081
v 0.02065102 0.19982439 1.57343772
v 0.02094815 0.19893297 1.57442822
v 0.02035390 0.19932916 1.57234827
v 0.05402936 0.06809381 1.54263463
v 0.05264274 0.06690521 1.52946151
v 0.05581218 0.07373940 1.53154146
v 0.05214754 0.06640996 1.55036017
v 0.05056279 0.06036818 1.53966324
v 0.05759501 0.07859263 1.54392220
v 0.05581218 0.07730504 1.55065723
v 0.06036832 0.08859624 1.53718705
v 0.05769407 0.08057354 1.53401765
v 0.05927882 0.08750673 1.54936967
v 0.06017013 0.08740759 1.54441739
v 0.06314159 0.09780747 1.54620027
v 0.06442909 0.10682062 1.54669547
v 0.06304245 0.10077884 1.54114894
v 0.06383491 0.10721681 1.54303076
v 0.06225008 0.09780747 1.55055829
v 0.06611286 0.11741849 1.54728972
v 0.06393386 0.10711776 1.55125161
v 0.06601392 0.12752113 1.54402126
v 0.06522145 0.11840895 1.54322889
v 0.06680618 0.12762008 1.54897354
v 0.06551859 0.11741849 1.55105348
v 0.06650904 0.13663333 1.54976592
v 0.06591477 0.13554383 1.55273730
v 0.06611286 0.12722401 1.55263824
v 0.06442909 0.14475507 1.55115255
v 0.06571678 0.13772284 1.54501165
v 0.06333959 0.14624075 1.54600215
v 0.06383491 0.14416079 1.55313343
v 0.06274531 0.15149016 1.55204399
v 0.06234913 0.15030161 1.55412394
v 0.06125963 0.15763099 1.55352956
v 0.06145782 0.15376821 1.54798304
v 0.06017013 0.15941381 1.54986498
v 0.06076450 0.15673948 1.55570857
v 0.05987300 0.16416799 1.55570857
v 0.05937777 0.16337562 1.55759052
v 0.05640650 0.17110118 1.55828383
v 0.05898159 0.16555463 1.55244012
v 0.05472268 0.17228973 1.55531244
v 0.05254373 0.17734105 1.56105710
v 0.05254373 0.17625154 1.56283986
v 0.05610931 0.17020977 1.56036378
v 0.04838378 0.18288760 1.56412754
v 0.05115705 0.17803436 1.55848184
v 0.04699715 0.18338283 1.56145323
v 0.04313438 0.18902843 1.56501887
v 0.04432294 0.18843415 1.56749506
v 0.04808665 0.18199619 1.56591031
v 0.03966780 0.19180171 1.57046645
v 0.03798404 0.19199970 1.56799025
v 0.04422389 0.18724561 1.56927782
v 0.03461647 0.19467402 1.57304159
v 0.03966780 0.19091019 1.57155590
v 0.02936706 0.19764539 1.57601298
v 0.03303171 0.19477307 1.57046645
v 0.02748519 0.19784348 1.57353678
v 0.03451740 0.19378252 1.57432916
v 0.02243384 0.19972534 1.57829105
v 0.02926801 0.19695207 1.57710242
v 0.04511533 0.05155314 1.57720148
v 0.04234200 0.04729419 1.56799025
v 0.04640290 0.05531691 1.57026832
v 0.04244107 0.04907701 1.58165856
v 0.04125250 0.04471898 1.57205108
v 0.04986947 0.06522145 1.57096164
v 0.05264274 0.07096612 1.57868717
v 0.04986947 0.06462714 1.58037099
v 0.04887903 0.06621190 1.58690802
v 0.04670002 0.06125962 1.58581846
v 0.05601032 0.07859263 1.57601297
v 0.05244467 0.07106507 1.56808931
v 0.05551506 0.07809741 1.56690080
v 0.05432655 0.07849349 1.58522420
v 0.05947681 0.08780387 1.57512153
v 0.05858551 0.08869528 1.58423370
v 0.06155677 0.09602464 1.56640549
v 0.05858551 0.08780387 1.56630655
v 0.06284446 0.09622274 1.57571579
v 0.06393386 0.10701871 1.56670268
v 0.06413195 0.10791012 1.57492341
v 0.06155677 0.09850079 1.58423370
v 0.06482527 0.11712135 1.56967407
v 0.06482527 0.11840895 1.57512153
v 0.06185390 0.10959389 1.58512514
v 0.06512241 0.12781827 1.57096164
v 0.06314159 0.12752113 1.58403570
v 0.06244828 0.11920131 1.58472901
v 0.06512241 0.13564287 1.57195214
v 0.06532059 0.12762008 1.57541872
v 0.06363672 0.13485051 1.58304519
v 0.06512241 0.13524668 1.57660723
v 0.06442909 0.14297225 1.57720148
v 0.06324054 0.14257596 1.58274801
v 0.06274531 0.15010352 1.57769667
v 0.06363672 0.14406174 1.57323971
v 0.06195295 0.15030161 1.57442822
v 0.06215114 0.14970734 1.58225282
v 0.06096249 0.15733385 1.57611204
v 0.06165581 0.15773004 1.57898436
v 0.06017013 0.16357372 1.57739961
v 0.06086345 0.16387076 1.57947955
v 0.06116059 0.15782908 1.58225282
v 0.05610931 0.17090310 1.57759773
v 0.05630744 0.17169536 1.58037099
v 0.06026918 0.16387076 1.58255000
v 0.04967141 0.17942101 1.57749867
v 0.05006759 0.17942101 1.58037100
v 0.05551506 0.17090310 1.58284707
v 0.04412482 0.18734455 1.57848905
v 0.04362963 0.18704741 1.58354039
v 0.04907710 0.17882664 1.58284707
v 0.03431934 0.19388165 1.58007381
v 0.04372863 0.18843415 1.58126232
v 0.03530978 0.19279215 1.58433277
v 0.03511171 0.19407975 1.58185669
v 0.02441480 0.19705112 1.58344133
v 0.02421666 0.19774444 1.58492702
v 0.04749239 0.05878348 1.57947955
v 0.04778952 0.06017012 1.57195214
v 0.04442194 0.05660448 1.58472901
v 0.03372503 0.04778943 1.60701418
v 0.03441840 0.05442547 1.61404640
v 0.02867375 0.04541230 1.60879706
v 0.02897088 0.03887534 1.60027914
v 0.02877275 0.03521063 1.59086979
v 0.03263552 0.04184672 1.59780295
v 0.03758785 0.05056270 1.60414185
v 0.03917255 0.05571304 1.61077794
v 0.02302816 0.03649820 1.60037820
v 0.02590043 0.03313068 1.59344493
v 0.04501626 0.06740046 1.61137220
v 0.04392676 0.05828823 1.60562755
v 0.04660095 0.06631095 1.60691512
v 0.04046011 0.06551857 1.61523503
v 0.04996854 0.07740409 1.60840081
v 0.04551146 0.07839454 1.61681978
v 0.05085992 0.08701150 1.61236270
v 0.05204849 0.08651628 1.60810374
v 0.04808665 0.07690886 1.61305602
v 0.05353418 0.09602464 1.60810374
v 0.05214754 0.09701501 1.61265977
v 0.04769046 0.08839814 1.61701779
v 0.05432655 0.10682061 1.60840081
v 0.05046372 0.10731583 1.61622541
v 0.05323705 0.10701871 1.61236270
v 0.05383131 0.11484331 1.61246176
v 0.05531699 0.12306408 1.60909413
v 0.05521793 0.11464521 1.60750949
v 0.05393037 0.12355931 1.61345215
v 0.05105804 0.11543757 1.61672072
v 0.05482175 0.13187905 1.61186739
v 0.05363324 0.13168105 1.61543303
v 0.05105804 0.12256886 1.61721591
v 0.05521793 0.13792091 1.61305602
v 0.05115705 0.13801996 1.61989012
v 0.05412843 0.13801996 1.61642354
v 0.05462368 0.14624075 1.61176845
v 0.05105804 0.14792452 1.61701779
v 0.05393037 0.15426344 1.60988651
v 0.05323705 0.14752824 1.61483878
v 0.05284086 0.15574912 1.61256071
v 0.05333606 0.16179090 1.60731137
v 0.05194942 0.16278135 1.61038182
v 0.05036472 0.15673947 1.61454171
v 0.04877997 0.16931835 1.60394385
v 0.04769046 0.17060595 1.60651899
v 0.04927522 0.16297945 1.61226364
v 0.04392676 0.17694487 1.60077434
v 0.04135155 0.17783628 1.60503330
v 0.04521433 0.17040786 1.60879706
v 0.03738973 0.18714656 1.59661445
v 0.04323344 0.17823246 1.60265616
v 0.03570597 0.18694847 1.60047716
v 0.03679548 0.18783988 1.59859533
v 0.02421666 0.19477306 1.59285068
v 0.02362241 0.19507021 1.59304881
v 0.02986226 0.04204478 1.60364666
v 0.03441840 0.04561042 1.60126953
v 0.02490998 0.03996483 1.60483517
v -0.00886454 0.04640281 1.62721952
v -0.01668914 0.05838730 1.63514318
v -0.01530251 0.04600662 1.62573382
v 0.00143618 0.03610207 1.61414546
v 0.00638846 0.02788128 1.60245815
v 0.01203405 0.03025835 1.60087340
v -0.00173326 0.04828462 1.62791283
v -0.00906261 0.06007105 1.63722313
v -0.00361515 0.03342781 1.61265977
v 0.00173331 0.02827747 1.60384478
v -0.00836930 0.07195658 1.64286872
v -0.00113901 0.06284432 1.63781738
v -0.00113901 0.07096612 1.64138302
v -0.01599583 0.07037185 1.64128396
v -0.00262464 0.08314863 1.64524585
v -0.01550057 0.08423823 1.64613717
v -0.00341703 0.09265710 1.64792005
v -0.00866642 0.08314863 1.64663248
v -0.00896361 0.09315233 1.64910856
v -0.00311990 0.10256165 1.64851431
v -0.00827023 0.10256165 1.64970281
v -0.01460920 0.09443991 1.64841524
v -0.00747791 0.11117862 1.65000000
v -0.00292183 0.11236717 1.64891044
v -0.01391589 0.10444352 1.64891044
v -0.00638841 0.11939940 1.64930668
v -0.01332157 0.11325858 1.64910856
v -0.00559603 0.12821444 1.64851431
v -0.00252565 0.11959748 1.64831618
v -0.00113901 0.12732305 1.64732580
v -0.01252925 0.12098413 1.64841524
v -0.00420940 0.13742569 1.64762287
v -0.00985499 0.13792091 1.64673143
v -0.01134068 0.12870968 1.64762287
v -0.00381321 0.14564646 1.64425535
v -0.00014852 0.13702950 1.64633530
v -0.00044564 0.14525029 1.64306684
v -0.00827023 0.14475507 1.64395816
v 0.00044575 0.15267870 1.64009546
v -0.00628935 0.15465951 1.63999639
v 0.00173331 0.16050330 1.63672794
v -0.00272371 0.15436247 1.64078877
v -0.00133708 0.16228612 1.63692594
v 0.00341714 0.16674308 1.63256793
v 0.00034668 0.16783257 1.63316230
v -0.00460559 0.16307848 1.63573744
v 0.00470470 0.17387435 1.62781378
v -0.00123802 0.17526099 1.62751659
v 0.00203050 0.17516205 1.62811096
v 0.00549708 0.18140191 1.62246537
v 0.00054480 0.18219429 1.62226725
v 0.00658658 0.18962270 1.61454171
v 0.00371426 0.18259046 1.62266338
v 0.00212950 0.18972174 1.61483878
v 0.00470470 0.19021688 1.61513597
v 0.00559614 0.19655588 1.60572661
v 0.00510089 0.19675398 1.60562755
v -0.00133708 0.04115334 1.62008824
v -0.01104355 0.03748870 1.61810735
v -0.00787411 0.03857821 1.62008823
v -0.04164863 0.05036463 1.62206912
v -0.05214742 0.06155674 1.62296056
v -0.04660090 0.04996845 1.61781016
v -0.01243019 0.03273449 1.61147126
v -0.00965693 0.02718796 1.60424091
v -0.00232752 0.02788128 1.60364666
v -0.03620111 0.05175127 1.62583289
v -0.04709609 0.06363669 1.62870521
v -0.01797671 0.03095167 1.61057982
v -0.01807578 0.02837648 1.60503329
v -0.04858179 0.07601734 1.63157754
v -0.04055912 0.06640995 1.63227085
v -0.04184669 0.07512604 1.63444986
v -0.05373218 0.07463081 1.62702140
v -0.04313426 0.08760577 1.63643075
v -0.05353406 0.08938859 1.63028997
v -0.04769041 0.09879783 1.63544025
v -0.04263907 0.09889697 1.63791644
v -0.04858179 0.08810091 1.63385561
v -0.04610565 0.10909857 1.63633169
v -0.05185029 0.10028361 1.63177555
v -0.04481808 0.11840895 1.63682688
v -0.04125244 0.10840523 1.63870882
v -0.04046006 0.11860704 1.63870882
v -0.05046367 0.11098052 1.63246898
v -0.04353045 0.12613450 1.63672794
v -0.04927510 0.12019177 1.63256792
v -0.04204482 0.13435518 1.63593556
v -0.03907343 0.12583725 1.63860976
v -0.03738967 0.13346386 1.63801551
v -0.04838372 0.12732305 1.63246898
v -0.04026200 0.14277415 1.63524224
v -0.04461996 0.14326928 1.63167660
v -0.04650184 0.13504860 1.63207273
v -0.03847918 0.15049970 1.63375655
v -0.03521066 0.14208084 1.63752020
v -0.03273453 0.14921210 1.63613357
v -0.04303526 0.15040055 1.63068610
v -0.03530967 0.15862144 1.63167660
v -0.03946962 0.15832430 1.62910135
v -0.02639563 0.16337562 1.63246898
v -0.02966408 0.15664053 1.63415268
v -0.03639917 0.16674308 1.62682328
v -0.03194215 0.16624795 1.62979466
v -0.02282999 0.16961549 1.62920041
v -0.02827745 0.17209153 1.62682328
v -0.02401849 0.17833150 1.62296057
v -0.01797671 0.17773723 1.62414907
v -0.03095171 0.17367636 1.62355482
v -0.01896716 0.18585896 1.61830536
v -0.02223567 0.18665123 1.61573022
v -0.02798033 0.17892577 1.62018730
v -0.01292538 0.19279215 1.61038182
v -0.01411395 0.18467042 1.61919680
v -0.00935974 0.19150456 1.61117408
v -0.00876549 0.19635779 1.60374573
v -0.01143975 0.19576352 1.60245816
v -0.01639201 0.19259407 1.60800469
v -0.03134790 0.04362948 1.62127674
v -0.02768320 0.03521063 1.61444265
v -0.02411756 0.03798389 1.61761204
v -0.03669636 0.04125241 1.61761204
v -0.03263546 0.03441825 1.60998556
v -0.02619750 0.03114979 1.60721230
v -0.06403292 0.06076437 1.60849987
v -0.06908425 0.06759852 1.60404279
v -0.06640999 0.06007105 1.60325053
v -0.04115338 0.03748870 1.60899518
v -0.03897437 0.03214023 1.60354760
v -0.03025839 0.03085261 1.60473611
v -0.06036821 0.06205200 1.61335308
v -0.06640999 0.06839094 1.61028275
v -0.04679897 0.03808295 1.60582567
v -0.04679897 0.03639920 1.60186390
v -0.06502336 0.07849349 1.61513596
v -0.06304247 0.06918330 1.61493784
v -0.07126320 0.07720599 1.60513236
v -0.06888613 0.07928595 1.61028275
v -0.06878706 0.09047810 1.61365027
v -0.07195658 0.08988372 1.60919319
v -0.07136227 0.10176929 1.61265977
v -0.07453172 0.10107598 1.60770750
v -0.07373934 0.09067619 1.60325053
v -0.07274890 0.11286239 1.61127314
v -0.07572028 0.11335752 1.60681618
v -0.07572028 0.10236346 1.60206191
v -0.07126320 0.12375741 1.60919319
v -0.07413552 0.12336112 1.60433998
v -0.07621553 0.11533853 1.59998196
v -0.07007469 0.13059155 1.60840081
v -0.07294702 0.13118572 1.60354760
v -0.07472984 0.12454977 1.59800108
v -0.06908425 0.13831710 1.60750949
v -0.07205558 0.13930756 1.60166578
v -0.07433366 0.13168106 1.59701057
v -0.06789568 0.14752824 1.60681618
v -0.07116420 0.14792452 1.60077434
v -0.07354127 0.13950565 1.59592113
v -0.06670712 0.15495676 1.60661805
v -0.06977757 0.15555102 1.59998196
v -0.07255083 0.14812262 1.59552488
v -0.06393385 0.16268231 1.60364667
v -0.06690524 0.16396989 1.59730776
v -0.07136227 0.15475866 1.59453450
v -0.06185390 0.16991264 1.60067528
v -0.06492430 0.17169535 1.59413825
v -0.06839093 0.16307848 1.59156311
v -0.05967489 0.17654868 1.59810014
v -0.06234910 0.17734105 1.59215736
v -0.06522142 0.17149736 1.58770028
v -0.05145411 0.18377891 1.59225643
v -0.05531688 0.18367997 1.58680896
v -0.06274528 0.17724200 1.58552127
v -0.04749228 0.19011792 1.58324332
v -0.05571307 0.18328378 1.58225282
v -0.03550779 0.19903202 1.57938049
v -0.04501615 0.19041506 1.58740322
v -0.03362591 0.19853680 1.58354039
v -0.03719155 0.19764539 1.57670629
v -0.01916528 0.20190435 1.57898436
v -0.02748508 0.20230043 1.57690442
v -0.02679176 0.20140913 1.58146044
v -0.01847197 0.20299375 1.57462635
v -0.02798033 0.20131008 1.57432916
v -0.05719876 0.05462359 1.61186739
v -0.05343505 0.04432279 1.60671711
v -0.04937417 0.04412473 1.61018369
v -0.06017015 0.05234552 1.60731136
v -0.05818920 0.04650180 1.60235909
v -0.06284435 0.05284077 1.60235909
v -0.05293980 0.04105434 1.60166577
v -0.04808660 0.18724561 1.52332074
v -0.05521787 0.17961911 1.52520256
v -0.05036460 0.18665124 1.52936245
v -0.05284074 0.18100574 1.51955697
v -0.04442189 0.18566088 1.51757608
v -0.04699709 0.17922292 1.51301994
v -0.06135866 0.14960830 1.50103545
v -0.06591474 0.15584817 1.51143530
v -0.05957584 0.15644234 1.50321446
v -0.07037182 0.14217987 1.50678010
v -0.07116420 0.15267870 1.52015122
v -0.06205198 0.16614890 1.51410950
v -0.05551500 0.16585176 1.50658197
v -0.06601380 0.16446513 1.52242929
v -0.05650545 0.17486491 1.51658558
v -0.05046367 0.17367636 1.50935536
v -0.05917964 0.17328019 1.52361780
v -0.03966769 0.18952355 1.52411311
v -0.04254001 0.19110838 1.52985776
v -0.04412477 0.19031602 1.53421578
v -0.03372497 0.19477307 1.53183865
v -0.03887531 0.19407975 1.53817755
v -0.03610204 0.19566448 1.53481004
v -0.02916889 0.19893298 1.53807849
v -0.03085265 0.19962631 1.54045563
v -0.03313072 0.19853680 1.54273370
v -0.02391949 0.20051772 1.54243651
v -0.02619750 0.20031962 1.54560602
v -0.02540512 0.20111199 1.54402127
v -0.02055192 0.20170625 1.54659641
v -0.02193855 0.20220149 1.54778503
v -0.02243379 0.20150816 1.54907260
v -0.01777865 0.20358812 1.55135067
v -0.01609489 0.20319193 1.55026111
v -0.00995405 0.20428144 1.55986859
v -0.00975593 0.20368707 1.55996753
v -0.01867003 0.20259766 1.55234106
v -0.01035025 0.20358812 1.56056190
v -0.07274890 0.15832430 1.56591031
v -0.07958305 0.14208084 1.56412754
v -0.07859260 0.14069419 1.56997114
v -0.07245177 0.16000797 1.56075991
v -0.07859260 0.14277416 1.55660001
v -0.07898879 0.06611283 1.55976952
v -0.07680978 0.07116422 1.56799025
v -0.07720597 0.07710685 1.55877902
v -0.07403653 0.05937774 1.56907981
v -0.07453172 0.06799472 1.57858811
v -0.08017730 0.09939221 1.55739239
v -0.08225725 0.10860344 1.56789119
v -0.08205919 0.11028721 1.55729333
v -0.08057349 0.09691605 1.56769318
v -0.08067256 0.10691966 1.57650816
v -0.08255444 0.11741849 1.56640550
v -0.08196012 0.11860704 1.55580763
v -0.08096969 0.11642803 1.57432916
v -0.08196012 0.12672877 1.55570857
v -0.08265344 0.12573831 1.56610843
v -0.06670712 0.16971454 1.55729333
v -0.06710331 0.17050691 1.56165135
v -0.06670712 0.16951645 1.56541511
v -0.06056633 0.18011433 1.56095803
v -0.05967489 0.18001528 1.55729333
v -0.06036821 0.17942101 1.56392942
v -0.05105792 0.18972175 1.56135416
v -0.04996842 0.18962270 1.55957140
v -0.05204836 0.18793892 1.56383036
v -0.04164863 0.19734815 1.56412755
v -0.04006387 0.19744730 1.56244373
v -0.04214382 0.19596162 1.56571218
v -0.03372497 0.20002248 1.56600937
v -0.03223928 0.19962631 1.56383036
v -0.03382403 0.19923012 1.56709881
v -0.02639563 0.20210244 1.56699987
v -0.02540512 0.20140913 1.56551418
v -0.02817845 0.20111198 1.56858451
v -0.01956147 0.20190435 1.56947595
v -0.01896716 0.20150816 1.56937689
v -0.02015573 0.20131008 1.57016926
v -0.07849355 0.08453536 1.56749506
v -0.07849355 0.08760578 1.55808570
v -0.07680978 0.08136581 1.57868717
v -0.07898879 0.09443992 1.57799386
v -0.08106874 0.12514394 1.57323971
v 0.01114267 0.22052492 1.56283986
v 0.01342074 0.21953445 1.54312983
v 0.02530618 0.22933987 1.54431834
v 0.02075009 0.25271472 1.51084093
v 0.02916894 0.24558344 1.50985055
v 0.00549708 0.23518365 1.31770217
v 0.00044575 0.22210965 1.34949575
v 0.00767608 0.22359534 1.39079776
v 0.01718445 0.24290922 1.38931206
v 0.01569875 0.25548799 1.39178826
v 0.00064381 0.25727081 1.36989922
v -0.01470820 0.23508461 1.45725737
v -0.00460559 0.21111558 1.58373851
v 0.00094100 0.21903922 1.59334599
v 0.01262836 0.21151166 1.58601659
v 0.00668559 0.20804517 1.57759773
v 0.00381332 0.23577785 1.29630832
v -0.00113901 0.22002971 1.30819375
v 0.00678464 0.21418600 1.59522782
v 0.01569875 0.25459658 1.40377275
v 0.01124174 0.21378981 1.58304520
v -0.00906261 0.23290552 1.31294802
v -0.00817123 0.23409418 1.29224749
v -0.00797310 0.23241039 1.29254456
v -0.00638841 0.23112279 1.28323426
v 0.00104000 0.21567168 1.59433638
v -0.00123802 0.24855472 1.33879883
v -0.01025118 0.24766340 1.35395284
v 0.01025123 0.22607147 1.58878985
v 0.00886460 0.21378981 1.56759413
v 0.01401499 0.22795324 1.58740322
v -0.00658647 0.22914186 1.58324332
v 0.01342074 0.21874210 1.54322889
v -0.01262825 0.22973606 1.52817395
v 0.01985865 0.24726720 1.53273009
v 0.02807944 0.24172067 1.53213584
v 0.03659735 0.23498546 1.50836486
v 0.00411045 0.21478027 1.52936246
v 0.01728350 0.26341165 1.51410951
v 0.02916894 0.25311091 1.51113812
v 0.03303171 0.22854761 1.50767154
v 0.00797321 0.27628747 1.42833599
v 0.02728711 0.25964791 1.43556634
v -0.00658647 0.21725633 1.31641460
v -0.01134068 0.24162162 1.30205297
v 0.01629301 0.23716448 1.31512703
v 0.00638846 0.24548439 1.31443360
v 0.00302094 0.21438400 1.32047543
v 0.00519996 0.24706914 1.31552316
v 0.00846841 0.23003320 1.31582035
v -0.01381682 0.22973607 1.30720337
v -0.00985499 0.25192235 1.31621648
v 0.00817128 0.21656299 1.38713305
v 0.00747796 0.26430306 1.39396727
v -0.01272732 0.22438760 1.45834682
v -0.01500539 0.23528271 1.45725737
v -0.00054470 0.22706192 1.59037461
v -0.00302083 0.21586977 1.57591392
v -0.00321896 0.21844494 1.58017287
v 0.01411406 0.22250583 1.58393664
v 0.00123812 0.21408695 1.57155590
v 0.00054480 0.21438399 1.57195214
v -0.00024757 0.21478027 1.56987208
v 0.00203050 0.22636860 1.58987930
v 0.00470470 0.21309649 1.57046645
v -0.00836930 0.22726001 1.56600937
v 0.03610216 0.25340804 1.48855577
v 0.03719166 0.24597963 1.51014762
v 0.03303171 0.25637931 1.43497208
v 0.01540163 0.25410136 1.34335498
v 0.01530256 0.24796055 1.32820097
v 0.00737896 0.21517645 1.57373491
v -0.01837291 0.23488652 1.40149468
v 0.00757703 0.22488291 1.59156311
v 0.00866653 0.21111558 1.50925630
v 0.00173331 0.21081836 1.34087878
v 0.01738251 0.21894019 1.54342701
v 0.01005317 0.21398790 1.57353678
v 0.01134073 0.21913829 1.38723211
v 0.00777509 0.22666574 1.31136326
v 0.02362241 0.22369437 1.54283264
v 0.00797321 0.22805237 1.31136326
v 0.00272382 0.21349268 1.57096164
v -0.00123802 0.21527550 1.57363584
v -0.01015212 0.22527910 1.52857020
v -0.00985499 0.21814782 1.45874306
v -0.01342063 0.22943903 1.30918426
v -0.01441107 0.23260847 1.52817395
v -0.01401488 0.22805236 1.44230149
v -0.01530251 0.23023138 1.35147664
v -0.00341703 0.21686021 1.57848906
v -0.00490272 0.22082195 1.58235188
v -0.00797310 0.22656669 1.58096525
v -0.00510078 0.22270393 1.58443183
v -0.01252925 0.25370517 1.31918786
v 0.00302094 0.22597241 1.59086980
v 0.00559614 0.24538534 1.57086258
v -0.01173687 0.25261567 1.31710792
v 0.00440757 0.22567528 1.59136499
v 0.00420945 0.28024938 1.47746259
v 0.00856747 0.24459300 1.57036739
v 0.01243024 0.27400951 1.49271566
v 0.00321901 0.27807038 1.42893037
v -0.01064737 0.25231854 1.31661261
v 0.00589327 0.22527909 1.59146405
v 0.01005317 0.22696288 1.59017648
v 0.02223578 0.25944982 1.51301994
v -0.00836930 0.25073382 1.31601835
v 0.00628946 0.26984950 1.39475965
v 0.01124174 0.22567528 1.58829466
v 0.02510810 0.25311091 1.51084093
v 0.00490277 0.24825768 1.32057450
v 0.03382408 0.23696646 1.53114534
v 0.01619400 0.24152259 1.31770217
v 0.03075370 0.25172426 1.41605443
v 0.02540523 0.25251663 1.39059963
v 0.02540523 0.25489374 1.39149107
v 0.03283365 0.23181610 1.50786966
v 0.00965698 0.23171707 1.32354588
v 0.05997214 0.08810091 1.53005577
v -0.00579410 0.16991264 1.44111286
v -0.00004951 0.17971813 1.62315869
v -0.01193493 0.09136950 1.64742474
v -0.00014852 0.17060596 1.45715831
v -0.01936335 0.02867360 1.60364666
v 0.00619039 0.23241038 1.58997836
v 0.00381332 0.21180891 1.56432555
v 0.05937777 0.12167745 1.50994961
v 0.04749239 0.05462359 1.54808209
v 0.02223578 0.19873479 1.57670629
v 0.02243384 0.19893297 1.57908343
v 0.03897448 0.04293616 1.57541872
v 0.02382048 0.19695207 1.58591752
v 0.02174054 0.03223924 1.59602019
v 0.04917615 0.09751034 1.61701779
v 0.05066185 0.13098772 1.61949399
v 0.02401860 0.19556534 1.59285068
v -0.00648747 0.03273449 1.61097607
v -0.00272371 0.16812971 1.63236992
v 0.00549708 0.19724920 1.60602380
v -0.00589316 0.19645684 1.60364667
v -0.03956868 0.04006384 1.61285789
v -0.04838372 0.18912748 1.58047006
v -0.01728339 0.20190435 1.57215015
v -0.07344222 0.13752474 1.51569426
v -0.07156039 0.16000797 1.55580764
v -0.07066895 0.05521784 1.57888530
f 1 2 3
f 4 5 6
f 7 8 9
f 10 11 12
f 13 14 15
f 16 17 18
f 19 20 21
f 22 23 24
f 25 26 27
f 28 29 30
f 31 32 33
f 34 35 36
f 37 38 39
f 40 41 42
f 43 44 45
f 46 47 48
f 49 50 51
f 52 53 54
f 17 55 56
f 57 58 59
f 60 61 62
f 63 64 65
f 66 67 68
f 69 70 71
f 72 73 74
f 75 76 77
f 78 79 80
f 81 82 83
f 84 85 86
f 87 88 89
f 90 91 92
f 93 94 95
f 96 97 98
f 99 100 101
f 102 103 104
f 105 106 107
f 108 109 110
f 111 112 113
f 114 115 116
f 117 118 119
f 120 121 122
f 123 124 125
f 126 127 128
f 129 130 131
f 132 133 134
f 135 136 137
f 138 139 140
f 141 142 143
f 144 145 146
f 147 148 149
f 150 151 152
f 153 154 155
f 156 157 158
f 159 160 161
f 162 163 164
f 165 166 167
f 168 60 169
f 170 171 172
f 173 174 175
f 176 177 178
f 179 180 181
f 182 183 184
f 185 186 187
f 188 189 190
f 191 192 193
f 194 195 196
f 197 198 199
f 200 201 202
f 203 204 205
f 206 207 208
f 209 210 211
f 212 213 214
f 215 216 217
f 218 219 220
f 221 222 223
f 224 225 226
f 227 228 229
f 230 231 232
f 233 234 235
f 236 237 238
f 239 240 241
f 242 243 244
f 245 246 247
f 248 249 250
f 251 252 253
f 254 206 255
f 256 257 258
f 259 260 261
f 262 263 264
f 265 266 267
f 268 269 270
f 271 272 273
f 274 275 276
f 277 278 279
f 280 281 282
f 283 284 285
f 286 287 288
f 289 290 291
f 292 293 294
f 295 296 297
f 298 299 300
f 301 302 303
f 304 305 306
f 307 308 309
f 310 311 312
f 313 314 315
f 316 317 318
f 319 320 321
f 322 323 324
f 325 326 327
f 328 329 330
f 331 332 333
f 334 335 336
f 337 338 339
f 340 341 342
f 343 344 345
f 346 347 348
f 349 304 350
f 351 352 353
f 354 355 356
f 357 358 359
f 360 361 362
f 363 364 365
f 366 367 368
f 369 370 371
f 372 373 374
f 375 376 377
f 378 379 380
f 381 382 383
f 384 385 386
f 387 388 389
f 390 391 392
f 393 394 395
f 396 397 398
f 399 400 401
f 402 403 404
f 405 406 407
f 408 409 410
f 411 412 413
f 414 415 416
f 417 418 419
f 420 421 422
f 423 424 425
f 426 427 428
f 429 430 431
f 432 433 434
f 435 436 437
f 438 439 440
f 441 399 442
f 443 444 445
f 446 447 448
f 449 450 451
f 452 453 454
f 455 456 457
f 458 459 460
f 461 462 463
f 464 465 466
f 467 468 469
f 470 360 471
f 472 473 474
f 475 476 477
f 478 479 480
f 481 482 483
f 484 485 486
f 487 488 489
f 490 491 492
f 493 494 495
f 496 497 498
f 499 500 501
f 502 503 504
f 505 506 507
f 508 509 510
f 511 512 513
f 514 515 516
f 517 518 519
f 520 521 522
f 523 524 525
f 526 527 528
f 529 530 531
f 532 533 534
f 535 536 537
f 538 539 540
f 541 542 543
f 544 545 546
f 547 548 549
f 79 550 551
f 552 553 554
f 555 556 557
f 558 559 560
f 561 562 563
f 564 565 566
f 567 568 569
f 570 571 572
f 573 574 575
f 576 577 578
f 579 580 581
f 582 583 584
f 585 586 587
f 588 589 590
f 591 592 593
f 594 595 596
f 597 598 599
f 600 597 601
f 602 603 604
f 605 606 607
f 608 609 610
f 611 612 613
f 614 615 616
f 617 618 619
f 620 621 622
f 623 624 625
f 626 627 628
f 629 630 631
f 632 633 634
f 635 636 637
f 638 639 640
f 641 642 643
f 644 645 646
f 647 648 649
f 650 651 652
f 653 654 655
f 656 657 658
f 659 660 661
f 662 663 664
f 665 666 667
f 668 669 670
f 671 672 673
f 674 675 676
f 677 678 679
f 680 681 682
f 683 684 685
f 686 687 688
f 689 690 691
f 692 693 694
f 695 696 697
f 698 699 700
f 701 702 703
f 704 705 706
f 707 708 709
f 710 711 712
f 713 714 715
f 716 717 718
f 719 720 721
f 722 723 724
f 725 726 727
f 728 729 730
f 731 732 733
f 734 735 736
f 737 695 738
f 739 740 741
f 742 743 744
f 745 746 747
f 748 749 750
f 751 752 753
f 19 3 754
f 755 1 19
f 756 757 1
f 6 8 758
f 759 758 760
f 761 6 759
f 7 762 763
f 764 763 765
f 764 758 7
f 766 12 767
f 768 10 766
f 769 770 10
f 15 771 49
f 772 15 49
f 773 13 15
f 774 17 775
f 768 18 774
f 766 16 18
f 21 776 66
f 777 21 66
f 778 19 21
f 779 24 70
f 780 22 779
f 781 782 22
f 25 2 757
f 783 757 784
f 783 785 25
f 30 47 786
f 787 30 786
f 788 30 789
f 790 33 791
f 792 790 793
f 792 794 31
f 795 35 91
f 796 36 795
f 797 36 798
f 39 23 782
f 799 782 800
f 801 39 799
f 43 41 802
f 803 42 43
f 804 42 805
f 806 44 807
f 808 45 806
f 809 43 45
f 810 48 811
f 812 46 810
f 787 46 813
f 794 50 32
f 814 51 794
f 772 51 815
f 770 54 11
f 816 52 770
f 817 818 52
f 56 819 4
f 820 4 761
f 775 56 820
f 59 821 822
f 823 822 824
f 825 59 823
f 62 826 159
f 550 159 827
f 828 62 550
f 28 64 829
f 788 65 28
f 830 65 831
f 68 832 34
f 833 34 797
f 777 68 833
f 834 71 660
f 835 69 834
f 780 69 836
f 74 183 837
f 661 837 838
f 660 74 661
f 75 839 40
f 840 40 804
f 841 75 840
f 80 842 843
f 844 843 845
f 844 78 80
f 256 82 846
f 61 256 826
f 847 83 61
f 848 85 849
f 850 86 848
f 851 84 86
f 13 89 852
f 853 87 13
f 854 855 87
f 856 92 76
f 857 856 841
f 857 795 90
f 858 95 859
f 860 93 858
f 548 93 549
f 98 861 114
f 89 114 852
f 88 98 89
f 101 862 176
f 92 176 76
f 91 101 92
f 117 104 863
f 754 102 117
f 3 864 102
f 107 112 865
f 5 865 8
f 819 107 5
f 866 110 867
f 767 108 866
f 12 868 108
f 869 113 870
f 762 111 869
f 9 865 111
f 116 871 150
f 14 150 771
f 852 116 14
f 165 118 872
f 776 119 165
f 20 117 119
f 122 873 16
f 866 16 767
f 867 122 866
f 125 874 170
f 24 170 70
f 23 125 24
f 864 128 103
f 2 126 864
f 27 875 126
f 131 148 876
f 29 876 47
f 829 131 29
f 877 134 878
f 791 132 877
f 33 879 132
f 137 880 99
f 91 137 99
f 832 137 35
f 140 881 123
f 38 123 23
f 882 140 38
f 143 145 883
f 41 883 802
f 839 143 41
f 884 146 885
f 807 144 884
f 44 883 144
f 886 149 887
f 811 147 886
f 48 876 147
f 152 133 879
f 32 152 879
f 771 152 50
f 868 155 109
f 11 153 868
f 54 888 153
f 105 158 889
f 819 156 105
f 55 121 156
f 161 890 891
f 58 891 821
f 827 161 58
f 164 892 129
f 64 129 829
f 893 164 64
f 167 894 135
f 832 167 135
f 67 165 167
f 169 828 78
f 858 78 860
f 859 169 858
f 172 895 72
f 660 172 72
f 71 170 172
f 896 175 192
f 183 173 896
f 895 173 73
f 178 897 141
f 77 141 839
f 76 178 77
f 181 898 200
f 136 200 880
f 894 181 136
f 899 184 900
f 849 182 899
f 85 837 182
f 81 187 901
f 847 185 81
f 168 902 185
f 903 190 352
f 82 903 846
f 901 188 82
f 904 193 905
f 900 191 904
f 184 896 191
f 902 196 186
f 95 902 859
f 94 194 95
f 197 906 215
f 97 215 861
f 907 197 97
f 202 908 274
f 100 274 862
f 880 202 100
f 205 909 218
f 863 205 218
f 104 203 205
f 208 910 212
f 106 212 112
f 889 208 106
f 911 211 912
f 867 209 911
f 110 913 209
f 214 914 915
f 870 214 915
f 112 214 113
f 217 916 248
f 115 248 871
f 861 217 115
f 220 917 259
f 118 259 872
f 863 220 118
f 223 157 120
f 911 120 867
f 912 223 911
f 226 918 268
f 124 268 874
f 881 226 124
f 203 229 919
f 103 227 203
f 128 920 227
f 232 921 245
f 130 245 148
f 892 232 130
f 235 922 923
f 134 923 878
f 133 235 134
f 238 924 224
f 139 224 881
f 925 238 139
f 241 243 926
f 142 926 145
f 897 241 142
f 927 244 928
f 885 242 927
f 146 926 242
f 247 929 930
f 149 930 887
f 148 247 149
f 250 931 233
f 151 233 133
f 871 250 151
f 913 253 210
f 109 251 913
f 155 932 251
f 255 889 158
f 222 158 157
f 933 255 222
f 258 934 935
f 160 935 890
f 826 258 160
f 261 936 179
f 166 179 894
f 872 261 166
f 264 937 230
f 163 230 892
f 938 264 163
f 939 267 344
f 916 265 939
f 906 265 216
f 270 174 940
f 171 940 895
f 874 270 171
f 273 898 180
f 941 180 936
f 942 273 941
f 276 943 239
f 177 239 897
f 862 276 177
f 279 901 187
f 944 187 186
f 945 279 944
f 946 282 290
f 192 280 946
f 175 947 280
f 285 687 662
f 948 662 949
f 950 285 948
f 443 288 951
f 667 443 952
f 666 286 667
f 953 291 954
f 905 289 953
f 193 946 289
f 944 294 945
f 186 292 944
f 196 955 292
f 956 297 266
f 199 956 906
f 199 957 295
f 958 300 367
f 908 298 958
f 201 272 298
f 959 302 314
f 909 303 959
f 204 301 303
f 306 311 960
f 207 960 910
f 961 306 207
f 962 309 963
f 912 307 962
f 211 964 307
f 965 312 966
f 914 310 965
f 213 960 310
f 967 315 358
f 917 313 967
f 219 959 313
f 316 933 221
f 912 316 221
f 962 968 316
f 969 321 364
f 918 319 969
f 225 970 319
f 301 324 971
f 919 322 301
f 229 972 322
f 973 327 341
f 921 325 973
f 231 974 325
f 330 975 976
f 234 976 922
f 931 330 234
f 977 333 338
f 240 977 243
f 943 331 240
f 970 336 320
f 924 334 970
f 978 334 237
f 979 339 980
f 928 337 979
f 244 977 337
f 981 342 982
f 929 340 981
f 246 973 340
f 328 345 983
f 931 343 328
f 916 343 249
f 964 348 308
f 210 346 964
f 253 984 346
f 350 961 254
f 318 254 933
f 317 350 318
f 985 353 986
f 257 985 934
f 846 351 257
f 974 356 326
f 937 354 974
f 987 354 263
f 941 359 942
f 936 357 941
f 260 967 357
f 362 988 535
f 598 535 989
f 990 362 598
f 947 365 281
f 269 947 174
f 918 363 269
f 991 368 332
f 943 366 991
f 275 958 366
f 371 992 668
f 993 668 994
f 995 371 993
f 374 996 435
f 672 435 732
f 997 374 672
f 377 666 674
f 998 674 999
f 1000 377 998
f 380 388 1001
f 684 380 1001
f 679 378 380
f 1002 383 488
f 586 381 1002
f 517 1003 381
f 386 1000 998
f 681 998 999
f 1004 386 681
f 1005 389 1006
f 1007 387 1005
f 685 1001 387
f 1008 392 459
f 752 390 1008
f 688 284 390
f 395 1009 372
f 690 372 997
f 1010 395 690
f 398 403 1011
f 693 1011 1012
f 1013 398 693
f 401 406 1014
f 696 1014 702
f 1015 401 696
f 1016 404 453
f 746 402 1016
f 699 1011 402
f 1017 407 1018
f 1019 405 1017
f 703 1014 405
f 1020 410 705
f 370 1020 992
f 1021 408 370
f 413 1022 455
f 708 455 1023
f 1024 413 708
f 396 416 1025
f 1013 414 396
f 711 1026 414
f 417 433 1027
f 729 417 1027
f 714 417 715
f 1028 422 1029
f 1030 420 1028
f 718 1031 420
f 425 1032 411
f 720 411 1024
f 1033 425 720
f 428 1034 429
f 723 429 1035
f 1036 428 723
f 431 1037 1038
f 726 1038 1039
f 1035 431 726
f 432 1040 1041
f 730 1041 1042
f 730 1027 432
f 437 421 1031
f 733 1031 717
f 732 437 733
f 993 440 995
f 994 438 993
f 736 1043 438
f 442 1015 737
f 410 737 705
f 409 442 410
f 445 1044 1045
f 740 1045 1046
f 952 445 740
f 448 1047 1048
f 404 1048 453
f 403 448 404
f 451 418 1049
f 743 1049 714
f 1050 451 743
f 948 454 950
f 949 452 948
f 747 1016 452
f 457 1051 378
f 749 378 678
f 1023 457 749
f 426 460 1052
f 1036 458 426
f 753 1008 458
f 463 1053 1054
f 581 1054 1055
f 580 463 581
f 466 491 647
f 1056 647 1057
f 1058 466 1056
f 469 1059 526
f 609 526 1060
f 1061 469 609
f 471 990 600
f 1062 600 1063
f 1064 471 1062
f 472 1065 629
f 379 629 388
f 379 1066 472
f 1067 477 1068
f 409 475 1067
f 1069 556 475
f 1062 480 1064
f 1063 478 1062
f 604 1070 478
f 483 1071 1072
f 630 1072 1073
f 1065 483 630
f 467 486 1074
f 1061 484 467
f 613 1075 484
f 461 489 1076
f 580 487 461
f 587 1002 487
f 1077 492 645
f 1068 490 1077
f 477 648 490
f 496 495 1078
f 1079 493 496
f 652 1080 493
f 498 1081 1082
f 654 1082 1083
f 1079 498 654
f 1084 501 533
f 645 499 1084
f 492 465 499
f 1085 504 545
f 642 502 1085
f 637 1086 502
f 632 507 1087
f 1088 505 632
f 575 1089 505
f 510 1090 523
f 621 523 1091
f 1092 510 621
f 513 1093 1094
f 615 1094 1095
f 1096 513 615
f 1086 516 503
f 636 514 1086
f 639 1097 514
f 519 391 283
f 1098 283 950
f 1099 519 1098
f 522 1100 1101
f 592 1101 1102
f 1103 522 592
f 525 1104 1105
f 624 1105 1106
f 1091 525 624
f 528 1107 511
f 618 511 1096
f 1060 528 618
f 1056 531 1058
f 1057 529 1056
f 658 1108 529
f 1080 534 494
f 651 532 1080
f 646 1084 532
f 537 1109 1110
f 606 1110 1111
f 989 537 606
f 508 540 1112
f 1092 538 508
f 628 1113 538
f 1003 543 382
f 1099 541 1003
f 590 1114 541
f 544 1115 594
f 473 544 594
f 643 1085 544
f 547 860 844
f 1116 844 845
f 1116 1117 547
f 551 827 57
f 825 551 57
f 1118 79 551
f 554 1119 441
f 1067 441 409
f 1068 554 1067
f 557 1021 369
f 1120 369 995
f 1121 557 1120
f 560 1122 446
f 397 446 403
f 1025 560 397
f 1123 563 565
f 400 1123 406
f 1119 561 400
f 1124 566 1125
f 1018 564 1124
f 407 1123 564
f 1120 569 1121
f 995 567 1120
f 440 1126 567
f 572 1127 1128
f 447 1128 1047
f 1122 572 447
f 558 575 1088
f 1025 573 558
f 416 1129 573
f 520 578 1130
f 583 520 1103
f 1131 576 583
f 1132 581 1055
f 1052 579 1132
f 460 1133 579
f 584 1103 591
f 427 591 1034
f 1052 584 427
f 1133 587 580
f 459 585 1133
f 392 518 585
f 1098 590 1099
f 950 588 1098
f 454 1134 588
f 593 1102 1135
f 430 1135 1037
f 1034 593 430
f 596 1136 481
f 474 481 1065
f 473 596 474
f 599 989 605
f 288 605 951
f 287 599 288
f 601 287 375
f 1137 375 1000
f 1063 601 1137
f 1137 604 1063
f 385 1137 1000
f 1138 602 385
f 607 1111 1139
f 444 1139 1044
f 951 607 444
f 610 1060 617
f 373 617 996
f 1009 610 373
f 608 613 1061
f 394 608 1009
f 1140 611 394
f 616 1095 1141
f 422 1141 1029
f 421 616 422
f 619 1096 614
f 436 614 421
f 996 619 436
f 622 1091 623
f 419 623 433
f 418 622 419
f 625 1106 1142
f 434 1142 1040
f 433 625 434
f 620 628 1092
f 450 620 418
f 1143 626 450
f 631 1073 1144
f 1006 631 1144
f 389 629 631
f 634 1145 570
f 559 570 1122
f 1088 634 559
f 1146 637 642
f 412 1146 1022
f 1032 635 412
f 1147 639 636
f 424 1147 1032
f 1148 640 424
f 641 473 1066
f 456 1066 1051
f 1022 641 456
f 1149 646 651
f 562 644 1149
f 552 1077 644
f 649 476 555
f 1150 555 1121
f 1057 649 1150
f 653 652 1079
f 565 650 653
f 563 1149 650
f 655 1083 1151
f 566 1151 1125
f 565 655 566
f 1150 658 1057
f 1121 656 1150
f 569 1152 656
f 659 838 84
f 1153 84 1154
f 1153 834 659
f 664 299 271
f 1155 271 942
f 949 664 1155
f 739 667 952
f 352 665 739
f 190 675 665
f 309 669 963
f 308 670 309
f 994 670 1156
f 673 732 1157
f 344 673 1157
f 267 671 673
f 676 189 277
f 1158 277 945
f 999 676 1158
f 1159 679 684
f 282 1159 290
f 282 1160 677
f 682 999 1158
f 945 682 1158
f 294 680 682
f 1161 685 1007
f 954 683 1161
f 291 1159 683
f 1162 688 752
f 367 686 1162
f 300 663 686
f 691 997 671
f 266 691 671
f 297 689 691
f 694 1012 698
f 302 698 314
f 971 694 302
f 697 702 1163
f 305 1163 311
f 1164 697 305
f 700 746 1165
f 315 1165 358
f 314 700 315
f 1166 703 1019
f 966 701 1166
f 312 1163 701
f 968 706 317
f 963 704 968
f 669 1020 704
f 709 1023 748
f 321 748 364
f 320 709 321
f 712 1013 692
f 971 712 692
f 324 710 712
f 1167 715 729
f 341 713 1167
f 327 1168 713
f 1169 718 1030
f 975 716 1169
f 329 1170 716
f 721 1024 707
f 336 707 320
f 335 721 336
f 724 1035 725
f 338 724 725
f 332 724 333
f 727 1039 1171
f 980 727 1171
f 339 725 727
f 1172 730 1042
f 982 728 1172
f 342 1167 728
f 1170 733 717
f 983 731 1170
f 345 1157 731
f 1156 736 994
f 308 734 1156
f 348 1173 734
f 738 1164 349
f 706 349 317
f 705 738 706
f 741 1046 1174
f 986 741 1174
f 353 739 741
f 744 714 1168
f 326 744 1168
f 356 742 744
f 1155 747 949
f 942 745 1155
f 359 1165 745
f 750 678 1160
f 365 1160 281
f 364 750 365
f 722 753 1036
f 332 751 722
f 368 1162 751
f 1175 1176 1177
f 1178 1179 1180
f 1181 1182 1183
f 1184 1185 1186
f 1187 1188 1189
f 1190 1191 1192
f 1193 1194 1195
f 1196 1197 1198
f 1199 1200 1201
f 1202 1203 1204
f 1205 1206 1207
f 1208 1209 1210
f 1211 1212 1213
f 1214 1215 1216
f 1217 1218 1219
f 1220 1221 1222
f 1223 1224 1225
f 1213 1226 1227
f 1228 1229 1230
f 1231 1232 1233
f 1234 1235 1211
f 1236 1237 1238
f 1239 1240 1218
f 1207 1241 1242
f 1243 1244 1224
f 1208 1245 1246
f 1247 1248 1249
f 1250 1251 1182
f 1252 1253 1254
f 1255 1256 1257
f 1258 1259 1260
f 1261 1262 1263
f 1253 1257 1256
f 1264 1265 1266
f 1267 1268 1269
f 1270 1271 1272
f 1256 1254 1253
f 1273 1274 1275
f 1276 1234 1277
f 1278 1279 1248
f 1208 1280 1227
f 1281 1282 1283
f 1190 1276 1284
f 1285 1286 1287
f 1288 1272 1289
f 1290 1291 1292
f 1277 1293 1294
f 1295 1296 1262
f 1297 1298 1299
f 1300 1200 1301
f 1302 1303 1304
f 1287 1305 1306
f 1307 1308 1309
f 1310 1311 1312
f 1206 1313 1314
f 1315 1316 1317
f 1318 1319 1320
f 1321 1322 1215
f 1323 1324 1325
f 1269 1326 1205
f 1327 1328 1329
f 1330 1331 1332
f 1333 1334 1245
f 1335 1336 1337
f 1338 1266 1339
f 1318 1340 1341
f 1342 1343 1344
f 1345 1300 1301
f 1346 1347 1348
f 1308 1349 1309
f 1333 1350 1351
f 1239 1352 1353
f 1213 1280 1354
f 1355 1284 1276
f 1234 1356 1293
f 1204 1357 1358
f 1359 1344 1360
f 1361 1345 1362
f 1238 1363 1364
f 1365 1366 1367
f 1260 1329 1328
f 1368 1369 1370
f 1325 1176 1252
f 1354 1211 1213
f 1371 1283 1372
f 1373 1275 1322
f 1330 1374 1229
f 1375 1360 1200
f 1376 1377 1378
f 1379 1380 1381
f 1382 1195 1383
f 1358 1343 1204
f 1384 1264 1223
f 1385 1325 1386
f 1344 1387 1388
f 1389 1371 1390
f 1312 1391 1310
f 1284 1392 1190
f 1393 1180 1179
f 1394 1395 1396
f 1397 1339 1398
f 1399 1400 1327
f 1200 1401 1201
f 1324 1177 1176
f 1298 1402 1403
f 1404 1405 1382
f 1194 1383 1195
f 1406 1271 1407
f 1304 1212 1302
f 1408 1397 1409
f 1217 1410 1239
f 1330 1411 1412
f 1390 1372 1413
f 1363 1414 1364
f 1415 1367 1366
f 1369 1416 1417
f 1418 1419 1420
f 1421 1422 1355
f 1423 1424 1425
f 1380 1426 1427
f 1390 1428 1429
f 1309 1430 1259
f 1431 1432 1433
f 1434 1435 1274
f 1203 1288 1357
f 1409 1436 1408
f 1386 1183 1437
f 1345 1438 1362
f 1222 1439 1220
f 1440 1216 1441
f 1355 1277 1421
f 1442 1443 1444
f 1386 1252 1181
f 1445 1192 1235
f 1446 1447 1236
f 1367 1448 1365
f 1246 1420 1209
f 1367 1449 1450
f 1193 1451 1452
f 1453 1402 1454
f 1455 1309 1259
f 1430 1456 1457
f 1458 1186 1394
f 1281 1459 1460
f 1461 1462 1333
f 1457 1259 1430
f 1463 1464 1465
f 1466 1192 1191
f 1281 1467 1468
f 1448 1469 1470
f 1471 1472 1251
f 1473 1263 1435
f 1474 1390 1429
f 1385 1437 1475
f 1476 1477 1478
f 1479 1304 1461
f 1254 1471 1250
f 1230 1317 1316
f 1223 1480 1384
f 1481 1482 1310
f 1278 1483 1484
f 1407 1429 1406
f 1485 1486 1178
f 1400 1487 1328
f 1488 1381 1380
f 1489 1425 1490
f 1457 1491 1329
f 1350 1233 1351
f 1492 1493 1494
f 1495 1447 1194
f 1353 1242 1241
f 1310 1405 1481
f 1496 1332 1331
f 1291 1476 1482
f 1465 1237 1447
f 1461 1245 1479
f 1497 1498 1499
f 1395 1500 1396
f 1501 1184 1458
f 1270 1502 1503
f 1292 1481 1404
f 1504 1229 1374
f 1227 1479 1208
f 1505 1334 1506
f 1302 1235 1192
f 1492 1179 1486
f 1417 1370 1369
f 1495 1452 1507
f 1454 1508 1453
f 1185 1306 1305
f 1417 1509 1400
f 1243 1397 1510
f 1450 1511 1512
f 1246 1334 1346
f 1186 1305 1395
f 1381 1513 1379
f 1514 1515 1501
f 1399 1516 1370
f 1337 1185 1335
f 1398 1409 1397
f 1517 1518 1284
f 1223 1338 1243
f 1488 1427 1500
f 1219 1443 1217
f 1519 1299 1296
f 1520 1189 1508
f 1196 1521 1522
f 1313 1268 1315
f 1433 1493 1485
f 1489 1179 1423
f 1368 1523 1494
f 1370 1524 1368
f 1525 1347 1505
f 1267 1230 1316
f 1526 1332 1527
f 1198 1332 1196
f 1314 1241 1206
f 1528 1301 1199
f 1464 1363 1237
f 1365 1470 1414
f 1448 1512 1529
f 1395 1286 1488
f 1328 1258 1260
f 1530 1327 1531
f 1329 1531 1327
f 1421 1294 1472
f 1429 1532 1406
f 1484 1443 1278
f 1360 1388 1401
f 1391 1195 1405
f 1366 1533 1415
f 1408 1244 1510
f 1517 1422 1256
f 1515 1335 1184
f 1494 1432 1368
f 1424 1494 1523
f 1534 1349 1514
f 1304 1535 1461
f 1536 1436 1290
f 1482 1478 1311
f 1353 1537 1240
f 1465 1507 1463
f 1538 1204 1343
f 1348 1318 1341
f 1252 1250 1181
f 1539 1540 1541
f 1542 1543 1544
f 1545 1546 1547
f 1548 1549 1550
f 1551 1552 1553
f 1554 1555 1556
f 1557 1558 1559
f 1560 1561 1562
f 1563 1564 1565
f 1566 1567 1568
f 1569 1570 1571
f 1572 1573 1574
f 1575 1576 1577
f 1578 1579 1580
f 1581 1582 1583
f 1584 1585 1586
f 1587 1588 1589
f 1590 1591 1592
f 1593 1594 1595
f 1596 1597 1598
f 1599 1600 1601
f 1602 1603 1604
f 1605 1606 1607
f 1608 1609 1610
f 1611 1612 1613
f 1614 1615 1616
f 1617 1618 1619
f 1620 1621 1622
f 1623 1624 1625
f 1626 1627 1628
f 1629 1630 1631
f 1632 1633 1634
f 1635 1636 1637
f 1638 1639 1640
f 1641 1642 1643
f 1644 1645 1646
f 1647 1648 1649
f 1650 1651 1652
f 1653 1654 1655
f 1656 1657 1658
f 1659 1660 1661
f 1662 1663 1664
f 1665 1666 1667
f 1668 1669 1670
f 1671 1672 1673
f 1674 1675 1676
f 1677 1678 1679
f 1680 1681 1682
f 1683 1684 1685
f 1686 1687 1688
f 1689 1690 1691
f 1692 1693 1694
f 1695 1696 1697
f 1698 1699 1700
f 1701 1702 1703
f 1704 1705 1706
f 1707 1708 1709
f 1710 1711 1712
f 1713 1714 1715
f 1716 1717 1718
f 1719 1720 1721
f 1722 1723 1724
f 1725 1726 1727
f 1728 1729 1730
f 1731 1732 1733
f 1734 1735 1736
f 1737 1738 1739
f 1740 1741 1742
f 1743 1744 1745
f 1746 1747 1748
f 1749 1750 1751
f 1752 1753 1754
f 1755 1756 1757
f 1758 1759 1760
f 1761 1762 1763
f 1764 1765 1766
f 1767 1768 1769
f 1770 1771 1772
f 1773 1774 1775
f 1776 1777 1778
f 1779 1780 1781
f 1782 1783 1784
f 1785 1786 1787
f 1788 1789 1790
f 1791 1792 1793
f 1794 1795 1796
f 1797 1798 1799
f 1800 1801 1802
f 1803 1804 1805
f 1806 1807 1808
f 1809 1810 1811
f 1812 1813 1814
f 1815 1816 1817
f 1818 1819 1820
f 1821 1822 1823
f 1824 1825 1826
f 1827 1828 1829
f 1830 1831 1832
f 1833 1834 1835
f 1836 1837 1838
f 1839 1840 1841
f 1842 1843 1844
f 1845 1846 1847
f 1848 1849 1850
f 1851 1852 1853
f 1854 1855 1856
f 1857 1858 1859
f 1860 1861 1862
f 1863 1864 1865
f 1866 1867 1868
f 1869 1870 1871
f 1872 1873 1874
f 1875 1876 1877
f 1878 1879 1880
f 1881 1882 1883
f 1884 1883 1885
f 1886 1887 1888
f 1889 1890 1886
f 1891 1541 1892
f 1893 1894 1542
f 1895 1545 1896
f 1897 1898 1548
f 1899 1553 1900
f 1901 1902 1903
f 1904 1901 1905
f 1906 1907 1908
f 1909 1559 1910
f 1911 1562 1912
f 1913 1914 1915
f 1916 1915 1917
f 1918 1919 1563
f 1920 1568 1921
f 1922 1571 1923
f 1837 1574 1838
f 1924 1575 1577
f 1787 1925 1578
f 1926 1927 1928
f 1929 1926 1882
f 1930 1931 1932
f 1888 1933 1930
f 1934 1583 1540
f 1544 1935 1584
f 1546 1589 1547
f 1550 1936 1590
f 1937 1595 1552
f 1938 1939 1940
f 1903 1941 1938
f 1942 1598 1555
f 1558 1943 1599
f 1561 1944 1602
f 1945 1946 1947
f 1948 1947 1914
f 1565 1949 1605
f 1567 1950 1608
f 1951 1613 1570
f 1952 1616 1573
f 1953 1619 1576
f 1954 1622 1597
f 1955 1956 1957
f 1958 1959 1955
f 1579 1623 1580
f 1960 1961 1962
f 1927 1962 1928
f 1963 1964 1965
f 1932 1966 1963
f 1967 1628 1582
f 1585 1631 1586
f 1968 1634 1588
f 1592 1969 1635
f 1970 1640 1594
f 1971 1972 1973
f 1939 1973 1940
f 1601 1974 1641
f 1603 1646 1604
f 1975 1976 1977
f 1978 1977 1946
f 1607 1979 1647
f 1980 1981 1982
f 1983 1984 1980
f 1985 1652 1612
f 1986 1653 1627
f 1658 1987 1988
f 1989 1661 1618
f 1990 1662 1615
f 1667 1991 1839
f 1625 1992 1668
f 1993 1994 1995
f 1996 1995 1961
f 1997 1998 1999
f 1965 2000 1997
f 1630 2001 1671
f 1633 2002 1674
f 1637 2003 1677
f 1639 2004 1680
f 2005 2006 2007
f 2008 2007 1972
f 1643 2009 1683
f 2010 1686 1645
f 2011 2012 2013
f 2014 2011 1976
f 1649 2015 1689
f 2016 2017 1983
f 2018 2019 2016
f 2020 1692 1651
f 1660 2021 1695
f 1700 2022 1842
f 2023 1703 1846
f 1850 1704 1706
f 2024 2025 1707
f 2026 1712 1852
f 2027 2028 2029
f 2030 2029 2031
f 1855 2032 1713
f 2033 1718 1858
f 1861 2034 1719
f 1864 1722 1865
f 2035 2036 2037
f 2038 2039 2035
f 2040 1727 1867
f 1871 1728 1730
f 2041 2042 2043
f 2044 2041 2045
f 1874 2046 1731
f 2047 2048 2049
f 2050 2051 2047
f 2052 1736 1876
f 1714 1739 1715
f 1880 2053 1740
f 1801 1745 1802
f 1748 2054 1830
f 2055 1751 1816
f 1705 2056 1752
f 1811 2057 1755
f 2058 2059 2060
f 2061 2062 2058
f 1826 2063 1758
f 1799 2064 1761
f 2065 1766 1819
f 2066 2067 2068
f 2069 2068 2070
f 1769 2071 1665
f 2072 1772 1804
f 2073 1775 1822
f 2074 2075 2076
f 2077 2076 2078
f 1835 2079 1776
f 1829 2080 1779
f 2081 1784 1813
f 2082 2083 1785
f 2084 2085 2050
f 2086 2087 2084
f 1790 2088 1698
f 2089 2090 2091
f 2092 2089 2028
f 1733 2093 1791
f 2094 1796 1738
f 1721 2095 1797
f 1742 2096 1800
f 2097 1805 1726
f 1754 1806 1808
f 2098 1809 1711
f 2099 1814 1735
f 2100 1817 1702
f 2101 2070 2102
f 2036 2102 2037
f 2103 2078 2104
f 2042 2104 2043
f 1724 1818 1820
f 2105 1823 1729
f 2106 1824 1717
f 2107 2108 1827
f 1832 2109 1788
f 2110 2111 2061
f 2091 2112 2110
f 1793 2113 1833
f 2114 2115 1836
f 1841 2116 1656
f 1998 1843 1999
f 1655 1845 1847
f 1664 2117 1848
f 1670 1851 1853
f 2118 2031 2119
f 2120 2119 1994
f 1672 1856 1673
f 1675 1859 1676
f 1679 1860 1862
f 1682 2121 1863
f 2122 2123 2038
f 2006 2124 2122
f 1685 1866 1868
f 1688 2125 1869
f 2126 2044 2045
f 2013 2127 2126
f 1691 2128 1872
f 2129 2130 2018
f 2049 2131 2129
f 1694 1875 1877
f 1697 2132 1878
f 2133 2134 2135
f 2136 2137 2138
f 2139 2140 2141
f 2142 2143 2144
f 2145 2146 2147
f 2148 2149 2150
f 2151 2152 2153
f 2154 2155 2156
f 2157 2135 2158
f 2159 2138 2134
f 2160 2141 2137
f 2161 2142 2140
f 2162 2147 2155
f 2163 2148 2152
f 2164 2153 2146
f 2143 2156 2144
f 2165 2166 2167
f 2168 2169 2165
f 2170 2171 2172
f 2166 2170 2167
f 2173 2174 2175
f 2172 2176 2173
f 2177 2178 2179
f 2180 2179 2181
f 2182 2183 2184
f 2185 2186 2182
f 2187 2188 2168
f 2189 2190 2187
f 2191 2192 2185
f 2193 2191 2178
f 2194 2181 2195
f 2175 2194 2195
f 2196 2197 2198
f 2199 2200 2201
f 2202 2203 2204
f 2205 2206 2207
f 2208 2209 2210
f 2211 2212 2213
f 2214 2215 2216
f 2217 2198 2218
f 2201 2197 2219
f 2204 1957 1956
f 2207 2220 2214
f 2210 2221 2211
f 2213 2222 2205
f 2216 2223 2202
f 2224 2225 2226
f 2227 2228 2229
f 2230 2231 2232
f 2233 2234 2235
f 2236 2237 2238
f 2239 2240 2241
f 2242 2243 2244
f 2245 2246 2247
f 2248 2226 2240
f 2249 2227 2225
f 2229 2250 2230
f 2251 2235 2246
f 2252 2238 2243
f 2253 2241 2254
f 2255 2244 2234
f 2232 2245 2247
f 2256 2257 2258
f 2259 2260 2256
f 2261 2262 2263
f 2258 2264 2261
f 2265 1987 2266
f 2262 2266 2263
f 2267 2268 2269
f 2270 2271 2267
f 2272 1621 2273
f 2274 2275 2272
f 2276 2277 2278
f 2279 2280 2276
f 2281 2282 2279
f 2283 2284 2281
f 2285 2286 2274
f 2278 2287 2285
f 2288 2289 2290
f 2291 2292 2288
f 2293 2294 2295
f 2290 2293 2295
f 2296 2297 2298
f 2299 2298 2294
f 2300 2301 2302
f 2297 2303 2300
f 2304 2305 2306
f 2307 2308 2304
f 2309 2310 2311
f 2305 2311 2306
f 2312 2313 2314
f 2315 2314 2310
f 2316 2307 2317
f 2301 2317 2302
f 2318 2319 2320
f 2321 2322 2323
f 2324 2325 2326
f 2327 2328 2329
f 2330 2331 2332
f 2333 2334 2335
f 2336 2337 2338
f 2339 2340 2341
f 2342 2343 2318
f 2320 2344 2321
f 2323 2324 2326
f 2325 2345 2327
f 2346 2330 2340
f 2331 2335 2332
f 2334 2347 2336
f 2328 2341 2329
f 2348 2349 2350
f 2351 2352 2348
f 2353 2354 2355
f 2350 2356 2353
f 2357 2358 2359
f 2360 2361 2357
f 2362 2363 2360
f 2364 2365 2362
f 2366 2367 2368
f 2369 2370 2371
f 2372 2373 2374
f 2375 2376 2377
f 2378 2379 2380
f 2368 2355 2354
f 2371 2381 2366
f 2374 2382 2378
f 2377 2383 2372
f 2380 2384 2369
f 2385 2386 2387
f 2388 1982 1981
f 2389 2390 2391
f 2392 2393 2394
f 2395 2385 2387
f 2386 2396 2388
f 2394 2397 2389
f 2398 2399 2392
f 2400 1610 1609
f 2401 2402 2400
f 2403 2404 2401
f 2403 2405 2406
f 2407 2408 2409
f 2410 2411 2407
f 2412 2413 2410
f 2414 2415 2412
f 2416 2405 2417
f 2409 2418 2416
f 2419 2420 2421
f 2422 2423 2424
f 2425 2426 2427
f 2428 2429 2430
f 2431 2432 2433
f 2434 2435 2436
f 2421 2437 2438
f 2424 2439 2419
f 2427 2440 2422
f 2425 2430 2441
f 2433 2435 2442
f 2443 2436 2429
f 2444 2445 2446
f 2447 2448 2444
f 2449 2450 2451
f 2446 2452 2449
f 2453 2454 2455
f 2451 2456 2453
f 2457 2458 2459
f 2460 2461 2462
f 2463 2464 2465
f 2466 2467 2457
f 2459 2468 2460
f 2462 2469 2463
f 2470 2471 2472
f 2470 2473 2474
f 2475 2473 2476
f 2477 2478 2475
f 2479 2480 2477
f 2481 2482 2479
f 2481 2483 2484
f 2485 2486 2483
f 2487 2488 2489
f 2490 2491 2487
f 2492 2493 2486
f 2494 2488 2493
f 2495 2496 2497
f 2498 2499 2500
f 2501 2502 2503
f 2504 2505 2506
f 2507 2508 2509
f 2510 2511 2512
f 2513 2514 2515
f 2516 2517 2518
f 2519 2520 2495
f 2497 2521 2498
f 2500 2522 2501
f 2503 2523 2504
f 2518 2524 2507
f 2525 2512 2514
f 2509 2513 2515
f 2506 2526 2516
f 2527 2528 2529
f 2530 2527 2529
f 2531 2532 2533
f 2528 2534 2531
f 2535 2536 2537
f 2533 2535 2537
f 2538 2539 2540
f 2541 2538 2540
f 2542 2543 2544
f 2545 2544 2539
f 2546 2547 2548
f 2549 2548 2543
f 2550 2551 2530
f 2552 2553 2550
f 2554 2555 2541
f 2556 2554 2536
f 2557 2558 2559
f 2560 2561 2562
f 2563 2564 2565
f 2566 2567 2568
f 2569 2570 2571
f 2572 2573 2574
f 2575 2576 2577
f 2578 2579 2580
f 2577 2557 2559
f 2558 2581 2560
f 2562 2563 2565
f 2580 2566 2568
f 2567 2582 2569
f 2570 2574 2571
f 2583 2584 2575
f 2564 2585 2578
f 2586 2587 2588
f 2589 2590 2591
f 2592 2593 2594
f 2595 2596 2597
f 2598 2599 2600
f 2601 2602 2603
f 2604 2605 2606
f 2607 2608 2609
f 2610 2586 2611
f 2588 2589 2591
f 2612 2594 2590
f 2613 2595 2593
f 2614 2600 2608
f 2605 2603 2606
f 2615 2604 2599
f 2597 2607 2609
f 2616 2617 2618
f 2619 2616 2620
f 2621 2622 2623
f 2618 2624 2621
f 2625 2626 2627
f 2622 2627 2623
f 2628 2629 2630
f 2631 2628 2626
f 2632 2633 2634
f 2635 2636 2632
f 2637 2638 2639
f 2640 2639 2641
f 2642 2641 2643
f 2633 2643 2634
f 2644 2645 2635
f 2630 2646 2644
f 2647 2648 2649
f 2650 2649 2651
f 2652 2653 2654
f 2655 2654 2648
f 2656 2657 2658
f 2659 2658 2653
f 2660 2661 2662
f 2657 2663 2660
f 2664 2665 2666
f 2667 2666 2668
f 2669 2670 2671
f 2672 2671 2673
f 2674 2673 2675
f 2676 2677 2678
f 2679 2667 2668
f 2662 2680 2679
f 2681 2682 2683
f 2684 2683 2685
f 2686 2687 2688
f 2689 2688 2682
f 2690 2691 2692
f 2693 2692 2687
f 2694 2695 2696
f 2697 2694 2691
f 2698 2699 2700
f 2701 2700 2702
f 2703 2704 2705
f 2706 2705 2707
f 2708 2707 2709
f 2710 2709 2699
f 2711 2701 2702
f 2696 2712 2711
f 2713 2714 2715
f 2716 2717 2718
f 2719 2720 2721
f 2722 2723 2724
f 2725 2726 2727
f 2728 2721 2729
f 2730 2731 2732
f 2733 2734 2735
f 2736 2737 2738
f 2720 2739 2740
f 2741 2734 2742
f 2743 2744 2745
f 2746 2718 2726
f 2738 2747 2748
f 2749 2750 2731
f 2751 2746 2725
f 2752 2753 2754
f 2755 2754 2756
f 2740 2757 2717
f 2758 2759 2760
f 2739 2761 2762
f 2721 2740 2716
f 2763 2745 2723
f 2764 2765 2766
f 2760 2767 2768
f 2769 2768 2770
f 2731 2758 2771
f 2772 2773 2744
f 2774 2775 2776
f 2777 2766 2778
f 2779 2758 2750
f 2771 2760 2769
f 2780 2769 2781
f 2782 2783 2784
f 2720 2785 2786
f 2787 2778 2788
f 2789 2756 2790
f 2791 2779 2750
f 2732 2771 2780
f 2792 2742 2793
f 2783 2794 2795
f 2796 2784 2797
f 2798 2799 2733
f 2800 2724 2801
f 2802 2736 2714
f 2757 2762 2803
f 2781 2770 2804
f 2805 2806 2765
f 2795 2807 2808
f 2785 2761 2786
f 2809 2729 2751
f 2810 2793 2811
f 2729 2716 2746
f 2812 2752 2755
f 2813 2755 2789
f 2814 2815 2752
f 2816 2743 2763
f 2817 2722 2800
f 2818 2763 2722
f 2819 2820 2772
f 2821 2772 2743
f 2822 2823 2774
f 2824 2825 2826
f 2827 2828 2829
f 2826 2830 2831
f 2829 2832 2824
f 2832 2833 2825
f 2834 2835 2828
f 2825 2836 2830
f 2828 2837 2832
f 2814 2838 2839
f 2812 2840 2838
f 2841 2839 2842
f 2821 2843 2844
f 2817 2842 2845
f 2816 2846 2843
f 2847 2848 2849
f 2819 2844 2848
f 2847 2850 2822
f 2837 2851 2833
f 2852 2853 2854
f 2833 2855 2836
f 2835 2856 2837
f 2857 2858 2859
f 2860 2861 2862
f 2863 2864 2865
f 2866 2867 2868
f 2869 2870 2871
f 2865 2872 2873
f 2874 2875 2876
f 2877 2878 2879
f 2880 2881 2882
f 2883 2863 2884
f 2885 2886 2877
f 2887 2888 2889
f 2862 2890 2869
f 2891 2892 2881
f 2893 2894 2895
f 2896 2897 2898
f 2899 2900 2901
f 2901 2902 2903
f 2904 2905 2860
f 2906 2907 2908
f 2883 2909 2910
f 2884 2865 2911
f 2889 2912 2866
f 2913 2914 2915
f 2906 2916 2917
f 2918 2919 2906
f 2920 2894 2921
f 2922 2923 2887
f 2924 2925 2926
f 2927 2913 2928
f 2908 2929 2894
f 2918 2908 2920
f 2930 2931 2932
f 2933 2934 2935
f 2910 2936 2863
f 2937 2928 2938
f 2903 2939 2940
f 2894 2941 2895
f 2942 2932 2875
f 2943 2944 2885
f 2933 2945 2946
f 2935 2947 2948
f 2878 2949 2879
f 2868 2950 2951
f 2880 2952 2857
f 2904 2953 2954
f 2955 2956 2931
f 2915 2957 2958
f 2959 2960 2945
f 2909 2961 2910
f 2873 2962 2897
f 2963 2964 2943
f 2911 2873 2896
f 2900 2965 2902
f 2902 2966 2939
f 2967 2968 2900
f 2888 2969 2912
f 2867 2970 2950
f 2912 2971 2867
f 2972 2973 2923
f 2923 2974 2888
f 2975 2976 2925
f 2977 2978 2979
f 2980 2981 2982
f 2983 2984 2978
f 2985 2979 2981
f 2979 2986 2987
f 2982 2988 2989
f 2978 2990 2986
f 2981 2987 2988
f 2991 2965 2968
f 2965 2992 2966
f 2993 2991 2968
f 2994 2969 2974
f 2970 2995 2993
f 2969 2996 2971
f 2997 2998 2973
f 2973 2994 2974
f 2976 2999 2997
f 3000 2987 2986
f 2989 3001 3002
f 2990 3000 2986
f 3003 2988 2987
f 3004 2727 3005
f 3006 2725 3004
f 2820 2776 2773
f 3007 2751 3006
f 3008 2811 3009
f 2847 2774 2820
f 2822 3010 3011
f 2871 3012 3013
f 2898 3014 3015
f 2926 2972 2922
f 2897 3016 3014
f 3017 3018 2963
f 2925 2997 2972
f 3019 3020 2976
f 3021 3022 3023
f 3024 3025 3026
f 3027 3028 3029
f 3030 3031 3032
f 3033 3034 3031
f 3035 3036 3037
f 3038 3029 3039
f 3040 3041 3042
f 3043 3044 3045
f 3046 3047 3048
f 3049 3050 3051
f 3052 3053 3054
f 3055 3056 3057
f 3058 3059 3060
f 3061 3062 3047
f 3063 3064 3065
f 3066 3067 3068
f 3045 3069 3058
f 3070 3071 3028
f 3072 3073 3052
f 3074 3034 3075
f 3076 3077 3078
f 3042 3079 3080
f 3081 3082 3083
f 2956 3023 3084
f 2806 3024 2790
f 2770 3070 3027
f 2940 3033 3030
f 2966 3033 2939
f 3085 3035 3086
f 2804 3027 3038
f 2789 3042 2813
f 2836 3043 3045
f 3087 3061 3046
f 2748 3088 3049
f 2916 3054 3089
f 2960 3055 3090
f 2831 3058 3060
f 2984 3061 2990
f 2958 3091 3063
f 3092 3068 3093
f 2830 3045 3058
f 2768 3094 3070
f 2919 3052 2916
f 2992 3075 2966
f 2808 3076 3078
f 2840 3042 3080
f 2892 3081 3095
f 3096 3097 3098
f 3099 3100 3101
f 3102 3103 3104
f 3105 3106 3107
f 3108 3109 3110
f 3111 3112 3113
f 3114 3115 3116
f 3117 3118 3119
f 3120 3121 3122
f 3123 3124 3125
f 3126 3127 3128
f 3120 3129 3130
f 3107 3131 3132
f 3133 3134 3126
f 3135 3100 3136
f 3137 3138 3139
f 3140 3141 3142
f 3143 3112 3144
f 3145 3146 3147
f 3143 3148 3149
f 3150 3119 3151
f 3152 3153 3133
f 3154 3155 3156
f 3157 3158 3099
f 2718 3159 3160
f 2727 3161 3162
f 3163 2732 3164
f 2726 3160 3161
f 2717 3165 3159
f 2780 3166 3167
f 3164 2780 3167
f 2757 3168 3165
f 3166 2804 3092
f 3005 3162 3169
f 3038 3170 3066
f 2804 3066 3092
f 3171 3113 3141
f 3159 2733 2735
f 3160 2735 2741
f 3167 2805 2764
f 3164 2764 2777
f 3164 2787 3163
f 3161 2741 2792
f 3168 2733 3165
f 3166 3093 2805
f 3162 2792 2810
f 3169 2810 3008
f 3068 3025 3172
f 3093 3172 2806
f 3173 3142 3155
f 2724 2799 3174
f 2745 2742 2734
f 2754 2778 2766
f 2756 2766 2765
f 2723 2734 2799
f 2744 2793 2742
f 2776 3009 2811
f 2790 2765 2806
f 2801 3174 2788
f 2773 2811 2793
f 3024 3175 3040
f 2790 3040 2789
f 3105 3156 3176
f 2878 2868 3177
f 2944 2889 2886
f 2927 2901 3178
f 2914 2901 2903
f 2886 2866 2878
f 2964 2887 2944
f 3179 2926 3018
f 2914 2940 2957
f 3177 2951 2937
f 3018 2922 2964
f 3091 3032 3064
f 2957 3030 3091
f 3128 3103 3180
f 3181 2879 3182
f 3183 2877 3181
f 2913 3184 3185
f 2928 3185 3186
f 2938 3186 3187
f 3188 2885 3183
f 2879 3189 3182
f 2915 3085 3184
f 3190 2943 3188
f 3191 2963 3190
f 3192 3065 3036
f 3085 3063 3192
f 3193 3104 3138
f 3181 2862 3183
f 3188 2871 3190
f 3187 2942 2874
f 3183 2869 3188
f 3182 2860 3181
f 3185 2955 2930
f 3186 2930 2942
f 3182 3194 2904
f 3184 3086 2955
f 3190 3013 3191
f 3035 3195 3021
f 3086 3021 2956
f 3196 3139 3109
f 2954 2884 2905
f 2876 2921 2893
f 2890 2898 2870
f 2954 3197 2883
f 2905 2911 2861
f 2931 3084 2918
f 2875 2920 2921
f 2932 2918 2920
f 2861 2896 2890
f 2870 3015 3012
f 3023 3198 3072
f 3084 3072 2919
f 3199 3110 3118
f 2929 2859 2941
f 2907 2891 2880
f 2917 3089 2891
f 2907 2857 2929
f 3054 3082 3200
f 3089 3200 2892
f 3201 3151 3146
f 2882 2935 2952
f 2882 2959 2933
f 2952 2948 2858
f 2881 3095 2959
f 3202 3083 3056
f 3095 3202 2960
f 3203 3147 3097
f 2946 2983 2977
f 2934 2980 2947
f 2945 3090 2983
f 2946 2985 2934
f 3204 3057 3062
f 3090 3204 2984
f 3096 3129 3205
f 3206 2826 2794
f 2827 2782 2796
f 2794 2831 2807
f 2829 3206 2782
f 3060 3207 3076
f 2807 3060 3076
f 3135 3115 3208
f 2784 3209 2802
f 3209 2795 2737
f 2797 2802 2713
f 2737 2808 2747
f 3078 3050 3088
f 2747 3078 3088
f 3123 3116 3210
f 2715 2779 3211
f 3212 2738 2759
f 2759 2748 2767
f 2714 3212 2779
f 3094 3051 3071
f 2767 3049 3094
f 3213 3124 3148
f 3214 2715 3215
f 2803 2749 2730
f 2762 2791 2749
f 2798 2788 3174
f 2761 3211 2791
f 3216 2797 3217
f 2815 2801 2753
f 2841 2800 2815
f 3218 2834 2827
f 3219 2854 2834
f 2818 2845 2846
f 2854 3220 2835
f 2859 3221 3222
f 3194 2876 2953
f 3197 2895 2909
f 3177 2938 2949
f 2895 3223 2909
f 2948 3224 3225
f 2951 2967 2899
f 2950 2993 2967
f 3226 2982 3227
f 3227 2989 3002
f 2971 3228 2970
f 2988 3229 2989
f 2803 3163 3168
f 3163 2798 3168
f 2753 2788 2778
f 2937 2899 2927
f 2949 3187 3189
f 3189 2874 3194
f 2953 2893 3197
f 2941 3222 3223
f 2858 3225 3221
f 2947 3226 3224
f 3218 2796 3216
f 3217 2713 3214
f 3215 3211 3230
f 3057 3231 3232
f 3044 3233 3069
f 3065 3234 3235
f 3175 3236 3041
f 3022 3237 3238
f 3029 3239 3039
f 3207 3240 3077
f 3073 3241 3242
f 3047 3243 3048
f 3050 3244 3051
f 3031 3245 3032
f 3047 3246 3247
f 3041 3248 3079
f 3031 3249 3250
f 3069 3251 3059
f 3037 3252 3253
f 3170 3254 3067
f 3028 3255 3029
f 3083 3256 3257
f 3071 3258 3028
f 3053 3242 3259
f 3260 3249 3034
f 3026 3261 3262
f 3263 3264 3044
f 3039 3265 3170
f 3067 3261 3025
f 3026 3266 3175
f 3064 3245 3234
f 3036 3235 3252
f 3195 3253 3237
f 3198 3238 3241
f 3082 3259 3256
f 3056 3257 3231
f 3062 3232 3246
f 3059 3267 3207
f 3077 3268 3050
f 3051 3269 3071
f 3232 3203 3096
f 3264 3101 3233
f 3235 3180 3102
f 3266 3107 3236
f 3238 3196 3108
f 3255 3111 3239
f 3267 3114 3240
f 3242 3199 3117
f 3247 3122 3243
f 3268 3125 3244
f 3250 3128 3245
f 3246 3120 3247
f 3236 3132 3248
f 3249 3126 3250
f 3233 3135 3251
f 3253 3193 3137
f 3254 3171 3140
f 3255 3143 3144
f 3257 3201 3145
f 3258 3213 3143
f 3259 3117 3150
f 3270 3133 3249
f 3262 3173 3154
f 3271 3099 3264
f 3265 3111 3171
f 3261 3140 3173
f 3266 3154 3105
f 3245 3180 3234
f 3252 3102 3193
f 3237 3137 3196
f 3241 3108 3199
f 3256 3150 3201
f 3231 3145 3203
f 3246 3096 3205
f 3251 3208 3267
f 3240 3123 3268
f 3244 3213 3269
f 1289 1406 1532
f 3272 3273 3274
f 3275 3276 3277
f 3278 3279 3280
f 3281 3282 3279
f 3279 3283 3280
f 3279 3284 3285
f 3283 3286 3287
f 3285 3288 3286
f 3287 3275 3277
f 3288 3275 3286
f 3276 3289 3290
f 3289 3274 3291
f 3290 3292 3293
f 3289 3294 3292
f 3293 3295 3296
f 3295 3294 3297
f 3296 3298 3299
f 3297 3298 3295
f 3299 3300 3301
f 3300 3302 3303
f 3301 3304 3305
f 3303 3304 3300
f 3305 3306 3307
f 3306 3308 3309
f 3307 3310 3311
f 3306 3312 3310
f 3313 3314 3315
f 3316 3317 3313
f 3315 3318 3313
f 3313 3319 3316
f 3320 3318 3321
f 3322 3318 3323
f 3320 3324 3323
f 3324 3322 3323
f 3325 3326 3327
f 3325 3328 3324
f 3327 3329 3325
f 3329 3330 3325
f 3331 3329 3332
f 3333 3334 3329
f 3331 3335 3333
f 3333 3336 3337
f 3338 3339 3340
f 3341 3335 3338
f 3340 3342 3338
f 3338 3343 3341
f 3344 3345 3346
f 3347 3342 3344
f 3346 3348 3344
f 3344 3349 3347
f 3350 3351 3352
f 3350 3349 3348
f 3352 3353 3350
f 3350 3354 3355
f 3356 3357 3358
f 3356 3354 3353
f 3359 3356 3358
f 3360 3361 3356
f 3362 3359 3363
f 3362 3364 3360
f 3363 3365 3362
f 3365 3366 3362
f 3367 3368 3369
f 3367 3370 3365
f 3369 3371 3367
f 3371 3372 3367
f 3373 3374 3375
f 3376 3377 3373
f 3378 3379 3380
f 3380 3381 3382
f 3383 3384 3385
f 3386 3379 3383
f 3385 3387 3383
f 3383 3388 3386
f 3389 3387 3390
f 3391 3388 3387
f 3392 3391 3389
f 3393 3394 3391
f 3395 3393 3392
f 3396 3397 3393
f 3398 3396 3395
f 3396 3399 3400
f 3401 3402 3398
f 3403 3402 3404
f 3401 3405 3404
f 3404 3406 3403
f 3407 3408 3409
f 3410 3405 3407
f 3411 3407 3409
f 3412 3410 3407
f 3413 3412 3411
f 3414 3415 3412
f 3416 3414 3413
f 3417 3418 3414
f 3419 3417 3416
f 3420 3421 3417
f 3422 3420 3419
f 3420 3423 3424
f 3425 3426 3422
f 3427 3426 3428
f 3429 3428 3425
f 3430 3427 3428
f 3431 3375 3432
f 3433 3373 3431
f 3432 3380 3431
f 3431 3382 3433
f 3434 3435 3436
f 3437 3438 3439
f 3440 3441 3434
f 3442 3443 3437
f 3444 3445 3446
f 3447 3441 3444
f 3448 3444 3446
f 3444 3449 3447
f 3450 3448 3451
f 3450 3449 3452
f 3453 3450 3451
f 3454 3455 3450
f 3456 3454 3453
f 3457 3454 3458
f 3456 3459 3458
f 3459 3457 3458
f 3460 3459 3461
f 3462 3463 3459
f 3464 3462 3460
f 3465 3466 3462
f 3467 3465 3464
f 3468 3465 3469
f 3470 3469 3467
f 3469 3471 3468
f 3472 3473 3470
f 3474 3471 3473
f 3475 3474 3472
f 3476 3477 3474
f 3478 3476 3475
f 3479 3480 3476
f 3481 3479 3478
f 3479 3482 3483
f 3484 3485 3481
f 3486 3485 3487
f 3488 3487 3484
f 3487 3489 3486
f 3490 3439 3491
f 3492 3437 3490
f 3434 3491 3440
f 3436 3490 3434
f 3493 3494 3495
f 3496 3497 3498
f 3499 3500 3493
f 3501 3502 3497
f 3503 3504 3505
f 3506 3500 3503
f 3507 3503 3505
f 3503 3508 3506
f 3509 3510 3507
f 3511 3508 3510
f 3512 3511 3509
f 3513 3514 3511
f 3515 3512 3516
f 3515 3517 3513
f 3516 3518 3515
f 3518 3519 3515
f 3520 3521 3522
f 3520 3523 3518
f 3522 3524 3520
f 3520 3525 3526
f 3527 3528 3529
f 3530 3524 3527
f 3531 3527 3529
f 3527 3532 3530
f 3533 3534 3531
f 3535 3532 3534
f 3536 3535 3533
f 3537 3538 3535
f 3539 3537 3536
f 3540 3537 3541
f 3542 3541 3539
f 3541 3543 3540
f 3544 3545 3542
f 3546 3545 3547
f 3548 3547 3544
f 3547 3549 3546
f 3550 3501 3496
f 3551 3501 3552
f 3493 3550 3499
f 3495 3552 3493
f 3553 3554 3555
f 3556 3557 3558
f 3559 3560 3553
f 3561 3562 3557
f 3563 3564 3565
f 3566 3560 3563
f 3567 3563 3565
f 3563 3568 3566
f 3569 3567 3570
f 3569 3568 3571
f 3570 3572 3569
f 3572 3573 3569
f 3574 3575 3576
f 3574 3577 3572
f 3576 3578 3574
f 3578 3579 3574
f 3580 3581 3582
f 3580 3583 3578
f 3582 3584 3580
f 3580 3585 3586
f 3587 3588 3589
f 3590 3584 3587
f 3589 3591 3587
f 3587 3592 3590
f 3593 3591 3594
f 3595 3591 3596
f 3597 3596 3593
f 3598 3595 3596
f 3599 3597 3600
f 3599 3601 3598
f 3600 3602 3599
f 3599 3603 3604
f 3605 3606 3607
f 3605 3603 3602
f 3607 3608 3605
f 3605 3609 3610
f 3611 3612 3613
f 3614 3615 3612
f 3553 3611 3559
f 3555 3614 3553
f 3613 3561 3556
f 3612 3616 3561
f 3617 3618 3619
f 3620 3621 3622
f 3623 3624 3617
f 3625 3626 3621
f 3627 3624 3628
f 3629 3624 3630
f 3631 3630 3627
f 3632 3629 3630
f 3633 3632 3631
f 3634 3635 3632
f 3636 3634 3633
f 3637 3638 3634
f 3639 3637 3636
f 3640 3641 3637
f 3642 3640 3639
f 3643 3644 3640
f 3645 3643 3642
f 3646 3647 3643
f 3648 3646 3645
f 3649 3650 3646
f 3651 3649 3648
f 3652 3653 3649
f 3654 3652 3651
f 3655 3656 3652
f 3657 3655 3654
f 3658 3659 3655
f 3660 3658 3657
f 3661 3662 3658
f 3663 3661 3660
f 3664 3665 3661
f 3663 3666 3664
f 3666 3667 3664
f 3668 3669 3670
f 3671 3666 3668
f 3672 3673 3674
f 3675 3676 3673
f 3677 3678 3679
f 3680 3681 3678
f 3617 3677 3623
f 3617 3682 3680
f 3679 3625 3620
f 3678 3683 3625
f 3684 3685 3686
f 3687 3688 3689
f 3690 3691 3692
f 3693 3694 3691
f 3692 3695 3696
f 3691 3697 3695
f 3696 3698 3699
f 3695 3700 3698
f 3698 3689 3699
f 3698 3685 3687
f 3701 3684 3702
f 3702 3686 3703
f 3702 3704 3701
f 3702 3705 3706
f 3707 3706 3708
f 3706 3709 3708
f 3708 3710 3707
f 3708 3711 3712
f 3713 3712 3714
f 3714 3711 3715
f 3713 3716 3717
f 3715 3716 3714
f 3717 3718 3719
f 3718 3720 3721
f 3668 3676 3671
f 3674 3668 3670
f 3722 3723 3724
f 3725 3726 3723
f 3727 3728 3729
f 3730 3731 3728
f 3732 3733 3734
f 3735 3736 3733
f 3734 3737 3738
f 3733 3739 3737
f 3740 3723 3726
f 3741 3724 3723
f 3742 3725 3743
f 3725 3744 3743
f 3742 3745 3746
f 3743 3747 3745
f 3746 3748 3749
f 3745 3750 3748
f 3749 3751 3752
f 3748 3753 3751
f 3752 3754 3755
f 3751 3756 3754
f 3755 3757 3758
f 3754 3759 3757
f 3758 3760 3761
f 3757 3762 3760
f 3729 3763 3764
f 3728 3765 3763
f 3764 3735 3732
f 3763 3766 3735
f 3738 3741 3740
f 3737 3767 3741
f 1 757 2
f 4 819 5
f 7 758 8
f 10 770 11
f 13 852 14
f 16 873 17
f 19 754 20
f 22 782 23
f 25 785 26
f 28 829 29
f 31 794 32
f 34 832 35
f 37 882 38
f 40 839 41
f 43 802 44
f 46 786 47
f 49 771 50
f 52 818 53
f 17 873 55
f 57 827 58
f 60 847 61
f 63 893 64
f 66 776 67
f 69 779 70
f 72 895 73
f 75 856 76
f 78 828 79
f 81 901 82
f 84 838 85
f 87 855 88
f 90 795 91
f 93 3768 94
f 96 907 97
f 99 880 100
f 102 864 103
f 105 889 106
f 108 868 109
f 111 865 112
f 114 861 115
f 117 863 118
f 120 157 121
f 123 881 124
f 126 875 127
f 129 892 130
f 132 879 133
f 135 894 136
f 138 925 139
f 141 897 142
f 144 883 145
f 147 876 148
f 150 871 151
f 153 888 154
f 156 121 157
f 159 826 160
f 162 938 163
f 165 872 166
f 168 847 60
f 170 874 171
f 173 940 174
f 176 862 177
f 179 936 180
f 182 837 183
f 185 902 186
f 188 278 189
f 191 896 192
f 194 3769 195
f 197 3770 198
f 200 898 201
f 203 919 204
f 206 961 207
f 209 913 210
f 212 910 213
f 215 906 216
f 218 909 219
f 221 933 222
f 224 924 225
f 227 920 228
f 230 937 231
f 233 931 234
f 236 978 237
f 239 943 240
f 242 926 243
f 245 921 246
f 248 916 249
f 251 932 252
f 254 961 206
f 256 846 257
f 259 917 260
f 262 987 263
f 265 956 266
f 268 918 269
f 271 299 272
f 274 908 275
f 277 189 278
f 280 947 281
f 283 391 284
f 286 376 287
f 289 946 290
f 292 955 293
f 295 957 296
f 298 272 299
f 301 971 302
f 304 1164 305
f 307 964 308
f 310 960 311
f 313 959 314
f 316 968 317
f 319 970 320
f 322 972 323
f 325 974 326
f 328 983 329
f 331 991 332
f 334 3771 335
f 337 977 338
f 340 973 341
f 343 939 344
f 346 984 347
f 349 1164 304
f 351 903 352
f 354 3772 355
f 357 967 358
f 360 3773 361
f 363 969 364
f 366 958 367
f 369 1021 370
f 372 1009 373
f 375 287 376
f 378 1051 379
f 381 1003 382
f 384 1138 385
f 387 1001 388
f 390 284 391
f 393 1140 394
f 396 1025 397
f 399 1119 400
f 402 1011 403
f 405 1014 406
f 408 1069 409
f 411 1032 412
f 414 1026 415
f 417 1049 418
f 420 1031 421
f 423 1148 424
f 426 1052 427
f 429 1034 430
f 432 1027 433
f 435 996 436
f 438 1043 439
f 441 1119 399
f 443 951 444
f 446 1122 447
f 449 1143 450
f 452 1016 453
f 455 1022 456
f 458 1008 459
f 461 1076 462
f 464 500 465
f 467 1074 468
f 470 3773 360
f 472 1066 473
f 475 556 476
f 478 1070 479
f 481 1136 482
f 484 1075 485
f 487 1002 488
f 490 648 491
f 493 1080 494
f 496 1078 497
f 499 465 500
f 502 1086 503
f 505 1089 506
f 508 1112 509
f 511 1107 512
f 514 1097 515
f 517 586 518
f 520 1130 521
f 523 1090 524
f 526 1059 527
f 529 1108 530
f 532 1084 533
f 535 988 536
f 538 1113 539
f 541 1114 542
f 544 1085 545
f 547 1117 548
f 79 828 550
f 552 562 553
f 555 476 556
f 558 1088 559
f 561 553 562
f 564 1123 565
f 567 1126 568
f 570 1145 571
f 573 1129 574
f 576 3774 577
f 579 1133 580
f 582 1131 583
f 585 518 586
f 588 1134 589
f 591 1103 592
f 594 1115 595
f 597 990 598
f 600 990 597
f 602 3775 603
f 605 989 606
f 608 1061 609
f 611 3776 612
f 614 1096 615
f 617 1060 618
f 620 1092 621
f 623 1091 624
f 626 3777 627
f 629 1065 630
f 632 1087 633
f 635 1147 636
f 638 3778 639
f 641 1146 642
f 644 1077 645
f 647 491 648
f 650 1149 651
f 653 1079 654
f 656 1152 657
f 659 834 660
f 662 687 663
f 665 675 666
f 668 992 669
f 671 997 672
f 674 666 675
f 677 1160 678
f 680 1004 681
f 683 1159 684
f 686 663 687
f 689 1010 690
f 692 1013 693
f 695 1015 696
f 698 1012 699
f 701 1163 702
f 704 1020 705
f 707 1024 708
f 710 3779 711
f 713 1168 714
f 716 1170 717
f 719 1033 720
f 722 1036 723
f 725 1035 726
f 728 1167 729
f 731 1157 732
f 734 1173 735
f 737 1015 695
f 739 952 740
f 742 1050 743
f 745 1165 746
f 748 1023 749
f 751 1162 752
f 19 1 3
f 755 756 1
f 756 784 757
f 6 5 8
f 759 6 758
f 761 4 6
f 7 9 762
f 764 7 763
f 764 760 758
f 766 10 12
f 768 769 10
f 769 816 770
f 15 14 771
f 772 773 15
f 773 853 13
f 774 18 17
f 768 766 18
f 766 767 16
f 21 20 776
f 777 778 21
f 778 755 19
f 779 22 24
f 780 781 22
f 781 800 782
f 25 27 2
f 783 25 757
f 783 3780 785
f 30 29 47
f 787 789 30
f 788 28 30
f 790 31 33
f 792 31 790
f 792 814 794
f 795 36 35
f 796 798 36
f 797 34 36
f 39 38 23
f 799 39 782
f 801 37 39
f 43 42 41
f 803 805 42
f 804 40 42
f 806 45 44
f 808 809 45
f 809 803 43
f 810 46 48
f 812 813 46
f 787 786 46
f 794 51 50
f 814 815 51
f 772 49 51
f 770 52 54
f 816 817 52
f 817 3781 818
f 56 55 819
f 820 56 4
f 775 17 56
f 59 58 821
f 823 59 822
f 825 57 59
f 62 61 826
f 550 62 159
f 828 60 62
f 28 65 64
f 788 831 65
f 830 63 65
f 68 67 832
f 833 68 34
f 777 66 68
f 834 69 71
f 835 836 69
f 780 779 69
f 74 73 183
f 661 74 837
f 660 72 74
f 75 77 839
f 840 75 40
f 841 856 75
f 80 79 842
f 844 80 843
f 844 860 78
f 256 83 82
f 61 83 256
f 847 81 83
f 848 86 85
f 850 851 86
f 851 1154 84
f 13 87 89
f 853 854 87
f 854 3782 855
f 856 90 92
f 857 90 856
f 857 796 795
f 858 93 95
f 860 549 93
f 548 3768 93
f 98 97 861
f 89 98 114
f 88 96 98
f 101 100 862
f 92 101 176
f 91 99 101
f 117 102 104
f 754 3 102
f 3 2 864
f 107 106 112
f 5 107 865
f 819 105 107
f 866 108 110
f 767 12 108
f 12 11 868
f 869 111 113
f 762 9 111
f 9 8 865
f 116 115 871
f 14 116 150
f 852 114 116
f 165 119 118
f 776 20 119
f 20 754 117
f 122 121 873
f 866 122 16
f 867 120 122
f 125 124 874
f 24 125 170
f 23 123 125
f 864 126 128
f 2 27 126
f 27 26 875
f 131 130 148
f 29 131 876
f 829 129 131
f 877 132 134
f 791 33 132
f 33 32 879
f 137 136 880
f 91 35 137
f 832 135 137
f 140 139 881
f 38 140 123
f 882 138 140
f 143 142 145
f 41 143 883
f 839 141 143
f 884 144 146
f 807 44 144
f 44 802 883
f 886 147 149
f 811 48 147
f 48 47 876
f 152 151 133
f 32 50 152
f 771 150 152
f 868 153 155
f 11 54 153
f 54 53 888
f 105 156 158
f 819 55 156
f 55 873 121
f 161 160 890
f 58 161 891
f 827 159 161
f 164 163 892
f 64 164 129
f 893 162 164
f 167 166 894
f 832 67 167
f 67 776 165
f 169 60 828
f 858 169 78
f 859 168 169
f 172 171 895
f 660 71 172
f 71 70 170
f 896 173 175
f 183 73 173
f 895 940 173
f 178 177 897
f 77 178 141
f 76 176 178
f 181 180 898
f 136 181 200
f 894 179 181
f 899 182 184
f 849 85 182
f 85 838 837
f 81 185 187
f 847 168 185
f 168 859 902
f 903 188 190
f 82 188 903
f 901 278 188
f 904 191 193
f 900 184 191
f 184 183 896
f 902 194 196
f 95 194 902
f 94 3769 194
f 197 199 906
f 97 197 215
f 907 3770 197
f 202 201 908
f 100 202 274
f 880 200 202
f 205 204 909
f 863 104 205
f 104 103 203
f 208 207 910
f 106 208 212
f 889 206 208
f 911 209 211
f 867 110 209
f 110 109 913
f 214 213 914
f 870 113 214
f 112 212 214
f 217 216 916
f 115 217 248
f 861 215 217
f 220 219 917
f 118 220 259
f 863 218 220
f 223 222 157
f 911 223 120
f 912 221 223
f 226 225 918
f 124 226 268
f 881 224 226
f 203 227 229
f 103 128 227
f 128 127 920
f 232 231 921
f 130 232 245
f 892 230 232
f 235 234 922
f 134 235 923
f 133 233 235
f 238 237 924
f 139 238 224
f 925 236 238
f 241 240 243
f 142 241 926
f 897 239 241
f 927 242 244
f 885 146 242
f 146 145 926
f 247 246 929
f 149 247 930
f 148 245 247
f 250 249 931
f 151 250 233
f 871 248 250
f 913 251 253
f 109 155 251
f 155 154 932
f 255 206 889
f 222 255 158
f 933 254 255
f 258 257 934
f 160 258 935
f 826 256 258
f 261 260 936
f 166 261 179
f 872 259 261
f 264 263 937
f 163 264 230
f 938 262 264
f 939 265 267
f 916 216 265
f 906 956 265
f 270 269 174
f 171 270 940
f 874 268 270
f 273 272 898
f 941 273 180
f 942 271 273
f 276 275 943
f 177 276 239
f 862 274 276
f 279 278 901
f 944 279 187
f 945 277 279
f 946 280 282
f 192 175 280
f 175 174 947
f 285 284 687
f 948 285 662
f 950 283 285
f 443 286 288
f 667 286 443
f 666 376 286
f 953 289 291
f 905 193 289
f 193 192 946
f 944 292 294
f 186 196 292
f 196 195 955
f 956 295 297
f 199 295 956
f 199 198 957
f 958 298 300
f 908 201 298
f 201 898 272
f 959 303 302
f 909 204 303
f 204 919 301
f 306 305 311
f 207 306 960
f 961 304 306
f 962 307 309
f 912 211 307
f 211 210 964
f 965 310 312
f 914 213 310
f 213 910 960
f 967 313 315
f 917 219 313
f 219 909 959
f 316 318 933
f 912 962 316
f 962 963 968
f 969 319 321
f 918 225 319
f 225 924 970
f 301 322 324
f 919 229 322
f 229 228 972
f 973 325 327
f 921 231 325
f 231 937 974
f 330 329 975
f 234 330 976
f 931 328 330
f 977 331 333
f 240 331 977
f 943 991 331
f 970 334 336
f 924 237 334
f 978 3771 334
f 979 337 339
f 928 244 337
f 244 243 977
f 981 340 342
f 929 246 340
f 246 921 973
f 328 343 345
f 931 249 343
f 916 939 343
f 964 346 348
f 210 253 346
f 253 252 984
f 350 304 961
f 318 350 254
f 317 349 350
f 985 351 353
f 257 351 985
f 846 903 351
f 974 354 356
f 937 263 354
f 987 3772 354
f 941 357 359
f 936 260 357
f 260 917 967
f 362 361 988
f 598 362 535
f 990 360 362
f 947 363 365
f 269 363 947
f 918 969 363
f 991 366 368
f 943 275 366
f 275 908 958
f 371 370 992
f 993 371 668
f 995 369 371
f 374 373 996
f 672 374 435
f 997 372 374
f 377 376 666
f 998 377 674
f 1000 375 377
f 380 379 388
f 684 679 380
f 679 678 378
f 1002 381 383
f 586 517 381
f 517 1099 1003
f 386 385 1000
f 681 386 998
f 1004 384 386
f 1005 387 389
f 1007 685 387
f 685 684 1001
f 1008 390 392
f 752 688 390
f 688 687 284
f 395 394 1009
f 690 395 372
f 1010 393 395
f 398 397 403
f 693 398 1011
f 1013 396 398
f 401 400 406
f 696 401 1014
f 1015 399 401
f 1016 402 404
f 746 699 402
f 699 1012 1011
f 1017 405 407
f 1019 703 405
f 703 702 1014
f 1020 408 410
f 370 408 1020
f 1021 1069 408
f 413 412 1022
f 708 413 455
f 1024 411 413
f 396 414 416
f 1013 711 414
f 711 3779 1026
f 417 419 433
f 729 715 417
f 714 1049 417
f 1028 420 422
f 1030 718 420
f 718 717 1031
f 425 424 1032
f 720 425 411
f 1033 423 425
f 428 427 1034
f 723 428 429
f 1036 426 428
f 431 430 1037
f 726 431 1038
f 1035 429 431
f 432 434 1040
f 730 432 1041
f 730 729 1027
f 437 436 421
f 733 437 1031
f 732 435 437
f 993 438 440
f 994 736 438
f 736 735 1043
f 442 399 1015
f 410 442 737
f 409 441 442
f 445 444 1044
f 740 445 1045
f 952 443 445
f 448 447 1047
f 404 448 1048
f 403 446 448
f 451 450 418
f 743 451 1049
f 1050 449 451
f 948 452 454
f 949 747 452
f 747 746 1016
f 457 456 1051
f 749 457 378
f 1023 455 457
f 426 458 460
f 1036 753 458
f 753 752 1008
f 463 462 1053
f 581 463 1054
f 580 461 463
f 466 465 491
f 1056 466 647
f 1058 464 466
f 469 468 1059
f 609 469 526
f 1061 467 469
f 471 360 990
f 1062 471 600
f 1064 470 471
f 472 474 1065
f 379 472 629
f 379 1051 1066
f 1067 475 477
f 409 1069 475
f 1069 1021 556
f 1062 478 480
f 1063 604 478
f 604 603 1070
f 483 482 1071
f 630 483 1072
f 1065 481 483
f 467 484 486
f 1061 613 484
f 613 612 1075
f 461 487 489
f 580 587 487
f 587 586 1002
f 1077 490 492
f 1068 477 490
f 477 476 648
f 496 493 495
f 1079 652 493
f 652 651 1080
f 498 497 1081
f 654 498 1082
f 1079 496 498
f 1084 499 501
f 645 492 499
f 492 491 465
f 1085 502 504
f 642 637 502
f 637 636 1086
f 632 505 507
f 1088 575 505
f 575 574 1089
f 510 509 1090
f 621 510 523
f 1092 508 510
f 513 512 1093
f 615 513 1094
f 1096 511 513
f 1086 514 516
f 636 639 514
f 639 3778 1097
f 519 518 391
f 1098 519 283
f 1099 517 519
f 522 521 1100
f 592 522 1101
f 1103 520 522
f 525 524 1104
f 624 525 1105
f 1091 523 525
f 528 527 1107
f 618 528 511
f 1060 526 528
f 1056 529 531
f 1057 658 529
f 658 657 1108
f 1080 532 534
f 651 646 532
f 646 645 1084
f 537 536 1109
f 606 537 1110
f 989 535 537
f 508 538 540
f 1092 628 538
f 628 627 1113
f 1003 541 543
f 1099 590 541
f 590 589 1114
f 544 546 1115
f 473 643 544
f 643 642 1085
f 547 549 860
f 1116 547 844
f 1116 3783 1117
f 551 550 827
f 825 1118 551
f 1118 842 79
f 554 553 1119
f 1067 554 441
f 1068 552 554
f 557 556 1021
f 1120 557 369
f 1121 555 557
f 560 559 1122
f 397 560 446
f 1025 558 560
f 1123 561 563
f 400 561 1123
f 1119 553 561
f 1124 564 566
f 1018 407 564
f 407 406 1123
f 1120 567 569
f 995 440 567
f 440 439 1126
f 572 571 1127
f 447 572 1128
f 1122 570 572
f 558 573 575
f 1025 416 573
f 416 415 1129
f 520 576 578
f 583 576 520
f 1131 3774 576
f 1132 579 581
f 1052 460 579
f 460 459 1133
f 584 583 1103
f 427 584 591
f 1052 582 584
f 1133 585 587
f 459 392 585
f 392 391 518
f 1098 588 590
f 950 454 588
f 454 453 1134
f 593 592 1102
f 430 593 1135
f 1034 591 593
f 596 595 1136
f 474 596 481
f 473 594 596
f 599 598 989
f 288 599 605
f 287 597 599
f 601 597 287
f 1137 601 375
f 1063 600 601
f 1137 602 604
f 385 602 1137
f 1138 3775 602
f 607 606 1111
f 444 607 1139
f 951 605 607
f 610 609 1060
f 373 610 617
f 1009 608 610
f 608 611 613
f 394 611 608
f 1140 3776 611
f 616 615 1095
f 422 616 1141
f 421 614 616
f 619 618 1096
f 436 619 614
f 996 617 619
f 622 621 1091
f 419 622 623
f 418 620 622
f 625 624 1106
f 434 625 1142
f 433 623 625
f 620 626 628
f 450 626 620
f 1143 3777 626
f 631 630 1073
f 1006 389 631
f 389 388 629
f 634 633 1145
f 559 634 570
f 1088 632 634
f 1146 635 637
f 412 635 1146
f 1032 1147 635
f 1147 640 639
f 424 640 1147
f 1148 638 640
f 641 643 473
f 456 641 1066
f 1022 1146 641
f 1149 644 646
f 562 552 644
f 552 1068 1077
f 649 648 476
f 1150 649 555
f 1057 647 649
f 653 650 652
f 565 563 650
f 563 562 1149
f 655 654 1083
f 566 655 1151
f 565 653 655
f 1150 656 658
f 1121 569 656
f 569 568 1152
f 659 661 838
f 1153 659 84
f 1153 835 834
f 664 663 299
f 1155 664 271
f 949 662 664
f 739 665 667
f 352 190 665
f 190 189 675
f 309 670 669
f 308 1156 670
f 994 668 670
f 673 672 732
f 344 267 673
f 267 266 671
f 676 675 189
f 1158 676 277
f 999 674 676
f 1159 677 679
f 282 677 1159
f 282 281 1160
f 682 681 999
f 945 294 682
f 294 293 680
f 1161 683 685
f 954 291 683
f 291 290 1159
f 1162 686 688
f 367 300 686
f 300 299 663
f 691 690 997
f 266 297 691
f 297 296 689
f 694 693 1012
f 302 694 698
f 971 692 694
f 697 696 702
f 305 697 1163
f 1164 695 697
f 700 699 746
f 315 700 1165
f 314 698 700
f 1166 701 703
f 966 312 701
f 312 311 1163
f 968 704 706
f 963 669 704
f 669 992 1020
f 709 708 1023
f 321 709 748
f 320 707 709
f 712 711 1013
f 971 324 712
f 324 323 710
f 1167 713 715
f 341 327 713
f 327 326 1168
f 1169 716 718
f 975 329 716
f 329 983 1170
f 721 720 1024
f 336 721 707
f 335 719 721
f 724 723 1035
f 338 333 724
f 332 722 724
f 727 726 1039
f 980 339 727
f 339 338 725
f 1172 728 730
f 982 342 728
f 342 341 1167
f 1170 731 733
f 983 345 731
f 345 344 1157
f 1156 734 736
f 308 348 734
f 348 347 1173
f 738 695 1164
f 706 738 349
f 705 737 738
f 741 740 1046
f 986 353 741
f 353 352 739
f 744 743 714
f 326 356 744
f 356 355 742
f 1155 745 747
f 942 359 745
f 359 358 1165
f 750 749 678
f 365 750 1160
f 364 748 750
f 722 751 753
f 332 368 751
f 368 367 1162
f 1175 1253 1176
f 1178 1486 1179
f 1181 1250 1182
f 1184 1335 1185
f 1187 3784 1188
f 1190 1392 1191
f 1193 1495 1194
f 1196 1522 1197
f 1199 1301 1200
f 1202 1502 1203
f 1205 1326 1206
f 1208 1246 1209
f 1211 1235 1212
f 1214 1321 1215
f 1217 1239 1218
f 1220 3785 1221
f 1223 1243 1224
f 1213 1212 1226
f 1228 1411 1229
f 1231 1376 1232
f 1234 1445 1235
f 1236 1447 1237
f 1239 1353 1240
f 1207 1206 1241
f 1243 1510 1244
f 1208 1479 1245
f 1247 1278 1248
f 1250 1471 1251
f 1252 1176 1253
f 1255 1517 1256
f 1258 1455 1259
f 1261 1295 1262
f 1253 1175 1257
f 1264 3786 1265
f 1267 1316 1268
f 1270 1503 1271
f 1256 1422 1254
f 1273 1434 1274
f 1276 1445 1234
f 1278 1443 1279
f 1208 1210 1280
f 1281 1460 1282
f 1190 1445 1276
f 1285 1381 1286
f 1288 1270 1272
f 1290 1436 1291
f 1277 1234 1293
f 1295 1519 1296
f 1297 3787 1298
f 1300 1375 1200
f 1302 1466 1303
f 1287 1286 1305
f 1307 1336 1308
f 1310 1482 1311
f 1206 1326 1313
f 1315 1268 1316
f 1318 1525 1319
f 1321 1373 1322
f 1323 1498 1324
f 1269 1268 1326
f 1327 1400 1328
f 1330 1412 1331
f 1333 1506 1334
f 1335 1308 1336
f 1338 1264 1266
f 1318 1320 1340
f 1342 1538 1343
f 1345 3788 1300
f 1346 1334 1347
f 1308 1515 1349
f 1333 1462 1350
f 1239 1410 1352
f 1213 1227 1280
f 1355 1517 1284
f 1234 1211 1356
f 1204 1203 1357
f 1359 1342 1344
f 1361 3788 1345
f 1238 1237 1363
f 1365 1363 1366
f 1260 1457 1329
f 1368 1432 1369
f 1325 1324 1176
f 1354 1356 1211
f 1371 1281 1283
f 1373 1273 1275
f 1330 1526 1374
f 1375 1359 1360
f 3789 3790 3791
f 1379 3792 1380
f 1382 1405 1195
f 1358 1387 1343
f 1384 3786 1264
f 1385 1323 1325
f 1344 1343 1387
f 1389 1467 1371
f 1312 1451 1391
f 1284 1518 1392
f 1393 3793 1180
f 1394 1186 1395
f 1397 1338 1339
f 1399 1417 1400
f 1200 1360 1401
f 1324 1497 1177
f 1298 3787 1402
f 1404 1481 1405
f 1194 1446 1383
f 1406 1272 1271
f 1304 1226 1212
f 1408 1510 1397
f 1217 1442 1410
f 1330 1229 1411
f 1390 1371 1372
f 1363 1365 1414
f 1415 3794 1367
f 1369 1431 1416
f 1418 1439 1419
f 1421 1471 1422
f 1423 1492 1424
f 1380 3792 1426
f 1390 1413 1428
f 1309 1349 1430
f 1431 1369 1432
f 1434 1473 1435
f 1203 1270 1288
f 1409 1476 1436
f 1386 1181 1183
f 1345 1528 1438
f 1222 1419 1439
f 1440 1214 1216
f 1355 1276 1277
f 1442 1217 1443
f 1386 1325 1252
f 1445 1190 1192
f 1446 1194 1447
f 1367 1450 1448
f 1246 1418 1420
f 1367 3794 1449
f 1193 1391 1451
f 1453 1403 1402
f 1455 1307 1309
f 1430 1534 1456
f 1458 1184 1186
f 1281 1468 1459
f 1461 1535 1462
f 1457 1260 1259
f 1463 1533 1464
f 1466 1302 1192
f 1281 1371 1467
f 1448 1529 1469
f 1471 1421 1472
f 1473 1261 1263
f 1474 1389 1390
f 1385 1386 1437
f 1476 1409 1477
f 1479 1226 1304
f 1254 1422 1471
f 1230 1504 1317
f 1223 1225 1480
f 1481 1291 1482
f 1278 1247 1483
f 1407 1474 1429
f 1485 1493 1486
f 1400 1509 1487
f 1488 1286 1381
f 1489 1423 1425
f 1457 1456 1491
f 1350 1231 1233
f 1492 1486 1493
f 1495 1465 1447
f 1353 1352 1242
f 1310 1391 1405
f 1496 1196 1332
f 1291 1436 1476
f 1465 1464 1237
f 1461 1333 1245
f 1497 1324 1498
f 1395 1488 1500
f 1501 1515 1184
f 1270 1203 1502
f 1292 1291 1481
f 1504 1230 1229
f 1227 1226 1479
f 1505 1347 1334
f 1302 1212 1235
f 1492 1423 1179
f 1417 1399 1370
f 1495 1193 1452
f 1454 1520 1508
f 1185 3795 1306
f 1417 1416 1509
f 1243 1338 1397
f 1450 1449 1511
f 1246 1245 1334
f 1186 1185 1305
f 1381 1285 1513
f 1514 1349 1515
f 1399 1530 1516
f 1337 3795 1185
f 1398 1477 1409
f 1517 1255 1518
f 1223 1264 1338
f 1488 1380 1427
f 1219 1279 1443
f 1519 1297 1299
f 1520 1187 1189
f 1196 1496 1521
f 1313 1326 1268
f 1433 1432 1493
f 1489 1393 1179
f 1368 1524 1523
f 1370 1516 1524
f 1525 1318 1347
f 1267 1228 1230
f 1526 1330 1332
f 1198 1527 1332
f 1314 1537 1241
f 1528 1345 1301
f 1464 1366 1363
f 1365 1448 1470
f 1448 1450 1512
f 1395 1305 1286
f 1328 1487 1258
f 1530 1399 1327
f 1329 1491 1531
f 1421 1277 1294
f 1429 1428 1532
f 1484 1444 1443
f 1360 1344 1388
f 1391 1193 1195
f 1366 1464 1533
f 1408 1536 1244
f 1517 1355 1422
f 1515 1308 1335
f 1494 1493 1432
f 1424 1492 1494
f 1534 1430 1349
f 1304 1303 1535
f 1536 1408 1436
f 1482 1476 1478
f 1353 1241 1537
f 1465 1495 1507
f 1538 1202 1204
f 1348 1347 1318
f 1252 1254 1250
f 1539 1934 1540
f 1542 1894 1543
f 1545 3796 1546
f 1548 1898 1549
f 1551 1937 1552
f 1554 1942 1555
f 1557 3797 1558
f 1560 3798 1561
f 1563 1919 1564
f 1566 3799 1567
f 1569 1951 1570
f 1572 1952 1573
f 1575 1953 1576
f 1578 1925 1579
f 1581 1967 1582
f 1584 1935 1585
f 1587 1968 1588
f 1590 1936 1591
f 1593 1970 1594
f 1596 1954 1597
f 1599 1943 1600
f 1602 1944 1603
f 1605 1949 1606
f 1608 1950 1609
f 1611 1985 1612
f 1614 1990 1615
f 1617 1989 1618
f 1620 2273 1621
f 1623 3800 1624
f 1626 1986 1627
f 1629 3801 1630
f 1632 3802 1633
f 1635 1969 1636
f 1638 3803 1639
f 1641 1974 1642
f 1644 2010 1645
f 1647 1979 1648
f 1650 2020 1651
f 1653 3804 1654
f 1656 2116 1657
f 1659 3805 1660
f 1662 3806 1663
f 1665 2071 1666
f 1668 1992 1669
f 1671 2001 1672
f 1674 2002 1675
f 1677 2003 1678
f 1680 2004 1681
f 1683 2009 1684
f 1686 3807 1687
f 1689 2015 1690
f 1692 3808 1693
f 1695 2021 1696
f 1698 2088 1699
f 1701 2100 1702
f 1704 3809 1705
f 1707 2025 1708
f 1710 2098 1711
f 1713 2032 1714
f 1716 2106 1717
f 1719 2034 1720
f 1722 3810 1723
f 1725 2097 1726
f 1728 2105 1729
f 1731 2046 1732
f 1734 2099 1735
f 1737 2094 1738
f 1740 2053 1741
f 1743 3811 1744
f 1746 3812 1747
f 1749 3813 1750
f 1752 2056 1753
f 1755 2057 1756
f 1758 2063 1759
f 1761 2064 1762
f 1764 3814 1765
f 1767 2270 1768
f 1770 3815 1771
f 1773 3816 1774
f 1776 2079 1777
f 1779 2080 1780
f 1782 3817 1783
f 1785 2083 1786
f 1788 2109 1789
f 1791 2093 1792
f 1794 3818 1795
f 1797 2095 1798
f 1800 2096 1801
f 1803 2072 1804
f 1806 3819 1807
f 1809 3820 1810
f 1812 2081 1813
f 1815 2055 1816
f 1818 2065 1819
f 1821 2073 1822
f 1824 3821 1825
f 1827 2108 1828
f 1830 2054 1831
f 1833 2113 1834
f 1836 2115 1837
f 1839 1991 1840
f 1842 2022 1843
f 1845 2023 1846
f 1848 2117 1849
f 1851 2026 1852
f 1854 3822 1855
f 1857 2033 1858
f 1860 3823 1861
f 1863 2121 1864
f 1866 2040 1867
f 1869 2125 1870
f 1872 2128 1873
f 1875 2052 1876
f 1878 2132 1879
f 1881 1929 1882
f 1884 1881 1883
f 1886 1890 1887
f 1889 3824 1890
f 1891 1539 1541
f 1893 3825 1894
f 1895 3796 1545
f 1897 3826 1898
f 1899 1551 1553
f 1901 3827 1902
f 1904 3827 1901
f 3828 3829 3830
f 1909 1557 1559
f 1911 1560 1562
f 1913 1948 1914
f 1916 1913 1915
f 1918 3831 1919
f 1920 1566 1568
f 1922 1569 1571
f 1837 1572 1574
f 1924 3832 1575
f 1787 1786 1925
f 1926 3833 1927
f 1929 3833 1926
f 1930 1933 1931
f 1888 1887 1933
f 1934 1581 1583
f 1544 1543 1935
f 1546 1587 1589
f 1550 1549 1936
f 1937 1593 1595
f 1938 1941 1939
f 1903 1902 1941
f 1942 1596 1598
f 1558 3797 1943
f 1561 3798 1944
f 1945 1978 1946
f 1948 1945 1947
f 1565 1564 1949
f 1567 3799 1950
f 1951 1611 1613
f 1952 1614 1616
f 1953 1617 1619
f 1954 1620 1622
f 1955 1959 1956
f 1958 2199 1959
f 1579 3800 1623
f 1960 1996 1961
f 1927 1960 1962
f 1963 1966 1964
f 1932 1931 1966
f 1967 1626 1628
f 1585 1629 1631
f 1968 1632 1634
f 1592 1591 1969
f 1970 1638 1640
f 1971 2008 1972
f 1939 1971 1973
f 1601 1600 1974
f 1603 1644 1646
f 1975 2014 1976
f 1978 1975 1977
f 1607 1606 1979
f 1980 1984 1981
f 1983 2017 1984
f 1985 1650 1652
f 1986 3804 1653
f 1658 1657 1987
f 1989 1659 1661
f 1990 3806 1662
f 1667 1666 1991
f 1625 1624 1992
f 1993 2120 1994
f 1996 1993 1995
f 1997 2000 1998
f 1965 1964 2000
f 1630 3801 2001
f 1633 3802 2002
f 1637 1636 2003
f 1639 3803 2004
f 2005 3834 2006
f 2008 2005 2007
f 1643 1642 2009
f 2010 3807 1686
f 2011 3835 2012
f 2014 3835 2011
f 1649 1648 2015
f 2016 2019 2017
f 2018 2130 2019
f 2020 3808 1692
f 1660 3805 2021
f 1700 1699 2022
f 2023 1701 1703
f 1850 1849 1704
f 2024 2283 2025
f 2026 1710 1712
f 2027 2092 2028
f 2030 2027 2029
f 1855 3822 2032
f 2033 1716 1718
f 1861 3823 2034
f 1864 3810 1722
f 2035 2039 2036
f 2038 2123 2039
f 2040 1725 1727
f 1871 1870 1728
f 2041 3836 2042
f 2044 3836 2041
f 1874 1873 2046
f 2047 2051 2048
f 2050 2085 2051
f 2052 1734 1736
f 1714 1737 1739
f 1880 1879 2053
f 1801 1743 1745
f 1748 1747 2054
f 2055 1749 1751
f 1705 3809 2056
f 1811 1810 2057
f 2058 2062 2059
f 2061 2111 2062
f 1826 1825 2063
f 1799 1798 2064
f 2065 1764 1766
f 2066 3837 2067
f 2069 2066 2068
f 1769 1768 2071
f 2072 1770 1772
f 2073 1773 1775
f 2074 3838 2075
f 2077 2074 2076
f 1835 1834 2079
f 1829 1828 2080
f 2081 1782 1784
f 2082 3839 2083
f 2084 2087 2085
f 2086 2398 2087
f 1790 1789 2088
f 2089 3840 2090
f 2092 3840 2089
f 1733 1732 2093
f 2094 1794 1796
f 1721 1720 2095
f 1742 1741 2096
f 2097 1803 1805
f 1754 1753 1806
f 2098 3820 1809
f 2099 1812 1814
f 2100 1815 1817
f 2101 2069 2070
f 2036 2101 2102
f 2103 2077 2078
f 2042 2103 2104
f 1724 1723 1818
f 2105 1821 1823
f 2106 3821 1824
f 2107 2414 2108
f 1832 1831 2109
f 2110 2112 2111
f 2091 2090 2112
f 1793 1792 2113
f 2114 3841 2115
f 1841 1840 2116
f 1998 1844 1843
f 1655 1654 1845
f 1664 1663 2117
f 1670 1669 1851
f 2118 2030 2031
f 2120 2118 2119
f 1672 1854 1856
f 1675 1857 1859
f 1679 1678 1860
f 1682 1681 2121
f 2122 2124 2123
f 2006 3834 2124
f 1685 1684 1866
f 1688 1687 2125
f 2126 2127 2044
f 2013 2012 2127
f 1691 1690 2128
f 2129 2131 2130
f 2049 2048 2131
f 1694 1693 1875
f 1697 1696 2132
f 2133 2159 2134
f 2136 2160 2137
f 2139 2161 2140
f 2142 3842 2143
f 2145 2164 2146
f 2148 3843 2149
f 2151 2163 2152
f 2154 2162 2155
f 2157 2133 2135
f 2159 2136 2138
f 2160 2139 2141
f 2161 3842 2142
f 2162 2145 2147
f 2163 3843 2148
f 2164 2151 2153
f 2143 2154 2156
f 2165 2169 2166
f 2168 2188 2169
f 2170 3844 2171
f 2166 3844 2170
f 2173 2176 2174
f 2172 2171 2176
f 2177 2193 2178
f 2180 2177 2179
f 2182 2186 2183
f 2185 2192 2186
f 2187 2190 2188
f 2189 3845 2190
f 2191 3846 2192
f 2193 3846 2191
f 2194 2180 2181
f 2175 2174 2194
f 2196 2219 2197
f 2199 1958 2200
f 2202 2223 2203
f 2205 2222 2206
f 2208 3847 2209
f 2211 2221 2212
f 2214 2220 2215
f 2217 2196 2198
f 2201 2200 2197
f 2204 2203 1957
f 2207 2206 2220
f 2210 2209 2221
f 2213 2212 2222
f 2216 2215 2223
f 2224 2249 2225
f 2227 3848 2228
f 2230 2250 2231
f 2233 2255 2234
f 2236 3849 2237
f 2239 2248 2240
f 2242 2252 2243
f 2245 2251 2246
f 2248 2224 2226
f 2249 3848 2227
f 2229 2228 2250
f 2251 2233 2235
f 2252 2236 2238
f 2253 2239 2241
f 2255 2242 2244
f 2232 2231 2245
f 2256 2260 2257
f 2259 3850 2260
f 2261 2264 2262
f 2258 2257 2264
f 2265 1988 1987
f 2262 2265 2266
f 2267 2271 2268
f 2270 1767 2271
f 2272 2275 1621
f 2274 2286 2275
f 2276 2280 2277
f 2279 2282 2280
f 2281 2284 2282
f 2283 2024 2284
f 2285 2287 2286
f 2278 2277 2287
f 2288 2292 2289
f 2291 3851 2292
f 2293 2299 2294
f 2290 2289 2293
f 2296 3852 2297
f 2299 2296 2298
f 2300 2303 2301
f 2297 3852 2303
f 2304 2308 2305
f 2307 3853 2308
f 2309 2315 2310
f 2305 2309 2311
f 2312 3854 2313
f 2315 2312 2314
f 2316 3853 2307
f 2301 2316 2317
f 2318 2343 2319
f 2321 2344 2322
f 2324 3855 2325
f 2327 2345 2328
f 2330 3856 2331
f 2333 3857 2334
f 2336 2347 2337
f 2339 2346 2340
f 2342 3858 2343
f 2320 2319 2344
f 2323 2322 2324
f 2325 3855 2345
f 2346 3856 2330
f 2331 2333 2335
f 2334 3857 2347
f 2328 2339 2341
f 2348 2352 2349
f 2351 3859 2352
f 2353 2356 2354
f 2350 2349 2356
f 2357 2361 2358
f 2360 2363 2361
f 2362 2365 2363
f 2364 2375 2365
f 2366 2381 2367
f 2369 2384 2370
f 2372 2383 2373
f 2375 2364 2376
f 2378 2382 2379
f 2368 2367 2355
f 2371 2370 2381
f 2374 2373 2382
f 2377 2376 2383
f 2380 2379 2384
f 2385 3860 2386
f 2388 2396 1982
f 2389 2397 2390
f 2392 2399 2393
f 2395 3861 2385
f 2386 3860 2396
f 2394 2393 2397
f 2398 2086 2399
f 2400 2402 1610
f 2401 2404 2402
f 2403 2406 2404
f 2403 2417 2405
f 2407 2411 2408
f 2410 2413 2411
f 2412 2415 2413
f 2414 2107 2415
f 2416 2418 2405
f 2409 2408 2418
f 2419 2439 2420
f 2422 2440 2423
f 2425 2441 2426
f 2428 2443 2429
f 2431 2447 2432
f 2434 2442 2435
f 2421 2420 2437
f 2424 2423 2439
f 2427 2426 2440
f 2425 2428 2430
f 2433 2432 2435
f 2443 2434 2436
f 2444 2448 2445
f 2447 2431 2448
f 2449 2452 2450
f 2446 2445 2452
f 2453 2456 2454
f 2451 2450 2456
f 2457 2467 2458
f 2460 2468 2461
f 2463 2469 2464
f 2466 2490 2467
f 2459 2458 2468
f 2462 2461 2469
f 2470 2474 2471
f 2470 2476 2473
f 2475 2478 2473
f 2477 2480 2478
f 2479 2482 2480
f 2481 2484 2482
f 2481 2485 2483
f 2485 2492 2486
f 2487 2491 2488
f 2490 2466 2491
f 2492 2494 2493
f 2494 2489 2488
f 2495 2520 2496
f 2498 2521 2499
f 2501 2522 2502
f 2504 2523 2505
f 2507 2524 2508
f 2510 3862 2511
f 2513 2525 2514
f 2516 2526 2517
f 2519 3863 2520
f 2497 2496 2521
f 2500 2499 2522
f 2503 2502 2523
f 2518 2517 2524
f 2525 2510 2512
f 2509 2508 2513
f 2506 2505 2526
f 2527 3864 2528
f 2530 2551 2527
f 2531 2534 2532
f 2528 3864 2534
f 2535 2556 2536
f 2533 2532 2535
f 2538 2545 2539
f 2541 2555 2538
f 2542 2549 2543
f 2545 2542 2544
f 2546 3865 2547
f 2549 2546 2548
f 2550 2553 2551
f 2552 3866 2553
f 2554 3867 2555
f 2556 3867 2554
f 2557 3868 2558
f 2560 2581 2561
f 2563 3869 2564
f 2566 3870 2567
f 2569 2582 2570
f 2572 3871 2573
f 2575 2584 2576
f 2578 2585 2579
f 2577 2576 2557
f 2558 3868 2581
f 2562 2561 2563
f 2580 2579 2566
f 2567 3870 2582
f 2570 2572 2574
f 2583 3872 2584
f 2564 3869 2585
f 2586 3873 2587
f 2589 2612 2590
f 2592 2613 2593
f 2595 3874 2596
f 2598 2615 2599
f 2601 3875 2602
f 2604 3876 2605
f 2607 2614 2608
f 2610 3873 2586
f 2588 2587 2589
f 2612 2592 2594
f 2613 3874 2595
f 2614 2598 2600
f 2605 2601 2603
f 2615 3876 2604
f 2597 2596 2607
f 2616 3877 2617
f 2619 3877 2616
f 2621 2624 2622
f 2618 2617 2624
f 2625 2631 2626
f 2622 2625 2627
f 2628 3878 2629
f 2631 3878 2628
f 2632 2636 2633
f 2635 2645 2636
f 2637 3879 2638
f 2640 2637 2639
f 2642 2640 2641
f 2633 2642 2643
f 2644 2646 2645
f 2630 2629 2646
f 2647 2655 2648
f 2650 2647 2649
f 2652 2659 2653
f 2655 2652 2654
f 2656 3880 2657
f 2659 2656 2658
f 2660 2663 2661
f 2657 3880 2663
f 2664 2676 2665
f 2667 2664 2666
f 2669 3881 2670
f 2672 2669 2671
f 2674 2672 2673
f 3882 3883 3884
f 2679 2680 2667
f 2662 2661 2680
f 2681 2689 2682
f 2684 2681 2683
f 2686 2693 2687
f 2689 2686 2688
f 2690 2697 2691
f 2693 2690 2692
f 2694 3885 2695
f 2697 3885 2694
f 2698 2710 2699
f 2701 2698 2700
f 2703 3886 2704
f 2706 2703 2705
f 2708 2706 2707
f 2710 2708 2709
f 2711 2712 2701
f 2696 2695 2712
f 2713 2802 2714
f 2716 2740 2717
f 2719 3887 2720
f 2722 2763 2723
f 2725 2746 2726
f 2728 2719 2721
f 2730 2749 2731
f 2733 2799 2734
f 2736 3209 2737
f 2720 2786 2739
f 2741 2735 2734
f 2743 2772 2744
f 2746 2716 2718
f 2738 2737 2747
f 2749 2791 2750
f 2751 2729 2746
f 2752 2815 2753
f 2755 2752 2754
f 2740 2739 2757
f 2758 3212 2759
f 2739 2786 2761
f 2721 2720 2740
f 2763 2743 2745
f 2764 2805 2765
f 2760 2759 2767
f 2769 2760 2768
f 2731 2750 2758
f 2772 2820 2773
f 2774 2823 2775
f 2777 2764 2766
f 2779 3212 2758
f 2771 2758 2760
f 2780 2771 2769
f 2782 3206 2783
f 2720 3887 2785
f 2787 2777 2778
f 2789 2755 2756
f 2791 3211 2779
f 2732 2731 2771
f 2792 2741 2742
f 2783 3206 2794
f 2796 2782 2784
f 2798 3174 2799
f 2800 2722 2724
f 2802 3209 2736
f 2757 2739 2762
f 2781 2769 2770
f 2805 3093 2806
f 2795 2794 2807
f 2785 3230 2761
f 2809 2728 2729
f 2810 2792 2793
f 2729 2721 2716
f 2812 2814 2752
f 2813 2812 2755
f 2814 2841 2815
f 2816 2821 2743
f 2817 2818 2722
f 2818 2816 2763
f 2819 2847 2820
f 2821 2819 2772
f 2822 3011 2823
f 2824 2832 2825
f 2827 2834 2828
f 2826 2825 2830
f 2829 2828 2832
f 2832 2837 2833
f 2834 2854 2835
f 2825 2833 2836
f 2828 2835 2837
f 2814 2812 2838
f 2812 2813 2840
f 2841 2814 2839
f 2821 2816 2843
f 2817 2841 2842
f 2816 2818 2846
f 2847 2819 2848
f 2819 2821 2844
f 2847 2849 2850
f 2837 2856 2851
f 2852 3888 2853
f 2833 2851 2855
f 2835 3220 2856
f 2857 2952 2858
f 2860 2905 2861
f 2863 2936 2864
f 2866 2912 2867
f 2869 2890 2870
f 2865 2864 2872
f 2874 2942 2875
f 2877 2886 2878
f 2880 2891 2881
f 2883 2910 2863
f 2885 2944 2886
f 2887 2923 2888
f 2862 2861 2890
f 2891 3089 2892
f 2893 2921 2894
f 2896 2873 2897
f 2899 2967 2900
f 2901 2900 2902
f 2904 2954 2905
f 2906 2917 2907
f 2883 3197 2909
f 2884 2863 2865
f 2889 2888 2912
f 2913 3178 2914
f 2906 2919 2916
f 2918 3084 2919
f 2920 2908 2894
f 2922 2972 2923
f 2924 2975 2925
f 2927 3178 2913
f 2908 2907 2929
f 2918 2906 2908
f 2930 2955 2931
f 2933 2946 2934
f 2910 2961 2936
f 2937 2927 2928
f 2903 2902 2939
f 2894 2929 2941
f 2942 2930 2932
f 2943 2964 2944
f 2933 2959 2945
f 2935 2934 2947
f 2878 3177 2949
f 2868 2867 2950
f 2880 2882 2952
f 2904 3194 2953
f 2955 3086 2956
f 2915 2914 2957
f 2959 3095 2960
f 2909 3223 2961
f 2873 2872 2962
f 2963 3018 2964
f 2911 2865 2873
f 2900 2968 2965
f 2902 2965 2966
f 2967 2993 2968
f 2888 2974 2969
f 2867 2971 2970
f 2912 2969 2971
f 2972 2997 2973
f 2923 2973 2974
f 2975 3019 2976
f 2977 2983 2978
f 2980 2985 2981
f 2983 3090 2984
f 2985 2977 2979
f 2979 2978 2986
f 2982 2981 2988
f 2978 2984 2990
f 2981 2979 2987
f 2991 3889 2965
f 2965 3889 2992
f 2993 2995 2991
f 2994 3890 2969
f 2970 3228 2995
f 2969 3890 2996
f 2997 2999 2998
f 2973 2998 2994
f 2976 3020 2999
f 3000 3003 2987
f 2989 3229 3001
f 2990 3087 3000
f 3003 3891 2988
f 3004 2725 2727
f 3006 2751 2725
f 2820 2774 2776
f 3007 2809 2751
f 3008 2810 2811
f 2847 2822 2774
f 2822 2850 3010
f 2871 2870 3012
f 2898 2897 3014
f 2926 2925 2972
f 2897 2962 3016
f 3017 3179 3018
f 2925 2976 2997
f 3019 3892 3020
f 3021 3195 3022
f 3024 3172 3025
f 3027 3070 3028
f 3030 3033 3031
f 3033 3075 3034
f 3035 3192 3036
f 3038 3027 3029
f 3040 3175 3041
f 3043 3263 3044
f 3046 3061 3047
f 3049 3088 3050
f 3052 3073 3053
f 3055 3202 3056
f 3058 3069 3059
f 3061 3204 3062
f 3063 3091 3064
f 3066 3170 3067
f 3045 3044 3069
f 3070 3094 3071
f 3072 3198 3073
f 3074 3260 3034
f 3076 3207 3077
f 3042 3041 3079
f 3081 3200 3082
f 2956 3021 3023
f 2806 3172 3024
f 2770 2768 3070
f 2940 2939 3033
f 2966 3075 3033
f 3085 3192 3035
f 2804 2770 3027
f 2789 3040 3042
f 2836 2855 3043
f 3087 2990 3061
f 2748 2747 3088
f 2916 3052 3054
f 2960 3202 3055
f 2831 2830 3058
f 2984 3204 3061
f 2958 2957 3091
f 3092 3066 3068
f 2830 2836 3045
f 2768 2767 3094
f 2919 3072 3052
f 2992 3074 3075
f 2808 2807 3076
f 2840 2813 3042
f 2892 3200 3081
f 3096 3203 3097
f 3099 3158 3100
f 3102 3180 3103
f 3105 3176 3106
f 3108 3196 3109
f 3111 3144 3112
f 3114 3208 3115
f 3117 3199 3118
f 3120 3130 3121
f 3123 3210 3124
f 3126 3134 3127
f 3120 3205 3129
f 3107 3106 3131
f 3133 3153 3134
f 3135 3101 3100
f 3137 3193 3138
f 3140 3171 3141
f 3143 3149 3112
f 3145 3201 3146
f 3143 3213 3148
f 3150 3117 3119
f 3152 3893 3153
f 3154 3173 3155
f 3157 3894 3158
f 2718 2717 3159
f 2727 2726 3161
f 3163 2730 2732
f 2726 2718 3160
f 2717 2757 3165
f 2780 2781 3166
f 3164 2732 2780
f 2757 2803 3168
f 3166 2781 2804
f 3005 2727 3162
f 3038 3039 3170
f 2804 3038 3066
f 3171 3111 3113
f 3159 3165 2733
f 3160 3159 2735
f 3167 3166 2805
f 3164 3167 2764
f 3164 2777 2787
f 3161 3160 2741
f 3168 2798 2733
f 3166 3092 3093
f 3162 3161 2792
f 3169 3162 2810
f 3068 3067 3025
f 3093 3068 3172
f 3173 3140 3142
f 2724 2723 2799
f 2745 2744 2742
f 2754 2753 2778
f 2756 2754 2766
f 2723 2745 2734
f 2744 2773 2793
f 2776 2775 3009
f 2790 2756 2765
f 2801 2724 3174
f 2773 2776 2811
f 3024 3026 3175
f 2790 3024 3040
f 3105 3154 3156
f 2878 2866 2868
f 2944 2887 2889
f 2927 2899 2901
f 2914 3178 2901
f 2886 2889 2866
f 2964 2922 2887
f 3179 2924 2926
f 2914 2903 2940
f 3177 2868 2951
f 3018 2926 2922
f 3091 3030 3032
f 2957 2940 3030
f 3128 3127 3103
f 3181 2877 2879
f 3183 2885 2877
f 2913 2915 3184
f 2928 2913 3185
f 2938 2928 3186
f 3188 2943 2885
f 2879 2949 3189
f 2915 2958 3085
f 3190 2963 2943
f 3191 3017 2963
f 3192 3063 3065
f 3085 2958 3063
f 3193 3102 3104
f 3181 2860 2862
f 3188 2869 2871
f 3187 3186 2942
f 3183 2862 2869
f 3182 2904 2860
f 3185 3184 2955
f 3186 3185 2930
f 3182 3189 3194
f 3184 3085 3086
f 3190 2871 3013
f 3035 3037 3195
f 3086 3035 3021
f 3196 3137 3139
f 2954 2883 2884
f 2876 2875 2921
f 2890 2896 2898
f 2954 2953 3197
f 2905 2884 2911
f 2931 2956 3084
f 2875 2932 2920
f 2932 2931 2918
f 2861 2911 2896
f 2870 2898 3015
f 3023 3022 3198
f 3084 3023 3072
f 3199 3108 3110
f 2929 2857 2859
f 2907 2917 2891
f 2917 2916 3089
f 2907 2880 2857
f 3054 3053 3082
f 3089 3054 3200
f 3201 3150 3151
f 2882 2933 2935
f 2882 2881 2959
f 2952 2935 2948
f 2881 2892 3095
f 3202 3081 3083
f 3095 3081 3202
f 3203 3145 3147
f 2946 2945 2983
f 2934 2985 2980
f 2945 2960 3090
f 2946 2977 2985
f 3204 3055 3057
f 3090 3055 3204
f 3096 3098 3129
f 3206 2824 2826
f 2827 2829 2782
f 2794 2826 2831
f 2829 2824 3206
f 3060 3059 3207
f 2807 2831 3060
f 3135 3136 3115
f 2784 2783 3209
f 3209 2783 2795
f 2797 2784 2802
f 2737 2795 2808
f 3078 3077 3050
f 2747 2808 3078
f 3123 3114 3116
f 2715 2714 2779
f 3212 2736 2738
f 2759 2738 2748
f 2714 2736 3212
f 3094 3049 3051
f 2767 2748 3049
f 3213 3125 3124
f 3214 2713 2715
f 2803 2762 2749
f 2762 2761 2791
f 2798 2787 2788
f 2761 3230 3211
f 3216 2796 2797
f 2815 2800 2801
f 2841 2817 2800
f 3218 3219 2834
f 3219 2852 2854
f 2818 2817 2845
f 2854 2853 3220
f 2859 2858 3221
f 3194 2874 2876
f 3197 2893 2895
f 3177 2937 2938
f 2895 2941 3223
f 2948 2947 3224
f 2951 2950 2967
f 2950 2970 2993
f 3226 2980 2982
f 3227 2982 2989
f 2971 2996 3228
f 2988 3891 3229
f 2803 2730 3163
f 3163 2787 2798
f 2753 2801 2788
f 2937 2951 2899
f 2949 2938 3187
f 3189 3187 2874
f 2953 2876 2893
f 2941 2859 3222
f 2858 2948 3225
f 2947 2980 3226
f 3218 2827 2796
f 3217 2797 2713
f 3215 2715 3211
f 3057 3056 3231
f 3044 3264 3233
f 3065 3064 3234
f 3175 3266 3236
f 3022 3195 3237
f 3029 3255 3239
f 3207 3267 3240
f 3073 3198 3241
f 3047 3247 3243
f 3050 3268 3244
f 3031 3250 3245
f 3047 3062 3246
f 3041 3236 3248
f 3031 3034 3249
f 3069 3233 3251
f 3037 3036 3252
f 3170 3265 3254
f 3028 3258 3255
f 3083 3082 3256
f 3071 3269 3258
f 3053 3073 3242
f 3260 3270 3249
f 3026 3025 3261
f 3263 3271 3264
f 3039 3239 3265
f 3067 3254 3261
f 3026 3262 3266
f 3064 3032 3245
f 3036 3065 3235
f 3195 3037 3253
f 3198 3022 3238
f 3082 3053 3259
f 3056 3083 3257
f 3062 3057 3232
f 3059 3251 3267
f 3077 3240 3268
f 3051 3244 3269
f 3232 3231 3203
f 3264 3099 3101
f 3235 3234 3180
f 3266 3105 3107
f 3238 3237 3196
f 3255 3144 3111
f 3267 3208 3114
f 3242 3241 3199
f 3247 3120 3122
f 3268 3123 3125
f 3250 3126 3128
f 3246 3205 3120
f 3236 3107 3132
f 3249 3133 3126
f 3233 3101 3135
f 3253 3252 3193
f 3254 3265 3171
f 3255 3258 3143
f 3257 3256 3201
f 3258 3269 3213
f 3259 3242 3117
f 3270 3152 3133
f 3262 3261 3173
f 3271 3157 3099
f 3265 3239 3111
f 3261 3254 3140
f 3266 3262 3154
f 3245 3128 3180
f 3252 3235 3102
f 3237 3253 3137
f 3241 3238 3108
f 3256 3259 3150
f 3231 3257 3145
f 3246 3232 3096
f 3251 3135 3208
f 3240 3114 3123
f 3244 3125 3213
f 1289 1272 1406
f 3272 3275 3273
f 3275 3272 3276
f 3278 3281 3279
f 3281 3895 3282
f 3279 3285 3283
f 3279 3282 3284
f 3283 3285 3286
f 3285 3284 3288
f 3287 3286 3275
f 3288 3273 3275
f 3276 3272 3289
f 3289 3272 3274
f 3290 3289 3292
f 3289 3291 3294
f 3293 3292 3295
f 3295 3292 3294
f 3296 3295 3298
f 3297 3302 3298
f 3299 3298 3300
f 3300 3298 3302
f 3301 3300 3304
f 3303 3308 3304
f 3305 3304 3306
f 3306 3304 3308
f 3307 3306 3310
f 3306 3309 3312
f 3313 3317 3314
f 3316 3896 3317
f 3315 3321 3318
f 3313 3318 3319
f 3320 3323 3318
f 3322 3319 3318
f 3320 3326 3324
f 3324 3328 3322
f 3325 3324 3326
f 3325 3330 3328
f 3327 3332 3329
f 3329 3334 3330
f 3331 3333 3329
f 3333 3337 3334
f 3331 3339 3335
f 3333 3335 3336
f 3338 3335 3339
f 3341 3336 3335
f 3340 3345 3342
f 3338 3342 3343
f 3344 3342 3345
f 3347 3343 3342
f 3346 3351 3348
f 3344 3348 3349
f 3350 3348 3351
f 3350 3355 3349
f 3352 3357 3353
f 3350 3353 3354
f 3356 3353 3357
f 3356 3361 3354
f 3359 3360 3356
f 3360 3364 3361
f 3362 3360 3359
f 3362 3366 3364
f 3363 3368 3365
f 3365 3370 3366
f 3367 3365 3368
f 3367 3372 3370
f 3369 3897 3371
f 3371 3898 3372
f 3373 3377 3374
f 3376 3899 3377
f 3378 3384 3379
f 3380 3379 3381
f 3383 3379 3384
f 3386 3381 3379
f 3385 3390 3387
f 3383 3387 3388
f 3389 3391 3387
f 3391 3394 3388
f 3392 3393 3391
f 3393 3397 3394
f 3395 3396 3393
f 3396 3400 3397
f 3398 3402 3396
f 3396 3402 3399
f 3401 3404 3402
f 3403 3399 3402
f 3401 3408 3405
f 3404 3405 3406
f 3407 3405 3408
f 3410 3406 3405
f 3411 3412 3407
f 3412 3415 3410
f 3413 3414 3412
f 3414 3418 3415
f 3416 3417 3414
f 3417 3421 3418
f 3419 3420 3417
f 3420 3424 3421
f 3422 3426 3420
f 3420 3426 3423
f 3425 3428 3426
f 3427 3423 3426
f 3429 3430 3428
f 3430 3900 3427
f 3431 3373 3375
f 3433 3376 3373
f 3432 3378 3380
f 3431 3380 3382
f 3434 3441 3435
f 3437 3443 3438
f 3440 3445 3441
f 3442 3901 3443
f 3444 3441 3445
f 3447 3435 3441
f 3448 3452 3444
f 3444 3452 3449
f 3450 3452 3448
f 3450 3455 3449
f 3453 3454 3450
f 3454 3902 3455
f 3456 3458 3454
f 3457 3902 3454
f 3456 3461 3459
f 3459 3463 3457
f 3460 3462 3459
f 3462 3466 3463
f 3464 3465 3462
f 3465 3903 3466
f 3467 3469 3465
f 3468 3903 3465
f 3470 3473 3469
f 3469 3473 3471
f 3472 3474 3473
f 3474 3477 3471
f 3475 3476 3474
f 3476 3480 3477
f 3478 3479 3476
f 3479 3483 3480
f 3481 3485 3479
f 3479 3485 3482
f 3484 3487 3485
f 3486 3482 3485
f 3488 3904 3487
f 3487 3904 3489
f 3490 3437 3439
f 3492 3442 3437
f 3434 3490 3491
f 3436 3492 3490
f 3493 3500 3494
f 3496 3501 3497
f 3499 3504 3500
f 3501 3905 3502
f 3503 3500 3504
f 3506 3494 3500
f 3507 3510 3503
f 3503 3510 3508
f 3509 3511 3510
f 3511 3514 3508
f 3512 3513 3511
f 3513 3517 3514
f 3515 3513 3512
f 3515 3519 3517
f 3516 3521 3518
f 3518 3523 3519
f 3520 3518 3521
f 3520 3526 3523
f 3522 3528 3524
f 3520 3524 3525
f 3527 3524 3528
f 3530 3525 3524
f 3531 3534 3527
f 3527 3534 3532
f 3533 3535 3534
f 3535 3538 3532
f 3536 3537 3535
f 3537 3906 3538
f 3539 3541 3537
f 3540 3906 3537
f 3542 3545 3541
f 3541 3545 3543
f 3544 3547 3545
f 3546 3543 3545
f 3548 3907 3547
f 3547 3907 3549
f 3550 3552 3501
f 3551 3905 3501
f 3493 3552 3550
f 3495 3551 3552
f 3553 3560 3554
f 3556 3561 3557
f 3559 3564 3560
f 3561 3616 3562
f 3563 3560 3564
f 3566 3554 3560
f 3567 3571 3563
f 3563 3571 3568
f 3569 3571 3567
f 3569 3573 3568
f 3570 3575 3572
f 3572 3577 3573
f 3574 3572 3575
f 3574 3579 3577
f 3576 3581 3578
f 3578 3583 3579
f 3580 3578 3581
f 3580 3586 3583
f 3582 3588 3584
f 3580 3584 3585
f 3587 3584 3588
f 3590 3585 3584
f 3589 3594 3591
f 3587 3591 3592
f 3593 3596 3591
f 3595 3592 3591
f 3597 3598 3596
f 3598 3601 3595
f 3599 3598 3597
f 3599 3604 3601
f 3600 3606 3602
f 3599 3602 3603
f 3605 3602 3606
f 3605 3610 3603
f 3607 3908 3608
f 3605 3608 3609
f 3611 3614 3612
f 3614 3909 3615
f 3553 3614 3611
f 3555 3909 3614
f 3613 3612 3561
f 3612 3615 3616
f 3617 3624 3618
f 3620 3625 3621
f 3623 3628 3624
f 3625 3683 3626
f 3627 3630 3624
f 3629 3618 3624
f 3631 3632 3630
f 3632 3635 3629
f 3633 3634 3632
f 3634 3638 3635
f 3636 3637 3634
f 3637 3641 3638
f 3639 3640 3637
f 3640 3644 3641
f 3642 3643 3640
f 3643 3647 3644
f 3645 3646 3643
f 3646 3650 3647
f 3648 3649 3646
f 3649 3653 3650
f 3651 3652 3649
f 3652 3656 3653
f 3654 3655 3652
f 3655 3659 3656
f 3657 3658 3655
f 3658 3662 3659
f 3660 3661 3658
f 3661 3665 3662
f 3663 3664 3661
f 3664 3667 3665
f 3663 3669 3666
f 3666 3910 3667
f 3668 3666 3669
f 3671 3910 3666
f 3672 3675 3673
f 3675 3911 3676
f 3677 3680 3678
f 3680 3682 3681
f 3617 3680 3677
f 3617 3619 3682
f 3679 3678 3625
f 3678 3681 3683
f 3684 3687 3685
f 3687 3684 3688
f 3690 3693 3691
f 3693 3912 3694
f 3692 3691 3695
f 3691 3694 3697
f 3696 3695 3698
f 3695 3697 3700
f 3698 3687 3689
f 3698 3700 3685
f 3701 3688 3684
f 3702 3684 3686
f 3702 3706 3704
f 3702 3703 3705
f 3707 3704 3706
f 3706 3705 3709
f 3708 3712 3710
f 3708 3709 3711
f 3713 3710 3712
f 3714 3712 3711
f 3713 3714 3716
f 3715 3720 3716
f 3717 3716 3718
f 3718 3716 3720
f 3668 3673 3676
f 3674 3673 3668
f 3722 3725 3723
f 3725 3913 3726
f 3727 3730 3728
f 3730 3914 3731
f 3732 3735 3733
f 3735 3766 3736
f 3734 3733 3737
f 3733 3736 3739
f 3740 3741 3723
f 3741 3767 3724
f 3742 3913 3725
f 3725 3722 3744
f 3742 3743 3745
f 3743 3744 3747
f 3746 3745 3748
f 3745 3747 3750
f 3749 3748 3751
f 3748 3750 3753
f 3752 3751 3754
f 3751 3753 3756
f 3755 3754 3757
f 3754 3756 3759
f 3758 3757 3760
f 3757 3759 3762
f 3729 3728 3763
f 3728 3731 3765
f 3764 3763 3735
f 3763 3765 3766
f 3738 3737 3741
f 3737 3739 3767

