# https://github.com/mikedh/trimesh

o casual_female-base-mesh
v -0.05175124 0.02689083 1.54223838
v -0.04838372 0.02629652 1.54164413
v -0.04828466 0.02570227 1.54213932
v -0.05185029 0.02659365 1.54293170
v -0.04818560 0.02570227 1.54412032
v -0.05185029 0.02689083 1.54412032
v -0.05511882 0.02827747 1.54223838
v -0.05492069 0.02837648 1.54154506
v -0.05541594 0.02867361 1.54332794
v -0.05779302 0.03015930 1.54124800
v -0.05848633 0.03075361 1.54223838
v -0.05739682 0.03035742 1.54055468
v -0.05967489 0.03253643 1.53996043
v -0.06036821 0.03303162 1.54085175
v -0.05917964 0.03233830 1.53956418
v -0.06056633 0.03402213 1.53926711
v -0.06135866 0.03491351 1.53976230
v -0.05987296 0.03342781 1.53887086
v -0.06096247 0.03550776 1.53837567
v -0.06175484 0.03630013 1.53867274
v -0.06017015 0.03501256 1.53817755
v -0.06106153 0.03659726 1.53768236
v -0.06185390 0.03738964 1.53758329
v -0.06017015 0.03580489 1.53768236
v -0.06086346 0.03689439 1.53698904
v -0.06165578 0.03778583 1.53669185
v -0.06007108 0.03620108 1.53698904
v -0.06135866 0.03768677 1.53560241
v -0.06046728 0.03679539 1.53599854
v -0.05967489 0.03600301 1.53629572
v -0.06086346 0.03699346 1.53441378
v -0.05997202 0.03610207 1.53500804
v -0.05927871 0.03530969 1.53550335
v -0.05769401 0.03303162 1.53282914
v -0.05591119 0.03144692 1.53084814
v -0.05551500 0.03085261 1.53183864
v -0.05749589 0.03253643 1.53381953
v -0.05541594 0.03035742 1.53282914
v -0.04471902 0.02728697 1.53243290
v -0.04828466 0.02798029 1.53114533
v -0.04442189 0.02748509 1.53134345
v -0.04442189 0.02768316 1.53035295
v -0.04135150 0.02748509 1.53273008
v -0.04105432 0.02748509 1.53193770
v -0.04075719 0.02758415 1.53104626
v -0.03907343 0.02788128 1.53322527
v -0.03867724 0.02778223 1.53253196
v -0.03808299 0.02768316 1.53173958
v -0.04471902 0.02629652 1.54095081
v -0.04452095 0.02580133 1.54164413
v -0.04422377 0.02560321 1.54352607
v -0.04828466 0.02550415 1.54293170
v -0.04442189 0.02560321 1.54223838
v -0.04065813 0.02580133 1.54213932
v -0.04085625 0.02599939 1.54104987
v -0.04095531 0.02639559 1.54045562
v -0.04105432 0.02698984 1.53986136
v -0.03758774 0.02619752 1.54035656
v -0.03788487 0.02659365 1.53926711
v -0.03818199 0.02689083 1.53867274
v -0.03828105 0.02748509 1.53827661
v -0.03570586 0.02659365 1.53837567
v -0.03610204 0.02689083 1.53788036
v -0.03649823 0.02708891 1.53738517
v -0.03689442 0.02758415 1.53708810
v -0.03382403 0.02718796 1.53580041
v -0.03491354 0.02708891 1.53669185
v -0.03441829 0.02738603 1.53570147
v -0.03491354 0.02778223 1.53570147
v -0.03570586 0.02798029 1.53639479
v -0.03521066 0.02817841 1.53560241
v -0.03431922 0.02758415 1.53481003
v -0.03372497 0.02718796 1.53471097
v -0.03481447 0.02807935 1.53500804
v -0.03530967 0.02837648 1.53510710
v -0.03422022 0.02738603 1.53372047
v -0.03471541 0.02768316 1.53411671
v -0.03530967 0.02817841 1.53431472
v -0.03610204 0.02857460 1.53441378
v -0.05620832 0.03263543 1.52965963
v -0.05838733 0.03382400 1.53193770
v -0.05868446 0.03491351 1.53084814
v -0.04016294 0.02758415 1.52985776
v -0.03729061 0.02748509 1.53094720
v -0.04412477 0.02788128 1.52906538
v -0.04808660 0.02926792 1.52728250
v -0.04343145 0.02817841 1.52777781
v -0.06165578 0.03778583 1.53372047
v -0.06225010 0.03847914 1.53510710
v -0.06264629 0.03867721 1.53639479
v -0.06274528 0.03818201 1.53758329
v -0.06274528 0.03719157 1.53877180
v -0.06205198 0.03580489 1.54005937
v -0.06086346 0.03372494 1.54144600
v -0.05551500 0.02897079 1.54392220
v -0.05858539 0.03114979 1.54273369
v -0.05185029 0.02708891 1.54491270
v -0.04788847 0.02580133 1.54501164
v -0.04402570 0.02540514 1.54451645
v -0.03738967 0.02580133 1.54134706
v -0.04036100 0.02530608 1.54312982
v -0.05937777 0.03154592 1.54362501
v -0.06165578 0.03451731 1.54204037
v -0.03422022 0.02689083 1.53708810
v -0.03283353 0.02689083 1.53599854
v -0.03352691 0.02659365 1.53758329
v -0.03273453 0.02689083 1.53461191
v -0.03332878 0.02698984 1.53332434
v -0.03501254 0.02629652 1.53906899
v -0.03253640 0.02609846 1.53827661
v -0.03412116 0.02560321 1.53996043
v -0.03550779 0.02718796 1.53649373
v -0.03659730 0.02530608 1.54223838
v -0.03095171 0.02481083 1.53916805
v -0.03263546 0.02461277 1.54134706
v -0.02996127 0.02500896 1.53698904
v -0.03154596 0.02629652 1.53629572
v -0.02986221 0.02500896 1.53500804
v -0.03144690 0.02629652 1.53461191
v -0.03055552 0.02520702 1.53312621
v -0.02867364 0.02005668 1.54293170
v -0.02916889 0.02273088 1.53986136
v -0.02738607 0.02045287 1.53996043
v -0.02689082 0.02055188 1.53688998
v -0.02857458 0.02302801 1.53490909
v -0.02728701 0.02075000 1.53421578
v -0.02926790 0.02322614 1.53263102
v -0.02827745 0.02084901 1.53134345
v -0.02847557 0.02292901 1.53728611
v -0.02619750 0.01837293 1.54273369
v -0.02520706 0.01867005 1.53966324
v -0.02490993 0.01857099 1.53659279
v -0.02540512 0.01787767 1.53322527
v -0.02659369 0.01698623 1.52916444
v -0.02332517 0.01718436 1.54243650
v -0.02282999 0.01738242 1.53956418
v -0.02669275 0.01361872 1.52510349
v -0.02372137 0.01490628 1.52985776
v -0.02282999 0.01708529 1.53659279
v -0.02312711 0.01619391 1.53332434
v -0.02035385 0.01639198 1.54223838
v -0.02035385 0.01659005 1.53946512
v -0.02084905 0.01193496 1.52639118
v -0.02421661 0.01243016 1.52609399
v -0.02035385 0.01629292 1.53659279
v -0.02045285 0.01550060 1.53342340
v -0.02055192 0.01421298 1.53015482
v -0.04769041 0.02946598 1.52569786
v -0.03927150 0.02748509 1.52876819
v -0.04254001 0.02807935 1.52649012
v -0.03798393 0.02718796 1.52787687
v -0.03610204 0.02718796 1.53005576
v -0.03471541 0.02649465 1.52946151
v -0.05729782 0.03431925 1.52668825
v -0.05937777 0.03600301 1.52965963
v -0.06046728 0.03669633 1.52827300
v -0.06393385 0.03917246 1.53748423
v -0.06522142 0.03946959 1.53906899
v -0.06532049 0.04036103 1.53738517
v -0.06472623 0.04055909 1.53401765
v -0.06383480 0.03966771 1.53609760
v -0.06512242 0.04085622 1.53580041
v -0.06373579 0.03828108 1.53896993
v -0.06442911 0.03768677 1.54085175
v -0.06304247 0.03679539 1.54035656
v -0.06294342 0.03530969 1.54253557
v -0.05660451 0.02857460 1.54600215
v -0.06026915 0.03174405 1.54441739
v -0.04273813 0.02401851 1.54649734
v -0.03966769 0.02490989 1.54412032
v -0.03877630 0.02391945 1.54511071
v -0.05204836 0.02669271 1.54600215
v -0.05214742 0.02590034 1.54679452
v -0.04729422 0.02431564 1.54699265
v -0.04353045 0.02520702 1.54550695
v -0.03530967 0.02441464 1.54342701
v -0.04769041 0.02550415 1.54620027
v -0.03085265 0.02253282 1.54243650
v -0.03065458 0.01975955 1.54560602
v -0.03322972 0.02213663 1.54471458
v -0.02768320 0.01777861 1.54590308
v -0.02401849 0.01668910 1.54580402
v -0.02045285 0.01579772 1.54580402
v -0.03907343 0.01906623 1.55065723
v -0.03669636 0.02174045 1.54659640
v -0.03402210 0.01916524 1.54828022
v -0.04541234 0.02025475 1.55174680
v -0.04135150 0.02174045 1.54808209
v -0.05848633 0.02698984 1.55045923
v -0.05234555 0.02431564 1.54867635
v -0.05224649 0.02312707 1.55144961
v -0.06225010 0.03204117 1.54580402
v -0.06393385 0.03233830 1.54828022
v -0.04650184 0.02243376 1.54887447
v -0.06680618 0.04224285 1.53550335
v -0.06878706 0.04382760 1.53788036
v -0.06848994 0.04422380 1.53510710
v -0.06700424 0.04194572 1.53768236
v -0.06848994 0.04273811 1.54055468
v -0.06631092 0.04194572 1.53332434
v -0.06799475 0.04372854 1.53233384
v -0.06690524 0.04085622 1.53966324
v -0.06779662 0.04055909 1.54312982
v -0.06611286 0.03887534 1.54164413
v -0.06621193 0.03719157 1.54580402
v -0.06462717 0.03600300 1.54362501
v -0.06472623 0.03303162 1.55174680
v -0.05898158 0.02689083 1.55402487
v -0.06769756 0.03867721 1.54837928
v -0.04412477 0.01886811 1.55570857
v -0.03560685 0.01668910 1.55471818
v -0.03045646 0.01678817 1.54986497
v -0.07056988 0.04650180 1.53827661
v -0.07047088 0.04669994 1.53461191
v -0.07027276 0.04531330 1.54174319
v -0.06987656 0.04590755 1.53114533
v -0.06928231 0.04273811 1.54491270
v -0.05175124 0.02213663 1.55531244
v -0.06720236 0.04263904 1.52975870
v -0.06928231 0.04461998 1.52807488
v -0.02550419 0.01559960 1.55026110
v -0.02065097 0.01480729 1.55045923
v -0.06502336 0.03402213 1.55541150
v -0.05898158 0.02788128 1.55818476
v -0.05165223 0.02292901 1.55996752
v -0.04402570 0.01936337 1.56095803
v -0.02074998 0.01431203 1.55630294
v -0.02738607 0.01510441 1.55610482
v -0.03570586 0.01678817 1.56145322
v -0.02758413 0.01550060 1.56184947
v -0.04422377 0.02045287 1.56610842
v -0.05185029 0.02451370 1.56482085
v -0.06502336 0.03580489 1.55907620
v -0.05908064 0.02966410 1.56254278
v -0.02074998 0.01451010 1.56214653
v -0.03560685 0.01758054 1.56709881
v -0.02768320 0.01639198 1.56759412
v -0.02074998 0.01530248 1.56769318
v -0.06938138 0.05462359 1.57561672
v -0.06482529 0.04957225 1.58720509
v -0.07027276 0.05947680 1.57908342
v -0.06353767 0.04541231 1.58294613
v -0.05660451 0.04135146 1.59275161
v -0.05561400 0.03748870 1.58770028
v -0.04749228 0.03530969 1.59671350
v -0.07215464 0.04907701 1.52975870
v -0.07255083 0.05006745 1.53401765
v -0.07205558 0.04868081 1.54303076
v -0.07245177 0.05026558 1.53867274
v -0.06868806 0.04065816 1.55115254
v -0.07086707 0.04570949 1.54699265
v -0.07156039 0.04739325 1.52609399
v -0.06938138 0.04303523 1.55422287
v -0.07195658 0.04887894 1.54897353
v -0.07334321 0.05244458 1.54402126
v -0.07403653 0.05422740 1.53867274
v -0.07472984 0.06997557 1.55679813
v -0.07354127 0.06789565 1.56927782
v -0.07482884 0.07463081 1.55848183
v -0.07116420 0.06532052 1.58284707
v -0.07264989 0.05818923 1.56402848
v -0.06829188 0.04977032 1.57215014
v -0.07591834 0.07918690 1.54709171
v -0.07512603 0.07978118 1.56056190
v -0.07591834 0.08463441 1.54828022
v -0.05571307 0.11414999 1.62682327
v -0.04541234 0.14178369 1.62939853
v -0.05492069 0.14000087 1.62246537
v -0.02233474 -0.00084191 1.50836485
v -0.02540512 -0.00084191 1.50618584
v -0.02243379 -0.00173335 1.50608677
v -0.03303165 0.00856738 1.50836485
v -0.03045646 0.00698269 1.51163330
v -0.03223928 0.01074639 1.51143530
v -0.03461635 0.01292540 1.50846391
v -0.03352691 0.01451010 1.51054386
v -0.02966408 0.00926070 1.51450563
v -0.03134790 0.01233109 1.51410950
v -0.03303165 0.01559960 1.51292099
v -0.02837652 0.00193136 1.50836485
v -0.02540512 0.00222848 1.51143530
v -0.02807939 0.00411036 1.51153424
v -0.02183948 0.00341705 1.51430762
v -0.02203761 0.00123804 1.51133623
v -0.02500894 0.00460556 1.51450563
v -0.02837652 0.00094085 1.50608677
v -0.02550419 0.00014852 1.50846391
v -0.03748868 0.02124519 1.50737435
v -0.03521066 0.01728342 1.50886004
v -0.03491354 0.01847193 1.51103905
v -0.02748508 0.00658650 1.51450563
v -0.02778226 0.00411036 1.49836124
v -0.02946602 0.00302086 1.50024306
v -0.02986221 0.00440749 1.49954975
v -0.03689442 0.01460916 1.50143169
v -0.03590398 0.01629292 1.49786605
v -0.03600304 0.01332160 1.49994599
v -0.02550419 0.00183229 1.49816311
v -0.02451374 -0.00064385 1.49994599
v -0.02698988 0.00094085 1.50024306
v -0.02540512 0.00450649 1.49667742
v -0.02718795 0.00272373 1.49846030
v -0.02223567 -0.00123810 1.49984693
v -0.02372137 0.00094085 1.49746980
v -0.02203761 0.00064372 1.49746980
v -0.02411756 0.00411036 1.49598410
v -0.02609844 0.00529887 1.49717273
v -0.02490993 0.00757694 1.49548891
v -0.02292899 0.00381317 1.49548891
v -0.02164142 0.00381317 1.49538985
v -0.02372137 0.00698269 1.49459747
v -0.02590038 0.00797313 1.49638035
v -0.02639563 0.00945877 1.49321084
v -0.02253280 0.00668550 1.49400322
v -0.02124523 0.00678456 1.49370615
v -0.03283353 0.01470823 1.49321084
v -0.02976314 0.01282634 1.49489466
v -0.03233834 0.01480729 1.49499372
v -0.03303165 0.01480729 1.49687555
v -0.03392304 0.01609485 1.49608317
v -0.02986221 0.00549700 1.49945068
v -0.03194215 0.00628931 1.49984693
v -0.03134790 0.00678456 1.49945068
v -0.03362591 0.01163777 1.49875737
v -0.03352691 0.00906264 1.49974787
v -0.03471541 0.01243016 1.49915362
v -0.03362591 0.01371772 1.49786605
v -0.03471541 0.01510441 1.49776699
v -0.02817845 0.00519981 1.49846030
v -0.02689082 0.00628931 1.49746980
v -0.02679176 0.00836932 1.49717273
v -0.02738607 0.01035021 1.49538985
v -0.02798033 0.01054833 1.49687555
v -0.02976314 0.01262828 1.49647942
v -0.03184309 0.01431203 1.49638035
v -0.03481447 0.00926070 1.50083743
v -0.02243379 -0.00203048 1.50420495
v -0.02490993 -0.00123810 1.50222407
v -0.02233474 -0.00193148 1.50212500
v -0.03253640 0.00569506 1.50083743
v -0.03085265 0.00460556 1.50826578
v -0.03332878 0.00698269 1.50628490
v -0.03095171 0.00341705 1.50598771
v -0.03649823 0.01579773 1.50559158
v -0.03521066 0.01173684 1.50668103
v -0.03689442 0.01886812 1.50470014
v -0.03600304 0.01649104 1.50717634
v -0.03540873 0.01708530 1.49459747
v -0.04729422 0.02580133 1.50678009
v -0.04669991 0.02471183 1.49954975
v -0.04353045 0.02411752 1.50479921
v -0.02411756 0.00807213 1.49261659
v -0.02273092 0.00757694 1.49212140
v -0.02114617 0.00727982 1.49182421
v -0.03233834 0.01371772 1.49756886
v -0.03134790 0.01361872 1.49737074
v -0.02758413 0.00886450 1.49836124
v -0.02877270 0.00638838 1.49875737
v -0.03283353 0.01302441 1.49826218
v -0.03273453 0.01153878 1.49915362
v -0.02788126 0.00718075 1.49836124
v -0.02996127 0.00658650 1.49935174
v -0.02966408 0.01262828 1.49786605
v -0.03273453 0.00926070 1.49915362
v -0.03194215 0.00975594 1.49954975
v -0.02302805 0.00757694 1.48994239
v -0.02114617 0.00737881 1.48974426
v -0.04412477 0.02183950 1.47775977
v -0.04164863 0.01926431 1.47855215
v -0.04224288 0.01936338 1.48033491
v -0.04065813 0.02134426 1.46874666
v -0.03689442 0.01817480 1.46745898
v -0.04026200 0.02065094 1.47023236
v -0.02986221 0.01223208 1.49301284
v -0.03095171 0.00777500 1.49954975
v -0.04273813 0.02282995 1.47062849
v -0.04194576 0.02213663 1.47181699
v -0.02124523 0.00569506 1.48330630
v -0.02362230 0.00539793 1.48191966
v -0.02134429 0.00510081 1.48152353
v -0.02312711 0.00737882 1.48687194
v -0.02114617 0.00727982 1.48667381
v -0.02827745 0.01094446 1.49836124
v -0.02966408 0.01252921 1.49895549
v -0.03214021 0.01262828 1.49875737
v -0.03194215 0.01173684 1.49974787
v -0.03065458 0.01292540 1.49895549
v -0.03154596 0.01292540 1.49885643
v -0.02916889 0.00757694 1.49935174
v -0.03045646 0.00866644 1.50014400
v -0.03124883 0.01035021 1.50004506
v -0.02847557 0.00807213 1.49954975
v -0.02986221 0.00747788 1.49945068
v -0.02837652 0.00955782 1.49964881
v -0.03035740 0.01054833 1.50034212
v -0.02976314 0.00896357 1.50034212
v -0.03095171 0.01183590 1.50004506
v -0.02936695 0.01025114 1.50034212
v -0.02906983 0.00896357 1.50034212
v -0.02986221 0.01173684 1.50014400
v -0.02887176 0.01124165 1.49954975
v -0.04145051 0.02253282 1.46666672
v -0.03699348 0.01896718 1.46587434
v -0.04333239 0.02154238 1.47647220
v -0.04115338 0.01946237 1.47736364
v -0.02530612 0.00777500 1.48736713
v -0.02471181 0.00817120 1.49033852
v -0.03867724 0.01708530 1.47746258
v -0.03917249 0.01668910 1.47875027
v -0.04055912 0.01966050 1.47637314
v -0.03808299 0.01748149 1.47627408
v -0.03917249 0.02025476 1.47518463
v -0.03699348 0.01886812 1.47488744
v -0.03748868 0.01817480 1.47548170
v -0.03867724 0.02084901 1.47478838
v -0.03630017 0.01985856 1.47449131
v -0.03808299 0.02154238 1.47459026
v -0.03590398 0.02094806 1.47478838
v -0.04293620 0.02312708 1.47429319
v -0.04204482 0.02292902 1.47409507
v -0.04224288 0.02302801 1.47449131
v -0.04154957 0.02312708 1.47439225
v -0.04154957 0.02312708 1.47459026
v -0.04055912 0.02411752 1.47478838
v -0.04115338 0.02362233 1.47459026
v -0.04065813 0.02421658 1.47468932
v -0.04026200 0.02520702 1.47538264
v -0.04036100 0.02540515 1.47498651
v -0.04055912 0.02174045 1.47350081
v -0.03966769 0.02015569 1.47171793
v -0.03897437 0.01995763 1.47290656
v -0.03798393 0.02401852 1.47518463
v -0.03946962 0.02362233 1.47498651
v -0.03778586 0.02213663 1.47528357
v -0.04174763 0.02154238 1.47567982
v -0.04263907 0.02164138 1.47597689
v -0.04095531 0.02164138 1.47518463
v -0.03976675 0.01985856 1.47567982
v -0.04026200 0.02183950 1.47498651
v -0.03976675 0.02223570 1.47478838
v -0.03937056 0.02302801 1.47488744
v -0.03778586 0.02263189 1.47558076
v -0.03897437 0.02401852 1.47587795
v -0.04491714 0.02391945 1.47359987
v -0.04362952 0.02332520 1.47310456
v -0.04392664 0.02342421 1.47389694
v -0.04006387 0.02193851 1.47409507
v -0.03847918 0.02015569 1.47379800
v -0.03956868 0.02243376 1.47449131
v -0.03798393 0.02075000 1.47459026
v -0.04125244 0.02174045 1.47270843
v -0.02837652 0.00747788 1.48429680
v -0.02609844 0.00609125 1.48261298
v -0.02570231 0.00668550 1.48439586
v -0.03639917 0.01421298 1.47845309
v -0.03382403 0.01252921 1.47775977
v -0.03402210 0.01163777 1.47934452
v -0.03560685 0.01589673 1.47607595
v -0.03283353 0.01490629 1.47548170
v -0.03342784 0.01361872 1.47647220
v -0.02778226 0.00876545 1.48726819
v -0.03025839 0.01143971 1.49033852
v -0.03075358 0.01035021 1.48657487
v -0.03679536 0.01431203 1.48152353
v -0.03422022 0.01134065 1.48122635
v -0.03412116 0.01163777 1.48281110
v -0.03114977 0.01173684 1.47706645
v -0.02837652 0.01223209 1.47607595
v -0.02877270 0.01035021 1.47736364
v -0.03164502 0.00955782 1.48023585
v -0.02897077 0.00886451 1.47894828
v -0.02897077 0.00797313 1.48073116
v -0.02599943 0.01134065 1.47617501
v -0.02629656 0.00945877 1.47726458
v -0.02649463 0.00787407 1.47884921
v -0.02639563 0.00688363 1.48073116
v -0.02362230 0.00886451 1.47696739
v -0.02332517 0.01094446 1.47607595
v -0.02372137 0.00599219 1.48003784
v -0.02372137 0.00727982 1.47835402
v -0.02084905 0.00866644 1.47667021
v -0.02065097 0.01074639 1.47587795
v -0.02124523 0.00579413 1.47964159
v -0.02104717 0.00698269 1.47795789
v -0.03015934 0.01510441 1.47518463
v -0.03233834 0.01629292 1.47488744
v -0.03075358 0.01332160 1.47577888
v -0.02788126 0.01451010 1.47518463
v -0.02540512 0.01381679 1.47528357
v -0.02282999 0.01342059 1.47538264
v -0.02035385 0.01332160 1.47538264
v -0.03679536 0.01391585 1.48003784
v -0.03154596 0.00916163 1.48221685
v -0.02887176 0.00747788 1.48261298
v -0.03689442 0.01748149 1.47003423
v -0.03630017 0.01708530 1.47201512
v -0.03471541 0.01926431 1.47528357
v -0.03530967 0.01807574 1.47459026
v -0.03560685 0.01718436 1.47359987
v -0.03273453 0.01411391 1.46835042
v -0.03263546 0.01510442 1.46527997
v -0.03253640 0.01381679 1.47112368
v -0.03194215 0.01391585 1.47300562
v -0.03144690 0.01480729 1.47409507
v -0.03095171 0.01559960 1.47508557
v -0.02659369 0.01064734 1.47033130
v -0.02639563 0.01104352 1.47270843
v -0.02679176 0.01084546 1.46726097
v -0.02560325 0.01490629 1.46220963
v -0.03194215 0.01758054 1.46072394
v -0.02530612 0.01609485 1.45953543
v -0.02619750 0.01262828 1.47488744
v -0.02629656 0.01183590 1.47409507
v -0.04105432 0.02352327 1.47468932
v -0.03600304 0.01490629 1.47716552
v -0.03134790 0.01044926 1.47855215
v -0.03065458 0.01668910 1.47607595
v -0.02609844 0.01332160 1.47538264
v -0.02956508 0.01698623 1.47478838
v -0.02738607 0.01649104 1.47488744
v -0.03114977 0.01767955 1.47459026
v -0.03035740 0.01787767 1.47577888
v -0.03451735 0.02104713 1.47577888
v -0.02203761 0.01619392 1.47508557
v -0.02461281 0.01649104 1.47508557
v -0.04046006 0.02718796 1.47567982
v -0.04085625 0.02728697 1.47478838
v -0.01995766 0.01619392 1.47597689
v -0.01995766 0.01609485 1.47488744
v -0.03798393 0.02401852 1.47696739
v -0.03897437 0.02550415 1.47686833
v -0.02906983 0.01748149 1.47597689
v -0.03937056 0.02530609 1.47478838
v -0.03808299 0.02649465 1.47449131
v -0.03986581 0.02798029 1.47399600
v -0.03095171 0.02035381 1.47290656
v -0.03501254 0.02362233 1.47518463
v -0.03035740 0.01787767 1.47577888
v -0.02203761 0.01639198 1.47627408
v -0.02629656 0.01530248 1.47548170
v -0.02728701 0.01698623 1.47587795
v -0.03501254 0.02362233 1.47518463
v -0.03045646 0.01817480 1.47577888
v -0.03570586 0.02193851 1.47667021
v -0.02203761 0.01639198 1.47627408
v -0.01995766 0.01698623 1.47964159
v -0.01995766 0.01619392 1.47597689
v -0.02580131 0.01837293 1.48003784
v -0.02471181 0.01678817 1.47607595
v -0.02728701 0.01698623 1.47587795
v -0.02362230 0.01787767 1.48033491
v -0.02659369 0.01738242 1.47270843
v -0.03045646 0.01817480 1.47577888
v -0.02817845 0.01966050 1.47944359
v -0.02906983 0.01748149 1.47597689
v -0.03986581 0.02798029 1.47399600
v -0.03907343 0.02946598 1.47151993
v -0.04164863 0.03114980 1.47191606
v -0.03857818 0.02629652 1.47934453
v -0.03897437 0.02550415 1.47686833
v -0.03996481 0.02847554 1.47894828
v -0.03798393 0.02401852 1.47696739
v -0.03511160 0.02500896 1.47944359
v -0.03570586 0.02193851 1.47667021
v -0.03610204 0.02689084 1.47241125
v -0.03134790 0.02124519 1.46854854
v -0.03580492 0.02698984 1.46785522
v -0.03808299 0.02649465 1.47449131
v -0.04293620 0.03204118 1.47657126
v -0.04085625 0.02728697 1.47478838
v -0.04392664 0.03273449 1.47508557
v -0.03897437 0.03006030 1.46736003
v -0.04442189 0.03471544 1.47528357
v -0.04333239 0.03352687 1.47865121
v -0.02154235 0.01738242 1.48053303
v -0.02005666 0.01609485 1.48439586
v -0.02590038 0.01748149 1.48399961
v -0.02372137 0.01698623 1.48429680
v -0.02580131 0.01817480 1.46815229
v -0.02986221 0.01985856 1.48419774
v -0.02936695 0.02124519 1.47914640
v -0.04184669 0.03223925 1.46844948
v -0.04075719 0.02887173 1.48291017
v -0.03946962 0.02639559 1.48360348
v -0.03649823 0.02352327 1.48419774
v -0.02837652 0.01847194 1.48399961
v -0.03154596 0.02233470 1.46389333
v -0.03550779 0.02778223 1.46399240
v -0.03144690 0.02718796 1.45854493
v -0.03511160 0.03035742 1.45884212
v -0.03907343 0.03065455 1.46369533
v -0.04511521 0.03630013 1.47577888
v -0.04392664 0.03471544 1.48092916
v -0.02174049 0.01520341 1.48825857
v -0.02154235 0.01659005 1.48429680
v -0.02629656 0.01649104 1.48806045
v -0.02570231 0.01867006 1.46280389
v -0.02867364 0.01767955 1.48815951
v -0.04214382 0.03283356 1.46537903
v -0.04184669 0.02867361 1.48716912
v -0.04055912 0.02609846 1.48806045
v -0.01767959 0.09681701 1.43556633
v -0.00856742 0.10533494 1.44972983
v -0.01510439 0.10652348 1.45072034
v -0.04313426 0.02966410 1.49182421
v -0.04164863 0.02629652 1.49340897
v -0.03838012 0.02292902 1.49430041
v -0.03709255 0.02282995 1.48835763
v -0.01371776 0.06403289 1.44656044
v -0.02124523 0.06522145 1.44883851
v -0.02689082 0.01708530 1.49390416
v -0.03015934 0.03521064 1.45488023
v -0.03907343 0.03253644 1.45923825
v -0.02203761 0.04907701 1.44913558
v -0.01579770 0.04709612 1.44636232
v -0.04650184 0.03867721 1.47577888
v -0.04551140 0.03669633 1.48340536
v -0.02005666 0.01619392 1.49222046
v -0.02025479 0.01480729 1.48806045
v -0.01767959 0.03204118 1.45052221
v -0.02382043 0.01599579 1.49340897
v -0.02391949 0.01569867 1.48855576
v -0.02174049 0.01579773 1.49271565
v -0.02372137 0.02292902 1.45676205
v -0.03035740 0.01876906 1.48835763
v -0.02976314 0.01807574 1.49400322
v -0.04254001 0.03511157 1.46161538
v -0.01906622 0.02471183 1.50063931
v -0.02401849 0.03174405 1.45111646
v -0.01886815 0.02273089 1.45646498
v -0.02253280 0.02490989 1.50252113
v -0.02015573 0.02431564 1.50153075
v -0.03154596 0.01876906 1.49410228
v -0.02768320 0.02718796 1.50311539
v -0.03917249 0.03976672 1.45696018
v -0.04353045 0.04125242 1.46062488
v -0.03956868 0.03322974 1.49964881
v -0.04263907 0.03511157 1.49756886
v -0.03580492 0.03154593 1.50133263
v -0.02005666 0.01619392 1.46260576
v -0.02490993 0.02590034 1.50311539
v -0.03471541 0.03847915 1.45587073
v -0.02976314 0.05026558 1.45220603
v -0.03511160 0.05165221 1.45606874
v -0.01985860 0.01559960 1.46686472
v -0.04967129 0.04392668 1.47766071
v -0.04739328 0.04135147 1.48667381
v -0.03937056 0.05274171 1.45953543
v -0.02055192 0.01589673 1.47132180
v -0.05056273 0.05323691 1.47993878
v -0.04937417 0.05135508 1.49152714
v -0.01738246 0.03877627 1.50886004
v -0.02629656 0.01530248 1.47548170
v -0.02084905 0.03927152 1.51173237
v -0.01817484 0.03857821 1.51034573
v -0.02906983 0.02798029 1.50271926
v -0.02629656 0.04095529 1.51232662
v -0.04442189 0.05333596 1.46240776
v -0.04214382 0.04590755 1.50479921
v -0.03788487 0.04471899 1.50668103
v -0.02074998 0.01391585 1.47548170
v -0.02352330 0.04006385 1.51242568
v -0.02887176 0.06640996 1.45121553
v -0.03530967 0.06769760 1.45418691
v -0.03521066 0.09523220 1.44903652
v -0.02708894 0.09830271 1.44457956
v -0.03956868 0.06858904 1.45933731
v -0.02094810 0.01243016 1.47558076
v -0.05036460 0.06779665 1.49410228
v -0.05125604 0.06948045 1.48241486
v -0.01500539 0.05809018 1.51272287
v -0.02114617 0.01134065 1.47518463
v -0.01936335 0.05987300 1.51599132
v -0.01589677 0.05898156 1.51430762
v -0.02778226 0.04154954 1.51202955
v -0.02649463 0.06135869 1.51717995
v -0.04422377 0.06829190 1.46290295
v -0.03976675 0.06393382 1.51084093
v -0.04343145 0.06482526 1.50777060
v -0.03659730 0.06343864 1.51301994
v -0.03481447 0.04392667 1.50836485
v -0.02114617 0.01064734 1.47439225
v -0.02114617 0.01005308 1.47280750
v -0.02292899 0.06076438 1.51698183
v -0.01243019 0.07839454 1.50915723
v -0.01708533 0.08077164 1.51183143
v -0.01391589 0.07928595 1.51064292
v -0.02976314 0.06215100 1.51589226
v -0.02391949 0.08205913 1.51262381
v -0.04184669 0.08770483 1.46478478
v -0.03946962 0.08958670 1.45686112
v -0.03709255 0.08433728 1.50678009
v -0.04105432 0.08532773 1.50361070
v -0.03372497 0.08364396 1.50905817
v -0.02094810 0.00965689 1.46736003
v -0.02104717 0.00955783 1.47023236
v -0.02035385 0.08146495 1.51252474
v -0.02550419 0.10800917 1.45577167
v -0.01995766 0.10771203 1.45220603
v -0.02055192 0.01084546 1.46409146
v -0.02659369 0.01213303 1.46399240
v -0.04858179 0.08829910 1.49152715
v -0.04729422 0.08899242 1.48261298
v -0.03174408 0.10196729 1.49925268
v -0.03570586 0.10335402 1.49727180
v -0.02827745 0.10107598 1.50054025
v -0.01946241 0.09889697 1.50262020
v -0.02976314 0.10741489 1.46250671
v -0.04254001 0.10602826 1.48786244
v -0.04075719 0.10830630 1.48241486
v -0.01015212 0.09602465 1.50123357
v -0.01688721 0.09869888 1.50291739
v -0.01163781 0.09721320 1.50182782
v -0.02698988 0.08245541 1.51113811
v -0.03065458 0.10870249 1.47033130
v -0.02362230 0.11068340 1.47340175
v -0.02530612 0.11117862 1.47518463
v -0.01698627 0.10919771 1.47122274
v -0.00846836 0.10751394 1.47102462
v -0.01282637 0.10939580 1.47033130
v -0.02540512 0.11068340 1.48548531
v -0.02391949 0.11028721 1.48607956
v -0.02282999 0.11028721 1.48825857
v -0.02481087 0.09919411 1.50073838
v -0.02005666 0.11008912 1.48895189
v -0.02094810 0.11028721 1.47181700
v -0.03164502 0.11256525 1.48340536
v -0.02996127 0.11216908 1.47993878
v -0.01044924 0.10691967 1.48697100
v -0.01381682 0.10909857 1.48905095
v -0.01381682 0.09800556 1.50252114
v -0.01163781 0.10870249 1.48875377
v -0.02213667 0.09929316 1.50182782
v -0.01599583 0.10919771 1.48746620
v -0.01767959 0.10949485 1.48736713
v -0.02391949 0.11028721 1.48607956
v -0.02540512 0.11068340 1.48548531
v -0.04699709 0.03184311 1.59116697
v -0.03729061 0.03134786 1.59938770
v -0.03174408 0.01886812 1.45755443
v -0.02530612 0.01728342 1.45656405
v -0.04828466 0.02639559 1.47350081
v -0.04640278 0.02530609 1.47161899
v -0.04640278 0.02490990 1.47350081
v -0.04511521 0.02599940 1.46666672
v -0.04392664 0.02411752 1.46874666
v -0.04283714 0.02302801 1.47369894
v -0.04174763 0.02401852 1.46399240
v -0.03699348 0.01966050 1.46300201
v -0.03025839 0.03709252 1.43239694
v -0.02282999 0.04105434 1.43051499
v -0.02362230 0.03431926 1.43160456
v -0.05759495 0.08126687 1.45151271
v -0.06413198 0.08077164 1.45933731
v -0.06076440 0.08740759 1.45676205
v -0.05799114 0.10781108 1.45874306
v -0.05700069 0.12048881 1.45319641
v -0.05591119 0.11246622 1.44893746
v -0.05531688 0.12484691 1.44071673
v -0.05412837 0.11692317 1.43665590
v -0.05541594 0.12910586 1.42883130
v -0.05432643 0.12118213 1.42467140
v -0.05719876 0.13286960 1.41853050
v -0.05640638 0.12474777 1.41437061
v -0.06185390 0.13702951 1.40961646
v -0.05987296 0.12841255 1.40456513
v -0.06720236 0.13207724 1.39614627
v -0.06898518 0.14099134 1.40040523
v -0.05412837 0.09622274 1.44834320
v -0.05422738 0.10583016 1.44457956
v -0.05085986 0.10008553 1.44061767
v -0.05284074 0.11008912 1.43279307
v -0.04986942 0.10404734 1.42952461
v -0.05303886 0.11415000 1.42100670
v -0.05046367 0.10810822 1.41714387
v -0.05511882 0.11731945 1.41030978
v -0.05234555 0.11117863 1.40644695
v -0.05838733 0.12098414 1.40040523
v -0.05640638 0.11474427 1.39674053
v -0.06284435 0.11840896 1.38782636
v -0.06581574 0.12435169 1.39198626
v -0.06373579 0.09245901 1.46458665
v -0.02798033 0.05323691 1.43110937
v -0.02005666 0.05977393 1.42912836
v -0.02154235 0.04967133 1.43011886
v -0.02619750 0.06234913 1.42982168
v -0.01758053 0.06888608 1.42516659
v -0.02005666 0.05977393 1.42912836
v -0.02094810 0.07631459 1.41496486
v -0.02322612 0.07066890 1.42536472
v -0.01995766 0.07869169 1.40337650
v -0.01569871 0.07463082 1.41456873
v -0.03085265 0.08711056 1.39436339
v -0.02500894 0.08166305 1.40436700
v -0.03015934 0.08493146 1.40535750
v -0.01916528 0.08176210 1.39267969
v -0.02540512 0.08621915 1.38267608
v -0.01906622 0.08433729 1.38178464
v -0.01470820 0.07661173 1.40288131
v -0.01351969 0.08017737 1.39198626
v -0.03184309 0.08919042 1.38366647
v -0.02490993 0.08404014 1.39337301
v -0.01985860 0.08572392 1.37108772
v -0.01272732 0.08314864 1.38099227
v -0.03065458 0.08156401 1.41704481
v -0.03491354 0.08879433 1.40694214
v -0.00797310 0.07918691 1.39168919
v -0.02738607 0.08770483 1.37207810
v -0.03481447 0.09117143 1.37336579
v -0.05957584 0.11226813 1.38445885
v -0.05284074 0.10860344 1.39307582
v -0.04927510 0.10513685 1.40317849
v -0.04729422 0.10236347 1.41407342
v -0.01213307 0.06809381 1.42546366
v -0.05393025 0.07482890 1.44705563
v -0.06036821 0.07423453 1.45369172
v -0.06571667 0.05501972 1.59215736
v -0.05640638 0.10167025 1.45309747
v -0.05482169 0.13415720 1.44457956
v -0.06908425 0.14901403 1.40387181
v -0.06165578 0.14505210 1.41338011
v -0.05680257 0.14138751 1.42259134
v -0.05482169 0.13772284 1.43249600
v -0.05620832 0.13019537 1.45884212
v -0.05085986 0.14307129 1.44834320
v -0.05482169 0.13415720 1.44457956
v -0.06482529 0.15614530 1.40486219
v -0.05175124 0.14633980 1.43616059
v -0.05482169 0.13772284 1.43249600
v -0.05393025 0.14931107 1.42566179
v -0.05818920 0.15257967 1.41516299
v -0.05175124 0.14079314 1.46389334
v -0.04412477 0.15198539 1.45131459
v -0.06056633 0.16297946 1.40624883
v -0.04580852 0.15416440 1.43853772
v -0.05175124 0.14633980 1.43616059
v -0.04858179 0.15644234 1.42784080
v -0.05343505 0.15931477 1.41674774
v -0.04422377 0.15109389 1.46646860
v -0.03679536 0.15792812 1.45329548
v -0.05422738 0.16941741 1.40644695
v -0.03847918 0.15990904 1.43962729
v -0.04580852 0.15416440 1.43853772
v -0.04135150 0.16258327 1.42912837
v -0.04669991 0.16565369 1.41744106
v -0.03709255 0.15753195 1.46844948
v -0.02986221 0.16188995 1.45458317
v -0.04610565 0.17516206 1.40506032
v -0.03095171 0.16416799 1.44061767
v -0.03847918 0.15990904 1.43962729
v -0.03332878 0.16704032 1.42942555
v -0.03838012 0.17090310 1.41674774
v -0.02976314 0.16268231 1.46953905
v -0.02203761 0.16535654 1.45587074
v -0.03471541 0.17981719 1.40179186
v -0.02263186 0.16704032 1.44170723
v -0.03095171 0.16416799 1.44061767
v -0.02441468 0.16991264 1.42942555
v -0.02827745 0.17506301 1.41506393
v -0.00054470 0.16803077 1.47092568
v -0.00718079 0.16803078 1.45676206
v -0.00737885 0.16862504 1.47102462
v -0.00807217 0.17545919 1.41338011
v 0.00014862 0.18041148 1.39713666
v -0.00995405 0.18100574 1.39733478
v -0.00024757 0.16852591 1.44358906
v -0.00708172 0.16921931 1.44309387
v -0.00708172 0.16921931 1.44309387
v -0.00004951 0.17100205 1.42982168
v -0.00727979 0.17169536 1.42952462
v 0.00014862 0.17436970 1.41328117
v -0.03798393 0.18675037 1.60097247
v -0.03124883 0.17080405 1.62276244
v -0.02788126 0.18892938 1.60503330
v -0.01550057 0.18843414 1.60780656
v -0.05799114 0.17258687 1.58631365
v -0.05303886 0.16525749 1.61028276
v -0.04749228 0.18219429 1.59443544
v -0.07463078 0.14019897 1.55848184
v -0.07334321 0.14049610 1.57670629
v -0.07156039 0.15049971 1.56858451
v -0.04353045 0.16882313 1.61761205
v -0.06967850 0.14950925 1.58710603
v -0.06571667 0.16169185 1.57769668
v -0.07661166 0.08404014 1.51391138
v -0.07710691 0.08998288 1.52391498
v -0.07651266 0.09097323 1.51282193
v -0.07710691 0.08374300 1.52470736
v -0.07680978 0.08829910 1.53599854
v -0.07334321 0.11672517 1.59720870
v -0.07482884 0.12771923 1.58255000
v -0.07572028 0.11533853 1.58393663
v -0.07532409 0.08344587 1.50331351
v -0.07492791 0.09196378 1.50153075
v -0.06353767 0.15673948 1.51658558
v -0.05432643 0.16396990 1.50915723
v -0.06155678 0.15327299 1.50836485
v -0.07671073 0.08225732 1.53580042
v -0.06571667 0.11632898 1.61444265
v -0.06561762 0.13742569 1.60830175
v -0.07185752 0.13356291 1.59463356
v -0.05630738 0.16793173 1.51727890
v -0.04630378 0.17377541 1.50994961
v -0.06660805 0.07284799 1.46508196
v -0.06740044 0.08562477 1.46805335
v -0.05927871 0.11573472 1.46379439
v -0.05620832 0.13019537 1.45884212
v -0.05917964 0.12662973 1.47062849
v -0.05551500 0.13970365 1.47855215
v -0.04650184 0.15218348 1.47904734
v -0.03897437 0.15911667 1.47974066
v -0.03095171 0.16416799 1.48043398
v -0.02223567 0.16555464 1.47043037
v -0.02282999 0.16704032 1.48063210
v -0.06551861 0.03699346 1.51381231
v -0.06601380 0.03937052 1.52124078
v -0.06898518 0.04125241 1.51757608
v -0.06333960 0.03956865 1.53461191
v -0.06403292 0.03986577 1.53223477
v -0.06254722 0.03877627 1.53302715
v -0.05828826 0.03471544 1.52441017
v -0.06423098 0.03966771 1.52896632
v -0.06551861 0.04105434 1.53124439
v -0.05997202 0.03501256 1.52153785
v -0.06185390 0.03748870 1.52649012
v -0.06373579 0.03838008 1.52411311
v -0.06234910 0.03540875 1.51807127
v -0.05779302 0.02748509 1.54788397
v -0.07037182 0.08919041 1.47825496
v -0.06809374 0.09879784 1.47785883
v -0.06957944 0.07799836 1.47340175
v -0.01064737 0.07324418 1.41446967
v -0.00935974 0.07542318 1.40268318
v -0.01252925 0.08473347 1.37029534
v -0.00678460 0.08255446 1.38069508
v -0.03114977 0.03273450 1.43309025
v -0.04283714 0.04303524 1.43863678
v -0.03659730 0.04224285 1.43447688
v -0.03719155 0.03719158 1.43536832
v -0.03550779 0.04977032 1.43398157
v -0.04224288 0.04838369 1.43734921
v -0.04105432 0.05561404 1.43675496
v -0.04808660 0.04877989 1.44230148
v -0.04739328 0.05472260 1.44071673
v -0.03748868 0.08126687 1.42982168
v -0.03699348 0.07076804 1.43338732
v -0.04145051 0.07532404 1.43576445
v -0.02609844 0.07849350 1.41555911
v -0.03768680 0.09285520 1.38525122
v -0.03590398 0.09067620 1.39575002
v -0.03322972 0.07710686 1.42774173
v -0.03184309 0.06640996 1.43140643
v -0.03392304 0.05828824 1.43328826
v -0.03927150 0.06343864 1.43566539
v -0.04392664 0.06888608 1.43853772
v -0.03699348 0.07076804 1.43338732
v -0.06264629 0.06561765 1.45864400
v -0.05630738 0.06779665 1.44883851
v -0.05789207 0.05997205 1.45210697
v -0.04848279 0.08582296 1.44160817
v -0.04749228 0.09483611 1.43744827
v -0.04481808 0.09028001 1.43526926
v -0.04293620 0.09681701 1.41130016
v -0.04838372 0.10315593 1.39000537
v -0.04511521 0.09939221 1.39981086
v -0.05442550 0.10622635 1.38099227
v -0.05462356 0.08711055 1.44903652
v -0.05412837 0.09622274 1.44834320
v -0.05105792 0.09087429 1.44438143
v -0.06165578 0.10315593 1.46666672
v -0.05927871 0.11573472 1.46379439
v -0.05799114 0.10781108 1.45874306
v -0.04848279 0.08582296 1.44160817
v -0.05135505 0.08116782 1.44507475
v -0.05739682 0.09245902 1.45359266
v -0.05640638 0.10167025 1.45309747
v -0.06234910 0.12038985 1.47825497
v -0.06185390 0.11107958 1.47241125
v -0.07740404 0.12732305 1.55412393
v -0.07631454 0.13336483 1.54917166
v -0.07730498 0.12326218 1.54481364
v -0.07661166 0.12870969 1.54114894
v -0.07641360 0.09651988 1.51163331
v -0.07512603 0.09850080 1.49984694
v -0.00203039 0.16842694 1.62791284
v 0.00064381 0.18853319 1.60919319
v -0.06373579 0.15792811 1.59958583
v -0.07314509 0.09216188 1.49162609
v -0.07354127 0.10087789 1.49132902
v -0.05383118 0.18120383 1.57363584
v -0.04135150 0.19299024 1.56274091
v -0.05076079 0.18585896 1.55986859
v -0.06294342 0.12960110 1.48578250
v -0.00737885 0.17446873 1.48984333
v -0.00044564 0.17050691 1.48152354
v -0.00737885 0.17050691 1.48152354
v -0.01708533 0.18764179 1.51054386
v -0.00698267 0.18407614 1.50380871
v -0.01639201 0.18209524 1.50361071
v -0.02718795 0.18457138 1.51034574
v -0.02609844 0.17932197 1.50341258
v -0.03233834 0.16624795 1.48865482
v -0.04075719 0.16109759 1.48845670
v -0.04808660 0.15426344 1.48855576
v -0.05670351 0.14425984 1.48944720
v -0.01480727 0.16773363 1.47092568
v -0.01520345 0.16912028 1.48132542
v -0.05789207 0.17189354 1.52936245
v -0.04769041 0.17862865 1.51886365
v -0.00836930 0.19992343 1.53560242
v 0.00222857 0.19566448 1.52064653
v -0.00777504 0.19546638 1.52054747
v -0.06492430 0.16010713 1.52738157
v -0.03907343 0.18991984 1.53332434
v -0.02847557 0.18991984 1.52005228
v -0.03818199 0.18526459 1.51955697
v -0.06967850 0.14941020 1.52540068
v -0.06799475 0.14733026 1.51618945
v -0.04858179 0.18249142 1.53144252
v -0.07235270 0.14861774 1.54431833
v -0.06601380 0.16228612 1.53946512
v -0.07116420 0.15030161 1.53609761
v -0.04006387 0.19299025 1.54788398
v -0.04957223 0.18566088 1.54580403
v -0.05977396 0.17486491 1.55580764
v -0.05858539 0.17516205 1.54312983
v -0.00886454 0.20190435 1.55224200
v 0.00282282 0.20378622 1.56907982
v 0.00272382 0.20230043 1.55244012
v -0.06700424 0.16060235 1.54996392
v -0.03045646 0.19784349 1.54966686
v -0.03431922 0.19497116 1.58185669
v -0.04372858 0.18932556 1.57868718
v -0.06898518 0.15654148 1.55937328
v -0.07354127 0.14544839 1.55164774
v -0.06225010 0.16951645 1.56690081
v 0.00203050 0.19873479 1.58948316
v -0.01243019 0.19932916 1.58760134
v -0.01252925 0.08493145 1.64019451
v -0.02193855 0.10899962 1.64138302
v -0.02154235 0.08542677 1.63930308
v -0.05571307 0.09305328 1.62593195
v -0.04452095 0.11306048 1.63444987
v -0.05739682 0.05402927 1.60632086
v -0.06631092 0.06185387 1.59790201
v -0.07195658 0.07215467 1.58720509
v -0.07413552 0.07383845 1.57234827
v -0.03322972 0.14198179 1.63494506
v -0.03293259 0.11068339 1.63880788
v -0.03689442 0.18060955 1.51014762
v -0.02778226 0.02946598 1.60047715
v -0.01975953 0.02471183 1.59483156
v -0.01936335 0.02817840 1.60087340
v -0.04749228 0.04105434 1.60384478
v -0.04709609 0.04887894 1.61236270
v -0.02807939 0.02609846 1.59443543
v -0.06621193 0.07037185 1.60424092
v -0.07215464 0.08017736 1.59146404
v -0.07443265 0.07997927 1.57551778
v -0.07572028 0.10483961 1.58344132
v -0.07304602 0.10236346 1.59720870
v -0.05680257 0.06294338 1.61404640
v -0.02926790 0.04461999 1.43170362
v -0.01817484 0.19318834 1.52025029
v -0.00718079 0.18902843 1.51054386
v -0.03184309 0.06640996 1.43140643
v -0.04590759 0.06155675 1.43972623
v -0.05987296 0.09760939 1.45963438
v -0.06700424 0.10751393 1.48231592
v -0.06561762 0.11593282 1.48548531
v -0.06541954 0.12296505 1.49033852
v -0.06304247 0.13524669 1.49192328
v -0.07185752 0.14188275 1.52341980
v -0.07017369 0.14039696 1.51569426
v -0.07453172 0.13990183 1.53926712
v -0.07364034 0.14168465 1.53302716
v -0.07552216 0.13732665 1.54451646
v -0.07274890 0.08998287 1.59483156
v -0.06581574 0.09681701 1.61464077
v -0.07552216 0.09543037 1.58175762
v 0.00153525 0.18991984 1.51044480
v -0.06621193 0.08096972 1.60988650
v -0.02401849 0.05462359 1.62721952
v -0.01767959 0.04273810 1.61919680
v -0.01639201 0.05353409 1.62821002
v -0.01451014 0.16882314 1.44240055
v -0.01520345 0.17149737 1.42932649
v -0.00589316 0.13861424 1.63950120
v -0.00965693 0.10840523 1.64247247
v -0.06482529 0.14128846 1.50271926
v -0.06858900 0.13801996 1.50915723
v -0.06601380 0.14406174 1.50836485
v -0.03273453 0.08820005 1.63752020
v -0.04491714 0.07185753 1.62781377
v -0.03322972 0.06779665 1.63147848
v -0.02550419 0.04392667 1.61820641
v -0.01867003 0.03372494 1.60949037
v -0.01936335 0.19804148 1.53530523
v -0.04432283 0.09107237 1.63286511
v -0.05601020 0.07522508 1.62097968
v -0.01441107 0.16743640 1.45666311
v -0.01451014 0.16882314 1.44240055
v -0.02391949 0.19754634 1.58492702
v -0.01490632 0.06551857 1.63405362
v -0.02292899 0.06640995 1.63306323
v -0.01748153 0.17615252 1.41367730
v -0.02134429 0.18110479 1.39862235
v -0.02164142 0.20041867 1.56749506
v -0.02045285 0.20061675 1.55115255
v -0.04580852 0.05937773 1.62048437
v -0.03214021 0.01678817 1.46339814
v -0.03659730 0.02084901 1.45993156
v -0.02025479 0.01421298 1.46181339
v -0.01985860 0.01599580 1.45656405
v -0.02005666 0.01520341 1.45923825
v -0.02619750 0.06234913 1.42982168
v -0.02847557 0.07344227 1.42625604
v -0.01421301 0.05888255 1.42893036
v -0.01421301 0.05888255 1.42893036
v -0.01559964 0.04818563 1.42992074
v -0.01668914 0.03966771 1.43051499
v -0.02441468 0.02976311 1.43239694
v -0.01748153 0.03273450 1.43130737
v -0.01807578 0.02817841 1.43209975
v -0.03233834 0.02352326 1.52668825
v -0.03085265 0.02382039 1.53025389
v -0.03332878 0.02530609 1.52827300
v -0.04838372 0.04353048 1.44467850
v -0.04333239 0.03857822 1.44061766
v -0.03768680 0.03342782 1.43685390
v -0.03164502 0.02897080 1.43447688
v -0.02500894 0.02609846 1.43328826
v -0.03679536 0.01985856 1.50588865
v -0.04600659 0.09850080 1.42635510
v -0.04244095 0.09384566 1.42407703
v -0.05105792 0.09087429 1.44438143
v -0.03471541 0.08552583 1.41952100
v -0.07324414 0.13584097 1.52213223
v -0.07581935 0.13366187 1.53451285
v -0.07492791 0.13524668 1.52965964
v -0.02698988 0.03501256 1.60879706
v -0.03550779 0.04590755 1.61612635
v -0.03669636 0.03719157 1.60711324
v -0.02282999 0.14099133 1.63771832
v -0.02263186 0.16704032 1.44170723
v -0.02936695 0.19497116 1.53441379
v -0.03204121 0.19774444 1.56541512
v -0.03412116 0.05640641 1.62474332
v -0.05175124 0.02847553 1.54144600
v -0.04798753 0.02887173 1.54154506
v -0.04828466 0.02738603 1.54144600
v -0.05888252 0.03412112 1.53857368
v -0.05957584 0.03471544 1.53788036
v -0.05908064 0.03511157 1.53797942
v -0.05838733 0.03352687 1.53906899
v -0.05927871 0.03342781 1.53857368
v -0.05680257 0.03164499 1.53996043
v -0.05878345 0.03243736 1.53906899
v -0.05462356 0.02976311 1.54085175
v -0.05729782 0.03065455 1.54005937
v -0.04452095 0.02718796 1.54085175
v -0.03639917 0.02887173 1.53530522
v -0.03729061 0.02936697 1.53481003
v -0.03748868 0.02837648 1.53718705
v -0.03808299 0.02956505 1.53659279
v -0.03679536 0.02887173 1.53649373
v -0.03620111 0.02867361 1.53580041
v -0.03956868 0.02817841 1.53391859
v -0.03857818 0.02906979 1.53451284
v -0.03986581 0.02867361 1.53431472
v -0.04481808 0.02778223 1.53381953
v -0.04145051 0.02758415 1.53362140
v -0.04174763 0.02827747 1.53411671
v -0.03838012 0.02827747 1.53827661
v -0.04818560 0.02778223 1.53362140
v -0.04491714 0.02728697 1.53332434
v -0.04105432 0.02768316 1.53966324
v -0.05719876 0.03223925 1.53441378
v -0.05492069 0.03065455 1.53401765
v -0.05680257 0.03243736 1.53481003
v -0.05888252 0.03491351 1.53599854
v -0.05809014 0.03431925 1.53589948
v -0.05848633 0.03501256 1.53629572
v -0.05937777 0.03580489 1.53708810
v -0.05888252 0.03540875 1.53669185
v -0.05898158 0.03570588 1.53728611
v -0.05482169 0.02867361 1.54095081
v -0.05917964 0.03560682 1.53758329
v -0.05957584 0.03560682 1.53748423
v -0.04749228 0.03204117 1.53362140
v -0.04491714 0.02837648 1.53401765
v -0.04452095 0.03124880 1.53381953
v -0.05620832 0.03342781 1.53490909
v -0.05402931 0.03530969 1.53431472
v -0.05591119 0.03709252 1.53481003
v -0.05838733 0.03946959 1.53847473
v -0.05888252 0.03659726 1.53758329
v -0.05848633 0.03976672 1.53788036
v -0.05105792 0.03283356 1.54194131
v -0.05442550 0.03144692 1.54085175
v -0.05412837 0.03451731 1.54124800
v -0.03907343 0.02897079 1.53817755
v -0.04055912 0.03085261 1.54005937
v -0.03877630 0.03105074 1.53867274
v -0.04204482 0.02887173 1.53421578
v -0.04125244 0.03194212 1.53431472
v -0.05878345 0.03659726 1.53718705
v -0.05848633 0.04006385 1.53738517
v -0.05640638 0.03342781 1.53996043
v -0.05620832 0.03649820 1.54065374
v -0.03838012 0.03114979 1.53758329
v -0.03838012 0.02926792 1.53728611
v -0.03986581 0.03194212 1.53441378
v -0.03927150 0.02956505 1.53481003
v -0.03907343 0.03184311 1.53461191
v -0.05848633 0.04016290 1.53688998
v -0.05769401 0.03501256 1.53936606
v -0.05749589 0.03808295 1.53986137
v -0.03758774 0.03134787 1.53619666
v -0.03788487 0.03124880 1.53688998
v -0.05818920 0.03590394 1.53639479
v -0.05779302 0.03917246 1.53580041
v -0.05818920 0.03976672 1.53629572
v -0.05838733 0.03580489 1.53867274
v -0.05809014 0.03887534 1.53916805
v -0.03758774 0.03124880 1.53580041
v -0.03768680 0.02946598 1.53599854
v -0.04442189 0.02857460 1.54095081
v -0.04778941 0.03154592 1.54184225
v -0.04372858 0.03085261 1.54124800
v -0.05878345 0.03630013 1.53807849
v -0.05155317 0.03015930 1.54154506
v -0.03857818 0.02966410 1.53510710
v -0.03808299 0.03154592 1.53520616
v -0.04105432 0.02887173 1.53966324
v -0.03956868 0.03065455 1.54303076
v -0.04372858 0.03085261 1.54124800
v -0.04333239 0.03025835 1.54501164
v -0.04669991 0.03164499 1.52807488
v -0.04452095 0.03124880 1.53381953
v -0.04263907 0.03154592 1.52886726
v -0.05749589 0.03699346 1.53173958
v -0.05402931 0.03530969 1.53431472
v -0.05521787 0.03530969 1.52985776
v -0.05838733 0.03946959 1.53847473
v -0.06017015 0.03976672 1.53857368
v -0.05997202 0.03927152 1.53986137
v -0.05105792 0.03283356 1.54194131
v -0.05442550 0.03412112 1.54540789
v -0.05125604 0.03233830 1.54620027
v -0.03709255 0.03164499 1.54095081
v -0.04055912 0.03085261 1.54005937
v -0.04125244 0.03194212 1.53431472
v -0.03966769 0.03204118 1.53005576
v -0.05848633 0.03976672 1.53788036
v -0.06026915 0.03986577 1.53738517
v -0.05412837 0.03451731 1.54124800
v -0.05660451 0.03590394 1.54392220
v -0.03550779 0.03243736 1.53926711
v -0.03788487 0.03124880 1.53688998
v -0.03838012 0.03114979 1.53758329
v -0.03877630 0.03105074 1.53867274
v -0.03798393 0.03253643 1.53084814
v -0.03907343 0.03184311 1.53461191
v -0.03659730 0.03303162 1.53183864
v -0.05848633 0.04016290 1.53688998
v -0.06007108 0.04006385 1.53619666
v -0.05620832 0.03649820 1.54065374
v -0.05828826 0.03738964 1.54243650
v -0.03758774 0.03134787 1.53619666
v -0.03471541 0.03332874 1.53778142
v -0.03441829 0.03382400 1.53639479
v -0.05967489 0.03946959 1.53500804
v -0.05779302 0.03917246 1.53580041
v -0.05908064 0.03867721 1.53362140
v -0.05749589 0.03808295 1.53986137
v -0.05937777 0.03857821 1.54104987
v -0.03758774 0.03124880 1.53580041
v -0.03451735 0.03392306 1.53510710
v -0.04778941 0.03154592 1.54184225
v -0.04749228 0.03085261 1.54620027
v -0.05809014 0.03887534 1.53916805
v -0.03511160 0.03352687 1.53362140
v -0.03293259 0.03570588 1.53669185
v -0.03303165 0.03600301 1.53490909
v -0.04214382 0.03342781 1.54847834
v -0.04669991 0.03412112 1.54946873
v -0.05977396 0.04115334 1.54253557
v -0.06056633 0.04184673 1.54065374
v -0.03362591 0.03620108 1.53282914
v -0.03798393 0.03362593 1.54600215
v -0.04154957 0.03550776 1.52599493
v -0.04600659 0.03580489 1.52480642
v -0.05561400 0.03877627 1.52738156
v -0.05818920 0.04036103 1.52985776
v -0.06096247 0.04234191 1.53887086
v -0.05085986 0.03550776 1.54936966
v -0.05432643 0.03709252 1.54808209
v -0.03530967 0.03431925 1.54332794
v -0.03847918 0.03570588 1.52738156
v -0.06106153 0.04254003 1.53708810
v -0.05670351 0.03867721 1.54620027
v -0.03382403 0.03501256 1.54075269
v -0.03659730 0.03590394 1.52866913
v -0.03501254 0.03610207 1.53045201
v -0.06076440 0.04263904 1.53530522
v -0.05848633 0.04006385 1.54431833
v -0.03313072 0.03540875 1.53857368
v -0.05977396 0.04154954 1.53213583
v -0.06046728 0.04224285 1.53401765
v -0.05026555 0.03897439 1.55115254
v -0.05383118 0.04016290 1.54966685
v -0.03699348 0.03709252 1.54778503
v -0.03402210 0.03748870 1.54481364
v -0.04075719 0.03946959 1.52460830
v -0.03758774 0.03937052 1.52609399
v -0.06086346 0.04501617 1.53926711
v -0.06086346 0.04521424 1.53718705
v -0.05640638 0.04145053 1.54768596
v -0.03263546 0.03778583 1.54184225
v -0.03422022 0.03917247 1.52946151
v -0.03580492 0.03917247 1.52757969
v -0.06066534 0.04531330 1.53530522
v -0.05828826 0.04263904 1.54560602
v -0.03184309 0.03828108 1.53916805
v -0.03174408 0.03857821 1.53698904
v -0.05967489 0.04481805 1.53164052
v -0.06036821 0.04511518 1.53352246
v -0.05977396 0.04362949 1.54362501
v -0.03184309 0.03887534 1.53481003
v -0.04125244 0.03719157 1.55045923
v -0.04580852 0.03788489 1.55135067
v -0.06046728 0.04442186 1.54144600
v -0.03273453 0.03897439 1.53233384
v -0.04531327 0.04006385 1.52322167
v -0.05541594 0.04263904 1.52619305
v -0.05799114 0.04392667 1.52896632
v -0.04531327 0.04095528 1.55214293
v -0.03144690 0.04095529 1.53490909
v -0.03223928 0.04125241 1.53223477
v -0.03669636 0.04006385 1.54867635
v -0.04075719 0.04026196 1.55115254
v -0.04026200 0.04254003 1.52411311
v -0.04481808 0.04343142 1.52282554
v -0.05472262 0.04570949 1.52599493
v -0.05739682 0.04660087 1.52876819
v -0.06046728 0.04699706 1.53956418
v -0.05997202 0.04640281 1.54204038
v -0.05313787 0.04283716 1.55055829
v -0.04957223 0.04174766 1.55194492
v -0.03372497 0.04006385 1.54570496
v -0.03729061 0.04214385 1.52579681
v -0.06046728 0.04719512 1.53738517
v -0.05581213 0.04382760 1.54847834
v -0.03134790 0.04046003 1.53956418
v -0.03204121 0.04026196 1.54253557
v -0.03372497 0.04164859 1.52916444
v -0.03540873 0.04184673 1.52728250
v -0.06026915 0.04749231 1.53530522
v -0.05769401 0.04491711 1.54649734
v -0.03114977 0.04075721 1.53728611
v -0.05987296 0.04739324 1.53342340
v -0.05898158 0.04719512 1.53154146
v -0.05908064 0.04580850 1.54431833
v -0.05848633 0.04739324 1.54461551
v -0.05709970 0.04669994 1.54689359
v -0.05947683 0.04798750 1.54233744
v -0.05997202 0.04848276 1.53986137
v -0.06007108 0.04877988 1.53758329
v -0.03204121 0.04303523 1.53233384
v -0.03124883 0.04273811 1.53510710
v -0.05927871 0.04897794 1.53352246
v -0.05422738 0.04798750 1.52629212
v -0.05690164 0.04858181 1.52896632
v -0.04422377 0.04580850 1.52322167
v -0.05254361 0.04491711 1.55085536
v -0.04897798 0.04412473 1.55214293
v -0.03986581 0.04481805 1.52441017
v -0.03649823 0.04244098 1.54907260
v -0.03114977 0.04234191 1.54015843
v -0.03095171 0.04244098 1.53758329
v -0.03362591 0.04353048 1.52936245
v -0.03530967 0.04382760 1.52738156
v -0.03194215 0.04214385 1.54312982
v -0.03362591 0.04224285 1.54620027
v -0.04471902 0.04333236 1.55234105
v -0.04036100 0.04273811 1.55144961
v -0.05521787 0.04570949 1.54887447
v -0.05848633 0.04897794 1.53154146
v -0.05640638 0.04818563 1.54699265
v -0.03114977 0.04412473 1.54055468
v -0.03223928 0.04412473 1.54352607
v -0.03689442 0.04610568 1.52639118
v -0.03709255 0.04412473 1.52589587
v -0.03956868 0.04699706 1.52500455
v -0.03649823 0.04442186 1.54907260
v -0.05908064 0.05046364 1.53560241
v -0.05977396 0.04897794 1.53540428
v -0.05175124 0.04679899 1.55085536
v -0.03382403 0.04422380 1.54639828
v -0.05848633 0.05056270 1.53391859
v -0.05789207 0.04887894 1.54491270
v -0.05442550 0.04749231 1.54897353
v -0.04432283 0.04551137 1.55214293
v -0.03105071 0.04432280 1.53550335
v -0.05353406 0.05006745 1.52688637
v -0.05888252 0.04937414 1.54253557
v -0.03194215 0.04481805 1.53263102
v -0.03095171 0.04412473 1.53797942
v -0.05917964 0.04986938 1.54015843
v -0.04838372 0.04620468 1.55204398
v -0.05620832 0.05046364 1.52946151
v -0.05917964 0.05026558 1.53788036
v -0.05759495 0.05214745 1.53441378
v -0.05700069 0.05046363 1.54501164
v -0.04016294 0.04491711 1.55125161
v -0.03669636 0.04669994 1.54877541
v -0.03214021 0.04679899 1.53322528
v -0.03134790 0.04630374 1.53589948
v -0.05511882 0.05234553 1.53025389
v -0.05779302 0.05095889 1.54283264
v -0.04769041 0.04818563 1.55154867
v -0.03114977 0.04600662 1.53837567
v -0.03689442 0.04838369 1.52718344
v -0.05818920 0.05155314 1.54045562
v -0.03154596 0.04610568 1.54085175
v -0.03253640 0.04620468 1.54372407
v -0.05779302 0.05056270 1.53203677
v -0.05838733 0.05185027 1.53827661
v -0.05353406 0.04947319 1.54887447
v -0.03402210 0.04640281 1.54639828
v -0.03521066 0.04778943 1.52837206
v -0.03521066 0.04570949 1.52777781
v -0.03927150 0.04917607 1.52589587
v -0.04382764 0.04808656 1.52381592
v -0.05799114 0.05204840 1.53609760
v -0.05095885 0.04887894 1.55065723
v -0.05551500 0.05006745 1.54709171
v -0.04392664 0.04769037 1.55164774
v -0.03204121 0.04897794 1.53659279
v -0.05105792 0.05452453 1.52936245
v -0.05244455 0.05214745 1.52777781
v -0.05541594 0.05264265 1.54471458
v -0.04699709 0.05076076 1.55055829
v -0.03204121 0.04887894 1.53867274
v -0.03709255 0.05105795 1.52866913
v -0.05620832 0.05313790 1.54283264
v -0.03243740 0.04887894 1.54114894
v -0.03342784 0.04897794 1.54362501
v -0.05511882 0.05442547 1.53362141
v -0.05670351 0.05234553 1.53273008
v -0.05650545 0.05393027 1.53867274
v -0.05214742 0.05175127 1.54828022
v -0.03491354 0.04917606 1.54600215
v -0.03570586 0.05056270 1.52975870
v -0.03946962 0.05194933 1.52767875
v -0.04343145 0.05046364 1.52500455
v -0.05630738 0.05412835 1.53669185
v -0.04977035 0.05125601 1.54976591
v -0.05393025 0.05234552 1.54659640
v -0.04016294 0.04996845 1.54976591
v -0.04006387 0.04719512 1.55075630
v -0.05591119 0.05422740 1.53520616
v -0.03719155 0.04947319 1.54818116
v -0.04719516 0.05818923 1.53599854
v -0.05085986 0.05670354 1.53342340
v -0.04679897 0.05799111 1.53500804
v -0.05274173 0.05660448 1.53619666
v -0.04739328 0.05828823 1.53788036
v -0.05303886 0.05640641 1.53748423
v -0.03877630 0.05313790 1.54669546
v -0.04115338 0.05630735 1.54392220
v -0.03699348 0.05293978 1.54511071
v -0.05125604 0.05511879 1.54540789
v -0.04709609 0.05739685 1.54293170
v -0.04669991 0.05709973 1.54392220
v -0.04362952 0.05709973 1.53263102
v -0.04640278 0.05620829 1.53045201
v -0.04313426 0.05561403 1.52995682
v -0.04977035 0.05462359 1.54679452
v -0.04273813 0.05729779 1.53332434
v -0.04897798 0.05660448 1.53183864
v -0.04600659 0.05779305 1.53391859
v -0.04293620 0.05581210 1.54560602
v -0.04353045 0.05353409 1.54847834
v -0.04382764 0.05561403 1.54620027
v -0.05234555 0.05541592 1.54402126
v -0.04729422 0.05769398 1.54184225
v -0.04521427 0.05571304 1.54620027
v -0.04808660 0.05422740 1.54788397
v -0.04570946 0.05610922 1.54560602
v -0.03620111 0.05393027 1.53342340
v -0.04026200 0.05719874 1.53718705
v -0.04085625 0.05739685 1.53570147
v -0.04194576 0.05601023 1.54491270
v -0.04105432 0.05333596 1.54778503
v -0.04046006 0.05501972 1.53045201
v -0.04204482 0.05719874 1.53401765
v -0.03501254 0.05353409 1.53550335
v -0.03986581 0.05709973 1.53857368
v -0.05323693 0.05610922 1.54085175
v -0.05303886 0.05571304 1.54253557
v -0.03738967 0.05412835 1.53203677
v -0.04145051 0.05729779 1.53481003
v -0.04739328 0.05828823 1.53688998
v -0.05204836 0.05670354 1.53510710
v -0.04610565 0.05383122 1.54847834
v -0.04729422 0.05809018 1.54045562
v -0.05313787 0.05630736 1.53896993
v -0.04739328 0.05818923 1.53926711
v -0.03867724 0.05452453 1.53114533
v -0.03441829 0.05284077 1.53926711
v -0.03986581 0.05690161 1.53996043
v -0.03570586 0.05293978 1.54322888
v -0.04006387 0.05680254 1.54134706
v -0.03481447 0.05293978 1.54124800
v -0.04055912 0.05660448 1.54273369
v -0.04551140 0.05749592 1.53292809
v -0.04313426 0.05303883 1.52688637
v -0.05660451 0.05353409 1.54075269
v -0.05353406 0.05462359 1.53164052
v -0.04362952 0.05046363 1.55055829
v -0.04759135 0.05402928 1.52767875
v -0.03441829 0.05303883 1.53748423
v -0.07066895 0.04491711 1.52242929
v -0.06829188 0.04244098 1.52500455
v -0.07165939 0.08096973 1.48310817
v -0.07354127 0.08255446 1.49311178
v -0.06601380 0.04085622 1.52708449
v -0.06254722 0.03857821 1.53025389
v -0.06135866 0.03768677 1.53134345
v -0.05997202 0.03570588 1.53302715
v -0.06056633 0.03659726 1.53223477
v -0.05927871 0.03491351 1.53411671
v -0.05868446 0.03431925 1.53490909
v -0.05779302 0.03521063 1.53599854
v -0.05591119 0.03709252 1.53481003
v -0.23478744 0.09790653 1.23351341
v -0.22587323 0.08532774 1.22034040
v -0.22359519 0.08423824 1.23301821
v -0.23756070 0.09840176 1.22142985
v -0.22943887 0.08413920 1.20657303
v -0.21200696 0.07928597 1.21707183
v -0.20863931 0.07849351 1.22935351
v -0.21487927 0.07958300 1.20379977
v -0.18268938 0.08592202 1.22420311
v -0.17367633 0.10464164 1.20795966
v -0.16654505 0.09889698 1.23153252
v -0.18883029 0.08968575 1.19716368
v -0.18546264 0.08829912 1.20964348
v -0.17833137 0.10563208 1.19478666
v -0.16565364 0.12276697 1.20667209
v -0.15782904 0.13603908 1.22747169
v -0.16109754 0.12058796 1.22737263
v -0.06433004 0.10751394 1.37039441
v -0.06987656 0.11385286 1.37396005
v -0.24211680 0.11276336 1.23499910
v -0.24498913 0.11276336 1.22261848
v -0.24102721 0.09741131 1.20766259
v -0.03124883 0.08612011 1.36197555
v -0.04065813 0.09097324 1.36375831
v -0.02223567 0.08354492 1.36068786
v -0.04154957 0.09552943 1.37514855
v -0.04996842 0.09622275 1.36603639
v -0.09176567 0.12058795 1.36672970
v -0.11811179 0.10979189 1.35434896
v -0.08711052 0.11365476 1.36207462
v -0.07373934 0.12058795 1.37752569
v -0.07730498 0.12712497 1.38178465
v -0.06492430 0.17496397 1.39604721
v -0.07136227 0.16783258 1.39575003
v -0.01272732 0.18496756 1.38535029
v -0.02679176 0.18556184 1.38713305
v -0.07680978 0.16040427 1.39495765
v -0.00024757 0.18397712 1.38475604
v -0.08176206 0.15277776 1.39376914
v -0.07997924 0.13544468 1.38663786
v -0.08255444 0.14475508 1.39079775
v -0.04204482 0.18526460 1.39059963
v -0.05610925 0.18120384 1.39456152
v -0.10167022 0.15515486 1.38336940
v -0.10424541 0.14742929 1.38079414
v -0.04986942 0.19051412 1.38128946
v -0.06720236 0.18764179 1.38544935
v -0.10236353 0.13653429 1.37712944
v -0.07879067 0.18219430 1.38673692
v -0.08790289 0.17446873 1.38653880
v -0.09543037 0.16446514 1.38535029
v -0.01540152 0.18783989 1.37604000
v -0.03253640 0.18972175 1.37802088
v -0.00074283 0.18655230 1.37475243
v -0.00133708 0.18873130 1.36455070
v -0.01906622 0.19120743 1.36554120
v -0.09513318 0.19170267 1.37584187
v -0.10989100 0.18496756 1.37653519
v -0.07680978 0.19447584 1.37455430
v -0.05729782 0.19536734 1.37148385
v -0.13395905 0.14782548 1.37178104
v -0.13405811 0.13514766 1.36821540
v -0.03867724 0.19417881 1.36841352
v -0.13078960 0.15931477 1.37445524
v -0.12167743 0.17120023 1.37524762
v -0.08116781 0.10602826 1.35870698
v -0.03709255 0.08047450 1.35325951
v -0.05115698 0.08522870 1.35553759
v -0.02570231 0.07700791 1.35157570
v -0.06403292 0.09295425 1.35603278
v -0.09731219 0.12722401 1.37188010
v -0.10979194 0.10137312 1.35127863
v -0.12484689 0.11801267 1.35850897
v -0.13029440 0.12454978 1.36256981
v -0.06502336 0.07522510 1.34543492
v -0.08304963 0.08394111 1.34711873
v -0.02956508 0.06720235 1.34117596
v -0.04491714 0.06967854 1.34246353
v -0.01332157 0.08285160 1.35959842
v -0.00559603 0.08433729 1.36989921
v -0.01470820 0.07641364 1.34979293
v -0.00510078 0.08255447 1.35920229
v -0.00371415 0.06819276 1.33869976
v -0.00440746 0.07690887 1.34890149
v -0.01599583 0.06710329 1.33988839
v -0.20705467 0.17328020 1.23163158
v -0.19259392 0.17823247 1.24292276
v -0.19546625 0.17506302 1.22826407
v -0.15852226 0.16278137 1.22667931
v -0.16892214 0.16654511 1.21202050
v -0.16456403 0.17070502 1.22925445
v -0.15743275 0.15158923 1.22628306
v -0.16258322 0.16050331 1.20805873
v -0.24350345 0.13009624 1.23777236
v -0.24201775 0.14614172 1.22806594
v -0.24617766 0.12930397 1.22479737
v -0.16268217 0.13841617 1.20568159
v -0.16159277 0.15119304 1.20548359
v -0.23924448 0.14742930 1.24163519
v -0.23211321 0.16000799 1.23182971
v -0.22884460 0.16139472 1.24480459
v -0.21983156 0.16862505 1.23301822
v -0.21676105 0.17040787 1.24787504
v -0.21220495 0.17040788 1.21202050
v -0.22399147 0.16595082 1.21459576
v -0.20131004 0.17110119 1.20885111
v -0.17565723 0.16347469 1.19587611
v -0.16931833 0.15713568 1.19161715
v -0.24588043 0.14465593 1.21202050
v -0.24954512 0.12821446 1.20954442
v -0.16832777 0.14832071 1.18993333
v -0.23617407 0.15802718 1.21429857
v -0.16882299 0.13702952 1.18933908
v -0.18239234 0.17763820 1.23797049
v -0.18615597 0.17397352 1.22291555
v -0.17684578 0.15366918 1.17596796
v -0.25152604 0.14257597 1.19141903
v -0.25538891 0.12653060 1.19072571
v -0.23349984 0.08334684 1.19003239
v -0.17446859 0.14495317 1.17567089
v -0.19903189 0.16773365 1.18270311
v -0.19160347 0.17030872 1.20538453
v -0.24181966 0.15545200 1.19092384
v -0.22042572 0.07888969 1.18785338
v -0.23112275 0.16278137 1.18924002
v -0.24667280 0.09602466 1.18963626
v -0.24825763 0.11256527 1.20835591
v -0.25380408 0.11068341 1.18993333
v -0.21983156 0.16723842 1.18745726
v -0.20933262 0.16822888 1.18547637
v -0.18437324 0.10335404 1.17973172
v -0.18338269 0.15990905 1.17755271
v -0.17833137 0.12068701 1.17596795
v -0.17189341 0.12365838 1.18993333
v -0.17526106 0.13435520 1.17557182
v -0.18585883 0.15000449 1.15645605
v -0.25796399 0.14029804 1.16745004
v -0.26162868 0.12405447 1.16943093
v -0.22696284 0.07839456 1.16616247
v -0.18407601 0.14158562 1.15655499
v -0.24895094 0.15297586 1.16527103
v -0.18377887 0.13158203 1.15685218
v -0.23855116 0.16080046 1.16319108
v -0.26034118 0.10919772 1.16952999
v -0.22874556 0.16515846 1.16140832
v -0.19437685 0.09008193 1.18181167
v -0.19457494 0.10236348 1.16061594
v -0.20725266 0.16416801 1.15913025
v -0.21834586 0.16515846 1.16012064
v -0.18803782 0.11900324 1.15764456
v -0.19110824 0.15555104 1.15734737
v -0.25281372 0.09394471 1.16982717
v -0.24033388 0.08314865 1.16933186
v -0.19348544 0.13940663 1.13714215
v -0.25528976 0.14960831 1.14556100
v -0.26410492 0.13653430 1.14754189
v -0.19269307 0.12979921 1.13664684
v -0.24667280 0.15782910 1.14268868
v -0.26786855 0.12118214 1.14942371
v -0.26648190 0.10711777 1.15150366
v -0.23607492 0.16238519 1.14021248
v -0.20279571 0.08919042 1.16329014
v -0.20348903 0.10186836 1.14060873
v -0.21666209 0.16159282 1.13823160
v -0.22696284 0.16248413 1.13902397
v -0.19685288 0.11642805 1.13842972
v -0.19625872 0.14713218 1.13724121
v -0.20081471 0.15307491 1.13763734
v -0.26004395 0.09176571 1.15180084
v -0.24716803 0.08027633 1.14902758
v -0.19932912 0.12801639 1.11772901
v -0.25311076 0.15327300 1.12505848
v -0.26192591 0.14525031 1.12763356
v -0.27242474 0.10553295 1.13605258
v -0.27410851 0.11830992 1.13258600
v -0.24429581 0.15832432 1.12228509
v -0.21230409 0.08879434 1.14090579
v -0.21111545 0.10038267 1.11931382
v -0.22438755 0.15881955 1.12020515
v -0.23508457 0.15961182 1.12070046
v -0.20388522 0.11484333 1.11832326
v -0.20339000 0.14574553 1.11881846
v -0.20764895 0.15119304 1.11951183
v -0.26568964 0.09067621 1.13654777
v -0.25221935 0.07968215 1.13337838
v -0.20061672 0.13831712 1.11852145
v -0.27153324 0.13346388 1.12951538
v -0.23458924 0.07661174 1.14417437
v -0.24538530 -0.24389967 1.01769297
v -0.24835667 -0.24706912 1.01660347
v -0.24439475 -0.24647486 1.01680165
v -0.25410131 -0.24389967 1.00392560
v -0.25330895 -0.24063116 1.00184577
v -0.25231840 -0.24221590 1.00105327
v -0.25301172 -0.24696997 1.01283970
v -0.25578499 -0.24350348 1.00937312
v -0.25519071 -0.24597962 1.00759042
v -0.25954871 -0.22874570 1.01769297
v -0.25984596 -0.22943901 1.01194844
v -0.25826123 -0.23141993 1.01699966
v -0.25212041 -0.22844855 1.02234812
v -0.25469559 -0.23191515 1.02016911
v -0.25073376 -0.23072661 1.02165480
v -0.26014300 -0.22359533 1.00788743
v -0.25707268 -0.22577434 1.00531229
v -0.25915264 -0.22795333 1.00818456
v -0.23855116 -0.25449755 1.01204738
v -0.23904640 -0.26143074 1.00848174
v -0.23478744 -0.26034123 1.00917506
v -0.24726708 -0.25390326 0.99966664
v -0.24241384 -0.25806317 0.99471449
v -0.24419676 -0.25974696 0.99738863
v -0.24647470 -0.25647845 1.00828374
v -0.24429581 -0.26133169 1.00164759
v -0.24261204 -0.26202500 1.00580748
v -0.23538171 -0.24548440 1.01145307
v -0.23379688 -0.25221949 1.01036368
v -0.23211321 -0.25013954 1.00818456
v -0.25519071 -0.24191876 1.01472170
v -0.25439835 -0.24449384 1.01392933
v -0.23904640 -0.23894738 1.01482071
v -0.24033388 -0.24181971 1.01650441
v -0.23835306 -0.24063116 1.01442446
v -0.24370144 -0.22775515 1.02007005
v -0.24132444 -0.22874570 1.01680165
v -0.24231479 -0.22547720 1.01749497
v -0.25261563 -0.23141993 1.00323228
v -0.25687459 -0.22805238 1.00541141
v -0.25400228 -0.22646765 1.00412384
v -0.23914544 -0.25637940 0.99352592
v -0.24558339 -0.25152617 0.99699256
v -0.24310715 -0.24934716 0.99570487
v -0.25429930 -0.22349618 1.00432191
v -0.25707268 -0.22250582 1.00382660
v -0.25499263 -0.21903923 1.00253909
v -0.24934703 -0.23835311 1.00006283
v -0.24835667 -0.24013594 0.99956764
v -0.23666920 -0.24736627 1.01323601
v -0.23597587 -0.25350709 1.01165119
v -0.23379688 -0.25221949 1.01036368
v -0.24667280 -0.22953796 1.02155574
v -0.24300811 -0.23072661 1.01927767
v -0.24370144 -0.22775515 1.02007005
v -0.24241384 -0.23478747 1.01838635
v -0.24588043 -0.23231134 1.02066430
v -0.24489008 -0.23587698 1.01957480
v -0.24617766 -0.24162153 1.01828734
v -0.24974330 -0.24429585 1.01719772
v -0.25459655 -0.23765980 1.00303422
v -0.25509168 -0.24211685 1.00531229
v -0.25598309 -0.23934357 1.00679792
v -0.24003675 -0.26648206 0.99451630
v -0.23914544 -0.26955246 0.99778482
v -0.24043303 -0.26796763 0.99877526
v -0.23795679 -0.26975045 1.00174665
v -0.23528256 -0.26796763 1.00531229
v -0.23914544 -0.26846297 1.00263791
v -0.22389232 -0.26885914 0.99986477
v -0.22399147 -0.27321715 0.99996389
v -0.22161438 -0.27509902 0.99669531
v -0.22943887 -0.26836392 1.00471809
v -0.22795328 -0.26539255 1.00471809
v -0.23023124 -0.26598682 1.00580748
v -0.22924088 -0.27311810 1.00253908
v -0.22597228 -0.27202860 1.00174665
v -0.22933993 -0.27084006 1.00362859
v -0.22319900 -0.27886275 0.99719062
v -0.22607133 -0.27717898 0.99936951
v -0.22418956 -0.28024938 0.99679432
v -0.23201416 -0.27400941 0.98758309
v -0.23409411 -0.27599043 0.99025735
v -0.23488647 -0.27242479 0.98956403
v -0.22250569 -0.28005129 0.99530868
v -0.22418956 -0.28024938 0.99679432
v -0.22359519 -0.28153698 0.99520962
v -0.23716453 -0.27202860 0.99303061
v -0.23696643 -0.27212764 0.99689326
v -0.23795679 -0.27123623 0.99728957
v -0.22785424 -0.28123983 0.98807834
v -0.22587323 -0.28232933 0.99114884
v -0.22825032 -0.28163602 0.98906866
v -0.23557980 -0.27222660 1.00016189
v -0.23379688 -0.27093911 1.00333123
v -0.23676825 -0.27103815 1.00105327
v -0.23449019 -0.27262288 0.99946858
v -0.23270748 -0.27232574 1.00224184
v -0.25598309 -0.22914189 1.02106061
v -0.24300811 -0.25588418 1.01105688
v -0.23696643 -0.24172066 1.00253909
v -0.23756070 -0.24726722 0.99659625
v -0.24102721 -0.24201780 0.99927057
v -0.25043664 -0.24201780 1.01779198
v -0.24013580 -0.23587698 1.00511417
v -0.24360248 -0.23756075 1.00174665
v -0.24370144 -0.23498557 1.00224184
v -0.24469198 -0.22240669 1.00867981
v -0.24716803 -0.22508101 1.00511417
v -0.24895094 -0.22181251 1.00620379
v -0.22636856 -0.27678279 0.98698871
v -0.22448660 -0.28173508 0.99045553
v -0.23597587 -0.27361334 0.99303061
v -0.23557980 -0.27272193 0.99610100
v -0.22319900 -0.27886275 0.99719062
v -0.23191511 -0.27886275 0.98827640
v -0.23320261 -0.27717898 0.99085160
v -0.22399147 -0.27321715 0.99996389
v -0.22557619 -0.27579223 1.00016189
v -0.22884460 -0.27430665 1.00085521
v -0.22607133 -0.27093911 0.98788027
v -0.22537801 -0.26489733 0.99352592
v -0.22210960 -0.27153327 0.99095066
v -0.22646760 -0.26529350 1.00333123
v -0.22666560 -0.26806678 1.00313328
v -0.22527896 -0.26816583 1.00174665
v -0.23855116 -0.26905724 0.99322867
v -0.22517992 -0.26519446 1.00125140
v -0.22527896 -0.26816583 1.00174665
v -0.23310356 -0.26885914 0.98867271
v -0.23627312 -0.26876010 0.99025735
v -0.23458924 -0.26945341 1.00442085
v -0.24142348 -0.26450114 0.99530868
v -0.24152243 -0.26638301 0.99956764
v -0.23627312 -0.26648206 1.00610473
v -0.24003675 -0.26707632 1.00343047
v -0.23260843 -0.25746890 0.99431818
v -0.22834947 -0.25954887 0.99590294
v -0.23112275 -0.25964791 0.99293155
v -0.25756790 -0.23409416 1.01640534
v -0.25727067 -0.23607507 1.01135407
v -0.25637926 -0.23756075 1.01591015
v -0.24300811 -0.23072661 1.01927767
v -0.24033388 -0.23340084 1.01591015
v -0.25083271 -0.23587698 1.00095427
v -0.24112634 -0.24003689 1.01719772
v -0.24350345 -0.24092820 1.01799010
v -0.24924808 -0.23349989 1.02086243
v -0.25192231 -0.23736257 1.01888148
v -0.24805944 -0.23657029 1.01967398
v -0.25875635 -0.23042947 1.00887787
v -0.25608222 -0.23270753 1.00481716
v -0.25727067 -0.23468843 1.00828374
v -0.25330895 -0.23449035 1.01957480
v -0.24340440 -0.22527900 1.00808555
v -0.24578139 -0.23023129 1.00362859
v -0.25142708 -0.24954526 1.01145307
v -0.25112995 -0.25093191 1.00521323
v -0.24944607 -0.25271473 1.01026456
v -0.23657016 -0.26123264 0.99144597
v -0.23756070 -0.26539255 0.99114885
v -0.23924448 -0.26252023 0.99263454
v -0.25093175 -0.24835672 1.00164759
v -0.25112995 -0.24399872 1.00016189
v -0.24944607 -0.24637581 0.99927057
v -0.22854757 -0.25925173 1.00422278
v -0.22815127 -0.26202500 1.00481716
v -0.22735891 -0.26103455 1.00303422
v -0.23023124 -0.25935077 1.00659986
v -0.23062751 -0.26133169 1.00689710
v -0.22943887 -0.26034123 1.00600561
v -0.23746157 -0.24221590 1.01363208
v -0.23805583 -0.24538535 1.01452352
v -0.23657016 -0.24380062 1.01283970
v -0.23884820 -0.23914537 1.00451991
v -0.24201775 -0.24043308 1.00035996
v -0.24310715 -0.23904643 1.00135052
v -0.24706907 -0.24974335 1.01501871
v -0.24548435 -0.25241759 1.01333507
v -0.24300811 -0.24845576 1.01581109
v -0.24112634 -0.25083286 1.01432540
v -0.24726708 -0.24162153 0.99887432
v -0.24588043 -0.24389967 0.99778482
v -0.23795679 -0.24043308 1.00343047
v -0.23894735 -0.24370158 1.01531584
v -0.24023484 -0.24687103 1.01541502
v -0.23805583 -0.24538535 1.01452352
v -0.22953792 -0.26271832 1.00610473
v -0.23141988 -0.26370867 1.00689710
v -0.25350704 -0.24835672 1.00630273
v -0.23072656 -0.25598323 0.99798288
v -0.23359889 -0.25618132 0.99491255
v -0.24776240 -0.25558704 1.00362859
v -0.22933993 -0.25816222 1.00511417
v -0.22943887 -0.26034123 1.00600561
v -0.22815127 -0.26202500 1.00481716
v -0.25261563 -0.24607867 1.00263791
v -0.23835306 -0.24905004 1.01392933
v -0.23666920 -0.24736627 1.01323601
v -0.24241384 -0.23478747 1.01838635
v -0.25618127 -0.24043308 1.01026456
v -0.23983876 -0.23795694 1.00501510
v -0.24033388 -0.24181971 1.01650441
v -0.24162148 -0.24508821 1.01630634
v -0.24271107 -0.24290921 1.01719772
v -0.24152243 -0.23042947 1.00689711
v -0.23894735 -0.24370158 1.01531584
v -0.23795679 -0.26360973 1.00768948
v -0.23340079 -0.26152977 1.00838280
v -0.24330535 -0.26143074 0.99669531
v -0.24142348 -0.25954887 0.99392205
v -0.24330535 -0.26351068 1.00105327
v -0.24152243 -0.26430305 1.00491610
v -0.23855116 -0.25756795 0.99303061
v -0.23250928 -0.25895458 1.00848174
v -0.23102360 -0.25806317 1.00739224
v -0.23399506 -0.24657390 1.00055808
v -0.23399506 -0.25459658 0.99520962
v -0.22993420 -0.25677559 1.00590654
v -0.23161787 -0.26024218 1.00768948
v -0.23122180 -0.25459658 0.99828013
v -0.23023124 -0.25935077 1.00659986
v -0.23706548 -0.26519446 1.00689710
v -0.23231120 -0.26271832 1.00768948
v -0.24241384 -0.26281737 0.99590294
v -0.24033388 -0.26083636 0.99342680
v -0.24082911 -0.26588779 1.00422278
v -0.24251299 -0.26519446 1.00035996
v -0.23765975 -0.25895458 0.99263454
v -0.23468839 -0.26460019 0.98986128
v -0.22171332 -0.27707993 0.99005934
v -0.23468839 -0.24340435 1.00729318
v -0.23815488 -0.23726361 1.01056175
v -0.24231479 -0.22359533 1.01283970
v -0.22082202 -0.27638660 0.99392205
v -0.22389232 -0.28203220 0.99402117
v -0.22290186 -0.28114079 0.99332785
v -0.22191151 -0.27024579 0.99540768
v -0.24092816 -0.22706182 1.01244351
v -0.22973610 -0.25736986 0.99728957
v -0.22696284 -0.26014303 0.99867620
v -0.23597587 -0.24172066 1.00848174
v -0.22834947 -0.25806317 1.00045914
v -0.23954151 -0.23201411 1.01224545
v -0.23795679 -0.23904643 1.01026456
v -0.23211321 -0.24776244 1.00432191
v -0.22973610 -0.25489372 1.00204383
v -0.24766336 -0.23538174 1.00135052
v -0.24974330 -0.23072661 1.00283610
v -0.25093175 -0.22518005 1.00422279
v -0.25152604 -0.22201060 1.00442085
v -0.23508457 -0.25786509 0.99312967
v -0.23577788 -0.25657739 0.99352592
v -0.22963697 -0.28054651 0.98748408
v -0.24558339 -0.23944262 1.00026096
v -0.24657375 -0.23785789 1.00055808
v -0.23627312 -0.25519086 0.99372393
v -0.24053207 -0.24776244 0.99570487
v -0.23003325 -0.26955246 0.98788027
v -0.22854757 -0.26479828 0.99045553
v -0.24360248 -0.24300826 0.99837919
v -0.24479103 -0.24092819 0.99936952
v -0.22963697 -0.27549519 0.98659264
v -0.23003325 -0.28064557 0.98837534
v -0.23369783 -0.25974696 0.99184204
v -0.22825032 -0.28163602 0.98906866
v -0.22666560 -0.28242839 0.99194122
v -0.22894365 -0.28153698 0.98986127
v -0.23478744 -0.27262288 0.99600200
v -0.22498192 -0.28163602 0.99402117
v -0.22587323 -0.28232933 0.99114884
v -0.22389232 -0.28203220 0.99402117
v -0.23458924 -0.27440570 0.99312967
v -0.22626951 -0.27717898 0.99818101
v -0.22488288 -0.28024938 0.99610100
v -0.23141988 -0.28005129 0.98887071
v -0.23201416 -0.27727801 0.99104972
v -0.23003325 -0.28064557 0.98837534
v -0.23042943 -0.27985320 0.98956403
v -0.22864661 -0.27440570 1.00026095
v -0.22359519 -0.28153698 0.99520962
v -0.22478383 -0.28133889 0.99511056
v -0.23369783 -0.27202860 0.99907251
v -0.23151884 -0.27292001 1.00115245
v -0.22983515 -0.28074461 0.98936602
v -0.22815127 -0.28104176 0.99332785
v -0.22735891 -0.28133889 0.99253536
v -0.23003325 -0.27876369 0.99501149
v -0.23141988 -0.27668374 0.99639819
v -0.23389592 -0.27430665 0.99303061
v -0.22646760 -0.26529350 1.00333123
v -0.22428861 -0.26479828 0.99709150
v -0.23112275 -0.26460019 0.98966303
v -0.25400228 -0.23765980 0.98540408
v -0.25459655 -0.24003689 0.98203668
v -0.25231840 -0.23884835 0.98322513
v -0.26192591 -0.23518366 0.97272615
v -0.26242114 -0.22973615 0.97203283
v -0.26073727 -0.23112278 0.97054738
v -0.26152963 -0.23884835 0.98114512
v -0.26093536 -0.23815502 0.97490540
v -0.25895455 -0.24043308 0.97896617
v -0.27381138 -0.22329819 0.99580387
v -0.27410851 -0.22310011 0.98996022
v -0.27192952 -0.22478388 0.99431818
v -0.26152963 -0.22389247 0.99828013
v -0.26885910 -0.22260487 1.00006283
v -0.26648190 -0.22508101 0.99709150
v -0.27183047 -0.21923722 0.98609745
v -0.27054288 -0.21200699 0.98659265
v -0.26975051 -0.21586978 0.98391844
v -0.23835306 -0.24726722 0.96896256
v -0.24429581 -0.24498916 0.97203283
v -0.23993781 -0.24815863 0.96787306
v -0.25053567 -0.23973974 0.96331697
v -0.24558339 -0.24013593 0.95796851
v -0.24627671 -0.24281016 0.95935514
v -0.24449380 -0.24815863 0.96500079
v -0.25053567 -0.24290921 0.96609024
v -0.24627671 -0.24558344 0.96153421
v -0.24092816 -0.23439130 0.97728235
v -0.23795679 -0.23973974 0.97421208
v -0.23696643 -0.23686743 0.97262721
v -0.26549155 -0.23419320 0.97946136
v -0.26331255 -0.23657029 0.98362137
v -0.24934703 -0.22963711 0.98510695
v -0.24984235 -0.23359894 0.98570132
v -0.24875276 -0.23062756 0.98391844
v -0.25588404 -0.21844496 0.99659625
v -0.25350704 -0.21874210 0.99164398
v -0.25489367 -0.21497837 0.99421924
v -0.26400587 -0.21903923 0.97748048
v -0.26796760 -0.21973254 0.98065005
v -0.26509527 -0.21666214 0.97956042
v -0.24340440 -0.23686743 0.95747326
v -0.24984235 -0.23686743 0.96173222
v -0.24706907 -0.23320275 0.96123697
v -0.26668010 -0.21230413 0.98292806
v -0.26776961 -0.20913468 0.98471076
v -0.26014300 -0.22686383 0.97124069
v -0.25875635 -0.22785428 0.96985406
v -0.24221585 -0.23736257 0.97837197
v -0.23993781 -0.24191875 0.97441014
v -0.23795679 -0.23973974 0.97421208
v -0.25756790 -0.22151537 0.99788394
v -0.25439835 -0.22151537 0.99382299
v -0.25588404 -0.21844496 0.99659625
v -0.25291267 -0.22488293 0.99194122
v -0.25628032 -0.22468483 0.99511056
v -0.25528976 -0.22735906 0.99303061
v -0.25558700 -0.23587698 0.98708795
v -0.25687459 -0.23904643 0.98451270
v -0.26519432 -0.23141993 0.97619285
v -0.26410492 -0.23349989 0.97450909
v -0.24013580 -0.24588057 0.95380856
v -0.23795679 -0.24905004 0.95440293
v -0.23993781 -0.24875279 0.95608663
v -0.23627312 -0.25083286 0.95757232
v -0.23508457 -0.25083286 0.96202946
v -0.23815488 -0.25063476 0.95905802
v -0.22270387 -0.24637581 0.95757232
v -0.22240664 -0.25132808 0.95638364
v -0.21993060 -0.25023857 0.95420486
v -0.23102360 -0.25103095 0.96133615
v -0.23072656 -0.24875279 0.96341609
v -0.23300451 -0.25004049 0.96321791
v -0.22825032 -0.25221949 0.95836464
v -0.22636856 -0.25132808 0.95895895
v -0.22963697 -0.25182331 0.95985045
v -0.22250569 -0.25360614 0.95390762
v -0.22527896 -0.25311090 0.95578956
v -0.22310006 -0.25420040 0.95311524
v -0.23151884 -0.24657390 0.94628108
v -0.23300451 -0.24895099 0.94826203
v -0.23478744 -0.24736626 0.94875722
v -0.22161438 -0.25449755 0.95093635
v -0.22250569 -0.25360614 0.95390762
v -0.22310006 -0.25420040 0.95311524
v -0.23647121 -0.24815863 0.95103529
v -0.23577788 -0.24974335 0.95311524
v -0.23696643 -0.24954526 0.95380856
v -0.22547715 -0.25202139 0.94459733
v -0.22191151 -0.25231843 0.94558777
v -0.22310006 -0.25340804 0.94608302
v -0.23458924 -0.25103095 0.95628481
v -0.23270748 -0.25182331 0.95945426
v -0.23567885 -0.25122894 0.95697801
v -0.23439125 -0.24964430 0.95311524
v -0.23340079 -0.25063476 0.95559149
v -0.23141988 -0.25192236 0.95816658
v -0.24290916 -0.22924093 0.97153770
v -0.24201775 -0.23122183 0.96450548
v -0.24578139 -0.22805238 0.96797218
v -0.25816219 -0.23666924 0.98639464
v -0.25390323 -0.22300106 0.97549965
v -0.25023844 -0.22508101 0.97837198
v -0.25350704 -0.22418951 0.97450909
v -0.25687459 -0.20913468 0.98807834
v -0.25855836 -0.21388876 0.98233369
v -0.26133164 -0.20863945 0.98480994
v -0.22458565 -0.25073381 0.94370595
v -0.22032668 -0.24736626 0.94687540
v -0.23488647 -0.24885194 0.95044104
v -0.22062392 -0.25390326 0.95103529
v -0.22943887 -0.24954526 0.94479545
v -0.23181607 -0.24994145 0.94786584
v -0.22240664 -0.25132808 0.95638364
v -0.22527896 -0.25291280 0.95648288
v -0.22775520 -0.25202139 0.95727519
v -0.22666560 -0.24112639 0.94895535
v -0.22815127 -0.23904643 0.95628481
v -0.22290186 -0.24201780 0.95123342
v -0.22904279 -0.24706912 0.96321791
v -0.22844852 -0.25023857 0.96113796
v -0.22567524 -0.24885194 0.95994951
v -0.23795679 -0.24726722 0.95192673
v -0.22735891 -0.24439489 0.96212841
v -0.22567524 -0.24885194 0.95994951
v -0.23330174 -0.24350348 0.94855904
v -0.23666920 -0.24558344 0.95004497
v -0.23340079 -0.25142713 0.96034558
v -0.24152243 -0.24796053 0.95727519
v -0.24191871 -0.24498916 0.95529425
v -0.23934343 -0.25023857 0.96024652
v -0.23607492 -0.25023857 0.96331697
v -0.23439125 -0.23657029 0.95677994
v -0.23340079 -0.23657029 0.96133615
v -0.23171692 -0.23716456 0.95985045
v -0.26915624 -0.22805238 0.99144597
v -0.26935423 -0.22874569 0.98500801
v -0.26687820 -0.23102374 0.98887072
v -0.25439835 -0.22151537 0.99382299
v -0.25172412 -0.22250582 0.99005934
v -0.26113354 -0.22557624 0.97262721
v -0.26687820 -0.22201060 0.97896617
v -0.25083271 -0.23250943 0.98708795
v -0.25281372 -0.23429225 0.98748408
v -0.25935064 -0.22676478 0.99481331
v -0.26192591 -0.23052852 0.99154492
v -0.25845931 -0.22914188 0.99283261
v -0.26925518 -0.22537815 0.98144231
v -0.27034479 -0.22270392 0.98372032
v -0.26430291 -0.22795333 0.99382299
v -0.25499263 -0.21448313 0.98520601
v -0.25707268 -0.21686023 0.97985743
v -0.25499263 -0.24201780 0.97540053
v -0.25420036 -0.24112639 0.96975488
v -0.25231840 -0.24310731 0.97292439
v -0.23924448 -0.23924452 0.95410568
v -0.23944247 -0.24350348 0.95252099
v -0.24142348 -0.24241398 0.95430381
v -0.25469559 -0.23756075 0.96717974
v -0.25786504 -0.23290560 0.96856637
v -0.25420036 -0.23458938 0.96569417
v -0.23141988 -0.24231494 0.96628824
v -0.23141988 -0.24617771 0.96569417
v -0.22993420 -0.24310731 0.96490155
v -0.23518351 -0.24617771 0.96826925
v -0.23260843 -0.24528630 0.96698173
v -0.23369783 -0.24439489 0.96826925
v -0.24736611 -0.23171707 0.98292806
v -0.24607863 -0.23637220 0.98203668
v -0.24498913 -0.23270752 0.98124406
v -0.24885181 -0.22577434 0.97718341
v -0.24984235 -0.22557624 0.97173583
v -0.25202136 -0.22468483 0.97361771
v -0.25162508 -0.24122544 0.97847092
v -0.24845572 -0.24251302 0.97609384
v -0.24914904 -0.24003689 0.98015468
v -0.24588043 -0.24112639 0.97738141
v -0.25608222 -0.22933996 0.96787306
v -0.25112995 -0.23072661 0.96480261
v -0.24865371 -0.23478747 0.98431469
v -0.24756431 -0.23825407 0.98154143
v -0.24607863 -0.23637220 0.98203668
v -0.23260843 -0.24776244 0.96539692
v -0.23419316 -0.24934716 0.96450548
v -0.25717173 -0.23964071 0.97223102
v -0.23468839 -0.23647124 0.96242553
v -0.23597587 -0.23597602 0.95826564
v -0.23726347 -0.23577793 0.95935514
v -0.24172052 -0.24360253 0.97351876
v -0.24875276 -0.24518717 0.96935881
v -0.23300451 -0.24172066 0.96757593
v -0.23260843 -0.24528630 0.96698173
v -0.23141988 -0.24617771 0.96569417
v -0.23369783 -0.24706912 0.96668449
v -0.25796399 -0.23637220 0.96995300
v -0.24360248 -0.23944262 0.97817379
v -0.24221585 -0.23736257 0.97837197
v -0.25291267 -0.22488293 0.99194122
v -0.25152604 -0.23577793 0.98589933
v -0.24984235 -0.23359894 0.98570132
v -0.26380769 -0.22825047 0.97371683
v -0.25073376 -0.22389247 0.97916412
v -0.23825403 -0.24905004 0.96628824
v -0.23666920 -0.24796053 0.96737781
v -0.24479103 -0.24370157 0.95777027
v -0.24419676 -0.24112639 0.95668088
v -0.24290916 -0.24924813 0.96311885
v -0.24489008 -0.24657390 0.95975133
v -0.24201775 -0.23775884 0.95648288
v -0.23488647 -0.24370157 0.96945775
v -0.23607492 -0.23627315 0.96331697
v -0.23845211 -0.23538174 0.96024652
v -0.23419316 -0.24112639 0.96886350
v -0.23488647 -0.24370157 0.96945775
v -0.23567885 -0.24885194 0.96589223
v -0.23676825 -0.24974335 0.96460454
v -0.24330535 -0.24439489 0.95638364
v -0.24271107 -0.24181971 0.95549237
v -0.24281012 -0.24726722 0.95816658
v -0.24082911 -0.24984240 0.96143509
v -0.24073007 -0.23835311 0.95529425
v -0.23686739 -0.24082925 0.95212492
v -0.22399147 -0.24607866 0.94439926
v -0.23746157 -0.23439130 0.97025013
v -0.23934343 -0.23221229 0.96747687
v -0.24895094 -0.22735906 0.98282894
v -0.25519071 -0.21161082 0.99184205
v -0.21874205 -0.24914908 0.95113435
v -0.22181237 -0.25420040 0.94875722
v -0.22062392 -0.25350709 0.94915341
v -0.22161438 -0.24429584 0.95479900
v -0.25330895 -0.21695928 0.98936603
v -0.25320990 -0.21755355 0.98362138
v -0.22993420 -0.23964071 0.96292084
v -0.24538530 -0.22933996 0.97936230
v -0.24697004 -0.22656670 0.97589572
v -0.23161787 -0.23904643 0.96450548
v -0.24112634 -0.23161802 0.97500434
v -0.25152604 -0.22032683 0.98768203
v -0.24885181 -0.22834952 0.98183844
v -0.23310356 -0.23874930 0.96549592
v -0.26113354 -0.21735545 0.97738141
v -0.25806304 -0.22369437 0.97332052
v -0.26420386 -0.21032313 0.98372032
v -0.26222295 -0.21497837 0.97985743
v -0.23865010 -0.23686743 0.95618569
v -0.24013580 -0.23637220 0.95737432
v -0.22735891 -0.24984240 0.94380507
v -0.25548796 -0.22577434 0.97084439
v -0.25687459 -0.22498196 0.97203283
v -0.24142348 -0.23557975 0.95836464
v -0.24469198 -0.23122183 0.96163316
v -0.22943887 -0.24201780 0.94786584
v -0.23132084 -0.23845216 0.95361049
v -0.24885181 -0.22834952 0.96529786
v -0.25320990 -0.22686383 0.96866549
v -0.22745796 -0.24647485 0.94420126
v -0.22696284 -0.25142713 0.94459733
v -0.23716453 -0.23756075 0.95479900
v -0.22537801 -0.25221949 0.94529064
v -0.22310006 -0.25340804 0.94608302
v -0.22399147 -0.25360613 0.94667727
v -0.23399506 -0.24934716 0.95311524
v -0.22280292 -0.25390326 0.94846021
v -0.22181237 -0.25420040 0.94875722
v -0.23399506 -0.24924813 0.95083723
v -0.22547715 -0.25281376 0.95450187
v -0.22310006 -0.25390326 0.95182767
v -0.22884460 -0.25083286 0.94538970
v -0.23072656 -0.25033762 0.94816297
v -0.22696284 -0.25142713 0.94459733
v -0.22825032 -0.25122894 0.94568695
v -0.22785424 -0.25192236 0.95668088
v -0.22161438 -0.25449755 0.95093635
v -0.22250569 -0.25429945 0.95044104
v -0.23270748 -0.25043667 0.95529425
v -0.23052847 -0.25132808 0.95727519
v -0.22656665 -0.25172427 0.94519170
v -0.22587323 -0.25320995 0.94865828
v -0.22478383 -0.25350709 0.94746965
v -0.22834947 -0.25212044 0.95113435
v -0.23052847 -0.25132808 0.95321430
v -0.23330174 -0.24944612 0.95073828
v -0.22904279 -0.24706912 0.96321791
v -0.22666560 -0.24142353 0.95985045
v -0.23439125 -0.23924452 0.95222386
v -0.26816578 -0.22121824 0.96906157
v -0.27252378 -0.22111919 0.96846743
v -0.27163229 -0.22210965 0.96658555
v -0.27638646 -0.21527551 0.95866183
v -0.27658456 -0.21180891 0.95945426
v -0.27539611 -0.21250223 0.95757232
v -0.27499983 -0.22072300 0.96301979
v -0.27747607 -0.21695928 0.96222753
v -0.27608943 -0.21804877 0.96014758
v -0.28549875 -0.21121463 0.98055075
v -0.28589494 -0.20972895 0.97549965
v -0.28351775 -0.21230413 0.97797567
v -0.27480184 -0.21270032 0.98164037
v -0.28054637 -0.21220509 0.98381938
v -0.27896175 -0.21319554 0.98025374
v -0.28569674 -0.20556904 0.97302351
v -0.28252739 -0.19665494 0.97381577
v -0.28272549 -0.20091389 0.97104251
v -0.26014300 -0.22399152 0.95836464
v -0.25667640 -0.22607146 0.95093635
v -0.25459655 -0.22577434 0.95242193
v -0.26152963 -0.21973254 0.94459733
v -0.26588763 -0.21577073 0.94925236
v -0.26093536 -0.21775164 0.94380507
v -0.26053928 -0.22488292 0.94746965
v -0.26668010 -0.22042587 0.95083723
v -0.26162868 -0.22181250 0.94568695
v -0.26063832 -0.21567158 0.96609024
v -0.25568595 -0.22042587 0.96004846
v -0.25479464 -0.21765260 0.95965227
v -0.27856547 -0.21577073 0.96450548
v -0.27628752 -0.21973254 0.96519892
v -0.27717883 -0.21854401 0.96737781
v -0.26450100 -0.21309650 0.97143876
v -0.26489718 -0.21705833 0.97084439
v -0.26380769 -0.21408695 0.96995301
v -0.26826483 -0.20873849 0.98045181
v -0.26707629 -0.20784698 0.97757948
v -0.26786855 -0.20636140 0.97946136
v -0.27807034 -0.20378622 0.96559487
v -0.28173503 -0.20428134 0.96856637
v -0.27876355 -0.20190435 0.96737781
v -0.26390682 -0.21230413 0.94895535
v -0.25905360 -0.21478027 0.94340882
v -0.27945688 -0.19873490 0.97044826
v -0.27906080 -0.19507021 0.97143876
v -0.27450470 -0.20844135 0.95876095
v -0.27331615 -0.20883754 0.95737432
v -0.26133164 -0.21844496 0.96668449
v -0.25776600 -0.22290201 0.95945426
v -0.25568595 -0.22042587 0.96004846
v -0.27074087 -0.21101654 0.98154143
v -0.26856187 -0.21081846 0.97876805
v -0.26826483 -0.20873849 0.98045181
v -0.26806664 -0.21260128 0.97728235
v -0.27083991 -0.21309650 0.97995667
v -0.27034479 -0.21517646 0.97767866
v -0.27341511 -0.21963351 0.97025013
v -0.26935423 -0.22052492 0.97015107
v -0.27054288 -0.21933637 0.97183489
v -0.27777311 -0.21071941 0.96193028
v -0.27747607 -0.21438410 0.96054365
v -0.27846643 -0.21309650 0.96311885
v -0.25410131 -0.22220869 0.93697085
v -0.25241745 -0.22518005 0.93677273
v -0.25439835 -0.22428864 0.93835748
v -0.25182327 -0.22735906 0.93954599
v -0.25093175 -0.22785428 0.94390401
v -0.25360598 -0.22696287 0.94083368
v -0.23795679 -0.22349617 0.94103169
v -0.23657016 -0.22785428 0.93825842
v -0.23478744 -0.22587337 0.93607941
v -0.24588043 -0.22854760 0.94321070
v -0.24538530 -0.22656670 0.94677634
v -0.24805944 -0.22775515 0.94578589
v -0.24251299 -0.22983520 0.93875373
v -0.23964066 -0.22874569 0.93954599
v -0.24380047 -0.22943901 0.94043743
v -0.23548075 -0.23003329 0.93419753
v -0.23865010 -0.23092470 0.93528715
v -0.23607492 -0.23062756 0.93261283
v -0.24459285 -0.22121824 0.92884919
v -0.24518712 -0.22409055 0.92875007
v -0.24726708 -0.22240668 0.93053289
v -0.23419316 -0.22864665 0.93221664
v -0.23607492 -0.23062756 0.93261283
v -0.23508457 -0.22983520 0.93063189
v -0.24904999 -0.22369437 0.93251377
v -0.24954512 -0.22527900 0.93479184
v -0.25073376 -0.22518005 0.93538610
v -0.23765975 -0.22547719 0.92627393
v -0.23637216 -0.22815142 0.92756150
v -0.23805583 -0.22735906 0.92597680
v -0.24904999 -0.22755714 0.93746604
v -0.24726708 -0.22884474 0.94033837
v -0.25033759 -0.22755714 0.93835748
v -0.24796040 -0.22726001 0.93697085
v -0.24617766 -0.22884474 0.93934793
v -0.26222295 -0.22428864 0.95658182
v -0.26311436 -0.20804518 0.96232647
v -0.26004395 -0.20962980 0.95202586
v -0.26668010 -0.20675749 0.95905802
v -0.26559051 -0.20546999 0.96579311
v -0.26915624 -0.20507380 0.96202946
v -0.26925518 -0.20418239 0.96272278
v -0.26915624 -0.19913107 0.97470721
v -0.27232560 -0.19903203 0.96975488
v -0.27381138 -0.19744730 0.97143876
v -0.23825403 -0.22062386 0.92924538
v -0.23557980 -0.22617051 0.92835388
v -0.24776240 -0.22438769 0.93152333
v -0.24855466 -0.22557624 0.93449472
v -0.23548075 -0.23003329 0.93419753
v -0.24231479 -0.22428864 0.92637293
v -0.24459285 -0.22547719 0.92795781
v -0.23657016 -0.22785428 0.93825842
v -0.23874915 -0.23052851 0.93647572
v -0.24191871 -0.22963710 0.93766417
v -0.24142348 -0.21755355 0.93340521
v -0.24380047 -0.21606787 0.94132881
v -0.23874915 -0.21844496 0.93627754
v -0.24310715 -0.22448674 0.94677634
v -0.24261204 -0.22785428 0.94301263
v -0.23964066 -0.22577433 0.94241844
v -0.25172412 -0.22319914 0.93479184
v -0.24201775 -0.22210965 0.94608302
v -0.23964066 -0.22577433 0.94241844
v -0.24746516 -0.21963351 0.93182046
v -0.25013939 -0.22151536 0.93290984
v -0.24904999 -0.22844855 0.94202213
v -0.25628032 -0.22121824 0.93885268
v -0.25618127 -0.22399151 0.93994230
v -0.25509168 -0.22676478 0.94212107
v -0.25231840 -0.22765619 0.94548877
v -0.25271468 -0.21388876 0.94370595
v -0.24855466 -0.21478027 0.94509258
v -0.25142708 -0.21408695 0.94222037
v -0.28401307 -0.21081846 0.97302351
v -0.28034838 -0.21478027 0.97332052
v -0.28163598 -0.21339364 0.97599478
v -0.26856187 -0.21081846 0.97876805
v -0.26638296 -0.20923371 0.97589572
v -0.27559420 -0.20745091 0.96084090
v -0.28044743 -0.20685662 0.96648643
v -0.26598678 -0.21636491 0.97252820
v -0.26826483 -0.21874210 0.97252820
v -0.27777311 -0.21428505 0.97847092
v -0.27341511 -0.21586978 0.97728235
v -0.27420756 -0.21428505 0.97985743
v -0.28143778 -0.20903563 0.96757593
v -0.28351775 -0.20705472 0.97044826
v -0.27628752 -0.21577073 0.97579678
v -0.26776961 -0.20150816 0.97124069
v -0.27143429 -0.20061675 0.96777411
v -0.27133514 -0.22161441 0.95915714
v -0.27420756 -0.21854401 0.95846364
v -0.27232560 -0.21894018 0.95668088
v -0.25410131 -0.21616692 0.93934793
v -0.25320990 -0.22002968 0.93627754
v -0.25568595 -0.21903923 0.93865461
v -0.27222655 -0.21636491 0.95539331
v -0.27371223 -0.21319554 0.95598757
v -0.27183047 -0.21349269 0.95460094
v -0.24687099 -0.22062386 0.95063905
v -0.24568244 -0.22369437 0.94954972
v -0.24518712 -0.22102014 0.94915341
v -0.24875276 -0.22310010 0.95252099
v -0.24895094 -0.22567529 0.95014391
v -0.24716803 -0.22329818 0.95103529
v -0.26331255 -0.21458209 0.96886350
v -0.26281723 -0.21824686 0.96826925
v -0.26202495 -0.21527551 0.96747687
v -0.26866091 -0.20576712 0.96103890
v -0.26400587 -0.20774804 0.96301979
v -0.26786855 -0.20655950 0.95985045
v -0.26658095 -0.21814773 0.94984673
v -0.26836387 -0.22280296 0.96252460
v -0.27321710 -0.22111919 0.96103890
v -0.26529347 -0.22220869 0.96519892
v -0.27024574 -0.22250582 0.96440642
v -0.27183047 -0.20933276 0.95598757
v -0.27064183 -0.20982800 0.95479900
v -0.26410492 -0.21745440 0.96985406
v -0.26469919 -0.22062387 0.96807112
v -0.26281723 -0.21824686 0.96826925
v -0.24746516 -0.22607146 0.94885628
v -0.24994140 -0.22735906 0.94746965
v -0.25380408 -0.21329459 0.94519170
v -0.25043664 -0.21468122 0.94677634
v -0.26568964 -0.22349618 0.95331337
v -0.24835667 -0.22022778 0.95222386
v -0.24716803 -0.22329818 0.95103529
v -0.24568244 -0.22369437 0.94954972
v -0.27430652 -0.21596882 0.95687901
v -0.26311436 -0.22102014 0.96628824
v -0.26133164 -0.21844496 0.96668449
v -0.26806664 -0.21260128 0.97728235
v -0.28203216 -0.21240318 0.97015107
v -0.26489718 -0.20735186 0.96440642
v -0.26489718 -0.21705833 0.97084439
v -0.26598678 -0.22012873 0.96965588
v -0.26697724 -0.21953446 0.97084439
v -0.26410492 -0.21745440 0.96985406
v -0.26687820 -0.22181251 0.96747687
v -0.25489367 -0.22676478 0.94895535
v -0.25271468 -0.22636860 0.95054004
v -0.25964787 -0.22042587 0.94241844
v -0.25905360 -0.21834591 0.94192313
v -0.25944968 -0.22260487 0.94321070
v -0.25836028 -0.22567529 0.94558777
v -0.25707268 -0.21527551 0.94192313
v -0.25251658 -0.22478388 0.95351155
v -0.25053567 -0.22270392 0.95450187
v -0.25241745 -0.21309650 0.94945060
v -0.25509168 -0.21220509 0.94647921
v -0.25053567 -0.22270392 0.95450187
v -0.24964427 -0.21993055 0.95420486
v -0.25053567 -0.22537815 0.95153054
v -0.25132805 -0.21418600 0.94786584
v -0.24875276 -0.22310010 0.95252099
v -0.25122900 -0.22696287 0.94905441
v -0.25350704 -0.22745811 0.94707358
v -0.25786504 -0.22082205 0.94033837
v -0.25727067 -0.21874210 0.94023931
v -0.25667640 -0.22626956 0.94360700
v -0.25786504 -0.22369437 0.94142776
v -0.25548796 -0.21557263 0.94073444
v -0.25142708 -0.21745440 0.93627754
v -0.23577788 -0.22201060 0.93152333
v -0.26103450 -0.21190795 0.96490155
v -0.25687459 -0.21071941 0.95539331
v -0.26410492 -0.20933276 0.96945775
v -0.26509527 -0.20665853 0.96500079
v -0.26697724 -0.20309290 0.97777760
v -0.26846292 -0.20031963 0.97312246
v -0.23449019 -0.22409055 0.93419753
v -0.23518351 -0.22914188 0.92944338
v -0.23419316 -0.22765619 0.93063189
v -0.23765975 -0.22072300 0.93914980
v -0.26668010 -0.20418239 0.97599478
v -0.24815848 -0.21735545 0.94945060
v -0.24627671 -0.21755355 0.94786584
v -0.26222295 -0.21161082 0.96599118
v -0.24924808 -0.21695928 0.95063905
v -0.26608583 -0.20537095 0.97411284
v -0.26360959 -0.21052131 0.96826925
v -0.25053567 -0.21567158 0.95232298
v -0.27490089 -0.20180520 0.96589223
v -0.27282093 -0.20517285 0.96123697
v -0.27559420 -0.19982439 0.96807112
v -0.27678274 -0.19794252 0.97044826
v -0.25548796 -0.21398791 0.94311175
v -0.25400228 -0.21438410 0.94212107
v -0.23983876 -0.22488292 0.92558061
v -0.27212761 -0.20616331 0.95955321
v -0.27123620 -0.20646045 0.95885989
v -0.26242114 -0.21062036 0.94994567
v -0.25766695 -0.21319554 0.94430032
v -0.24370144 -0.21794972 0.93211770
v -0.24647470 -0.21517646 0.93845649
v -0.26915624 -0.20754994 0.95658182
v -0.27014659 -0.20695567 0.95786957
v -0.24043303 -0.22042587 0.92845294
v -0.23954151 -0.22686382 0.92548155
v -0.25271468 -0.21478027 0.94053649
v -0.23855116 -0.22755714 0.92706625
v -0.23637216 -0.22815142 0.92756150
v -0.23736252 -0.22844855 0.92815587
v -0.24697004 -0.22656670 0.93697085
v -0.23637216 -0.22924093 0.92974051
v -0.23518351 -0.22914188 0.92944338
v -0.24726708 -0.22518005 0.93102808
v -0.24786135 -0.22547719 0.93429647
v -0.23726347 -0.23033042 0.93271190
v -0.23904640 -0.23023128 0.93479184
v -0.24211680 -0.22597233 0.92647188
v -0.24409772 -0.22607146 0.92855206
v -0.23954151 -0.22686382 0.92548155
v -0.24172052 -0.22686382 0.92706625
v -0.23666920 -0.22973615 0.93092913
v -0.24518712 -0.22854760 0.93865461
v -0.23973971 -0.22745811 0.92676924
v -0.24003675 -0.22924093 0.92974051
v -0.23855116 -0.22904283 0.92884919
v -0.24162148 -0.22894379 0.93122620
v -0.24399867 -0.22795333 0.93370240
v -0.24657375 -0.22557624 0.93132520
v -0.24221585 -0.22953795 0.93706986
v -0.24310715 -0.22448674 0.94677634
v -0.24221585 -0.21854401 0.94410214
v -0.24845572 -0.21577073 0.93697085
v -0.28064552 -0.20190435 0.95885989
v -0.28173503 -0.20150816 0.95479900
v -0.27896175 -0.20210245 0.95707695
v -0.28341880 -0.19596162 0.95014391
v -0.28312166 -0.19180170 0.95093635
v -0.28153683 -0.19239598 0.94964866
v -0.28371584 -0.20022058 0.95291718
v -0.28619208 -0.19734825 0.95281823
v -0.28431011 -0.19804157 0.95123342
v -0.29342241 -0.19437690 0.96599118
v -0.29570045 -0.19051411 0.96688262
v -0.29332347 -0.19229693 0.96351504
v -0.28876726 -0.19705111 0.97025013
v -0.29401678 -0.19467392 0.97133964
v -0.29223384 -0.19586257 0.96826925
v -0.29203575 -0.18972175 0.96113797
v -0.29035199 -0.18467043 0.96153421
v -0.28906430 -0.18665133 0.95935514
v -0.27202846 -0.20210245 0.95133254
v -0.27123620 -0.20259767 0.94697440
v -0.26945328 -0.20259767 0.94905441
v -0.27381138 -0.19695208 0.94281445
v -0.27579219 -0.19358452 0.94519170
v -0.27321710 -0.19407975 0.94271545
v -0.27321710 -0.20150816 0.94509258
v -0.27678274 -0.19883393 0.94578590
v -0.27391043 -0.19923012 0.94350776
v -0.27004754 -0.19566448 0.95658182
v -0.26875996 -0.19942821 0.95470000
v -0.26776961 -0.19606067 0.95460094
v -0.28718243 -0.19655589 0.95430381
v -0.28569674 -0.19962629 0.95470000
v -0.28678635 -0.19883393 0.95648288
v -0.27539611 -0.19368356 0.96133615
v -0.27539611 -0.19823956 0.96103890
v -0.27410851 -0.19447593 0.96024653
v -0.27965507 -0.19190074 0.96866550
v -0.27975411 -0.19507021 0.96846743
v -0.27836748 -0.19140552 0.96708080
v -0.28648912 -0.18902843 0.95598757
v -0.28470639 -0.18566089 0.95747326
v -0.28391402 -0.18665133 0.95598757
v -0.27450470 -0.19130647 0.94578590
v -0.27202846 -0.19199979 0.94330976
v -0.28648912 -0.18308569 0.96074178
v -0.28569674 -0.18457138 0.95895896
v -0.28094267 -0.18942461 0.95133254
v -0.27975411 -0.19001889 0.95004497
v -0.27074087 -0.19883393 0.95658182
v -0.27014659 -0.20111199 0.95351155
v -0.26875996 -0.19942821 0.95470000
v -0.28044743 -0.19516926 0.96925969
v -0.28232919 -0.19685303 0.96826925
v -0.27975411 -0.19507021 0.96846743
v -0.28094267 -0.19754635 0.96628824
v -0.28213111 -0.20101294 0.96054365
v -0.28371584 -0.20101294 0.95658182
v -0.28450831 -0.19110829 0.95232298
v -0.28549875 -0.19536725 0.95153055
v -0.28678635 -0.19457497 0.95311524
v -0.26598678 -0.19566448 0.93796130
v -0.26331255 -0.19744730 0.93766417
v -0.26598678 -0.19814061 0.93855567
v -0.26291628 -0.19992344 0.93934793
v -0.26370864 -0.20200340 0.94251738
v -0.26519432 -0.20061675 0.94033837
v -0.25429930 -0.19596162 0.94509258
v -0.25360598 -0.19903203 0.94311175
v -0.25162508 -0.19744730 0.94222037
v -0.25994501 -0.20140911 0.94390401
v -0.26063832 -0.20081485 0.94657833
v -0.26232199 -0.20230053 0.94489446
v -0.25677554 -0.20061675 0.94162600
v -0.25568595 -0.20002238 0.94340882
v -0.25806304 -0.20091389 0.94251738
v -0.25231840 -0.19962629 0.94073444
v -0.25420036 -0.20041867 0.94043743
v -0.25231840 -0.19992344 0.93984318
v -0.25697363 -0.19259407 0.93489085
v -0.25727067 -0.19447593 0.93469278
v -0.25875635 -0.19358452 0.93528715
v -0.25103090 -0.19843776 0.93954599
v -0.25112995 -0.19903203 0.93855567
v -0.26053928 -0.19507021 0.93627754
v -0.25994501 -0.19685303 0.93706986
v -0.26133164 -0.19695208 0.93736710
v -0.25271468 -0.19566448 0.93380140
v -0.25073376 -0.19615970 0.93558422
v -0.25122900 -0.19705111 0.93518803
v -0.26093536 -0.19903203 0.93905080
v -0.25855836 -0.20012153 0.94053650
v -0.25984596 -0.20071571 0.94103169
v -0.25984596 -0.19863585 0.93875373
v -0.25925168 -0.19863585 0.93855567
v -0.29570045 -0.19299025 0.96896256
v -0.27410851 -0.20210245 0.94895535
v -0.27351424 -0.18962270 0.95182767
v -0.26935423 -0.19071221 0.95153055
v -0.27123620 -0.18982080 0.94935160
v -0.28480543 -0.20012153 0.95846365
v -0.27707978 -0.18793893 0.95638364
v -0.27490089 -0.18982080 0.95707696
v -0.27628752 -0.18853320 0.95529425
v -0.28024934 -0.18486851 0.96222753
v -0.27846643 -0.18724561 0.96331698
v -0.27955602 -0.18546279 0.96123697
v -0.25241745 -0.19467392 0.93409853
v -0.25053567 -0.19308929 0.93806042
v -0.25073376 -0.19615970 0.93558422
v -0.25905360 -0.19536725 0.93578241
v -0.25964787 -0.19685303 0.93687179
v -0.25231840 -0.19962629 0.94073444
v -0.25103090 -0.19843776 0.93954599
v -0.25558700 -0.19398070 0.93399947
v -0.25687459 -0.19526829 0.93439577
v -0.25360598 -0.19903203 0.94311175
v -0.25429930 -0.20022058 0.94152700
v -0.25628032 -0.20041867 0.94093263
v -0.25548796 -0.18962270 0.93944705
v -0.25974691 -0.19091029 0.94558777
v -0.25390323 -0.19081125 0.94212107
v -0.25944968 -0.19903203 0.94766778
v -0.25816219 -0.20031962 0.94499364
v -0.25618127 -0.19903203 0.94529064
v -0.26301531 -0.19477307 0.93647572
v -0.25845931 -0.19586257 0.94806391
v -0.25618127 -0.19903203 0.94529064
v -0.25994501 -0.19170266 0.93637666
v -0.26172783 -0.19328739 0.93607941
v -0.26152963 -0.20180520 0.94182406
v -0.26925518 -0.19685303 0.93964506
v -0.26885910 -0.19883393 0.94004124
v -0.26648190 -0.20230053 0.94390401
v -0.26806664 -0.20121104 0.94182406
v -0.26539250 -0.19001889 0.94509258
v -0.26489718 -0.19170266 0.94796496
v -0.26360959 -0.19130647 0.94756872
v -0.29124349 -0.19348548 0.96064283
v -0.28916354 -0.19675398 0.96044465
v -0.29094627 -0.19556543 0.96301979
v -0.27856547 -0.19556543 0.96638748
v -0.27707978 -0.19180170 0.96480261
v -0.28193311 -0.18853320 0.95262005
v -0.27678274 -0.19764539 0.96262360
v -0.27886270 -0.20012153 0.96242553
v -0.28658815 -0.19774444 0.96698174
v -0.28747966 -0.19804157 0.96242553
v -0.28500343 -0.19873490 0.96450548
v -0.28757871 -0.18793893 0.95757232
v -0.28866820 -0.19180170 0.95687901
v -0.29005486 -0.19100933 0.95876095
v -0.28946058 -0.19695208 0.96519892
v -0.27777311 -0.18764179 0.96153421
v -0.27896175 -0.18625515 0.95955321
v -0.27896175 -0.20101294 0.94945060
v -0.28203216 -0.19853680 0.94964866
v -0.27945688 -0.19843776 0.94766778
v -0.26806664 -0.19190074 0.94063562
v -0.26559051 -0.19338644 0.93815936
v -0.26866091 -0.19378261 0.93974412
v -0.27906080 -0.19606067 0.94717253
v -0.27995221 -0.19289111 0.94855904
v -0.27816939 -0.19299025 0.94707358
v -0.26341160 -0.19695208 0.95054004
v -0.26232199 -0.19952726 0.94945060
v -0.26192591 -0.19655589 0.95004497
v -0.26519432 -0.19992344 0.95093635
v -0.26489718 -0.20150816 0.94905441
v -0.26390682 -0.19982439 0.95004497
v -0.27291987 -0.19507021 0.95915714
v -0.27252378 -0.19873490 0.95826564
v -0.27173142 -0.19536725 0.95806763
v -0.27529706 -0.18892939 0.95410569
v -0.27291987 -0.19041496 0.95479900
v -0.27440555 -0.18922651 0.95301630
v -0.27678274 -0.19655589 0.94529064
v -0.27965507 -0.20180520 0.95311524
v -0.27707978 -0.20190435 0.95123342
v -0.27688179 -0.20190435 0.95519519
v -0.27470279 -0.20190435 0.95351155
v -0.27846643 -0.19031602 0.94915341
v -0.27668369 -0.19071221 0.94796496
v -0.27163229 -0.19041496 0.95361049
v -0.27391043 -0.19853680 0.95955321
v -0.27420756 -0.20091389 0.95737432
v -0.27252378 -0.19873490 0.95826564
v -0.26341160 -0.20111199 0.94816297
v -0.26479823 -0.20249852 0.94588502
v -0.28143778 -0.20081485 0.95123342
v -0.26608583 -0.19190074 0.94826203
v -0.26628391 -0.19041496 0.94529064
v -0.26757151 -0.19061316 0.94598396
v -0.27599038 -0.20121104 0.94717253
v -0.26469919 -0.19685303 0.95113436
v -0.26390682 -0.19982439 0.95004497
v -0.26232199 -0.19952726 0.94945060
v -0.28153683 -0.19586257 0.94885629
v -0.27252378 -0.20091389 0.95549238
v -0.27074087 -0.19883393 0.95658182
v -0.27678274 -0.19764539 0.96262360
v -0.28946058 -0.19427785 0.95836464
v -0.27381138 -0.19011792 0.95588851
v -0.27539611 -0.19823956 0.96103890
v -0.27579219 -0.20081485 0.95895896
v -0.27727787 -0.20061675 0.96074178
v -0.27579219 -0.18922651 0.95816658
v -0.27391043 -0.19853680 0.95955321
v -0.26994851 -0.20259767 0.94598396
v -0.26806664 -0.20269671 0.94806391
v -0.27232560 -0.19695208 0.94152700
v -0.27192952 -0.19407975 0.94172512
v -0.27183047 -0.20160721 0.94410214
v -0.27262283 -0.19932917 0.94241844
v -0.27093895 -0.19199979 0.94251738
v -0.26638296 -0.19972534 0.95232298
v -0.26697724 -0.19180170 0.94905441
v -0.26846292 -0.19061316 0.94687540
v -0.26638296 -0.19972534 0.95232298
v -0.26578859 -0.19655589 0.95212492
v -0.26737331 -0.20140912 0.95123342
v -0.26846292 -0.20269671 0.94499364
v -0.26658095 -0.20269671 0.94697440
v -0.27103810 -0.19724920 0.94063562
v -0.27044384 -0.19407975 0.94063562
v -0.27034479 -0.20160721 0.94291369
v -0.27123620 -0.19923012 0.94132881
v -0.26945328 -0.19190074 0.94162600
v -0.26460014 -0.19160362 0.93914980
v -0.25231840 -0.19170266 0.93578241
v -0.27044384 -0.19219778 0.95529425
v -0.27420756 -0.19150457 0.95856288
v -0.27906080 -0.18694847 0.96460454
v -0.27816939 -0.18922651 0.96519892
v -0.25004045 -0.19507021 0.94073444
v -0.25083271 -0.19833871 0.93716904
v -0.25023844 -0.19744730 0.93776317
v -0.25330895 -0.19308930 0.94420126
v -0.27717883 -0.18962270 0.96311885
v -0.26370864 -0.19407975 0.94974773
v -0.26222295 -0.19398071 0.94925236
v -0.27192952 -0.19229693 0.95658182
v -0.26519432 -0.19407975 0.95014391
v -0.27519791 -0.19110829 0.95985045
v -0.27301892 -0.19199979 0.95757232
v -0.26608583 -0.19378261 0.95073829
v -0.28074447 -0.18506650 0.95747326
v -0.27915974 -0.18744369 0.95420487
v -0.28173503 -0.18457138 0.95885989
v -0.28262644 -0.18377902 0.96004846
v -0.26826483 -0.19061316 0.94311175
v -0.26945328 -0.19071221 0.94400307
v -0.25410131 -0.19398070 0.93390040
v -0.27846643 -0.18813702 0.95291718
v -0.27747607 -0.18863214 0.95182767
v -0.27272178 -0.18991984 0.94727165
v -0.27054288 -0.19061316 0.94489446
v -0.25806304 -0.19100933 0.93746605
v -0.26133164 -0.18952365 0.94301263
v -0.27499983 -0.18952365 0.94964866
v -0.27648551 -0.18922651 0.95073829
v -0.25519071 -0.19219778 0.93508909
v -0.25410131 -0.19497116 0.93370240
v -0.25241745 -0.19467392 0.93409853
v -0.26697724 -0.19051411 0.94222037
v -0.25320990 -0.19635779 0.93399947
v -0.25212041 -0.19774444 0.93508909
v -0.25875635 -0.19833871 0.93835749
v -0.25152604 -0.19863585 0.93697085
v -0.25836028 -0.19586257 0.93558422
v -0.25905360 -0.19665494 0.93687179
v -0.25400228 -0.20002238 0.94014037
v -0.25251658 -0.19962629 0.93875373
v -0.25528976 -0.19546638 0.93429648
v -0.25528976 -0.19487212 0.93380140
v -0.25439835 -0.19576353 0.93399947
v -0.25588404 -0.19982439 0.94053650
v -0.25182327 -0.19932917 0.93796130
v -0.25806304 -0.19992344 0.94023931
v -0.25420036 -0.19794252 0.93627754
v -0.25350704 -0.19774444 0.93578241
v -0.25538891 -0.19814061 0.93706986
v -0.25647831 -0.19556543 0.93479184
v -0.25717173 -0.19823956 0.93796130
v -0.25806304 -0.19596162 0.93578241
v -0.25944968 -0.19903203 0.94766778
v -0.25865730 -0.19308930 0.94727165
v -0.26341160 -0.19021697 0.94043743
v -0.20923368 -0.19754635 1.03066791
v -0.21002604 -0.20299386 1.03205454
v -0.20735181 -0.19952727 1.02918222
v -0.21923727 -0.20695567 1.02660708
v -0.22438755 -0.20487571 1.02086243
v -0.22240664 -0.20646045 1.02007005
v -0.21468109 -0.20636141 1.03165835
v -0.22102001 -0.20517285 1.02819189
v -0.21062031 -0.19239598 1.02868703
v -0.21052127 -0.19328739 1.02175393
v -0.21309645 -0.19061316 1.02373475
v -0.22171332 -0.20329099 1.01729679
v -0.22310006 -0.20111199 1.01848529
v -0.21062031 -0.19239598 1.02868703
v -0.20854037 -0.19487212 1.02700327
v -0.21765255 -0.21299745 1.01779198
v -0.21369073 -0.21299745 1.02264531
v -0.21497832 -0.21170987 1.02314044
v -0.21012509 -0.21042227 1.02591376
v -0.20655945 -0.20695567 1.02720133
v -0.21101640 -0.20972895 1.02690426
v -0.19982436 -0.20794613 1.01383021
v -0.19645681 -0.20972895 1.01888148
v -0.19744725 -0.21250223 1.01373114
v -0.20566804 -0.20804518 1.02601288
v -0.20220145 -0.20497467 1.02462625
v -0.20378617 -0.21012513 1.02413094
v -0.19923007 -0.20923372 1.02244712
v -0.20457853 -0.20903564 1.02492326
v -0.19516921 -0.21329459 1.01848529
v -0.19843771 -0.21289841 1.02125862
v -0.19566443 -0.21666214 1.01907966
v -0.21210601 -0.21775165 1.01402839
v -0.21250208 -0.21854401 1.01828735
v -0.21418595 -0.21705833 1.01779198
v -0.19615956 -0.21626595 1.01452352
v -0.19566443 -0.21666214 1.01907966
v -0.19625872 -0.21903923 1.01680165
v -0.21161077 -0.21497837 1.02205093
v -0.21270027 -0.21408696 1.02224906
v -0.20408331 -0.22280297 1.01432540
v -0.20101289 -0.21923722 1.01224545
v -0.19992340 -0.22181251 1.01462252
v -0.20854037 -0.21180892 1.02442807
v -0.20933262 -0.21111558 1.02512138
v -0.20784703 -0.21230414 1.02363569
v -0.21170982 -0.20101294 1.03344117
v -0.22300101 -0.19536725 1.01878248
v -0.21636496 -0.19487212 1.01808916
v -0.22151533 -0.19893289 1.01759403
v -0.20576698 -0.22032683 1.01264176
v -0.20249848 -0.21577073 1.01135407
v -0.21062031 -0.21616692 1.02165480
v -0.19516921 -0.21329459 1.01848529
v -0.20962977 -0.22032683 1.01462252
v -0.21062031 -0.21953447 1.01937673
v -0.19645681 -0.20972895 1.01888148
v -0.19833857 -0.21121463 1.02135762
v -0.20339000 -0.21081846 1.02373475
v -0.21091745 -0.21349269 1.01204738
v -0.20814418 -0.20626236 1.01234451
v -0.20527185 -0.21062036 1.01125507
v -0.20061672 -0.20358813 1.02046636
v -0.20071577 -0.20695567 1.02353663
v -0.19823953 -0.20616331 1.01937673
v -0.21596877 -0.21527551 1.01759403
v -0.20269667 -0.20339003 1.01501871
v -0.19823953 -0.20616331 1.01937673
v -0.21418595 -0.21497837 1.01392933
v -0.21903919 -0.21121463 1.01808916
v -0.21616687 -0.21081846 1.02383375
v -0.20745086 -0.20606416 1.02838990
v -0.21190791 -0.20913468 1.02799371
v -0.21735542 -0.20368717 1.01511778
v -0.21141268 -0.20150817 1.01402839
v -0.21596877 -0.20566809 1.01412733
v -0.21636496 -0.21151177 1.01422634
v -0.21844491 -0.20854031 1.01491971
v -0.20527185 -0.19962630 1.01640535
v -0.20388522 -0.19962630 1.02294237
v -0.20259753 -0.20121104 1.02175393
v -0.20497472 -0.19853681 1.02383376
v -0.20487568 -0.20210245 1.02670608
v -0.20388522 -0.19962630 1.02294237
v -0.22676464 -0.20180520 1.02264531
v -0.20358808 -0.20339003 1.02581470
v -0.21824673 -0.20220150 1.01600916
v -0.21230409 -0.20022058 1.01442446
v -0.21131363 -0.19507021 1.03235173
v -0.21844491 -0.20170626 1.03453068
v -0.21626592 -0.20428134 1.03314417
v -0.22567524 -0.19814062 1.01987198
v -0.20735181 -0.19685303 1.01808916
v -0.20646040 -0.19804157 1.01729679
v -0.20259753 -0.20121104 1.02175393
v -0.20893644 -0.20428134 1.03066791
v -0.20596518 -0.20111199 1.02779559
v -0.21804874 -0.20863945 1.02531957
v -0.22131724 -0.20814423 1.01907966
v -0.21349264 -0.20774804 1.03037090
v -0.22082202 -0.20517285 1.01630634
v -0.20655945 -0.19685303 1.02512138
v -0.21923727 -0.20071571 1.01699966
v -0.20655945 -0.19685303 1.02512138
v -0.20873844 -0.19536725 1.01927767
v -0.21418595 -0.19695208 1.01610834
v -0.20497472 -0.19853681 1.02383376
v -0.20844132 -0.20517285 1.02928128
v -0.21715722 -0.20953086 1.02452707
v -0.22032668 -0.20953086 1.01868342
v -0.21279932 -0.20834232 1.02888521
v -0.21983156 -0.20665853 1.01551408
v -0.20834227 -0.21735546 1.01194844
v -0.21844491 -0.19180170 1.01937673
v -0.21319541 -0.19833871 1.01521684
v -0.22082202 -0.20517285 1.01630634
v -0.21983156 -0.20665853 1.01551408
v -0.20962977 -0.22032683 1.01462252
v -0.22310006 -0.20111199 1.01848529
v -0.22171332 -0.20329099 1.01729679
v -0.21418595 -0.21497837 1.01392933
v -0.21359169 -0.20933276 1.01283970
v -0.22567524 -0.19814062 1.01987198
v -0.21210601 -0.21775165 1.01402839
v -0.20705467 -0.22240669 1.01610834
v -0.21844491 -0.20854031 1.01491971
v -0.20408331 -0.22280297 1.01432540
v -0.20041852 -0.22131729 1.01680165
v -0.20438035 -0.22250582 1.01620740
v -0.20735181 -0.21260128 1.02294237
v -0.19744725 -0.21943542 1.01779198
v -0.19992340 -0.22181251 1.01462252
v -0.19625872 -0.21903923 1.01680165
v -0.20953082 -0.21884114 1.01917867
v -0.19893284 -0.21378982 1.02096149
v -0.19685288 -0.21725641 1.01888148
v -0.20636136 -0.22181251 1.01729678
v -0.20705467 -0.22240669 1.01610834
v -0.20319180 -0.21091750 1.02333868
v -0.20140908 -0.22032683 1.01858435
v -0.20368704 -0.21755355 1.02076336
v -0.21052127 -0.21606787 1.02125861
v -0.20061672 -0.20358813 1.02046636
v -0.21636496 -0.21151177 1.01422634
v -0.24786135 -0.22656670 1.02254630
v -0.26113354 -0.22676478 1.01303783
v -0.25905360 -0.23191515 1.01184938
v -0.23132084 -0.27292001 1.00026095
v -0.25013939 -0.23706553 0.98421557
v -0.26380769 -0.23637220 0.97728235
v -0.25885550 -0.21983159 1.00125140
v -0.27727787 -0.22002969 0.99164398
v -0.23627312 -0.24528630 0.96975488
v -0.27163229 -0.22597233 0.98738502
v -0.23033028 -0.25103095 0.95687901
v -0.27262283 -0.20953086 0.98411663
v -0.28866820 -0.20824327 0.97748048
v -0.24469198 -0.22825047 0.93835748
v -0.28460734 -0.19526829 0.97233008
v -0.28371584 -0.19685303 0.96965588
v -0.29441285 -0.18853320 0.96430748
v -0.26608583 -0.20140912 0.94994567
v -0.25756790 -0.19972534 0.94014037
v -0.23706548 -0.24063116 1.00957125
v -0.22924088 -0.25667654 1.00154852
v -0.25083271 -0.23587698 1.00095427
v -0.25261563 -0.23141993 1.00323228
v -0.25429930 -0.22349618 1.00432191
v -0.25400228 -0.22646765 1.00412384
v -0.23765975 -0.25895458 0.99263454
v -0.23855116 -0.25756795 0.99303061
v -0.23191511 -0.27886275 0.98827640
v -0.24835667 -0.24013594 0.99956764
v -0.24934703 -0.23835311 1.00006283
v -0.23914544 -0.25637940 0.99352592
v -0.24310715 -0.24934716 0.99570487
v -0.23310356 -0.26885914 0.98867271
v -0.24588043 -0.24389967 0.99778482
v -0.24726708 -0.24162153 0.99887432
v -0.23201416 -0.27400941 0.98758309
v -0.23141988 -0.28005129 0.98887071
v -0.23657016 -0.26123264 0.99144597
v -0.23468839 -0.26460019 0.98986128
v -0.24716803 -0.22904284 0.98094706
v -0.23439125 -0.23855121 0.96668449
v -0.26400587 -0.21903923 0.97748048
v -0.26113354 -0.22557624 0.97262721
v -0.26668010 -0.21230413 0.98292806
v -0.26509527 -0.21666214 0.97956042
v -0.24073007 -0.23835311 0.95529425
v -0.24201775 -0.23775884 0.95648288
v -0.22943887 -0.24954526 0.94479545
v -0.25875635 -0.22785428 0.96985406
v -0.26014300 -0.22686383 0.97124069
v -0.24706907 -0.23320275 0.96123697
v -0.24340440 -0.23686743 0.95747326
v -0.23330174 -0.24350348 0.94855904
v -0.25112995 -0.23072661 0.96480261
v -0.25608222 -0.22933996 0.96787306
v -0.23151884 -0.24657390 0.94628108
v -0.22884460 -0.25083286 0.94538970
v -0.23924448 -0.23924452 0.95410568
v -0.22547715 -0.25202139 0.94459733
v -0.23686739 -0.24082925 0.95212492
v -0.25509168 -0.21359172 0.95796851
v -0.26331255 -0.21121463 0.96747687
v -0.27807034 -0.20378622 0.96559487
v -0.27559420 -0.20745091 0.96084090
v -0.27945688 -0.19873490 0.97044826
v -0.27876355 -0.20190435 0.96737781
v -0.25548796 -0.21557263 0.94073444
v -0.25707268 -0.21527551 0.94192313
v -0.24231479 -0.22428864 0.92637293
v -0.27331615 -0.20883754 0.95737432
v -0.27450470 -0.20844135 0.95876095
v -0.26390682 -0.21230413 0.94895535
v -0.25905360 -0.21478027 0.94340882
v -0.24746516 -0.21963351 0.93182046
v -0.27064183 -0.20982800 0.95479900
v -0.27183047 -0.20933276 0.95598757
v -0.24459285 -0.22121824 0.92884919
v -0.24211680 -0.22597233 0.92647188
v -0.25410131 -0.21616692 0.93934793
v -0.23805583 -0.22735906 0.92597680
v -0.23508457 -0.22983520 0.93063189
v -0.25142708 -0.21745440 0.93627754
v -0.26816578 -0.19279215 0.95341237
v -0.27886270 -0.18932547 0.96698174
v -0.25023844 -0.19744730 0.93776317
v -0.25410131 -0.19398070 0.93390040
v -0.28886630 -0.20903564 0.98421557
v -0.26281723 -0.20111199 0.98778127
v -0.25717173 -0.20586617 0.98976204
v -0.26430291 -0.20477668 0.98629552
v -0.29688890 -0.19021697 0.97272615
v -0.29471010 -0.19249503 0.97639097
v -0.28331975 -0.18288761 0.96183128
v -0.28728148 -0.18150087 0.96252460
v -0.28302252 -0.18249142 0.96401029
v -0.25390323 -0.22557624 1.02323962
v -0.24528616 -0.21596882 1.01600916
v -0.24350345 -0.22062387 1.01293877
v -0.24568244 -0.21695928 1.01244351
v -0.29570045 -0.18595801 0.96747687
v -0.29718612 -0.18714657 0.96975488
v -0.28143778 -0.18367997 0.96519892
v -0.28005115 -0.18625516 0.96609024
v -0.28074447 -0.18437329 0.96371311
v -0.27509888 -0.19249503 0.97391484
v -0.27113715 -0.19457498 0.97807473
v -0.27083991 -0.19645674 0.97777760
v -0.24885181 -0.22389247 1.02343762
v -0.25410131 -0.20636140 0.99629924
v -0.25786504 -0.20279576 0.99095066
v -0.27232560 -0.22022778 1.00333123
v -0.27727787 -0.22012873 0.99887432
v -0.24667280 -0.21804877 1.00877887
v -0.24657375 -0.21557264 1.00907612
v -0.27925889 -0.18793893 0.97054738
v -0.28104170 -0.18476948 0.96727886
v -0.24350345 -0.22220870 1.01749497
v -0.24508807 -0.22131729 1.02145668
v -0.24439475 -0.22448674 1.02056530
v -0.26776961 -0.19754635 0.98223474
v -0.25687459 -0.22626956 1.02294237
v -0.26103450 -0.22547720 1.01907966
v -0.24439475 -0.22448674 1.02056530
v -0.24508807 -0.22131729 1.02145668
v -0.29163959 -0.18249142 0.96361416
v -0.25053567 -0.21438410 1.00352947
v -0.28361679 -0.20982800 0.98817740
v -0.26707629 -0.19427785 0.98183844
v -0.27103810 -0.19219778 0.97777760
v -0.26261924 -0.19794252 0.98847465
v -0.25796399 -0.19645674 0.99491255
v -0.25855836 -0.20061675 0.99223823
v -0.27896175 -0.18457138 0.96945776
v -0.28242834 -0.18219428 0.96559487
v -0.29292716 -0.18051050 0.96618924
v -0.28619208 -0.17704391 0.96480261
v -0.28589494 -0.17961909 0.96410941
v -0.25410131 -0.20348908 0.99778482
v -0.27519791 -0.18942461 0.97381577
v -0.27064183 -0.18833510 0.97797567
v -0.24944607 -0.20834232 1.00442085
v -0.24588043 -0.20745091 1.01184938
v -0.24607863 -0.21161082 1.01026456
v -0.24855466 -0.20339003 1.00590655
v -0.25370503 -0.19507021 1.00263791
v -0.24815848 -0.19853681 1.00858075
v -0.27975411 -0.18031242 0.96797218
v -0.27381138 -0.18051050 0.97282545
v -0.27470279 -0.18506650 0.97292439
v -0.28985686 -0.20279576 0.97738142
v -0.29243194 -0.20527190 0.98154143
v -0.29223384 -0.19992344 0.98055075
v -0.24528616 -0.20368717 1.01501871
v -0.24389952 -0.19734826 1.01818828
v -0.26291628 -0.19388166 0.99005934
v -0.25885550 -0.19249503 0.99738863
v -0.25746887 -0.21101654 1.02898427
v -0.24914904 -0.21745440 1.02512138
v -0.25023844 -0.21052132 1.02799371
v -0.25390323 -0.19903203 0.99986477
v -0.28173503 -0.20903564 0.99055459
v -0.27589124 -0.20962980 0.98589933
v -0.27341511 -0.17367628 0.97500434
v -0.27064183 -0.18278856 0.97936230
v -0.25964787 -0.18665133 1.00224184
v -0.25469559 -0.18883034 1.00709505
v -0.26430291 -0.18457138 0.99699256
v -0.26360959 -0.18952366 0.99263454
v -0.29649280 -0.17813342 0.98084811
v -0.29530426 -0.17684583 0.98817740
v -0.29678996 -0.17337924 0.98332425
v -0.28361679 -0.19586258 1.01323601
v -0.28312166 -0.20259767 1.00224184
v -0.28193311 -0.20606416 1.00848174
v -0.29550236 -0.17100213 0.97678716
v -0.29530426 -0.17605347 0.97391484
v -0.28530067 -0.19289111 1.00689711
v -0.28698434 -0.19774444 0.99748769
v -0.29173862 -0.19338644 0.99481332
v -0.28886630 -0.18912748 1.00135052
v -0.29312525 -0.18546279 0.99758664
v -0.29688890 -0.15545198 0.98480995
v -0.29827574 -0.14713216 0.99491256
v -0.29768146 -0.14425984 0.98946497
v -0.29371954 -0.18853320 0.98966304
v -0.29411573 -0.18120384 0.99273349
v -0.29748327 -0.16218708 0.99649731
v -0.29797849 -0.15872048 0.98966304
v -0.27836748 -0.19794252 1.01818828
v -0.28123970 -0.17209164 1.02898427
v -0.27351424 -0.18615611 1.02947940
v -0.27499983 -0.17308210 1.03512499
v -0.28678635 -0.17129928 1.02422995
v -0.29183777 -0.15773004 1.02512139
v -0.29015390 -0.16961550 1.01898066
v -0.29560151 -0.16575272 1.00828374
v -0.29104531 -0.17892578 1.00679793
v -0.29302622 -0.16753554 1.01333507
v -0.26658095 -0.18486851 1.03383736
v -0.26747246 -0.17238878 1.04077058
v -0.27311807 -0.21408696 1.00877887
v -0.27044384 -0.20903564 1.01868342
v -0.27579219 -0.20695567 1.01303783
v -0.28123970 -0.21279927 0.99441724
v -0.27460375 -0.21299745 0.98916796
v -0.29461095 -0.15574913 1.01957480
v -0.29669089 -0.16377182 1.00243997
v -0.29441285 -0.17644964 1.00224184
v -0.27965507 -0.18526470 1.02373475
v -0.28480543 -0.20408335 0.99451631
v -0.28292348 -0.20943181 0.99887432
v -0.26519432 -0.21676119 1.02323962
v -0.26578859 -0.21151177 1.02601288
v -0.29629482 -0.18219428 0.97995667
v -0.29461095 -0.18259036 0.98540408
v -0.27232560 -0.19972534 1.02422994
v -0.29441285 -0.18774083 0.98263093
v -0.25212041 -0.21626595 1.00214278
v -0.25499263 -0.21903923 1.00253909
v -0.26638296 -0.20735186 0.98530508
v -0.25449739 -0.21388876 0.99798288
v -0.27698084 -0.19417880 0.97262721
v -0.25439835 -0.20992705 0.99659625
v -0.26776961 -0.20913468 0.98471076
v -0.25697363 -0.21715736 0.99976582
v -0.26905719 -0.20200340 0.98223474
v -0.27906080 -0.19507021 0.97143876
v -0.26885910 -0.20497467 0.98263093
v -0.28094267 -0.19407975 0.97074544
v -0.28034838 -0.19170266 0.97074544
v -0.26945328 -0.20804518 0.98332425
v -0.27975411 -0.18982080 0.97054738
v -0.28094267 -0.19407975 0.97074544
v -0.20447949 0.12732307 1.10108931
v -0.20854037 0.11286241 1.10138644
v -0.26123259 0.15000449 1.10703209
v -0.26895814 0.14099135 1.11129104
v -0.27678274 0.10384926 1.12248316
v -0.27836748 0.11622987 1.11822420
v -0.25340799 0.15535286 1.10188169
v -0.21973251 0.08750675 1.12129465
v -0.21606772 0.09909508 1.10207981
v -0.23409411 0.15802718 1.10207981
v -0.24498913 0.15812623 1.10049506
v -0.21062031 0.14435890 1.10287225
v -0.21557260 0.14931109 1.10376363
v -0.27014659 0.08978480 1.12307741
v -0.25796399 0.08106879 1.12099746
v -0.20665850 0.13732667 1.10227800
v -0.27658456 0.13019538 1.11356917
v -0.24677195 0.07849351 1.11683757
v -0.24102721 0.07651270 1.12911925
v -0.25340799 0.15129209 1.07979453
v -0.26192591 0.14990546 1.08415254
v -0.21220495 0.11187196 1.08969907
v -0.21923727 0.14515126 1.08761912
v -0.22527896 0.15069782 1.08682675
v -0.27371223 0.08879434 1.11356917
v -0.28034838 0.10127399 1.11218254
v -0.26212390 0.08166307 1.11228160
v -0.21369073 0.13792094 1.08811443
v -0.28312166 0.11325860 1.10623971
v -0.28272549 0.12573833 1.09980174
v -0.25103090 0.07918692 1.10762634
v -0.21032308 0.12732307 1.08811443
v -0.27638646 0.13752476 1.09465134
v -0.26945328 0.14564649 1.08989720
v -0.22844852 0.08800198 1.09484947
v -0.22468468 0.08701152 1.10524926
v -0.24508807 0.15396632 1.08019083
v -0.22656665 0.14475509 1.07395087
v -0.23429220 0.14881595 1.07127661
v -0.27559420 0.08800198 1.10831965
v -0.28302252 0.09721322 1.10534827
v -0.26479823 0.08057356 1.10643789
v -0.21963336 0.13693048 1.07731851
v -0.28639016 0.10909859 1.09841511
v -0.28708349 0.12128128 1.08979813
v -0.21507726 0.12554025 1.07929933
v -0.28203216 0.13217630 1.08217160
v -0.21557260 0.11048532 1.08147828
v -0.27608943 0.13960471 1.07533750
v -0.26975051 0.14406176 1.06969191
v -0.23102360 0.08879434 1.08791637
v -0.21943537 0.09869890 1.09118476
v -0.25251658 0.14832072 1.06691859
v -0.26261924 0.14792454 1.06612627
v -0.22607133 0.13405817 1.06563102
v -0.23409411 0.14118945 1.05998543
v -0.28995580 0.11444705 1.08306316
v -0.28847023 0.10384926 1.09395803
v -0.26608583 0.07968215 1.10326832
v -0.25360598 0.07879074 1.10138644
v -0.22052487 0.12365839 1.06969191
v -0.28648912 0.12346029 1.07256418
v -0.21903919 0.10830632 1.07355468
v -0.28143778 0.12979921 1.06384832
v -0.28431011 0.09354853 1.10247594
v -0.27539611 0.13445434 1.05770736
v -0.23300451 0.08859626 1.08306316
v -0.22191151 0.09780749 1.08395442
v -0.25855836 0.14109030 1.05443885
v -0.26836387 0.13980280 1.05334934
v -0.24132444 0.14237799 1.05780642
v -0.27618847 0.08612012 1.10614064
v -0.23894735 0.12910588 1.05087321
v -0.24647470 0.13019539 1.04829807
v -0.28520162 0.08780389 1.10099031
v -0.27628752 0.08166307 1.10604158
v -0.23181607 0.12484692 1.05483504
v -0.29183777 0.10414630 1.07820983
v -0.29035199 0.09602466 1.09029338
v -0.25499263 0.07760220 1.09910842
v -0.25499263 0.07849351 1.09811798
v -0.22597228 0.11722042 1.05939118
v -0.28965867 0.11137674 1.06602733
v -0.22280292 0.10523591 1.06454163
v -0.28500343 0.11632901 1.05661797
v -0.27896175 0.12108320 1.04968476
v -0.23340079 0.08711057 1.08118115
v -0.22409051 0.09701503 1.07771458
v -0.26311436 0.12851161 1.04512861
v -0.27202846 0.12692689 1.04453442
v -0.22577429 0.09543040 1.07206899
v -0.23597587 0.10721683 1.04611911
v -0.24330535 0.10731586 1.04225629
v -0.29530426 0.08770485 1.07256418
v -0.29332347 0.08176211 1.08563824
v -0.26608583 0.07750315 1.10455595
v -0.25538891 0.07215470 1.10178262
v -0.22924088 0.10315595 1.05176476
v -0.29352144 0.09354853 1.06008449
v -0.22399147 0.09612371 1.05919305
v -0.28817298 0.09721322 1.05008089
v -0.28837099 0.07631461 1.09603797
v -0.28213111 0.10038267 1.04255353
v -0.22527896 0.08790293 1.07018722
v -0.26687820 0.10533496 1.03740314
v -0.27490089 0.10375023 1.03700683
v -0.25103090 0.10771205 1.03948297
v -0.27925889 0.07165947 1.10178262
v -0.26776961 0.07037187 1.10406070
v -0.23597587 0.08304971 1.04176115
v -0.22924088 0.08057356 1.04810006
v -0.29649280 0.07076806 1.05285415
v -0.29857278 0.06621192 1.06553196
v -0.22329815 0.07710687 1.05612266
v -0.29084721 0.07344229 1.04324685
v -0.29134243 0.06026920 1.08989719
v -0.29678996 0.06274533 1.07870514
v -0.28440916 0.07671069 1.03611556
v -0.23171692 0.08116784 1.08256779
v -0.22448660 0.07136233 1.06840428
v -0.26885910 0.08344589 1.03066792
v -0.27668369 0.07968215 1.03225268
v -0.24350345 0.08503062 1.03631351
v -0.25192231 0.08651630 1.03254992
v -0.28183408 0.05779307 1.09702847
v -0.27074087 0.05868445 1.10198075
v -0.25796399 0.05957589 1.10069312
v -0.23092455 0.04897796 1.04374192
v -0.22537801 0.04570951 1.05166570
v -0.29411573 0.04402569 1.03651163
v -0.29877087 0.04085624 1.04582193
v -0.29233291 0.03481446 1.08256778
v -0.29778040 0.03560684 1.07177186
v -0.28747966 0.04699709 1.02977660
v -0.23082550 0.06571666 1.08118115
v -0.22636856 0.04174768 1.06236262
v -0.26984955 0.05165222 1.02621096
v -0.27836748 0.04986940 1.02749859
v -0.25281372 0.05343504 1.02829097
v -0.24479103 0.05284079 1.03195555
v -0.28302252 0.03431927 1.09009537
v -0.27163229 0.03501258 1.09455234
v -0.23765975 0.05194935 1.03641257
v -0.29976140 0.03788491 1.05929211
v -0.25925168 0.03550778 1.09296770
v -0.29302622 0.00212944 1.07296036
v -0.29867181 0.00272375 1.06355107
v -0.29035199 0.01421300 1.02432902
v -0.29579948 0.01094448 1.03235174
v -0.23221215 0.03828110 1.07404987
v -0.23320261 0.00965691 1.05671703
v -0.27232560 0.01837295 1.02254631
v -0.28064552 0.01688726 1.02314045
v -0.23300451 0.01312349 1.04701043
v -0.24805944 0.01946239 1.02759765
v -0.25558700 0.01995765 1.02363570
v -0.28381498 0.00302088 1.07989358
v -0.27331615 0.00420938 1.08266684
v -0.24172052 0.01867008 1.03245086
v -0.30094985 0.00500176 1.05295321
v -0.26232199 0.00529889 1.08088414
v -0.23637216 0.01599581 1.03948296
v -0.29986035 0.00767602 1.04176115
v -0.27777311 -0.01659015 1.01838636
v -0.28738062 -0.01787772 1.01907967
v -0.29411573 -0.01995773 1.02294238
v -0.24003675 -0.01975960 1.04275147
v -0.25330895 -0.01540164 1.02264531
v -0.26083631 -0.01639208 1.01888149
v -0.28401307 -0.03174409 1.07038522
v -0.29253100 -0.03204122 1.06543295
v -0.27420756 -0.03015937 1.07345561
v -0.24746516 -0.01579777 1.02878610
v -0.30203947 -0.02857464 1.04819912
v -0.29867181 -0.03095174 1.05780642
v -0.26460014 -0.02827751 1.07147473
v -0.24191871 -0.01767965 1.03532318
v -0.30154414 -0.02590044 1.03829451
v -0.29886990 -0.02223573 1.02928129
v -0.23855116 0.00718077 1.06672064
v -0.24003675 -0.02253286 1.05146751
v -0.25944968 -0.04531333 1.01917867
v -0.26668010 -0.04620471 1.01591016
v -0.28401307 -0.05729783 1.06355107
v -0.29144150 -0.05739689 1.05849973
v -0.27549516 -0.05630739 1.06602732
v -0.25350704 -0.04521428 1.02482426
v -0.30075176 -0.05492075 1.04453441
v -0.29718612 -0.05660452 1.05176476
v -0.26687820 -0.05591120 1.06503676
v -0.24875276 -0.04620471 1.03155936
v -0.30154414 -0.05293981 1.03730401
v -0.24657375 -0.04808660 1.03958214
v -0.30035560 -0.05085986 1.03027173
v -0.29728518 -0.04927516 1.02413095
v -0.24409772 -0.02481093 1.05978730
v -0.24677195 -0.05036461 1.04740674
v -0.28401307 -0.04798753 1.01620741
v -0.29233291 -0.04927516 1.01917867
v -0.25826123 -0.06928233 1.02205094
v -0.26400587 -0.06908425 1.01620740
v -0.29867181 -0.07700792 1.04265247
v -0.29480904 -0.07849355 1.04839706
v -0.26895814 -0.07918687 1.06097598
v -0.25390323 -0.07027276 1.02918222
v -0.30075176 -0.07542316 1.03651163
v -0.25212041 -0.07215465 1.03750219
v -0.30114806 -0.07383840 1.03066792
v -0.28975782 -0.07918687 1.05384470
v -0.29936513 -0.07255084 1.02502233
v -0.25033759 -0.05254362 1.05483503
v -0.25261563 -0.07403653 1.04493048
v -0.28866820 -0.07156039 1.01571204
v -0.29500714 -0.07146133 1.01987199
v -0.27103810 -0.06957945 1.01313690
v -0.28341880 -0.07918687 1.05830167
v -0.27628752 -0.07879074 1.06087680
v -0.26123259 -0.08730866 1.02076337
v -0.25816219 -0.08859622 1.02878609
v -0.29946419 -0.09226093 1.03462986
v -0.29698814 -0.09354850 1.04017633
v -0.25746887 -0.09018098 1.03720494
v -0.30055369 -0.09107236 1.02928128
v -0.29312525 -0.09493512 1.04512860
v -0.28837099 -0.09582656 1.05017988
v -0.29956322 -0.08998286 1.02403200
v -0.25528976 -0.07611648 1.05166569
v -0.25786504 -0.09166661 1.04403910
v -0.29055017 -0.08879429 1.01442446
v -0.29609673 -0.08899241 1.01888149
v -0.26618488 -0.08671434 1.01442446
v -0.27301892 -0.08730866 1.01095789
v -0.28312166 -0.09632176 1.05414171
v -0.27707978 -0.09632176 1.05661796
v -0.26034118 -0.10107597 1.02829096
v -0.25994501 -0.10285879 1.03591731
v -0.29926609 -0.10503780 1.02690427
v -0.29827574 -0.10602824 1.03195554
v -0.29203575 -0.10860344 1.04285053
v -0.28817298 -0.10969294 1.04720855
v -0.29886990 -0.10394829 1.02224906
v -0.25954871 -0.09384563 1.04988275
v -0.26063832 -0.10424542 1.04195909
v -0.29243194 -0.10226454 1.01293877
v -0.29639377 -0.10266066 1.01729679
v -0.26767056 -0.09899602 1.01333508
v -0.27490089 -0.09968933 1.00957125
v -0.28322071 -0.11068339 1.05136845
v -0.27777311 -0.11068339 1.05384470
v -0.26291628 -0.09968933 1.02007005
v -0.29570045 -0.10741488 1.03770014
v -0.27192952 -0.11117863 1.05443884
v -0.26984955 -0.09701507 1.05760835
v -0.29193680 -0.11989461 1.04007727
v -0.28847023 -0.12098412 1.04473241
v -0.29827574 -0.11573472 1.02403200
v -0.29837477 -0.11454615 1.01937674
v -0.26281723 -0.11563566 1.04493048
v -0.26093536 -0.11959749 1.03918583
v -0.26123259 -0.11315952 1.04007727
v -0.29461095 -0.11751754 1.00778843
v -0.29708708 -0.11276334 1.01462253
v -0.29480904 -0.11107957 1.01075976
v -0.26044023 -0.11662610 1.03403555
v -0.26034118 -0.11127764 1.03482787
v -0.26796760 -0.10652349 1.01254270
v -0.27529706 -0.10731581 1.00739224
v -0.28391402 -0.12177650 1.04849612
v -0.27846643 -0.13098773 1.04978375
v -0.27826843 -0.12177650 1.05126938
v -0.26331255 -0.10741488 1.01987199
v -0.29500714 -0.11840892 1.03462986
v -0.27173142 -0.13009632 1.05136845
v -0.27173142 -0.12118219 1.05166569
v -0.26083631 -0.10909863 1.02829096
v -0.29718612 -0.11702229 1.02908322
v -0.29352144 -0.19536725 0.98599839
v -0.28173503 -0.20953086 1.00650080
v -0.25746887 -0.21933637 1.02551757
v -0.28738062 -0.20517285 0.99035641
v -0.29094627 -0.19823956 0.99312967
v -0.29124349 -0.20309290 0.98926691
v -0.27618847 -0.21636491 1.00531229
v -0.28074447 -0.21418600 1.00392560
v -0.29678996 -0.18486851 0.97302352
v -0.29669089 -0.18526470 0.97698535
v -0.26737331 -0.21785069 1.00570842
v -0.26291628 -0.21943542 1.00273715
v -0.26370864 -0.22082205 1.01066069
v -0.29570045 -0.18823607 0.97886711
v -0.29302622 -0.19447593 0.97767866
v -0.29302622 -0.20210245 0.98609745
v -0.29589855 -0.18060955 0.97223102
v -0.29045114 -0.19665494 0.97391484
v -0.26727428 -0.18595801 0.98669171
v -0.27064183 -0.17763819 0.98381938
v -0.26816578 -0.18140192 0.99104973
v -0.27163229 -0.13970374 1.05087319
v -0.27846643 -0.13098773 1.04978375
v -0.27846643 -0.14099134 1.04859518
v -0.28431011 -0.13069060 1.04651523
v -0.28431011 -0.14009993 1.04453441
v -0.21349264 -0.19209884 1.03373836
v -0.22963697 -0.19804157 1.02403200
v -0.22844852 -0.19437690 1.02106061
v -0.21537440 -0.18694847 1.02571564
v -0.22121819 -0.18803798 1.02086243
v -0.22577429 -0.19160362 1.01987198
v -0.22310006 -0.20239958 1.02977659
v -0.22082202 -0.19863586 1.03591731
v -0.22617046 -0.19962630 1.03185660
v -0.22844852 -0.19437690 1.02106061
v -0.21596877 -0.19546639 1.03641256
v -0.21309645 -0.18942461 1.03037090
v -0.21378978 -0.19804157 1.03502593
v -0.21844491 -0.19180170 1.03750218
v -0.22369433 -0.19516926 1.03740312
v -0.21596877 -0.18873129 1.03492687
v -0.21507726 -0.18625516 1.03165835
v -0.23201416 -0.19477307 1.02492326
v -0.23072656 -0.19120743 1.02224906
v -0.21309645 -0.18942461 1.03037090
v -0.21676105 -0.18427424 1.02710227
v -0.22300101 -0.18556184 1.02175393
v -0.22785424 -0.18892939 1.02086243
v -0.23072656 -0.19120743 1.02224906
v -0.22914183 -0.19645674 1.03264886
v -0.22617046 -0.19160362 1.03938395
v -0.23181607 -0.19378261 1.03383736
v -0.23399506 -0.19209884 1.02591376
v -0.22042572 -0.18793893 1.03878964
v -0.21785064 -0.18546280 1.03621450
v -0.21656304 -0.18348188 1.03284692
v -0.23270748 -0.18902844 1.02323962
v -0.21507726 -0.18625516 1.03165835
v -0.21794969 -0.18249142 1.02779559
v -0.22428861 -0.18387807 1.02224906
v -0.22963697 -0.18684932 1.02155574
v -0.23270748 -0.18902844 1.02323962
v -0.21953442 -0.18031243 1.02819189
v -0.22557619 -0.18229333 1.02274431
v -0.23092455 -0.18506650 1.02215000
v -0.23458924 -0.18724562 1.02383376
v -0.23458924 -0.19110830 1.03502593
v -0.22874556 -0.18793893 1.04166196
v -0.23627312 -0.18991985 1.02630989
v -0.22270387 -0.18457138 1.04047345
v -0.21963336 -0.18249142 1.03740312
v -0.21824673 -0.18100574 1.03344117
v -0.23458924 -0.18724562 1.02383376
v -0.21824673 -0.18100574 1.03344117
v -0.21656304 -0.18348188 1.03284692
v -0.22062392 -0.17852961 1.02878609
v -0.23666920 -0.18585897 1.02422994
v -0.23944247 -0.18843415 1.02680526
v -0.22022773 -0.17753915 1.03393654
v -0.22735891 -0.18031243 1.02314044
v -0.23300451 -0.18308569 1.02264531
v -0.23666920 -0.18585897 1.02422994
v -0.23756070 -0.18843415 1.03641256
v -0.23231120 -0.18486851 1.04384109
v -0.22517992 -0.18041148 1.04304859
v -0.22151533 -0.17813342 1.03888882
v -0.23419316 -0.17971806 1.04720855
v -0.22854757 -0.17506301 1.04661424
v -0.22478383 -0.17199259 1.04037451
v -0.22319900 -0.17159642 1.03344118
v -0.22022773 -0.17753915 1.03393654
v -0.24043303 -0.18734466 1.02512138
v -0.24508807 -0.18714657 1.02601288
v -0.22319900 -0.17159642 1.03344118
v -0.22617046 -0.17318114 1.02650802
v -0.23191511 -0.17813342 1.02294238
v -0.23587684 -0.18367997 1.02403200
v -0.24043303 -0.18734466 1.02512138
v -0.24082911 -0.18566089 1.03859157
v -0.22854757 -0.16416799 1.04126577
v -0.22696284 -0.16396990 1.03274786
v -0.24320631 -0.17971805 1.01670247
v -0.24152243 -0.15634340 1.01967398
v -0.23567885 -0.16188995 1.02274431
v -0.23231120 -0.15515486 1.03175754
v -0.23894735 -0.14792453 1.03007366
v -0.23429220 -0.15436249 1.04027545
v -0.23231120 -0.15515486 1.03175754
v -0.25053567 -0.17664774 1.01155214
v -0.24994140 -0.15723481 1.01392933
v -0.25746887 -0.17496396 1.00798649
v -0.25677554 -0.15624435 1.00937313
v -0.26331255 -0.17278495 1.00442085
v -0.26341160 -0.15475867 1.00451992
v -0.24578139 -0.16634701 1.05285414
v -0.25954871 -0.15881953 1.05196270
v -0.25806304 -0.17011073 1.04800093
v -0.26727428 -0.16981360 0.99837919
v -0.26638296 -0.15248062 0.99600200
v -0.26975051 -0.16624796 0.99055460
v -0.27103810 -0.15188635 0.98570133
v -0.27608943 -0.14396270 0.98223475
v -0.27896175 -0.15287680 0.97480634
v -0.27301892 -0.16288041 0.98074899
v -0.27995221 -0.16020618 0.97114157
v -0.25697363 -0.21715736 0.99976582
v -0.25013939 -0.21161082 1.00382660
v -0.24825763 -0.19199979 1.01333507
v -0.24300811 -0.19170267 1.01997099
v -0.22696284 -0.16396990 1.03274786
v -0.23042943 -0.16763459 1.02571564
v -0.26945328 -0.20804518 0.98332425
v -0.27519791 -0.19140552 0.97381577
v -0.26677915 -0.19051411 0.98381938
v -0.27915974 -0.17773724 0.96678355
v -0.29837477 -0.15030162 1.00362859
v -0.26479823 -0.22092110 1.01690071
v -0.26341160 -0.22111919 1.02125861
v -0.29292716 -0.17615250 0.96876444
v -0.23567885 -0.17585538 1.02115967
v -0.29748327 -0.16763459 0.98580027
v -0.28312166 -0.16030523 1.03522400
v -0.27668369 -0.16159281 1.04096877
v -0.29520523 -0.17367628 0.99669532
v -0.29639377 -0.17060596 0.99124791
v -0.29758242 -0.15238157 1.00877887
v -0.29659186 -0.15406535 1.01412734
v -0.26885910 -0.16179091 1.04720855
v -0.28520162 -0.18387807 1.01848529
v -0.28787575 -0.18160001 1.01254270
v -0.28817298 -0.15911667 1.03007366
v -0.28015020 -0.17179450 0.96737781
v -0.26935423 -0.14099134 0.99025735
v -0.26370864 -0.13861424 1.00115246
v -0.25944968 -0.13920852 1.01115607
v -0.23993781 -0.18387807 1.02026811
v -0.24300811 -0.19328739 1.02531957
v -0.24706907 -0.19180170 1.03046991
v -0.24647470 -0.18259037 1.03978014
v -0.29163959 -0.15327298 0.97896617
v -0.28173503 -0.13940661 0.98164038
v -0.28530067 -0.15248062 0.97530147
v -0.28738062 -0.16020618 0.97153770
v -0.29263012 -0.17080405 0.97153770
v -0.23726347 -0.15852241 1.05087319
v -0.25162508 -0.15515486 1.05265601
v -0.28896536 -0.13891138 1.03928489
v -0.28371584 -0.14970735 1.04057246
v -0.29233291 -0.13742570 1.03443168
v -0.28856917 -0.14822166 1.03532318
v -0.29500714 -0.13574193 1.02908322
v -0.29213481 -0.14693407 1.03037090
v -0.29688890 -0.13425624 1.02393294
v -0.29500714 -0.14505220 1.02492326
v -0.29797849 -0.13267151 1.01838635
v -0.29678996 -0.14346748 1.01967398
v -0.26648190 -0.10919770 1.05146751
v -0.26677915 -0.11860704 1.04938756
v -0.26380769 -0.09602464 1.05503315
v -0.26252019 -0.10652350 1.04691142
v -0.25826123 -0.05442551 1.06137206
v -0.05759495 0.10167026 1.36791821
v -0.04828466 0.10107599 1.37802088
v -0.04353045 0.09770834 1.38762836
v -0.03927150 0.09265711 1.40892314
v -0.04075719 0.09463802 1.39743384
v -0.03877630 0.08958670 1.42179908
v -0.04125244 0.08562477 1.43259494
v -0.04521427 0.08057355 1.43873584
v -0.04778941 0.07502700 1.44170723
v -0.04145051 0.07532404 1.43576445
v -0.05194936 0.06116056 1.44448049
v -0.05313787 0.04798750 1.44963077
v -0.02520706 -0.00113909 1.50420495
v -0.02827745 0.00054472 1.50420495
v -0.04551140 0.02510802 1.47003423
v -0.04392664 0.02362233 1.47151993
v -0.04214382 0.02253282 1.47320363
v -0.04145051 0.02253282 1.47369894
v -0.04095531 0.02273089 1.47419413
v -0.04065813 0.02332520 1.47449131
v -0.04036100 0.02431564 1.47468932
v -0.04006387 0.02550415 1.47488744
v -0.04055912 0.02748509 1.47419413
v -0.04303526 0.03204118 1.47350081
v -0.04055912 0.02748509 1.47419413
v -0.04313426 0.03362593 1.47181700
v -0.04353045 0.03451731 1.47013330
v -0.04452095 0.03679539 1.46835042
v -0.04679897 0.04234191 1.46854854
v -0.04907704 0.05343503 1.47112368
v -0.04769041 0.06898522 1.47260937
v -0.04372858 0.08829910 1.47419413
v -0.03550779 0.10929676 1.47667021
v -0.02758413 0.11167384 1.47756165
v -0.02857458 0.11167384 1.48449481
v -0.03907343 0.10483961 1.49350803
v -0.02857458 0.11167384 1.48449481
v -0.04679897 0.06631096 1.50093638
v -0.04669991 0.04887894 1.49915362
v -0.04511521 0.03808295 1.49241847
v -0.04412477 0.03303162 1.48776338
v -0.04254001 0.03174405 1.48399961
v -0.04184669 0.03124880 1.48102823
v -0.04135150 0.03025836 1.47805696
v -0.03986581 0.02649465 1.47637314
v -0.03986581 0.02649465 1.47637314
v -0.03996481 0.02372133 1.47478838
v -0.04046006 0.02312708 1.47478838
v -0.04105432 0.02273089 1.47478838
v -0.04164863 0.02263189 1.47478838
v -0.04254001 0.02263189 1.47488744
v -0.04343145 0.02292902 1.47488744
v -0.04541234 0.02372133 1.47548170
v -0.04432283 0.02312708 1.47498651
v -0.04709609 0.02481083 1.47627408
v -0.03065458 0.00272373 1.50400683
v -0.03342784 0.00609125 1.50430401
v -0.07334321 0.09959029 1.35702328
v -0.19596157 0.07888969 1.22529268
v -0.19843771 0.08017738 1.21271381
v -0.20170621 0.08126688 1.20023413
v -0.20745086 0.08126688 1.18527824
v -0.22339720 0.07888969 1.14150017
v -0.23557980 0.08017738 1.11109292
v -0.23013219 0.07918692 1.12486023
v -0.29877087 -0.13851520 1.00947219
v -0.29787946 -0.14168466 1.01432540
v -0.29718612 -0.12742208 1.00739224
v -0.29827574 -0.13039346 1.01313689
v -0.04521427 0.08057355 1.43873584
v -0.05006748 0.06819275 1.44319292
v -0.05303886 0.05452454 1.44675856
v -0.03025839 0.00272373 1.50222407
v -0.03570586 0.01084546 1.50460108
v -0.03689442 0.01550060 1.50351164
v -0.04788847 0.02708891 1.47082661
v -0.04461996 0.02401852 1.47241125
v -0.04293620 0.02292902 1.47251031
v -0.02996127 0.11216908 1.47993878
v -0.03164502 0.11256525 1.48340536
v -0.04471902 0.08681342 1.49746980
v -0.04046006 0.02718796 1.47567982
v -0.03966769 0.02481083 1.47567982
v -0.04561046 0.02253282 1.47954253
v -0.03699348 0.01807574 1.50420495
v -0.03738967 0.01867005 1.50192688
v -0.07532409 0.05898156 1.53807849
v -0.07512603 0.06106150 1.54491270
v -0.07611647 0.06353770 1.53738517
v -0.07443265 0.05680254 1.54461552
v -0.07373934 0.05650541 1.55234105
v -0.07294702 0.05254358 1.55085536
v -0.07116420 0.04947319 1.55927421
v -0.06532049 0.03847914 1.56244372
v -0.06017015 0.03471543 1.57066445
v -0.06621193 0.04154954 1.56571218
v -0.05937777 0.03184311 1.56670268
v -0.05293980 0.02887172 1.57393302
v -0.05224649 0.02649465 1.56937688
v -0.04491714 0.02441464 1.57631004
v -0.04442189 0.02213663 1.57115976
v -0.03649823 0.02114619 1.57819198
v -0.03600304 0.01926431 1.57274440
v -0.02807939 0.01956143 1.57908342
v -0.02055192 0.01678817 1.57373490
v -0.02798033 0.01777861 1.57343771
v -0.09790645 0.09384566 1.34880243
v -0.21487927 0.08057356 1.16467677
v -0.26133164 -0.07789930 1.05750935
v -0.29540341 -0.12365833 1.00283610
v -0.29688890 -0.12029081 1.01155214
v -0.29461095 -0.11751754 1.00778843
v -0.26628391 -0.12662971 1.04829806
v -0.17129914 0.17357733 1.23262197
v -0.17704388 0.17129929 1.21697277
v -0.18278851 0.16793174 1.20072932
v -0.19823953 0.16050332 1.15823881
v -0.20784703 0.15792813 1.13803347
v -0.21487927 0.15545200 1.12020515
v -0.22349623 0.15406537 1.10386258
v -0.23330174 0.15386727 1.08583642
v -0.24271107 0.14970736 1.06870141
v -0.24944607 0.14227894 1.05572648
v -0.25420036 0.13078967 1.04701044
v -0.25885550 0.10741491 1.03770014
v -0.26123259 0.08631811 1.02987555
v -0.26133164 0.05254360 1.02591377
v -0.26380769 0.01886814 1.02185300
v -0.26866091 -0.01649108 1.01739586
v -0.27509888 -0.04719516 1.01501872
v -0.27995221 -0.07056995 1.01333508
v -0.28242834 -0.08849716 1.01145308
v -0.28490438 -0.10157121 1.00986838
v -0.28629102 -0.10939581 1.00768949
v -0.28639016 -0.11860704 1.00105328
v -0.28619208 -0.11454615 1.00491611
v -0.29748327 -0.13475147 1.00214278
v -0.24459285 -0.21220509 1.01828735
v -0.28193311 -0.21438410 0.99946858
v -0.28064552 -0.21695928 0.99540769
v -0.26727428 -0.21715736 1.01511778
v -0.26360959 -0.22349618 1.01402839
v -0.25944968 -0.22220870 1.02343762
v -0.24558339 -0.21527551 1.02284331
v -0.24409772 -0.20834232 1.02403200
v -0.24409772 -0.20834232 1.02403200
v -0.24558339 -0.21527551 1.02284331
v -0.23914544 -0.17407256 1.05057607
v -0.24994140 -0.19823956 1.03106422
v -0.25132805 -0.18140192 1.03938395
v -0.25845931 -0.18239238 1.03690781
v -0.29589855 -0.12979916 0.99758664
v -0.28678635 -0.13465242 0.98698872
v -0.26618488 -0.20091390 1.02987553
v -0.25786504 -0.20022058 1.03235173
v -0.27262283 -0.12613445 0.99709151
v -0.28698434 -0.12346025 0.99719063
v -0.27688179 -0.11920130 1.00343047
v -0.26677915 -0.12573833 1.00798650
v -0.26955243 -0.11979555 1.01095788
v -0.26420386 -0.12197456 1.01907967
v -0.26192591 -0.12801634 1.01818829
v -0.26083631 -0.12524307 1.02591376
v -0.25746887 -0.13128487 1.02581470
v -0.25875635 -0.12900679 1.03294599
v -0.25212041 -0.13504860 1.03195554
v -0.25519071 -0.13564288 1.04195909
v -0.24449380 -0.14544839 1.04562379
v -0.25677554 -0.14297225 1.04918944
v -0.26212390 -0.14703312 1.05275508
v -0.27083991 -0.13227532 0.99312968
v -0.28678635 -0.13465242 0.98698872
v -0.24092816 -0.14525030 1.03651163
v -0.26450100 -0.13039346 1.00570842
v -0.28173503 -0.13940661 0.98164038
v -0.26935423 -0.14099134 0.99025735
v -0.27608943 -0.14396270 0.98223475
v -0.25370503 -0.14158561 1.01769298
v -0.26370864 -0.13861424 1.00115246
v -0.25944968 -0.13920852 1.01115607
v -0.25994501 -0.13197819 1.01551409
v -0.25370503 -0.14158561 1.01769298
v -0.25489367 -0.13504860 1.02224906
v -0.24657375 -0.14396271 1.02403200
v -0.24657375 -0.14396271 1.02403200
v -0.24825763 -0.13841615 1.02878609
v -0.28738062 -0.17129927 0.96648643
v -0.24459285 -0.20863945 1.01907966
v -0.24389952 -0.20170626 1.02621095
v -0.16456403 0.17070502 1.22925445
v -0.16892214 0.16654511 1.21202050
v -0.17565723 0.16347469 1.19587611
v -0.19061311 0.16496037 1.17992985
v -0.18338269 0.15990905 1.17755271
v -0.20081471 0.15307491 1.13763734
v -0.20764895 0.15119304 1.11951183
v -0.21557260 0.14931109 1.10376363
v -0.22527896 0.15069782 1.08682675
v -0.23429220 0.14881595 1.07127661
v -0.24132444 0.14237799 1.05780642
v -0.24647470 0.13019539 1.04829807
v -0.25103090 0.10771205 1.03948297
v -0.25192231 0.08651630 1.03254992
v -0.25281372 0.05343504 1.02829097
v -0.25558700 0.01995765 1.02363570
v -0.26083631 -0.01639208 1.01888149
v -0.26668010 -0.04620471 1.01591016
v -0.27103810 -0.06957945 1.01313690
v -0.27301892 -0.08730866 1.01095789
v -0.27490089 -0.09968933 1.00957125
v -0.27529706 -0.10731581 1.00739224
v -0.27004754 -0.15020257 1.05037812
v -0.27737702 -0.15099494 1.04602010
v -0.29243194 -0.16198900 0.97540053
v -0.29619558 -0.16476226 0.98015468
v -0.25112995 0.00589314 1.07603081
v -0.24330535 0.06244821 1.09267046
v -0.24360248 0.08156402 1.09068957
v -0.24370144 0.08235638 1.09039238
v -0.24211680 0.08186115 1.09405709
v -0.23944247 0.08116784 1.10099031
v -0.25548796 -0.02629663 1.06830522
v -0.24578139 0.03649822 1.08534111
v -0.24251299 0.07611651 1.09336377
v -0.24300811 -0.19328739 1.02531957
v -0.23181607 -0.16803078 1.04958574
v -0.26162868 -0.13207724 1.04453441
v -0.26628391 -0.12662971 1.04829806
v -0.26519432 -0.13594001 1.04938756
v -0.26024205 -0.12732302 1.03849251
v -0.26261924 -0.12306407 1.04374191
v -0.26034118 -0.12237076 1.03274786
v -0.26093536 -0.11959749 1.03918583
v -0.26123259 -0.11969656 1.02670608
v -0.26450100 -0.11702229 1.01927767
v -0.26955243 -0.11533853 1.01194845
v -0.27737702 -0.11523947 1.00570843
v -0.28619208 -0.11454615 1.00491611
v -0.27638646 -0.11187196 1.00659987
v -0.27173142 -0.13009632 1.05136845
v -0.28896536 -0.12999728 1.04195909
v -0.29223384 -0.12870966 1.03740313
v -0.29817659 -0.12405451 1.02135762
v -0.29827574 -0.12266788 1.01660347
v -0.29688890 -0.12029081 1.01155214
v -0.26866091 -0.11137670 1.01234452
v -0.27638646 -0.11187196 1.00659987
v -0.28431011 -0.13069060 1.04651523
v -0.26390682 -0.11216908 1.01977304
v -0.29500714 -0.12712496 1.03185660
v -0.26123259 -0.11434809 1.02799371
v -0.29688890 -0.12573833 1.02650802
v -0.26261924 -0.12306407 1.04374191
v -0.28619208 -0.11454615 1.00491611
v -0.27638646 -0.11187196 1.00659987
v -0.28698434 -0.12346025 0.99719063
v -0.28896536 -0.12999728 1.04195909
v -0.26123259 -0.11434809 1.02799371
v -0.26390682 -0.11216908 1.01977304
v -0.29827574 -0.12266788 1.01660347
v -0.29688890 -0.12573833 1.02650802
v -0.29500714 -0.12712496 1.03185660
v -0.29817659 -0.12405451 1.02135762
v -0.29223384 -0.12870966 1.03740313
v -0.28639016 -0.11860704 1.00105328
v -0.26044023 -0.11662610 1.03403555
v -0.26866091 -0.11137670 1.01234452
v -0.24389952 -0.20170626 1.02621095
v -0.05194936 0.02738603 1.54144600
v -0.05917964 0.03560682 1.53649373
v -0.05521787 0.03035742 1.53352246
v -0.04828466 0.02758415 1.53223477
v -0.05838733 0.03422018 1.53550335
v -0.05660451 0.03362593 1.52827300
v -0.05591119 0.02897079 1.54501164
v -0.03204121 0.02649465 1.53302715
v -0.04838372 0.02877266 1.52876819
v -0.03748868 0.02015569 1.50123356
v -0.03818199 0.02124519 1.50123356
v -0.04511521 0.02669271 1.51401044
v -0.04006387 0.02649465 1.51975509
v -0.04877991 0.02906979 1.51668464
v -0.03134790 0.01787767 1.52213222
v -0.02936695 0.01886812 1.52649012
v -0.03174408 0.02124519 1.52450924
v -0.02421661 0.00945877 1.52163691
v -0.02689082 0.00866644 1.51757608
v -0.02441468 0.00688363 1.51777420
v -0.03402210 0.02075000 1.52044840
v -0.03451735 0.02342420 1.52242929
v -0.03709255 0.01827386 1.49925268
v -0.02114617 0.00886450 1.52183503
v -0.02154235 0.00589312 1.51787326
v -0.03818199 0.02401852 1.51757608
v -0.03689442 0.01985856 1.49737074
v -0.04055912 0.02738603 1.52242929
v -0.03679536 0.02659365 1.52658918
v -0.04154957 0.02788128 1.52470736
v -0.02045285 0.01837292 1.57957861
v -0.02817845 0.02154237 1.58443182
v -0.03738967 0.02332519 1.58334238
v -0.04590759 0.02679178 1.58155950
v -0.02718795 0.00955782 1.49053664
v -0.03362591 0.01361872 1.49004145
v -0.03966769 0.02065094 1.49499372
v -0.02768320 0.00054472 1.50222407
v -0.03738967 0.02817841 1.53352246
v -0.03669636 0.02798029 1.53302715
v -0.03600304 0.02778223 1.53263102
v -0.03511160 0.02728697 1.53193770
v -0.03382403 0.02679178 1.53154146
v -0.03214021 0.02570227 1.53124439
v -0.05383118 0.03154592 1.57858811
v -0.04065813 0.02253282 1.50291738
v -0.04759135 0.02936697 1.52044840
v -0.04026200 0.02936697 1.53451284
v -0.05848633 0.03639920 1.53669185
v -0.03986581 0.03194212 1.53441378
v -0.05818920 0.03976672 1.53629572
v -0.03362591 0.04531330 1.52965963
v -0.03352691 0.04739324 1.53025389
v -0.03293259 0.04957225 1.53411672
v -0.03422022 0.05016651 1.53144251
v -0.06116059 0.03798390 1.57452728
v -0.03808299 0.02837648 1.53411671
v -0.02599943 0.01649104 1.45200790
v -0.04749228 0.02956505 1.52351885
v -0.03560685 0.00985495 1.50252113
v -0.03313072 0.00569506 1.50242207
v -0.07562122 0.05937774 1.53144251
v -0.07661166 0.06423101 1.52985776
v -0.03184309 0.01936338 1.45388973
v -0.04333239 0.02302801 1.49756886
v -0.03689442 0.02263189 1.45656405
v -0.04214382 0.02599940 1.46012969
v -0.04610565 0.02857460 1.46329908
v -0.03560685 0.02015569 1.51321806
v -0.04838372 0.02996123 1.46607234
v -0.04689803 0.02689084 1.46854854
v -0.04996842 0.02986218 1.46943998
v -0.05036460 0.02877266 1.47290656
v -0.04907704 0.02639559 1.47686833
v -0.04759135 0.02391945 1.48112729
v -0.04343145 0.02035381 1.48310817
v -0.04907704 0.02570227 1.49410228
v -0.04788847 0.02431564 1.48746619
v -0.04580852 0.02362232 1.49241846
v -0.03927150 0.02302801 1.50965242
v -0.03006027 0.02164138 1.52886725
v -0.06730143 0.04541231 1.56888169
v -0.07205558 0.05363309 1.56165134
v -0.07433366 0.06106150 1.55372768
v -0.07562122 0.06571664 1.54530883
v -0.03540873 0.02540514 1.52480642
v -0.07334321 0.05878349 1.49945069
v -0.07076800 0.06106151 1.48776338
v -0.07096608 0.05353409 1.49330991
v -0.07661166 0.06848999 1.53679092
v -0.07661166 0.06314151 1.52272648
v -0.07700785 0.06938140 1.52827300
v -0.07680978 0.06878712 1.52015122
v -0.07631454 0.06056631 1.51618945
v -0.07641360 0.06640996 1.51272287
v -0.07532409 0.05680254 1.51014761
v -0.07364034 0.05224646 1.50420495
v -0.07542316 0.06294339 1.50598772
v -0.07056988 0.04729419 1.49895549
v -0.05769401 0.05155314 1.45577167
v -0.01956147 0.01639198 1.44121192
v -0.02659369 0.01649104 1.44685751
v -0.02659369 0.01797674 1.44131098
v -0.02669275 0.01084546 1.52114172
v -0.05412837 0.03223925 1.47657126
v -0.05244455 0.03154593 1.47211418
v -0.05155317 0.02897079 1.47706645
v -0.02877270 0.01282634 1.52034934
v -0.02906983 0.01540154 1.52361780
v -0.03253640 0.02362233 1.43933009
v -0.03283353 0.02124519 1.44309386
v -0.05432643 0.03501257 1.47062849
v -0.05175124 0.03303162 1.46745898
v -0.04788847 0.03630014 1.45121553
v -0.04283714 0.03025836 1.45062127
v -0.04739328 0.03382400 1.45488023
v -0.03828105 0.02788128 1.44249961
v -0.03808299 0.02590034 1.44626325
v -0.04333239 0.03233831 1.44665950
v -0.05105792 0.03610208 1.45953543
v -0.05452450 0.04036103 1.46211057
v -0.05185029 0.03927152 1.45626686
v -0.02560325 0.02292902 1.43526926
v -0.01916528 0.01936338 1.43744827
v -0.02609844 0.02055188 1.43764628
v -0.03214021 0.02609846 1.43675495
v -0.07274890 0.04719512 1.50925629
v -0.06938138 0.04244098 1.50460108
v -0.07472984 0.07007472 1.50172876
v -0.07433366 0.05194933 1.51460469
v -0.03105071 0.01569867 1.51935884
v -0.03342784 0.01867005 1.51817033
v -0.07522504 0.05571304 1.51975509
v -0.07562122 0.05809018 1.52530162
v -0.07690885 0.07413558 1.51767514
v -0.07720597 0.07918690 1.52579681
v -0.07680978 0.07938500 1.51569426
v -0.07730498 0.07433368 1.52698543
v -0.07680978 0.07770123 1.53599854
v -0.07433366 0.05452453 1.53302715
v -0.07403653 0.05343502 1.52777781
v -0.07364034 0.05125601 1.52322167
v -0.07294702 0.04808656 1.51866552
v -0.06759856 0.03927152 1.50945429
v -0.07106514 0.04382760 1.51351525
v -0.07601741 0.07274895 1.50945430
v -0.07581935 0.07849349 1.50638396
v -0.02005666 0.02203757 1.58948316
v -0.03748868 0.02798028 1.59344493
v -0.02827745 0.02352326 1.58908691
v -0.05482169 0.03441825 1.58334238
v -0.06244816 0.04154954 1.57878623
v -0.04650184 0.02926792 1.58631365
v -0.07680978 0.07314513 1.53629573
v -0.07591834 0.07482890 1.54639828
v -0.07581935 0.07027281 1.54580402
v -0.07463078 0.06541952 1.55511432
v -0.07304602 0.06304244 1.56660362
v -0.07413552 0.07611649 1.49707367
v -0.07274890 0.06640996 1.49459748
v -0.07195658 0.07393749 1.48905095
v -0.06769756 0.05402928 1.48132541
v -0.06740044 0.04759132 1.48825857
v -0.05670351 0.03630013 1.47577888
v -0.03233834 0.01985856 1.44864039
v -0.05640638 0.03907340 1.46884561
v -0.05343505 0.03659726 1.46478477
v -0.04234194 0.02827748 1.45537542
v -0.04699709 0.03134787 1.45943637
v -0.03738967 0.02411752 1.45151271
v -0.04986942 0.03283356 1.46310108
v -0.04353045 0.03511157 1.44348999
v -0.03699348 0.02223570 1.51569425
v -0.04214382 0.02490989 1.51222767
v -0.05125604 0.02798029 1.50836485
v -0.05046367 0.02669271 1.50123356
v -0.05284074 0.02926792 1.48251392
v -0.04828466 0.03946960 1.44794707
v -0.05244455 0.04313429 1.45309747
v -0.05610925 0.04491711 1.45923825
v -0.01857103 0.02471184 1.43299119
v -0.05878345 0.04461998 1.46745898
v -0.06264629 0.05383122 1.46646859
v -0.06759856 0.06264626 1.47379800
v -0.05729782 0.04689799 1.59889251
v -0.07007469 0.06997557 1.48122635
v -0.06670712 0.04234191 1.49459747
v -0.05105792 0.02698984 1.48845669
v -0.04986942 0.02609846 1.48211779
v -0.03293259 0.01678817 1.51539707
v -0.03095171 0.01381678 1.51668464
v -0.02906983 0.01114258 1.51727889
v -0.01975953 0.01480729 1.44685751
v -0.04293620 0.02104713 1.48984333
v -0.07017369 0.04580850 1.55689719
v 0.00044575 0.17971814 1.49707368
v -0.00718079 0.17922292 1.49697461
v -0.01599583 0.17734105 1.49677649
v -0.01569871 0.17278495 1.48944720
v -0.02500894 0.17436969 1.49647942
v -0.02382043 0.16971455 1.48915002
v -0.03570586 0.17555823 1.50311540
v -0.03382403 0.17040786 1.49608317
v -0.04471902 0.16882314 1.50281833
v -0.04254001 0.16406894 1.49598411
v -0.05244455 0.15980999 1.50232302
v -0.05026555 0.15664053 1.49578611
v -0.05987296 0.14960830 1.50222407
v -0.05828826 0.14693407 1.49628130
v -0.06363672 0.13861425 1.49776699
v -0.06631092 0.13217628 1.49954975
v -0.00004951 0.17466682 1.48994239
v -0.06601380 0.12880873 1.49479560
v -0.04531327 0.02213663 1.48558437
v -0.05591119 0.03332875 1.48241486
v -0.05858539 0.03402213 1.48994239
v -0.05947683 0.03768677 1.48291017
v -0.05462356 0.03025836 1.48915001
v -0.05293980 0.02798029 1.49558798
v -0.05987296 0.04125242 1.47548170
v -0.03808299 0.03045649 1.43952822
v -0.06333960 0.04214385 1.48449480
v -0.06274528 0.03788489 1.49142808
v -0.05848633 0.03144692 1.50430401
v -0.06046728 0.03322974 1.51143530
v -0.06324054 0.03491351 1.50628490
v -0.06343860 0.04699707 1.47667021
v -0.05511882 0.03035742 1.51014761
v -0.05690164 0.03184311 1.51628851
v -0.05472262 0.02887173 1.50271926
v -0.05482169 0.03194212 1.52015122
v -0.05343505 0.03204118 1.52332073
v -0.05293980 0.03174405 1.52569786
v -0.05274173 0.03114979 1.52748062
v -0.05254361 0.03045649 1.52896632
v -0.05244455 0.02966410 1.53025389
v -0.05224649 0.02887173 1.53124439
v -0.05214742 0.02847553 1.53233383
v -0.04927510 0.04927513 1.52470736
v -0.04848279 0.05155314 1.52579681
v -0.04996842 0.04709612 1.52401405
v -0.05056273 0.04461998 1.52371686
v -0.05115698 0.04135147 1.52401404
v -0.05175124 0.03709252 1.52549974
v -0.05135505 0.03362593 1.53381953
v -0.05165223 0.03332874 1.52876819
v -0.05442550 0.03164499 1.53411671
v -0.05135505 0.03362593 1.53381953
v -0.05175124 0.02966410 1.53381953
v -0.05204836 0.02867361 1.53352246
v -0.03748868 0.02550414 1.58819559
v -0.04620471 0.05660448 1.54481364
v -0.04749228 0.03204117 1.53362140
v -0.04818560 0.02847553 1.53372047
v -0.05214742 0.02827747 1.53312621
v -0.04848279 0.02817841 1.53005576
v -0.03808299 0.03154592 1.53520616
v -0.05700069 0.03065455 1.49687555
v -0.06096247 0.03402213 1.49806405
v -0.06522142 0.03818202 1.50073837
v -0.04085625 0.01857099 1.48637675
v -0.03956868 0.01698623 1.48271204
v -0.03937056 0.01659005 1.48013690
v -0.02332517 0.00599219 1.48360348
v -0.03124883 0.00955782 1.48380149
v -0.03441829 0.01777862 1.47468932
v -0.03511160 0.01678817 1.47528357
v -0.03768680 0.01649104 1.48994239
v -0.03679536 0.01480729 1.48449480
v -0.03362591 0.01906624 1.47459026
v -0.03382403 0.01243016 1.48568343
v -0.03352691 0.01985856 1.47647220
v -0.03253640 0.02273089 1.47944359
v -0.03362591 0.02124519 1.48439586
v -0.03431922 0.02075000 1.48855576
v -0.03530967 0.02065094 1.49449841
v -0.03233834 0.03015930 1.50212500
v -0.03164502 0.04283716 1.51014761
v -0.03313072 0.06304244 1.51450563
v -0.03025839 0.08354491 1.51014761
v -0.01767959 0.10949485 1.48736713
v -0.01044924 0.10691967 1.48697100
v -0.01599583 0.10919771 1.48746620
v -0.03352691 0.01985856 1.47647220
v -0.00995405 0.20200339 1.56907982
v -0.07621553 0.13187905 1.53778142
v -0.07621553 0.09206283 1.56640549
v -0.07492791 0.08720959 1.57888530
v -0.07680978 0.09889697 1.56907981
v -0.07710691 0.10632539 1.57066445
v -0.07710691 0.11424904 1.57096164
v -0.07799829 0.10771203 1.55897714
v -0.07680978 0.09562847 1.55402487
v -0.07552216 0.08572391 1.56323610
v -0.07750310 0.10137311 1.55709520
v -0.07839448 0.11276335 1.54857729
v -0.07809735 0.11375370 1.55907621
v -0.07750310 0.09869888 1.54243651
v -0.07641360 0.09008191 1.55026111
v -0.07839448 0.10781107 1.54818116
v -0.07799829 0.10305679 1.54639828
v -0.06858900 0.12732306 1.49964881
v -0.06740044 0.13534573 1.50470015
v -0.07007469 0.13277055 1.50975148
v -0.06858900 0.11930036 1.49271565
v -0.06819281 0.12395549 1.49638036
v -0.06918325 0.11355571 1.48984333
v -0.07126320 0.13475146 1.51490188
v -0.07730498 0.09443992 1.53530522
v -0.07789929 0.12038985 1.55768958
v -0.07819642 0.11791371 1.54758691
v -0.07671073 0.12306408 1.56917876
v -0.07730498 0.09513324 1.52262742
v -0.07651266 0.12078604 1.53797943
v -0.07661166 0.12554023 1.53639479
v -0.07512603 0.13178009 1.51618945
v -0.07641360 0.13197819 1.52262742
v -0.07700785 0.10028362 1.51044480
v -0.07572028 0.10266071 1.49905456
v -0.08205919 0.13059155 1.53233384
v -0.08483245 0.13158201 1.53669186
v -0.08196012 0.12940290 1.53490910
v -0.07027276 0.10820725 1.49073477
v -0.07502696 0.10533494 1.49321085
v -0.07562122 0.10880153 1.49073477
v -0.07373934 0.11989463 1.49855937
v -0.07403653 0.11652708 1.49410229
v -0.07819642 0.10464162 1.52252835
v -0.07809735 0.10216547 1.51826940
v -0.07819642 0.10216547 1.52480643
v -0.08156394 0.12365837 1.49806406
v -0.07799829 0.12405445 1.50172876
v -0.07809735 0.12108318 1.49846031
v -0.07849355 0.10810822 1.53996043
v -0.07829547 0.10464162 1.53797943
v -0.07750310 0.09909507 1.52034934
v -0.08077161 0.11553652 1.53659280
v -0.08225725 0.11216908 1.53481003
v -0.08027637 0.11207003 1.53580042
v -0.08225725 0.11236717 1.49182421
v -0.07869167 0.11504141 1.49004145
v -0.07898879 0.11088139 1.49073477
v -0.07978117 0.10870248 1.53500804
v -0.07373934 0.12950205 1.50985055
v -0.08136587 0.11682423 1.49033852
v -0.07819642 0.11850800 1.49251753
v -0.07869167 0.10533494 1.52668825
v -0.07829547 0.10335402 1.52956057
v -0.08186113 0.13187905 1.52857019
v -0.08443626 0.13425624 1.53312622
v -0.07690885 0.12831341 1.53431472
v -0.07799829 0.10632540 1.49935174
v -0.07819642 0.10682062 1.49291378
v -0.07690885 0.10503780 1.49875737
v -0.08116781 0.13078965 1.50578971
v -0.07898879 0.12940290 1.51014761
v -0.07859260 0.12702591 1.50618584
v -0.07948399 0.10721681 1.52975870
v -0.08255444 0.11018806 1.52916444
v -0.08067256 0.10880153 1.52678731
v -0.08027637 0.11078243 1.49677649
v -0.08295063 0.11424904 1.49380510
v -0.07869167 0.10474066 1.50975148
v -0.07869167 0.10662243 1.51658558
v -0.07908786 0.10741489 1.51004867
v -0.08433726 0.12445073 1.49895550
v -0.08156394 0.12722401 1.50123357
v -0.08443626 0.11256525 1.53243290
v -0.08037543 0.10929675 1.53213583
v -0.07869167 0.10800917 1.50153075
v -0.08413914 0.13594002 1.52857019
v -0.08899241 0.13316674 1.53074908
v -0.07918686 0.10751393 1.52450924
v -0.08810097 0.12672877 1.53807849
v -0.08889334 0.13088868 1.53441379
v -0.08671433 0.13633619 1.52094360
v -0.08196012 0.13534573 1.51638757
v -0.08562483 0.13613801 1.51569426
v -0.08423820 0.13356291 1.50915723
v -0.08265344 0.11712135 1.49202234
v -0.08067256 0.12009273 1.49281472
v -0.08027637 0.10890058 1.49449842
v -0.08612008 0.11573472 1.53510710
v -0.08423820 0.11543758 1.53768236
v -0.08077161 0.13306769 1.50985055
v -0.08572389 0.12207364 1.54154507
v -0.08780384 0.12167745 1.53867274
v -0.07859260 0.10701871 1.52104266
v -0.07819642 0.10434448 1.51717995
v -0.08285156 0.12118213 1.49400322
v -0.08443626 0.11622985 1.53243290
v -0.08542676 0.12989824 1.50697822
v -0.08463438 0.13138392 1.50618584
v -0.08612008 0.12573831 1.53481003
v -0.08592195 0.12147936 1.53481003
v -0.07879067 0.10850439 1.51975509
v -0.08423820 0.12118213 1.49766793
v -0.08512958 0.12326218 1.50034213
v -0.08235631 0.11117862 1.52708450
v -0.08116781 0.10989104 1.52500455
v -0.08186113 0.11434807 1.49756887
v -0.07958305 0.11147576 1.49925268
v -0.07879067 0.10870249 1.51609039
v -0.07997924 0.10949485 1.51044480
v -0.08423820 0.12732306 1.50123357
v -0.08364395 0.11325858 1.52995682
v -0.07879067 0.10919771 1.50291739
v -0.08869522 0.13465242 1.52698544
v -0.08631815 0.13118572 1.52965964
v -0.08314869 0.11751754 1.49677649
v -0.07958305 0.10909857 1.52282554
v -0.08631815 0.12900672 1.53292809
v -0.08582289 0.13386005 1.52054747
v -0.08631815 0.13386005 1.51509989
v -0.08592195 0.13237438 1.51054386
v -0.07978117 0.11068340 1.52084454
v -0.07888973 0.10959390 1.51886365
v -0.08027637 0.10999007 1.52183504
v -0.08225725 0.11613090 1.50103544
v -0.08334682 0.12009273 1.50093638
v -0.08255444 0.11702231 1.49925268
v -0.08433726 0.12831341 1.52767875
v -0.08374294 0.12811542 1.53154146
v -0.08404013 0.13019536 1.52866914
v -0.07780023 0.10979189 1.50430402
v -0.07908786 0.11147576 1.50311539
v -0.07978117 0.11157481 1.50143169
v -0.08027637 0.11642804 1.53094721
v -0.08265344 0.11375370 1.52896632
v -0.08265344 0.11662613 1.53164052
v -0.08483245 0.12831341 1.50945430
v -0.08532770 0.13098773 1.51133624
v -0.08463438 0.12930396 1.50826579
v -0.07819642 0.11038626 1.51817034
v -0.07819642 0.11008912 1.51539707
v -0.08255444 0.12217267 1.50499733
v -0.08344582 0.12643164 1.50569065
v -0.08324775 0.12246981 1.50331352
v -0.08116781 0.11424904 1.52797582
v -0.08196012 0.11187194 1.52579681
v -0.08413914 0.13158201 1.52520256
v -0.08136587 0.11414999 1.49964881
v -0.07829547 0.11296144 1.51242568
v -0.07789929 0.11078243 1.51529801
v -0.07740404 0.11107957 1.51549613
v -0.07631454 0.11058435 1.50628490
v -0.07928592 0.11306049 1.51193049
v -0.08295063 0.12385645 1.53144252
v -0.08374294 0.12662972 1.53055108
v -0.08374294 0.12573831 1.52965964
v -0.08651627 0.12960110 1.51846752
v -0.08612008 0.13069060 1.51420856
v -0.08651627 0.12989824 1.51440657
v -0.08631815 0.12950205 1.51252475
v -0.08245538 0.12118213 1.53263102
v -0.08205919 0.12088509 1.53094721
v -0.08334682 0.11840895 1.50519534
v -0.08295063 0.12157830 1.50648303
v -0.08116781 0.11137672 1.52332073
v -0.08126681 0.11286239 1.52490549
v -0.08077161 0.11197088 1.52252835
v -0.08265344 0.11414999 1.50361070
v -0.07700785 0.11177289 1.50390777
v -0.07245177 0.11682423 1.50905817
v -0.07334321 0.11870599 1.50717634
v -0.07284796 0.11682423 1.50697822
v -0.07770116 0.11434807 1.51767514
v -0.07720597 0.11306049 1.51678370
v -0.07839448 0.11325858 1.51826940
v -0.08196012 0.12078604 1.52252835
v -0.08087062 0.12157830 1.52094360
v -0.08047449 0.12058795 1.52133985
v -0.07245177 0.11434807 1.50806767
v -0.07225371 0.11573472 1.51093999
v -0.07859260 0.12583726 1.51212862
v -0.07601741 0.12415359 1.51222768
v -0.07680978 0.12484690 1.51391138
v -0.08314869 0.12454978 1.52015122
v -0.08087062 0.12256886 1.52034935
v -0.08314869 0.12336112 1.52143891
v -0.07819642 0.12554023 1.51658558
v -0.07978117 0.12633260 1.51430763
v -0.07730498 0.12534214 1.51559520
v -0.07235270 0.11959749 1.50895911
v -0.07413552 0.12068699 1.50767154
v -0.08265344 0.12207364 1.52213222
v -0.07274890 0.11533853 1.51272287
v -0.07482884 0.11335753 1.51430763
v -0.07403653 0.11494236 1.51410950
v -0.07918686 0.12494595 1.51807127
v -0.08096969 0.12643164 1.51599133
v -0.07908786 0.11791371 1.52143891
v -0.07918686 0.11613089 1.52242929
v -0.07958305 0.11751754 1.52282554
v -0.08364395 0.12732305 1.51361431
v -0.08196012 0.12593641 1.51787327
v -0.08453532 0.12712496 1.51589226
v -0.08265344 0.12147936 1.52520256
v -0.07760217 0.11207003 1.51727890
v -0.07898879 0.11256525 1.51906177
v -0.07928592 0.11414999 1.51975509
v -0.07879067 0.11523948 1.50450202
v -0.08037543 0.11662613 1.50539346
v -0.08512958 0.12583726 1.52133985
v -0.08453532 0.12445073 1.52341979
v -0.07245177 0.11325858 1.50994961
v -0.07601741 0.11246622 1.51381232
v -0.07997924 0.11434807 1.52262742
v -0.07898879 0.11563567 1.52391499
v -0.07928592 0.12157830 1.50747341
v -0.07720597 0.12464882 1.50994961
v -0.08077161 0.12415359 1.50965242
v -0.07611647 0.11296144 1.51579320
v -0.07364034 0.11306049 1.50539346
v -0.07978117 0.11315954 1.52084454
v -0.07918686 0.11504140 1.52133985
v -0.07562122 0.12256886 1.50806767
v -0.07908786 0.11949844 1.50638397
v -0.07671073 0.11187194 1.51569426
v -0.08116781 0.11989463 1.52530162
v -0.08096969 0.11930036 1.52282554
v -0.08215825 0.12613450 1.51173237
v -0.07918686 0.11751754 1.52490549
v -0.08136587 0.11068340 1.52401405
v -0.08017730 0.11177289 1.51143530
v 0.00104000 0.18457138 1.50370965
v -0.06908425 0.13029441 1.50470015
v -0.07908786 0.10612730 1.53312622
v -0.08493151 0.12712496 1.50390777
v -0.08374294 0.12593641 1.50767154
v -0.07334321 0.11197088 1.50747341
v -0.08374294 0.12296505 1.52470736
v -0.08384201 0.12454978 1.50965242
v -0.08443626 0.12554023 1.50886004
v -0.07888973 0.11523948 1.52599493
v -0.07938499 0.11464522 1.52748063
v -0.08572389 0.12851159 1.52381592
v -0.08503058 0.12603545 1.52559880
v -0.08463438 0.12732305 1.52718344
v -0.08215825 0.11613090 1.50549253
v -0.08344582 0.11563567 1.50400683
v -0.07928592 0.11177289 1.51965603
v -0.07799829 0.11098053 1.51777421
v -0.07958305 0.11127767 1.52015122
v -0.08374294 0.12425263 1.52767875
v -0.07492791 0.11197088 1.50430402
v -0.07869167 0.11712135 1.52748063
v -0.07849355 0.11682422 1.52956058
v -0.08582289 0.12682782 1.51123718
v -0.08552576 0.12771923 1.51014761
v -0.07770116 0.11147576 1.51757608
v -0.08037543 0.11256525 1.52173598
v -0.08225725 0.11365476 1.50153075
v -0.08542676 0.13187905 1.51401044
v -0.08582289 0.13019537 1.51232662
v -0.07849355 0.11692317 1.52114172
v -0.07562122 0.11444703 1.51549613
v -0.08265344 0.11900322 1.50331352
v -0.08027637 0.11959749 1.52153785
v -0.07710691 0.11038626 1.50578971
v -0.08612008 0.13029441 1.51886365
v -0.08324775 0.12554023 1.53411672
v -0.08324775 0.12454978 1.53273009
v -0.08186113 0.11236717 1.52530162
v -0.08522864 0.13187905 1.51916084
v -0.08324775 0.12157830 1.53421578
v -0.08612008 0.13267150 1.52619306
v -0.07463078 0.12296505 1.51064292
v -0.07809735 0.11514044 1.51886365
v -0.07819642 0.11603185 1.52015122
v -0.07641360 0.11632899 1.51807127
v -0.07690885 0.11414999 1.51658558
v -0.07651266 0.11553652 1.51717995
v -0.07611647 0.11533853 1.51599133
v -0.07522504 0.11533853 1.51500094
v -0.07383840 0.11583377 1.51391138
v -0.07304602 0.11622985 1.51301994
v -0.07255083 0.11722040 1.51202955
v -0.07225371 0.11840895 1.51093999
v -0.07294702 0.12048881 1.51074199
v -0.07314509 0.12157830 1.50985055
v -0.07354127 0.12207364 1.51113812
v -0.07472984 0.12276696 1.51232662
v -0.07562122 0.12355932 1.51371325
v -0.07601741 0.12405445 1.51529801
v -0.07601741 0.12425263 1.51678370
v -0.07601741 0.12435168 1.51767514
v -0.07631454 0.12415359 1.51846752
v -0.07710691 0.12237077 1.51985415
v -0.08037543 0.12336112 1.51955697
v -0.07631454 0.12326218 1.51935884
v -0.07819642 0.12128126 1.52034935
v -0.07849355 0.12029082 1.52054747
v -0.07869167 0.11949844 1.52084454
v -0.07829547 0.11830990 1.52094360
v -0.07720597 0.11781467 1.52034934
v -0.07542316 0.12336112 1.51589226
v -0.07581935 0.11880513 1.51965603
v -0.07621553 0.11722040 1.51916084
v -0.08146493 0.12029082 1.52866914
v -0.07542316 0.12256886 1.51450563
v -0.07433366 0.12177650 1.51282193
v -0.07492791 0.11811181 1.51836846
v -0.07472984 0.11900322 1.51668464
v -0.07502696 0.11751754 1.51737796
v -0.07433366 0.12088509 1.51757608
v -0.07512603 0.12009272 1.51935884
v -0.07502696 0.12128126 1.51925990
v -0.07542316 0.11672518 1.51609039
v -0.07463078 0.11801266 1.51500094
v -0.07492791 0.11622985 1.51470376
v -0.07383840 0.11722040 1.51371325
v -0.07324414 0.11830990 1.51282193
v -0.07423459 0.11949844 1.51430763
v -0.07433366 0.11949844 1.51797221
v -0.07463078 0.12038985 1.51618945
v -0.07443265 0.12098414 1.51420856
v -0.07492791 0.12217267 1.51599133
v -0.07522504 0.12336112 1.51717995
v -0.07482884 0.12237077 1.51886365
v -0.07512603 0.12326218 1.51846752
v -0.07472984 0.12227163 1.51737796
v -0.07324414 0.11959749 1.51242568
v -0.07700785 0.11236717 1.51351525
v -0.07710691 0.11137672 1.51569426
v -0.07453172 0.11107957 1.50628490
v -0.08295063 0.12256886 1.52857019
v -0.08651627 0.12890778 1.51539707
v -0.08631815 0.12870969 1.51846752
v -0.08681339 0.12861064 1.51321806
v -0.08225725 0.11860705 1.50687916
v -0.08255444 0.12098414 1.50777060
v -0.08067256 0.11355571 1.52401405
v -0.08077161 0.11464522 1.50460109
v -0.08522864 0.12930395 1.52441018
v -0.08473345 0.12692687 1.51817034
v -0.08592195 0.12762008 1.52272648
v -0.08146493 0.12583726 1.53817755
v -0.08493151 0.12752113 1.54025750
v -0.08087062 0.13237437 1.52312261
v -0.08304963 0.13693046 1.52272648
v -0.07819642 0.10285880 1.50955336
v -0.07720597 0.13039346 1.53203677
v -0.07809735 0.09919411 1.52886726
v -0.07334321 0.12435168 1.50133263
v -0.07809735 0.11197088 1.54055468
v -0.07760217 0.11622985 1.54005937
v -0.07413552 0.11306049 1.49132902
v -0.07997924 0.13207723 1.51618945
v -0.07829547 0.10127397 1.53471097
v -0.07690885 0.13128487 1.52837207
v -0.07373934 0.12702591 1.50549253
v -0.08087062 0.12118213 1.53817755
v -0.07591834 0.13247342 1.56432555
v -0.01975953 0.16991264 1.62533770
v 0.00262475 0.19992343 1.53570148
v -0.03778586 0.02956505 1.53550335
v -0.04828466 0.02728697 1.53302715
v 0.01262836 0.01886811 1.54263463
v 0.00916173 0.01906623 1.54204037
v 0.01292549 0.01926431 1.54194131
v 0.01262836 0.01876906 1.54461551
v 0.00896366 0.01837293 1.54332794
v 0.01262836 0.01857099 1.54342701
v 0.01619400 0.01936337 1.54273369
v 0.01609494 0.01946237 1.54204037
v 0.01926439 0.02055188 1.54184225
v 0.01659019 0.01966050 1.54382314
v 0.01896727 0.02075000 1.54114893
v 0.02164147 0.02243376 1.54055468
v 0.02005677 0.02094806 1.54283263
v 0.02114628 0.02233470 1.54015843
v 0.02292910 0.02352326 1.53986136
v 0.02243384 0.02273088 1.54144600
v 0.02213672 0.02322614 1.53946512
v 0.02372147 0.02490989 1.53906899
v 0.02391954 0.02421658 1.54035656
v 0.02283003 0.02461277 1.53887086
v 0.02401860 0.02590034 1.53827661
v 0.02471192 0.02550415 1.53926711
v 0.02302816 0.02540514 1.53827661
v 0.02391954 0.02629652 1.53758329
v 0.02500905 0.02649465 1.53827661
v 0.02302816 0.02590034 1.53768236
v 0.02461285 0.02689083 1.53619666
v 0.02352336 0.02629652 1.53659279
v 0.02263197 0.02570227 1.53688998
v 0.02401860 0.02639559 1.53510710
v 0.02292910 0.02580133 1.53570147
v 0.02203766 0.02520702 1.53609760
v 0.01787777 0.02223569 1.53134345
v 0.02005677 0.02332520 1.53342340
v 0.01738251 0.02174045 1.53243290
v 0.01966059 0.02292901 1.53431472
v 0.01708538 0.02134425 1.53342340
v 0.00599227 0.02094806 1.53282914
v 0.00965698 0.02075000 1.53154146
v 0.00955791 0.02035381 1.53263102
v 0.00589327 0.02134425 1.53074908
v 0.00579421 0.02124519 1.53173958
v 0.00282282 0.02203757 1.53312621
v 0.00232762 0.02213663 1.53134345
v 0.00252570 0.02203757 1.53223477
v 0.00074288 0.02292901 1.53352246
v 0.00024768 0.02292901 1.53282914
v 0.00569514 0.02005668 1.54134706
v 0.00896366 0.01857099 1.54253557
v 0.00539802 0.01956143 1.54194131
v 0.00519996 0.01946237 1.54263463
v 0.00876560 0.01857099 1.54451645
v 0.00500183 0.01946237 1.54382314
v 0.00163432 0.02045287 1.54243650
v 0.00203050 0.02104713 1.54075269
v -0.00133708 0.02164138 1.54065374
v 0.00193144 0.02065093 1.54144600
v -0.00054470 0.02213663 1.53896992
v 0.00232762 0.02154237 1.54015843
v -0.00302083 0.02253282 1.53857368
v -0.00094089 0.02193851 1.53956418
v -0.00212946 0.02273088 1.53768236
v -0.00024757 0.02273088 1.53857368
v -0.00460559 0.02352326 1.53599854
v -0.00361515 0.02312708 1.53698904
v -0.00420940 0.02322614 1.53728611
v -0.00341703 0.02391945 1.53589948
v -0.00262464 0.02382039 1.53669185
v -0.00292183 0.02312708 1.53679092
v -0.00401128 0.02382039 1.53500804
v -0.00460559 0.02362232 1.53490909
v -0.00341703 0.02421658 1.53520616
v -0.00302083 0.02421658 1.53580041
v -0.00420940 0.02362232 1.53391859
v -0.00292183 0.02411752 1.53461191
v -0.00292183 0.02431564 1.53530522
v 0.01847202 0.02332520 1.53015482
v 0.02084915 0.02401852 1.53253196
v 0.00173331 0.02243376 1.53025389
v -0.00024757 0.02302801 1.53203677
v -0.00103996 0.02292901 1.53114533
v 0.00559614 0.02174045 1.52946151
v 0.00985510 0.02203757 1.52777781
v 0.00995410 0.02154238 1.52916444
v 0.02490998 0.02698984 1.53441378
v 0.02570236 0.02748509 1.53580041
v 0.02500905 0.02698984 1.53738517
v 0.02609855 0.02708891 1.53827661
v 0.02619762 0.02758415 1.53708810
v 0.02580142 0.02609846 1.53946512
v 0.02481092 0.02500896 1.54065374
v 0.02312716 0.02332520 1.54213932
v 0.01668919 0.01995763 1.54451645
v 0.02025484 0.02134425 1.54332794
v 0.01262836 0.01906623 1.54540789
v 0.00846841 0.01876906 1.54540789
v -0.00153514 0.02134425 1.54164413
v 0.00113906 0.02015569 1.54352607
v 0.00470470 0.01926431 1.54481364
v 0.02114628 0.02154237 1.54421938
v -0.00569509 0.02342420 1.53619666
v -0.00510078 0.02302801 1.53778142
v -0.00569509 0.02352326 1.53481003
v -0.00510078 0.02352326 1.53352246
v -0.00371415 0.02233470 1.53926711
v -0.00609129 0.02282995 1.53847473
v -0.00153514 0.02322614 1.53738517
v -0.00470465 0.02193851 1.54015843
v -0.00797310 0.02203757 1.53936605
v -0.00648747 0.02134425 1.54154506
v -0.00886454 0.02243376 1.53708810
v -0.00896361 0.02243376 1.53510710
v -0.00708172 0.02322614 1.53649373
v -0.00827023 0.02243376 1.53332434
v -0.00708172 0.02332520 1.53481003
v -0.01143975 0.01797673 1.54303076
v -0.01025118 0.02035381 1.54005937
v -0.00876549 0.01975955 1.54253557
v -0.01302445 0.01886811 1.53698904
v -0.01064737 0.02075000 1.53500804
v -0.01084543 0.02075000 1.53738517
v -0.01252925 0.01886811 1.53431472
v -0.00995405 0.02084901 1.53273008
v -0.01262825 0.01857099 1.54005937
v -0.01431207 0.01688723 1.54283263
v -0.01510439 0.01738242 1.53976230
v -0.01540152 0.01738242 1.53669185
v -0.01500539 0.01659005 1.53332434
v -0.01153875 0.01867005 1.53154146
v -0.01728339 0.01649104 1.54253557
v -0.01470820 0.01213303 1.52520255
v -0.01738246 0.01411391 1.52995682
v -0.01738246 0.01153877 1.52609399
v -0.01767959 0.01678817 1.53966324
v -0.01777865 0.01649104 1.53659279
v -0.01758053 0.01550060 1.53332434
v 0.00500183 0.02213663 1.52807488
v 0.00945891 0.02233470 1.52609399
v 0.00420945 0.02233470 1.52678731
v 0.00084193 0.02253282 1.52906538
v -0.00044564 0.02253282 1.52807488
v -0.00232752 0.02292901 1.53035295
v -0.00381321 0.02263189 1.52965963
v 0.02005677 0.02461277 1.52728250
v 0.02243384 0.02570227 1.53025389
v 0.01916533 0.02411752 1.52886726
v 0.02877275 0.02768316 1.53976230
v 0.02748519 0.02778223 1.53817755
v 0.02916894 0.02857460 1.53807849
v 0.02867375 0.02897079 1.53471097
v 0.02748519 0.02827747 1.53679092
v 0.02708900 0.02827747 1.53520616
v 0.02758424 0.02619752 1.54154506
v 0.02708900 0.02698984 1.53956418
v 0.02916894 0.02916885 1.53649373
v 0.02550429 0.02421658 1.54322888
v 0.02599948 0.02560321 1.54104987
v 0.01767969 0.01926431 1.54659640
v 0.02203766 0.02154237 1.54501164
v 0.00312001 0.01827386 1.54679452
v 0.00044575 0.01985856 1.54441739
v 0.00411045 0.01926431 1.54580402
v 0.01282642 0.01867005 1.54649734
v 0.01708538 0.01985856 1.54550695
v 0.00757703 0.01748149 1.54748784
v 0.00827034 0.01847193 1.54659640
v -0.00074283 0.01916524 1.54540789
v -0.00242658 0.02104713 1.54253557
v 0.01272737 0.01777861 1.54728972
v -0.00401128 0.02045287 1.54362501
v 0.02411761 0.02382039 1.54263463
v -0.00965693 0.01708529 1.54570496
v -0.01302445 0.01589673 1.54600215
v -0.01678821 0.01579772 1.54580402
v -0.00173326 0.01441110 1.55095442
v -0.00331796 0.01758054 1.54689359
v 0.00113906 0.01649104 1.54837928
v 0.00460564 0.01401490 1.55214293
v 0.00628946 0.01579772 1.54927060
v 0.01906633 0.01728341 1.55105348
v 0.01243024 0.01629292 1.54907259
v 0.01847202 0.01797673 1.54837928
v 0.02401860 0.02124519 1.54639828
v 0.02560330 0.02124519 1.54897353
v 0.01203405 0.01510441 1.55194492
v -0.00648747 0.01886811 1.54491270
v -0.00648747 0.01579772 1.54847834
v 0.03332889 0.03105074 1.53867274
v 0.03105083 0.03006029 1.53619666
v 0.03322983 0.03154592 1.53589948
v 0.03273458 0.03006029 1.54134706
v 0.03114988 0.02966410 1.53837567
v 0.03263552 0.03114979 1.53312621
v 0.03045657 0.02986217 1.53411671
v 0.03154607 0.02807935 1.54382314
v 0.03075370 0.02867361 1.54035656
v 0.02906993 0.02530608 1.54649734
v 0.02946606 0.02698984 1.54233744
v 0.02728711 0.02451370 1.54431833
v 0.02659380 0.02164138 1.55244011
v 0.03085275 0.02639559 1.54917166
v 0.00302094 0.01302441 1.55600575
v -0.00569509 0.01292540 1.55491631
v 0.03570597 0.03322974 1.53906899
v 0.03570597 0.03342781 1.53540428
v 0.03501265 0.03214024 1.54253557
v 0.03501265 0.03283356 1.53193770
v 0.03342790 0.02996123 1.54570496
v 0.01124174 0.01421298 1.55580763
v 0.03164508 0.03025835 1.53055107
v 0.03412121 0.03164499 1.52876819
v 0.01936346 0.01708529 1.55461912
v -0.01064737 0.01431203 1.55006298
v -0.01579770 0.01441110 1.55036016
v 0.02698993 0.02253282 1.55610482
v 0.01966059 0.01807574 1.55877902
v 0.01124174 0.01500535 1.56046283
v -0.00569509 0.01302441 1.56165134
v -0.01411395 0.01342059 1.55620388
v 0.00341714 0.01451010 1.56640549
v 0.01173692 0.01649104 1.56521698
v 0.02738612 0.02421658 1.55976952
v -0.01391589 0.01371772 1.56194853
v 0.02005677 0.01975955 1.56313704
v -0.00569509 0.01381678 1.56739599
v -0.01371776 0.01460916 1.56769318
v 0.03015945 0.03768677 1.58789840
v 0.03600309 0.04145053 1.57640910
v 0.03808304 0.04600662 1.57987568
v 0.02015583 0.03174405 1.59334598
v 0.02807944 0.03402212 1.58363944
v 0.00975604 0.02817840 1.59710963
v 0.01827395 0.02827747 1.58829465
v 0.03798404 0.03521063 1.53055107
v 0.03758785 0.03491351 1.54382314
v 0.03847923 0.03639920 1.53956418
v 0.03857830 0.03620108 1.53490909
v 0.03233839 0.02807935 1.55194492
v 0.03570597 0.03233830 1.54778503
v 0.03709260 0.03382400 1.52688637
v 0.03352696 0.03025835 1.55501525
v 0.03748879 0.03521063 1.54986497
v 0.03976681 0.03838008 1.54481364
v 0.04095537 0.03986577 1.53956418
v 0.04343150 0.05333596 1.57007020
v 0.04531338 0.05501972 1.55768957
v 0.04650195 0.05947680 1.55937327
v 0.04026205 0.05135507 1.58373851
v 0.04026205 0.04412473 1.56482085
v 0.03392315 0.03709252 1.57294252
v 0.04877997 0.06363669 1.54808209
v 0.04798759 0.06442908 1.56155228
v 0.03342790 0.13197818 1.62999279
v 0.03669641 0.10266070 1.62751659
v 0.04234200 0.12791732 1.62315869
v -0.01926435 -0.00163429 1.50618584
v -0.00965693 0.00549700 1.50876098
v -0.01262825 0.00470461 1.51183143
v -0.01272732 0.00232754 1.50846391
v -0.00708172 0.00935976 1.50895910
v -0.01005306 0.00787407 1.51173236
v -0.01292538 0.00698269 1.51470375
v -0.01044924 0.00965689 1.51440657
v -0.00777504 0.01114258 1.51103905
v -0.01857103 0.00133704 1.51143530
v -0.01579770 0.00024753 1.50846391
v -0.01559964 0.00242654 1.51163330
v -0.01847197 0.00371418 1.51450563
v -0.01559964 0.00500174 1.51460469
v -0.01896716 -0.00064385 1.50846391
v -0.01589677 -0.00064385 1.50618584
v -0.00539797 0.01342059 1.50935535
v -0.00212946 0.01678817 1.50796860
v -0.00539797 0.01470822 1.51143530
v -0.01421301 0.00113897 1.50034212
v -0.01550057 0.00262467 1.49846030
v -0.01342063 0.00242655 1.49974787
v -0.00420940 0.01044926 1.50202594
v -0.00470465 0.01243016 1.49846030
v -0.00302083 0.01401491 1.49994599
v -0.01995766 -0.00113909 1.49994599
v -0.01827384 0.00094085 1.49816311
v -0.01718434 -0.00024766 1.50034212
v -0.01777865 0.00351605 1.49677648
v -0.01678821 0.00420937 1.49727179
v -0.02035385 0.00054472 1.49746980
v -0.01906622 0.00351605 1.49598410
v -0.01748153 0.00668550 1.49558798
v -0.01639201 0.00678456 1.49647942
v -0.02025479 0.00351605 1.49548891
v -0.01867003 0.00638838 1.49459747
v -0.01550057 0.00817120 1.49340897
v -0.01431207 0.00876545 1.49558798
v -0.01995766 0.00638838 1.49400322
v -0.01134068 0.01064734 1.49519173
v -0.00797310 0.01193496 1.49380510
v -0.00836930 0.01193496 1.49538985
v -0.00767598 0.01163777 1.49746980
v -0.00658647 0.01272728 1.49667742
v -0.01094450 0.00371418 1.50014400
v -0.01312350 0.00341705 1.49964881
v -0.01143975 0.00430843 1.49974787
v -0.00797310 0.00846832 1.49925268
v -0.00876549 0.00599219 1.50014400
v -0.00945881 0.00638838 1.49954975
v -0.00747791 0.01044926 1.49836124
v -0.00678460 0.00896357 1.49964881
v -0.01490632 0.00351605 1.49855936
v -0.01589677 0.00490269 1.49766792
v -0.01540152 0.00698269 1.49727179
v -0.01143975 0.01044926 1.49677648
v -0.00896361 0.01153878 1.49677648
v -0.00609129 0.01153878 1.49826218
v -0.00529890 0.00945877 1.50044119
v -0.00747791 0.00589312 1.50123356
v -0.01966048 -0.00183241 1.50222407
v -0.01946241 -0.00183241 1.50430401
v -0.01064737 0.00292179 1.50113450
v -0.00975593 0.00391224 1.50658197
v -0.01292538 0.00103992 1.50618584
v -0.00440746 0.01163777 1.50618584
v -0.00470465 0.01252921 1.50777059
v -0.00321896 0.01460916 1.50539346
v -0.00490272 0.01342059 1.49538985
v 0.00846841 0.01837293 1.50054025
v 0.00896366 0.01916524 1.50717634
v 0.00500183 0.01827386 1.50549252
v -0.01807578 0.00737881 1.49271565
v -0.01956147 0.00718075 1.49212140
v -0.00866642 0.01084546 1.49806405
v -0.01371776 0.00886450 1.49717273
v -0.01451014 0.00727982 1.49855936
v -0.01401488 0.00450649 1.49905455
v -0.01282637 0.00450649 1.49964881
v -0.00836930 0.01005308 1.49875737
v -0.00896361 0.00866644 1.49954975
v -0.01460920 0.00549700 1.49855936
v -0.01153875 0.00539793 1.49984693
v -0.01153875 0.01044926 1.49826218
v -0.01332157 0.00906264 1.49855936
v -0.01015212 0.00708169 1.49984693
v -0.00965693 0.01094446 1.49776698
v -0.01926435 0.00718075 1.49004145
v 0.00262475 0.01639198 1.48112729
v 0.00599227 0.01827386 1.48083022
v 0.00321901 0.01599580 1.48271204
v -0.00292183 0.01500535 1.46993517
v 0.00153525 0.01748149 1.47181699
v 0.00094100 0.01698623 1.47330269
v -0.01143975 0.01015214 1.49340897
v 0.00411045 0.01876906 1.47399600
v 0.00321901 0.01837293 1.47518463
v -0.01896716 0.00500174 1.48191966
v -0.01906622 0.00708169 1.48697100
v -0.01163781 0.01025114 1.49935174
v -0.01272732 0.00926070 1.49984693
v -0.00916168 0.00975594 1.49915362
v -0.00965693 0.00896357 1.50014400
v -0.01064737 0.01044926 1.49935174
v -0.00965693 0.01025114 1.49925268
v -0.01332157 0.00559599 1.49954975
v -0.01272732 0.00529887 1.49974787
v -0.01183588 0.00638838 1.50054025
v -0.01391589 0.00628931 1.49974787
v -0.01371776 0.00777500 1.49984693
v -0.01064737 0.00777500 1.50044119
v -0.01153875 0.00817120 1.50073837
v -0.01252925 0.00678456 1.50063931
v -0.01054831 0.00935976 1.50044119
v -0.01252925 0.00817120 1.50063931
v -0.01312350 0.00698269 1.50054025
v -0.01173687 0.00945877 1.50054025
v 0.00559614 0.01975956 1.47211418
v -0.00262464 0.01569867 1.46835042
v 0.00262475 0.01837293 1.46953904
v 0.00222857 0.01688724 1.48003784
v 0.00519996 0.01837293 1.47964159
v -0.01698627 0.00727982 1.48746619
v -0.00113901 0.01530248 1.47954253
v 0.00153525 0.01748149 1.47914640
v 0.00084193 0.01787767 1.47845309
v 0.00014862 0.01847194 1.47795789
v -0.00242658 0.01767955 1.47716552
v -0.00024757 0.01916524 1.47766071
v -0.00292183 0.01886812 1.47696739
v -0.00064376 0.02005668 1.47746258
v -0.00302083 0.01995763 1.47736364
v -0.00064376 0.02104713 1.47855215
v 0.00411045 0.01995763 1.47825496
v 0.00460564 0.01956144 1.47746258
v 0.00500183 0.01995763 1.47815590
v 0.00361520 0.02025476 1.47845309
v 0.00381332 0.01966050 1.47785883
v 0.00252570 0.02124519 1.47835402
v 0.00312001 0.02075000 1.47845309
v 0.00262475 0.02144332 1.47845309
v 0.00242663 0.02253282 1.47865121
v 0.00242663 0.02273089 1.47904734
v 0.00004956 0.01649104 1.47468932
v 0.00143618 0.01817480 1.47676927
v -0.00074283 0.01659005 1.47587795
v -0.00103996 0.02065094 1.47815590
v 0.00074288 0.02025476 1.47825496
v 0.00094100 0.02193851 1.47815590
v 0.00341714 0.01906624 1.47894828
v 0.00252570 0.01926431 1.47855215
v 0.00183238 0.01966050 1.47825496
v 0.00143618 0.02025476 1.47805696
v 0.00113906 0.02114620 1.47815590
v 0.00727990 0.02015569 1.47736364
v 0.00569514 0.01975956 1.47696739
v 0.00688371 0.02005668 1.47617501
v 0.00094100 0.01847194 1.47746258
v -0.00133708 0.01678817 1.47667021
v -0.00163421 0.01886812 1.47815590
v 0.00064381 0.01906624 1.47775977
v 0.00222857 0.01807574 1.47607595
v -0.01639201 0.00519981 1.48261298
v -0.01381682 0.00648743 1.48439586
v -0.01668914 0.00589312 1.48439586
v -0.00727979 0.01183590 1.47865121
v -0.00411033 0.01292540 1.47983972
v -0.00718079 0.01064734 1.48013690
v -0.00777504 0.01451010 1.47667021
v -0.00460559 0.01500535 1.47775977
v -0.00747791 0.01312347 1.47746258
v -0.01421301 0.00787407 1.48746619
v -0.01124163 0.00965689 1.49073476
v -0.01470820 0.00827025 1.49073476
v -0.00708172 0.01005308 1.48191966
v -0.00381321 0.01243016 1.48281110
v -0.00727979 0.01025114 1.48350442
v -0.01262825 0.01183590 1.47657126
v -0.01005306 0.01124165 1.47775977
v -0.01262825 0.00985495 1.47775977
v -0.01282637 0.00817120 1.47914640
v -0.01005306 0.00876545 1.48073116
v -0.01302445 0.00708169 1.48092916
v -0.01520345 0.01104352 1.47637314
v -0.01530251 0.00896357 1.47746258
v -0.01550057 0.00718075 1.47894828
v -0.01599583 0.00599219 1.48073116
v -0.01787766 0.01084546 1.47617501
v -0.01807578 0.00866644 1.47706645
v -0.01847197 0.00698269 1.47835402
v -0.01876910 0.00569506 1.48003784
v -0.01035025 0.01490629 1.47617501
v -0.00797310 0.01599580 1.47617501
v -0.01262825 0.01421298 1.47587795
v -0.01015212 0.01292541 1.47667021
v -0.01530251 0.01361872 1.47558076
v -0.01777865 0.01342059 1.47558076
v -0.00391227 0.01213303 1.48132541
v -0.01025118 0.00807213 1.48261298
v -0.01332157 0.00638838 1.48281110
v -0.00341703 0.01431203 1.47251031
v -0.00430847 0.01411391 1.47449131
v -0.00549697 0.01649104 1.47766071
v -0.00163421 0.01748149 1.47756165
v -0.00500177 0.01431203 1.47597689
v -0.00836930 0.01173684 1.47003423
v -0.00797310 0.01272729 1.46706285
v -0.00896361 0.01143971 1.47280750
v -0.01005306 0.01262828 1.47577888
v -0.00965693 0.01173684 1.47459026
v -0.01035025 0.01361872 1.47676927
v -0.00519985 0.01520341 1.47696739
v -0.01589677 0.00995402 1.47350081
v -0.01550057 0.00955783 1.47112368
v -0.01460920 0.01391585 1.46310107
v -0.00767598 0.01520341 1.46211057
v -0.00777504 0.01451010 1.46518102
v -0.01490632 0.00975595 1.46815229
v -0.01451014 0.01104352 1.46498290
v -0.01589677 0.01163777 1.47567982
v -0.00153514 0.01599580 1.47855215
v 0.00292188 0.02045288 1.47835402
v -0.00430847 0.01381679 1.47865121
v -0.01015212 0.00975595 1.47914640
v -0.01044924 0.01460916 1.47766071
v -0.01589677 0.01084546 1.47488744
v -0.01579770 0.01233109 1.47617501
v -0.01272732 0.01619392 1.47567982
v -0.01054831 0.01678817 1.47587795
v -0.01540152 0.01639198 1.47558076
v -0.00886454 0.01738242 1.47597689
v -0.00539797 0.01827386 1.47815590
v -0.01044924 0.01589673 1.47736364
v -0.01797671 0.01629292 1.47528357
v 0.00331807 0.02451371 1.47835402
v 0.00312001 0.02481083 1.47924546
v -0.00034664 0.02223570 1.47993878
v 0.00094100 0.02213663 1.47924546
v -0.01272732 0.01659005 1.47667021
v -0.01094450 0.01718436 1.47706645
v -0.00034664 0.02312708 1.47756165
v 0.00203050 0.02461277 1.47736364
v -0.00420940 0.02065094 1.47775977
v -0.00886454 0.01807574 1.47449131
v -0.01044924 0.01589673 1.47736364
v -0.01787766 0.01629292 1.47647220
v -0.01530251 0.01649104 1.47647220
v -0.01520345 0.01421298 1.47637314
v -0.00420940 0.02065094 1.47775977
v -0.00935974 0.01787767 1.47716552
v -0.00311990 0.02075000 1.47914640
v -0.01530251 0.01649104 1.47647220
v -0.01401488 0.01797674 1.48083022
v -0.01272732 0.01659005 1.47667021
v -0.01787766 0.01629292 1.47647220
v -0.01619389 0.01748149 1.48083022
v -0.01391589 0.01609485 1.47359987
v -0.00935974 0.01787767 1.47716552
v -0.01153875 0.01916524 1.48073116
v -0.01005306 0.02065094 1.48073116
v 0.00153525 0.02570227 1.47459026
v 0.00203050 0.02461277 1.47736364
v 0.00460564 0.02738604 1.47538264
v 0.00054480 0.02391945 1.48221685
v 0.00113906 0.02352327 1.48033491
v -0.00034664 0.02223570 1.47993878
v -0.00321896 0.02322614 1.48201873
v -0.01094450 0.01718436 1.47706645
v -0.00787411 0.01876906 1.46993517
v -0.00212946 0.02352327 1.47488744
v -0.00203039 0.02362233 1.47013330
v -0.00034664 0.02312708 1.47756165
v 0.00648752 0.02887173 1.48013690
v 0.00331807 0.02451371 1.47835402
v 0.00312001 0.02481083 1.47924546
v 0.00183238 0.02629652 1.47023236
v 0.00708177 0.02986218 1.48191967
v 0.00747796 0.02916886 1.47884922
v -0.01827384 0.01728342 1.48083022
v -0.02005666 0.01609485 1.48439586
v -0.01847197 0.01639198 1.48459387
v -0.01421301 0.01678817 1.48479199
v -0.01639201 0.01639198 1.48479199
v -0.00985499 0.01857099 1.48548531
v 0.00529895 0.02847554 1.47171793
v 0.00133713 0.02322614 1.48617862
v 0.00242663 0.02590034 1.48231591
v -0.00232752 0.02084901 1.48627768
v -0.01173687 0.01748149 1.48508918
v -0.00708172 0.01966050 1.46508196
v -0.00569509 0.02431565 1.45953543
v -0.00173326 0.02431565 1.46567621
v -0.00123802 0.02669272 1.46022875
v 0.00252570 0.02659365 1.46577528
v 0.00965698 0.03204118 1.47855215
v 0.00797321 0.03055548 1.48360348
v -0.02025479 0.01480729 1.48806045
v -0.01867003 0.01490629 1.48835763
v -0.01411395 0.01540154 1.48865482
v -0.01649102 0.01500535 1.48885282
v -0.01361870 0.01659005 1.46815229
v -0.01163781 0.01609485 1.48905095
v -0.00975593 0.01688723 1.48934813
v 0.00599227 0.02906979 1.46815229
v 0.00401139 0.02451371 1.48954614
v 0.00222857 0.02193851 1.48994239
v -0.00173326 0.09483611 1.43566539
v -0.00975593 0.09513324 1.43497208
v 0.00569514 0.02431564 1.49321084
v 0.00331807 0.02104713 1.49449841
v -0.00074283 0.01847193 1.49519173
v -0.00619028 0.06343864 1.44903652
v -0.01332157 0.01540154 1.49430041
v -0.01035025 0.01579773 1.49449841
v -0.00500177 0.03223925 1.45547448
v 0.00321901 0.02817841 1.46092207
v -0.00935974 0.04749231 1.44943276
v 0.01025123 0.03124880 1.48489105
v -0.02005666 0.01619392 1.49222046
v -0.01847197 0.01530248 1.49291377
v -0.01659009 0.01510441 1.49360709
v -0.01421301 0.02203758 1.45725736
v -0.00846836 0.01599579 1.49469654
v 0.00737896 0.03025836 1.46329908
v -0.01906622 0.02471183 1.50063931
v -0.01807578 0.02401852 1.50162969
v -0.01163781 0.03035742 1.45151271
v -0.01579770 0.02391945 1.50271926
v -0.01322257 0.02431564 1.50341257
v -0.01035025 0.02481083 1.50361070
v -0.00876549 0.02530609 1.50321445
v 0.00500183 0.03471544 1.45804974
v 0.00955791 0.03530969 1.46171433
v 0.00292188 0.02798029 1.50054025
v -0.00123802 0.02718796 1.50212500
v -0.00163421 0.04689800 1.45270122
v 0.00034668 0.03441825 1.45676205
v 0.00381332 0.04689800 1.45676205
v -0.01361870 0.01738242 1.46339814
v 0.01589687 0.03659726 1.47884922
v 0.01292549 0.03451731 1.48776338
v 0.00827034 0.04699707 1.46022875
v 0.01896727 0.04501617 1.48102823
v 0.01698632 0.04333236 1.49241847
v -0.01738246 0.03877627 1.50886004
v -0.01659009 0.03838008 1.51044480
v -0.02074998 0.01391585 1.47548170
v -0.01520345 0.01421298 1.47637314
v -0.01401488 0.03828109 1.51183143
v -0.01124163 0.03838008 1.51272287
v -0.00836930 0.03857821 1.51272287
v -0.00678460 0.03867721 1.51252474
v 0.01332168 0.04640281 1.46329908
v 0.00391233 0.03937052 1.50737435
v 0.00638846 0.02916885 1.49855936
v 0.00143618 0.06274532 1.45161177
v 0.01470831 0.08899242 1.44943277
v 0.00767608 0.09394470 1.44487662
v 0.00797321 0.06234913 1.45468211
v 0.01233124 0.06215100 1.46003063
v 0.02203766 0.05888255 1.49499372
v -0.01500539 0.05809018 1.51272287
v -0.01391589 0.05868443 1.51440657
v -0.01044924 0.05868443 1.51618945
v -0.00678460 0.05868443 1.51727889
v -0.00311990 0.05838730 1.51757608
v 0.00024768 0.05828823 1.51638757
v 0.01659019 0.06086344 1.46359627
v 0.01044935 0.05759492 1.51153424
v 0.00836940 0.03956865 1.50559158
v 0.00727990 0.05779305 1.51361431
v -0.01243019 0.07839454 1.50915723
v -0.01074643 0.07888967 1.51074198
v -0.00727979 0.07948405 1.51193049
v -0.00391227 0.07948405 1.51272287
v -0.00034664 0.07908787 1.51282193
v 0.00272382 0.07879072 1.51133624
v 0.01906633 0.08017736 1.46527997
v 0.01302456 0.07809741 1.50717634
v 0.01421306 0.05759492 1.50846391
v 0.00955791 0.07829549 1.50935535
v 0.00836940 0.10375021 1.45606874
v 0.00302094 0.10483962 1.45240415
v 0.01728350 0.08255446 1.45725736
v -0.01441107 0.01510442 1.46022875
v 0.02540523 0.07908787 1.49202234
v 0.02342429 0.06036818 1.48320724
v 0.01233124 0.09651988 1.49954975
v 0.01718445 0.07809741 1.50400683
v 0.00866653 0.09642084 1.50083744
v -0.00044564 0.09651988 1.50281832
v 0.01223217 0.10216547 1.46290295
v 0.02391954 0.09770833 1.48835763
v 0.02441480 0.07997928 1.48310817
v -0.01015212 0.09602465 1.50123357
v -0.00836930 0.09681701 1.50182782
v -0.00292183 0.09701502 1.50301633
v -0.00619028 0.09711415 1.50252114
v -0.00203039 0.10483962 1.45081940
v 0.00232762 0.09622274 1.50202595
v 0.01322262 0.10325498 1.47072755
v 0.00688371 0.10682062 1.47359988
v 0.00866653 0.10701871 1.47548170
v 0.00014862 0.10711776 1.47132181
v 0.00420945 0.10721681 1.47201512
v 0.00856747 0.10642443 1.48568343
v 0.00688371 0.10642443 1.48637675
v 0.00589327 0.10672157 1.48845670
v 0.00312001 0.10721681 1.48915001
v 0.00490277 0.09552943 1.50103544
v 0.01500543 0.10672157 1.48380149
v 0.02273097 0.10038265 1.48291017
v -0.00698267 0.10652348 1.48697100
v -0.00321896 0.10781108 1.48915001
v -0.00539797 0.10791012 1.48885283
v -0.00381321 0.10830630 1.47043037
v -0.00103996 0.10731584 1.48756526
v 0.00064381 0.10711776 1.48756526
v 0.00688371 0.10642443 1.48637675
v -0.00163421 0.02352326 1.59364305
v 0.00856747 0.02490989 1.59156310
v -0.00737885 0.01639198 1.45884212
v -0.01401488 0.01619392 1.45715830
v 0.01084554 0.02134426 1.47706645
v 0.00876560 0.02084901 1.47538264
v 0.01044935 0.02203758 1.47449131
v 0.00727990 0.02124519 1.47023236
v 0.00619039 0.02005668 1.47775977
v 0.00331807 0.01975956 1.46696378
v -0.00232752 0.01629292 1.46518102
v -0.00222846 0.01758054 1.46201151
v -0.01035025 0.03956865 1.43061406
v -0.00420940 0.03382400 1.43259494
v -0.01124163 0.03273450 1.43170362
v 0.03283365 0.07007472 1.45230509
v 0.03907348 0.06819275 1.46042676
v 0.03402221 0.06274532 1.45458316
v 0.04204487 0.10761298 1.45388973
v 0.03917255 0.09503421 1.45943637
v 0.03887543 0.10018457 1.44963077
v 0.04194581 0.11236718 1.44121192
v 0.03887543 0.10503780 1.43715109
v 0.04353056 0.11662613 1.42932649
v 0.04105443 0.10949485 1.42506753
v 0.04699715 0.12019178 1.41882769
v 0.04452101 0.11276335 1.41456873
v 0.05343511 0.12385645 1.41001259
v 0.04947328 0.11613090 1.40456512
v 0.05898159 0.11969654 1.39584909
v 0.03590404 0.09434088 1.44517381
v 0.03293270 0.08493146 1.44893746
v 0.03154607 0.08978478 1.44111286
v 0.03630022 0.09899602 1.43318932
v 0.03233839 0.09404375 1.42992074
v 0.03838017 0.10325498 1.42130377
v 0.03481453 0.09820366 1.41744106
v 0.04194581 0.10632540 1.41050778
v 0.03828117 0.10127398 1.40654601
v 0.04689808 0.10989104 1.40030617
v 0.04382769 0.10444353 1.39664146
v 0.05274179 0.10830630 1.38733117
v 0.04145062 0.07938500 1.46557715
v 0.03738973 0.07522509 1.45765349
v -0.00232752 0.04996846 1.43130737
v -0.00836930 0.05828824 1.42922743
v -0.00173326 0.05937774 1.43001980
v -0.00173326 0.05937774 1.43001980
v -0.00658647 0.06769760 1.42526565
v -0.00084182 0.06809381 1.42546366
v -0.00539797 0.07354122 1.41466779
v 0.00004956 0.07413559 1.41506392
v -0.00391227 0.07562128 1.40288131
v 0.00143618 0.07671068 1.40337650
v 0.01203405 0.08087069 1.40535750
v 0.00896366 0.08136582 1.39337301
v 0.01480737 0.08324778 1.39426433
v 0.00539802 0.08275255 1.38168558
v 0.00312001 0.07997928 1.39258063
v -0.00232752 0.07938500 1.39198626
v -0.00074283 0.08245542 1.38099227
v 0.01163792 0.08374301 1.38247796
v 0.01767969 0.08552583 1.38346834
v 0.00678464 0.07869169 1.40436700
v 0.00133713 0.08423824 1.37019628
v 0.00846841 0.08443633 1.37079053
v 0.01698632 0.08354491 1.40704120
v 0.01025123 0.07720600 1.41724293
v 0.01589687 0.08552583 1.37168197
v 0.02312716 0.08780388 1.37287048
v 0.04887903 0.10325498 1.38416166
v 0.03917255 0.09949116 1.39297676
v 0.03065463 0.09354851 1.41427155
v 0.02788137 0.06472621 1.44774895
v 0.02857468 0.05749593 1.44953183
v 0.03233839 0.04273810 1.59285067
v 0.03610216 0.08958670 1.45379079
v 0.05650550 0.11335753 1.39139201
v 0.04382769 0.12147936 1.44507475
v 0.04372863 0.11722040 1.45953544
v 0.06225008 0.12712497 1.40050429
v 0.05521793 0.13148297 1.41377636
v 0.04858190 0.12841255 1.42288852
v 0.04521433 0.12514395 1.43299119
v 0.04372863 0.11722040 1.45953544
v 0.04224299 0.13108678 1.44893746
v 0.04194581 0.12851159 1.46448771
v 0.06066545 0.14257596 1.40466419
v 0.05303893 0.13950566 1.41536111
v 0.04382769 0.12147936 1.44507475
v 0.04442194 0.13415720 1.43655683
v 0.04769046 0.13683133 1.42595897
v 0.04442194 0.13415720 1.43655683
v 0.03808304 0.14118943 1.45171084
v 0.03738973 0.14019898 1.46696379
v 0.05789219 0.15010352 1.40605082
v 0.04986947 0.14723121 1.41684681
v 0.04065825 0.14317033 1.43893397
v 0.04422389 0.14505210 1.42803892
v 0.04065825 0.14317033 1.43893397
v 0.03253652 0.14881594 1.45369173
v 0.03223939 0.14832070 1.46884561
v 0.05313798 0.15812622 1.40624883
v 0.04481814 0.15515486 1.41744106
v 0.03501265 0.15069781 1.43992435
v 0.03867735 0.15287670 1.42932649
v 0.03501265 0.15069781 1.43992435
v 0.02679187 0.15465952 1.45488023
v 0.02649474 0.15515486 1.46993518
v 0.04590764 0.16654510 1.40486219
v 0.03768686 0.16268232 1.41674774
v 0.02867375 0.15683863 1.44091486
v 0.03184320 0.15941381 1.42952462
v 0.02867375 0.15683863 1.44091486
v 0.02005677 0.15990904 1.45606874
v 0.01985865 0.16000798 1.47072756
v 0.03511171 0.17377541 1.40159374
v 0.02847562 0.16921931 1.41496486
v 0.02124534 0.16169186 1.44180618
v 0.02372147 0.16446514 1.42952462
v 0.02124534 0.16169186 1.44180618
v 0.00609133 0.16634700 1.45686112
v -0.00054470 0.16803077 1.47092568
v 0.00628946 0.16684222 1.47112369
v 0.00836940 0.17397351 1.41338011
v 0.00014862 0.18041148 1.39713666
v 0.00014862 0.17436970 1.41328117
v -0.00024757 0.16852591 1.44358906
v -0.00054470 0.16713936 1.45686112
v 0.00648752 0.16763459 1.44319293
v -0.00004951 0.17100205 1.42982168
v -0.00024757 0.16852591 1.44358906
v 0.00718084 0.17011072 1.42952462
v 0.03768686 0.17734105 1.60146766
v 0.02689093 0.16357372 1.62315869
v 0.03847923 0.15852240 1.61820642
v 0.01619400 0.18447233 1.60800469
v 0.02837657 0.18189714 1.60542955
v 0.05373224 0.15862145 1.58710603
v 0.04689808 0.15277775 1.61097607
v 0.05551506 0.14307128 1.60047715
v 0.06234913 0.12306408 1.55947234
v 0.06096249 0.12375741 1.57769667
v 0.06155677 0.11523948 1.56541511
v 0.04590764 0.17050691 1.59512875
v 0.06185390 0.13386005 1.56957501
v 0.05947681 0.13346386 1.58799747
v 0.05125610 0.06809381 1.51500094
v 0.05293993 0.07373940 1.52500455
v 0.05145423 0.06769760 1.52569786
v 0.05204849 0.07225372 1.53688998
v 0.05046372 0.06640996 1.53669186
v 0.05472268 0.10077884 1.59819920
v 0.05917967 0.11098052 1.58354039
v 0.05749601 0.11741849 1.59562394
v 0.04996854 0.06799472 1.50450202
v 0.05274179 0.07482890 1.51391138
v 0.04927522 0.15079685 1.50985055
v 0.05620837 0.14148647 1.51747702
v 0.05363324 0.13871328 1.50925629
v 0.05016660 0.06888607 1.54927060
v 0.04709621 0.10226451 1.61523503
v 0.05224654 0.12276695 1.60919319
v 0.05204849 0.15416440 1.51807127
v 0.04392676 0.16238517 1.51064292
v 0.04640290 0.16674308 1.51955697
v 0.03996492 0.06066537 1.46656766
v 0.04333245 0.07205563 1.46924186
v 0.04392676 0.06472621 1.47498651
v 0.04244107 0.10246262 1.46458665
v 0.04501626 0.11306049 1.47142087
v 0.03946968 0.14069420 1.47964160
v 0.03412121 0.14941020 1.48023585
v 0.02758424 0.15644234 1.48083022
v 0.02906993 0.02560321 1.51430762
v 0.02986226 0.02748509 1.52183503
v 0.02550429 0.02471183 1.51846752
v 0.02778231 0.02837648 1.53292809
v 0.02619762 0.02768316 1.53362140
v 0.02114628 0.02490989 1.52490548
v 0.02362241 0.02619753 1.52896632
v 0.02798043 0.02817841 1.52965963
v 0.02966419 0.02916885 1.53193770
v 0.02283003 0.02471183 1.52193410
v 0.02520711 0.02659365 1.52708449
v 0.02728711 0.02698984 1.52470736
v 0.04689808 0.07472986 1.47944359
v 0.04640290 0.06670715 1.48449481
v -0.00430847 0.02956505 1.43348638
v 0.00321901 0.03729058 1.43477395
v 0.00945891 0.03679539 1.43942916
v 0.00262475 0.03243737 1.43586351
v 0.01015222 0.04184673 1.43774534
v 0.00411045 0.04481806 1.43427876
v 0.01084554 0.04917607 1.43715109
v 0.01589687 0.04125242 1.44329187
v 0.01668919 0.04689800 1.44121192
v 0.01698632 0.05383122 1.44022153
v 0.01599588 0.06809381 1.43616058
v 0.01015222 0.07205563 1.42793986
v 0.01500543 0.07512605 1.43011887
v 0.00539802 0.07522509 1.41565818
v 0.02342429 0.08800197 1.38505310
v 0.02926801 0.09097324 1.37445524
v 0.01975964 0.08562477 1.39565096
v 0.01054842 0.06482527 1.43378357
v 0.00490277 0.06967854 1.42645416
v 0.00470470 0.05353410 1.43358544
v 0.01104360 0.05709973 1.43606164
v 0.01054842 0.06482527 1.43378357
v 0.01678825 0.06125963 1.43893397
v 0.03431934 0.05452454 1.46022875
v 0.02827756 0.05006745 1.45349360
v 0.02738612 0.08572391 1.43784440
v 0.02550429 0.07661172 1.44220242
v 0.02391954 0.08205913 1.43566539
v 0.02560330 0.08938860 1.41139922
v 0.03402221 0.09622275 1.40327755
v 0.03441840 0.09543038 1.38980737
v 0.04313438 0.09889698 1.38049707
v 0.03124888 0.07631459 1.44972983
v 0.03293270 0.08493146 1.44893746
v 0.03530978 0.08077164 1.45438504
v 0.04174774 0.09008192 1.46755804
v 0.04244107 0.10246262 1.46458665
v 0.04382769 0.09760939 1.47320363
v 0.02550429 0.07661172 1.44220242
v 0.02679187 0.07136231 1.44566900
v 0.03877636 0.08512965 1.46052582
v 0.03610216 0.08958670 1.45379079
v 0.04660095 0.10642443 1.47904734
v 0.06195295 0.10989104 1.55511432
v 0.06244828 0.11603185 1.55016204
v 0.06106164 0.10602825 1.54580403
v 0.06175496 0.11147576 1.54223838
v 0.05412843 0.08027631 1.51272287
v 0.05155323 0.07611649 1.50271926
v 0.05353418 0.08245541 1.50093638
v -0.00203039 0.16842694 1.62791284
v 0.01559969 0.16545558 1.62563477
v 0.05868444 0.14614170 1.57868718
v 0.04699715 0.08443632 1.47884922
v 0.05016660 0.07690886 1.49281471
v 0.04303532 0.18249142 1.56343423
v 0.05204849 0.16793172 1.57442822
v 0.05046372 0.17328019 1.56066085
v 0.04937428 0.11533853 1.48657487
v 0.04481814 0.12672877 1.47924547
v 0.00698277 0.17258687 1.48994239
v -0.00044564 0.17050691 1.48152354
v -0.00004951 0.17466682 1.48994239
v 0.00866653 0.18199620 1.50390777
v 0.01916533 0.18308560 1.51084093
v 0.01718445 0.17773724 1.50390777
v 0.02807944 0.17753914 1.51084093
v 0.02590043 0.17268590 1.50380871
v 0.02906993 0.15802717 1.48915002
v 0.02055197 0.16129568 1.48092917
v 0.02174054 0.16367277 1.48944720
v 0.03590404 0.15089588 1.48895189
v 0.04115349 0.14237797 1.48924908
v 0.04689808 0.13088868 1.49023946
v 0.01322262 0.16396990 1.47112369
v 0.05432655 0.15763099 1.53015483
v 0.00222857 0.19566448 1.52064653
v 0.01322262 0.19724920 1.53580042
v 0.01173692 0.19299025 1.52074560
v 0.05838739 0.14455698 1.52827301
v 0.03055557 0.18239228 1.52044841
v 0.04055918 0.17991613 1.53391860
v 0.03877636 0.17555823 1.52005228
v 0.06026918 0.13296854 1.52629212
v 0.05828832 0.13138392 1.51708089
v 0.04798759 0.17030871 1.53213583
v 0.05967490 0.14633980 1.54035656
v 0.06244828 0.13168106 1.54530883
v 0.06175496 0.13356291 1.53708811
v 0.04204487 0.18268951 1.54847835
v 0.04947328 0.17328019 1.54659641
v 0.05650550 0.16030512 1.55669908
v 0.05571319 0.16080044 1.54392220
v 0.01391593 0.19903202 1.55234106
v 0.00282282 0.20378622 1.56907982
v 0.01480737 0.19893297 1.56927782
v 0.06017013 0.14465592 1.55095442
v 0.03382408 0.18982079 1.55016205
v 0.03649835 0.18615610 1.58235188
v 0.04412482 0.17833150 1.57938049
v 0.06086345 0.14029802 1.56036378
v 0.06264627 0.12841254 1.55263824
v 0.05739694 0.15456057 1.56779213
v 0.00203050 0.19873479 1.58948316
v 0.01619400 0.19576352 1.58779935
v 0.00242663 0.10592910 1.64158115
v -0.01252925 0.08493145 1.64019451
v -0.00371415 0.08314863 1.63950120
v 0.03154607 0.08215827 1.62662527
v 0.02540523 0.10434448 1.63494506
v 0.01985865 0.08304968 1.63336030
v 0.02382048 0.04382760 1.60691512
v 0.02213672 0.03699345 1.59948677
v 0.04263912 0.05779305 1.58809653
v 0.04531338 0.05888254 1.57323971
v 0.04719527 0.06482526 1.57640910
v 0.03451740 0.04927512 1.59869439
v 0.02154246 0.13514765 1.63534119
v 0.01351974 0.10483961 1.63920401
v 0.03659735 0.17139832 1.51074199
v -0.01084543 0.02728696 1.60057621
v -0.01124163 0.02401851 1.59463355
v 0.01104360 0.03372494 1.60433998
v -0.00123802 0.02679178 1.59958583
v 0.03639928 0.05759491 1.60503329
v 0.04471913 0.06561764 1.59225642
v 0.04937428 0.07175839 1.57977674
v 0.05442555 0.08859623 1.58443182
v 0.05105804 0.08691246 1.59810014
v 0.04234200 0.08334682 1.61543303
v 0.02530618 0.05274170 1.61464077
v -0.00321896 0.04135147 1.43190163
v -0.00945881 0.04818563 1.43021793
v 0.00985510 0.18684942 1.51074199
v 0.02144341 0.18823607 1.52054747
v 0.00460564 0.06185388 1.43160456
v 0.04798759 0.09305329 1.48320724
v 0.03917255 0.09503421 1.45943637
v 0.04858190 0.10137311 1.48637675
v 0.05006759 0.10840524 1.49122996
v 0.05076091 0.12078604 1.49271565
v 0.06056631 0.12524309 1.52441018
v 0.05868444 0.12425263 1.51668464
v 0.06254722 0.12276695 1.54025750
v 0.06205209 0.12464882 1.53401766
v 0.06264627 0.11999368 1.54560602
v 0.04769046 0.07492794 1.59572300
v 0.05185035 0.07948404 1.58274801
v 0.00153525 0.18991984 1.51044480
v 0.03887543 0.06789565 1.61067888
v -0.00866642 0.05274170 1.62741764
v -0.00975593 0.04194572 1.61830536
v 0.01361881 0.16545559 1.44249961
v -0.00589316 0.13861424 1.63950120
v -0.00965693 0.10840523 1.64247247
v 0.05393037 0.12613450 1.50361070
v 0.05670362 0.12237077 1.51004867
v 0.05492080 0.11999368 1.50559159
v 0.00777509 0.08314863 1.63781738
v 0.01579781 0.06433001 1.62830896
v 0.00302094 0.01351966 1.56125521
v -0.01035025 0.03293261 1.60889612
v 0.02352336 0.19259407 1.53560242
v 0.02738612 0.06482526 1.62167299
v 0.01312355 0.16396990 1.45686112
v 0.00648752 0.16763459 1.44319293
v 0.02689093 0.19120742 1.58532327
v -0.00688360 0.06442908 1.63326124
v 0.01787777 0.17268591 1.41367730
v 0.01015222 0.17951996 1.39723572
v 0.02570236 0.19447583 1.56789119
v 0.02481092 0.19497116 1.55154868
v 0.00628946 0.16872409 1.48162260
v 0.01500543 0.16822887 1.42932649
v 0.01361881 0.05194933 1.62097968
v -0.01332157 0.01520341 1.45270122
v -0.01985860 0.01460916 1.45141365
v 0.00460564 0.06185388 1.43160456
v -0.00836930 0.05828824 1.42922743
v -0.01163781 0.02817841 1.43259494
v -0.00827023 0.02104713 1.53035295
v -0.00688360 0.02035381 1.52688637
v -0.00549697 0.02183950 1.52847113
v 0.01490637 0.03649821 1.44616419
v 0.00886460 0.03273449 1.44180617
v 0.00212950 0.02887173 1.43764628
v -0.00480365 0.02580134 1.43497207
v -0.00311990 0.01559960 1.50648302
v 0.02768324 0.08978479 1.42665229
v 0.02342429 0.08621914 1.42437422
v 0.02916894 0.08077164 1.44497568
v 0.01470831 0.08007832 1.41971913
v 0.06046726 0.11910227 1.52312261
v 0.06225008 0.11642804 1.53550335
v 0.06185390 0.11821086 1.53065014
v 0.00044575 0.04135146 1.61642353
v -0.00034664 0.03263543 1.60731136
v 0.01243024 0.04154954 1.61275883
v 0.01361881 0.16525750 1.48152354
v 0.01124174 0.13673237 1.63801551
v 0.00341714 0.06324051 1.63177554
v 0.03243745 0.18714656 1.53490910
v 0.01361881 0.16545559 1.44249961
v 0.02174054 0.17763820 1.39842423
v 0.03521072 0.18932556 1.56591031
v 0.00163432 0.05194932 1.62494145
v 0.01302456 0.02035381 1.54194131
v 0.00945891 0.02174045 1.54194131
v 0.01322262 0.02203757 1.54204037
v 0.02134434 0.02411752 1.53916805
v 0.02213672 0.02451370 1.53857368
v 0.02154246 0.02332520 1.53916805
v 0.02065102 0.02362232 1.53966324
v 0.02084915 0.02243376 1.53966324
v 0.01876921 0.02223569 1.54055468
v 0.01896727 0.02114619 1.54055468
v 0.01609494 0.02094806 1.54134706
v 0.01599588 0.01985856 1.54144600
v 0.00935985 0.02015569 1.54184225
v 0.00579421 0.02094806 1.54114893
v -0.00163421 0.02461277 1.53560241
v -0.00212946 0.02431564 1.53471097
v -0.00074283 0.02481083 1.53510710
v -0.00074283 0.02382039 1.53748423
v 0.00004956 0.02481083 1.53688998
v 0.00034668 0.02441465 1.53758329
v -0.00193133 0.02441465 1.53609760
v 0.00044575 0.02421658 1.53481003
v 0.00123812 0.02312708 1.53421578
v 0.00163432 0.02342420 1.53461191
v 0.00619039 0.02144332 1.53421578
v 0.00292188 0.02203757 1.53391859
v 0.00619039 0.02094806 1.53372047
v 0.00945891 0.02055188 1.53401765
v 0.00945891 0.02005668 1.53352246
v 0.00242663 0.02233470 1.54005937
v 0.00004956 0.02342420 1.53857368
v 0.01668919 0.02174045 1.53451284
v 0.01926439 0.02273088 1.53500804
v 0.01896727 0.02302801 1.53540428
v 0.02075009 0.02451370 1.53639479
v 0.02154246 0.02481083 1.53659279
v 0.02124534 0.02500896 1.53679092
v 0.02183959 0.02560321 1.53788036
v 0.02203766 0.02550415 1.53708810
v 0.02233485 0.02570227 1.53768236
v 0.02193865 0.02550415 1.53817755
v 0.02243384 0.02530608 1.53807849
v 0.02183959 0.02510802 1.53857368
v 0.00985510 0.02490989 1.53411671
v 0.00648752 0.02193851 1.53441378
v 0.00965698 0.02124519 1.53421578
v 0.01698632 0.02649465 1.53481003
v 0.01867014 0.02411752 1.53550335
v 0.01926439 0.02778223 1.53530522
v 0.02223578 0.02946598 1.53906899
v 0.02193865 0.02649465 1.53817755
v 0.02174054 0.02619752 1.53867274
v 0.01342074 0.02471183 1.54243650
v 0.01639206 0.02263189 1.54144600
v 0.00272382 0.02540514 1.54035656
v 0.00084193 0.02391945 1.53847473
v 0.00113906 0.02609846 1.53896993
v 0.00678464 0.02490989 1.53421578
v 0.00381332 0.02312708 1.53451284
v 0.02233485 0.02976311 1.53847473
v 0.02183959 0.02649465 1.53778142
v 0.01678825 0.02570227 1.54174319
v 0.01876921 0.02401852 1.54055468
v 0.00074288 0.02629652 1.53788036
v 0.00242663 0.02669271 1.53471097
v 0.00123812 0.02451370 1.53510710
v 0.00222857 0.02401852 1.53481003
v 0.02253291 0.03006029 1.53748423
v 0.02243384 0.02996123 1.53797942
v 0.01926439 0.02708891 1.54124800
v 0.02045296 0.02530608 1.53996043
v 0.00004956 0.02659365 1.53649373
v -0.00034664 0.02481083 1.53629572
v 0.02154246 0.02926792 1.53639479
v 0.02114628 0.02599939 1.53698904
v 0.02213672 0.02976311 1.53688998
v 0.02094815 0.02827747 1.54045562
v 0.02124534 0.02580133 1.53926711
v 0.00004956 0.02659365 1.53609760
v -0.00014852 0.02481083 1.53580041
v 0.00995410 0.02441464 1.54223838
v 0.00589327 0.02233470 1.54124800
v 0.00579421 0.02461277 1.54154506
v 0.02174054 0.02887173 1.53976230
v 0.00064381 0.02481083 1.53540428
v 0.00064381 0.02669271 1.53550335
v 0.00282282 0.02332520 1.54005937
v 0.00173331 0.02550415 1.54332794
v 0.00579421 0.02461277 1.54154506
v 0.00272382 0.02540514 1.54035656
v 0.00906272 0.02471183 1.52847113
v 0.00678464 0.02490989 1.53421578
v 0.00985510 0.02490989 1.53411671
v 0.02075009 0.02718796 1.53233383
v 0.01698632 0.02649465 1.53481003
v 0.01926439 0.02778223 1.53530522
v 0.02391954 0.02926792 1.53916805
v 0.02223578 0.02946598 1.53906899
v 0.02362241 0.02887173 1.54045562
v 0.01688732 0.02520702 1.54600215
v 0.01342074 0.02471183 1.54243650
v 0.01332168 0.02421658 1.54659640
v -0.00044564 0.02708891 1.54124800
v 0.00113906 0.02609846 1.53896993
v 0.00510089 0.02560321 1.52926350
v 0.00371426 0.02629652 1.53461191
v 0.02411761 0.02936697 1.53797942
v 0.02233485 0.02976311 1.53847473
v 0.01946252 0.02639559 1.54451645
v 0.01678825 0.02570227 1.54174319
v 0.00034668 0.02649465 1.53708810
v -0.00173326 0.02827747 1.53956418
v 0.00074288 0.02629652 1.53788036
v 0.00074288 0.02768316 1.53114533
v 0.00173331 0.02679178 1.53490909
v 0.00242663 0.02669271 1.53471097
v 0.02253291 0.03006029 1.53748423
v 0.02243384 0.02996123 1.53797942
v 0.02144341 0.02748509 1.54293170
v 0.01926439 0.02708891 1.54124800
v -0.00222846 0.02926792 1.53797942
v 0.00004956 0.02659365 1.53649373
v -0.00242658 0.02976311 1.53669185
v 0.02352336 0.02906979 1.53560241
v 0.02154246 0.02926792 1.53639479
v 0.02213672 0.02976311 1.53688998
v 0.02283003 0.02837648 1.54164413
v 0.02094815 0.02827747 1.54045562
v 0.00004956 0.02659365 1.53609760
v -0.00222846 0.02986217 1.53540428
v 0.00519996 0.02421658 1.54530883
v 0.00995410 0.02441464 1.54223838
v 0.02174054 0.02887173 1.53976230
v -0.00173326 0.02936697 1.53391859
v 0.00064381 0.02669271 1.53550335
v -0.00341703 0.03204117 1.53688998
v -0.00321896 0.03223925 1.53520616
v 0.00480376 0.02758415 1.54877541
v 0.00945891 0.02382039 1.54659640
v 0.02391954 0.03065455 1.54312982
v 0.00935985 0.02718796 1.54986497
v 0.01371786 0.02748509 1.54986497
v -0.00252565 0.03233830 1.53302715
v 0.00094100 0.02877266 1.54629933
v 0.00945891 0.02887173 1.52520255
v 0.01946252 0.02936697 1.52797582
v 0.02233485 0.03035742 1.53045201
v 0.02481092 0.03114979 1.54124800
v -0.00153514 0.03006029 1.54352607
v 0.00500183 0.02976311 1.52629212
v 0.00232762 0.02679178 1.53035295
v 0.02530618 0.03154592 1.53956418
v 0.01758063 0.02817841 1.54867635
v -0.00282277 0.03114979 1.54095081
v 0.00034668 0.03124880 1.52896632
v -0.00044564 0.02847553 1.53213583
v 0.02550429 0.03174405 1.53778142
v 0.02391954 0.02956505 1.53679092
v 0.02025484 0.02906979 1.54679452
v -0.00331796 0.03174405 1.53877180
v 0.02411761 0.03114979 1.53273008
v 0.02490998 0.03154592 1.53461191
v 0.02233485 0.02996123 1.54491270
v 0.01401499 0.03095167 1.55164773
v 0.00064381 0.03243736 1.54808209
v -0.00203039 0.03342781 1.54511071
v 0.00529895 0.03372494 1.52490548
v 0.00212950 0.03065455 1.52767875
v 0.02590043 0.03412112 1.53986137
v 0.01777870 0.03124880 1.55016204
v -0.00331796 0.03412112 1.54213932
v -0.00123802 0.03501256 1.52975870
v 0.00034668 0.03471544 1.52787687
v 0.02599948 0.03431925 1.53788036
v 0.02530618 0.03184311 1.53599854
v 0.02055197 0.03184311 1.54828022
v -0.00391227 0.03481444 1.53936606
v -0.00381321 0.03511157 1.53718705
v 0.02481092 0.03431925 1.53223477
v 0.02550429 0.03441825 1.53421578
v 0.02283003 0.03253643 1.54620027
v -0.00361515 0.03530969 1.53500804
v 0.00490277 0.03144692 1.55085536
v 0.02540523 0.03372494 1.54213932
v 0.02441480 0.03313069 1.54421938
v 0.00945891 0.03105074 1.55174680
v -0.00272371 0.03530969 1.53253196
v 0.00985510 0.03322974 1.52361780
v 0.02025484 0.03322974 1.52668825
v 0.02312716 0.03382400 1.52956057
v 0.01401499 0.03382399 1.55244011
v -0.00351608 0.03748870 1.53510710
v -0.00262464 0.03758770 1.53243290
v 0.00113906 0.03530969 1.54897353
v 0.00549708 0.03689439 1.52450924
v 0.01025123 0.03659726 1.52322167
v 0.02035390 0.03630013 1.52658918
v 0.02312716 0.03649820 1.52936245
v 0.02599948 0.03620108 1.54025750
v 0.02540523 0.03570588 1.54263463
v 0.01777870 0.03392306 1.55105348
v -0.00173326 0.03610207 1.54600215
v 0.00222857 0.03441825 1.52639118
v 0.02609855 0.03639920 1.53797942
v 0.02055197 0.03431925 1.54907260
v -0.00381321 0.03709252 1.53986137
v -0.00321896 0.03669633 1.54273369
v -0.00103996 0.03758770 1.52946151
v 0.00064381 0.03738964 1.52757969
v 0.02590043 0.03451731 1.53589948
v 0.02263197 0.03491351 1.54709171
v -0.00391227 0.03729057 1.53748423
v 0.02560330 0.03669633 1.53401765
v 0.02431573 0.03540875 1.54491270
v 0.00510089 0.03461638 1.55144961
v 0.02411761 0.03699345 1.54530883
v 0.02263197 0.03669633 1.54738878
v 0.02530618 0.03738964 1.54293170
v 0.02609855 0.03798390 1.53817755
v 0.02599948 0.03669633 1.53589948
v -0.00331796 0.03927152 1.53530522
v -0.00232752 0.03937052 1.53253196
v 0.02540523 0.03847914 1.53411671
v 0.02481092 0.03669633 1.53213583
v 0.02045296 0.03867721 1.52688637
v 0.01025123 0.03907340 1.52361780
v 0.01767969 0.03620108 1.55135067
v 0.01401499 0.03630013 1.55263824
v 0.00282282 0.03917247 1.52619305
v 0.00252570 0.03719157 1.52599493
v 0.00153525 0.03768677 1.54936966
v 0.00529895 0.03709252 1.55174680
v 0.02590043 0.03778583 1.54045562
v -0.00351608 0.03887534 1.54035656
v -0.00282277 0.03857821 1.54332794
v -0.00371415 0.03907340 1.53778142
v -0.00064376 0.03937052 1.52956057
v 0.00104000 0.03937052 1.52767875
v -0.00123802 0.03818201 1.54639828
v 0.00975604 0.03659726 1.55273730
v 0.00965698 0.03412112 1.55253917
v 0.02045296 0.03630013 1.54946873
v 0.02312716 0.03857821 1.52956057
v 0.02273097 0.02847553 1.53421578
v 0.02233485 0.03838008 1.54758690
v -0.00311990 0.04055909 1.54075269
v -0.00212946 0.04036103 1.54372407
v -0.00054470 0.04006385 1.54659640
v 0.00312001 0.04115334 1.52668825
v 0.00133713 0.04115334 1.52797582
v 0.00579421 0.03917247 1.52470736
v 0.01035030 0.04125241 1.52421217
v 0.00599227 0.04125241 1.52530161
v 0.00203050 0.03966771 1.54936966
v 0.00569514 0.03917246 1.55154867
v 0.02560330 0.03986577 1.53619666
v 0.02590043 0.03838008 1.53599854
v 0.01738251 0.03818201 1.55135067
v 0.02510810 0.04016290 1.53451284
v 0.02391954 0.03867721 1.54550695
v 0.02015583 0.03828108 1.54956779
v 0.00985510 0.03877627 1.55253917
v -0.00302083 0.04085622 1.53570147
v -0.00331796 0.04065816 1.53817755
v 0.02025484 0.04085622 1.52738156
v 0.02500905 0.03897439 1.54312982
v -0.00203039 0.04105434 1.53292809
v 0.02550429 0.03927152 1.54075269
v 0.01401499 0.03838008 1.55244011
v 0.02471192 0.03857821 1.53213583
v 0.02283003 0.04055909 1.53005576
v 0.02560330 0.03966771 1.53847473
v 0.02461285 0.04194572 1.53500804
v 0.02342429 0.04046003 1.54560602
v 0.00282282 0.04184672 1.54907260
v 0.00619039 0.04145053 1.55115254
v -0.00143614 0.04293616 1.53342340
v -0.00232752 0.04263904 1.53609760
v -0.00262464 0.04254003 1.53857368
v 0.01975964 0.04313429 1.52837206
v 0.02441480 0.04075721 1.54342701
v 0.01371786 0.04055909 1.55194492
v -0.00222846 0.04244098 1.54104987
v 0.00361520 0.04333236 1.52748062
v 0.02490998 0.04115334 1.54114894
v -0.00133708 0.04234191 1.54392220
v 0.00014862 0.04214385 1.54659640
v 0.02441480 0.04036103 1.53273008
v 0.02233485 0.04263904 1.53084814
v 0.02520711 0.04145053 1.53887086
v 0.01975964 0.04026196 1.54936966
v 0.00183238 0.04313429 1.52866913
v 0.00628946 0.04353048 1.52629212
v 0.02490998 0.04174766 1.53669185
v 0.01708538 0.04036103 1.55115254
v 0.02183959 0.04036103 1.54758690
v 0.01005317 0.04105434 1.55204398
v -0.00094089 0.04511518 1.53679092
v -0.00113901 0.04501617 1.53896993
v 0.02124534 0.04521424 1.53213583
v 0.01886820 0.04580850 1.52985776
v 0.02332528 0.04313429 1.54342701
v 0.01371786 0.04323335 1.55095442
v -0.00064376 0.04491711 1.54134706
v 0.00450664 0.04590755 1.52896632
v 0.02391954 0.04353048 1.54134706
v 0.00024768 0.04481805 1.54392220
v 0.00173331 0.04452093 1.54629933
v 0.02273097 0.04471898 1.53421578
v 0.02391954 0.04382760 1.53926711
v 0.01896727 0.04293616 1.54877541
v 0.00401139 0.04432279 1.54847834
v 0.00302094 0.04570949 1.53005576
v 0.01054842 0.04372854 1.52540068
v 0.00708177 0.04620468 1.52797582
v 0.02382048 0.04412473 1.53728611
v 0.01659019 0.04303523 1.55026110
v 0.02094815 0.04293616 1.54719065
v 0.01035030 0.04372854 1.55095442
v 0.02342429 0.04432280 1.53580041
v 0.02243384 0.04293616 1.54530883
v 0.00698277 0.04412473 1.55006298
v 0.01599588 0.05026558 1.53649373
v 0.01916533 0.04798750 1.53391859
v 0.02025484 0.04769037 1.53560241
v 0.02094815 0.04739324 1.53679092
v 0.01619400 0.05036463 1.53837567
v 0.01619400 0.05036463 1.53728611
v 0.00638846 0.04749231 1.54699265
v 0.00955791 0.04996845 1.54431833
v 0.01025123 0.04947319 1.54520977
v 0.01559969 0.04957225 1.54342701
v 0.01896727 0.04630374 1.54590308
v 0.01510450 0.04937414 1.54441739
v 0.01480737 0.04858181 1.53094720
v 0.01223217 0.05016651 1.53312621
v 0.01143980 0.04877988 1.53035295
v 0.01748157 0.04630374 1.54728972
v 0.01143980 0.05056270 1.53372047
v 0.01559969 0.05016651 1.53540428
v 0.01738251 0.04838369 1.53233384
v 0.01104360 0.04907701 1.54600215
v 0.01114267 0.04669994 1.54887447
v 0.00856747 0.04709612 1.54818116
v 0.01589687 0.04986938 1.54223838
v 0.02015583 0.04640281 1.54451645
v 0.01332168 0.04838369 1.54669546
v 0.01569875 0.04630374 1.54828022
v 0.01361881 0.04640281 1.54887447
v 0.00896366 0.05105795 1.53748423
v 0.00430852 0.04887894 1.53372047
v 0.00965698 0.05105795 1.53609760
v 0.01074648 0.05066176 1.53441378
v 0.00876560 0.04887894 1.53084814
v 0.00856747 0.05105795 1.53896993
v 0.00302094 0.04877988 1.53580041
v 0.02124534 0.04679899 1.54144600
v 0.01599588 0.05016651 1.54095081
v 0.00559614 0.04877988 1.53233384
v 0.01015222 0.05085983 1.53520616
v 0.02124534 0.04709612 1.53956418
v 0.00688371 0.04887894 1.53154146
v 0.00222857 0.04828463 1.53956418
v 0.00232762 0.04848276 1.53778142
v 0.00341714 0.04808656 1.54352607
v 0.00866653 0.05066176 1.54164413
v 0.00906272 0.05036463 1.54303076
v 0.02124534 0.04719512 1.53797942
v 0.00460564 0.04778943 1.54540789
v 0.01421306 0.05006745 1.53342340
v 0.01470831 0.05016651 1.53441378
v 0.00846841 0.05085983 1.54025750
v 0.00262475 0.04828463 1.54154507
v 0.01084554 0.04630374 1.52728250
v 0.02094815 0.04650180 1.54303076
v 0.01540163 0.04610568 1.52807488
v 0.03570597 0.03164499 1.52322167
v 0.03273458 0.02986217 1.52579681
v 0.04828471 0.06759853 1.49439947
v 0.05264274 0.08512964 1.49241847
v 0.05115705 0.09305329 1.49172515
v 0.03006038 0.02887173 1.52777781
v 0.02619762 0.02758415 1.53094720
v 0.02471192 0.02698984 1.53193770
v 0.02144341 0.02490989 1.53144251
v 0.02283003 0.02540514 1.53372047
v 0.02193865 0.02481083 1.53471097
v 0.02124534 0.02431564 1.53540428
v 0.02055197 0.02550415 1.53659279
v 0.22329827 0.08562478 1.22776875
v 0.21497842 0.07235278 1.21717089
v 0.22498203 0.08720961 1.21538813
v 0.21705840 0.07096614 1.20300739
v 0.22745816 0.08701152 1.20122463
v 0.21378988 0.07116423 1.23014589
v 0.20190442 0.06452815 1.21667570
v 0.20358809 0.06442910 1.20330457
v 0.17100220 0.06997558 1.22727356
v 0.16050327 0.08443633 1.21320912
v 0.17397347 0.06997558 1.21350619
v 0.16337560 0.08344588 1.19973893
v 0.17635056 0.06977759 1.20102650
v 0.15347103 0.09850081 1.19518279
v 0.14911303 0.10246263 1.23232490
v 0.14515121 0.11405096 1.21132718
v 0.15040073 0.09978840 1.21261487
v 0.05511888 0.10018458 1.36980015
v 0.22934005 0.10107599 1.22737262
v 0.23052858 0.10256167 1.21449669
v 0.23161809 0.10325499 1.19963987
v 0.02114628 0.08404014 1.36128224
v 0.01223217 0.08235637 1.36029173
v 0.03114988 0.08780388 1.36316406
v 0.08512961 0.10969295 1.36583826
v 0.11197106 0.09820366 1.35375471
v 0.11939947 0.10474066 1.35791460
v 0.06541954 0.11048531 1.37663425
v 0.06442909 0.16347468 1.39535390
v 0.06977755 0.15505581 1.39505671
v 0.01233124 0.18348178 1.38515217
v 0.02698993 0.18199620 1.38683598
v 0.07433364 0.14693407 1.39436339
v -0.00024757 0.18397712 1.38475604
v 0.06403291 0.13475147 1.40397087
v 0.07849365 0.13821806 1.39357102
v 0.07373937 0.12276696 1.38604360
v 0.04263912 0.17902483 1.39010444
v 0.05640650 0.17238868 1.39396727
v 0.07799833 0.13019537 1.39069869
v 0.10018463 0.14049611 1.38297315
v 0.10206639 0.13207724 1.38079414
v 0.05016660 0.18486853 1.38049708
v 0.06759855 0.17951996 1.38426073
v 0.09869895 0.12306409 1.37683237
v 0.07898879 0.17110118 1.38535029
v 0.08730861 0.16198900 1.38525123
v 0.09443999 0.15119303 1.38455791
v 0.01391593 0.18655230 1.37574281
v 0.03194221 0.18635421 1.37752569
v 0.09543035 0.18130289 1.37386099
v 0.11018813 0.17258688 1.37475243
v 0.07680978 0.18744371 1.37277142
v 0.05690170 0.19051412 1.37039441
v 0.13227530 0.12009273 1.36811633
v 0.03729066 0.19130638 1.36762115
v 0.13069057 0.14376462 1.37376192
v 0.13316671 0.13118573 1.37158291
v 0.01649113 0.19011793 1.36514495
v 0.12147943 0.15753195 1.37376192
v 0.07324414 0.09790652 1.35801366
v 0.06125963 0.10493876 1.37336579
v 0.02956513 0.07869169 1.35256620
v 0.01758063 0.07611650 1.35108050
v 0.04323344 0.08205913 1.35454708
v 0.03966780 0.09156761 1.36544213
v 0.06977755 0.11603185 1.38079414
v 0.10266076 0.09127047 1.35058531
v 0.07988029 0.10414629 1.36128224
v 0.09156756 0.11523949 1.37098866
v 0.05977395 0.07255087 1.34266165
v 0.05482175 0.08750674 1.35543852
v 0.02203766 0.06631096 1.33969026
v 0.03768686 0.06789566 1.33969026
v 0.12603542 0.11018807 1.36217356
v 0.00331807 0.08235637 1.35949936
v 0.00609133 0.07601736 1.34949575
v 0.00866653 0.06690522 1.33919507
v 0.19289117 0.15634340 1.22866020
v 0.18268958 0.16198901 1.24222945
v 0.19407982 0.15941382 1.24480459
v 0.14921208 0.14356653 1.21499188
v 0.14208079 0.14148648 1.23083921
v 0.14970740 0.15089589 1.23222584
v 0.14178377 0.13594003 1.21241675
v 0.14317040 0.13088869 1.23093827
v 0.22518012 0.13217629 1.21934990
v 0.22924099 0.11751755 1.22905632
v 0.22934005 0.11840896 1.21538813
v 0.14247709 0.12623356 1.21063387
v 0.14505217 0.11603186 1.23291915
v 0.21695934 0.14376463 1.22489643
v 0.22587344 0.13168107 1.23381059
v 0.15485768 0.08374302 1.23589054
v 0.20408331 0.15218349 1.22766969
v 0.21715743 0.14445794 1.23876287
v 0.20616338 0.15347109 1.24361608
v 0.20309296 0.14960831 1.20815779
v 0.19021704 0.15267872 1.20746447
v 0.18140188 0.15773005 1.22707544
v 0.15149013 0.13851521 1.19805512
v 0.14485407 0.13049252 1.19528185
v 0.22498203 0.13197820 1.20231407
v 0.22983527 0.11840897 1.19963987
v 0.14554740 0.12108320 1.19439041
v 0.21646411 0.14237798 1.20627585
v 0.14802354 0.11038627 1.19439041
v 0.16921928 0.16010714 1.23836662
v 0.17882680 0.15178722 1.20607784
v 0.16902120 0.15485773 1.22291555
v 0.14950922 0.12593642 1.17864216
v 0.22587344 0.13088870 1.18052410
v 0.23231141 0.11761650 1.17992984
v 0.22072307 0.07086710 1.18636769
v 0.23141999 0.08463443 1.18270310
v 0.14871686 0.11632900 1.17943453
v 0.16803074 0.14891489 1.20429496
v 0.18001525 0.14772644 1.18101929
v 0.16931833 0.14495317 1.18022691
v 0.21448320 0.14128848 1.18121741
v 0.20883761 0.06333958 1.18686300
v 0.20220146 0.14663694 1.18092023
v 0.19071217 0.14871690 1.18111835
v 0.23439135 0.10206644 1.18052410
v 0.16773370 0.07968215 1.18418880
v 0.18090676 0.06710330 1.18517918
v 0.15475863 0.13346388 1.17854309
v 0.15802713 0.09424184 1.18062316
v 0.15188631 0.10622636 1.18002879
v 0.15505578 0.12128128 1.15813975
v 0.22785435 0.12851161 1.15576261
v 0.23518373 0.11504142 1.15794162
v 0.21458226 0.05828825 1.16398346
v 0.22666582 0.06621192 1.16428064
v 0.15495682 0.11187195 1.15922931
v 0.21626602 0.13851522 1.15457411
v 0.15723477 0.10206644 1.16021969
v 0.20408331 0.14376463 1.15388079
v 0.23845222 0.09830272 1.15952638
v 0.19368353 0.14564648 1.15368267
v 0.17585534 0.07542319 1.16398346
v 0.18793890 0.06324053 1.16556821
v 0.17258684 0.13980280 1.15566367
v 0.18338290 0.14336844 1.15447505
v 0.16515842 0.08938862 1.16160633
v 0.15881950 0.12771924 1.15754549
v 0.23607514 0.07978120 1.16190351
v 0.16109764 0.10929677 1.13852878
v 0.21884122 0.13485053 1.13397264
v 0.23072668 0.12474778 1.13516114
v 0.16317760 0.09810452 1.13951916
v 0.20804523 0.14049612 1.13218976
v 0.23904650 0.10929677 1.13783546
v 0.24300833 0.09255808 1.14060873
v 0.19665501 0.14208086 1.13159539
v 0.18239244 0.07156042 1.14278773
v 0.19467399 0.06007107 1.14130204
v 0.17773730 0.13653430 1.13337838
v 0.18764186 0.14000090 1.13209070
v 0.17149734 0.08483252 1.14150017
v 0.16198896 0.11791373 1.13753828
v 0.24132454 0.07601737 1.14219348
v 0.23112287 0.06284434 1.14268867
v 0.16664409 0.09572754 1.11990796
v 0.21180897 0.13574194 1.11396524
v 0.22300111 0.12900674 1.11654056
v 0.24389974 0.10256168 1.12060127
v 0.24776251 0.08711057 1.12347360
v 0.20170622 0.13801998 1.11267767
v 0.18684939 0.06858905 1.12030415
v 0.19923009 0.05818925 1.12020514
v 0.18219424 0.13336485 1.11436155
v 0.19239605 0.13683134 1.11267767
v 0.17555830 0.08156402 1.12070045
v 0.16486127 0.12464884 1.13654778
v 0.16575268 0.11543760 1.11812514
v 0.24538540 0.07235278 1.12476123
v 0.16486127 0.10741490 1.11901658
v 0.23637227 0.11682424 1.11842232
v 0.21973263 0.05472261 1.14031154
v 0.23468848 0.05947682 1.12486023
v 0.27490098 -0.07671072 0.74848712
v 0.27341531 -0.07661171 0.75284526
v 0.27163249 -0.07750309 0.75076531
v 0.27500004 -0.06343866 0.74333679
v 0.27410863 -0.06017014 0.74541673
v 0.27688189 -0.06324054 0.74502066
v 0.27737714 -0.07235276 0.74511961
v 0.27886281 -0.06700429 0.74541673
v 0.27955612 -0.07146132 0.74719944
v 0.28530077 -0.05967489 0.75710404
v 0.28767788 -0.06363672 0.76057068
v 0.28599409 -0.06512241 0.75839173
v 0.28421127 -0.06888612 0.76057068
v 0.28312176 -0.06948044 0.76522594
v 0.28133894 -0.07066894 0.76354195
v 0.28044753 -0.05373217 0.75710404
v 0.28431033 -0.05333599 0.75948129
v 0.28331986 -0.05620831 0.75660891
v 0.25865753 -0.07988017 0.73878076
v 0.26222317 -0.07918686 0.74581292
v 0.25588423 -0.08077161 0.74214816
v 0.25667661 -0.06601379 0.73481887
v 0.26410502 -0.06680617 0.73729501
v 0.25865753 -0.06868805 0.73353124
v 0.26004416 -0.07304608 0.73372948
v 0.26648212 -0.07542315 0.73887970
v 0.26024225 -0.07720597 0.73551219
v 0.26202507 -0.07482890 0.75383559
v 0.25836037 -0.07770121 0.74947762
v 0.26331267 -0.07690884 0.75244895
v 0.28094275 -0.07037182 0.74937868
v 0.28005134 -0.06571667 0.74828906
v 0.26767066 -0.07334320 0.75809466
v 0.26895826 -0.07591840 0.75601471
v 0.27014680 -0.07532409 0.75730222
v 0.27084011 -0.06868805 0.76591926
v 0.27440576 -0.06997562 0.76730589
v 0.27232581 -0.06730142 0.76809815
v 0.27500004 -0.05630738 0.75363752
v 0.28015041 -0.05511881 0.75551940
v 0.27856568 -0.05729781 0.75215195
v 0.25420047 -0.06482528 0.73749307
v 0.26261933 -0.06373578 0.73897877
v 0.27757521 -0.05284073 0.75898598
v 0.27985328 -0.05105791 0.75868886
v 0.27034489 -0.05858539 0.74809099
v 0.27262293 -0.06066533 0.74422817
v 0.26905729 -0.05937776 0.74700149
v 0.26331267 -0.07690884 0.75244895
v 0.26024225 -0.07888973 0.74779381
v 0.26460024 -0.07789929 0.75066625
v 0.27321722 -0.07116419 0.76492864
v 0.27757521 -0.07116419 0.76562213
v 0.27440576 -0.06997562 0.76730589
v 0.27618858 -0.07215464 0.76344300
v 0.27192962 -0.07294701 0.76146212
v 0.27460385 -0.07364033 0.76027355
v 0.27470291 -0.07562121 0.75452890
v 0.27688189 -0.07522509 0.75056713
v 0.27807046 -0.07423458 0.75244895
v 0.27608954 -0.05908063 0.74779381
v 0.27856568 -0.06254722 0.74769480
v 0.25122912 -0.07037181 0.72996560
v 0.25013961 -0.07472983 0.72937147
v 0.24805963 -0.07066894 0.72887621
v 0.25142718 -0.08116780 0.73501705
v 0.25093196 -0.07839453 0.73115417
v 0.25291288 -0.07849354 0.73155024
v 0.23775890 -0.08067255 0.73709688
v 0.23983888 -0.07859261 0.74016739
v 0.23359900 -0.07908785 0.73630456
v 0.24667300 -0.08057355 0.74135584
v 0.24627681 -0.08176205 0.73828545
v 0.24865392 -0.08146493 0.73977114
v 0.25251669 -0.07463077 0.72996560
v 0.24063123 -0.08136586 0.73709688
v 0.24290927 -0.08205918 0.73452174
v 0.24459306 -0.08196017 0.73640357
v 0.23716465 -0.08166299 0.73273892
v 0.23310375 -0.08116780 0.73273892
v 0.23310375 -0.08126687 0.73105511
v 0.23825412 -0.06908424 0.72798483
v 0.23993791 -0.07205557 0.72590489
v 0.23597608 -0.07205557 0.72471620
v 0.23310375 -0.08126687 0.73105511
v 0.23122190 -0.08007830 0.73184748
v 0.23122190 -0.08057355 0.73006478
v 0.24548447 -0.07205557 0.72748958
v 0.24687110 -0.07552221 0.72867815
v 0.24380068 -0.07304608 0.72729152
v 0.23082571 -0.07710690 0.72689521
v 0.23171712 -0.07354126 0.72560764
v 0.23211331 -0.07463077 0.72531051
v 0.24776251 -0.08096968 0.73343224
v 0.24716822 -0.07859261 0.73046085
v 0.24895104 -0.07859261 0.73075810
v 0.24825773 -0.07532408 0.72887621
v 0.24588065 -0.07839453 0.73065898
v 0.24518731 -0.07532408 0.72897516
v 0.24578159 -0.08087067 0.73273892
v 0.28579599 -0.06759855 0.76294787
v 0.26499643 -0.07809735 0.74204916
v 0.25677564 -0.06294341 0.74640729
v 0.26063844 -0.06502335 0.75294420
v 0.26242126 -0.06165584 0.74937868
v 0.26648212 -0.06096252 0.75205277
v 0.26489740 -0.06383485 0.75581659
v 0.26658116 -0.06007108 0.75363752
v 0.27133534 -0.05601025 0.76126400
v 0.27074108 -0.05828826 0.76542395
v 0.27351434 -0.05482168 0.76314588
v 0.22983527 -0.07641359 0.72798483
v 0.23231141 -0.07076801 0.72937147
v 0.24231501 -0.07373939 0.72758853
v 0.23310375 -0.08116780 0.73273892
v 0.23884840 -0.07314508 0.72590489
v 0.23528276 -0.07314508 0.72441896
v 0.23775890 -0.08186112 0.73422456
v 0.23775890 -0.08067255 0.73709688
v 0.24122551 -0.08126687 0.73343224
v 0.23548086 -0.06878711 0.73402649
v 0.24033410 -0.07106513 0.74026640
v 0.24152264 -0.06789567 0.73749307
v 0.24370164 -0.08067255 0.73987021
v 0.24498924 -0.07958304 0.74204916
v 0.24201786 -0.07968211 0.74026639
v 0.24201786 -0.07968211 0.74026639
v 0.24320642 -0.07789929 0.74244546
v 0.24211692 -0.06749948 0.73115417
v 0.24211692 -0.06967850 0.72778665
v 0.24954533 -0.08106874 0.73422456
v 0.25350716 -0.06987663 0.73075810
v 0.25321000 -0.08096968 0.73571037
v 0.25479473 -0.07829548 0.73224355
v 0.24687110 -0.06720236 0.74006815
v 0.24815870 -0.07017375 0.74343585
v 0.24914914 -0.06720236 0.74076147
v 0.28450840 -0.06640998 0.75621272
v 0.28193323 -0.06383485 0.75215195
v 0.28421127 -0.06116059 0.75532128
v 0.26905729 -0.07086706 0.76205649
v 0.27321722 -0.07116419 0.76492864
v 0.27232581 -0.05759494 0.74977475
v 0.27014680 -0.07532409 0.75730222
v 0.27242484 -0.07572027 0.75601471
v 0.27925900 -0.07205557 0.76146212
v 0.28034850 -0.07195658 0.75641067
v 0.28203226 -0.07037182 0.75868886
v 0.28282464 -0.05828826 0.75512327
v 0.28302273 -0.06829187 0.75334039
v 0.26915636 -0.05799113 0.75710404
v 0.26895826 -0.05917970 0.76383931
v 0.27103821 -0.06888612 0.73977114
v 0.27450482 -0.07314508 0.74313878
v 0.27123630 -0.07433365 0.74105883
v 0.24954533 -0.06581573 0.73481887
v 0.24835679 -0.06740049 0.73135229
v 0.24597969 -0.06640998 0.73333318
v 0.27004777 -0.06472623 0.74046446
v 0.27074108 -0.06125964 0.74303966
v 0.27262293 -0.06393384 0.74175215
v 0.24825773 -0.07918686 0.74333679
v 0.24934723 -0.07730503 0.74482248
v 0.24726729 -0.07740404 0.74403010
v 0.25162528 -0.07898879 0.74462435
v 0.25132815 -0.08017735 0.74303966
v 0.25281384 -0.08007830 0.74353497
v 0.26529356 -0.07453177 0.75581659
v 0.26559071 -0.07671072 0.75363752
v 0.26707638 -0.07631459 0.75472702
v 0.26400599 -0.06165584 0.75027006
v 0.26331267 -0.06522148 0.75393465
v 0.26559071 -0.06145772 0.75096338
v 0.27232581 -0.07720597 0.74640729
v 0.26925539 -0.07760216 0.74442629
v 0.26955254 -0.07819641 0.74947762
v 0.26658116 -0.07859261 0.74809099
v 0.26747257 -0.05987302 0.74611005
v 0.26826494 -0.06205203 0.74165303
v 0.26529356 -0.06046727 0.74472342
v 0.26192601 -0.06512241 0.75334039
v 0.26707638 -0.07631459 0.75472702
v 0.26747257 -0.07760216 0.75175564
v 0.26945348 -0.07710690 0.75284526
v 0.24964436 -0.08027636 0.74254441
v 0.25103102 -0.08116780 0.74086077
v 0.27747617 -0.07324414 0.75868886
v 0.25459666 -0.07443270 0.73065898
v 0.27707999 -0.06710330 0.74284165
v 0.24944630 -0.06997562 0.74393104
v 0.25033771 -0.06700429 0.74115778
v 0.26578881 -0.07076801 0.73709688
v 0.26063844 -0.06215102 0.74145479
v 0.25063483 -0.07730503 0.74551579
v 0.25033771 -0.07908785 0.74412916
v 0.25162528 -0.07898879 0.74462435
v 0.25033771 -0.07908785 0.74412916
v 0.24825773 -0.07918686 0.74333679
v 0.26559071 -0.07671072 0.75363752
v 0.26390693 -0.07482890 0.75492521
v 0.27192962 -0.07294701 0.76146212
v 0.26450121 -0.06472623 0.75462796
v 0.26895826 -0.07591840 0.75601471
v 0.27123630 -0.07641359 0.75442996
v 0.28084372 -0.06066533 0.75185470
v 0.26677925 -0.06195296 0.75997654
v 0.26668022 -0.07403652 0.75690603
v 0.25647852 -0.08047448 0.73749307
v 0.25410141 -0.08096968 0.74175215
v 0.25697374 -0.06908424 0.73244174
v 0.25806324 -0.07393746 0.73234279
v 0.25796421 -0.07789929 0.73402649
v 0.25499282 -0.06631098 0.73402649
v 0.25311097 -0.06512241 0.73679976
v 0.25836037 -0.07770121 0.74947762
v 0.25429951 -0.07988017 0.74422817
v 0.25113005 -0.06640998 0.74204916
v 0.25578520 -0.06650905 0.75017094
v 0.25192243 -0.07720597 0.74640729
v 0.25667661 -0.07512602 0.75106232
v 0.25291288 -0.07888973 0.74541673
v 0.25023864 -0.06948043 0.74472342
v 0.25291288 -0.07888973 0.74541673
v 0.25489379 -0.08087067 0.73650275
v 0.25251669 -0.08116780 0.74135584
v 0.25528998 -0.06948043 0.73164948
v 0.25637948 -0.07819641 0.73293687
v 0.25340810 -0.06670717 0.73343224
v 0.25172434 -0.06561767 0.73610644
v 0.24528637 -0.06829187 0.72956953
v 0.23349994 -0.07245176 0.73699788
v 0.26024225 -0.07027275 0.75452890
v 0.26559071 -0.06928231 0.75809466
v 0.27034489 -0.06254722 0.76770196
v 0.23122190 -0.07750309 0.73511612
v 0.22993430 -0.07433365 0.73303617
v 0.23072668 -0.07968211 0.72917328
v 0.23013240 -0.07888973 0.73026285
v 0.23577798 -0.07572027 0.73927601
v 0.26866113 -0.06452816 0.76542395
v 0.24568256 -0.07314508 0.74383210
v 0.24597969 -0.07017375 0.74264347
v 0.26222317 -0.07037182 0.75522222
v 0.26351074 -0.07056994 0.75561841
v 0.24825773 -0.07354126 0.74472342
v 0.24964436 -0.07364033 0.74541673
v 0.26707638 -0.06749948 0.76185831
v 0.26489740 -0.06997562 0.75670803
v 0.25558711 -0.07066894 0.75145863
v 0.25063483 -0.07304608 0.74660536
v 0.26984967 -0.05848638 0.75165669
v 0.27232581 -0.05640637 0.75502403
v 0.27430672 -0.05442549 0.75918405
v 0.27509907 -0.05303886 0.76096687
v 0.25033771 -0.06591479 0.73858270
v 0.25152624 -0.06561767 0.73927601
v 0.23310375 -0.07245176 0.72481526
v 0.23528276 -0.06928231 0.72818290
v 0.26707638 -0.06026920 0.74908144
v 0.26836398 -0.05937776 0.74987381
v 0.25241765 -0.06492435 0.73996921
v 0.25895465 -0.06175484 0.74412916
v 0.23914553 -0.06749948 0.73254080
v 0.24320642 -0.06670717 0.73571037
v 0.26400599 -0.06086346 0.74719944
v 0.26578881 -0.06046727 0.74809099
v 0.23369804 -0.07324414 0.72471620
v 0.24815870 -0.06601379 0.73779020
v 0.23171712 -0.07770121 0.72659820
v 0.23211331 -0.07463077 0.72531051
v 0.23310375 -0.07512602 0.72521157
v 0.24459306 -0.07532408 0.72956953
v 0.23082571 -0.07710690 0.72689521
v 0.23181618 -0.07938498 0.72877709
v 0.23072668 -0.07968211 0.72917328
v 0.24181976 -0.07364033 0.72808378
v 0.23676846 -0.08067255 0.73234279
v 0.23330185 -0.08057355 0.73046085
v 0.23805606 -0.07364033 0.72659820
v 0.23488657 -0.07383839 0.72531051
v 0.23369804 -0.07324414 0.72471620
v 0.23399516 -0.07413558 0.72501333
v 0.24082932 -0.08077161 0.73333318
v 0.23221234 -0.08027636 0.72947041
v 0.23122190 -0.08057355 0.73006478
v 0.24419687 -0.08047448 0.73273892
v 0.24538540 -0.07789929 0.73145141
v 0.23409423 -0.07799834 0.72699427
v 0.23300472 -0.07760216 0.72699427
v 0.23736271 -0.07809735 0.72788577
v 0.24013600 -0.07809735 0.72887621
v 0.25152624 -0.06710330 0.73263986
v 0.24498924 -0.07958304 0.74204916
v 0.25637948 -0.07433364 0.73125323
v 0.24102741 -0.07423458 0.74204916
v 0.27460385 -0.04917609 0.72996560
v 0.27480194 -0.05026560 0.73392755
v 0.27262293 -0.05026560 0.73164948
v 0.27608954 -0.03659729 0.72748958
v 0.27480194 -0.03283358 0.73135229
v 0.27826855 -0.03590397 0.72986660
v 0.27688189 -0.04026199 0.72669715
v 0.28005134 -0.04462001 0.72996560
v 0.27737714 -0.04521426 0.72748958
v 0.29035211 -0.03570591 0.74729868
v 0.29243206 -0.03986580 0.75076531
v 0.29055017 -0.04055912 0.74878431
v 0.28232942 -0.04749233 0.75264708
v 0.28936164 -0.04462001 0.75413277
v 0.28421127 -0.04719515 0.75888692
v 0.28599409 -0.03194217 0.74779381
v 0.28341892 -0.02887181 0.75314227
v 0.28817310 -0.02926794 0.75423189
v 0.25707280 -0.05194935 0.71679254
v 0.26291648 -0.05006747 0.72025918
v 0.26093557 -0.05145410 0.72233913
v 0.25736993 -0.03719160 0.71510890
v 0.26370883 -0.03818204 0.71857536
v 0.25925178 -0.03927155 0.71382121
v 0.26123269 -0.04699708 0.71332596
v 0.26559071 -0.04184668 0.71788205
v 0.26588784 -0.04620470 0.71827835
v 0.25915275 -0.04917609 0.73184748
v 0.25677564 -0.05145410 0.72580559
v 0.26143079 -0.05095891 0.73016373
v 0.28193323 -0.04412475 0.73323423
v 0.27985328 -0.03956867 0.72937147
v 0.28163610 -0.03897442 0.73234280
v 0.26836398 -0.04769039 0.74016739
v 0.27014680 -0.05016653 0.73749307
v 0.27113727 -0.04996847 0.73907783
v 0.27163249 -0.04392669 0.75264708
v 0.27559432 -0.04600664 0.75591559
v 0.27282103 -0.04283719 0.75730222
v 0.27549526 -0.02966413 0.74294072
v 0.28034850 -0.03035745 0.74432735
v 0.27935803 -0.03095173 0.74155408
v 0.25429951 -0.03590397 0.71738691
v 0.26162888 -0.03590397 0.71986299
v 0.27846662 -0.02837656 0.75106232
v 0.28242845 -0.02956513 0.74898238
v 0.27173152 -0.03174408 0.73313511
v 0.27311816 -0.03342784 0.72937147
v 0.27024586 -0.03204120 0.73155024
v 0.26143079 -0.05095891 0.73016373
v 0.25915275 -0.05194935 0.72422101
v 0.26321361 -0.05135510 0.72847997
v 0.27391053 -0.04660089 0.75175564
v 0.27826855 -0.04769039 0.75442996
v 0.27559432 -0.04600664 0.75591559
v 0.27688189 -0.04838371 0.75007200
v 0.27292009 -0.04788846 0.74799199
v 0.27608954 -0.04897797 0.74660536
v 0.27628764 -0.04977034 0.73630457
v 0.27727808 -0.04917609 0.73214461
v 0.27856568 -0.04838371 0.73511612
v 0.27935803 -0.03530972 0.73254080
v 0.27628764 -0.03253645 0.73353124
v 0.25241765 -0.04026199 0.70827463
v 0.25152624 -0.04343144 0.70619468
v 0.25013961 -0.04075724 0.70609574
v 0.25251669 -0.05095891 0.70976044
v 0.25182337 -0.04739326 0.70688800
v 0.25400238 -0.04739326 0.70787850
v 0.23924459 -0.05333599 0.70639280
v 0.23865031 -0.05125603 0.71094901
v 0.23597608 -0.05244461 0.70589767
v 0.24855489 -0.05274174 0.71243458
v 0.24875295 -0.05254360 0.70926513
v 0.25093196 -0.05224648 0.71124601
v 0.25390332 -0.04343144 0.70738325
v 0.24380068 -0.05323692 0.70777944
v 0.24538540 -0.05244461 0.70668993
v 0.24706919 -0.05264267 0.70787850
v 0.24201786 -0.05264267 0.70441198
v 0.23904650 -0.05293980 0.70292617
v 0.23934363 -0.05244461 0.70193584
v 0.24211692 -0.03956867 0.70322335
v 0.24479115 -0.04154956 0.70262916
v 0.24043313 -0.04115336 0.70015302
v 0.23726368 -0.05194935 0.70045003
v 0.23904650 -0.05293980 0.70292617
v 0.23627324 -0.05204842 0.70104440
v 0.24875295 -0.04135149 0.70480805
v 0.24934723 -0.04402570 0.70500617
v 0.24736632 -0.04204480 0.70401579
v 0.23756081 -0.04442188 0.69817202
v 0.23488657 -0.04679901 0.69876639
v 0.23617417 -0.04343144 0.69876639
v 0.24964436 -0.05085985 0.70748237
v 0.24984246 -0.04739326 0.70599662
v 0.25113005 -0.04749233 0.70629374
v 0.25063483 -0.04372857 0.70550136
v 0.24815870 -0.04452094 0.70510518
v 0.24805963 -0.05066178 0.70668993
v 0.24845582 -0.04729421 0.70589767
v 0.28658837 -0.04511520 0.75056713
v 0.25836037 -0.05115698 0.71530697
v 0.25429951 -0.03818204 0.72620190
v 0.25727089 -0.04135149 0.73214461
v 0.25816230 -0.03699348 0.73075810
v 0.26687831 -0.03530972 0.73907783
v 0.26529356 -0.04016293 0.73947408
v 0.26568975 -0.03976674 0.74076147
v 0.27123630 -0.03253646 0.75027006
v 0.27074108 -0.03451734 0.75750029
v 0.27331625 -0.02996126 0.75522222
v 0.23270759 -0.04561044 0.70352048
v 0.23458945 -0.04154956 0.70282716
v 0.24677206 -0.04293618 0.70391667
v 0.24389974 -0.04234193 0.70173772
v 0.24053219 -0.04263906 0.69955865
v 0.24221595 -0.05293980 0.70500617
v 0.23924459 -0.05333599 0.70639280
v 0.24449399 -0.05185030 0.70619468
v 0.23775890 -0.04055912 0.70906701
v 0.24102741 -0.04362950 0.71560403
v 0.24261214 -0.03996486 0.71421740
v 0.24617778 -0.05303886 0.70995845
v 0.24657397 -0.05244461 0.71372227
v 0.24290927 -0.05284073 0.71035463
v 0.24290927 -0.05284073 0.71035463
v 0.24399877 -0.05095891 0.71510890
v 0.24370164 -0.03847917 0.70698706
v 0.24617778 -0.04016293 0.70411473
v 0.25053577 -0.05095891 0.70837369
v 0.25558711 -0.04303525 0.70876976
v 0.25439857 -0.03986580 0.70976044
v 0.25538901 -0.04739326 0.70886900
v 0.24607872 -0.03966774 0.71758504
v 0.24687110 -0.04313432 0.72045725
v 0.24786154 -0.03946961 0.71887255
v 0.28787594 -0.04184669 0.74452541
v 0.28569696 -0.03778586 0.73996921
v 0.28787594 -0.03669635 0.74353497
v 0.27044392 -0.04580852 0.74868537
v 0.27391053 -0.04660089 0.75175564
v 0.27282103 -0.03144695 0.73501706
v 0.27113727 -0.04996847 0.73907783
v 0.27361341 -0.05036459 0.73788938
v 0.28024944 -0.04798752 0.74809099
v 0.28223035 -0.04660089 0.74294072
v 0.28440936 -0.04561045 0.74630817
v 0.28331986 -0.03352690 0.74026640
v 0.28450840 -0.03303165 0.74383210
v 0.28559790 -0.04283719 0.74076147
v 0.26975061 -0.03322977 0.74640730
v 0.26925539 -0.03649823 0.75175564
v 0.26975061 -0.04154956 0.72134869
v 0.27282103 -0.04551139 0.72422101
v 0.26984967 -0.04580852 0.72184388
v 0.25004055 -0.03709254 0.71362309
v 0.25073387 -0.03828105 0.70936413
v 0.24746538 -0.03768679 0.71124602
v 0.26826494 -0.03768679 0.72243825
v 0.27034489 -0.03441828 0.72689521
v 0.27183059 -0.03729060 0.72501333
v 0.24944630 -0.05244461 0.71580222
v 0.24865392 -0.05066178 0.71916968
v 0.24706919 -0.05085985 0.71778304
v 0.25073387 -0.05224648 0.71728767
v 0.25380429 -0.05244461 0.71728767
v 0.25202146 -0.05214742 0.71877360
v 0.26628403 -0.04838371 0.73729501
v 0.26608594 -0.05105791 0.73313511
v 0.26876017 -0.05046366 0.73571037
v 0.26252029 -0.03610210 0.73491793
v 0.26380789 -0.04046006 0.73828545
v 0.26499643 -0.03590397 0.73660169
v 0.26638306 -0.03521066 0.72392382
v 0.27084011 -0.04887896 0.72689521
v 0.26747257 -0.04937416 0.72451820
v 0.26895826 -0.05036459 0.72897516
v 0.26539262 -0.05066178 0.72649896
v 0.26757163 -0.03273452 0.72927229
v 0.26232220 -0.03382402 0.72649896
v 0.26182698 -0.04085625 0.73689882
v 0.26876017 -0.05046366 0.73571037
v 0.26767066 -0.05105791 0.73135229
v 0.27064202 -0.05095891 0.73382843
v 0.25073387 -0.05264267 0.71431641
v 0.25231859 -0.05214742 0.71253370
v 0.27925900 -0.04838371 0.74502066
v 0.27301912 -0.04105436 0.72392382
v 0.24845582 -0.04313432 0.72115056
v 0.24934723 -0.03946961 0.71966499
v 0.25806324 -0.03471540 0.72243825
v 0.25033771 -0.05046366 0.72045725
v 0.25073387 -0.05224648 0.71728767
v 0.25202146 -0.05214742 0.71877360
v 0.24944630 -0.05244461 0.71580222
v 0.25212050 -0.05254360 0.71560403
v 0.26608594 -0.05105791 0.73313511
v 0.26380789 -0.04887896 0.73551219
v 0.27292009 -0.04788846 0.74799199
v 0.26648212 -0.03550778 0.73759214
v 0.27222675 -0.05076078 0.73580943
v 0.27014680 -0.05016653 0.73749307
v 0.26796779 -0.03798392 0.74838812
v 0.26757163 -0.04778946 0.73858270
v 0.25637948 -0.05135510 0.71372227
v 0.25519092 -0.05214742 0.71530697
v 0.25746896 -0.03946961 0.71223658
v 0.25944987 -0.04709614 0.71134508
v 0.26073747 -0.04234193 0.71302895
v 0.25578520 -0.03748873 0.71362309
v 0.25301191 -0.03639922 0.71609923
v 0.25330906 -0.05194935 0.72006117
v 0.25677564 -0.05145410 0.72580559
v 0.24994152 -0.04303525 0.72184388
v 0.25340810 -0.04204481 0.72748958
v 0.25172434 -0.05036459 0.72164581
v 0.25449760 -0.04927515 0.72709334
v 0.25509188 -0.05244461 0.71877360
v 0.25063483 -0.03937055 0.72055631
v 0.25330906 -0.05194935 0.72006117
v 0.25400238 -0.05214742 0.71372227
v 0.25578520 -0.03966774 0.71084977
v 0.25687471 -0.04263906 0.70985938
v 0.25707280 -0.04729421 0.70995845
v 0.25429951 -0.03778585 0.71233564
v 0.25152624 -0.03669635 0.71491072
v 0.25469570 -0.05125603 0.71213745
v 0.24786154 -0.03907342 0.70629374
v 0.23518373 -0.04432282 0.71025569
v 0.25330906 -0.04600664 0.72758853
v 0.25766705 -0.04590757 0.73254080
v 0.26658116 -0.04511520 0.74046446
v 0.27123630 -0.03907343 0.75839173
v 0.23340091 -0.05026559 0.70480805
v 0.23657036 -0.05006747 0.69936052
v 0.23647130 -0.04719514 0.69817202
v 0.23548086 -0.05056272 0.70015302
v 0.23607514 -0.04868084 0.71084977
v 0.27014680 -0.04154956 0.75244895
v 0.24528637 -0.04759134 0.71926874
v 0.24498924 -0.04323337 0.71916968
v 0.26261933 -0.04551139 0.73689882
v 0.26469930 -0.04561045 0.73798832
v 0.24726729 -0.04749233 0.72055631
v 0.24885201 -0.04729421 0.72144769
v 0.26876017 -0.04313432 0.74888343
v 0.26628403 -0.04501619 0.73907783
v 0.25043674 -0.04739326 0.72224018
v 0.27252390 -0.02996126 0.74432735
v 0.27599048 -0.02887181 0.75314227
v 0.27371244 -0.02976319 0.74779381
v 0.24964436 -0.03738967 0.71679254
v 0.25122912 -0.03719160 0.71788205
v 0.23835318 -0.04164861 0.69936052
v 0.23765987 -0.03996486 0.70223285
v 0.26717544 -0.03303165 0.73392755
v 0.26866113 -0.03273452 0.73521506
v 0.25261575 -0.03679541 0.71907061
v 0.25558711 -0.03501259 0.72432001
v 0.23964078 -0.03907342 0.70797762
v 0.24508828 -0.03808298 0.71263265
v 0.25984606 -0.03382402 0.72877710
v 0.26984967 -0.03233833 0.73699788
v 0.26460024 -0.03332877 0.73184749
v 0.23874937 -0.04343144 0.69866721
v 0.24805963 -0.03758773 0.71540591
v 0.23785796 -0.04501619 0.69846914
v 0.23647130 -0.04719514 0.69817202
v 0.23756081 -0.04442188 0.69817202
v 0.24766348 -0.04462001 0.70540242
v 0.23726368 -0.04927515 0.69926152
v 0.23657036 -0.05006747 0.69936052
v 0.24617778 -0.04333238 0.70381772
v 0.24162170 -0.05145410 0.70381772
v 0.23884840 -0.05135510 0.70144053
v 0.24320642 -0.04333238 0.70163848
v 0.24023504 -0.04333238 0.69955865
v 0.23874937 -0.04343144 0.69866721
v 0.23865031 -0.04402570 0.69886533
v 0.24439496 -0.05135510 0.70589767
v 0.23726368 -0.05194935 0.70045003
v 0.23785796 -0.05095890 0.70025196
v 0.24677206 -0.05016653 0.70659099
v 0.24766348 -0.04729421 0.70599662
v 0.23983888 -0.04759134 0.69995484
v 0.23845222 -0.04739326 0.69896445
v 0.24271117 -0.04739326 0.70213385
v 0.24518731 -0.04739326 0.70401579
v 0.25281384 -0.03798392 0.71114707
v 0.24657397 -0.05244461 0.71372227
v 0.24172073 -0.04808658 0.71600028
v 0.28480555 -0.02560330 0.73145141
v 0.28837119 -0.02292904 0.73194655
v 0.28569696 -0.02530617 0.73293687
v 0.28688550 -0.01143980 0.72887622
v 0.28539981 -0.00975604 0.73174842
v 0.28767788 -0.01153881 0.73115417
v 0.28936164 -0.01807583 0.72857897
v 0.28926260 -0.01411400 0.73085704
v 0.29015401 -0.01827389 0.73115417
v 0.29461107 -0.01381687 0.74729868
v 0.29570057 -0.01807583 0.74997276
v 0.29431391 -0.01807583 0.74700149
v 0.28767788 -0.02500898 0.74779381
v 0.29243206 -0.02322616 0.75096338
v 0.28747978 -0.02520711 0.75373664
v 0.29203587 -0.00995411 0.74799199
v 0.28510268 -0.00638847 0.75363752
v 0.29471010 -0.00886461 0.75442996
v 0.27470291 -0.02292904 0.71203839
v 0.27777330 -0.02451379 0.71976393
v 0.27301912 -0.02461285 0.71283077
v 0.27440576 -0.01272737 0.71213746
v 0.27678286 -0.01104361 0.71907062
v 0.27866471 -0.01252930 0.71827836
v 0.27678286 -0.01807583 0.71104795
v 0.28015041 -0.01451019 0.71758504
v 0.28133894 -0.01837296 0.71748592
v 0.27509907 -0.02411760 0.73075810
v 0.27242484 -0.02570230 0.72224018
v 0.27727808 -0.02580136 0.72966848
v 0.28995592 -0.01431212 0.73353124
v 0.29074827 -0.01847202 0.73372949
v 0.27797140 -0.02411760 0.73729501
v 0.28024944 -0.02590042 0.73462087
v 0.28104182 -0.02590042 0.73650275
v 0.27807046 -0.02332523 0.74620911
v 0.27975422 -0.02510805 0.74848713
v 0.27816949 -0.02322616 0.74898238
v 0.28341892 -0.00807222 0.74155409
v 0.28728169 -0.00836935 0.74432735
v 0.28718263 -0.00926079 0.74086077
v 0.27331625 -0.00975604 0.72045725
v 0.27282103 -0.01134073 0.71263265
v 0.26955254 -0.01025123 0.71372227
v 0.28302273 -0.00718084 0.74878431
v 0.28698456 -0.00727985 0.74868537
v 0.28183416 -0.00836935 0.73273893
v 0.28440936 -0.00955791 0.72956953
v 0.28074469 -0.00827034 0.73125323
v 0.27727808 -0.02580136 0.72966848
v 0.27539623 -0.02580136 0.72075437
v 0.28005134 -0.02629661 0.72828184
v 0.28094275 -0.02520711 0.74561480
v 0.28312176 -0.02590042 0.74819000
v 0.27975422 -0.02510805 0.74848713
v 0.28431033 -0.02609849 0.74551580
v 0.28133894 -0.02550424 0.74313878
v 0.28470649 -0.02629661 0.74224740
v 0.28856929 -0.02283003 0.73442280
v 0.28629122 -0.02500898 0.73521506
v 0.28619218 -0.01005317 0.73442280
v 0.28827213 -0.01183599 0.73412556
v 0.26826494 -0.01312355 0.70322335
v 0.26826494 -0.01559969 0.70084634
v 0.26628403 -0.01351974 0.70035109
v 0.26965158 -0.02243384 0.70421380
v 0.26935445 -0.01886820 0.70144053
v 0.27084011 -0.01867008 0.70312441
v 0.25667661 -0.02609849 0.69678539
v 0.25598329 -0.02451379 0.70183672
v 0.25380429 -0.02441473 0.69589389
v 0.26479834 -0.02619755 0.70599662
v 0.26568975 -0.02490998 0.70223285
v 0.26757163 -0.02490998 0.70520436
v 0.26975061 -0.01510444 0.70302517
v 0.25994513 -0.02590042 0.69787489
v 0.26271839 -0.02461285 0.69737976
v 0.26390693 -0.02481092 0.69906340
v 0.25944987 -0.02500898 0.69312056
v 0.25628042 -0.02540517 0.69213024
v 0.25677564 -0.02441473 0.69064455
v 0.25836037 -0.01223211 0.69539875
v 0.26034128 -0.01351974 0.69371494
v 0.25766705 -0.01361881 0.69113986
v 0.25677564 -0.02441473 0.69064455
v 0.25420047 -0.02391948 0.69113986
v 0.25519092 -0.02312716 0.68945598
v 0.26400599 -0.01371781 0.69767677
v 0.26568975 -0.01589682 0.69866721
v 0.26311458 -0.01421306 0.69619119
v 0.25489379 -0.01966053 0.68836659
v 0.25439857 -0.01659014 0.68935698
v 0.25558711 -0.01738251 0.68797035
v 0.26648212 -0.02263191 0.70015302
v 0.26677925 -0.01916533 0.69916246
v 0.26806685 -0.01906628 0.70005390
v 0.26668022 -0.01559969 0.69936053
v 0.26568975 -0.01926440 0.69866721
v 0.26489740 -0.01629301 0.69797389
v 0.26539262 -0.02253285 0.69906340
v 0.28777691 -0.02283003 0.72976754
v 0.29134255 -0.02233478 0.74719944
v 0.27935803 -0.02263191 0.71867437
v 0.26915636 -0.01193499 0.72362682
v 0.27262293 -0.01589682 0.73313511
v 0.27440576 -0.01143980 0.73224356
v 0.27608954 -0.01104361 0.73600750
v 0.27400957 -0.01540163 0.73788938
v 0.27579239 -0.01094455 0.73709689
v 0.27698095 -0.01064743 0.74630818
v 0.27500004 -0.01540163 0.74957675
v 0.27767427 -0.00995411 0.74898238
v 0.25330906 -0.01936340 0.68995123
v 0.25281384 -0.01520350 0.69470544
v 0.26301552 -0.01460924 0.69529981
v 0.25628042 -0.02540517 0.69213024
v 0.26044035 -0.01421306 0.69213024
v 0.25836037 -0.01470831 0.69014930
v 0.25964797 -0.02550423 0.69430925
v 0.25667661 -0.02609849 0.69678539
v 0.26202507 -0.02411760 0.69648826
v 0.25459666 -0.01441112 0.70045003
v 0.25707280 -0.01728346 0.70787850
v 0.25836037 -0.01361881 0.70678905
v 0.26252029 -0.02599949 0.70173772
v 0.26192601 -0.02609849 0.70678905
v 0.25885562 -0.02590042 0.70183672
v 0.25885562 -0.02590042 0.70183672
v 0.25954894 -0.02471186 0.70748237
v 0.26044035 -0.01163786 0.69936053
v 0.26152985 -0.01252930 0.69658738
v 0.26806685 -0.02253285 0.70213385
v 0.26984967 -0.01262831 0.70569949
v 0.27232581 -0.01857102 0.70460998
v 0.26103460 -0.01649107 0.71263265
v 0.26390693 -0.01302450 0.71302896
v 0.26261933 -0.01282643 0.71154326
v 0.29243206 -0.01837296 0.74125684
v 0.29332347 -0.01391594 0.74432735
v 0.29322440 -0.01857102 0.74442629
v 0.27797140 -0.02352335 0.74373298
v 0.28094275 -0.02520711 0.74561480
v 0.28252751 -0.00846841 0.73511612
v 0.28104182 -0.02590042 0.73650275
v 0.28421127 -0.02619755 0.73551219
v 0.28767788 -0.02490998 0.74214816
v 0.29055017 -0.02253285 0.74502066
v 0.28777691 -0.02510805 0.74531767
v 0.28936164 -0.01074648 0.74066253
v 0.29055017 -0.01035030 0.74452541
v 0.28995592 -0.02253285 0.74165303
v 0.27460385 -0.01540163 0.74492148
v 0.27490098 -0.01540163 0.74729868
v 0.28599409 -0.01797677 0.72432001
v 0.28668741 -0.01441113 0.72630096
v 0.28767788 -0.01797677 0.72639996
v 0.26539262 -0.01094455 0.70867094
v 0.26618497 -0.01173692 0.70381773
v 0.26341170 -0.01124168 0.70490711
v 0.28341892 -0.01203405 0.72481527
v 0.28312176 -0.00985504 0.72758853
v 0.28520174 -0.01173693 0.72669715
v 0.26400599 -0.02599949 0.70995845
v 0.26360980 -0.02431567 0.71292977
v 0.26222317 -0.02451379 0.71114707
v 0.26677925 -0.02609849 0.71322702
v 0.26796779 -0.02599949 0.70995845
v 0.26935445 -0.02590042 0.71154326
v 0.27727808 -0.02401854 0.73412556
v 0.27866471 -0.02599949 0.73135229
v 0.27965518 -0.02590042 0.73333318
v 0.27579239 -0.01104361 0.73471981
v 0.27341531 -0.01579775 0.73402650
v 0.27410863 -0.01609488 0.73551219
v 0.28143801 -0.01015217 0.72590489
v 0.28470649 -0.02233478 0.72550858
v 0.28648931 -0.02243384 0.72748958
v 0.28232942 -0.02520711 0.72709334
v 0.28381508 -0.02560330 0.72956953
v 0.27955612 -0.00846841 0.72947041
v 0.27856568 -0.00856748 0.72798484
v 0.27539623 -0.01114267 0.73313512
v 0.27965518 -0.02590042 0.73333318
v 0.28143801 -0.02639567 0.73026285
v 0.28252751 -0.02639567 0.73204561
v 0.26668022 -0.02619755 0.70837369
v 0.26915636 -0.02481092 0.70708612
v 0.27133534 -0.01510444 0.70480805
v 0.28837119 -0.01411400 0.72828185
v 0.26460024 -0.01302450 0.71471260
v 0.26291648 -0.01659014 0.71431641
v 0.26351074 -0.01649107 0.71570310
v 0.28500365 -0.01441113 0.72422101
v 0.26489740 -0.02431567 0.71461365
v 0.26539262 -0.02599949 0.71164232
v 0.26677925 -0.02609849 0.71322702
v 0.26539262 -0.02599949 0.71164232
v 0.26400599 -0.02599949 0.70995845
v 0.27866471 -0.02599949 0.73135229
v 0.27638667 -0.02411760 0.73244174
v 0.28133894 -0.02550424 0.74313878
v 0.29203587 -0.01411400 0.74066253
v 0.27400957 -0.01579775 0.73650275
v 0.28024944 -0.02590042 0.73462087
v 0.28331986 -0.02629661 0.73343224
v 0.27668380 -0.01074648 0.74363403
v 0.27767427 -0.02401854 0.73541313
v 0.27321722 -0.02302810 0.70976044
v 0.27153343 -0.02481092 0.71065176
v 0.27282103 -0.01272737 0.70966132
v 0.27391053 -0.01470831 0.70886900
v 0.27500004 -0.01847202 0.70867094
v 0.27113727 -0.01143980 0.71045376
v 0.26796779 -0.01054836 0.71184039
v 0.27242484 -0.02570230 0.72224018
v 0.27103821 -0.02580136 0.71382121
v 0.26420408 -0.01629301 0.71778305
v 0.26767066 -0.01639207 0.72481527
v 0.27024586 -0.02421667 0.72332957
v 0.26846304 -0.02609849 0.71540591
v 0.26846304 -0.02609849 0.71540591
v 0.26539262 -0.01262831 0.71669360
v 0.26618497 -0.02471186 0.71669360
v 0.27024586 -0.02490998 0.70886900
v 0.27123630 -0.01252930 0.70748237
v 0.27361341 -0.01847202 0.70639281
v 0.26965158 -0.01143980 0.70847275
v 0.26658116 -0.01074648 0.71045376
v 0.27212771 -0.02283003 0.70758131
v 0.26380789 -0.01213312 0.69955865
v 0.25321000 -0.01797676 0.70144053
v 0.27331625 -0.02094815 0.73224356
v 0.27529717 -0.02075003 0.73798833
v 0.27579239 -0.02075003 0.74908144
v 0.25231859 -0.02223572 0.69549788
v 0.25182337 -0.01876915 0.69500257
v 0.25479473 -0.02193859 0.68896079
v 0.25330906 -0.02243384 0.69054548
v 0.25400238 -0.02183953 0.70203479
v 0.27579239 -0.02045291 0.74700149
v 0.26271839 -0.02094815 0.71421740
v 0.27440576 -0.02084910 0.73353124
v 0.27529717 -0.02104722 0.73511612
v 0.26360980 -0.02094815 0.71560404
v 0.27569335 -0.02025484 0.74442629
v 0.27529717 -0.02094815 0.73620551
v 0.26440215 -0.02055197 0.71798099
v 0.26806685 -0.02065103 0.72461714
v 0.27985328 -0.00856748 0.74234635
v 0.27985328 -0.00846841 0.74531767
v 0.28034850 -0.00817129 0.74848713
v 0.26618497 -0.01134073 0.71312790
v 0.25578520 -0.01470831 0.68965410
v 0.25439857 -0.01351974 0.69470544
v 0.27876377 -0.00866647 0.73422456
v 0.27133534 -0.01015217 0.72194294
v 0.25647852 -0.01272737 0.69975671
v 0.26004416 -0.01213312 0.70579849
v 0.27648573 -0.00916173 0.73036179
v 0.27906090 -0.00876554 0.73620551
v 0.27717905 -0.00906267 0.73194655
v 0.25647852 -0.01599588 0.68836659
v 0.26767066 -0.01054836 0.71510890
v 0.26489740 -0.01173693 0.71184039
v 0.26370883 -0.01153880 0.71005745
v 0.27797140 -0.00886460 0.73333318
v 0.25637948 -0.01787771 0.68886184
v 0.25489379 -0.01966053 0.68836659
v 0.25558711 -0.01738251 0.68797035
v 0.26450121 -0.01926440 0.69886533
v 0.26420408 -0.01649107 0.69777583
v 0.25578520 -0.02164147 0.68935698
v 0.25479473 -0.02193859 0.68896079
v 0.26271839 -0.01530256 0.69510157
v 0.25766705 -0.02372141 0.69123880
v 0.26044035 -0.01520350 0.69213024
v 0.25855846 -0.01589682 0.69005029
v 0.25647852 -0.01599588 0.68836659
v 0.25717183 -0.01708538 0.68896079
v 0.25944987 -0.02411760 0.69321980
v 0.26212411 -0.02352335 0.69609207
v 0.25647852 -0.02253285 0.69005029
v 0.25519092 -0.02312716 0.68945598
v 0.26430311 -0.02233478 0.69856821
v 0.25885562 -0.01985865 0.69024848
v 0.25736993 -0.01985865 0.68935698
v 0.26024225 -0.01975958 0.69193212
v 0.26212411 -0.01946246 0.69490350
v 0.27093918 -0.02263191 0.70589767
v 0.26816588 -0.01153880 0.70668993
v 0.26192601 -0.02609849 0.70678905
v 0.27292009 -0.01490637 0.70649181
v 0.26103460 -0.02114621 0.71253370
v 0.28807404 0.00331802 0.73769120
v 0.28718263 -0.00014857 0.73987021
v 0.28609315 0.00024757 0.73779020
v 0.28609315 0.01054836 0.73788938
v 0.28312176 0.01233112 0.74026640
v 0.28728169 0.01084549 0.74016740
v 0.28896545 0.00619034 0.73788938
v 0.28896545 0.00906267 0.74026640
v 0.28995592 0.00628935 0.74016740
v 0.29272918 0.00500177 0.75383559
v 0.29233299 0.00767603 0.75730223
v 0.29391775 0.00480371 0.75720328
v 0.29263015 0.00203039 0.75403371
v 0.29173874 -0.00302089 0.75650997
v 0.29045114 -0.00153525 0.75334040
v 0.28906451 0.01044930 0.75264708
v 0.28470649 0.01243019 0.75522222
v 0.28995592 0.00995405 0.75650997
v 0.28232942 0.00351608 0.72639996
v 0.28183416 0.00123807 0.72996560
v 0.28074469 0.00133708 0.72689521
v 0.28094275 0.01084549 0.72719246
v 0.27955612 0.01213306 0.73125323
v 0.28232942 0.01064737 0.73075810
v 0.28322083 0.00628935 0.72659821
v 0.28391414 0.00896360 0.73006478
v 0.28480555 0.00628935 0.72966848
v 0.27529717 0.00064376 0.73551219
v 0.27717905 -0.00084187 0.73174842
v 0.27807046 -0.00094094 0.73452175
v 0.28926260 0.00896360 0.74214816
v 0.29035211 0.00589315 0.74224740
v 0.27777330 0.00074281 0.74343585
v 0.28044753 -0.00173331 0.74086077
v 0.28104182 -0.00203044 0.74294072
v 0.28005134 -0.00143619 0.75195376
v 0.28213132 -0.00321901 0.74987382
v 0.28262654 -0.00351614 0.75066625
v 0.28084372 0.01213306 0.74927939
v 0.28421127 0.01193499 0.74700149
v 0.28084372 0.01223212 0.74729868
v 0.27698095 0.01243019 0.73194655
v 0.27846662 0.01233112 0.72788578
v 0.27608954 0.01272732 0.72847997
v 0.28034850 0.01223212 0.75423190
v 0.28500365 0.01213306 0.75185470
v 0.28104182 0.01223212 0.75135945
v 0.27975422 0.01252924 0.74076147
v 0.28252751 0.01213306 0.73818639
v 0.27925900 0.01252924 0.73868164
v 0.27807046 -0.00094094 0.73452175
v 0.27955612 -0.00044575 0.73085704
v 0.28074469 -0.00074288 0.73372949
v 0.28262654 -0.00351614 0.75066625
v 0.28520174 -0.00292188 0.74977476
v 0.28639028 -0.00331807 0.75126045
v 0.28460746 -0.00262476 0.74749668
v 0.28213132 -0.00321901 0.74987382
v 0.28153704 -0.00252570 0.74769481
v 0.28777691 -0.00004956 0.74214816
v 0.28916354 0.00331802 0.74006816
v 0.28955973 0.00302089 0.74224740
v 0.28371605 0.01233112 0.74234635
v 0.28777691 0.01074642 0.74204916
v 0.27628764 0.01163781 0.71936786
v 0.27628764 0.00965692 0.71679254
v 0.27440576 0.01193499 0.71659436
v 0.27826855 0.00371421 0.71887255
v 0.27727808 0.00688366 0.71689161
v 0.27876377 0.00678459 0.71887255
v 0.27014680 0.00094089 0.71322702
v 0.26776972 0.00183233 0.71600028
v 0.26806685 0.00173326 0.71174127
v 0.27450482 0.00044569 0.72006118
v 0.27529717 0.00163421 0.71748592
v 0.27698095 0.00143613 0.71956587
v 0.27787236 0.00975598 0.71887255
v 0.27202868 0.00103995 0.71461365
v 0.27361341 0.00242658 0.71401928
v 0.27420766 0.00212945 0.71550497
v 0.27232581 0.00212945 0.71144414
v 0.27054299 0.00163421 0.71065176
v 0.27103821 0.00203039 0.70995845
v 0.26975061 0.01183594 0.71184039
v 0.27133534 0.01094450 0.71144414
v 0.27014680 0.01104355 0.70995845
v 0.26925539 0.00262470 0.70926513
v 0.27004777 0.00302089 0.70857182
v 0.27331625 0.01094450 0.71451453
v 0.27410863 0.00906267 0.71421740
v 0.27282103 0.01035024 0.71312790
v 0.26984967 0.00896360 0.70738325
v 0.26846304 0.00658653 0.70708612
v 0.26885920 0.00926073 0.70768038
v 0.27559432 0.00678459 0.71560404
v 0.27470291 0.00411039 0.71471260
v 0.27490098 0.00668554 0.71481166
v 0.27480194 0.00926073 0.71530697
v 0.27450482 0.00668554 0.71421740
v 0.27391053 0.00906267 0.71382122
v 0.29362059 0.00143613 0.75720328
v 0.28371605 0.00381321 0.72947041
v 0.27420766 0.00896360 0.73650275
v 0.27232581 0.00678459 0.73343224
v 0.27341531 0.00648747 0.73650275
v 0.27589145 0.00827028 0.74383210
v 0.27509907 0.00579416 0.74214816
v 0.27569335 0.00569509 0.74393104
v 0.27668380 0.00737885 0.75145863
v 0.27678286 0.00450653 0.75007200
v 0.27717905 0.00411039 0.75165670
v 0.26885920 0.00926073 0.70768038
v 0.26539262 0.00668554 0.70946308
v 0.26608594 0.00985499 0.70956232
v 0.27282103 0.00995405 0.71243458
v 0.27054299 0.00163421 0.71065176
v 0.26925539 0.00262470 0.70926513
v 0.27183059 0.01054836 0.71075077
v 0.27074108 0.01044930 0.70936413
v 0.27192962 0.00153520 0.71233564
v 0.27014680 0.00094089 0.71322702
v 0.27341531 0.00272377 0.71322702
v 0.26529356 0.00995405 0.71481166
v 0.26697735 0.00668554 0.72154687
v 0.26767066 0.00995405 0.72124963
v 0.27311816 0.00074281 0.71728768
v 0.27222675 0.00024757 0.72045725
v 0.27084011 0.00054475 0.71659436
v 0.27084011 0.00054475 0.71659436
v 0.26915636 0.00143613 0.72095250
v 0.27044392 0.01262831 0.71520785
v 0.27143440 0.01173687 0.71312790
v 0.27549526 0.00391227 0.71570310
v 0.27856568 0.01114262 0.72224019
v 0.27985328 0.00381321 0.72154687
v 0.28054659 0.00658653 0.72144769
v 0.26975061 0.00995405 0.72550858
v 0.26994870 0.00668554 0.72699428
v 0.27064202 0.00985498 0.72659821
v 0.29104542 0.00549703 0.74729868
v 0.29074827 0.00817123 0.74997276
v 0.29163968 0.00519985 0.75036901
v 0.27886281 -0.00064381 0.75046807
v 0.28153704 -0.00252570 0.74769481
v 0.28005134 0.01262831 0.74274254
v 0.28104182 -0.00203044 0.74294072
v 0.28440936 -0.00232757 0.74254441
v 0.28936164 -0.00074288 0.75007200
v 0.29045114 0.00262470 0.74729868
v 0.29124352 0.00222852 0.75046807
v 0.28757882 0.01064737 0.74710061
v 0.28450840 0.01203400 0.74927939
v 0.28827213 0.01044930 0.74947763
v 0.27668380 0.00747791 0.74997276
v 0.27648573 0.00519985 0.74828906
v 0.28639028 0.00609128 0.73283793
v 0.28678647 0.00876548 0.73561125
v 0.28767788 0.00609128 0.73541313
v 0.27400957 0.01292544 0.72372576
v 0.27430672 0.01272732 0.71986299
v 0.27222675 0.01272732 0.72035830
v 0.28351795 0.01064737 0.73353125
v 0.28173513 0.01193499 0.73630457
v 0.28480555 0.01064737 0.73610644
v 0.27381150 -0.00004956 0.72352770
v 0.27232581 0.00113901 0.72600383
v 0.27113727 0.00113901 0.72451820
v 0.27559432 -0.00004956 0.72659821
v 0.27688189 0.00014856 0.72441896
v 0.27747617 0.00004950 0.72590489
v 0.27678286 0.00044569 0.73967209
v 0.27896187 -0.00123807 0.73689882
v 0.27965518 -0.00153525 0.73878076
v 0.27490098 0.00846836 0.73996921
v 0.27400957 0.00609128 0.73838452
v 0.27450482 0.00599222 0.74016740
v 0.28074469 0.01213306 0.73422456
v 0.28678647 0.00341708 0.73541313
v 0.28539981 0.00361515 0.73273893
v 0.28460746 0.00074281 0.73551219
v 0.28331986 0.00103995 0.73303617
v 0.27866471 0.01243019 0.73699788
v 0.27787236 0.01223212 0.73501706
v 0.27450482 0.00866648 0.73828545
v 0.27965518 -0.00153525 0.73878076
v 0.28173513 -0.00123807 0.73620551
v 0.28272557 -0.00163426 0.73818639
v 0.27599048 0.00034663 0.72283438
v 0.27836759 0.00163421 0.72184388
v 0.28866832 -0.00024762 0.74729868
v 0.27965518 0.00945880 0.72154687
v 0.28807404 0.00896360 0.73798833
v 0.27093918 0.00688366 0.72818290
v 0.27153343 0.00985498 0.72808378
v 0.28520174 0.00906267 0.73293687
v 0.27292009 0.00133708 0.72748959
v 0.27480194 -0.00004956 0.72511228
v 0.27559432 -0.00004956 0.72659821
v 0.27480194 -0.00004956 0.72511228
v 0.27381150 -0.00004956 0.72352770
v 0.27896187 -0.00123807 0.73689882
v 0.27608954 0.00044569 0.73788938
v 0.27807046 0.00024756 0.74799199
v 0.28975782 0.00856741 0.74719944
v 0.27549526 0.00836935 0.74195016
v 0.28044753 -0.00173331 0.74086077
v 0.28361699 -0.00203044 0.74026640
v 0.27658476 0.00797316 0.74809100
v 0.27717905 0.00054475 0.74145479
v 0.28163610 0.00371421 0.72501333
v 0.28005134 0.00143613 0.72521157
v 0.28015041 0.01114262 0.72540964
v 0.28262654 0.00638841 0.72521157
v 0.28242845 0.00906267 0.72689521
v 0.27777330 0.01252925 0.72639996
v 0.27549526 0.01272732 0.72709334
v 0.27717905 -0.00084187 0.73174842
v 0.27816949 -0.00034669 0.72758853
v 0.27301912 0.00955786 0.73313512
v 0.27153343 0.00678459 0.72956953
v 0.27410863 0.00074281 0.73244174
v 0.27599048 -0.00044575 0.72838091
v 0.27599048 -0.00044575 0.72838091
v 0.27212771 0.00955786 0.72947041
v 0.27341531 0.00133708 0.72917329
v 0.28094275 0.00371421 0.72332957
v 0.27935803 0.00153520 0.72362682
v 0.27707999 0.01262831 0.72471620
v 0.27965518 0.01104355 0.72382488
v 0.28193323 0.00648747 0.72352770
v 0.28193323 0.00916167 0.72531052
v 0.27470291 0.01292544 0.72540964
v 0.27252390 0.01252925 0.71580222
v 0.27351434 0.00371421 0.73620551
v 0.27559432 0.00341708 0.74195016
v 0.27628764 0.00321895 0.74383210
v 0.27757521 0.00193139 0.75017094
v 0.27807046 0.00094088 0.75195376
v 0.26578881 0.00341709 0.71035464
v 0.26440215 0.00668554 0.71510890
v 0.26965158 0.00430847 0.70758131
v 0.26955254 0.00658653 0.70688800
v 0.26846304 0.00411039 0.70787850
v 0.26846304 0.00658653 0.70708612
v 0.26519452 0.00371421 0.71550497
v 0.27717905 0.00272376 0.74809100
v 0.26895826 0.00668554 0.72560764
v 0.27054299 0.00351608 0.72669715
v 0.27430672 0.00341708 0.73828545
v 0.27490098 0.00331802 0.74006816
v 0.27133534 0.00391227 0.72808378
v 0.27192962 0.00401134 0.72947041
v 0.27252390 0.00371421 0.73323424
v 0.27727808 0.01084549 0.74789275
v 0.27807046 0.01054836 0.75135945
v 0.27777330 0.01064737 0.74957675
v 0.27262293 0.01213306 0.72620190
v 0.27321722 0.01193499 0.72768759
v 0.26935445 0.01044930 0.70886900
v 0.26836398 0.01124168 0.71094901
v 0.27698095 0.01114262 0.74145479
v 0.27460385 0.01153881 0.73254080
v 0.26846304 0.01143974 0.71481166
v 0.27014680 0.01213306 0.72075437
v 0.27559432 0.01114262 0.73571037
v 0.27737714 0.01094450 0.74333679
v 0.27628764 0.01114262 0.73769120
v 0.27024586 0.00995405 0.70847275
v 0.26935445 0.01044930 0.70886900
v 0.27371244 0.01183594 0.72917329
v 0.27192962 0.01223212 0.72461714
v 0.27658476 0.01124168 0.73947408
v 0.27054299 0.00856741 0.70768038
v 0.27400957 0.00678460 0.71382122
v 0.27341531 0.00886454 0.71342503
v 0.27044392 0.00450653 0.70787850
v 0.27272200 0.00965692 0.71233564
v 0.27202868 0.00262470 0.71124602
v 0.27113727 0.00311990 0.70946308
v 0.27113727 0.00975598 0.70956232
v 0.27084011 0.00945880 0.70867094
v 0.27292009 0.00321895 0.71292978
v 0.27084011 0.00351608 0.70857182
v 0.27391053 0.00420940 0.71382122
v 0.27163249 0.00648747 0.70936413
v 0.27133534 0.00668554 0.70867094
v 0.27232581 0.00638841 0.71075077
v 0.27173152 0.00995405 0.71065176
v 0.27311816 0.00638841 0.71253371
v 0.27608954 0.01262831 0.72293350
v 0.27222675 0.00024757 0.72045725
v 0.28114085 0.00945880 0.72372576
v 0.26747257 0.00381321 0.72134869
v 0.24479115 -0.08196018 0.79206720
v 0.24211692 -0.07839454 0.79543471
v 0.24053219 -0.07928592 0.79305764
v 0.25192243 -0.07621552 0.78513398
v 0.25370525 -0.06878712 0.78295509
v 0.25360619 -0.07552221 0.78751111
v 0.24974342 -0.08146493 0.78899681
v 0.25113005 -0.08057355 0.79157195
v 0.23865031 -0.06928232 0.79315670
v 0.24122551 -0.07344227 0.79810897
v 0.24092835 -0.06779661 0.79632627
v 0.24954533 -0.06670717 0.78206371
v 0.25202146 -0.07007469 0.78137039
v 0.24122551 -0.07344227 0.79810897
v 0.24399877 -0.07700791 0.79830704
v 0.24875295 -0.07443271 0.77503137
v 0.24716822 -0.07958304 0.77820082
v 0.24776251 -0.07641359 0.77324855
v 0.24092835 -0.08255443 0.78602542
v 0.24459306 -0.08196018 0.78236071
v 0.24558350 -0.08186112 0.78354928
v 0.22953811 -0.08324775 0.77909220
v 0.23013240 -0.07730503 0.77721044
v 0.22914195 -0.08096968 0.77364474
v 0.23557989 -0.08186112 0.78622348
v 0.23993791 -0.08285156 0.78453972
v 0.24805963 -0.07859261 0.77948851
v 0.23330185 -0.08413919 0.78166740
v 0.23825412 -0.08364394 0.78176646
v 0.23884840 -0.08314868 0.78305403
v 0.23310375 -0.08572389 0.77800270
v 0.22924099 -0.08562482 0.77612087
v 0.23072668 -0.08780383 0.77384280
v 0.24360258 -0.07730503 0.76908859
v 0.24588065 -0.08037543 0.77116860
v 0.24241405 -0.08027636 0.76760296
v 0.23072668 -0.08780383 0.77384280
v 0.22934005 -0.08423819 0.77126760
v 0.23112287 -0.08730865 0.77057440
v 0.24677206 -0.07839454 0.77196092
v 0.24558350 -0.08136586 0.77631906
v 0.23805606 -0.08413919 0.76572119
v 0.23359900 -0.08215825 0.76730589
v 0.23825412 -0.08077161 0.76651345
v 0.24300833 -0.08255443 0.78047883
v 0.24370164 -0.08225730 0.78137039
v 0.24637588 -0.08047448 0.77721044
v 0.24211692 -0.08255443 0.77958745
v 0.24489018 -0.08215825 0.77532849
v 0.24627681 -0.08096968 0.79434521
v 0.24905011 -0.06234916 0.78899681
v 0.24281023 -0.06492435 0.78939305
v 0.24439496 -0.06314153 0.79246339
v 0.23359900 -0.07879073 0.76938584
v 0.23944269 -0.07740404 0.76839528
v 0.24489018 -0.08255443 0.77116860
v 0.22924099 -0.08562482 0.77612087
v 0.24122551 -0.08364394 0.76700864
v 0.23260853 -0.08493150 0.77938939
v 0.22953811 -0.08324775 0.77909220
v 0.23785796 -0.08394107 0.78097408
v 0.24063123 -0.07403652 0.77126760
v 0.23647130 -0.07136226 0.77721044
v 0.24221595 -0.07086706 0.77483324
v 0.23439135 -0.08285156 0.78394547
v 0.23221234 -0.07888974 0.78463879
v 0.23033049 -0.08077161 0.78206371
v 0.23033049 -0.08077161 0.78206371
v 0.23191522 -0.07423459 0.78127133
v 0.24469209 -0.07463077 0.77116860
v 0.24954533 -0.07304608 0.77651712
v 0.24201786 -0.08245538 0.78741205
v 0.24657397 -0.08186112 0.78463879
v 0.23865031 -0.06829187 0.78176646
v 0.24469209 -0.06700430 0.78018182
v 0.24370164 -0.06839092 0.77829988
v 0.24578159 -0.07185751 0.77394186
v 0.24706919 -0.06957944 0.77651712
v 0.23369804 -0.07175845 0.78503503
v 0.23498564 -0.07680978 0.78909593
v 0.23468848 -0.07086706 0.78681780
v 0.23607514 -0.07621552 0.79058162
v 0.23795699 -0.08027636 0.78959106
v 0.23914553 -0.07988017 0.79097769
v 0.25568614 -0.06710330 0.78642167
v 0.25538901 -0.07393746 0.79048244
v 0.23686749 -0.08096968 0.78810537
v 0.24914914 -0.07799834 0.78057784
v 0.24528637 -0.06621192 0.78176646
v 0.23924459 -0.06740049 0.78305403
v 0.23993791 -0.06650905 0.78493591
v 0.25281384 -0.07898879 0.79424626
v 0.25063483 -0.06551861 0.78444066
v 0.23538183 -0.07027275 0.78810537
v 0.23607514 -0.07621552 0.79058162
v 0.23498564 -0.07680978 0.78909593
v 0.23379710 -0.07760216 0.78731311
v 0.24805963 -0.07938498 0.79761384
v 0.24370164 -0.08225730 0.79018531
v 0.25083293 -0.07690884 0.78315309
v 0.24845582 -0.08196018 0.78711504
v 0.24885201 -0.06749948 0.77998376
v 0.25113005 -0.07086706 0.77948851
v 0.23944269 -0.07463077 0.79523665
v 0.24617778 -0.06551861 0.78345034
v 0.24825773 -0.06452816 0.78562923
v 0.23746177 -0.07542315 0.79266157
v 0.23944269 -0.07463077 0.79523665
v 0.23746177 -0.07542315 0.79266157
v 0.24073029 -0.06581573 0.78652061
v 0.23666939 -0.06957944 0.78998725
v 0.24290927 -0.08205918 0.78869974
v 0.25004055 -0.07730503 0.78196464
v 0.24746538 -0.08156400 0.78582729
v 0.24815870 -0.06829187 0.77839900
v 0.25043674 -0.07185751 0.77810176
v 0.23468848 -0.07453177 0.77324855
v 0.23419326 -0.08562482 0.76690964
v 0.24885201 -0.06749948 0.77998376
v 0.24241405 -0.08027636 0.76760296
v 0.24360258 -0.07730503 0.76908859
v 0.24954533 -0.06670717 0.78206371
v 0.25063483 -0.06551861 0.78444066
v 0.24469209 -0.07463077 0.77116860
v 0.24578159 -0.07185751 0.77394186
v 0.25271478 -0.06363672 0.78751111
v 0.24122551 -0.08364394 0.76700864
v 0.24815870 -0.06829187 0.77839900
v 0.24706919 -0.06957944 0.77651712
v 0.23538183 -0.08661533 0.76869252
v 0.23805606 -0.08413919 0.76572119
v 0.23894747 -0.08512963 0.76720677
v 0.24152264 -0.08255443 0.77899320
v 0.24459306 -0.08196018 0.77513049
v 0.23419326 -0.08562482 0.76690964
v 0.23270759 -0.08760577 0.77077247
v 0.23112287 -0.08730865 0.77057440
v 0.24360258 -0.08255443 0.77166391
v 0.23359900 -0.08592195 0.77711131
v 0.23191522 -0.08740764 0.77324855
v 0.24092835 -0.08453532 0.76829627
v 0.23756081 -0.08374300 0.78067707
v 0.23666939 -0.08681339 0.77047528
v 0.23874937 -0.08562482 0.77394186
v 0.23379710 -0.07760216 0.78731311
v 0.27945709 -0.06997562 0.76799921
v 0.28728169 -0.05858539 0.75948129
v 0.27440576 -0.06789568 0.74105883
v 0.24360258 -0.07968211 0.73263986
v 0.27995231 -0.04798752 0.75839173
v 0.29322440 -0.03352690 0.75056713
v 0.25370525 -0.05105791 0.71104795
v 0.25905371 -0.04244100 0.71124602
v 0.24637588 -0.04986940 0.70659099
v 0.28421127 -0.02550424 0.75205277
v 0.29649292 -0.01282643 0.75036901
v 0.27579239 -0.01451019 0.71174127
v 0.26370883 -0.02223572 0.69846914
v 0.28599409 -0.00391233 0.75413277
v 0.29154065 0.00787410 0.75334040
v 0.27717905 0.00351608 0.71699067
v 0.27430672 0.00420940 0.71411834
v 0.27232581 -0.05759494 0.74977475
v 0.27500004 -0.05630738 0.75363752
v 0.27757521 -0.05284073 0.75898598
v 0.27707999 -0.05422743 0.75700504
v 0.25172434 -0.06561767 0.73610644
v 0.25311097 -0.06512241 0.73679976
v 0.23597608 -0.07205557 0.72471620
v 0.23825412 -0.06908424 0.72798483
v 0.26905729 -0.05937776 0.74700149
v 0.27034489 -0.05858539 0.74809099
v 0.25420047 -0.06482528 0.73749307
v 0.26063844 -0.06215102 0.74145479
v 0.24211692 -0.06749948 0.73115417
v 0.24597969 -0.06640998 0.73333318
v 0.26529356 -0.06046727 0.74472342
v 0.26747257 -0.05987302 0.74611005
v 0.23528276 -0.07314508 0.72441896
v 0.24954533 -0.06581573 0.73481887
v 0.27549526 -0.02966413 0.74294072
v 0.27846662 -0.02837656 0.75106232
v 0.27668380 -0.02916894 0.74601099
v 0.25152624 -0.03669635 0.71491072
v 0.25301191 -0.03639922 0.71609923
v 0.24043313 -0.04115336 0.70015302
v 0.24211692 -0.03956867 0.70322335
v 0.27024586 -0.03204120 0.73155024
v 0.27173152 -0.03174408 0.73313511
v 0.25806324 -0.03471540 0.72243825
v 0.24370164 -0.03847917 0.70698706
v 0.24746538 -0.03768679 0.71124602
v 0.26232220 -0.03382402 0.72649896
v 0.27282103 -0.03144695 0.73501706
v 0.26757163 -0.03273452 0.72927229
v 0.24053219 -0.04263906 0.69955865
v 0.25429951 -0.03590397 0.71738691
v 0.25004055 -0.03709254 0.71362309
v 0.23746177 -0.04739326 0.69837008
v 0.25756802 -0.02134434 0.70817568
v 0.28341892 -0.00807222 0.74155409
v 0.28302273 -0.00718084 0.74878431
v 0.28341892 -0.00767604 0.74432735
v 0.26658116 -0.01074648 0.71045376
v 0.26796779 -0.01054836 0.71184039
v 0.25766705 -0.01361881 0.69113986
v 0.25836037 -0.01223211 0.69539875
v 0.28074469 -0.00827034 0.73125323
v 0.28183416 -0.00836935 0.73273893
v 0.27331625 -0.00975604 0.72045725
v 0.26044035 -0.01163786 0.69936053
v 0.26341170 -0.01124168 0.70490711
v 0.27856568 -0.00856748 0.72798484
v 0.28252751 -0.00846841 0.73511612
v 0.27955612 -0.00846841 0.72947041
v 0.25836037 -0.01470831 0.69014930
v 0.26955254 -0.01025123 0.71372227
v 0.26539262 -0.01094455 0.70867094
v 0.25598329 -0.01975958 0.68886184
v 0.26846304 0.00411039 0.70787850
v 0.26955254 0.00331802 0.72521157
v 0.27064202 0.00658653 0.70728431
v 0.29807764 -0.01748158 0.75472703
v 0.27064202 -0.03362596 0.76086793
v 0.27321722 -0.02698993 0.76245256
v 0.27529717 -0.02738612 0.75839173
v 0.29441297 0.00440752 0.76166019
v 0.27975422 0.01213306 0.75799554
v 0.27777330 0.01025118 0.75393465
v 0.27678286 0.00866648 0.75720328
v 0.28520174 -0.06799474 0.76750390
v 0.27410863 -0.06076440 0.77255523
v 0.27173152 -0.06066533 0.76958384
v 0.27361341 -0.06522148 0.77007915
v 0.29025305 0.00985498 0.76086793
v 0.27698095 0.00391227 0.75403371
v 0.27658476 0.00658653 0.75551941
v 0.27668380 0.00688366 0.75324133
v 0.27618858 -0.00757703 0.75532128
v 0.27440576 -0.01342068 0.75829267
v 0.27559432 -0.00668559 0.75690604
v 0.28094275 -0.06898519 0.77017810
v 0.27103821 -0.03946962 0.76562213
v 0.27232581 -0.04145055 0.76324494
v 0.29322440 -0.04402570 0.75779736
v 0.29589864 -0.03867724 0.75502404
v 0.27311816 -0.05868445 0.76968291
v 0.27272200 -0.05581212 0.76780114
v 0.27707999 -0.00064381 0.75720328
v 0.27866471 -0.00153525 0.75532128
v 0.27668380 -0.06749948 0.77186192
v 0.27400957 -0.01946246 0.75987737
v 0.27519813 -0.01470831 0.75492521
v 0.27717905 -0.02174053 0.75512328
v 0.28777691 -0.06710330 0.76601820
v 0.29005495 -0.06234916 0.76364119
v 0.27569335 -0.06868805 0.76948478
v 0.28450840 0.01282637 0.75868886
v 0.27292009 -0.04937416 0.76492864
v 0.27232581 -0.05531693 0.76849446
v 0.27232581 -0.04838371 0.76710783
v 0.29471010 -0.02302810 0.75611366
v 0.27252390 -0.01758058 0.76374019
v 0.27133534 -0.03174408 0.76661258
v 0.27252390 -0.02431567 0.77037622
v 0.27252390 -0.02560330 0.76582014
v 0.27490098 0.00183232 0.75987737
v 0.27678286 0.00430846 0.75670803
v 0.28520174 0.01272732 0.76364119
v 0.27807046 0.01243019 0.76562214
v 0.28549887 0.01332163 0.76928672
v 0.27084011 -0.03897442 0.76859340
v 0.27480194 -0.00549703 0.76066986
v 0.27252390 -0.00985504 0.76601821
v 0.27282103 -0.00262476 0.76423527
v 0.27084011 -0.04749233 0.76948478
v 0.27004777 -0.05393024 0.77453612
v 0.26895826 -0.04640283 0.77374386
v 0.26975061 -0.03778586 0.77780463
v 0.26826494 -0.04570951 0.77909220
v 0.27123630 -0.00044575 0.76879147
v 0.27351434 0.00559603 0.76304682
v 0.29887002 -0.01183599 0.75591559
v 0.26955254 -0.05432643 0.77929038
v 0.26806685 -0.05353411 0.78632243
v 0.26836398 -0.04511520 0.78711504
v 0.27153343 -0.03035745 0.77631906
v 0.27311816 -0.02332523 0.77542756
v 0.28807404 -0.06225009 0.78176646
v 0.28123991 -0.06680618 0.77542756
v 0.28926260 -0.06482529 0.77285248
v 0.26994870 -0.03808298 0.77305054
v 0.29342250 -0.02490998 0.75819361
v 0.27064202 0.00173326 0.77631906
v 0.27222675 -0.00767604 0.77205987
v 0.27262293 -0.00777510 0.77889414
v 0.27252390 -0.02996126 0.78394547
v 0.27064202 -0.03679541 0.78543117
v 0.27410863 -0.02302810 0.78196465
v 0.29579960 0.00094088 0.78097409
v 0.29421488 0.00569509 0.77542756
v 0.29431391 0.00688366 0.78057784
v 0.29728530 -0.02798037 0.77077247
v 0.30045475 -0.03144695 0.78265784
v 0.29976143 -0.03481447 0.77196092
v 0.29005495 0.01203400 0.77829989
v 0.29728530 -0.02065103 0.77146579
v 0.29867193 -0.02461286 0.78097409
v 0.29847383 -0.01758059 0.78037983
v 0.29936524 -0.01421307 0.77295142
v 0.29986047 -0.01104361 0.78057784
v 0.29015401 0.01619395 0.79543472
v 0.29312537 0.01470825 0.80821165
v 0.29391775 0.01153881 0.79583102
v 0.29778052 -0.00708178 0.77334761
v 0.29768146 -0.00480371 0.78077602
v 0.29708720 0.00470464 0.79751472
v 0.29827574 -0.03838011 0.78434172
v 0.29807764 -0.02956513 0.81108391
v 0.29540341 -0.04085625 0.80088224
v 0.29817671 -0.03422022 0.79771290
v 0.30094997 -0.02322617 0.80850883
v 0.30203947 -0.01381688 0.81940376
v 0.30114806 -0.01956153 0.82158277
v 0.30094997 -0.00579422 0.80246700
v 0.29986047 -0.01441113 0.79147300
v 0.30045475 -0.00836935 0.79038344
v 0.29540341 -0.03649823 0.81445149
v 0.29055017 -0.04630377 0.80484419
v 0.29490819 -0.04818565 0.77621988
v 0.29471010 -0.04382763 0.76591926
v 0.29659195 -0.04135149 0.77414005
v 0.29570057 -0.02946607 0.75799554
v 0.30144519 -0.01718440 0.80642888
v 0.30184138 -0.00817129 0.81742288
v 0.29906812 -0.00024763 0.80028799
v 0.29827574 -0.00262476 0.78909593
v 0.30065284 -0.02738612 0.79523665
v 0.29599770 -0.02332523 0.76463157
v 0.29778052 -0.02966413 0.76334400
v 0.29461107 -0.05848638 0.77265423
v 0.29292728 -0.05194935 0.76760296
v 0.29451200 0.00391227 0.77186192
v 0.29540341 -0.00074288 0.77493243
v 0.29510629 -0.00193145 0.76938584
v 0.27569335 -0.06868805 0.76948478
v 0.27707999 -0.05422743 0.75700504
v 0.27410863 -0.04877991 0.76255162
v 0.27727808 -0.04927515 0.76047168
v 0.27777330 -0.02728706 0.75542034
v 0.27668380 -0.02916894 0.74601099
v 0.28341892 -0.00767604 0.74432735
v 0.27371244 -0.04442188 0.76126400
v 0.27727808 -0.04630377 0.75967930
v 0.27876377 -0.00688371 0.75294421
v 0.27945709 -0.02738612 0.75353858
v 0.27727808 -0.04630377 0.75967930
v 0.27856568 -0.02382048 0.75353858
v 0.28104182 -0.00559608 0.75185470
v 0.28044753 -0.02570230 0.75235001
v 0.28223035 -0.00381326 0.75244896
v 0.28044753 -0.00252570 0.75413277
v 0.28044753 -0.02570230 0.75235001
v 0.28223035 -0.00381326 0.75244896
v 0.16912023 0.09315235 1.10316926
v 0.21705840 0.13098775 1.09673135
v 0.22785435 0.12405447 1.10029699
v 0.24726729 0.09681703 1.10544733
v 0.25122912 0.08245543 1.10723027
v 0.20745098 0.13118574 1.09633516
v 0.18912754 0.06670716 1.10217893
v 0.20170622 0.05690163 1.10277313
v 0.18843412 0.13029443 1.09791998
v 0.19853677 0.13138394 1.09683035
v 0.17753911 0.07859265 1.10336738
v 0.16991270 0.11345668 1.10128743
v 0.16842702 0.12177652 1.11762995
v 0.17337920 0.11949846 1.10079230
v 0.24845582 0.06977760 1.10851772
v 0.23934363 0.05779307 1.10822059
v 0.16812988 0.10513686 1.10237694
v 0.23993791 0.11078245 1.10326832
v 0.22825054 0.05313791 1.10723027
v 0.20418236 0.12395551 1.08098315
v 0.21349276 0.12653061 1.08048784
v 0.17942098 0.07700792 1.09108570
v 0.19061313 0.06581572 1.09039238
v 0.17555830 0.11187196 1.08791637
v 0.17952012 0.11791373 1.08732211
v 0.25439857 0.07888969 1.09316571
v 0.25162528 0.06700429 1.09465134
v 0.17258684 0.10335404 1.08950112
v 0.24429590 0.10761300 1.08851056
v 0.25083293 0.09335043 1.09138289
v 0.23171712 0.05194935 1.09326471
v 0.24300833 0.05620831 1.09405709
v 0.23300472 0.11949846 1.08524217
v 0.17268587 0.09146857 1.09049145
v 0.22290208 0.12593643 1.08157746
v 0.20358809 0.05700068 1.09039238
v 0.19576349 0.12405447 1.08276591
v 0.18001525 0.10989106 1.07840789
v 0.18526477 0.11514046 1.07761551
v 0.25697374 0.07641365 1.08246878
v 0.25420047 0.06442910 1.08286497
v 0.24528637 0.05541594 1.08405348
v 0.17654866 0.10196731 1.07949751
v 0.24786154 0.10355214 1.07781364
v 0.25400238 0.08998289 1.08019083
v 0.23389613 0.05115698 1.08236984
v 0.23706558 0.11494238 1.07484225
v 0.17605352 0.09018098 1.08118115
v 0.22735913 0.12108320 1.07127661
v 0.21844503 0.12365839 1.06979092
v 0.19229700 0.06423103 1.08177547
v 0.20527187 0.05660450 1.08068596
v 0.20071577 0.12167747 1.07137567
v 0.20972902 0.12524311 1.06919666
v 0.18160008 0.07552224 1.08227078
v 0.18437325 0.10741491 1.07088054
v 0.25053577 0.10077886 1.06810728
v 0.25717183 0.08671429 1.06880059
v 0.23607514 0.05016653 1.07147473
v 0.24766348 0.05402930 1.07266324
v 0.18100581 0.09919413 1.07038523
v 0.24053219 0.11107959 1.06543296
v 0.18021343 0.08760580 1.07206899
v 0.23092477 0.11751756 1.06275870
v 0.26004416 0.07304611 1.07018722
v 0.22181258 0.12108320 1.06137206
v 0.19417877 0.06244821 1.07286136
v 0.20735192 0.05551499 1.07088054
v 0.20418236 0.12019179 1.06186732
v 0.21250228 0.12385647 1.06137206
v 0.18417516 0.07344229 1.07335656
v 0.18962267 0.11256527 1.06790909
v 0.25657755 0.06185390 1.07088054
v 0.18991981 0.10256168 1.05414172
v 0.19526836 0.10761300 1.05166570
v 0.26261933 0.07146137 1.05859880
v 0.25925178 0.06007108 1.05750935
v 0.25073387 0.05194935 1.05939118
v 0.18605703 0.09483613 1.05721217
v 0.25291288 0.09850082 1.05681604
v 0.25974703 0.08532775 1.05849974
v 0.23865031 0.04897796 1.05919305
v 0.24389974 0.10830632 1.05414172
v 0.18467040 0.08463443 1.05998543
v 0.23439135 0.11424906 1.05136846
v 0.22527916 0.11751756 1.04918945
v 0.19635776 0.06076440 1.05998543
v 0.20933283 0.05383124 1.05909399
v 0.20863952 0.11583379 1.04839707
v 0.21596889 0.12019179 1.04810006
v 0.18734472 0.07086710 1.06097599
v 0.19061313 0.08978480 1.04354386
v 0.19467399 0.09691608 1.04096878
v 0.25786515 0.09483613 1.04017634
v 0.26400599 0.08235639 1.04374192
v 0.24241405 0.04620470 1.04928851
v 0.25429951 0.05056273 1.04819912
v 0.24885201 0.10513686 1.03720495
v 0.18843412 0.08106879 1.04473242
v 0.23874937 0.11068342 1.03443169
v 0.26628403 0.06997559 1.04631712
v 0.22924099 0.11385287 1.03274787
v 0.19794249 0.05838732 1.04522773
v 0.21101662 0.05046366 1.04681249
v 0.21270038 0.11177291 1.03462987
v 0.21963357 0.11543760 1.03254993
v 0.18952372 0.06938142 1.04453442
v 0.19962626 0.10315595 1.03908684
v 0.26261933 0.05888257 1.04691143
v 0.19516931 0.07948407 1.02224907
v 0.25449760 0.09879786 1.01462254
v 0.26341170 0.08928957 1.01878249
v 0.19299032 0.07096615 1.02472532
v 0.24449399 0.10325500 1.01135408
v 0.27034489 0.06660810 1.02957854
v 0.23488657 0.10612732 1.00996739
v 0.20121109 0.05036465 1.03037091
v 0.21398798 0.04254006 1.03334218
v 0.21785075 0.10375023 1.01244353
v 0.22577441 0.10583018 1.01046276
v 0.19279212 0.06076440 1.02749859
v 0.19883390 0.08691249 1.01937675
v 0.20398427 0.09364758 1.01690073
v 0.26638306 0.05561405 1.03284693
v 0.25915275 0.04689802 1.03740313
v 0.26895826 0.07799838 1.02422996
v 0.24756441 0.04135149 1.03839352
v 0.20131005 0.05719876 0.99719064
v 0.25231859 0.09305331 0.98381940
v 0.26152985 0.08790294 0.98669172
v 0.27490098 0.05769400 1.00511418
v 0.24271117 0.09543040 0.98253183
v 0.20824333 0.03887536 1.00333124
v 0.21953453 0.03263545 1.00739225
v 0.22508109 0.09077526 0.98540409
v 0.23330185 0.09354853 0.98411664
v 0.20121109 0.04739327 0.99986478
v 0.20636137 0.07433370 0.99184206
v 0.21111565 0.08126689 0.98946498
v 0.27074108 0.04759134 1.01006645
v 0.26301552 0.03907342 1.01422635
v 0.20259774 0.06710331 0.99441726
v 0.27420766 0.06789568 0.99857727
v 0.25182337 0.03362595 1.01472172
v 0.26945348 0.07819648 0.99263455
v 0.28015041 0.04610571 0.97351878
v 0.25192243 0.08225734 0.95321432
v 0.26113366 0.07829552 0.95519520
v 0.22032688 0.02837650 0.97411285
v 0.23013240 0.02352329 0.97787674
v 0.23478754 0.07601737 0.95687902
v 0.24241405 0.07928598 0.95539333
v 0.21468129 0.03639923 0.97084440
v 0.21636508 0.06036821 0.96282174
v 0.22072307 0.06720236 0.96014759
v 0.27539623 0.03719160 0.97916413
v 0.26757163 0.03055551 0.98263094
v 0.21359179 0.05343505 0.96559488
v 0.28034850 0.05551499 0.96767506
v 0.25717183 0.02629654 0.98322514
v 0.26975061 0.07274897 0.95806765
v 0.27668380 0.06472623 0.96282174
v 0.21319560 0.04462001 0.96817020
v 0.24726729 0.06225010 0.92637294
v 0.25588423 0.06631098 0.92508526
v 0.26400599 0.06631098 0.92528344
v 0.22785435 0.02471186 0.94192314
v 0.23260853 0.01767957 0.94509259
v 0.22834958 0.04709614 0.93191953
v 0.23320282 0.05293981 0.92825483
v 0.28084372 0.02421660 0.94598397
v 0.27361341 0.01777864 0.94984674
v 0.22636866 0.03976674 0.93588136
v 0.28480555 0.04977035 0.93340522
v 0.28708359 0.04046005 0.93776318
v 0.26420408 0.01490631 0.95093636
v 0.27906090 0.05719876 0.92944339
v 0.22527916 0.03164502 0.93885269
v 0.27153343 0.06363672 0.92706626
v 0.28579599 0.03174407 0.94202214
v 0.24053219 0.01332162 0.94806392
v 0.24023504 0.03610210 0.90587065
v 0.24498924 0.04154957 0.90250296
v 0.28490458 0.01441112 0.92181686
v 0.27866471 0.00886453 0.92468918
v 0.23785796 0.02926795 0.90983237
v 0.28936164 0.03689441 0.91062474
v 0.29025305 0.02936700 0.91399226
v 0.27084011 0.00500177 0.92508525
v 0.23726368 0.02193854 0.91359619
v 0.28619218 0.04303526 0.90765336
v 0.28133894 0.04788847 0.90507828
v 0.28876735 0.02154240 0.91805321
v 0.27539623 0.05105798 0.90280015
v 0.24419687 0.00846835 0.92023216
v 0.25122912 0.00450652 0.92280730
v 0.26024225 0.04967135 0.89992782
v 0.26895826 0.05165223 0.90012600
v 0.23973981 0.01460918 0.91716183
v 0.24726729 0.02025478 0.88883482
v 0.24944630 0.02718799 0.88497194
v 0.29302634 0.02461280 0.89230140
v 0.29282824 0.01807577 0.89507455
v 0.27707999 -0.00411040 0.90418678
v 0.28302273 0.00004950 0.90388965
v 0.24726729 0.01282636 0.89279654
v 0.29144158 0.03055551 0.88962708
v 0.28866832 0.03530972 0.88724995
v 0.29124352 0.01143974 0.89814500
v 0.28411224 0.03867723 0.88497194
v 0.25449760 0.00014855 0.89972969
v 0.26044035 -0.00381327 0.90200777
v 0.27064202 0.03946962 0.88081198
v 0.27787236 0.04016293 0.88299099
v 0.25013961 0.00559602 0.89665942
v 0.25400238 0.03273452 0.88209961
v 0.28797500 0.00519984 0.90141351
v 0.25578520 0.00539796 0.87784066
v 0.25429951 0.01282637 0.87368076
v 0.29421488 0.02174048 0.87536452
v 0.29500722 0.01609488 0.87793972
v 0.29233299 0.02639562 0.87288838
v 0.29451200 0.01005311 0.88021761
v 0.29292728 0.00371420 0.88299099
v 0.28886641 0.02976314 0.87061031
v 0.26331267 -0.00609135 0.88477381
v 0.26796779 -0.01005318 0.88645763
v 0.27648573 0.03184314 0.86635135
v 0.28331986 0.03174408 0.86853036
v 0.25944987 -0.00123807 0.88180249
v 0.25538901 0.01985859 0.86981793
v 0.25964797 0.02540517 0.86674766
v 0.29045114 -0.00183239 0.88546713
v 0.28648931 -0.00658653 0.88744813
v 0.26083654 0.00004950 0.86753992
v 0.29411581 0.01936340 0.86070577
v 0.29589864 0.01500538 0.86308296
v 0.29629482 0.00321895 0.86823324
v 0.29520532 -0.00222858 0.87041230
v 0.29134255 0.02263192 0.85872488
v 0.26806685 -0.01025124 0.87338369
v 0.27252390 -0.01371781 0.87457226
v 0.28114085 0.02619755 0.85476311
v 0.28658837 0.02530611 0.85684312
v 0.26440215 -0.00599228 0.87090756
v 0.25954894 0.01451013 0.85941820
v 0.26410502 0.02045290 0.85605050
v 0.29302634 -0.00807223 0.87249231
v 0.28955973 -0.01252931 0.87447320
v 0.25885562 0.00737884 0.86347903
v 0.29669101 0.00916166 0.86575710
v 0.28510268 -0.01609489 0.87486927
v 0.29807764 -0.00153526 0.85793250
v 0.29728530 -0.00698273 0.86011151
v 0.29263015 0.01777864 0.84891922
v 0.29510629 0.01421301 0.85070216
v 0.27410863 -0.01718440 0.86605434
v 0.27093918 -0.01659014 0.85941819
v 0.27519813 -0.02055198 0.85951731
v 0.28886641 0.02104716 0.84763183
v 0.28539981 0.02124522 0.83941098
v 0.28470649 0.02332523 0.84664132
v 0.26994870 -0.01351975 0.86516279
v 0.26767066 -0.01193499 0.85872488
v 0.26152985 0.01114261 0.85298023
v 0.26549165 0.01787770 0.84872127
v 0.29520532 -0.01223212 0.86219146
v 0.29322440 -0.02124528 0.85605050
v 0.29698814 -0.01589682 0.85397067
v 0.26123269 0.00341708 0.85723919
v 0.29787955 0.00430846 0.85555537
v 0.29154065 -0.01688727 0.86417234
v 0.28807404 -0.02490999 0.85832869
v 0.29679005 0.00985498 0.85298023
v 0.26351074 -0.00401140 0.86110195
v 0.29778052 -0.00856748 0.76611727
v 0.29976143 -0.03550779 0.76799921
v 0.29431391 -0.05670356 0.77909220
v 0.29926618 -0.01619395 0.76245256
v 0.29688911 -0.01995772 0.76136318
v 0.29936524 -0.03699348 0.76274981
v 0.29639389 -0.04135149 0.76195737
v 0.29916715 -0.01619395 0.76829628
v 0.29272918 0.00727985 0.76562214
v 0.29431391 0.00420940 0.76780114
v 0.28926260 -0.04650183 0.76146212
v 0.28876735 -0.05254361 0.76235350
v 0.29480916 0.00094088 0.76681058
v 0.29431391 -0.00024762 0.76205649
v 0.29391775 -0.00302089 0.76116499
v 0.29946428 -0.01272737 0.76126400
v 0.29074827 0.00975598 0.76809815
v 0.28995592 0.01104355 0.77265424
v 0.29629482 -0.00817129 0.75918405
v 0.27301912 -0.01609488 0.77433805
v 0.29322440 -0.02124528 0.85605050
v 0.28995592 -0.03025842 0.85050409
v 0.29520532 -0.02619756 0.84773077
v 0.29857287 -0.02015578 0.84545276
v 0.24568256 -0.07522509 0.80147649
v 0.24320642 -0.07165945 0.80137755
v 0.25766705 -0.06452816 0.79008637
v 0.25271478 -0.06363672 0.78751111
v 0.25459666 -0.06096252 0.79107675
v 0.24281023 -0.06601379 0.80028798
v 0.25103102 -0.05987302 0.79256245
v 0.25479473 -0.07700791 0.79741566
v 0.25816230 -0.07235276 0.79394908
v 0.25459666 -0.06096252 0.79107675
v 0.24974342 -0.07780022 0.80038705
v 0.24320642 -0.07165945 0.80137755
v 0.25142718 -0.07532409 0.80385362
v 0.25687471 -0.07472983 0.80088224
v 0.24469209 -0.06977756 0.80464600
v 0.24389974 -0.06482529 0.80316031
v 0.25925178 -0.06215103 0.79305764
v 0.25618139 -0.05898158 0.79414703
v 0.24736632 -0.07304608 0.80474512
v 0.24469209 -0.06977756 0.80464600
v 0.24637588 -0.06066533 0.79622703
v 0.25241765 -0.05809020 0.79523665
v 0.25618139 -0.05898158 0.79414703
v 0.26024225 -0.06967850 0.79672234
v 0.25885562 -0.07284796 0.80484419
v 0.26232220 -0.06769762 0.79949561
v 0.26063844 -0.06036821 0.79563296
v 0.25261575 -0.07304608 0.80751827
v 0.24568256 -0.06839093 0.80741927
v 0.24469209 -0.06373579 0.80504225
v 0.25766705 -0.05739688 0.79642522
v 0.24865392 -0.07106514 0.80791446
v 0.24568256 -0.06839093 0.80741927
v 0.24756441 -0.05898158 0.79860428
v 0.24855489 -0.05779307 0.80008986
v 0.25370525 -0.05650544 0.79721765
v 0.24568256 -0.06205203 0.80682495
v 0.24944630 -0.05650544 0.80167462
v 0.25469570 -0.05531693 0.79890135
v 0.25766705 -0.05739688 0.79642522
v 0.26450121 -0.06571667 0.80216987
v 0.26222317 -0.05828826 0.79751472
v 0.25439857 -0.07126326 0.81108391
v 0.26103460 -0.07106514 0.80900408
v 0.24994152 -0.06938137 0.81098491
v 0.24677206 -0.06650905 0.80969728
v 0.25915275 -0.05591119 0.79810897
v 0.24677206 -0.06650905 0.80969728
v 0.24637588 -0.06086346 0.80860777
v 0.26073747 -0.05442549 0.79929760
v 0.24776251 -0.06393385 0.81256972
v 0.25063483 -0.05492074 0.80335826
v 0.25608233 -0.05353411 0.80058511
v 0.25915275 -0.05591119 0.79810897
v 0.26687831 -0.06363672 0.80494313
v 0.26489740 -0.05640637 0.79890135
v 0.25647852 -0.06938137 0.81583812
v 0.26430311 -0.06918331 0.81266878
v 0.25103102 -0.06710330 0.81514480
v 0.26578881 -0.06759855 0.81871044
v 0.25281384 -0.06304247 0.82079039
v 0.25935084 -0.06720236 0.82207808
v 0.24865392 -0.05878351 0.81672956
v 0.24905011 -0.05363312 0.81108391
v 0.26479834 -0.05412837 0.79850516
v 0.24865392 -0.05878351 0.81672956
v 0.25400238 -0.05145411 0.80474512
v 0.25935084 -0.05343505 0.80088224
v 0.26073747 -0.05442549 0.79929760
v 0.26994870 -0.06205203 0.80831077
v 0.26915636 -0.05244461 0.79919848
v 0.25439857 -0.05739688 0.82722836
v 0.26152985 -0.06363672 0.82930831
v 0.24954533 -0.05224648 0.82207808
v 0.26192601 -0.04283719 0.79900036
v 0.25528998 -0.03293265 0.81900751
v 0.26539262 -0.03481447 0.79791097
v 0.25162528 -0.04412476 0.82811980
v 0.25291288 -0.04026199 0.81702675
v 0.25637948 -0.04848278 0.83406263
v 0.25479473 -0.03639923 0.83218063
v 0.25162528 -0.04412476 0.82811980
v 0.26063844 -0.02560330 0.81445149
v 0.26975061 -0.02827750 0.79662328
v 0.26460024 -0.01876915 0.81217354
v 0.27292009 -0.02183953 0.79583102
v 0.26816588 -0.01213312 0.80999447
v 0.27321722 -0.01470831 0.79424627
v 0.27470291 -0.05838733 0.83208157
v 0.28450840 -0.04699709 0.83673672
v 0.27678286 -0.04907704 0.84040130
v 0.26687831 -0.00371421 0.80623082
v 0.27143440 -0.00628940 0.79196826
v 0.26687831 0.00589315 0.79999092
v 0.26955254 0.00381320 0.78830343
v 0.26776972 0.01470826 0.80355650
v 0.26975061 0.01599583 0.79186908
v 0.27113727 0.01470826 0.78384641
v 0.27727808 -0.04927515 0.76047168
v 0.27945709 -0.02738612 0.75353858
v 0.26638306 -0.05185030 0.79186907
v 0.24954533 -0.05224648 0.82207808
v 0.25093196 -0.04798752 0.81464955
v 0.28104182 -0.00559608 0.75185470
v 0.27430672 -0.01589682 0.78057784
v 0.27232581 -0.01678826 0.76859340
v 0.27252390 0.00737885 0.76611727
v 0.27787236 0.01143974 0.76156124
v 0.29748336 0.00708172 0.81118286
v 0.29936524 0.00242658 0.81306486
v 0.29233299 -0.05650544 0.76572119
v 0.29282824 -0.06036820 0.76819721
v 0.25608233 -0.04719515 0.80524026
v 0.29431391 0.00876548 0.78652061
v 0.29629482 0.00292182 0.78770906
v 0.29896906 -0.02619756 0.82415803
v 0.29609673 -0.03313071 0.82703029
v 0.29074827 -0.04353050 0.81890851
v 0.30094997 -0.00262476 0.81514481
v 0.30114806 -0.01143980 0.80434894
v 0.30015759 -0.02084910 0.79315670
v 0.27252390 0.01074642 0.77205987
v 0.27846662 0.01500538 0.77176286
v 0.26420408 0.00817123 0.81148022
v 0.26281742 -0.00054475 0.82039432
v 0.26162888 -0.04907703 0.79820804
v 0.26479834 -0.05412837 0.79850516
v 0.26876017 -0.05640637 0.79385002
v 0.27391053 -0.05709975 0.79810897
v 0.27450482 -0.05848638 0.81128215
v 0.29154065 -0.04105436 0.83128931
v 0.28460746 -0.05145411 0.82554466
v 0.28272557 0.01886815 0.79365190
v 0.27123630 0.02025479 0.80652783
v 0.27658476 0.02174048 0.81336210
v 0.27797140 0.01787770 0.78374735
v 0.27539623 0.01876909 0.79226527
v 0.28530077 0.01431206 0.77532850
v 0.26430311 -0.05660451 0.83723197
v 0.26509549 -0.04224288 0.84376900
v 0.29896906 -0.02342429 0.83564733
v 0.30015759 -0.01371781 0.84297662
v 0.30065284 -0.01678826 0.83327002
v 0.30075188 -0.00797317 0.84089667
v 0.30154425 -0.01094456 0.83109125
v 0.30045475 -0.00262476 0.83871766
v 0.30134616 -0.00539802 0.82891212
v 0.29956334 0.00262469 0.83653865
v 0.30035569 -0.00004957 0.82683211
v 0.29778052 0.00767603 0.83426070
v 0.27856568 -0.01599589 0.87486927
v 0.28015041 -0.01975959 0.86615329
v 0.27450482 -0.01213313 0.88754714
v 0.26143079 0.00351607 0.92468918
v 0.26876017 -0.00529896 0.90369141
v 0.04778952 0.09562848 1.36732396
v 0.03669641 0.09513324 1.37752569
v 0.02936706 0.09136951 1.38743023
v 0.02936706 0.09186474 1.39990992
v 0.02471192 0.08839815 1.39743384
v 0.02154246 0.08621914 1.40912115
v 0.01916533 0.08314864 1.42199708
v 0.01956152 0.07839455 1.43289213
v 0.02094815 0.07225372 1.43923103
v 0.02203766 0.06631096 1.44230148
v 0.01599588 0.06809381 1.43616058
v 0.02094815 0.07225372 1.43923103
v 0.02263197 0.05917968 1.44368811
v 0.02273097 0.05204840 1.44507475
v 0.02213672 0.04580850 1.44794707
v 0.02075009 0.03986578 1.45111646
v -0.01609489 -0.00094097 1.50430401
v 0.00757703 0.02055188 1.47359987
v 0.00926078 0.02203758 1.47231230
v 0.00569514 0.01956144 1.47508557
v 0.00361520 0.01896718 1.47676927
v 0.00460564 0.01916524 1.47617501
v 0.00282282 0.01906624 1.47726458
v 0.00232762 0.01936338 1.47775977
v 0.00321901 0.01985856 1.47815590
v 0.00212950 0.01995763 1.47805696
v 0.00193144 0.02104713 1.47825496
v 0.00183238 0.02233470 1.47835402
v 0.00272382 0.02441465 1.47775977
v 0.00628946 0.02837648 1.47706645
v 0.00272382 0.02441465 1.47775977
v 0.00688371 0.02986218 1.47508557
v 0.00787416 0.03045649 1.47260937
v 0.01193504 0.03322974 1.47746258
v 0.00965698 0.03184311 1.46993517
v 0.01292549 0.03580489 1.46973705
v 0.01758063 0.04551137 1.47211418
v 0.02005677 0.06066537 1.47340175
v 0.02094815 0.08027632 1.47468932
v 0.01807583 0.10266071 1.47706646
v 0.01332168 0.10672157 1.48023585
v 0.01104360 0.10691967 1.47785884
v 0.00856747 0.10642443 1.48568343
v 0.01173692 0.10662244 1.48479199
v 0.02015583 0.09741129 1.49390416
v 0.01173692 0.10662244 1.48479199
v 0.02114628 0.07859264 1.49796511
v 0.01807583 0.05828823 1.50172876
v 0.01371786 0.04145053 1.50004506
v 0.00965698 0.03164500 1.49340897
v 0.00767608 0.02768316 1.48915001
v 0.00569514 0.02768316 1.48657487
v 0.00490277 0.02788128 1.48419774
v 0.00440757 0.02738603 1.48152354
v 0.00222857 0.02431564 1.47993878
v 0.00222857 0.02431564 1.47993878
v 0.00183238 0.02263189 1.47924546
v 0.00193144 0.02144332 1.47835402
v 0.00242663 0.02075000 1.47835402
v 0.00292188 0.02025476 1.47835402
v 0.00341714 0.01985856 1.47835402
v 0.00440757 0.01975956 1.47855215
v 0.00559614 0.01985856 1.47855215
v 0.00767608 0.01985856 1.47894828
v 0.00648752 0.01956144 1.47845309
v 0.00886460 0.02065094 1.47716552
v 0.00945891 0.02015569 1.47964159
v -0.01322257 0.00054472 1.50420495
v -0.00975593 0.00302086 1.50470014
v 0.06472622 0.09285520 1.35632996
v 0.07562134 0.07849350 1.34553398
v 0.08978474 0.08552583 1.34801005
v 0.18793890 0.06353771 1.21479388
v 0.19893295 0.06393384 1.22905632
v 0.18506657 0.06333958 1.22687743
v 0.19041503 0.06383484 1.20221501
v 0.19576349 0.06175489 1.18656581
v 0.20200337 0.05769400 1.16477584
v 0.20794620 0.05363311 1.13981635
v 0.21200706 0.05313791 1.12139377
v 0.21557270 0.05254360 1.10515032
v 0.29669101 0.01015217 0.82395997
v 0.29520532 0.01223211 0.83247788
v 0.29163968 0.01659008 0.82227609
v 0.29094636 0.01718439 0.83128931
v -0.01361870 0.00064372 1.50242207
v -0.01005306 0.00272373 1.50281832
v -0.00638841 0.00718075 1.50509639
v -0.00678460 0.00807213 1.50717634
v 0.00846841 0.03095167 1.47865121
v 0.01332168 0.10672157 1.48023585
v 0.01500543 0.10672157 1.48380149
v 0.01649113 0.09681701 1.49766793
v 0.00321901 0.02560321 1.48598050
v 0.00113906 0.02352327 1.48033491
v 0.00450664 0.01886812 1.47934453
v 0.00747796 0.01807574 1.48251392
v -0.00331796 0.01381678 1.50479921
v -0.00401128 0.01134064 1.50420495
v -0.00272371 0.01431203 1.50252113
v 0.04333245 0.04412473 1.53896993
v 0.04362963 0.04630374 1.54580402
v 0.04184681 0.04224285 1.54550695
v 0.04105443 0.04224285 1.55313343
v 0.03927161 0.03847914 1.55164774
v 0.03669641 0.03600300 1.56006659
v 0.03491360 0.03273449 1.55768957
v 0.02827756 0.02679178 1.56313704
v 0.02223578 0.02441464 1.57125882
v 0.02084915 0.02183950 1.56729693
v 0.01381687 0.02055188 1.57442821
v 0.01252930 0.01847193 1.56987207
v 0.00490277 0.01817479 1.57670629
v 0.00391233 0.01609485 1.57155589
v -0.00411033 0.01708529 1.57848905
v -0.00490272 0.01540154 1.57294252
v -0.01262825 0.01767955 1.57918236
v -0.01312350 0.01599579 1.57353677
v 0.22399159 0.05353411 1.12327553
v 0.29877096 0.00510084 0.82475211
v 0.28658837 0.02144335 0.83138826
v 0.28985686 0.01837296 0.83941098
v 0.28609315 -0.02015578 0.86536103
v 0.28114085 -0.02372142 0.85922007
v 0.28104182 -0.01114268 0.88804221
v 0.15693763 0.15465953 1.23450391
v 0.15763096 0.14970736 1.21835952
v 0.15852246 0.14445794 1.20132357
v 0.16089946 0.14009994 1.17923641
v 0.17030889 0.13098774 1.13526021
v 0.16446510 0.13415721 1.15665405
v 0.17417165 0.12781829 1.11654056
v 0.17971811 0.12524311 1.09999981
v 0.18595808 0.12266793 1.08583642
v 0.19199976 0.11821088 1.07652601
v 0.19615967 0.11642806 1.06563102
v 0.20131005 0.11216910 1.05037813
v 0.20556901 0.10840526 1.03710589
v 0.21081853 0.10008555 1.01402840
v 0.21745456 0.08681344 0.98659266
v 0.22716104 0.07215470 0.95747327
v 0.23904650 0.05809020 0.92667013
v 0.25202146 0.04610571 0.90052207
v 0.26182698 0.03679542 0.88071298
v 0.26816588 0.02946601 0.86536103
v 0.27301912 0.02441467 0.85397067
v 0.27529717 0.02193854 0.84664132
v 0.27668380 0.02114622 0.83475595
v 0.28539981 0.02124522 0.83941098
v 0.27262293 -0.06165584 0.77493242
v 0.27163249 -0.05442549 0.77186192
v 0.27618858 0.00747791 0.75878798
v 0.29867193 -0.03342784 0.75987736
v 0.27084011 -0.03134792 0.77176286
v 0.27361341 -0.01173693 0.76205649
v 0.29035211 -0.06413198 0.76908859
v 0.28114085 -0.06462717 0.78196464
v 0.27678286 -0.06541954 0.77631906
v 0.27341531 -0.06353767 0.78137039
v 0.27202868 -0.06017014 0.77810176
v 0.29272918 0.00836935 0.76185831
v 0.27668380 -0.06749948 0.77186192
v 0.26994870 -0.06433004 0.82495029
v 0.27846662 -0.05977395 0.79345371
v 0.27232581 -0.06135871 0.78800642
v 0.27836759 -0.05521787 0.81167822
v 0.29589864 -0.04551139 0.78701574
v 0.29302634 -0.05293980 0.78988831
v 0.28391414 -0.05076079 0.80910291
v 0.28965876 0.01975959 0.80702308
v 0.28718263 0.02174048 0.82336559
v 0.28639028 -0.05809020 0.79226526
v 0.26568975 0.01312349 0.82683211
v 0.27747617 0.02124522 0.82841693
v 0.27658476 0.02174048 0.81336210
v 0.26479834 0.00361514 0.83455771
v 0.26984967 0.01470825 0.83614258
v 0.26568975 -0.00341708 0.84475944
v 0.26499643 -0.00708178 0.83951004
v 0.26658116 -0.01084549 0.84674044
v 0.26519452 -0.01579776 0.84208530
v 0.26866113 -0.01867009 0.84822590
v 0.26380789 -0.02421667 0.84297662
v 0.27084011 -0.03006032 0.84882027
v 0.27717905 -0.03748873 0.84753270
v 0.28431033 -0.03956868 0.84634414
v 0.26420408 0.01153881 0.81970083
v 0.25826134 -0.03828105 0.83822253
v 0.26301552 0.00143613 0.82950643
v 0.27123630 0.02025479 0.80652783
v 0.26420408 0.00817123 0.81148022
v 0.26311458 -0.00955792 0.82633698
v 0.26133176 -0.01748158 0.82881312
v 0.25806324 -0.02649468 0.83119019
v 0.26281742 -0.00054475 0.82039432
v 0.26311458 -0.00955792 0.82633698
v 0.26331267 -0.00817129 0.83465671
v 0.26133176 -0.01748158 0.82881312
v 0.26232220 -0.01629302 0.83673672
v 0.25806324 -0.02649468 0.83119019
v 0.25994513 -0.02570231 0.83842059
v 0.27678286 -0.06541954 0.77631906
v 0.27341531 -0.06353767 0.78137039
v 0.14970740 0.15089589 1.23222584
v 0.14921208 0.14356653 1.21499188
v 0.15149013 0.13851521 1.19805512
v 0.15475863 0.13346388 1.17854309
v 0.16486127 0.12464884 1.13654778
v 0.15881950 0.12771924 1.15754549
v 0.16842702 0.12177652 1.11762995
v 0.17337920 0.11949846 1.10079230
v 0.17952012 0.11791373 1.08732211
v 0.18526477 0.11514046 1.07761551
v 0.18962267 0.11256527 1.06790909
v 0.19526836 0.10761300 1.05166570
v 0.19962626 0.10315595 1.03908684
v 0.20398427 0.09364758 1.01690073
v 0.21111565 0.08126689 0.98946498
v 0.22072307 0.06720236 0.96014759
v 0.23320282 0.05293981 0.92825483
v 0.24498924 0.04154957 0.90250296
v 0.25400238 0.03273452 0.88209961
v 0.25964797 0.02540517 0.86674766
v 0.26410502 0.02045290 0.85605050
v 0.26549165 0.01787770 0.84872127
v 0.29094636 -0.03600304 0.84198618
v 0.29589864 -0.03006032 0.83832147
v 0.28431033 0.01668913 0.78463879
v 0.29025305 0.01361875 0.78523304
v 0.24538540 0.02372135 0.98164038
v 0.25449760 0.01312349 0.95123343
v 0.23666939 0.03184313 1.01184939
v 0.23072668 0.04006387 1.03680888
v 0.22656675 0.04669996 1.04849613
v 0.22389252 0.05016653 1.05949030
v 0.22171351 0.05175129 1.07088054
v 0.21983166 0.05214747 1.08098315
v 0.21804884 0.05214747 1.09158107
v 0.26876017 -0.05640637 0.79385002
v 0.28114085 -0.02372142 0.85922007
v 0.27688189 -0.02659375 0.85288116
v 0.28282464 -0.03025842 0.85268316
v 0.27519813 -0.02055198 0.85951731
v 0.27202868 -0.02075004 0.85298023
v 0.27093918 -0.01659014 0.85941819
v 0.26846304 -0.01421307 0.85337648
v 0.26578881 -0.00817129 0.85149453
v 0.26469930 -0.00064382 0.84882027
v 0.26648212 0.00609128 0.84109462
v 0.26539262 0.00757697 0.84545276
v 0.26965158 0.01550063 0.84089667
v 0.27608954 0.02025478 0.84059949
v 0.27668380 0.02114622 0.83475595
v 0.28807404 -0.02490999 0.85832869
v 0.29887002 -0.01035030 0.85149453
v 0.29391775 0.01441113 0.84059949
v 0.29629482 0.01054836 0.84248131
v 0.28985686 0.01837296 0.83941098
v 0.26648212 -0.00965698 0.86347903
v 0.26360980 0.00886453 0.84891922
v 0.26776972 0.01609488 0.84416525
v 0.26311458 0.00123807 0.85317841
v 0.29956334 -0.00480371 0.84941459
v 0.29807764 0.00599222 0.84466050
v 0.29916715 0.00064375 0.84703745
v 0.26489740 -0.00619040 0.85664487
v 0.27608954 0.02025478 0.84059949
v 0.26776972 0.01609488 0.84416525
v 0.27747617 0.02124522 0.82841693
v 0.29887002 -0.01035030 0.85149453
v 0.29698814 -0.01589682 0.85397067
v 0.26489740 -0.00619040 0.85664487
v 0.26311458 0.00123807 0.85317841
v 0.29391775 0.01441113 0.84059949
v 0.29916715 0.00064375 0.84703745
v 0.29807764 0.00599222 0.84466050
v 0.29629482 0.01054836 0.84248131
v 0.26776972 0.01609488 0.84416525
v 0.26360980 0.00886453 0.84891922
v 0.29956334 -0.00480371 0.84941459
v 0.26767066 -0.01193499 0.85872488
v 0.27232581 -0.06135871 0.78800642
v 0.01688732 0.02134425 1.53411671
v -0.00242658 0.02263189 1.53817755
v -0.00391227 0.02362232 1.53589948
v -0.00361515 0.02382039 1.53431472
v 0.02094815 0.02431564 1.53609760
v -0.00638841 0.02332520 1.53322527
v 0.02362241 0.02609846 1.53282914
v 0.00995410 0.02094806 1.53045201
v -0.00222846 0.01569867 1.50192688
v -0.00123802 0.01659005 1.50212500
v 0.00153525 0.02144332 1.51975509
v 0.00668559 0.02055188 1.51401044
v 0.01084554 0.02203758 1.51648663
v -0.01084543 0.01659005 1.52658918
v -0.00916168 0.01510441 1.52223116
v -0.00797310 0.01827386 1.52460830
v -0.01559964 0.00727981 1.51767514
v -0.01807578 0.00876545 1.52163691
v -0.01847197 0.00619031 1.51777420
v -0.00579410 0.01728341 1.52044840
v -0.00470465 0.01966050 1.52252835
v -0.00084182 0.01956143 1.51737795
v -0.00272371 0.01569867 1.49806405
v 0.00222857 0.02213663 1.52262741
v -0.00173326 0.02223570 1.52678731
v -0.00341703 0.02144332 1.52500455
v -0.01213307 0.01956143 1.58453088
v -0.00282277 0.01896718 1.58363944
v 0.00628946 0.02035381 1.58195574
v 0.01520356 0.02292901 1.57908342
v -0.00747791 0.01104352 1.49073476
v 0.00044575 0.01589673 1.49618223
v -0.00252565 0.01282634 1.49103183
v -0.01649102 0.00143610 1.49855936
v -0.01659009 -0.00084191 1.50232301
v 0.00460564 0.01619392 1.48548531
v -0.00084182 0.02362232 1.53381953
v -0.00153514 0.02362232 1.53332434
v -0.00232752 0.02352326 1.53282914
v -0.00331796 0.02332520 1.53223477
v -0.00460559 0.02312708 1.53173958
v -0.00648747 0.02253282 1.53144251
v 0.02401860 0.02738603 1.57522059
v 0.00173331 0.01728342 1.50390777
v 0.00955791 0.02243376 1.52064653
v 0.00321901 0.02223570 1.52490548
v 0.00341714 0.02263189 1.53451284
v 0.02164147 0.02540514 1.53728611
v 0.00371426 0.02629652 1.53461191
v 0.02154246 0.02639559 1.53728611
v -0.00034664 0.04115334 1.52985776
v 0.02382048 0.04224285 1.53332434
v 0.00014862 0.04313429 1.53045201
v 0.00143618 0.04570949 1.53164052
v 0.00004956 0.04541231 1.53431472
v 0.02986226 0.02956504 1.56640549
v 0.03184320 0.03303162 1.56957500
v -0.00014852 0.02372133 1.53441378
v -0.01233113 0.01649104 1.44190523
v 0.00935985 0.02253282 1.52381592
v -0.00668554 0.00619031 1.50301633
v -0.01748153 0.00747788 1.49043758
v 0.04521433 0.04838369 1.53837567
v 0.04392676 0.04442186 1.53243290
v 0.04600670 0.04897794 1.53084814
v -0.00698267 0.01688724 1.45507835
v 0.00490277 0.01718436 1.49905455
v -0.00143614 0.01926431 1.45864399
v 0.00440757 0.02193851 1.46329908
v 0.00896366 0.02362233 1.46696378
v -0.00440746 0.01629292 1.51341618
v 0.00004956 0.01827386 1.50994960
v 0.01143980 0.02461277 1.46993517
v 0.01302456 0.02411752 1.47320363
v 0.01342074 0.02312708 1.47657126
v 0.01173692 0.02094806 1.48013690
v 0.00975604 0.01867006 1.48399961
v 0.00698277 0.01708530 1.48796150
v 0.01134073 0.01906624 1.49538985
v 0.01015222 0.01827386 1.48984332
v 0.01381687 0.02015569 1.49014051
v -0.00955786 0.01906624 1.52906538
v 0.03857830 0.03986577 1.56244372
v 0.04273819 0.04650180 1.55461912
v 0.04531338 0.05066176 1.54620027
v 0.04699715 0.05303883 1.53768236
v 0.04244107 0.04511518 1.50073837
v 0.04095537 0.04828463 1.48924907
v 0.04382769 0.05254358 1.49608317
v 0.04778952 0.05383122 1.52926350
v 0.04590764 0.04778943 1.52381592
v 0.04749239 0.05333596 1.52114172
v 0.04511533 0.04551137 1.51737795
v 0.04343150 0.04234191 1.51133624
v 0.04670002 0.05115696 1.51391138
v 0.04511533 0.04828463 1.50717634
v 0.04105443 0.03867721 1.50539346
v 0.03917255 0.04105434 1.49459747
v 0.03719166 0.03491351 1.49994600
v 0.02619762 0.04244098 1.45725736
v -0.01213307 0.02154238 1.43566539
v -0.01886815 0.02193851 1.43507114
v -0.01530251 0.00935976 1.52124078
v 0.01797682 0.02510802 1.47934453
v 0.01599588 0.02510802 1.47577888
v 0.01876921 0.02788128 1.47369894
v -0.01282637 0.01084546 1.52044840
v -0.00519985 0.02075001 1.44022153
v -0.00539797 0.01847194 1.44418330
v 0.01559969 0.02679178 1.47122274
v 0.01817489 0.02976311 1.46815229
v 0.00648752 0.02570227 1.45339453
v 0.01272737 0.03025836 1.45379078
v 0.01173692 0.02827748 1.45804974
v 0.00143618 0.02372133 1.44398518
v 0.00074288 0.02203758 1.44804613
v 0.00737896 0.02728697 1.44893745
v 0.01569875 0.02976311 1.46290295
v 0.02025484 0.03293262 1.46488384
v -0.01193493 0.02461277 1.43348638
v 0.01728350 0.03243737 1.45894106
v -0.01223206 0.01916525 1.43814159
v -0.00500177 0.02322615 1.43754721
v 0.00183238 0.02619753 1.44081579
v 0.03877636 0.03382400 1.51024667
v 0.03461647 0.03025836 1.50539346
v 0.04630383 0.05531691 1.50301633
v 0.04115349 0.03778583 1.51559519
v 0.04283725 0.04105434 1.52074559
v -0.00985499 0.01302441 1.51945790
v -0.01193493 0.01332160 1.52371686
v -0.00688360 0.01540154 1.51826939
v 0.04372863 0.04323335 1.52629212
v 0.04897809 0.05848636 1.51876459
v 0.05036472 0.06324051 1.52688637
v 0.04917615 0.05848636 1.52797582
v 0.04947328 0.06195294 1.53698904
v 0.04838378 0.05749592 1.53728611
v 0.04135155 0.04006385 1.53391859
v 0.04095537 0.03907340 1.52876819
v 0.04016299 0.03709252 1.52411311
v 0.03877636 0.03431925 1.51965603
v 0.03332889 0.02867361 1.51826939
v 0.03610216 0.03085261 1.51430762
v 0.03184320 0.02748509 1.50994960
v 0.04798759 0.05739685 1.51064292
v 0.05016660 0.06353770 1.51678370
v -0.01163781 0.02144332 1.58928503
v -0.00222846 0.02104713 1.58849265
v 0.01678825 0.02550414 1.58383757
v 0.02599948 0.03055548 1.57947955
v 0.00747796 0.02253282 1.58670989
v 0.04769046 0.05937774 1.54728972
v 0.04660095 0.05492072 1.54669546
v 0.04174774 0.04868081 1.56749506
v 0.04402576 0.05066176 1.55600575
v 0.04927522 0.06294339 1.50747341
v 0.04729428 0.06125962 1.49836124
v 0.04491720 0.06007106 1.49053664
v 0.04254012 0.05700067 1.48291017
v 0.03659735 0.04254004 1.48271204
v 0.02154246 0.02847554 1.47795789
v 0.02174054 0.03124880 1.47151993
v -0.01272732 0.01510442 1.44755082
v -0.00628935 0.01728342 1.44992796
v 0.00549708 0.02411752 1.45854493
v 0.01064742 0.02619753 1.46310107
v -0.00034664 0.02065094 1.45359266
v 0.01371786 0.02708891 1.46686472
v 0.00827034 0.02986218 1.44547087
v -0.00252565 0.01807574 1.51579320
v 0.00331807 0.01946237 1.51242568
v 0.01332168 0.02055188 1.50846391
v 0.01262836 0.01956144 1.50172876
v 0.01718445 0.02084901 1.50291738
v 0.01619400 0.02233470 1.48479199
v 0.01470831 0.02263189 1.48033491
v 0.01391593 0.03322975 1.45022514
v 0.01896727 0.03590395 1.45547448
v 0.02302816 0.03699346 1.46171433
v 0.02560330 0.03600301 1.46973705
v 0.03154607 0.04343142 1.46795429
v 0.03857830 0.05095889 1.47538264
v -0.01401488 0.01540154 1.52926350
v 0.03461647 0.03639920 1.48934813
v 0.01252930 0.01985856 1.48499011
v -0.00777504 0.01361872 1.51559519
v -0.00797310 0.01233109 1.51331712
v -0.01044924 0.01124165 1.51688276
v -0.01292538 0.00906264 1.51737795
v 0.00777509 0.01758054 1.49439947
v 0.00044575 0.17971814 1.49707368
v 0.00104000 0.18457138 1.50370965
v 0.01579781 0.17318114 1.49707368
v 0.01470831 0.16872409 1.48974427
v 0.02382048 0.16803077 1.49677649
v 0.03431934 0.16664413 1.50361070
v 0.04135155 0.15782909 1.50351164
v 0.03134795 0.16198900 1.49657837
v 0.04650195 0.14723121 1.50311539
v 0.03818210 0.15366916 1.49657837
v 0.05115705 0.13554383 1.50301633
v 0.04372863 0.14455698 1.49647942
v 0.04907710 0.13336483 1.49707367
v 0.05313798 0.11712135 1.50044119
v 0.05204849 0.11395190 1.49568704
v 0.00777509 0.17734105 1.49717274
v 0.05214754 0.12395549 1.49865843
v 0.02025484 0.02560321 1.48429680
v 0.02302816 0.02540515 1.49093277
v 0.01807583 0.02253282 1.49043758
v 0.01569875 0.02045288 1.49647942
v 0.02500905 0.02906979 1.48439586
v 0.02599948 0.03243737 1.47736364
v 0.03253652 0.03134787 1.49548891
v 0.02966419 0.03233830 1.48568343
v 0.02144341 0.02243376 1.50450202
v 0.02332528 0.02332520 1.51163330
v 0.01758063 0.02193851 1.51014761
v 0.03085275 0.03689439 1.47795789
v 0.01936346 0.02263189 1.51638757
v 0.02788137 0.02817841 1.49222046
v 0.02669280 0.02451370 1.50658197
v 0.01718445 0.02312708 1.52044840
v 0.01579781 0.02342420 1.52381592
v 0.01520356 0.02322614 1.52619305
v 0.01480737 0.02273088 1.52797582
v 0.01441118 0.02213663 1.52946151
v 0.01411406 0.02134425 1.53074908
v 0.01371786 0.02065094 1.53173958
v 0.01599588 0.04115334 1.52520255
v 0.01609494 0.03887534 1.52450924
v 0.01609494 0.03630013 1.52421217
v 0.01589687 0.03303162 1.52450924
v 0.01530256 0.02867361 1.52599493
v 0.01817489 0.02609846 1.53045201
v 0.01401499 0.02540514 1.53421578
v 0.01401499 0.02540514 1.53421578
v 0.01649113 0.02273088 1.53461191
v 0.01342074 0.02154238 1.53431472
v 0.01342074 0.02045287 1.53401765
v 0.01351974 0.02025475 1.53282914
v 0.01342074 0.02015569 1.53362140
v 0.01569875 0.04353048 1.52629212
v 0.01451025 0.04897794 1.54530883
v 0.01391593 0.04868081 1.54610121
v 0.01183599 0.04868081 1.54659640
v 0.01609494 0.05026558 1.53966324
v 0.01431212 0.02510802 1.52926350
v 0.00173331 0.02679178 1.53490909
v -0.00113901 0.03184311 1.53065014
v 0.02976325 0.02738603 1.50133263
v 0.02035390 0.02223570 1.49737074
v 0.02490998 0.02461277 1.49846030
v 0.00143618 0.01480729 1.48815951
v 0.00411045 0.01619392 1.49172515
v -0.00024757 0.01411391 1.48449480
v -0.00064376 0.01451010 1.48083022
v -0.00044564 0.01421298 1.48201873
v -0.01916528 0.00569506 1.48360348
v -0.01044924 0.00836932 1.48419774
v -0.00381321 0.01233109 1.48568343
v -0.00539797 0.01708530 1.47657126
v -0.00203039 0.01688724 1.47775977
v -0.00490272 0.01599580 1.47696739
v -0.01084543 0.00916163 1.48707006
v -0.00579410 0.01847194 1.47657126
v -0.00747791 0.01064734 1.48647581
v -0.00589316 0.01896718 1.47845309
v -0.00589316 0.01896718 1.47845309
v -0.00638841 0.02154238 1.48152353
v -0.00579410 0.01926431 1.48607956
v -0.00529890 0.01787767 1.48984332
v -0.00430847 0.01698623 1.49519173
v -0.00500177 0.02659365 1.50281832
v -0.00262464 0.03907340 1.51064292
v 0.00371426 0.05838730 1.51509988
v 0.00619039 0.07898882 1.51044480
v 0.00064381 0.10711776 1.48756526
v -0.00698267 0.10652348 1.48697100
v 0.00074288 0.03937052 1.50895910
v -0.00193133 0.01936337 1.48984332
v -0.00311990 0.02075000 1.47914640
v 0.06215114 0.11464521 1.53877181
v 0.05571319 0.12861064 1.50925629
v 0.05204849 0.07611649 1.56739600
v 0.05422750 0.08255446 1.57007020
v 0.05818932 0.09731224 1.57195214
v 0.05700075 0.09879783 1.58482795
v 0.05769407 0.09077524 1.55996753
v 0.05927882 0.09661893 1.56016565
v 0.04977041 0.07007471 1.56422648
v 0.05363324 0.07938500 1.55501525
v 0.05561412 0.08483250 1.55808570
v 0.05947681 0.09552942 1.54956779
v 0.05185035 0.07413558 1.55115254
v 0.05521793 0.08215828 1.54342701
v 0.05818932 0.09077524 1.54917166
v 0.05670362 0.08631809 1.54738878
v 0.05412843 0.11197088 1.50054025
v 0.05303893 0.10870249 1.49727180
v 0.05680269 0.11692317 1.51064292
v 0.05531699 0.11474426 1.50559159
v 0.05224654 0.10404734 1.49360709
v 0.05145423 0.09840175 1.49093277
v 0.05838739 0.11860705 1.51579320
v 0.06066545 0.10305679 1.55877902
v 0.06007108 0.10602825 1.57016926
v 0.05402936 0.07809741 1.53629573
v 0.05442555 0.07869168 1.52371686
v 0.05977395 0.10375021 1.53906899
v 0.06145782 0.11464522 1.51717995
v 0.06254722 0.11464522 1.52361780
v 0.05561412 0.08374300 1.51163331
v 0.05511888 0.08641724 1.50014400
v 0.06759855 0.11187194 1.53342340
v 0.07047086 0.11226813 1.53788037
v 0.07086705 0.11494236 1.53421578
v 0.05521793 0.08909147 1.49430041
v 0.05650550 0.09226092 1.49182421
v 0.05729788 0.10345307 1.49945069
v 0.05700075 0.08532773 1.51935884
v 0.05769407 0.08770483 1.52361780
v 0.05690170 0.08532773 1.52579681
v 0.06244828 0.10652348 1.50271926
v 0.06591477 0.10523589 1.49915362
v 0.06185390 0.10355212 1.49945069
v 0.05848645 0.09097323 1.54095081
v 0.05749601 0.08770483 1.53906899
v 0.05571319 0.08255446 1.52143891
v 0.06254722 0.09760939 1.53768236
v 0.06314159 0.09394470 1.53589948
v 0.06591477 0.09661893 1.53887087
v 0.06096249 0.09731225 1.49113090
v 0.06373577 0.09394470 1.49291378
v 0.06026918 0.09325138 1.49172515
v 0.05997214 0.09127047 1.53609760
v 0.06125963 0.09434087 1.53688998
v 0.05957596 0.11286240 1.51084093
v 0.06145782 0.10097693 1.49350803
v 0.06403291 0.09840175 1.49142808
v 0.05818932 0.08820005 1.52777781
v 0.05739694 0.08641723 1.53065014
v 0.06779674 0.11325858 1.52965964
v 0.07096620 0.11662613 1.52975870
v 0.06106164 0.10840524 1.53738517
v 0.05858551 0.08978478 1.49410229
v 0.05818932 0.08938860 1.50044119
v 0.05690170 0.08839814 1.49984694
v 0.06462728 0.11137672 1.51123718
v 0.06710341 0.11216908 1.50697822
v 0.06373577 0.10919771 1.50727529
v 0.06314159 0.09196378 1.53035295
v 0.05937777 0.08988372 1.53084814
v 0.06096249 0.09107237 1.52787687
v 0.06155677 0.09305329 1.49786605
v 0.06492441 0.09562847 1.49489466
v 0.05868444 0.08948765 1.51767514
v 0.05828832 0.08770483 1.51093999
v 0.05927882 0.09018096 1.51113811
v 0.06680618 0.10870249 1.50232301
v 0.06868804 0.10533494 1.50004506
v 0.06076450 0.09176570 1.53332434
v 0.06541954 0.09394470 1.53362141
v 0.05927882 0.09087429 1.50262020
v 0.07502696 0.11266421 1.53193771
v 0.07512601 0.11424904 1.52827301
v 0.05927882 0.09028001 1.52559880
v 0.07235273 0.10662243 1.53926711
v 0.06957956 0.10820725 1.54134706
v 0.07364032 0.11632899 1.52213222
v 0.06898519 0.11652708 1.51757608
v 0.07027287 0.11781467 1.52381592
v 0.07076801 0.11424904 1.51034574
v 0.07264987 0.11642804 1.51688277
v 0.06423110 0.10186835 1.49390416
v 0.06532059 0.09840175 1.49311178
v 0.07423470 0.11048530 1.53560241
v 0.06779674 0.09651988 1.53629573
v 0.07066906 0.11207003 1.50737435
v 0.06888623 0.10275975 1.54273369
v 0.07086705 0.10186834 1.53986137
v 0.05759501 0.08740759 1.51826940
v 0.05868444 0.08988373 1.52213222
v 0.06650904 0.10226452 1.49509279
v 0.06641010 0.09741129 1.53352246
v 0.07106514 0.11038626 1.50816673
v 0.07027287 0.10622635 1.53599854
v 0.06898519 0.10206642 1.53589948
v 0.05917967 0.09136951 1.52094360
v 0.06789568 0.10206642 1.49875737
v 0.06918338 0.10404734 1.50153075
v 0.06314159 0.09295424 1.52827300
v 0.06175496 0.09206283 1.52619306
v 0.06393386 0.09612369 1.49865843
v 0.05927882 0.09146855 1.51727889
v 0.06076450 0.09196378 1.51163331
v 0.06938137 0.10810822 1.50242208
v 0.06492441 0.09473706 1.53114533
v 0.05967490 0.09196378 1.50400683
v 0.07185750 0.11147576 1.53084814
v 0.07215474 0.11296144 1.52738157
v 0.06591477 0.09879784 1.49786605
v 0.06007108 0.09166655 1.52391499
v 0.07225369 0.11414999 1.52173598
v 0.07274901 0.11405095 1.51618945
v 0.06106164 0.09394470 1.50044119
v 0.05957596 0.09235996 1.51995321
v 0.06066545 0.09315234 1.52203316
v 0.06096249 0.09235996 1.52292448
v 0.06670723 0.10127397 1.50212501
v 0.06472622 0.09780747 1.50212501
v 0.06522145 0.09859983 1.50034213
v 0.06858910 0.10909857 1.53263102
v 0.06938137 0.10909857 1.52886726
v 0.06948041 0.11098053 1.52985776
v 0.05878349 0.09275605 1.50539346
v 0.06046726 0.09414269 1.50420496
v 0.05818932 0.09354851 1.50687916
v 0.06403291 0.09543038 1.53015483
v 0.06234913 0.09869888 1.53203677
v 0.06472622 0.09820366 1.53273009
v 0.07116419 0.11147576 1.51252475
v 0.07007468 0.10899963 1.51064292
v 0.07007468 0.10999007 1.50945430
v 0.05908063 0.09295424 1.51658558
v 0.05917967 0.09325138 1.51935884
v 0.06829186 0.10751393 1.50678010
v 0.06641010 0.10355212 1.50608678
v 0.06720237 0.10365117 1.50440308
v 0.06304245 0.09374660 1.52698543
v 0.06284446 0.09622274 1.52906538
v 0.06997574 0.11236717 1.52629212
v 0.07047086 0.10989104 1.52549974
v 0.06333959 0.09612369 1.50073838
v 0.06403291 0.09533133 1.50262020
v 0.05997214 0.09572752 1.51351525
v 0.05888263 0.09364756 1.51638757
v 0.06096249 0.09552942 1.51301994
v 0.05749601 0.09394470 1.50737435
v 0.06680618 0.10513684 1.53253196
v 0.06829186 0.10771203 1.53164052
v 0.06720237 0.10583016 1.53381953
v 0.07185750 0.10989104 1.51965603
v 0.07185750 0.11098053 1.51539707
v 0.07165951 0.11058435 1.52005228
v 0.07175846 0.10979189 1.51371325
v 0.07205569 0.11008912 1.51559520
v 0.06561774 0.10266071 1.53372047
v 0.06522145 0.10246261 1.53203677
v 0.06621191 0.09968934 1.50638397
v 0.06660809 0.10285880 1.50757247
v 0.06254722 0.09493516 1.52599493
v 0.06215114 0.09344937 1.52441018
v 0.06195295 0.09414269 1.52361780
v 0.06452813 0.09582657 1.50479921
v 0.05660457 0.10246261 1.50816673
v 0.05531699 0.10097693 1.51004867
v 0.05571319 0.10077884 1.50796860
v 0.05878349 0.09602465 1.51787327
v 0.05957596 0.09721320 1.51876459
v 0.06007108 0.09602465 1.51945790
v 0.06442909 0.10345307 1.52203316
v 0.06522145 0.10236346 1.52361780
v 0.06373577 0.10256166 1.52242929
v 0.05472268 0.09850080 1.50905817
v 0.06046726 0.10711776 1.51321806
v 0.06343863 0.10810822 1.51311900
v 0.06135878 0.10761298 1.51490188
v 0.06740056 0.10573111 1.52124078
v 0.06462728 0.10444353 1.52143891
v 0.06442909 0.10533494 1.52064653
v 0.06284446 0.10800917 1.51767514
v 0.06452813 0.10840524 1.51529801
v 0.06571678 0.10810822 1.51708089
v 0.05789219 0.10424543 1.50866204
v 0.05581218 0.10355212 1.50994961
v 0.06621191 0.10355212 1.52322167
v 0.06700427 0.10464162 1.52252835
v 0.05511888 0.09939221 1.51371325
v 0.05670362 0.09701502 1.51529801
v 0.05432655 0.09751034 1.51093999
v 0.06363672 0.10711776 1.51906177
v 0.06660809 0.10741489 1.51896271
v 0.06145782 0.09859983 1.52351886
v 0.06175496 0.10038265 1.52252835
v 0.06215114 0.09978838 1.52391499
v 0.06858910 0.10830630 1.51470376
v 0.06938137 0.10791012 1.51708089
v 0.06948041 0.10771203 1.51935884
v 0.06601392 0.10295783 1.52629212
v 0.05898159 0.09503420 1.51836846
v 0.06036832 0.09523219 1.52015122
v 0.06106164 0.09671798 1.52084454
v 0.06106164 0.09770833 1.50559159
v 0.06957956 0.10662243 1.52242929
v 0.05749601 0.09582657 1.51490188
v 0.05501987 0.09602465 1.50856297
v 0.06175496 0.09661893 1.52371686
v 0.06106164 0.09820366 1.52500455
v 0.06304245 0.10384924 1.50856297
v 0.06175496 0.10721681 1.51103905
v 0.05977395 0.10563207 1.50905817
v 0.05779314 0.09632168 1.51678370
v 0.05561412 0.09701502 1.50638396
v 0.06116059 0.09751034 1.52242929
v 0.06125963 0.09552942 1.52193410
v 0.06234913 0.10186834 1.50757247
v 0.05809026 0.09513324 1.51678370
v 0.06423110 0.10176930 1.52639118
v 0.06393386 0.10127397 1.52391499
v 0.06690522 0.10751393 1.51282193
v 0.06175496 0.09998648 1.52599493
v 0.06215114 0.09275605 1.52510349
v 0.05868444 0.08889337 1.53421578
v 0.06997574 0.10781108 1.50509640
v 0.06839091 0.10701871 1.50876098
v 0.06740056 0.10414628 1.52579681
v 0.06868804 0.10533494 1.52460830
v 0.06294341 0.09879784 1.50638397
v 0.06512241 0.10602825 1.51064292
v 0.06116059 0.09394470 1.50252114
v 0.06819292 0.10553293 1.51074198
v 0.06601392 0.10246261 1.50886004
v 0.06086345 0.09780747 1.52708450
v 0.06116059 0.09711415 1.52857019
v 0.07076801 0.10899963 1.52490549
v 0.06948041 0.10672157 1.52678731
v 0.07076801 0.10800917 1.52391499
v 0.06452813 0.09780747 1.50658197
v 0.06284446 0.09681701 1.50569065
v 0.05908063 0.09384565 1.51896271
v 0.06046726 0.09434087 1.52074559
v 0.06066545 0.09384565 1.52133985
v 0.06561774 0.09701502 1.50509640
v 0.06938137 0.10810822 1.52837207
v 0.06779674 0.10533494 1.52876820
v 0.05650550 0.09552943 1.50529440
v 0.05591125 0.09483611 1.50737435
v 0.06106164 0.09968933 1.52857019
v 0.06086345 0.09939221 1.53055108
v 0.07066906 0.10731584 1.51242568
v 0.07056991 0.10820725 1.51133624
v 0.05848645 0.09414269 1.51658558
v 0.05898159 0.09443992 1.51866553
v 0.06175496 0.09483611 1.52292448
v 0.06898519 0.10642443 1.51004867
v 0.07136238 0.11058435 1.51341619
v 0.07146132 0.11236717 1.51519895
v 0.06096249 0.09959029 1.52223117
v 0.05759501 0.09780747 1.51648663
v 0.05620837 0.09869888 1.51509989
v 0.06581573 0.10048170 1.50440308
v 0.06324054 0.10167025 1.52262742
v 0.06145782 0.09404375 1.51262381
v 0.07116419 0.11236717 1.52034934
v 0.07205569 0.11266421 1.51173237
v 0.06749950 0.10672157 1.53520616
v 0.06304245 0.09424183 1.52649012
v 0.06650904 0.10285880 1.53530523
v 0.07126323 0.10929675 1.53411672
v 0.05878349 0.10632540 1.51163331
v 0.06017013 0.09790651 1.51995321
v 0.06046726 0.09879784 1.52124078
v 0.05482175 0.09988743 1.51193049
v 0.05878349 0.09949115 1.51916084
v 0.05878349 0.09721320 1.51767514
v 0.05878349 0.09869888 1.51817033
v 0.05838739 0.09859983 1.51708089
v 0.05749601 0.09879784 1.51609039
v 0.05630744 0.09959029 1.51500094
v 0.05531699 0.10127397 1.51301994
v 0.05561412 0.10018457 1.51401044
v 0.05541600 0.10256166 1.51193049
v 0.05660457 0.10434448 1.51173237
v 0.05709981 0.10533494 1.51074198
v 0.05759501 0.10573111 1.51202955
v 0.05888263 0.10612730 1.51331712
v 0.05987300 0.10662243 1.51480282
v 0.06036832 0.10711776 1.51638757
v 0.06195295 0.10800917 1.51658558
v 0.06036832 0.10721681 1.51777421
v 0.06066545 0.10711776 1.51945790
v 0.06096249 0.10513684 1.52084454
v 0.06036832 0.10622635 1.52034934
v 0.06175496 0.10384924 1.52133985
v 0.06175496 0.10275975 1.52163691
v 0.06106164 0.10087789 1.52203316
v 0.05997214 0.10077884 1.52133985
v 0.05888263 0.10038265 1.52015122
v 0.05967490 0.10642443 1.51688277
v 0.05937777 0.10652348 1.51817033
v 0.05888263 0.10196729 1.52074559
v 0.05779314 0.10157120 1.51945790
v 0.05937777 0.10573111 1.51549613
v 0.05828832 0.10523589 1.51381232
v 0.05789219 0.10246261 1.51767514
v 0.05789219 0.10097693 1.51846752
v 0.05848645 0.10335402 1.52044841
v 0.05799119 0.10434448 1.51856658
v 0.05868444 0.10464162 1.52025028
v 0.06175496 0.10196729 1.52183504
v 0.05799119 0.10008552 1.51708089
v 0.05739694 0.09978838 1.51579320
v 0.05759501 0.10157120 1.51599133
v 0.05630744 0.10216547 1.51381232
v 0.05749601 0.10305679 1.51539707
v 0.05809026 0.10384924 1.51717995
v 0.05759501 0.10295783 1.51896271
v 0.05818932 0.10444353 1.51519895
v 0.05888263 0.10543399 1.51698183
v 0.05868444 0.10563207 1.51836846
v 0.05878349 0.10563207 1.51985415
v 0.05660457 0.10097693 1.51470376
v 0.05927882 0.10652348 1.51945790
v 0.06046726 0.10731584 1.51866553
v 0.05660457 0.10335402 1.51341619
v 0.05848645 0.09552942 1.51460469
v 0.06650904 0.10394829 1.52965964
v 0.06809378 0.10672157 1.53074908
v 0.07175846 0.10909857 1.51648664
v 0.07146132 0.10899963 1.51965603
v 0.07195655 0.10880153 1.51430763
v 0.06452813 0.10206642 1.52975870
v 0.06522145 0.10018457 1.50796860
v 0.06215114 0.09572752 1.52510349
v 0.05858551 0.09493516 1.50499733
v 0.05828832 0.09453886 1.51678370
v 0.06581573 0.10751393 1.53926711
v 0.06403291 0.10305679 1.53926711
v 0.06700427 0.11385285 1.52421217
v 0.05739694 0.08602105 1.51064292
v 0.06284446 0.11286239 1.53312622
v 0.06720237 0.11078243 1.53599854
v 0.06106164 0.09127047 1.49558798
v 0.05610931 0.08235636 1.52995682
v 0.05809026 0.10800917 1.50232301
v 0.05908063 0.09483611 1.54164413
v 0.05967490 0.09909507 1.54104988
v 0.05630744 0.09691606 1.49251753
v 0.06720237 0.11444703 1.51103905
v 0.06611286 0.11385285 1.51737796
v 0.05680269 0.09998648 1.49499373
v 0.05670362 0.08443632 1.53580042
v 0.06284446 0.11385285 1.52936245
v 0.05898159 0.11038626 1.50648303
v 0.06195295 0.11098053 1.53530523
v 0.06056631 0.10058064 1.54857729
v 0.00262475 0.19992343 1.53570148
v 0.00272382 0.20230043 1.55244012
v -0.00133708 0.02441465 1.53679092
v -0.02025479 0.02015569 1.58492701
v -0.00133708 0.18873130 1.36455070
v -0.01995766 0.01698623 1.47964159
v -0.02471181 0.01678817 1.47607595
v -0.00876549 0.10652348 1.48657487
v -0.00054470 0.16713936 1.45686112
v -0.00024757 0.16852591 1.44358906
v -0.05917964 0.12662973 1.47062849
v -0.05848633 0.04006385 1.53738517
v -0.20378617 0.17585538 1.24698360
v -0.24112634 -0.24003689 1.01719772
v -0.23102360 -0.25806317 1.00739224
v -0.25083271 -0.23250943 0.98708795
v -0.24865371 -0.23478747 0.98431469
v -0.23369783 -0.24439489 0.96826925
v -0.26598678 -0.21636491 0.97252820
v -0.28044743 -0.19516926 0.96925969
v -0.27856547 -0.19556543 0.96638748
v -0.26519432 -0.19992344 0.95093635
v -0.20854037 -0.19487212 1.02700327
v -0.23894735 -0.14792453 1.03007366
v -0.19110824 0.15555104 1.15734737
v -0.00876549 0.10652348 1.48657487
v -0.00876549 0.10652348 1.48657487
v 0.04521433 0.12514395 1.43299119
v 0.04501626 0.11306049 1.47142087
v 0.02916894 0.08077164 1.44497568
v 0.00064381 0.18853319 1.60919319
v 0.00034668 0.02649465 1.53708810
v -0.00074283 0.18655230 1.37475243
v 0.23934363 -0.05244461 0.70193584
v 0.23221234 -0.07888974 0.78463879
v 0.27084011 -0.03233833 0.76403732
v 0.29669101 -0.03283358 0.75542034
v 0.29025305 -0.05650544 0.76205649
v 0.24776251 -0.06393385 0.81256972
v 0.25479473 -0.03639923 0.83218063
v 0.27608954 0.02025478 0.84059949
v 0.26776972 0.01470826 0.80355650
v -0.00103996 0.10731584 1.48756526
v 0.05630744 0.08968573 1.57165495
v -0.01995766 0.01619392 1.47597689
f 1 2 3
f 4 5 6
f 1 7 8
f 7 6 9
f 10 9 11
f 8 10 12
f 13 11 14
f 15 10 13
f 16 14 17
f 18 13 16
f 19 17 20
f 21 16 19
f 22 20 23
f 24 19 22
f 25 23 26
f 27 22 25
f 25 28 29
f 27 29 30
f 29 31 32
f 30 32 33
f 34 35 36
f 37 36 38
f 39 40 41
f 40 42 41
f 43 41 44
f 41 45 44
f 46 44 47
f 47 45 48
f 3 49 50
f 51 52 53
f 54 53 55
f 56 49 57
f 58 55 59
f 60 57 61
f 62 59 63
f 64 61 65
f 66 67 68
f 69 70 71
f 66 72 73
f 74 71 75
f 76 72 77
f 78 75 79
f 80 81 82
f 48 83 84
f 45 85 83
f 85 86 87
f 88 28 89
f 28 90 89
f 26 91 90
f 23 92 91
f 20 93 92
f 17 94 93
f 11 95 96
f 97 5 98
f 98 51 99
f 9 97 95
f 54 100 101
f 51 101 99
f 94 102 103
f 104 105 106
f 105 73 107
f 73 108 107
f 109 110 111
f 62 67 104
f 64 70 112
f 100 111 113
f 111 114 115
f 110 116 114
f 117 118 116
f 119 120 118
f 121 122 123
f 124 125 126
f 126 127 128
f 123 129 124
f 130 123 131
f 131 124 132
f 132 126 133
f 133 128 134
f 135 131 136
f 137 138 134
f 136 132 139
f 139 133 140
f 133 138 140
f 141 136 142
f 143 138 144
f 142 139 145
f 139 146 145
f 140 147 146
f 148 87 86
f 149 150 151
f 152 151 153
f 154 155 156
f 157 158 159
f 160 161 162
f 163 164 158
f 161 159 162
f 165 166 164
f 102 167 168
f 169 170 171
f 167 172 173
f 174 175 169
f 171 113 176
f 173 177 174
f 176 111 115
f 103 168 166
f 178 179 180
f 121 181 179
f 130 182 181
f 135 183 182
f 184 185 186
f 187 188 184
f 189 190 191
f 192 189 193
f 191 194 187
f 180 186 185
f 195 196 197
f 198 199 196
f 200 197 201
f 202 203 199
f 204 205 203
f 193 206 192
f 207 189 208
f 193 209 205
f 210 184 211
f 211 186 212
f 197 213 214
f 196 215 213
f 201 214 216
f 199 217 215
f 218 187 210
f 219 216 220
f 203 209 217
f 208 191 218
f 179 212 186
f 181 221 212
f 182 222 221
f 223 208 224
f 224 218 225
f 225 210 226
f 221 227 228
f 229 228 230
f 225 231 232
f 212 228 211
f 233 224 234
f 230 227 235
f 224 232 234
f 236 230 237
f 230 238 237
f 239 240 241
f 242 243 240
f 244 245 243
f 246 214 247
f 213 248 249
f 214 249 247
f 217 250 251
f 252 216 246
f 215 251 248
f 251 253 254
f 248 254 255
f 249 255 256
f 250 207 223
f 233 250 223
f 257 258 259
f 260 258 241
f 239 261 262
f 263 264 265
f 266 267 268
f 269 270 271
f 272 273 274
f 275 274 276
f 277 274 273
f 276 278 279
f 280 281 282
f 283 281 284
f 285 282 281
f 286 287 280
f 284 287 269
f 288 289 290
f 291 273 282
f 292 293 294
f 295 296 297
f 298 299 300
f 292 301 302
f 303 304 305
f 306 304 298
f 307 308 301
f 305 309 310
f 311 309 306
f 312 313 308
f 310 314 315
f 316 317 318
f 318 319 320
f 321 322 323
f 324 325 326
f 327 326 328
f 294 329 292
f 307 329 330
f 312 330 331
f 332 331 333
f 332 334 317
f 317 335 318
f 319 328 320
f 328 297 296
f 326 336 297
f 337 338 339
f 340 325 322
f 341 342 343
f 275 344 345
f 346 344 347
f 320 296 348
f 349 350 351
f 352 314 311
f 315 353 354
f 355 327 319
f 355 335 356
f 357 333 331
f 321 358 329
f 324 359 360
f 329 361 330
f 323 362 321
f 333 363 334
f 364 360 365
f 356 334 363
f 361 331 330
f 354 366 367
f 368 369 370
f 371 372 373
f 374 332 317
f 316 320 348
f 364 322 325
f 294 340 322
f 364 375 323
f 376 373 377
f 378 379 380
f 367 381 382
f 383 384 363
f 360 385 386
f 387 363 384
f 388 359 355
f 362 389 358
f 389 361 358
f 388 356 387
f 390 365 391
f 392 357 361
f 375 393 362
f 394 383 357
f 365 386 391
f 390 395 396
f 391 397 395
f 396 398 399
f 395 400 398
f 396 393 390
f 386 388 397
f 387 397 388
f 400 384 401
f 398 401 394
f 399 394 392
f 399 389 396
f 376 402 371
f 402 403 371
f 404 405 369
f 406 366 407
f 405 408 409
f 410 411 408
f 412 413 414
f 415 416 413
f 417 418 416
f 419 420 421
f 421 422 423
f 424 425 426
f 427 426 428
f 429 430 431
f 432 433 434
f 435 405 436
f 410 437 438
f 438 439 412
f 417 440 441
f 442 441 443
f 444 445 446
f 447 431 448
f 434 449 450
f 373 451 377
f 452 453 454
f 455 456 457
f 458 459 460
f 461 462 463
f 464 465 466
f 467 468 469
f 470 471 472
f 469 473 474
f 472 475 476
f 477 473 478
f 479 475 480
f 481 478 482
f 483 480 484
f 485 459 486
f 487 488 468
f 468 489 473
f 478 489 490
f 482 490 491
f 492 457 465
f 472 493 470
f 494 476 453
f 476 379 453
f 380 479 483
f 431 495 496
f 497 450 498
f 448 496 499
f 373 495 430
f 500 372 501
f 495 502 496
f 499 502 503
f 504 499 503
f 498 505 497
f 503 506 507
f 506 500 508
f 509 510 511
f 501 508 500
f 512 504 513
f 438 414 411
f 423 425 514
f 415 439 440
f 450 447 448
f 515 460 456
f 516 469 471
f 471 474 475
f 480 474 477
f 484 477 481
f 498 448 499
f 517 497 505
f 513 503 507
f 505 518 517
f 519 488 485
f 520 489 488
f 521 485 486
f 522 523 517
f 434 523 432
f 524 491 490
f 525 490 489
f 526 428 527
f 524 528 529
f 530 443 531
f 532 520 519
f 533 534 535
f 536 537 538
f 525 539 524
f 517 540 522
f 541 525 520
f 432 542 534
f 543 519 521
f 442 544 418
f 545 546 547
f 548 549 550
f 551 545 549
f 538 552 536
f 553 554 555
f 556 557 558
f 559 560 561
f 562 563 564
f 554 550 555
f 565 566 567
f 568 565 557
f 569 570 571
f 557 567 572
f 569 573 574
f 575 576 546
f 577 551 548
f 578 575 551
f 536 579 566
f 580 554 581
f 582 557 572
f 559 583 584
f 559 585 563
f 586 548 554
f 587 567 566
f 588 589 590
f 572 588 591
f 574 592 593
f 594 576 595
f 596 578 577
f 578 594 595
f 587 579 597
f 580 598 586
f 599 572 591
f 584 600 601
f 601 585 584
f 602 603 604
f 586 596 577
f 601 605 606
f 601 607 608
f 609 602 610
f 598 611 596
f 612 590 589
f 591 590 613
f 609 614 615
f 593 616 617
f 594 618 619
f 614 620 615
f 596 621 622
f 622 623 594
f 587 624 589
f 625 626 598
f 627 591 613
f 623 628 618
f 629 630 620
f 611 631 621
f 621 632 623
f 589 629 612
f 633 634 626
f 627 635 636
f 637 605 638
f 606 639 607
f 640 624 597
f 626 641 611
f 642 643 644
f 613 642 635
f 597 645 640
f 617 646 647
f 635 644 648
f 579 649 645
f 647 650 651
f 632 652 628
f 653 649 552
f 641 654 631
f 631 655 632
f 612 614 643
f 656 657 634
f 636 648 658
f 637 659 660
f 660 639 637
f 518 661 540
f 634 662 641
f 644 663 664
f 665 663 666
f 648 664 667
f 512 668 518
f 669 650 670
f 655 671 652
f 513 672 512
f 662 673 654
f 654 674 655
f 643 610 663
f 675 676 657
f 658 667 677
f 678 659 679
f 660 680 681
f 682 507 683
f 657 684 662
f 674 685 671
f 506 683 507
f 684 686 673
f 673 687 674
f 666 610 602
f 688 689 676
f 690 667 691
f 692 679 693
f 678 694 680
f 506 695 696
f 676 697 684
f 698 666 699
f 691 664 665
f 700 508 701
f 702 670 703
f 704 693 705
f 692 706 694
f 707 697 689
f 708 665 698
f 709 703 710
f 687 711 685
f 712 686 697
f 686 713 687
f 666 604 699
f 714 707 689
f 690 708 715
f 715 716 717
f 718 698 699
f 604 719 720
f 704 721 722
f 704 723 706
f 724 723 725
f 708 726 716
f 727 710 728
f 729 711 713
f 730 731 712
f 732 713 731
f 699 720 718
f 733 734 707
f 730 707 734
f 725 722 735
f 717 736 737
f 738 739 245
f 511 740 741
f 742 743 744
f 745 402 746
f 446 747 419
f 748 749 402
f 750 751 752
f 753 754 755
f 756 757 758
f 758 759 760
f 760 761 762
f 762 763 764
f 764 765 766
f 767 765 768
f 769 770 771
f 771 772 773
f 773 774 775
f 775 776 777
f 777 778 779
f 780 778 781
f 754 782 755
f 783 784 785
f 786 787 788
f 789 787 790
f 791 792 789
f 793 794 795
f 796 797 798
f 796 799 791
f 798 800 796
f 797 793 801
f 791 802 796
f 803 804 798
f 805 806 795
f 804 807 800
f 808 801 809
f 779 810 811
f 779 812 777
f 777 813 775
f 792 814 787
f 815 816 753
f 241 817 260
f 758 818 756
f 760 770 758
f 762 772 760
f 764 774 762
f 766 776 764
f 766 781 778
f 757 819 759
f 765 820 768
f 763 821 765
f 761 822 763
f 759 823 761
f 824 825 826
f 821 827 820
f 826 828 829
f 823 830 822
f 822 831 821
f 832 833 825
f 831 834 827
f 825 835 828
f 836 837 830
f 830 838 831
f 839 840 833
f 838 841 834
f 833 842 835
f 843 844 837
f 837 845 838
f 846 847 840
f 845 848 841
f 840 849 842
f 850 851 844
f 844 852 845
f 853 854 847
f 852 855 848
f 847 856 849
f 857 858 851
f 851 859 852
f 860 861 862
f 863 864 865
f 861 866 867
f 868 869 870
f 870 871 863
f 872 873 874
f 873 875 874
f 876 877 878
f 879 880 881
f 878 882 872
f 881 883 884
f 885 886 887
f 888 889 886
f 890 891 892
f 893 887 894
f 895 896 897
f 898 265 889
f 899 268 900
f 890 900 901
f 902 903 896
f 904 905 754
f 906 907 757
f 832 908 909
f 832 910 839
f 846 910 911
f 853 911 912
f 913 912 914
f 915 916 917
f 918 919 920
f 156 921 154
f 922 919 923
f 200 219 923
f 924 925 926
f 927 926 916
f 166 192 206
f 159 202 198
f 114 178 115
f 162 200 160
f 171 188 169
f 116 125 129
f 174 190 173
f 164 206 204
f 114 129 122
f 162 198 195
f 176 185 171
f 169 194 174
f 168 928 192
f 180 115 178
f 158 204 202
f 173 928 167
f 118 127 125
f 782 929 930
f 931 929 905
f 799 932 792
f 933 800 807
f 934 935 804
f 752 936 750
f 937 938 939
f 940 941 942
f 941 943 944
f 944 942 941
f 945 946 947
f 948 795 794
f 789 794 791
f 797 803 798
f 949 809 801
f 949 793 950
f 795 950 793
f 951 952 946
f 953 942 954
f 955 956 954
f 957 958 959
f 960 961 962
f 812 963 813
f 812 964 965
f 811 966 964
f 967 968 969
f 970 971 972
f 967 973 974
f 970 782 930
f 975 976 968
f 977 971 978
f 979 879 980
f 981 980 982
f 894 983 984
f 875 985 986
f 884 987 876
f 930 988 989
f 990 991 992
f 993 908 977
f 994 995 996
f 997 998 999
f 1000 999 1001
f 1002 914 912
f 1003 912 911
f 1004 911 910
f 1005 910 909
f 1006 914 1007
f 1008 1009 902
f 1010 1011 1012
f 1013 902 895
f 1014 1015 1016
f 1017 895 1018
f 1019 1016 1009
f 1020 1021 1022
f 992 1023 1024
f 1025 1024 1026
f 1027 1028 1029
f 1030 1026 1021
f 991 1031 1023
f 878 1032 1033
f 879 1034 1035
f 990 878 1033
f 1036 876 990
f 875 1037 1038
f 1034 884 1036
f 1039 1040 1041
f 1042 1043 266
f 817 1044 1045
f 1046 1047 260
f 260 1045 1046
f 1048 1043 1049
f 1009 1050 903
f 1016 1000 1050
f 1051 1052 1053
f 1044 1054 1055
f 739 1056 1051
f 1046 1057 1058
f 1058 1059 1046
f 1015 997 1000
f 1060 890 892
f 1061 899 890
f 1057 1044 1062
f 1063 785 751
f 1064 1065 997
f 1066 954 956
f 1067 954 942
f 755 967 753
f 930 978 970
f 753 974 815
f 972 1068 970
f 755 1068 975
f 977 1069 1070
f 1071 977 1070
f 1072 909 993
f 1073 1018 1074
f 1075 1022 1076
f 980 1035 1077
f 1078 1079 1061
f 1061 1080 1078
f 1012 1081 1065
f 1082 1042 1079
f 1083 1084 1085
f 1086 870 1087
f 1088 1040 1089
f 1090 1091 1092
f 1093 1094 1095
f 231 229 236
f 1096 1097 1084
f 1098 1012 1064
f 1099 1100 1094
f 1101 867 1102
f 874 1038 1103
f 1079 266 899
f 1104 1041 1105
f 1106 865 1107
f 862 1101 1006
f 1108 1027 1109
f 862 995 860
f 1087 863 1106
f 1093 1040 1049
f 1110 1100 1062
f 210 229 226
f 749 1111 403
f 510 1112 740
f 511 1113 509
f 511 1114 1115
f 939 750 936
f 938 1063 750
f 783 940 953
f 953 1116 783
f 790 952 1117
f 787 1118 788
f 785 1119 1120
f 1120 751 785
f 1121 752 751
f 1122 1123 1124
f 1125 1126 1127
f 1128 937 1129
f 1129 939 1130
f 1130 936 1131
f 1131 1122 1132
f 347 1133 346
f 962 1134 1135
f 771 1136 769
f 773 961 771
f 951 1137 805
f 1117 805 948
f 790 948 789
f 1135 813 963
f 775 1134 773
f 1074 1138 1073
f 1139 1076 1140
f 1035 1030 1020
f 1141 1142 1143
f 1143 1055 1054
f 862 1007 996
f 1144 1049 1040
f 1145 1087 858
f 1041 1095 1105
f 1146 1064 1015
f 854 1102 856
f 872 1103 1032
f 859 1107 855
f 913 1101 854
f 1147 1109 1031
f 858 1106 859
f 1099 1049 1043
f 1083 1095 1148
f 1095 1110 1148
f 1149 1150 1151
f 1152 1153 1154
f 1155 1156 1152
f 1157 1158 1155
f 1159 1160 1157
f 49 1151 1161
f 79 1162 1163
f 1164 1165 1166
f 75 1167 1162
f 1168 1169 1170
f 1167 70 1166
f 1171 1172 1173
f 1164 61 1174
f 1175 1176 1171
f 61 1177 1174
f 57 1161 1177
f 1178 1179 1180
f 1181 1182 1183
f 1184 1185 1186
f 1149 1187 1159
f 1188 1184 1186
f 1154 1189 1188
f 1190 1191 1192
f 1193 1194 1195
f 1196 1197 1198
f 1199 1200 1201
f 1202 1203 1204
f 1192 1205 1206
f 1198 1207 1208
f 1201 1209 1210
f 1211 1165 1212
f 1212 1204 1211
f 1213 1214 1215
f 1207 1216 1208
f 1210 1217 1218
f 1219 1165 1220
f 1221 1222 1223
f 1218 1224 1225
f 1226 1227 1219
f 1228 1229 1230
f 1225 1231 1196
f 1232 1229 1150
f 1233 1226 1234
f 1235 1230 1203
f 1236 1237 1238
f 1239 1240 1241
f 1242 1243 1244
f 1245 1246 1247
f 1248 1249 1250
f 1251 1252 1236
f 1241 1253 1254
f 1255 1256 1246
f 1257 1258 1249
f 1259 1260 1261
f 1259 1262 1251
f 1263 1264 1265
f 1256 1266 1267
f 1268 1269 1258
f 1270 1271 1272
f 1273 1274 1275
f 1276 1277 1269
f 1278 1272 1279
f 1238 1280 1281
f 1282 1247 1277
f 1250 1280 1248
f 1283 1278 1279
f 1279 1284 1285
f 1286 1281 1287
f 1288 1247 1289
f 1250 1287 1281
f 1290 1279 1285
f 1291 1238 1286
f 1239 1292 1293
f 1242 1294 1295
f 1289 1246 1296
f 1297 1249 1298
f 1251 1291 1299
f 1292 1254 1300
f 1296 1256 1301
f 1298 1258 1302
f 1303 1271 1259
f 1259 1299 1303
f 1304 1265 1305
f 1301 1267 1306
f 1302 1269 1307
f 1272 1308 1284
f 1273 1309 1310
f 1307 1277 1288
f 1311 1298 1312
f 1299 1313 1314
f 1315 1300 1316
f 1317 1301 1318
f 1312 1302 1319
f 1320 1308 1303
f 1320 1299 1314
f 1304 1321 1322
f 1318 1306 1323
f 1319 1307 1324
f 1284 1325 1326
f 1310 1327 1328
f 1324 1288 1329
f 1285 1326 1330
f 1331 1287 1332
f 1288 1333 1329
f 1297 1332 1287
f 1290 1330 1334
f 1313 1286 1331
f 1293 1315 1335
f 1295 1336 1337
f 1333 1296 1317
f 1311 1338 1332
f 1334 1339 1340
f 1341 1331 1342
f 1335 1343 1344
f 1337 1345 1346
f 1333 1347 1348
f 1311 1349 1350
f 1351 1313 1341
f 1315 1352 1343
f 1317 1353 1347
f 1312 1354 1349
f 1320 1355 1325
f 1356 1314 1351
f 1322 1357 1358
f 1353 1323 1359
f 1319 1360 1354
f 1361 1325 1355
f 1362 1327 1363
f 1324 1364 1360
f 1339 1326 1361
f 1342 1332 1338
f 1329 1348 1364
f 1360 1365 1366
f 1364 1367 1365
f 1348 1368 1367
f 1359 1369 1353
f 1370 1339 1371
f 1363 1372 1362
f 1346 1373 1374
f 1343 1375 1344
f 1350 1376 1377
f 1352 1378 1343
f 1342 1379 1341
f 1347 1369 1368
f 1361 1371 1339
f 1356 1380 1355
f 1355 1381 1361
f 1358 1382 1383
f 1351 1384 1356
f 1341 1385 1351
f 1342 1386 1387
f 1377 1338 1350
f 1349 1388 1376
f 1360 1388 1354
f 1363 1374 1389
f 1346 1327 1337
f 1337 1309 1295
f 1275 1295 1309
f 1390 1388 1366
f 1384 1391 1380
f 1385 1392 1384
f 1383 1393 1394
f 1395 1375 1378
f 1387 1396 1379
f 1397 1369 1398
f 1399 1377 1376
f 1379 1400 1385
f 1401 1398 1372
f 1402 1366 1365
f 1403 1376 1388
f 1404 1387 1386
f 1381 1405 1371
f 1406 1374 1373
f 1407 1365 1367
f 1371 1408 1370
f 1380 1409 1381
f 1393 1378 1394
f 1410 1367 1368
f 1411 1386 1377
f 1412 1389 1374
f 1413 1368 1369
f 1414 1397 1401
f 1415 1390 1402
f 1416 1417 1396
f 1405 1418 1408
f 1409 1419 1405
f 1406 1420 1412
f 1421 1402 1407
f 1422 1404 1411
f 1391 1423 1409
f 1424 1395 1393
f 1425 1407 1410
f 1392 1426 1391
f 1400 1427 1392
f 1420 1428 1412
f 1429 1410 1413
f 1430 1399 1403
f 1396 1431 1400
f 1432 1393 1433
f 1434 1435 1395
f 1436 1413 1397
f 1437 1411 1399
f 1438 1403 1390
f 1439 1416 1404
f 1423 1440 1419
f 1441 1420 1442
f 1421 1443 1415
f 1444 1439 1422
f 1426 1445 1423
f 1446 1434 1424
f 1425 1447 1421
f 1427 1448 1426
f 1431 1449 1427
f 1420 1450 1451
f 1452 1425 1429
f 1453 1437 1430
f 1417 1454 1431
f 1455 1424 1432
f 1456 1457 1434
f 1458 1429 1436
f 1459 1422 1437
f 1460 1430 1438
f 1439 1461 1462
f 1463 1436 1414
f 1443 1438 1415
f 1462 1464 1417
f 1440 1418 1419
f 1465 1466 1467
f 1468 1469 1470
f 1471 1472 1473
f 1474 1475 1476
f 1477 1478 1479
f 1476 1480 1474
f 1479 1481 1477
f 1467 1482 1483
f 1484 1485 1486
f 1487 1488 1475
f 1489 1490 1491
f 1492 1493 1494
f 1495 1496 1484
f 1497 1498 1481
f 1499 1500 1493
f 1501 1488 1502
f 1503 1494 1504
f 1505 1506 1465
f 1489 1485 1507
f 1508 1509 1510
f 1504 1511 1503
f 1500 1512 1513
f 1514 1515 1516
f 1469 1509 1470
f 1473 1517 1514
f 1482 1518 1483
f 1513 1516 1515
f 1444 1490 1507
f 1470 1452 1458
f 1456 1511 1497
f 1464 1473 1454
f 1459 1480 1490
f 1503 1446 1455
f 1501 1452 1509
f 1519 1497 1479
f 1454 1514 1449
f 1449 1516 1448
f 1468 1450 1506
f 1520 1502 1447
f 1506 1521 1466
f 1512 1448 1516
f 1507 1522 1444
f 1479 1523 1519
f 1443 1502 1487
f 1466 1441 1482
f 1524 1445 1512
f 1525 916 1526
f 988 1527 1528
f 989 1069 930
f 1529 916 926
f 926 922 1529
f 925 1530 922
f 1531 156 155
f 82 1532 1533
f 1534 81 34
f 1535 34 37
f 1193 1182 1180
f 1195 1536 1193
f 1537 1275 1274
f 1538 1539 1540
f 1541 1542 1539
f 1540 1543 1544
f 1539 1545 1543
f 1546 1547 1548
f 1549 1547 1550
f 1551 1552 1547
f 1552 1553 1554
f 1555 810 1556
f 1557 1541 1538
f 1558 1559 1541
f 1560 809 1561
f 1562 808 1560
f 1561 1563 1564
f 1565 1566 1567
f 1568 781 1569
f 834 1570 1571
f 1107 1572 1573
f 827 1571 1574
f 865 1575 1572
f 1573 855 1107
f 820 1574 1576
f 1577 768 1578
f 848 1579 1580
f 768 1576 1578
f 841 1580 1570
f 1578 1581 1582
f 1580 1583 1584
f 1585 1578 1582
f 1570 1584 1586
f 1571 1586 1587
f 1574 1587 1588
f 1573 1589 1590
f 1576 1588 1581
f 1590 1579 1573
f 1572 1591 1589
f 1589 1592 1593
f 1587 1594 1595
f 1586 1596 1594
f 1584 1597 1596
f 1585 1598 1599
f 1600 1583 1590
f 1582 1601 1598
f 1590 1593 1600
f 1581 1602 1601
f 1588 1595 1602
f 1603 1556 1567
f 1604 1561 1605
f 1606 1560 1604
f 1605 1564 1607
f 780 1556 810
f 1565 1569 1608
f 1609 1567 1566
f 1577 1608 1569
f 1610 1608 1611
f 1612 1607 1613
f 1568 1567 1556
f 1614 1604 1615
f 1615 1605 1612
f 1585 1611 1608
f 1569 767 1577
f 1616 1617 934
f 1618 1619 1616
f 1618 1620 1621
f 1616 803 1562
f 1618 1562 1606
f 1606 1622 1618
f 1623 1624 1625
f 1626 1627 1628
f 1629 1630 1626
f 1631 1632 1633
f 1629 1634 1635
f 1636 1637 1632
f 1547 1554 1548
f 1638 1639 1637
f 1640 1623 1639
f 1639 1641 1642
f 1623 1643 1641
f 1630 1644 1627
f 1635 1645 1630
f 1633 1646 1647
f 1634 1648 1635
f 1632 1649 1646
f 1552 1650 1634
f 1637 1642 1649
f 1557 1633 1558
f 1647 1558 1633
f 1651 1625 1624
f 1652 1643 1625
f 1648 1653 1645
f 1647 1654 1655
f 1559 1656 1542
f 1650 1657 1648
f 1658 1643 1659
f 1646 1660 1654
f 1542 1661 1545
f 1649 1662 1660
f 1663 1664 1665
f 1642 1666 1662
f 1641 1667 1666
f 1664 1655 1665
f 1549 1668 1551
f 1645 1669 1644
f 1551 1670 1671
f 1671 1672 1650
f 1657 1673 1653
f 1655 1674 1675
f 1656 1676 1661
f 1672 1677 1657
f 1654 1678 1674
f 1670 1679 1672
f 1660 1680 1678
f 1665 1675 1681
f 1662 1682 1680
f 1683 1684 1668
f 1685 1667 1658
f 1666 1686 1682
f 1668 1687 1670
f 1669 1673 1688
f 1689 1665 1681
f 1663 1690 1656
f 1679 1691 1677
f 1674 1692 1693
f 1687 1694 1679
f 1678 1695 1692
f 1681 1696 1697
f 1680 1698 1695
f 1699 1700 1684
f 1701 1686 1685
f 1682 1702 1698
f 1684 1703 1687
f 1688 1704 1705
f 1706 1681 1697
f 1689 1707 1690
f 1673 1691 1704
f 1675 1693 1696
f 1707 1676 1690
f 1703 1708 1694
f 1692 1709 1710
f 1711 1696 1712
f 1695 1713 1709
f 1714 1715 1700
f 1716 1702 1701
f 1698 1717 1713
f 1700 1718 1703
f 1705 1719 1720
f 1721 1697 1711
f 1706 1722 1707
f 1704 1723 1719
f 1696 1724 1712
f 1722 1725 1707
f 1694 1723 1691
f 1693 1710 1724
f 1726 1727 1728
f 1729 1730 1731
f 1732 1733 1734
f 1735 1736 1737
f 1738 1739 1740
f 1741 1742 1743
f 1744 1745 1746
f 1747 1748 1749
f 1750 1751 1752
f 1753 1754 1755
f 1756 1733 1757
f 1758 1759 1760
f 1761 1762 1763
f 1764 1765 1766
f 1767 1768 1769
f 1770 1771 1772
f 1731 1773 1774
f 1775 1776 1777
f 1778 1779 1780
f 1781 1782 1783
f 1784 1785 1726
f 1786 1787 1788
f 1789 1790 1791
f 1792 1793 1794
f 1795 1796 1797
f 1798 1799 1800
f 1791 1792 1794
f 1801 1802 1803
f 1804 1805 1806
f 1807 1808 1809
f 1810 1811 1812
f 1813 1814 1815
f 1816 1817 1818
f 1819 1820 1821
f 1815 1819 1821
f 1814 1822 1819
f 1822 1823 1819
f 1785 1732 1727
f 1824 1737 1739
f 1825 1752 1745
f 1826 1827 1828
f 1829 1757 1785
f 1830 1831 1832
f 1833 1834 1835
f 1836 1837 1816
f 1838 1839 1814
f 1797 1840 1810
f 1841 1842 1808
f 1843 1844 1804
f 1845 1844 1801
f 1846 1847 1848
f 1849 1850 1851
f 1852 1815 1790
f 1853 1854 1795
f 1790 1821 1792
f 1855 1809 1856
f 1821 1857 1792
f 1803 1850 1798
f 1858 1791 1859
f 1794 1860 1861
f 1862 1863 1864
f 1865 1866 1867
f 1868 1869 1762
f 1786 1764 1870
f 1871 1783 1872
f 1873 1874 1875
f 1876 1877 1878
f 1879 1867 1874
f 1880 1881 1834
f 1882 1883 1884
f 1885 1886 1887
f 1888 1889 1890
f 1891 1892 1893
f 1894 1895 1896
f 1897 1898 1899
f 1900 1901 1902
f 1888 1768 1747
f 1903 1884 1904
f 1905 1904 1906
f 1874 1756 1829
f 1890 1907 1908
f 1909 1828 1901
f 1910 1911 1912
f 1800 1913 1914
f 1875 1829 1784
f 1859 1794 1861
f 1882 1734 1915
f 1916 1862 1917
f 1906 1825 1744
f 1884 1918 1750
f 1768 1908 1769
f 1919 1920 1891
f 1896 1913 1921
f 1922 1731 1889
f 1912 1923 1775
f 1899 1924 1753
f 1904 1750 1825
f 1730 1870 1773
f 1925 1758 1869
f 1867 1926 1756
f 1927 1902 1831
f 1928 1929 1910
f 1878 1786 1788
f 1930 1871 1872
f 1931 1832 1881
f 1760 1932 1897
f 1728 1903 1905
f 1727 1882 1903
f 1889 1774 1907
f 1746 1933 1934
f 1935 1748 1936
f 1752 1937 1938
f 1936 1767 1939
f 1745 1938 1933
f 1777 1940 1941
f 1942 1943 1827
f 1754 1944 1755
f 1941 1945 1894
f 1946 1917 1943
f 1944 1947 1919
f 1934 1948 1949
f 1950 1936 1951
f 1952 1937 1953
f 1951 1939 1954
f 1948 1938 1952
f 1955 1856 1886
f 1836 1848 1956
f 1851 1802 1843
f 1957 1942 1826
f 1958 1927 1830
f 1959 1880 1833
f 1848 1960 1956
f 1837 1961 1817
f 1956 1962 1837
f 1847 1963 1848
f 1964 1931 1880
f 1965 1966 1863
f 1900 1967 1909
f 1916 1968 1965
f 1909 1957 1826
f 1969 1830 1931
f 1970 1900 1927
f 1971 1946 1942
f 1972 1916 1946
f 1881 1973 1974
f 1835 1975 1976
f 1834 1974 1975
f 1917 1977 1978
f 1979 1836 1816
f 1831 1980 1981
f 1827 1982 1983
f 1984 1985 1846
f 1828 1983 1986
f 1832 1981 1973
f 1901 1986 1987
f 1988 1846 1836
f 1989 1816 1818
f 1982 1917 1978
f 1990 1862 1864
f 1902 1987 1980
f 1991 1992 1993
f 1994 1822 1839
f 1995 1996 1997
f 1998 1994 1839
f 1806 1999 2000
f 2001 2002 1842
f 2003 2004 2001
f 2005 1805 1845
f 2006 2000 2007
f 2008 2009 1822
f 2010 2011 2004
f 2007 2011 2012
f 2000 2013 2011
f 2013 2004 2011
f 2014 1994 2015
f 2014 1999 2005
f 1950 1859 1953
f 1861 1948 1952
f 1985 1863 1847
f 1954 1887 1951
f 1893 2016 1853
f 1914 1895 1949
f 1953 1861 1952
f 1921 1799 1849
f 1863 2017 1847
f 2018 1864 1985
f 2019 2020 2021
f 2022 2023 2024
f 2025 2026 2027
f 2028 2029 2030
f 2031 2032 2033
f 2034 2035 2036
f 2037 2038 2039
f 2040 2041 2042
f 2043 2044 2045
f 2046 2047 2048
f 2049 2025 2050
f 2051 2052 2053
f 2054 2055 2056
f 2057 2058 2059
f 2060 2061 2062
f 2063 2035 2064
f 2024 2065 2066
f 2067 2068 2069
f 2070 2071 2072
f 2073 2074 2075
f 2076 2077 2019
f 2078 2023 2079
f 2080 2081 2082
f 2083 2084 2085
f 2086 2087 2088
f 2089 2090 2091
f 2082 2083 2085
f 2092 2093 2094
f 2095 2096 2097
f 2098 2099 2100
f 2101 2102 2103
f 2104 2105 2106
f 2107 2108 2109
f 2110 2111 2112
f 2106 2110 2112
f 2113 2110 2105
f 2114 2115 2110
f 2077 2027 2020
f 2032 2030 2033
f 2038 2043 2039
f 2116 2117 2118
f 2119 2025 2077
f 2120 2121 2122
f 2123 2124 2125
f 2126 2127 2108
f 2128 2113 2105
f 2088 2102 2129
f 2130 2131 2099
f 2132 2133 2095
f 2134 2133 2092
f 2135 2136 2137
f 2138 2139 2140
f 2141 2106 2081
f 2142 2143 2086
f 2106 2083 2081
f 2144 2100 2145
f 2112 2146 2083
f 2094 2139 2089
f 2080 2147 2148
f 2149 2084 2150
f 2151 2152 2153
f 2154 2155 2156
f 2157 2158 2055
f 2159 2160 2057
f 2161 2075 2162
f 2163 2164 2165
f 2058 2166 2167
f 2168 2156 2164
f 2169 2170 2124
f 2171 2172 2173
f 2174 2175 2176
f 2177 2178 2179
f 2180 2181 2182
f 2183 2184 2185
f 2186 2187 2188
f 2189 2190 2191
f 2040 2179 2061
f 2192 2173 2193
f 2194 2193 2195
f 2164 2050 2119
f 2179 2196 2197
f 2190 2116 2118
f 2198 2199 2200
f 2091 2201 2202
f 2164 2076 2165
f 2082 2149 2147
f 2027 2203 2171
f 2204 2205 2206
f 2195 2038 2207
f 2208 2172 2044
f 2061 2197 2062
f 2209 2210 2180
f 2211 2212 2201
f 2213 2024 2178
f 2200 2214 2067
f 2188 2215 2046
f 2193 2208 2038
f 2023 2159 2065
f 2216 2051 2158
f 2155 2050 2156
f 2121 2191 2122
f 2217 2198 2218
f 2166 2219 2078
f 2218 2162 2217
f 2170 2220 2120
f 2052 2186 2053
f 2021 2192 2194
f 2020 2171 2192
f 2178 2066 2196
f 2037 2221 2222
f 2223 2041 2224
f 2225 2045 2226
f 2224 2060 2227
f 2039 2225 2221
f 2068 2228 2069
f 2117 2229 2230
f 2047 2231 2048
f 2228 2183 2185
f 2229 2206 2230
f 2232 2209 2231
f 2233 2221 2234
f 2235 2224 2236
f 2225 2237 2238
f 2236 2227 2239
f 2221 2238 2234
f 2240 2145 2175
f 2241 2137 2127
f 2140 2093 2132
f 2116 2242 2243
f 2244 2121 2220
f 2245 2169 2123
f 2137 2246 2127
f 2108 2247 2109
f 2127 2248 2108
f 2136 2249 2137
f 2250 2251 2169
f 2152 2252 2153
f 2189 2253 2254
f 2204 2255 2152
f 2254 2256 2116
f 2257 2220 2251
f 2258 2189 2121
f 2242 2229 2243
f 2229 2259 2204
f 2260 2120 2261
f 2262 2124 2263
f 2263 2170 2260
f 2206 2264 2265
f 2266 2241 2126
f 2122 2267 2268
f 2117 2269 2270
f 2271 2272 2135
f 2118 2270 2273
f 2261 2122 2268
f 2190 2273 2274
f 2275 2135 2241
f 2276 2126 2107
f 2230 2265 2269
f 2277 2205 2151
f 2191 2274 2267
f 2278 2279 2280
f 2281 2114 2113
f 2282 2279 2283
f 2284 2281 2113
f 2097 2285 2286
f 2287 2288 2131
f 2289 2290 2287
f 2291 2096 2134
f 2292 2286 2293
f 2294 2295 2114
f 2296 2297 2290
f 2293 2297 2298
f 2286 2299 2297
f 2299 2290 2297
f 2300 2281 2301
f 2300 2285 2291
f 2148 2237 2235
f 2149 2234 2238
f 2272 2153 2136
f 2239 2176 2236
f 2182 2302 2142
f 2202 2212 2233
f 2147 2238 2237
f 2211 2090 2138
f 2153 2303 2136
f 2304 2151 2272
f 2305 2306 2307
f 2308 2309 2310
f 2311 2312 2313
f 2314 2315 2316
f 2317 2318 2319
f 2320 2321 2322
f 2323 2324 2325
f 2326 2327 2328
f 2329 2330 2331
f 2332 2333 2334
f 2335 2336 2337
f 2338 2339 2340
f 2341 2342 2343
f 2344 2345 2346
f 2328 2347 2348
f 2349 2321 2350
f 2310 2351 2352
f 2353 2354 2355
f 2356 2357 2358
f 2359 2360 2361
f 2362 2363 2364
f 2365 2366 2367
f 2368 2369 2370
f 2371 2372 2373
f 2374 2375 2376
f 2377 2378 2379
f 2370 2371 2373
f 2380 2381 2382
f 2383 2384 2385
f 2386 2387 2388
f 2389 2390 2391
f 2392 2393 2394
f 2395 2396 2397
f 2398 2399 2400
f 2394 2398 2400
f 2393 2401 2398
f 2401 2402 2398
f 2307 2336 2311
f 2318 2316 2319
f 2403 2329 2324
f 2404 2405 2406
f 2337 2306 2362
f 2407 2408 2409
f 2410 2411 2412
f 2413 2414 2395
f 2415 2416 2393
f 2376 2417 2389
f 2418 2419 2387
f 2420 2421 2383
f 2422 2421 2380
f 2423 2424 2425
f 2426 2427 2428
f 2429 2394 2369
f 2430 2431 2374
f 2369 2400 2371
f 2432 2388 2433
f 2400 2434 2371
f 2382 2427 2377
f 2435 2370 2436
f 2437 2372 2438
f 2439 2440 2441
f 2442 2443 2444
f 2445 2446 2342
f 2447 2448 2344
f 2449 2361 2450
f 2451 2452 2453
f 2345 2454 2455
f 2451 2443 2456
f 2411 2457 2458
f 2459 2460 2461
f 2462 2463 2464
f 2465 2466 2467
f 2468 2469 2470
f 2471 2472 2473
f 2474 2475 2476
f 2477 2478 2479
f 2480 2467 2327
f 2481 2482 2459
f 2483 2484 2481
f 2456 2337 2362
f 2467 2485 2486
f 2478 2406 2479
f 2487 2488 2489
f 2379 2490 2491
f 2456 2364 2452
f 2436 2373 2437
f 2482 2313 2460
f 2492 2493 2439
f 2323 2481 2403
f 2494 2461 2330
f 2327 2486 2347
f 2495 2496 2468
f 2473 2490 2497
f 2498 2310 2466
f 2489 2499 2353
f 2476 2500 2332
f 2481 2494 2403
f 2309 2447 2351
f 2501 2338 2446
f 2502 2337 2443
f 2408 2503 2477
f 2504 2505 2487
f 2454 2365 2367
f 2506 2449 2450
f 2458 2407 2409
f 2340 2507 2474
f 2508 2307 2484
f 2484 2311 2482
f 2466 2352 2485
f 2325 2509 2510
f 2511 2328 2512
f 2329 2513 2514
f 2512 2348 2515
f 2324 2514 2509
f 2355 2516 2517
f 2405 2518 2519
f 2334 2520 2521
f 2517 2522 2471
f 2519 2523 2492
f 2521 2524 2495
f 2525 2509 2526
f 2527 2512 2528
f 2529 2513 2530
f 2528 2515 2531
f 2526 2514 2529
f 2532 2433 2463
f 2413 2425 2533
f 2428 2381 2420
f 2534 2535 2404
f 2536 2537 2407
f 2538 2539 2410
f 2425 2540 2533
f 2414 2541 2396
f 2533 2542 2414
f 2424 2543 2425
f 2544 2457 2539
f 2440 2545 2546
f 2503 2547 2478
f 2548 2493 2523
f 2547 2404 2478
f 2549 2407 2457
f 2550 2503 2537
f 2535 2551 2518
f 2551 2523 2518
f 2552 2409 2553
f 2412 2554 2555
f 2554 2458 2552
f 2556 2439 2557
f 2558 2413 2395
f 2559 2477 2560
f 2561 2519 2562
f 2563 2564 2423
f 2565 2405 2561
f 2553 2408 2559
f 2479 2565 2566
f 2567 2423 2413
f 2568 2395 2397
f 2519 2556 2562
f 2557 2441 2569
f 2560 2479 2566
f 2570 2571 2572
f 2416 2573 2401
f 2574 2571 2575
f 2576 2577 2416
f 2578 2384 2579
f 2580 2581 2419
f 2582 2583 2580
f 2422 2579 2384
f 2584 2385 2578
f 2573 2585 2401
f 2586 2587 2583
f 2584 2587 2588
f 2578 2589 2587
f 2589 2583 2587
f 2590 2577 2591
f 2590 2579 2592
f 2527 2436 2530
f 2529 2438 2526
f 2564 2440 2424
f 2531 2464 2528
f 2470 2593 2430
f 2491 2472 2525
f 2530 2437 2529
f 2497 2378 2426
f 2424 2546 2594
f 2595 2441 2564
f 2596 2597 2598
f 2599 2600 2601
f 2602 2603 2604
f 2605 2606 2607
f 2608 2609 2610
f 2611 2612 2613
f 2614 2615 2616
f 2617 2618 2619
f 2620 2621 2622
f 2623 2624 2625
f 2626 2627 2628
f 2629 2630 2631
f 2632 2633 2634
f 2635 2636 2637
f 2619 2638 2639
f 2613 2640 2641
f 2601 2642 2643
f 2644 2645 2646
f 2647 2648 2649
f 2650 2649 2648
f 2651 2652 2596
f 2653 2654 2655
f 2656 2657 2658
f 2659 2660 2661
f 2662 2663 2664
f 2665 2666 2667
f 2658 2659 2661
f 2668 2669 2670
f 2671 2672 2673
f 2674 2675 2676
f 2677 2673 2678
f 2679 2680 2681
f 2682 2683 2684
f 2685 2686 2687
f 2681 2688 2685
f 2680 2689 2688
f 2689 2686 2688
f 2652 2602 2597
f 2610 2690 2605
f 2691 2620 2615
f 2692 2693 2694
f 2628 2652 2695
f 2696 2697 2698
f 2699 2700 2701
f 2702 2703 2704
f 2705 2706 2680
f 2664 2707 2708
f 2709 2710 2675
f 2711 2712 2671
f 2713 2712 2668
f 2714 2715 2716
f 2717 2718 2719
f 2720 2681 2657
f 2721 2722 2662
f 2657 2685 2659
f 2723 2676 2724
f 2659 2687 2725
f 2670 2718 2665
f 2726 2658 2727
f 2661 2728 2729
f 2730 2731 2732
f 2733 2734 2735
f 2634 2736 2737
f 2738 2635 2637
f 2739 2650 2740
f 2741 2742 2743
f 2744 2745 2746
f 2735 2742 2747
f 2701 2748 2749
f 2750 2751 2752
f 2753 2754 2755
f 2756 2757 2758
f 2759 2760 2761
f 2762 2763 2764
f 2765 2766 2767
f 2768 2769 2770
f 2771 2758 2618
f 2772 2750 2773
f 2774 2773 2775
f 2734 2695 2742
f 2758 2776 2777
f 2770 2778 2692
f 2779 2780 2781
f 2667 2782 2783
f 2743 2695 2651
f 2727 2661 2729
f 2784 2604 2751
f 2785 2786 2787
f 2775 2691 2614
f 2788 2752 2621
f 2618 2777 2638
f 2789 2790 2759
f 2764 2782 2791
f 2792 2601 2757
f 2781 2793 2644
f 2767 2794 2623
f 2773 2788 2691
f 2600 2738 2642
f 2737 2795 2629
f 2796 2628 2734
f 2698 2797 2768
f 2798 2799 2779
f 2745 2653 2655
f 2800 2739 2740
f 2749 2801 2696
f 2631 2802 2765
f 2598 2772 2774
f 2597 2784 2772
f 2757 2643 2776
f 2616 2803 2804
f 2805 2619 2806
f 2807 2622 2808
f 2806 2639 2809
f 2615 2807 2803
f 2645 2810 2646
f 2694 2811 2812
f 2625 2813 2814
f 2815 2762 2810
f 2812 2785 2787
f 2813 2789 2814
f 2804 2816 2817
f 2818 2806 2819
f 2820 2808 2821
f 2819 2809 2822
f 2803 2820 2816
f 2823 2724 2754
f 2714 2703 2824
f 2719 2669 2711
f 2825 2693 2778
f 2801 2826 2697
f 2827 2828 2700
f 2716 2829 2703
f 2683 2830 2684
f 2703 2831 2704
f 2715 2832 2716
f 2700 2833 2748
f 2732 2834 2835
f 2797 2836 2769
f 2837 2731 2785
f 2769 2825 2778
f 2748 2838 2801
f 2697 2839 2797
f 2693 2840 2811
f 2811 2837 2785
f 2841 2696 2842
f 2699 2843 2844
f 2843 2749 2841
f 2787 2845 2846
f 2847 2824 2702
f 2848 2768 2849
f 2850 2812 2851
f 2852 2853 2714
f 2854 2694 2850
f 2842 2698 2848
f 2855 2692 2854
f 2856 2714 2824
f 2857 2858 2682
f 2812 2846 2851
f 2859 2786 2730
f 2849 2770 2855
f 2860 2684 2861
f 2706 2862 2689
f 2863 2684 2830
f 2864 2865 2706
f 2673 2866 2867
f 2868 2710 2869
f 2870 2869 2857
f 2871 2672 2713
f 2678 2867 2872
f 2862 2873 2689
f 2870 2874 2868
f 2872 2874 2875
f 2867 2876 2874
f 2874 2877 2868
f 2878 2865 2879
f 2876 2871 2878
f 2818 2727 2821
f 2729 2816 2820
f 2853 2732 2715
f 2822 2755 2819
f 2761 2880 2721
f 2783 2763 2817
f 2821 2729 2820
f 2791 2666 2717
f 2732 2881 2715
f 2882 2730 2853
f 2883 2884 2885
f 2886 2887 2888
f 2889 2890 2886
f 2891 2892 2893
f 2894 2887 2895
f 2896 2883 2897
f 2898 2899 2900
f 2901 2902 2903
f 2904 2905 2906
f 2907 2908 2902
f 2900 2901 2903
f 2909 2910 2911
f 2912 2913 2914
f 2915 2916 2917
f 2918 2919 2920
f 2917 2921 2922
f 2923 2924 2925
f 2926 2911 2927
f 2922 2926 2927
f 2921 2928 2926
f 2928 2909 2926
f 2929 2889 2884
f 2930 2931 2932
f 2933 2934 2924
f 2916 2935 2921
f 2906 2936 2918
f 2937 2938 2916
f 2939 2940 2912
f 2941 2940 2909
f 2942 2943 2944
f 2945 2946 2947
f 2948 2922 2899
f 2949 2950 2904
f 2899 2927 2901
f 2951 2917 2948
f 2927 2907 2901
f 2911 2946 2907
f 2952 2900 2953
f 2903 2954 2955
f 2956 2957 2958
f 2959 2952 2960
f 2961 2962 2963
f 2964 2965 2966
f 2890 2967 2887
f 2902 2968 2954
f 2953 2903 2955
f 2969 2970 2956
f 2971 2929 2883
f 2972 2890 2973
f 2895 2967 2974
f 2975 2962 2976
f 2966 2968 2977
f 2929 2972 2973
f 2885 2978 2979
f 2980 2888 2981
f 2982 2886 2980
f 2983 2888 2894
f 2884 2982 2978
f 2897 2885 2984
f 2931 2985 2932
f 2892 2986 2987
f 2984 2979 2964
f 2988 2969 2985
f 2987 2989 2975
f 2979 2990 2965
f 2991 2981 2992
f 2993 2980 2991
f 2994 2981 2983
f 2990 2982 2993
f 2959 2948 2898
f 2995 2944 2934
f 2947 2910 2939
f 2893 2931 2996
f 2944 2906 2934
f 2924 2920 2925
f 2934 2918 2924
f 2944 2949 2904
f 2957 2976 2961
f 2975 2970 2997
f 2892 2988 2931
f 2987 2997 2988
f 2998 2956 2999
f 3000 2995 2933
f 3001 2985 3002
f 3003 3004 2942
f 3005 2932 3001
f 3006 2942 2995
f 3007 2933 2923
f 3002 2969 2998
f 2999 2958 3008
f 3009 3010 3011
f 2935 3012 2928
f 3013 3014 3015
f 3016 2935 2938
f 2914 3017 3018
f 3019 2938 3020
f 3011 3020 3009
f 3021 2913 2941
f 3015 3018 3013
f 3012 2941 2928
f 3011 3022 3019
f 3013 3022 3010
f 3018 3023 3022
f 3023 3019 3022
f 3023 3024 3016
f 3023 3021 3012
f 2992 2953 2991
f 2955 2990 2993
f 2958 2943 3004
f 2960 2992 2994
f 2949 2963 3025
f 2954 2965 2990
f 2991 2955 2993
f 2977 2908 2945
f 2943 2961 2949
f 3008 3004 3026
f 1930 1728 1929
f 1734 1787 1729
f 3027 1740 1778
f 3028 1743 1736
f 1776 1746 1940
f 1751 1747 1749
f 1872 1726 1930
f 1788 1733 1926
f 1886 1852 1789
f 1857 1800 1793
f 1823 1803 1820
f 1809 1838 1813
f 1808 1998 1838
f 2009 1801 1823
f 1856 1813 1852
f 1820 1798 1857
f 1887 1789 1858
f 1782 1875 1783
f 3029 1878 1866
f 1915 1888 1883
f 1883 1747 1918
f 1911 1906 1923
f 1793 1914 1860
f 1783 1784 1872
f 1923 1744 1776
f 1915 1729 1922
f 1866 1788 1926
f 1929 1905 1911
f 1940 1934 1945
f 1751 1935 1937
f 1945 1949 1895
f 1937 1950 1953
f 1842 2015 1998
f 3030 1845 2009
f 2014 2002 2013
f 2014 3030 2008
f 1951 1858 1950
f 1860 1949 1948
f 3031 2019 2021
f 3032 2022 2026
f 3033 2031 2070
f 3034 2034 2029
f 3035 2207 2037
f 2045 2040 2042
f 2162 2019 2217
f 2049 2079 3032
f 2175 2141 2080
f 2146 2091 2084
f 2115 2094 2111
f 2100 2128 2104
f 2099 2284 2128
f 2295 2092 2115
f 2145 2104 2141
f 2111 2089 2146
f 2176 2080 2148
f 2163 2075 2074
f 2167 2155 3036
f 2203 2177 2172
f 2044 2177 2040
f 2199 2195 2214
f 2084 2202 2150
f 2165 2162 2075
f 2214 2207 2068
f 2026 2213 2203
f 2166 2049 2155
f 2199 2021 2194
f 2183 2037 2222
f 2226 2042 2223
f 2212 2222 2233
f 2237 2223 2235
f 2131 2301 2284
f 3037 2134 2295
f 2300 2288 2299
f 2300 3037 2294
f 2236 2148 2235
f 2234 2202 2233
f 2506 2305 2505
f 2313 2366 2308
f 3038 2317 2356
f 3039 2320 2315
f 2354 2325 2516
f 2331 2480 2326
f 2450 2363 2506
f 2367 2312 2335
f 2463 2429 2368
f 2434 2379 2372
f 2402 2382 2399
f 2388 2415 2392
f 2387 2576 2415
f 2585 2380 2402
f 2433 2392 2429
f 2399 2377 2434
f 2464 2368 2435
f 2453 2361 2360
f 2455 2502 2442
f 2461 2498 2465
f 2330 2465 2480
f 2488 2483 2499
f 2372 2491 2438
f 2361 2364 2450
f 2499 2323 2354
f 2460 2308 2498
f 2502 2367 2335
f 2505 2508 2488
f 2516 2510 2522
f 2513 2326 2511
f 2522 2525 2472
f 2513 2527 2530
f 2419 2591 2576
f 3040 2422 2585
f 2590 2581 2589
f 2590 3040 2573
f 2528 2435 2527
f 2526 2491 2525
f 2800 2598 2799
f 2604 2654 2599
f 3041 2608 3042
f 2607 3043 2611
f 2815 2614 2616
f 2622 2771 2617
f 2740 2596 2800
f 2655 2603 2626
f 2754 2720 2656
f 2725 2667 2660
f 2686 2670 2687
f 2676 2705 2679
f 2675 2864 2705
f 2873 2668 2686
f 2724 2679 2720
f 2687 2665 2725
f 2755 2656 2726
f 2648 2743 2650
f 2746 2796 2733
f 2752 2792 2756
f 2621 2756 2771
f 2780 2775 2793
f 2660 2783 2728
f 2743 2740 2650
f 2793 2614 2645
f 2751 2599 2792
f 2745 2626 2796
f 2799 2774 2780
f 2815 2804 3044
f 2808 2617 2805
f 3044 2817 2763
f 2821 2805 2818
f 2710 2879 2864
f 3045 2713 2873
f 2876 2879 2877
f 2878 3045 2862
f 2819 2726 2818
f 2728 2817 2816
f 1957 1755 1971
f 1758 1970 1958
f 1763 1964 1959
f 1963 1797 1960
f 1962 1812 1961
f 1960 1810 1962
f 2017 1795 1963
f 1762 1969 1964
f 1968 1893 1966
f 3046 1899 1967
f 3047 1891 1968
f 1967 1753 1957
f 1869 1958 1969
f 1970 1897 3046
f 1755 1972 1971
f 1944 3047 1972
f 1974 3048 3049
f 3050 1975 3051
f 3051 1974 3049
f 1978 3052 3053
f 3054 1988 1979
f 1981 3055 3056
f 1983 3057 3058
f 3059 2018 1984
f 1986 3058 3060
f 1973 3056 3048
f 1987 3060 3061
f 3062 1984 1988
f 3063 1979 1989
f 1982 3053 3057
f 3064 1977 1990
f 1980 3061 3055
f 1991 2010 2003
f 1997 2007 1995
f 1993 2012 2010
f 1995 2012 1992
f 1966 1853 2017
f 3065 1990 2018
f 2256 2048 2242
f 2244 2053 2258
f 2056 2250 2245
f 2249 2088 2246
f 2248 2101 2247
f 2246 2129 2248
f 2303 2086 2249
f 2055 2257 2250
f 2255 2182 2252
f 3066 2188 2253
f 2259 2180 2255
f 2253 2046 2256
f 2158 2244 2257
f 2053 3066 2258
f 2048 3067 2242
f 3067 2209 2259
f 3068 2261 3069
f 3070 2263 3071
f 3071 2260 3068
f 2265 3072 3073
f 3074 2275 2266
f 2268 3075 3076
f 3077 2269 3078
f 3079 2304 2271
f 2273 3077 3080
f 2261 3076 3069
f 2274 3080 3081
f 3082 2271 2275
f 3083 2266 2276
f 2269 3073 3078
f 3084 2264 2277
f 2267 3081 3075
f 3085 2296 2289
f 2283 2293 2282
f 2278 2298 2296
f 2282 2298 2280
f 2252 2142 2303
f 3086 2277 2304
f 2534 2334 3087
f 2338 2550 2536
f 2343 2544 2538
f 2543 2376 2540
f 2542 2391 2541
f 2540 2389 2542
f 2594 2374 2543
f 2342 2549 2544
f 2546 2468 2470
f 3088 2476 2547
f 2495 2545 2548
f 2476 2534 2547
f 2446 2536 2549
f 2340 3088 2550
f 2334 2551 3087
f 2521 2548 2551
f 3089 2553 3090
f 3091 2554 3092
f 3092 2552 3089
f 2556 3093 3094
f 3095 2567 2558
f 2559 3096 3097
f 3098 2562 3099
f 3100 2595 2563
f 3101 2561 3098
f 3090 2559 3097
f 3102 2565 3101
f 3103 2563 2567
f 3104 2558 2568
f 2562 3094 3099
f 3093 2569 3105
f 3096 2566 3102
f 3106 2586 2582
f 2574 3107 2584
f 2570 2588 2586
f 2574 2588 2572
f 2594 2470 2430
f 3108 2569 2595
f 2623 3109 2825
f 2838 2631 2826
f 3110 2634 2828
f 2832 2664 2829
f 3111 2678 2830
f 2829 2708 2831
f 2881 2662 2832
f 2828 2737 2833
f 2834 2761 2835
f 2839 2767 2836
f 2789 2834 2837
f 2836 2623 2825
f 2833 2629 2838
f 2631 2839 2826
f 3109 2814 2840
f 2814 2837 2840
f 2637 2842 2738
f 2844 2636 2641
f 2636 2841 2637
f 2846 2822 2809
f 2709 2856 2847
f 2642 2849 2643
f 2638 2851 2639
f 2723 2882 2852
f 2777 2850 2638
f 2738 2848 2642
f 2855 2777 2776
f 2674 2852 2856
f 2869 3112 2857
f 2851 2809 2639
f 2753 2845 2859
f 2849 2776 2643
f 2860 2857 2682
f 2830 2872 2863
f 2860 2875 2870
f 2863 2875 2861
f 2835 2721 2881
f 2823 2859 2882
f 3113 3039 2314
f 3114 3115 3116
f 3117 2609 3118
f 3119 3120 3121
f 3122 1824 1738
f 3123 3124 3125
f 3117 2606 2690
f 3126 2606 3127
f 3128 3129 3130
f 3121 3130 3119
f 3131 3132 3133
f 1738 3134 3122
f 3135 3115 3136
f 2028 3137 3138
f 3125 3139 3140
f 3141 3129 3142
f 3143 3144 3145
f 3146 3133 3132
f 3138 3034 2028
f 1735 3147 3148
f 3134 3149 3150
f 3120 2612 3151
f 3043 3151 2612
f 3152 3140 3139
f 2314 3153 3113
f 3148 3028 1735
f 3154 3132 3155
f 3156 3157 3158
f 3159 3142 3160
f 3161 3162 3163
f 3164 3136 3158
f 3165 3166 3155
f 3167 3168 3169
f 3170 3171 3172
f 3173 3174 3175
f 3176 3177 3178
f 3179 3170 3172
f 3172 3180 3179
f 3181 3182 3157
f 3183 3184 3185
f 3186 3182 3171
f 3187 2318 3188
f 3189 3190 3174
f 3171 3191 3192
f 3190 3175 3174
f 3193 3182 3194
f 3195 3196 3197
f 3198 3199 3200
f 3195 3201 3202
f 3203 3204 3199
f 3205 3206 3207
f 3208 3209 3210
f 3211 3207 3212
f 3213 3209 3214
f 3200 3215 3198
f 3216 3217 3218
f 3219 3220 3221
f 3222 3223 3224
f 3218 3225 3226
f 3227 3228 3229
f 3034 3230 3231
f 3221 3232 3224
f 3233 3234 3222
f 3219 3235 3216
f 3199 3236 3237
f 3228 3238 3239
f 3240 3241 3195
f 3215 3228 3242
f 3243 3211 3241
f 1737 3029 1865
f 1740 1879 1873
f 1743 1765 1876
f 3145 1763 3143
f 1766 1742 1770
f 3027 1780 3149
f 1739 1865 1879
f 3139 1835 3152
f 3124 1833 3139
f 3244 1835 1976
f 1778 1873 1782
f 1736 1876 3029
f 3143 1959 3124
f 3245 1976 3050
f 3246 2125 2262
f 2031 2168 2163
f 2034 2058 2167
f 2059 2036 2063
f 2346 2322 2349
f 3247 2054 2056
f 3248 2412 2555
f 3133 2538 2410
f 3115 2125 3116
f 2319 2444 2451
f 3249 2056 2245
f 3036 2034 2167
f 2320 2345 2455
f 2074 2031 2163
f 2317 2451 2453
f 3250 2262 3070
f 3115 2245 2123
f 3129 3110 2827
f 2033 2154 2168
f 3251 2070 2072
f 3252 2343 2538
f 2030 3036 2154
f 3253 2555 3091
f 3130 2827 2699
f 3254 2341 2343
f 2735 2607 2733
f 3255 2632 3256
f 2608 2747 2741
f 2442 2320 2455
f 3257 2356 2358
f 2316 2442 2444
f 2360 2317 2453
f 3133 2412 3131
f 2733 2611 2746
f 2747 2605 2735
f 3258 2632 3110
f 3119 2699 2844
f 3042 2741 2648
f 2640 2844 2641
f 3259 3042 2647
f 2746 2613 2744
f 2744 2641 2636
f 3260 1718 3261
f 1710 3262 3263
f 3264 1712 3265
f 1709 3266 3262
f 3267 3268 1715
f 3269 1717 1716
f 1713 3270 3266
f 1715 3261 1718
f 1720 3271 3272
f 3273 1711 3264
f 1721 3274 1722
f 1719 3275 3271
f 3265 1724 3276
f 1722 3277 3278
f 3275 1708 3260
f 1724 3263 3276
f 3266 3279 3280
f 3268 3281 3261
f 3272 3282 3283
f 3284 3264 3285
f 3273 3286 3274
f 3271 3287 3282
f 3288 3276 3289
f 3274 3290 3277
f 3275 3291 3287
f 3276 3292 3289
f 3291 3261 3281
f 3263 3293 3292
f 3285 3265 3288
f 3293 3266 3280
f 3294 3268 3295
f 3296 3270 3269
f 3283 3297 3298
f 3299 3285 3300
f 3284 3301 3286
f 3282 3302 3297
f 3303 3289 3304
f 3301 3290 3286
f 3287 3305 3302
f 3289 3306 3304
f 3305 3281 3307
f 3292 3308 3306
f 3300 3288 3303
f 3308 3280 3309
f 3310 3311 3294
f 3312 3279 3296
f 3280 3313 3309
f 3311 3307 3281
f 3297 3314 3315
f 3303 3316 3317
f 3318 3319 3301
f 3302 3320 3314
f 3304 3321 3316
f 3320 3307 3322
f 3306 3323 3321
f 3300 3317 3324
f 3308 3325 3323
f 3326 3327 3310
f 3328 3313 3312
f 3309 3329 3325
f 3327 3322 3307
f 3298 3315 3330
f 3299 3324 3331
f 3331 3301 3299
f 3330 3332 3333
f 3331 3334 3335
f 3335 3318 3331
f 3315 3336 3332
f 3317 3337 3338
f 3318 3339 3340
f 3314 3341 3336
f 3316 3342 3337
f 3341 3322 3343
f 3321 3344 3342
f 3324 3338 3334
f 3323 3345 3344
f 3346 3347 3326
f 3348 3329 3328
f 3325 3349 3345
f 3350 3322 3347
f 3332 3351 3352
f 3338 3353 3354
f 3355 3356 3339
f 3351 3341 3357
f 3337 3358 3353
f 3357 3343 3359
f 3342 3360 3358
f 3334 3354 3361
f 3344 3362 3360
f 3346 3363 3350
f 3364 3349 3348
f 3345 3365 3362
f 3350 3359 3343
f 3333 3352 3366
f 3335 3361 3367
f 3335 3368 3355
f 3369 3357 3370
f 3353 3371 3372
f 3370 3359 3373
f 3358 3374 3371
f 3375 3354 3376
f 3360 3377 3374
f 3378 3379 3363
f 3380 3365 3364
f 3362 3381 3377
f 3363 3373 3359
f 3366 3382 3383
f 3384 3361 3375
f 3367 3385 3368
f 3352 3369 3382
f 3376 3353 3372
f 3368 3386 3356
f 3387 3373 3388
f 3371 3389 3390
f 3391 3376 3392
f 3374 3393 3389
f 3394 3395 3379
f 3396 3381 3380
f 3377 3397 3393
f 3379 3388 3373
f 3398 3382 3399
f 3400 3375 3391
f 3384 3401 3385
f 3399 3369 3402
f 3392 3372 3403
f 3385 3404 3386
f 3402 3370 3387
f 3372 3390 3403
f 3405 3392 3406
f 3389 3407 3408
f 3409 3410 3395
f 3411 3397 3396
f 3393 3412 3407
f 3395 3413 3388
f 3398 3414 3415
f 3416 3391 3405
f 3400 3417 3401
f 3399 3418 3414
f 3406 3403 3419
f 3401 3420 3404
f 3418 3387 3421
f 3403 3422 3419
f 3421 3388 3413
f 3390 3408 3422
f 3423 3412 3411
f 3407 3424 3425
f 3410 3426 3413
f 3415 3427 3428
f 3429 3405 3430
f 3416 3431 3417
f 3414 3432 3427
f 3406 3433 3434
f 3417 3435 3420
f 3432 3421 3436
f 3419 3437 3433
f 3436 3413 3426
f 3422 3438 3437
f 3430 3406 3434
f 3408 3425 3438
f 3439 3440 3410
f 3428 3441 3442
f 3443 3430 3444
f 3429 3445 3431
f 3427 3446 3441
f 3434 3447 3448
f 3431 3449 3435
f 3432 3450 3446
f 3433 3451 3447
f 3450 3426 3452
f 3437 3453 3451
f 3444 3434 3448
f 3438 3454 3453
f 3455 3456 3440
f 3457 3424 3423
f 3425 3458 3454
f 3440 3452 3426
f 3441 3459 3460
f 3448 3461 3462
f 3445 3463 3449
f 3446 3464 3459
f 3447 3465 3461
f 3464 3452 3466
f 3451 3467 3465
f 3444 3462 3468
f 3453 3469 3467
f 3470 3471 3456
f 3472 3458 3457
f 3454 3473 3469
f 3456 3466 3452
f 3442 3460 3474
f 3475 3444 3468
f 3443 3476 3445
f 3477 3464 3478
f 3461 3479 3480
f 3478 3466 3481
f 3465 3482 3479
f 3468 3483 3484
f 3467 3485 3482
f 3486 3487 3471
f 3488 3473 3472
f 3469 3489 3485
f 3471 3481 3466
f 3474 3490 3491
f 3492 3468 3484
f 3475 3493 3476
f 3460 3477 3490
f 3462 3480 3483
f 3493 3463 3476
f 3494 3481 3495
f 3479 3496 3497
f 3484 3498 3499
f 3482 3500 3496
f 3501 3502 3487
f 3503 3489 3488
f 3485 3504 3500
f 3487 3495 3481
f 3491 3505 3506
f 3507 3484 3499
f 3492 3508 3493
f 3490 3509 3505
f 3483 3510 3498
f 3493 3511 3512
f 3509 3478 3494
f 3480 3497 3510
f 3499 3513 3514
f 3515 3500 3516
f 3517 3518 3519
f 3520 3521 3522
f 3500 3521 3516
f 3519 3523 3524
f 3506 3525 3526
f 3527 3499 3514
f 3527 3528 3529
f 3525 3509 3530
f 3498 3531 3513
f 3529 3532 3533
f 3530 3494 3534
f 3510 3535 3531
f 3534 3495 3524
f 3535 3496 3515
f 3536 3205 3211
f 3537 3229 3200
f 3183 3238 3538
f 3537 3199 3237
f 3539 3540 3541
f 3542 3537 3543
f 3540 3204 3205
f 3544 3117 3545
f 3546 2032 3547
f 3028 3548 1741
f 3547 1771 1741
f 3548 3547 1741
f 3117 3549 3545
f 3549 3550 3243
f 3188 2035 3231
f 3540 3551 3541
f 3231 3187 3188
f 3536 3550 3178
f 3552 3545 3240
f 3202 3240 3195
f 3550 2609 3553
f 3178 3553 3176
f 3553 2321 3176
f 3549 3240 3545
f 3554 3555 3556
f 3557 3558 3559
f 3559 3560 3561
f 2896 3562 2971
f 2974 3563 3564
f 3565 2996 3566
f 3567 2996 2930
f 3568 3569 3570
f 2967 3570 3563
f 2930 3571 3567
f 2972 3572 3569
f 2893 3573 2891
f 3574 3562 3572
f 3569 3575 3576
f 3575 3562 3577
f 3565 3578 3573
f 3564 3579 3580
f 3581 3577 3562
f 3582 3566 3583
f 3584 3566 3567
f 3584 3571 3585
f 3570 3576 3586
f 3563 3586 3579
f 3586 3587 3588
f 3579 3588 3589
f 3587 3575 3590
f 3590 3577 3591
f 3582 3592 3578
f 3580 3589 3593
f 3594 3591 3577
f 3595 3583 3596
f 3584 3596 3583
f 3597 3585 3598
f 3599 3596 3600
f 3597 3600 3596
f 3601 3598 3602
f 3603 3587 3604
f 3589 3603 3605
f 3587 3606 3604
f 3590 3607 3606
f 3595 3608 3592
f 3593 3605 3609
f 3610 3591 3611
f 3612 3608 3599
f 3613 3605 3614
f 3615 3607 3610
f 3612 3600 3616
f 3601 3616 3600
f 3617 3602 3618
f 3619 3604 3620
f 3614 3603 3619
f 3604 3621 3620
f 3606 3622 3621
f 3623 3621 3624
f 3621 3625 3624
f 3612 3626 3627
f 3628 3614 3629
f 3630 3622 3615
f 3631 3616 3632
f 3617 3632 3616
f 3633 3618 3634
f 3635 3620 3623
f 3614 3635 3629
f 3636 3624 3625
f 3637 3625 3630
f 3638 3639 3640
f 3639 3641 3640
f 3642 3643 3644
f 3645 3646 3639
f 3647 3648 3646
f 3649 3650 3648
f 3651 3652 3653
f 3654 3655 3650
f 3656 3657 3655
f 3658 3657 3659
f 3659 3660 3661
f 1772 3033 3251
f 2064 3038 3257
f 3244 3662 3247
f 3247 3152 3244
f 3249 3663 3152
f 3167 3135 3164
f 3664 3665 3180
f 3192 3172 3171
f 3666 3631 3667
f 3246 3668 3254
f 3254 3116 3246
f 2321 3259 2350
f 3253 3256 3248
f 3258 3248 3256
f 3258 3669 3131
f 3165 3141 3159
f 3194 3670 3554
f 3556 3194 3554
f 3554 3166 3190
f 3154 3181 3156
f 3114 3252 3146
f 3163 3671 3173
f 3233 3672 3213
f 3212 3241 3211
f 3238 3673 3674
f 3674 3538 3238
f 3237 3543 3537
f 3675 3552 3202
f 3667 3632 3676
f 3677 3213 3214
f 3678 3218 3679
f 3680 3213 3681
f 3682 3222 3683
f 3679 3226 3684
f 3685 3221 3686
f 3683 3224 3232
f 3687 3216 3678
f 3686 3224 3223
f 3162 3688 3671
f 3655 3689 3690
f 3671 3189 3174
f 3650 3690 3691
f 3676 3633 3692
f 3634 3692 3633
f 3693 3629 3694
f 3694 3635 3695
f 3623 3695 3635
f 3653 3684 3226
f 3696 3697 3698
f 3699 3696 3698
f 3700 3202 3201
f 3701 3702 3651
f 3703 3704 3561
f 3705 3706 3703
f 3707 3708 3705
f 3709 3710 3707
f 3711 3712 3709
f 3517 3713 3714
f 3715 3716 3501
f 3717 3486 3470
f 3718 966 1555
f 3719 964 966
f 3720 965 964
f 3721 965 3722
f 3723 963 3721
f 3724 1135 3723
f 3725 962 3724
f 3726 3727 955
f 3726 815 974
f 3728 1067 944
f 3728 959 958
f 3729 943 1128
f 271 3730 337
f 3731 270 286
f 3732 745 746
f 3733 746 376
f 3734 377 451
f 3735 451 429
f 3736 429 447
f 3737 422 3736
f 3737 433 3738
f 3738 533 3739
f 3740 533 535
f 3741 570 3742
f 3743 558 582
f 3744 582 599
f 3745 592 3744
f 3746 616 3745
f 3746 658 3747
f 3747 677 3748
f 3749 670 3748
f 3749 710 703
f 3750 728 710
f 3751 737 3752
f 3753 727 3754
f 3753 702 709
f 3755 693 679
f 3755 651 669
f 3756 638 3757
f 3757 605 3758
f 3759 617 3758
f 3760 593 3759
f 3760 561 3761
f 3762 561 560
f 3763 427 526
f 3764 443 441
f 3765 441 440
f 3765 439 3766
f 3767 423 3766
f 3767 435 3768
f 3769 419 3768
f 3770 444 3771
f 3772 744 3770
f 3773 286 343
f 343 3774 3773
f 3775 1555 1603
f 3775 1613 1607
f 3776 1543 3777
f 3778 1550 3777
f 3778 1683 1549
f 3779 1699 1683
f 3780 1676 1725
f 3780 3267 1714
f 3781 3267 3782
f 3711 3783 3784
f 3785 3783 3786
f 1564 3719 3718
f 1563 3720 3719
f 949 3722 3720
f 806 3722 950
f 1137 3721 806
f 945 3723 1137
f 947 3724 945
f 974 3787 3726
f 955 3788 3726
f 958 3788 3728
f 944 3789 3728
f 3790 340 293
f 3791 342 345
f 3791 344 3792
f 3793 3732 743
f 3794 3732 3733
f 747 3795 3734
f 420 3734 3735
f 422 3735 3736
f 449 3736 447
f 426 3737 3738
f 428 3738 3739
f 527 3739 3740
f 558 3742 556
f 571 3743 573
f 592 3743 3744
f 599 3745 3744
f 636 3745 627
f 646 3747 650
f 650 3748 670
f 690 3748 677
f 715 3749 690
f 715 3751 3750
f 3796 3752 3797
f 705 3754 721
f 705 3798 3753
f 669 3798 3755
f 679 3756 3755
f 651 3757 647
f 647 3758 617
f 600 3758 605
f 583 3759 600
f 574 3761 569
f 3799 3761 3762
f 531 3800 3763
f 424 3800 3764
f 424 3765 514
f 514 3766 423
f 437 3766 439
f 421 3768 419
f 436 3768 435
f 368 3771 404
f 3801 3770 368
f 3792 3802 3803
f 3804 3805 3806
f 3807 3808 3805
f 3809 3810 3808
f 3811 3812 3813
f 3814 3815 3812
f 3816 3817 3815
f 3818 3819 3817
f 3820 3821 3819
f 3822 3821 3823
f 1607 3718 3775
f 1603 3824 3775
f 1546 3777 1550
f 1545 3777 1543
f 1545 3779 3778
f 1661 3825 3779
f 1714 3825 3780
f 1725 3782 3780
f 3277 3782 3278
f 3679 3704 3678
f 3678 3706 3687
f 3708 3687 3706
f 3710 3220 3708
f 3232 3712 3683
f 3501 3826 3715
f 3683 3784 3682
f 3784 3672 3682
f 3827 3828 3829
f 3533 3830 3714
f 3512 3713 3715
f 3831 1652 1651
f 3832 1659 1652
f 3833 1658 1659
f 1658 3834 1685
f 1685 3835 1701
f 1701 3836 1716
f 1716 3837 3269
f 3269 3838 3296
f 3296 3839 3312
f 3312 3840 3328
f 3328 3841 3348
f 3348 3842 3364
f 3364 3843 3380
f 3380 3844 3396
f 3396 3845 3411
f 3411 3846 3423
f 3423 3847 3457
f 3457 3848 3472
f 3472 3849 3488
f 3488 3850 3503
f 3503 3851 3522
f 3852 3829 3853
f 3672 3854 3209
f 3551 3178 3177
f 3670 3155 3166
f 3855 3169 3168
f 3541 3177 3113
f 3113 3539 3541
f 3114 3158 3136
f 3539 3187 3236
f 3173 3160 3163
f 3125 3169 3123
f 3187 3237 3236
f 3856 3230 3857
f 3856 3138 3543
f 3138 3542 3543
f 3164 3157 3186
f 3669 3155 3132
f 3121 3163 3160
f 3227 3137 3546
f 3663 3169 3140
f 3546 3858 3227
f 3673 3548 3859
f 3673 3148 3674
f 3160 3128 3121
f 3148 3860 3674
f 3860 3122 3538
f 3122 3184 3538
f 3185 3861 3862
f 3855 3863 3864
f 3151 3163 3120
f 3161 3126 3552
f 3126 3544 3552
f 3150 3184 3134
f 3170 3164 3186
f 3175 3159 3173
f 3146 3156 3114
f 3624 3865 3623
f 3866 3693 3694
f 3867 3694 3695
f 3239 3242 3228
f 3226 3868 3653
f 3210 3854 3869
f 3867 3865 3651
f 3869 3870 3210
f 3871 3183 3872
f 3872 3225 3871
f 3868 3866 3867
f 3185 3872 3183
f 3871 3217 3242
f 3242 3235 3215
f 3661 3698 3659
f 3698 3658 3659
f 3873 3874 3875
f 3876 3875 3877
f 3876 3878 3879
f 3879 3880 3881
f 3881 3882 3883
f 3883 3884 3885
f 3885 3886 3702
f 3702 3887 3652
f 3888 3889 3873
f 3885 3643 3890
f 3891 3873 3876
f 3892 3893 3894
f 3648 3691 3895
f 3895 3646 3648
f 3896 3888 3891
f 3891 3897 3896
f 3898 3899 3897
f 3900 3901 3899
f 3898 3876 3879
f 3898 3881 3900
f 3883 3900 3881
f 3902 3639 3646
f 3903 3642 3901
f 3890 3883 3885
f 3675 3904 3162
f 3198 3235 3685
f 3685 3203 3198
f 3686 3206 3203
f 3207 3223 3234
f 3212 3234 3680
f 3196 3680 3681
f 3197 3681 3677
f 3700 3699 3904
f 3661 3904 3699
f 3189 3661 3660
f 3660 3555 3189
f 3556 3656 3654
f 3654 3193 3556
f 3649 3191 3193
f 3192 3647 3645
f 3645 3664 3192
f 3864 3123 3855
f 3179 3863 3905
f 3168 3905 3855
f 3185 3906 3866
f 3907 3832 3831
f 3908 3833 3832
f 3909 3910 3833
f 3911 3834 3910
f 3834 3912 3835
f 3835 3913 3836
f 3696 3210 3870
f 3836 3914 3837
f 3837 3915 3838
f 3838 3916 3839
f 3839 3917 3840
f 3840 3918 3841
f 3841 3919 3842
f 3842 3920 3843
f 3843 3921 3844
f 3844 3922 3845
f 3845 3923 3846
f 3846 3924 3847
f 3847 3925 3848
f 3848 3926 3849
f 3849 3927 3850
f 3850 3928 3851
f 3652 3929 3684
f 3684 3930 3679
f 3201 3931 3700
f 3931 3208 3696
f 3932 3197 3677
f 3932 3214 3208
f 3933 3455 3439
f 3933 3404 3420
f 3934 3409 3394
f 3934 3356 3386
f 3935 3378 3346
f 3936 3346 3326
f 3936 3310 3937
f 3937 3294 3938
f 3420 3939 3933
f 3439 3940 3933
f 3386 3940 3934
f 3394 3941 3934
f 3339 3941 3935
f 3340 3935 3936
f 3340 3937 3319
f 3319 3938 3290
f 3939 3470 3455
f 3715 3463 3512
f 3938 3295 3781
f 3435 3717 3939
f 3290 3781 3277
f 3449 3826 3717
f 3867 3653 3868
f 3942 3665 3692
f 3638 3692 3665
f 3640 3676 3638
f 3640 3666 3667
f 3644 3636 3637
f 3701 3636 3643
f 3651 3943 3701
f 3944 3945 3946
f 3947 3948 3944
f 3949 3950 3947
f 3949 3880 3951
f 3951 3878 3952
f 3952 3877 3953
f 3954 3877 3875
f 3954 3955 3956
f 3946 3957 3557
f 3958 3513 3959
f 3960 3516 3961
f 3716 3519 3502
f 3522 3504 3503
f 3516 3962 3961
f 3502 3524 3495
f 3526 3963 3964
f 3965 3514 3958
f 3507 3529 3508
f 3525 3966 3963
f 3959 3531 3967
f 3508 3533 3511
f 3966 3534 3968
f 3967 3535 3969
f 3968 3524 3523
f 3969 3515 3960
f 3970 3714 3830
f 3511 3714 3713
f 3522 3971 3520
f 3851 3972 3971
f 3973 3827 3852
f 3974 3561 3560
f 3975 3952 3976
f 3704 3559 3561
f 3882 3947 3884
f 3929 3559 3930
f 3828 3786 3977
f 3887 3557 3929
f 3978 3707 3979
f 3977 3711 3980
f 3884 3944 3886
f 3956 3953 3954
f 3979 3705 3981
f 3980 3709 3978
f 3875 3982 3954
f 3983 3951 3975
f 3981 3703 3974
f 3869 3785 3827
f 3984 3952 3953
f 3886 3946 3887
f 3180 3985 3863
f 4 3 52
f 3986 8 1187
f 1187 12 1160
f 1160 15 1158
f 1156 15 18
f 1153 18 21
f 1189 21 24
f 1189 27 1184
f 1184 30 3987
f 3987 33 1181
f 1178 38 3988
f 1176 3989 39
f 1172 39 43
f 1168 43 46
f 53 3 50
f 55 50 56
f 59 56 60
f 63 60 64
f 67 69 68
f 68 74 72
f 77 74 78
f 63 112 67
f 3990 37 1178
f 177 99 175
f 93 103 165
f 83 87 149
f 3991 82 155
f 96 3992 102
f 105 119 117
f 107 3993 119
f 14 96 94
f 91 163 157
f 58 109 100
f 90 157 161
f 155 1533 1531
f 920 89 918
f 106 117 110
f 3992 97 172
f 172 98 177
f 104 109 62
f 170 100 113
f 92 165 163
f 42 3994 85
f 175 101 170
f 84 149 152
f 918 90 161
f 32 1532 1534
f 3803 346 3995
f 3996 346 1133
f 3997 3998 3999
f 4000 4001 4002
f 4003 4004 4005
f 4006 4002 4007
f 4005 291 285
f 295 3803 4008
f 4009 4005 4010
f 4010 285 283
f 4011 4007 3998
f 4012 296 4008
f 4013 4014 4015
f 4016 4017 3821
f 3819 4017 4018
f 3817 4018 4019
f 4019 3815 3817
f 374 4020 313
f 4021 374 316
f 4022 348 4012
f 308 352 311
f 308 306 301
f 301 298 302
f 300 302 298
f 293 4023 3790
f 280 343 286
f 370 3801 368
f 300 338 4023
f 339 299 303
f 33 1534 1535
f 4024 47 4025
f 4025 48 4026
f 4026 84 4027
f 1533 31 88
f 4028 153 4029
f 1526 219 220
f 1525 220 252
f 275 289 347
f 276 290 289
f 4030 3812 3815
f 4031 1133 288
f 272 345 342
f 1528 894 988
f 920 1530 1531
f 923 160 200
f 923 1529 922
f 4032 3998 4013
f 988 984 989
f 151 4015 4014
f 1172 1170 1173
f 1185 1181 1183
f 1206 4033 1213
f 4034 1223 1216
f 1254 4035 1263
f 1267 4036 1273
f 1300 1263 1304
f 1267 1310 1306
f 1300 1322 1316
f 1306 1328 1323
f 1316 1358 1352
f 1323 1362 1359
f 1359 1372 1398
f 1352 1383 1394
f 1382 1433 1383
f 1428 1372 1389
f 1451 1401 1428
f 4037 1432 1433
f 4038 1455 1432
f 1451 1463 1414
f 4039 1524 1499
f 1471 1461 1496
f 1460 1487 1474
f 1463 1470 1458
f 1441 1478 1482
f 4040 1499 1492
f 1455 1492 1503
f 4041 3813 3812
f 1181 1535 3990
f 4042 46 4024
f 1531 88 920
f 4027 152 4028
f 4043 1114 741
f 4044 4013 4015
f 4045 297 336
f 282 341 280
f 336 4046 4045
f 407 313 4020
f 4047 3806 4048
f 4012 3996 4022
f 407 353 352
f 741 4049 4043
f 3996 4050 4022
f 4051 740 1112
f 1112 4052 4051
f 4053 748 745
f 4023 3730 3731
f 3790 3731 3773
f 3773 4046 3790
f 4045 3774 3791
f 3791 295 4045
f 4054 288 290
f 4008 3995 4012
f 4055 745 4056
f 4056 4057 4055
f 4058 3793 742
f 4059 742 3772
f 3772 4060 4059
f 4061 4060 3801
f 4031 350 4050
f 4062 4063 4064
f 4031 4065 351
f 4001 128 4066
f 3810 4067 4068
f 4068 3808 3810
f 4002 4066 1125
f 4069 3805 3808
f 4070 3806 3805
f 4007 1125 4071
f 4072 4073 4074
f 4075 4048 3806
f 4076 4077 4078
f 4078 4079 4076
f 4080 4081 4079
f 4082 4083 4072
f 4082 4074 4084
f 4085 3789 3729
f 4086 4087 4088
f 143 4003 4009
f 144 4089 4003
f 4090 4091 4092
f 4093 137 4094
f 4095 4088 4096
f 4097 4098 4091
f 4099 4100 4101
f 4102 4096 4103
f 4104 4103 4100
f 4105 4106 4107
f 4108 4109 4110
f 4107 4101 4105
f 4095 4108 4110
f 4102 4111 4095
f 4112 4084 4113
f 4114 4072 4083
f 4112 4081 4082
f 4115 4079 4081
f 4116 4094 4000
f 4000 4117 4116
f 4118 4076 4079
f 4119 4048 4076
f 4120 4121 4122
f 4123 4124 4121
f 247 256 4125
f 246 4125 4126
f 252 4126 4127
f 4127 1525 252
f 4128 917 1525
f 4129 917 4130
f 4131 4122 4132
f 1056 4133 1052
f 4134 4135 1056
f 4136 738 244
f 262 242 239
f 4137 244 242
f 4138 4134 738
f 4139 4140 4124
f 4141 257 4140
f 4142 4143 257
f 4132 4114 4131
f 4144 4145 4114
f 4146 4073 4145
f 4044 150 148
f 4074 4147 4148
f 4109 4088 4110
f 4149 4097 4090
f 4096 4087 4150
f 4151 4152 4097
f 4101 4153 4154
f 4103 4150 4155
f 4100 4155 4153
f 4156 4152 4105
f 4105 4154 4156
f 4157 4102 4104
f 4158 4006 4011
f 4159 4011 3997
f 349 3997 4160
f 4160 4161 349
f 4092 4162 4090
f 4163 4104 4099
f 4164 4099 4107
f 4107 4165 4164
f 4166 4108 1132
f 4106 4167 4165
f 4168 4165 4167
f 4073 4169 4147
f 240 4170 817
f 243 1054 4170
f 259 1047 264
f 241 4143 239
f 4140 259 263
f 1054 739 1143
f 4122 888 885
f 4121 898 888
f 4132 885 893
f 4124 263 898
f 4169 931 904
f 4171 1527 931
f 1141 1053 1097
f 1143 1051 1141
f 1528 4146 4144
f 4144 893 1528
f 904 816 957
f 4163 1129 4157
f 4014 153 151
f 1127 4029 153
f 3998 4071 4013
f 137 4001 4094
f 4084 4148 4172
f 4173 4174 4063
f 351 4159 349
f 4174 4059 4060
f 4092 4058 4059
f 4158 4065 4054
f 4054 4117 4158
f 4091 4057 4058
f 4098 4055 4057
f 4175 290 279
f 4156 4053 4055
f 4175 4116 4117
f 4052 4154 4153
f 279 4176 4175
f 4177 278 277
f 4004 277 291
f 4093 4176 4177
f 4177 4089 4093
f 4051 4153 4155
f 4049 4155 4150
f 4150 4043 4049
f 4178 4043 4087
f 4063 4179 4064
f 3813 4180 3811
f 998 4181 4182
f 4183 994 4184
f 4185 4184 4186
f 4187 4185 4188
f 4189 4188 4190
f 4191 4190 4192
f 4193 4192 4194
f 1090 4194 4195
f 1072 4196 4195
f 4188 4186 1002
f 4182 4197 994
f 4194 1004 1005
f 4195 1005 1072
f 4184 996 1007
f 4190 1002 1003
f 4192 1003 1004
f 4186 1007 914
f 993 4198 1072
f 4063 4060 4199
f 4200 4201 4202
f 4090 4200 4149
f 4203 4162 4173
f 4204 4173 4062
f 4202 4149 4200
f 4205 4151 4149
f 4157 1130 4206
f 4206 1131 4111
f 4111 1132 4108
f 4164 1128 4163
f 4164 4085 3729
f 1124 1132 1122
f 957 4085 4168
f 4172 4207 4208
f 4209 4210 4211
f 4167 4212 4168
f 4213 4214 4210
f 4168 4147 4169
f 4213 4215 4160
f 3999 4160 3997
f 4212 4148 4147
f 957 4169 904
f 4207 4205 4202
f 4071 1127 4014
f 4202 4208 4207
f 4211 915 4129
f 927 4210 4214
f 4214 924 927
f 4216 921 924
f 154 4217 4218
f 4218 3991 154
f 80 4219 4220
f 4220 35 80
f 36 4221 4222
f 38 4222 4223
f 4131 4083 4080
f 4080 4120 4131
f 4078 4123 4120
f 4139 4077 4075
f 4141 4075 4070
f 4142 4070 4069
f 261 4069 4068
f 1496 1522 1485
f 1442 1523 1441
f 1442 4224 4225
f 4224 1373 4226
f 4226 1345 4227
f 1336 4227 1345
f 1294 4228 1336
f 1244 4229 1294
f 1244 4230 4231
f 4232 4233 1194
f 4234 1179 4235
f 4223 3988 38
f 4068 262 261
f 4137 4067 4041
f 4136 4041 4030
f 4138 4030 4019
f 4019 4236 4138
f 4018 4135 4236
f 4017 4133 4135
f 1474 1453 1460
f 4225 1519 1523
f 1418 4040 4038
f 4216 3999 4032
f 4032 4217 4216
f 4218 4044 148
f 148 4219 4218
f 1126 128 127
f 1126 120 4029
f 4029 3993 4028
f 1490 4237 1491
f 1491 1486 1489
f 4237 1484 1491
f 1476 1495 4237
f 1475 1472 1476
f 1488 1517 1475
f 1515 1508 1513
f 1510 1513 1508
f 1493 1510 1469
f 1494 1469 1505
f 1504 1505 1465
f 1467 1504 1465
f 1483 1498 1467
f 1477 1483 1518
f 4224 1457 4225
f 1435 4226 1375
f 4226 1344 1375
f 1344 4228 1335
f 4229 1335 4228
f 4231 1293 4229
f 4238 4231 4230
f 1190 4234 4239
f 4239 4235 1175
f 3989 4240 4223
f 4223 40 3989
f 4222 4241 40
f 3994 4221 4220
f 4220 86 3994
f 4028 108 4027
f 76 4027 108
f 4026 77 4025
f 4025 78 4024
f 79 4024 78
f 1233 1169 1163
f 1215 1233 1234
f 1265 4242 1283
f 1283 1305 1265
f 1305 1334 1321
f 1340 1321 1334
f 1370 1357 1340
f 4037 1370 1408
f 1408 4038 4037
f 4172 4113 4084
f 4203 4243 4201
f 4201 4244 4208
f 4208 4245 4172
f 4199 4246 4179
f 4247 4061 370
f 369 409 4248
f 453 4249 454
f 744 3794 444
f 461 454 406
f 494 4250 493
f 464 4247 4248
f 701 1111 509
f 403 501 372
f 509 700 701
f 3795 376 377
f 3771 446 3769
f 445 3733 3795
f 404 3769 436
f 370 4248 4247
f 413 4251 4252
f 414 4252 458
f 458 411 414
f 408 515 455
f 409 455 492
f 4248 492 464
f 4179 4253 4022
f 4254 4246 4247
f 4022 4064 4179
f 4050 4062 4064
f 4161 4062 350
f 4215 4204 4161
f 4209 4243 4215
f 4244 4211 4245
f 4129 4245 4211
f 382 4249 378
f 454 381 406
f 452 463 4250
f 4020 406 407
f 4255 486 4251
f 460 487 467
f 4256 4250 463
f 456 467 516
f 465 470 493
f 466 493 4250
f 457 516 470
f 486 4252 4251
f 4255 543 521
f 4257 581 553
f 4258 580 581
f 4259 625 580
f 4260 633 625
f 4261 656 633
f 4262 675 656
f 4263 688 675
f 4264 714 688
f 4265 733 714
f 725 733 724
f 4254 466 4256
f 4021 348 4253
f 4254 4021 4253
f 463 4021 4256
f 726 736 716
f 718 4266 726
f 729 730 734
f 718 4267 4268
f 719 4267 720
f 694 724 4265
f 4265 680 694
f 4264 681 680
f 4263 639 681
f 4262 607 639
f 608 4261 4260
f 4259 608 4260
f 4258 585 4259
f 4258 564 563
f 4269 418 544
f 416 4255 4251
f 4113 4130 4112
f 4115 4130 4128
f 4118 4128 4127
f 4119 4127 4126
f 4047 4126 4125
f 3804 4125 256
f 256 3807 3804
f 255 3809 3807
f 254 4180 3809
f 3811 253 233
f 233 3814 3811
f 234 3816 3814
f 232 3818 3816
f 231 3820 3818
f 236 3823 3820
f 237 3822 3823
f 1033 1147 991
f 1025 990 992
f 4270 1037 1028
f 1030 1036 1025
f 1077 1020 1075
f 1103 4270 1108
f 1032 1108 1147
f 982 1077 4271
f 1075 4271 1077
f 1018 897 1092
f 1074 1092 1091
f 4272 1059 4273
f 4274 1060 4275
f 4276 1060 892
f 4276 4277 4275
f 4278 4279 4272
f 4274 4277 4280
f 4281 4277 4282
f 4283 4284 4278
f 4280 4285 4286
f 4198 4287 4196
f 4288 4289 1091
f 1070 4290 1071
f 4291 1071 4290
f 1069 4292 1070
f 4293 1091 4289
f 889 4284 4294
f 4284 264 4279
f 4281 4295 4296
f 892 4297 4276
f 4297 4282 4276
f 264 1059 4279
f 886 4294 4298
f 887 4298 983
f 4299 982 4300
f 1138 4301 4302
f 984 4303 4304
f 4305 4306 4307
f 4308 4309 4310
f 4311 4290 4312
f 4313 4314 4315
f 4316 4317 4318
f 4286 4319 4320
f 983 4321 4303
f 4322 4323 4324
f 4325 4326 4327
f 4323 4328 4324
f 4293 4329 4301
f 4330 4331 4326
f 4332 4315 4333
f 4334 4335 4305
f 4300 4271 4336
f 4337 4338 4339
f 4340 4341 4342
f 4343 4344 4345
f 4325 4346 4347
f 4348 4349 4350
f 4351 4352 4316
f 4353 4354 4323
f 4355 4348 4350
f 4356 4357 4335
f 4347 4330 4325
f 4358 4313 4332
f 4359 4306 4360
f 4361 4362 4363
f 4362 4364 4363
f 4365 4366 4330
f 4335 4360 4306
f 4337 4346 4367
f 4368 4323 4369
f 4340 4364 4370
f 4371 4359 4372
f 4373 4374 4313
f 4316 4375 4351
f 4376 4353 4368
f 4377 4364 4378
f 4372 4379 4380
f 4381 4349 4373
f 4351 4382 4383
f 4345 4384 4385
f 4386 4346 4387
f 4350 4388 4389
f 4383 4390 4351
f 4391 4344 4353
f 4392 4350 4389
f 4393 4394 4357
f 4347 4395 4365
f 4396 4373 4358
f 4379 4360 4397
f 4398 4363 4399
f 4399 4364 4400
f 4395 4375 4365
f 4357 4397 4360
f 4355 4387 4346
f 4401 4402 4403
f 4404 4405 4406
f 4407 4408 4409
f 4410 4411 4412
f 4413 4414 4415
f 4416 4417 4418
f 4419 4420 4402
f 4421 4422 4423
f 4424 4425 4414
f 4426 4407 4409
f 4427 4404 4406
f 4428 4429 4430
f 4431 4432 4428
f 4433 4434 4435
f 4436 4437 4438
f 4437 4439 4438
f 4440 4433 4441
f 4421 4442 4443
f 4444 4445 4446
f 4447 4411 4448
f 4449 4450 4451
f 4452 4453 4454
f 4455 4456 4457
f 4449 4458 4459
f 4460 4461 4462
f 4463 4464 4465
f 4466 4467 4468
f 4469 4470 4450
f 4464 4471 4465
f 4472 4473 4474
f 4475 4476 4466
f 4477 4478 4479
f 4462 4467 4460
f 4476 4480 4467
f 4481 4482 4476
f 4483 4471 4455
f 4454 4484 4485
f 4485 4486 4454
f 4487 4450 4488
f 4489 4465 4490
f 4491 4492 4473
f 4478 4493 4494
f 4495 4496 4497
f 4492 4498 4473
f 4451 4499 4458
f 4500 4501 4486
f 4502 4503 4470
f 4453 4504 4484
f 4505 4455 4506
f 4507 4467 4480
f 4479 4494 4508
f 4415 4391 4376
f 4414 4384 4391
f 4385 4425 4509
f 4396 4509 4403
f 4403 4381 4396
f 4402 4388 4381
f 4389 4420 4510
f 999 4182 4183
f 1001 4183 4185
f 1058 1082 1078
f 1078 4273 1058
f 1057 1100 1082
f 1105 1085 1104
f 4195 4288 1090
f 1055 1062 1044
f 1096 1148 1142
f 1142 1110 1055
f 1065 4511 998
f 1050 1001 4187
f 903 4187 4189
f 896 4189 4191
f 897 4191 4193
f 1092 4193 1090
f 4274 4273 1080
f 4280 4272 4274
f 4286 4278 4280
f 4196 4512 4288
f 4343 4333 4513
f 4352 4342 4317
f 4345 4332 4343
f 4390 4340 4352
f 4514 4378 4390
f 4385 4358 4345
f 4444 4403 4509
f 4515 4418 4422
f 4516 4458 4499
f 4490 4471 4517
f 4450 4503 4488
f 4460 4497 4496
f 4389 4410 4392
f 4412 4392 4410
f 4443 4518 4519
f 4520 4445 4521
f 4522 4523 4524
f 4447 4525 4526
f 4527 4528 4529
f 4525 4442 4526
f 4524 4530 4435
f 4431 4531 4448
f 4532 4521 4533
f 4534 4439 4535
f 4536 4430 4528
f 4537 4529 4446
f 4519 4534 4535
f 4538 4412 4411
f 4387 4427 4386
f 4406 4386 4427
f 4406 4382 4395
f 4383 4405 4423
f 4423 4514 4383
f 4539 4540 4437
f 4377 4422 4418
f 4541 4501 4478
f 4473 4542 4474
f 4423 4543 4421
f 4506 4457 4544
f 4545 4510 4432
f 4546 4539 4437
f 4418 4400 4377
f 4547 4434 4548
f 4400 4539 4399
f 4509 4549 4444
f 4510 4429 4432
f 4399 4550 4398
f 4551 4548 4440
f 4409 4552 4426
f 4408 4394 4409
f 4379 4408 4547
f 4380 4547 4551
f 4553 4496 4502
f 4454 4554 4452
f 4486 4555 4554
f 4491 4459 4458
f 4555 4556 4554
f 4557 4498 4453
f 4554 4558 4452
f 4558 4557 4452
f 4559 4542 4557
f 4474 4560 4561
f 4472 4561 4562
f 4563 4472 4562
f 4459 4564 4449
f 4564 4469 4449
f 4565 4566 4469
f 4553 4567 4568
f 4502 4566 4553
f 4568 4461 4553
f 4462 4569 4570
f 4570 4468 4462
f 4466 4571 4572
f 4466 4573 4475
f 4574 4575 4576
f 4577 4464 4574
f 4457 4577 4578
f 4457 4579 4544
f 4580 4541 4477
f 4581 4555 4541
f 4582 4571 4570
f 4583 4584 4581
f 4505 4532 4585
f 4586 4570 4569
f 4586 4568 4587
f 4506 4508 4505
f 4588 4589 4590
f 4591 4592 4593
f 4477 4579 4580
f 4594 4589 4595
f 4596 4595 4597
f 4598 4562 4597
f 4589 4599 4595
f 4544 4479 4506
f 4600 4601 4589
f 4601 4602 4599
f 4592 4588 4583
f 4584 4590 4556
f 4556 4594 4558
f 4559 4594 4596
f 4603 4604 4582
f 4605 4591 4593
f 4597 4599 4598
f 4578 4583 4579
f 4577 4592 4578
f 4591 4603 4601
f 4596 4560 4559
f 4573 4606 4576
f 4593 4574 4605
f 4606 4607 4605
f 4599 4608 4598
f 4572 4604 4606
f 4602 4587 4608
f 4603 4586 4602
f 4564 4598 4608
f 4597 4561 4596
f 4567 4587 4568
f 4565 4608 4587
f 4609 4430 4610
f 4611 4428 4609
f 4612 4435 4530
f 4436 4613 4614
f 4438 4615 4613
f 4441 4612 4585
f 4443 4616 4617
f 4446 4618 4537
f 4619 4448 4531
f 4443 4515 4421
f 4424 4445 4549
f 4620 4524 4407
f 4447 4404 4538
f 4529 4419 4401
f 4526 4543 4404
f 4407 4435 4434
f 4545 4448 4411
f 4413 4521 4424
f 4535 4540 4416
f 4528 4429 4419
f 4446 4401 4444
f 4519 4416 4515
f 4537 4493 4500
f 4527 4500 4485
f 4485 4536 4527
f 4484 4610 4536
f 4609 4504 4492
f 4609 4516 4611
f 4499 4611 4516
f 4531 4487 4619
f 4488 4619 4487
f 4488 4616 4525
f 4617 4503 4495
f 4497 4617 4495
f 4518 4507 4534
f 4480 4534 4507
f 4613 4480 4482
f 4614 4482 4621
f 4490 4622 4489
f 4517 4523 4490
f 4530 4483 4612
f 4585 4483 4505
f 4508 4520 4532
f 4494 4618 4520
f 4371 4623 4624
f 4625 4362 4626
f 4337 4627 4348
f 4628 4307 4336
f 4327 4367 4325
f 4318 4366 4316
f 4551 4376 4380
f 4315 4321 4629
f 4318 4630 4311
f 4513 4354 4343
f 4627 4374 4348
f 4322 4631 4632
f 4327 4633 4310
f 4324 4319 4631
f 4440 4415 4551
f 4634 4370 4362
f 4326 4312 4633
f 4333 4629 4635
f 4334 4628 4636
f 4624 4307 4306
f 4339 4309 4304
f 4342 4329 4637
f 4513 4635 4320
f 4317 4637 4630
f 4638 4300 4623
f 4302 4634 4625
f 4304 4627 4339
f 4310 4338 4327
f 4318 4312 4331
f 4320 4328 4513
f 4303 4314 4627
f 4301 4341 4634
f 4623 4336 4307
f 4576 4475 4573
f 1139 4336 4271
f 4413 4441 4533
f 4629 4298 4294
f 4291 4630 4287
f 4296 4631 4281
f 4308 4633 4292
f 4631 4285 4281
f 4533 4585 4532
f 4292 4312 4290
f 4635 4294 4283
f 1140 4628 1139
f 4304 989 984
f 4512 4329 4289
f 4320 4283 4286
f 4287 4637 4512
f 4605 4576 4606
f 4579 4581 4580
f 4481 4575 4463
f 4621 4463 4489
f 4489 4614 4621
f 4436 4622 4522
f 4522 4546 4436
f 4550 4620 4426
f 4398 4426 4552
f 4361 4552 4393
f 4393 4626 4361
f 4625 4356 4334
f 4625 4636 4302
f 1140 4302 4636
f 1140 1073 1138
f 1017 1076 1022
f 1022 1013 1017
f 1021 1008 1013
f 4368 4380 4376
f 4372 4369 4371
f 4638 4369 4322
f 4638 4632 4299
f 4632 981 4299
f 979 4296 4295
f 4639 4295 4297
f 4639 891 880
f 880 901 883
f 883 900 987
f 987 268 877
f 877 267 882
f 873 267 1048
f 4640 1048 1144
f 985 1144 1088
f 1026 1019 1008
f 1024 1014 1019
f 1023 1146 1014
f 1098 1031 1109
f 1109 1010 1098
f 1027 4641 1010
f 3986 1151 2
f 1224 1154 1231
f 1217 1152 1224
f 1209 1155 1217
f 1200 1157 1209
f 1161 1150 1228
f 1163 4642 1233
f 65 1166 70
f 1162 1227 4642
f 1170 1214 4033
f 1227 1166 1165
f 1171 1205 1191
f 1212 1174 1202
f 1175 1191 4239
f 1202 1177 1235
f 1177 1228 1235
f 1180 4232 1193
f 1183 1536 1221
f 1186 4034 1207
f 1232 1159 1200
f 1197 1186 1207
f 1231 1188 1197
f 1180 3990 1178
f 1173 4033 1205
f 1185 1221 4034
f 4235 3988 4240
f 1175 4240 4643
f 1163 4042 79
f 4644 4645 4646
f 4647 4648 4649
f 4650 4644 4651
f 4650 4647 4649
f 4652 4653 4650
f 4652 4651 4654
f 4655 4656 4652
f 4657 4652 4654
f 4658 4659 4655
f 4660 4655 4657
f 4661 4662 4658
f 4663 4658 4660
f 4664 4665 4661
f 4666 4661 4663
f 4667 4668 4664
f 4669 4664 4666
f 4670 4667 4671
f 4671 4669 4672
f 4673 4671 4674
f 4674 4672 4675
f 4676 4677 4678
f 4678 4679 4680
f 4681 4682 4683
f 4684 4682 4685
f 4686 4685 4681
f 4687 4685 4688
f 4689 4688 4686
f 4690 4687 4688
f 4691 4692 4693
f 4694 4695 4696
f 4697 4694 4696
f 4698 4691 4693
f 4699 4700 4697
f 4701 4702 4698
f 4703 4704 4699
f 4705 4706 4701
f 4707 4708 4709
f 4710 4711 4712
f 4713 4707 4714
f 4715 4716 4710
f 4717 4713 4714
f 4718 4719 4715
f 4720 4721 4676
f 4722 4723 4724
f 4725 4687 4722
f 4725 4726 4727
f 4728 4670 4673
f 4729 4730 4670
f 4731 4730 4732
f 4733 4668 4731
f 4734 4665 4733
f 4735 4662 4734
f 4736 4656 4737
f 4738 4695 4647
f 4739 4696 4695
f 4736 4647 4653
f 4740 4697 4741
f 4741 4696 4742
f 4735 4743 4737
f 4744 4709 4745
f 4746 4707 4744
f 4747 4714 4746
f 4748 4749 4745
f 4708 4703 4709
f 4712 4750 4705
f 4740 4751 4748
f 4752 4751 4753
f 4754 4749 4752
f 4755 4756 4754
f 4757 4758 4755
f 4759 4760 4761
f 4762 4763 4764
f 4765 4766 4763
f 4767 4764 4760
f 4768 4767 4759
f 4769 4762 4767
f 4770 4765 4762
f 4771 4772 4765
f 4773 4769 4768
f 4774 4775 4776
f 4777 4770 4769
f 4778 4771 4770
f 4775 4771 4779
f 141 4777 4773
f 4775 143 4776
f 142 4778 4777
f 146 4778 145
f 147 4779 146
f 4780 4781 4726
f 4782 4783 4784
f 4784 4785 4786
f 4787 4788 4789
f 4790 4791 4792
f 4793 4794 4795
f 4796 4797 4790
f 4792 4794 4798
f 4799 4800 4796
f 4801 4743 4802
f 4803 4804 4805
f 4801 4806 4807
f 4808 4805 4809
f 4810 4811 4804
f 4812 4809 4806
f 4751 4813 4753
f 4814 4802 4743
f 4761 4815 4759
f 4759 4816 4768
f 4768 4817 4773
f 4773 183 141
f 4818 4819 4820
f 4821 4820 4822
f 4823 4824 4825
f 4823 4826 4827
f 4828 4822 4824
f 4829 4830 4815
f 4831 4832 4833
f 4834 4835 4831
f 4836 4832 4837
f 4838 4839 4834
f 4840 4841 4838
f 4842 4827 4826
f 4843 4823 4827
f 4827 4844 4843
f 4845 4818 4821
f 4846 4830 4818
f 4847 4833 4848
f 4849 4831 4847
f 4848 4836 4850
f 4851 4834 4849
f 4852 4821 4828
f 4850 4853 4854
f 4844 4838 4851
f 4855 4828 4823
f 4815 4856 4816
f 4816 4857 4817
f 4817 222 183
f 4858 4855 4843
f 4859 4852 4855
f 4860 4845 4852
f 4861 4862 4846
f 4863 4860 4864
f 4862 4856 4846
f 4865 4859 4858
f 4866 227 4862
f 4864 4859 4867
f 4868 4866 4861
f 4869 235 4866
f 4870 4871 4872
f 4873 4874 4870
f 4875 4876 4873
f 4877 4848 4850
f 4878 4847 4879
f 4879 4848 4880
f 4881 4851 4882
f 4877 4854 4883
f 4882 4849 4878
f 4884 4882 4885
f 4885 4878 4886
f 4886 4879 4887
f 4843 4881 4858
f 4881 4865 4858
f 4888 4889 4890
f 4888 4891 4872
f 4892 4871 4893
f 4894 4895 4890
f 4896 4897 4898
f 4899 269 271
f 4900 4901 4902
f 4903 4904 4900
f 4905 4904 4906
f 4907 4906 4904
f 4908 4909 4910
f 4908 283 284
f 4911 4910 4912
f 4913 4914 4909
f 4913 284 269
f 4915 4916 4917
f 4912 4901 4905
f 4918 4919 4920
f 4921 4922 4923
f 4924 4925 4926
f 4919 4927 4928
f 4929 303 305
f 4929 4930 4925
f 4928 4931 4932
f 4933 305 310
f 4933 4934 4930
f 4932 4935 4936
f 4937 310 315
f 4938 4939 4940
f 4941 4940 4942
f 4943 4944 4945
f 4946 4947 4948
f 4949 4950 4946
f 4951 4920 4919
f 4928 4951 4919
f 4932 4952 4928
f 4936 4953 4932
f 4954 4936 4938
f 4955 4938 4940
f 4956 4941 4942
f 4957 4956 4922
f 4958 4950 4957
f 337 4959 4960
f 4947 4961 4943
f 4962 4902 4963
f 4903 4964 4965
f 4964 4966 4965
f 4922 4942 4967
f 4968 4969 4970
f 4937 4971 4934
f 4972 315 354
f 4949 4973 4941
f 4973 4955 4941
f 4974 4975 4953
f 4944 4976 4977
f 4978 4946 4979
f 4951 4980 4976
f 4945 4977 4981
f 4974 4982 4983
f 4979 4948 4984
f 4985 4954 4955
f 4953 4980 4952
f 4986 354 367
f 4987 4988 4989
f 4990 4991 4992
f 4936 4993 4938
f 4939 4942 4940
f 4948 4943 4945
f 4920 4961 4918
f 4948 4981 4984
f 4992 4994 4995
f 4996 378 380
f 4997 367 382
f 4983 4998 4999
f 5000 4979 5001
f 5002 4982 4985
f 4978 5003 4973
f 4977 5004 5005
f 4980 5004 4976
f 5003 4985 4973
f 5006 4984 4981
f 4975 5007 4980
f 4981 5005 5006
f 4983 5008 4975
f 5001 4984 5009
f 5010 5006 5011
f 5012 5009 5010
f 5013 5011 5014
f 5015 5010 5013
f 5011 5005 5004
f 5001 5003 5000
f 5012 5002 5003
f 5015 4998 5002
f 5013 4999 5015
f 5014 5008 5013
f 5004 5014 5011
f 4991 5016 4994
f 5017 5018 4991
f 5019 5020 4987
f 5021 4986 4997
f 5019 5022 5023
f 5022 5024 5023
f 5025 5026 5027
f 5027 5028 5029
f 5029 5030 5031
f 5032 5033 5034
f 5035 5036 5032
f 5037 5038 5039
f 5040 5039 5041
f 5042 5043 5044
f 5045 5046 5047
f 5048 5019 5023
f 5049 5023 5024
f 5050 5024 5025
f 5029 5051 5027
f 5031 5052 5029
f 5053 5054 5055
f 5044 5056 5057
f 5058 5059 5046
f 5060 4992 4995
f 5061 5062 5063
f 5064 5065 5066
f 5067 5068 5069
f 5070 5071 5072
f 5073 5074 5075
f 5076 5077 5078
f 5079 5080 5081
f 5082 5078 5083
f 5084 5081 5085
f 5086 5083 5087
f 5088 5085 5089
f 482 5087 481
f 483 5088 5089
f 5067 5090 5091
f 5092 5093 5076
f 5094 5076 5082
f 5095 5082 5086
f 491 5086 482
f 5066 5096 5073
f 5097 5081 5080
f 5085 5098 5061
f 5085 4996 5089
f 380 5089 4996
f 5099 5044 5100
f 5101 5102 5058
f 5100 5057 5103
f 4992 5099 4990
f 4990 5104 5105
f 5106 5099 5100
f 5103 5106 5100
f 5103 5107 5108
f 5109 5110 5101
f 5111 5106 5108
f 5112 5104 5106
f 5113 5114 5115
f 5105 5116 5117
f 5118 5107 5109
f 5119 5025 5024
f 5120 5035 5038
f 5051 5025 5027
f 5102 5056 5059
f 5069 5121 5064
f 5078 5122 5079
f 5083 5079 5084
f 5087 5084 5088
f 481 5088 484
f 5110 5057 5102
f 5101 5123 5109
f 5124 5108 5107
f 5125 5109 5123
f 5090 5126 5127
f 5092 5128 5126
f 5091 5127 5129
f 5130 5131 5123
f 5130 5058 5045
f 5095 529 5132
f 5094 5132 5128
f 5133 5041 5134
f 668 5118 5125
f 5135 5136 5031
f 5127 5137 5138
f 5139 5047 5140
f 5141 5142 5143
f 5128 5144 5145
f 5146 5123 5131
f 5126 5145 5137
f 5147 5045 5139
f 5127 5148 5129
f 5031 5149 5135
f 5150 5151 5152
f 5153 5154 5150
f 5155 5143 5142
f 5156 5157 5158
f 5159 5160 5161
f 5162 5163 5164
f 5164 5165 5162
f 5166 5151 5157
f 5167 5168 5169
f 5168 5170 5159
f 5171 5172 5173
f 5169 5159 5174
f 5175 5176 5171
f 5177 5178 5179
f 5154 5180 5151
f 5177 5181 5154
f 5167 5155 5142
f 5157 5182 5158
f 5183 5159 5161
f 5184 5185 5162
f 5162 5186 5184
f 5151 5187 5157
f 5169 5188 5167
f 5189 5190 5191
f 5190 5174 5192
f 5193 5175 5194
f 5179 5195 5196
f 5181 5197 5180
f 5181 5196 5198
f 5188 5199 5167
f 5182 5200 5201
f 5202 5174 5183
f 5203 5184 5204
f 5186 5204 5184
f 5205 603 5206
f 5187 5197 5200
f 5207 5204 5208
f 5204 5209 5208
f 5205 609 5210
f 5200 5211 5212
f 5191 5213 5189
f 5191 5192 5214
f 609 5215 5210
f 5216 5193 5194
f 5196 5217 5218
f 620 5215 615
f 5197 5219 5211
f 5198 5218 5219
f 5220 5188 5189
f 5201 5212 5221
f 5222 5192 5202
f 5218 5223 5224
f 5225 630 5220
f 5211 5226 5227
f 5219 5224 5226
f 5225 5189 5213
f 5221 5228 5229
f 5230 5222 5231
f 5232 5207 5208
f 5208 5233 5232
f 640 5220 630
f 5212 5227 5228
f 5234 5235 5236
f 5235 5214 5230
f 5237 645 5199
f 5238 5216 5239
f 5236 5230 5240
f 5199 649 5155
f 5241 5239 5242
f 5224 5243 5244
f 5155 5245 5246
f 5227 5247 5248
f 5226 5244 5247
f 5215 5213 5234
f 5229 5249 5250
f 5240 5231 5251
f 5252 5253 5232
f 5233 5252 5232
f 5228 5248 5249
f 5236 5254 5234
f 5254 5255 5256
f 5257 5240 5258
f 696 5116 5112
f 5259 5241 5242
f 5244 5260 5261
f 5248 5262 5263
f 5247 5261 5262
f 5210 5234 5254
f 5250 5264 5265
f 5258 5251 5266
f 5267 5268 5252
f 5252 5269 5267
f 5111 682 683
f 5249 5263 5264
f 5261 5270 5271
f 5263 5272 5273
f 5262 5271 5272
f 5256 5210 5254
f 5265 5274 5275
f 5276 5258 5266
f 5277 5278 5267
f 5267 5279 5277
f 5264 5273 5274
f 5256 5280 5281
f 5282 5257 5258
f 1113 5283 5113
f 5284 5285 5259
f 5286 5287 5277
f 5277 5288 5286
f 5273 5289 5274
f 5290 5255 5282
f 5291 5292 5284
f 5271 5293 5294
f 5272 5295 5273
f 5272 5294 5296
f 5297 5256 5281
f 5275 5289 5298
f 5290 5276 5299
f 5300 5299 5301
f 5302 5280 5303
f 5297 719 603
f 5304 5286 5305
f 5286 5306 5305
f 5307 5288 5308
f 5303 5290 5300
f 5309 5310 5291
f 5293 5311 5294
f 5296 5312 5295
f 5294 5313 5296
f 5281 5314 5297
f 5298 5315 5316
f 5289 5312 5315
f 5305 5307 5316
f 5301 5317 5300
f 4875 5318 5319
f 5320 5283 5321
f 5322 5323 5324
f 5018 5325 5016
f 5034 5054 5326
f 5327 5328 5329
f 5330 5331 5332
f 5333 5334 5335
f 5336 5337 5338
f 5339 5338 5340
f 5341 5340 5342
f 5343 5342 5344
f 5345 5344 5346
f 5347 5345 5346
f 5348 5349 5350
f 5351 5350 5352
f 5353 5352 5354
f 5355 5354 5356
f 5357 5356 5358
f 5359 5357 5358
f 5360 5334 5361
f 5362 5363 5364
f 5365 5366 5367
f 5367 5368 5369
f 5369 5370 5371
f 5372 5373 5374
f 5375 5373 5376
f 5371 5377 5376
f 5376 5378 5375
f 5374 5379 5380
f 5376 5381 5371
f 5375 5382 5383
f 5384 5385 5372
f 5377 935 5378
f 5380 5386 5387
f 5358 5388 5359
f 5356 5389 5358
f 5390 5356 5354
f 5366 932 5368
f 5391 5335 5392
f 5393 4872 4891
f 5394 5338 5337
f 5348 5340 5338
f 5351 5342 5340
f 5353 5344 5342
f 5355 5346 5344
f 5346 5395 5347
f 5336 5396 5397
f 5398 5399 5345
f 5345 5400 5343
f 5341 5400 5401
f 5339 5401 5396
f 5402 5403 5404
f 5399 5405 5406
f 5407 5408 5403
f 5401 5409 5410
f 5400 5406 5409
f 5404 5411 5412
f 5406 5413 5414
f 5403 5415 5411
f 5410 5416 5417
f 5409 5414 5416
f 5412 5418 5419
f 5414 5420 5421
f 5411 5422 5418
f 5417 5423 5424
f 5416 5421 5423
f 5419 5425 5426
f 5421 5427 5428
f 5418 5429 5425
f 5424 5430 5431
f 5423 5428 5430
f 5426 5432 5433
f 5428 5434 5435
f 5425 5436 5432
f 5431 5437 5438
f 5430 5435 5437
f 5439 5440 5441
f 5442 5443 5444
f 5439 5445 5446
f 5447 5448 5449
f 5450 5444 5448
f 5451 5452 5453
f 5454 5452 5455
f 5456 5457 5458
f 5459 5460 5461
f 5462 5453 5457
f 5463 5464 5460
f 5465 5466 5467
f 5467 5468 5469
f 5470 5471 5472
f 5473 5474 5465
f 5475 5476 5477
f 5469 5478 4894
f 4898 5479 5480
f 5480 5470 5472
f 5481 5482 5483
f 5484 5485 5486
f 5397 5487 5336
f 5404 5488 5402
f 5489 5404 5412
f 5419 5489 5412
f 5426 5490 5419
f 5433 5491 5426
f 5492 5493 5494
f 5495 4795 5496
f 5497 5498 4787
f 5495 5499 5500
f 5500 4836 4837
f 5501 5502 5497
f 5503 5494 5493
f 4799 4826 4802
f 4792 4839 4790
f 4761 4752 4753
f 4837 4798 4793
f 4820 4810 4803
f 4754 4763 4755
f 4824 4808 4812
f 4796 4842 4799
f 4752 4764 4754
f 4798 4835 4792
f 4819 4813 4810
f 4822 4803 4808
f 4802 4825 4801
f 4753 4829 4761
f 4790 4841 4796
f 4825 4812 4801
f 4755 4766 4757
f 5360 5504 5485
f 5486 5504 5505
f 5368 933 5370
f 807 5370 933
f 5378 1617 5382
f 5506 5332 5331
f 5507 5508 5509
f 5510 5511 5512
f 5513 5510 5514
f 5514 5512 5515
f 5516 5517 5518
f 5381 5385 5519
f 5371 5519 5369
f 5383 5379 5375
f 5520 5387 5521
f 5522 5380 5520
f 5374 5384 5372
f 5523 5524 5517
f 5512 5525 5526
f 5527 5528 5526
f 5392 5529 5530
f 5531 5532 5533
f 5534 5535 5390
f 5535 5536 5389
f 5389 5537 5388
f 5538 5539 5540
f 5541 5542 5543
f 5544 5538 5545
f 5541 5360 5546
f 5540 5547 5546
f 5548 5542 5488
f 5459 5549 5550
f 5550 5551 5552
f 5553 5554 5555
f 5454 5556 5557
f 5558 5458 5464
f 5559 5560 5504
f 5561 5562 5563
f 5564 5488 5565
f 5566 5567 5568
f 5569 5570 5571
f 5571 5572 5573
f 5574 5575 5576
f 5577 5491 5574
f 5578 5490 5577
f 5579 5489 5578
f 5580 5575 5433
f 5483 5581 5481
f 5582 5583 5584
f 5481 5585 5476
f 5586 5587 5588
f 5476 5589 5590
f 5588 5591 5483
f 5592 5593 5594
f 5595 5563 5596
f 5596 5597 5598
f 5599 5600 5601
f 5598 5602 5592
f 5603 5561 5595
f 5604 5462 5605
f 5606 5459 5607
f 5562 5462 5456
f 5608 5456 5558
f 5609 5454 5610
f 5606 5558 5463
f 5611 5612 5613
f 5614 5615 5616
f 5393 5617 5618
f 5619 5620 5621
f 5622 4891 5619
f 5615 5623 5624
f 5483 5625 5588
f 5588 5572 5586
f 5626 1052 5627
f 5617 5628 5618
f 5629 5627 5318
f 5630 5619 5631
f 5631 5621 5632
f 5570 5586 5572
f 5633 5470 5634
f 5634 5479 5635
f 5636 5622 5630
f 5637 5638 5362
f 5639 5640 5570
f 5526 5641 5527
f 5526 5515 5512
f 5538 5361 5333
f 5559 5543 5642
f 5545 5333 5391
f 5643 5546 5547
f 5361 5546 5360
f 5642 5548 5644
f 5645 5548 5564
f 5646 5565 5579
f 5590 5647 5648
f 5594 5649 5650
f 5607 5550 5651
f 5635 5652 5634
f 5634 5653 5633
f 5654 5584 5639
f 5614 5655 5635
f 5656 1084 5657
f 5658 5450 5447
f 5611 5659 5660
f 5661 5662 5663
f 5664 5665 5616
f 4863 4861 5666
f 5657 1097 5667
f 5584 5668 5640
f 5616 5669 5614
f 5670 5671 5439
f 5610 5455 5672
f 5635 4897 5614
f 5613 1104 5673
f 5674 5675 5442
f 5670 5441 5580
f 5599 5676 5677
f 5440 5678 5441
f 5679 5442 5450
f 5664 5611 5613
f 5669 5680 5636
f 4845 4861 4846
f 5115 5328 5017
f 5329 5114 5320
f 5681 1114 5682
f 5509 5331 5507
f 5507 5637 5511
f 5362 5511 5637
f 5525 5364 5641
f 5367 5683 5365
f 5684 814 5366
f 5638 1119 5363
f 1120 5330 1121
f 1121 5332 1123
f 5685 1123 5332
f 5686 5687 5688
f 5689 5508 5513
f 5690 5509 5508
f 5691 5506 5509
f 5692 5685 5506
f 4965 5693 4915
f 5694 5533 5695
f 5696 5350 5349
f 5531 5352 5350
f 5517 5697 5518
f 5524 5385 5517
f 5369 5524 5367
f 5695 5390 5694
f 5694 5354 5352
f 5698 5648 5647
f 5650 5699 5700
f 5602 5607 5593
f 5667 5701 5657
f 5702 5703 5701
f 5441 5704 5580
f 5624 5705 5611
f 5438 5679 5658
f 5613 5706 5664
f 5640 5707 5586
f 5432 5708 5670
f 5672 5451 5604
f 5435 5709 5674
f 5433 5670 5580
f 5677 5710 5603
f 5437 5674 5679
f 5616 5624 5664
f 5656 5706 5673
f 5680 5706 5711
f 5712 5713 5714
f 5715 5716 5717
f 5718 5717 5719
f 5720 5719 5721
f 5722 5721 5723
f 5724 4691 5725
f 5726 5727 5728
f 5729 5730 5731
f 5732 4719 5726
f 5733 5734 5735
f 5732 4711 4716
f 5736 5737 5738
f 5729 4706 4750
f 5739 5738 5740
f 5741 4706 5742
f 5725 4702 5741
f 5743 5744 5745
f 5746 5747 5748
f 5749 5750 5751
f 5712 5723 4646
f 5752 5751 5753
f 5754 5753 5716
f 5755 5756 5757
f 5758 5759 5760
f 5761 5762 5763
f 5764 5765 5714
f 5766 5767 5768
f 5769 5770 5756
f 5771 5772 5762
f 5773 5774 5765
f 5730 5775 5731
f 5768 5731 5775
f 5776 5777 5778
f 5779 5772 5780
f 5781 5782 5774
f 5783 5730 5784
f 5785 5786 5787
f 5788 5789 5782
f 5790 5784 5791
f 5792 5793 5794
f 5795 5763 5789
f 5714 5792 5764
f 5790 5796 5797
f 5794 5798 5766
f 5799 5800 5801
f 5802 5803 5804
f 5805 5806 5807
f 5808 5809 5810
f 5811 5812 5813
f 5814 5801 5815
f 5816 5817 5803
f 5818 5819 5808
f 5820 5821 5811
f 5822 5823 5824
f 5823 5815 5824
f 5825 5826 5827
f 5818 5828 5829
f 5830 5831 5820
f 5832 5833 5834
f 5835 5836 5837
f 5838 5839 5830
f 5834 5840 5841
f 5842 5843 5800
f 5810 5844 5838
f 5843 5813 5812
f 5845 5840 5846
f 5847 5841 5848
f 5849 5850 5842
f 5851 5810 5838
f 5813 5852 5853
f 5854 5841 5845
f 5855 5842 5799
f 5856 5816 5802
f 5857 5805 5858
f 5859 5808 5810
f 5853 5811 5813
f 5855 5814 5860
f 5861 5862 5816
f 5863 5818 5808
f 5864 5820 5811
f 5832 5865 5823
f 5860 5823 5865
f 5866 5867 5825
f 5868 5869 5818
f 5870 5830 5820
f 5871 5834 5847
f 5872 5835 5873
f 5874 5838 5830
f 5875 5864 5853
f 5876 5860 5877
f 5878 5879 5861
f 5880 5868 5863
f 5881 5870 5864
f 5871 5882 5865
f 5882 5860 5865
f 5883 5866 5884
f 5885 5886 5868
f 5887 5874 5870
f 5888 5847 5889
f 5890 5873 5891
f 5892 5851 5874
f 5889 5848 5893
f 5894 5852 5849
f 5895 5851 5896
f 5853 5897 5875
f 5893 5854 5898
f 5876 5849 5855
f 5878 5856 5899
f 5900 5858 5901
f 5895 5863 5859
f 5897 5902 5875
f 5903 5898 5904
f 5905 5894 5876
f 5906 5899 5907
f 5908 5901 5909
f 5910 5895 5911
f 5912 5875 5902
f 5913 5876 5877
f 5906 5914 5878
f 5915 5880 5910
f 5916 5881 5912
f 5882 5917 5918
f 5918 5877 5882
f 5919 5884 5920
f 5915 5921 5885
f 5922 5887 5916
f 5923 5888 5889
f 5924 5890 5891
f 5925 5892 5922
f 5903 5889 5893
f 5926 5897 5894
f 5911 5896 5925
f 5927 5922 5928
f 5925 5929 5911
f 5929 5910 5911
f 5930 5931 5915
f 5932 5904 5933
f 5934 5935 5924
f 5909 5936 5908
f 5937 5906 5907
f 5938 5902 5939
f 5906 5940 5941
f 5926 5942 5943
f 5930 5910 5944
f 5932 5923 5903
f 5918 5945 5946
f 5947 5917 5923
f 5948 5920 5949
f 5946 5913 5918
f 5950 5905 5913
f 5926 5951 5952
f 5939 5952 5951
f 5912 5953 5916
f 5953 5922 5916
f 5935 5954 5909
f 5890 5909 5901
f 5872 5901 5858
f 5858 5955 5872
f 5953 5956 5928
f 5946 5957 5958
f 5950 5958 5959
f 5949 5960 5961
f 5962 5963 5964
f 5943 5965 5966
f 5930 5967 5968
f 5939 5969 5938
f 5942 5959 5965
f 5968 5970 5934
f 5928 5971 5927
f 5938 5972 5953
f 5943 5973 5951
f 5947 5974 5975
f 5954 5976 5936
f 5927 5977 5929
f 5932 5978 5974
f 5945 5975 5957
f 5962 5960 5940
f 5929 5979 5944
f 5951 5980 5939
f 5981 5982 5954
f 5944 5983 5930
f 5967 5984 5970
f 5956 5985 5971
f 5966 5986 5987
f 5974 5988 5989
f 5975 5989 5990
f 5982 5991 5976
f 5971 5992 5977
f 5973 5993 5980
f 5957 5990 5994
f 5964 5995 5960
f 5977 5996 5979
f 5958 5994 5997
f 5959 5997 5998
f 5999 6000 5982
f 5979 6001 5983
f 5969 6002 5972
f 5965 5998 5986
f 5960 6003 5961
f 5963 6004 5964
f 5983 6005 5967
f 5980 6006 5969
f 5972 6007 5956
f 5973 5987 6008
f 5990 6009 6010
f 5991 6011 6012
f 5985 6013 5992
f 6008 6014 5993
f 5994 6010 6015
f 6004 6016 5995
f 5996 6013 6017
f 5997 6015 6018
f 5998 6018 6019
f 6000 6020 6011
f 5996 6021 6001
f 6006 6022 6002
f 5986 6019 6023
f 5995 6024 6003
f 6025 6026 6004
f 6001 6027 6005
f 5993 6028 6006
f 6002 6029 6007
f 5987 6030 6008
f 6005 6031 5984
f 6007 6032 5985
f 5987 6023 6033
f 5988 6009 5989
f 6034 6035 6036
f 6037 6038 6039
f 6040 6041 6042
f 6043 6044 6045
f 6046 6047 6048
f 6049 6045 6044
f 6050 6048 6047
f 6051 6052 6035
f 6053 6054 6055
f 6056 6057 6043
f 6058 6059 6060
f 6061 6062 6063
f 6042 6055 6040
f 6064 6065 6050
f 6066 6067 6061
f 6068 6056 6069
f 6063 6070 6071
f 6039 6036 6037
f 6054 6058 6060
f 6069 6072 6068
f 6073 6071 6070
f 6066 6074 6075
f 6076 6077 6078
f 6072 6038 6079
f 6080 6078 6041
f 6081 6052 6082
f 6083 6084 6074
f 6059 6014 6060
f 6021 6079 6027
f 6073 6026 6065
f 6023 6080 6040
f 6049 6028 6059
f 6016 6070 6024
f 6068 6021 6017
f 6065 6085 6048
f 6019 6076 6080
f 6018 6084 6076
f 6037 6020 6031
f 6017 6086 6068
f 6036 6011 6020
f 6074 6015 6010
f 6030 6060 6014
f 6087 6048 6085
f 6086 6032 6057
f 6035 6012 6011
f 6075 6010 6009
f 5493 6088 6089
f 5505 5560 6090
f 6091 5642 6092
f 6093 5493 6089
f 5503 5499 5502
f 5502 6094 5498
f 6095 5498 6094
f 6096 6097 4721
f 6098 4721 6097
f 6099 4677 6098
f 5746 5759 5745
f 6100 5760 5759
f 5807 5955 5805
f 6101 6102 6103
f 6103 6104 6105
f 6106 6107 6102
f 6102 6108 6104
f 6109 6110 6111
f 6111 6112 6113
f 6110 6114 6112
f 6115 6116 6117
f 6118 5388 5537
f 6119 6103 6120
f 6120 6105 6121
f 6122 5387 5386
f 6123 5386 5383
f 6124 5521 5387
f 6125 6126 6127
f 6128 5395 5359
f 6129 5413 6130
f 6131 5709 6132
f 6130 5405 6133
f 6134 5675 6131
f 5434 6132 5709
f 6133 6135 6136
f 6137 5398 5347
f 6138 5427 6139
f 6140 6135 5398
f 6139 5420 6129
f 6141 6140 6142
f 6143 6139 6144
f 6145 6140 6137
f 6144 6129 6146
f 6146 6130 6147
f 6147 6133 6148
f 6149 6132 6150
f 6148 6136 6141
f 6138 6150 6132
f 6149 6134 6131
f 6151 6147 6152
f 6153 6146 6151
f 6154 6144 6153
f 6155 6142 6145
f 6143 6156 6150
f 6157 6142 6158
f 6159 6150 6156
f 6160 6141 6157
f 6152 6148 6160
f 6161 6162 6118
f 6163 6124 6122
f 6164 6122 6123
f 6165 6166 6124
f 5359 6162 6128
f 6125 6167 6128
f 6168 6169 6161
f 6137 6170 6145
f 6127 6170 6125
f 6171 6172 6165
f 6128 6169 6125
f 6173 6163 6164
f 6174 6165 6163
f 6145 6175 6155
f 5347 6167 6137
f 5382 1619 6176
f 6176 1621 6177
f 5383 6176 6123
f 6177 6123 6176
f 6164 6178 6173
f 6179 6180 6181
f 6182 6183 6184
f 6185 6186 6183
f 6187 6188 6189
f 6190 6191 6186
f 6192 6193 6187
f 6194 6117 6110
f 6195 6196 6192
f 6179 6197 6195
f 6198 6179 6195
f 6199 6200 6179
f 6201 6185 6182
f 6202 6190 6185
f 6203 6189 6204
f 6205 6116 6190
f 6206 6187 6203
f 6207 6117 6116
f 6198 6192 6206
f 6120 6188 6119
f 6120 6204 6189
f 6200 6208 6180
f 6209 6210 6200
f 6211 6205 6202
f 6212 6204 6213
f 6105 6214 6215
f 6216 6207 6205
f 6217 6218 6219
f 6220 6203 6212
f 6104 6221 6214
f 6222 6206 6220
f 6215 6121 6105
f 6222 6199 6198
f 6223 6209 6199
f 6213 6121 6224
f 6113 6225 6226
f 6227 6202 6201
f 6112 6228 6225
f 6229 6114 6207
f 6230 6216 6211
f 6231 6213 6232
f 6214 6233 6234
f 6235 6229 6216
f 6236 6212 6231
f 6237 6228 6229
f 6238 6220 6236
f 6232 6224 6239
f 6240 6222 6238
f 6226 6241 6242
f 6243 6218 6244
f 6244 6223 6240
f 6225 6245 6241
f 6246 6211 6227
f 6239 6215 6247
f 6215 6234 6247
f 6248 6237 6235
f 6249 6231 6250
f 6251 6245 6237
f 6252 6236 6249
f 6253 6239 6254
f 6255 6238 6252
f 6242 6256 6257
f 6258 6244 6259
f 6259 6240 6255
f 6241 6260 6256
f 6246 6261 6230
f 6254 6247 6262
f 6247 6263 6262
f 6261 6235 6230
f 6250 6232 6253
f 6233 6263 6234
f 6264 6260 6251
f 6265 6249 6266
f 6267 6254 6268
f 6269 6252 6265
f 6257 6270 6271
f 6272 6259 6273
f 6273 6255 6269
f 6256 6274 6270
f 6275 6276 6261
f 6268 6262 6277
f 6263 6277 6262
f 6261 6278 6248
f 6279 6253 6267
f 6280 6281 6263
f 6278 6251 6248
f 6266 6250 6279
f 6282 6283 6284
f 6285 6286 6287
f 6288 6289 6290
f 6291 6292 6293
f 6294 6295 6296
f 6297 6298 6299
f 6300 6301 6302
f 6303 6304 6305
f 6306 6307 6308
f 6309 6310 6311
f 6312 6289 6313
f 6314 6315 6316
f 6317 6318 6319
f 6320 6321 6322
f 6323 6324 6303
f 6325 6326 6297
f 6327 6328 6329
f 6330 6331 6332
f 6333 6334 6335
f 6336 6337 6338
f 6339 6340 6341
f 6287 6342 6343
f 6344 6345 6346
f 6347 6348 6349
f 6350 6351 6352
f 6353 6354 6355
f 6356 6348 6345
f 6357 6358 6359
f 6360 6361 6362
f 6363 6364 6365
f 6366 6367 6368
f 6369 6370 6371
f 6372 6373 6374
f 6375 6376 6377
f 6378 6376 6370
f 6370 6379 6380
f 6381 6379 6376
f 6288 6340 6282
f 6293 6382 6294
f 6308 6383 6300
f 6384 6385 6386
f 6341 6290 6312
f 6387 6388 6389
f 6390 6391 6392
f 6393 6394 6373
f 6371 6380 6395
f 6396 6352 6367
f 6365 6397 6398
f 6399 6400 6361
f 6399 6401 6358
f 6402 6403 6404
f 6405 6406 6407
f 6346 6378 6369
f 6408 6409 6351
f 6345 6377 6378
f 6410 6411 6363
f 6412 6377 6348
f 6405 6359 6354
f 6413 6356 6344
f 6414 6349 6415
f 6416 6417 6418
f 6419 6420 6421
f 6422 6423 6317
f 6320 6342 6424
f 6338 6425 6426
f 6427 6428 6429
f 6430 6322 6321
f 6429 6431 6419
f 6432 6433 6390
f 6434 6435 6436
f 6437 6438 6439
f 6440 6441 6442
f 6443 6444 6445
f 6446 6447 6448
f 6449 6450 6451
f 6452 6453 6454
f 6324 6440 6304
f 6436 6455 6456
f 6456 6457 6458
f 6428 6312 6431
f 6459 6460 6461
f 6386 6462 6452
f 6463 6464 6465
f 6466 6355 6467
f 6468 6341 6428
f 6469 6349 6356
f 6435 6470 6288
f 6418 6471 6472
f 6383 6458 6301
f 6473 6436 6307
f 6461 6324 6474
f 6475 6476 6477
f 6466 6478 6479
f 6442 6328 6285
f 6480 6332 6464
f 6481 6311 6450
f 6307 6456 6383
f 6424 6286 6327
f 6314 6482 6422
f 6431 6313 6420
f 6454 6483 6387
f 6484 6465 6485
f 6486 6342 6322
f 6485 6425 6484
f 6389 6487 6432
f 6488 6451 6315
f 6455 6284 6457
f 6435 6282 6455
f 6329 6441 6459
f 6489 6302 6490
f 6491 6303 6305
f 6492 6308 6493
f 6323 6494 6495
f 6493 6300 6489
f 6496 6497 6331
f 6498 6499 6384
f 6500 6310 6501
f 6502 6448 6497
f 6472 6503 6498
f 6500 6477 6504
f 6505 6490 6506
f 6507 6494 6491
f 6508 6492 6493
f 6495 6509 6510
f 6505 6493 6489
f 6439 6511 6410
f 6394 6512 6402
f 6357 6407 6400
f 6499 6513 6385
f 6483 6514 6388
f 6433 6515 6391
f 6516 6512 6517
f 6518 6393 6372
f 6519 6517 6393
f 6520 6403 6512
f 6487 6521 6433
f 6522 6417 6523
f 6453 6524 6525
f 6471 6526 6527
f 6462 6513 6524
f 6388 6528 6487
f 6453 6529 6483
f 6503 6530 6499
f 6471 6531 6503
f 6532 6432 6533
f 6534 6392 6535
f 6533 6390 6534
f 6536 6472 6537
f 6538 6394 6539
f 6540 6387 6541
f 6542 6384 6543
f 6544 6404 6545
f 6543 6386 6546
f 6532 6387 6389
f 6546 6452 6547
f 6539 6402 6544
f 6548 6373 6538
f 6537 6498 6542
f 6549 6418 6536
f 6547 6454 6540
f 6550 6551 6552
f 6379 6553 6380
f 6554 6555 6556
f 6395 6553 6557
f 6558 6362 6559
f 6398 6560 6561
f 6562 6561 6563
f 6360 6564 6401
f 6565 6362 6566
f 6567 6568 6379
f 6563 6569 6570
f 6565 6569 6559
f 6559 6571 6558
f 6561 6571 6569
f 6572 6553 6568
f 6572 6558 6571
f 6507 6469 6413
f 6505 6415 6508
f 6404 6523 6416
f 6510 6573 6437
f 6574 6445 6409
f 6447 6467 6506
f 6575 6415 6469
f 6353 6479 6406
f 6576 6523 6403
f 6545 6416 6549
f 6577 6578 6579
f 6580 6581 6582
f 6583 6584 6585
f 6586 6587 6588
f 6589 6590 6591
f 6592 6593 6594
f 6595 6596 6597
f 6598 6599 6600
f 6601 6602 6603
f 6604 6605 6606
f 6607 6608 6609
f 6610 6611 6612
f 6613 6614 6615
f 6616 6617 6618
f 6619 6620 6598
f 6621 6593 6622
f 6623 6624 6625
f 6626 6627 6628
f 6629 6630 6631
f 6632 6633 6634
f 6635 6636 6637
f 6638 6581 6639
f 6640 6641 6642
f 6643 6644 6645
f 6646 6647 6648
f 6649 6650 6651
f 6652 6644 6641
f 6653 6654 6655
f 6656 6657 6658
f 6659 6660 6661
f 6662 6663 6664
f 6665 6666 6667
f 6668 6669 6670
f 6671 6672 6673
f 6674 6672 6666
f 6672 6675 6666
f 6676 6677 6672
f 6585 6636 6577
f 6588 6590 6678
f 6601 6596 6679
f 6680 6681 6682
f 6637 6584 6607
f 6683 6684 6685
f 6686 6687 6688
f 6670 6689 6690
f 6667 6675 6691
f 6663 6648 6664
f 6661 6692 6693
f 6694 6695 6657
f 6694 6696 6654
f 6697 6698 6699
f 6700 6701 6702
f 6642 6674 6665
f 6703 6704 6647
f 6641 6673 6674
f 6705 6706 6659
f 6707 6673 6644
f 6700 6655 6650
f 6708 6640 6709
f 6710 6643 6645
f 6711 6712 6713
f 6714 6715 6716
f 6717 6718 6613
f 6719 6618 6639
f 6634 6720 6721
f 6722 6723 6724
f 6725 6617 6726
f 6724 6727 6714
f 6728 6729 6686
f 6730 6731 6732
f 6733 6734 6735
f 6736 6737 6738
f 6739 6740 6741
f 6742 6743 6744
f 6745 6746 6747
f 6748 6749 6750
f 6599 6751 6736
f 6732 6752 6753
f 6753 6754 6755
f 6723 6607 6727
f 6756 6751 6757
f 6748 6681 6758
f 6759 6760 6761
f 6762 6651 6763
f 6635 6723 6764
f 6710 6652 6708
f 6765 6585 6731
f 6713 6766 6767
f 6596 6755 6597
f 6603 6730 6732
f 6757 6620 6768
f 6769 6770 6771
f 6772 6773 6742
f 6738 6624 6580
f 6774 6628 6760
f 6775 6606 6746
f 6603 6753 6596
f 6719 6581 6623
f 6610 6776 6717
f 6607 6715 6727
f 6750 6684 6777
f 6759 6778 6779
f 6725 6639 6618
f 6721 6779 6778
f 6728 6685 6780
f 6781 6747 6611
f 6752 6579 6754
f 6731 6577 6752
f 6625 6737 6756
f 6782 6595 6783
f 6784 6598 6600
f 6785 6786 6601
f 6619 6787 6788
f 6785 6679 6782
f 6789 6627 6790
f 6680 6791 6792
f 6793 6605 6794
f 6789 6743 6795
f 6767 6791 6796
f 6769 6797 6793
f 6798 6782 6783
f 6799 6787 6784
f 6800 6785 6801
f 6788 6802 6803
f 6801 6782 6804
f 6735 6805 6705
f 6690 6806 6697
f 6653 6702 6695
f 6681 6807 6808
f 6684 6809 6685
f 6729 6810 6687
f 6811 6806 6689
f 6812 6669 6813
f 6814 6689 6669
f 6815 6698 6806
f 6780 6816 6729
f 6817 6712 6818
f 6749 6819 6820
f 6766 6821 6822
f 6758 6808 6819
f 6685 6823 6780
f 6749 6824 6684
f 6791 6807 6792
f 6791 6822 6825
f 6826 6683 6728
f 6827 6686 6688
f 6828 6728 6686
f 6829 6767 6830
f 6831 6690 6832
f 6833 6777 6834
f 6835 6680 6836
f 6837 6699 6838
f 6836 6682 6839
f 6840 6777 6683
f 6839 6748 6841
f 6832 6697 6837
f 6842 6670 6831
f 6830 6796 6835
f 6843 6713 6829
f 6841 6750 6833
f 6844 6845 6846
f 6677 6847 6675
f 6845 6848 6849
f 6691 6847 6850
f 6851 6658 6852
f 6693 6853 6854
f 6855 6854 6856
f 6656 6857 6696
f 6852 6858 6859
f 6860 6861 6677
f 6856 6862 6863
f 6859 6862 6852
f 6852 6864 6851
f 6854 6864 6862
f 6865 6847 6861
f 6865 6851 6864
f 6800 6709 6799
f 6804 6710 6801
f 6699 6818 6711
f 6803 6866 6733
f 6867 6741 6704
f 6773 6763 6798
f 6801 6708 6800
f 6649 6772 6701
f 6868 6818 6698
f 6838 6711 6843
f 6869 6870 6871
f 6872 6873 6874
f 6875 6876 6877
f 6878 6879 6880
f 6881 6882 6883
f 6884 6885 6886
f 6887 6888 6889
f 6890 6891 6892
f 6893 6894 6895
f 6896 6897 6898
f 6877 6899 6900
f 6901 6902 6903
f 6904 6905 6906
f 6907 6908 6909
f 6910 6911 6912
f 6913 6885 6914
f 6915 6916 6917
f 6918 6919 6920
f 6921 6922 6923
f 6924 6925 6926
f 6871 6927 6928
f 6874 6929 6930
f 6931 6932 6933
f 6934 6935 6936
f 6937 6938 6939
f 6940 6941 6942
f 6943 6935 6932
f 6944 6945 6946
f 6947 6948 6949
f 6950 6951 6952
f 6953 6954 6955
f 6956 6957 6958
f 6959 6960 6961
f 6962 6963 6964
f 6965 6963 6957
f 6957 6966 6967
f 6968 6966 6963
f 6969 6877 6870
f 6970 6879 6882
f 6893 6971 6887
f 6972 6973 6974
f 6870 6900 6927
f 6975 6976 6977
f 6978 6979 6980
f 6981 6982 6960
f 6958 6967 6983
f 6984 6939 6954
f 6952 6985 6986
f 6987 6988 6948
f 6987 6989 6945
f 6990 6991 6992
f 6993 6994 6995
f 6933 6965 6956
f 6996 6997 6938
f 6932 6964 6965
f 6998 6999 6950
f 7000 6964 6935
f 6993 6946 6941
f 7001 6943 6931
f 7002 6934 6936
f 7003 7004 7005
f 7006 7007 7008
f 7009 7010 6904
f 7011 6909 6929
f 6926 7012 7013
f 7014 7015 7016
f 7017 6908 7018
f 7019 7008 7015
f 6978 7020 7021
f 7022 7023 7024
f 7025 7026 7027
f 7028 7029 7030
f 7031 7032 7033
f 7034 7035 7036
f 7037 7038 7039
f 7040 7041 7042
f 6892 7043 7028
f 7044 7024 7045
f 7046 7045 7047
f 7019 6900 7006
f 7048 7043 7049
f 6974 7041 7050
f 7051 7052 7053
f 7054 6942 7055
f 6928 7019 7014
f 7056 6936 6943
f 7024 7057 6875
f 7058 7059 7060
f 6888 7044 7046
f 6895 7061 7022
f 7049 6891 6910
f 7062 7063 7064
f 7054 7065 7066
f 7030 6916 6872
f 7067 6920 7052
f 7068 6898 7038
f 6895 7044 6971
f 7011 6873 6915
f 6901 7069 7009
f 6900 7070 7006
f 7040 7071 6975
f 7072 7053 7073
f 7017 6929 6909
f 7073 7012 7072
f 7074 6976 7020
f 7075 7039 6902
f 7047 6969 6869
f 7045 6875 6969
f 6917 7029 7048
f 7076 6889 7077
f 7078 6911 6890
f 7079 6893 7080
f 6912 7081 7082
f 7080 6887 7076
f 7083 7084 6919
f 6972 7085 7086
f 7087 7088 6897
f 7089 7036 7084
f 7090 7060 7085
f 7091 7064 7088
f 7092 7076 7077
f 7093 7081 7078
f 7094 7079 7080
f 7082 7095 7096
f 7097 7080 7076
f 7027 7098 6998
f 6982 7099 6990
f 6944 6995 6988
f 7086 7100 6973
f 7071 7101 6976
f 7021 7102 6979
f 7103 7099 7104
f 7105 6981 6959
f 7106 7104 6981
f 7107 6991 7099
f 7020 7108 7021
f 7003 7109 7059
f 7042 7110 7111
f 7059 7112 7060
f 6973 7110 7041
f 6976 7113 7020
f 7042 7114 7071
f 7086 7115 7116
f 7060 7115 7085
f 7117 6977 7074
f 7118 6980 7119
f 7118 7074 6978
f 7120 7004 7058
f 7121 6982 7122
f 7123 7040 6975
f 7124 7090 6972
f 7125 6992 7126
f 7127 6972 6974
f 7128 6975 6977
f 7127 7050 7129
f 7122 6990 7125
f 7130 6960 7121
f 7120 7090 7131
f 7005 7132 7133
f 7134 7050 7040
f 7135 7136 7137
f 6967 7138 7139
f 7136 7140 7141
f 6983 7139 7142
f 7143 6947 6949
f 6986 7144 7145
f 7146 7145 7147
f 6989 7148 7149
f 7150 6949 7151
f 7152 7138 6966
f 7147 7153 7154
f 7150 7153 7143
f 7143 7155 7148
f 7145 7155 7153
f 7156 7139 7138
f 7156 7148 7155
f 7093 7056 7001
f 7094 7157 7002
f 6992 7003 7005
f 7096 7158 7025
f 7159 7033 6997
f 7035 7055 7092
f 7160 7002 7056
f 6940 7066 6994
f 6991 7161 7003
f 7126 7005 7133
f 7162 7163 7164
f 7165 7166 7167
f 7168 7169 7170
f 7171 7172 7173
f 7174 7175 7176
f 7177 7178 7179
f 7180 7181 7182
f 7183 7184 7185
f 7186 7187 7188
f 7189 7190 7191
f 7170 7192 7193
f 7194 7195 7196
f 7197 7198 7199
f 7200 7201 7202
f 7203 7204 7205
f 7206 7207 7208
f 7209 7210 7211
f 7212 7213 7214
f 7215 7216 7217
f 7218 7219 7220
f 7221 7222 7223
f 7167 7224 7225
f 7226 7227 7228
f 7229 7230 7231
f 7232 7233 7234
f 7235 7236 7237
f 7238 7230 7227
f 7239 7240 7241
f 7242 7243 7244
f 7245 7246 7247
f 7244 7248 7249
f 7250 7251 7252
f 7253 7254 7255
f 7256 7257 7258
f 7259 7258 7251
f 7251 7260 7261
f 7257 7260 7258
f 7168 7222 7162
f 7174 7173 7262
f 7186 7263 7180
f 7264 7265 7266
f 7222 7193 7223
f 7267 7268 7269
f 7270 7271 7272
f 7273 7274 7275
f 7252 7261 7276
f 7277 7234 7278
f 7247 7279 7280
f 7281 7282 7243
f 7281 7283 7240
f 7284 7285 7286
f 7287 7288 7289
f 7228 7259 7250
f 7290 7291 7233
f 7227 7256 7259
f 7292 7293 7245
f 7230 7294 7256
f 7287 7241 7236
f 7295 7238 7226
f 7296 7231 7297
f 7298 7299 7300
f 7301 7302 7303
f 7304 7305 7198
f 7202 7224 7306
f 7218 7307 7308
f 7309 7310 7311
f 7312 7313 7314
f 7310 7303 7311
f 7315 7316 7271
f 7317 7318 7319
f 7320 7321 7322
f 7323 7324 7325
f 7326 7327 7328
f 7329 7330 7331
f 7332 7333 7334
f 7335 7336 7337
f 7185 7338 7323
f 7317 7339 7340
f 7340 7341 7342
f 7223 7301 7310
f 7343 7338 7344
f 7345 7266 7336
f 7346 7347 7348
f 7349 7237 7350
f 7351 7223 7310
f 7352 7231 7238
f 7319 7353 7168
f 7300 7354 7355
f 7263 7342 7181
f 7188 7356 7317
f 7344 7184 7203
f 7357 7358 7359
f 7349 7360 7361
f 7325 7210 7165
f 7362 7214 7347
f 7363 7191 7333
f 7188 7340 7263
f 7306 7166 7209
f 7364 7196 7305
f 7193 7365 7301
f 7366 7337 7268
f 7367 7348 7368
f 7225 7201 7312
f 7368 7307 7367
f 7369 7269 7316
f 7370 7334 7195
f 7339 7164 7341
f 7319 7162 7339
f 7211 7324 7343
f 7371 7182 7372
f 7373 7204 7183
f 7374 7375 7186
f 7205 7376 7377
f 7374 7180 7371
f 7378 7379 7213
f 7380 7381 7265
f 7382 7383 7190
f 7329 7379 7384
f 7385 7354 7381
f 7386 7359 7383
f 7387 7372 7388
f 7389 7373 7390
f 7391 7392 7374
f 7377 7389 7393
f 7391 7371 7387
f 7322 7394 7292
f 7274 7284 7275
f 7239 7289 7282
f 7265 7395 7266
f 7269 7396 7397
f 7272 7398 7399
f 7400 7401 7274
f 7402 7254 7403
f 7404 7274 7405
f 7406 7285 7401
f 7271 7407 7398
f 7408 7409 7299
f 7337 7410 7411
f 7299 7412 7354
f 7336 7395 7410
f 7316 7397 7407
f 7268 7411 7396
f 7265 7413 7414
f 7381 7412 7413
f 7415 7267 7369
f 7416 7315 7270
f 7417 7369 7315
f 7418 7355 7419
f 7420 7275 7421
f 7422 7335 7366
f 7423 7385 7380
f 7424 7286 7425
f 7426 7380 7264
f 7427 7366 7267
f 7428 7264 7345
f 7421 7284 7424
f 7429 7255 7430
f 7431 7355 7385
f 7432 7300 7418
f 7433 7345 7335
f 7434 7403 7253
f 7261 7435 7436
f 7403 7437 7402
f 7276 7436 7438
f 7439 7244 7440
f 7279 7441 7280
f 7280 7442 7429
f 7242 7443 7283
f 7440 7249 7444
f 7260 7445 7435
f 7442 7446 7447
f 7444 7446 7440
f 7440 7448 7439
f 7446 7449 7448
f 7450 7436 7435
f 7443 7448 7450
f 7390 7352 7295
f 7387 7297 7391
f 7286 7408 7298
f 7393 7451 7320
f 7452 7328 7291
f 7330 7350 7388
f 7453 7297 7352
f 7235 7361 7288
f 7454 7408 7285
f 7425 7298 7432
f 7455 7456 7457
f 7458 7459 7460
f 7461 7460 7462
f 7463 7464 7465
f 7466 7459 7467
f 7468 7456 7469
f 7470 7471 7472
f 7473 7474 7475
f 7476 7477 7478
f 7479 7480 7473
f 7481 7474 7471
f 7482 7483 7484
f 7485 7486 7487
f 7488 7489 7490
f 7491 7492 7493
f 7494 7495 7489
f 7496 7497 7498
f 7484 7499 7500
f 7501 7499 7495
f 7495 7502 7503
f 7483 7502 7499
f 7461 7504 7455
f 7505 7506 7507
f 7498 7508 7509
f 7489 7503 7510
f 7511 7478 7492
f 7490 7510 7512
f 7513 7514 7486
f 7513 7515 7483
f 7516 7517 7518
f 7519 7520 7521
f 7472 7501 7494
f 7522 7523 7477
f 7471 7500 7501
f 7524 7494 7488
f 7480 7500 7474
f 7519 7484 7480
f 7525 7481 7470
f 7526 7475 7527
f 7528 7529 7530
f 7525 7531 7532
f 7533 7534 7535
f 7536 7537 7538
f 7460 7539 7540
f 7541 7473 7526
f 7542 7475 7481
f 7543 7544 7545
f 7504 7469 7456
f 7460 7546 7462
f 7547 7539 7459
f 7548 7534 7549
f 7541 7550 7551
f 7504 7546 7552
f 7553 7457 7538
f 7554 7467 7458
f 7555 7458 7461
f 7556 7467 7557
f 7555 7455 7553
f 7558 7457 7456
f 7559 7506 7560
f 7463 7561 7562
f 7563 7538 7457
f 7559 7545 7564
f 7565 7549 7561
f 7566 7538 7537
f 7567 7557 7554
f 7568 7554 7555
f 7569 7557 7570
f 7566 7555 7553
f 7531 7472 7524
f 7509 7571 7516
f 7482 7521 7514
f 7506 7465 7507
f 7478 7571 7508
f 7493 7497 7572
f 7492 7508 7497
f 7571 7523 7517
f 7528 7535 7544
f 7544 7548 7545
f 7506 7565 7463
f 7545 7565 7564
f 7573 7529 7543
f 7574 7509 7575
f 7576 7560 7577
f 7578 7518 7579
f 7580 7560 7505
f 7575 7516 7578
f 7581 7498 7574
f 7576 7543 7559
f 7530 7582 7583
f 7584 7585 7586
f 7503 7587 7588
f 7589 7590 7591
f 7503 7592 7510
f 7593 7487 7594
f 7510 7595 7512
f 7512 7586 7585
f 7485 7596 7515
f 7594 7591 7590
f 7515 7587 7502
f 7586 7597 7584
f 7590 7597 7594
f 7594 7598 7593
f 7595 7598 7597
f 7598 7588 7587
f 7596 7598 7587
f 7570 7542 7525
f 7566 7527 7568
f 7517 7530 7518
f 7570 7532 7569
f 7523 7599 7533
f 7537 7526 7566
f 7567 7527 7542
f 7479 7551 7520
f 7517 7533 7528
f 7518 7583 7579
f 6284 6485 6465
f 6470 6287 6289
f 6296 7600 6334
f 6299 7601 6291
f 6302 6331 6497
f 6305 6473 6306
f 6426 6283 6339
f 6289 6343 6313
f 6438 6346 6511
f 6355 6412 6347
f 6359 6381 6375
f 6411 6371 6364
f 6364 6395 6397
f 6358 6567 6381
f 6511 6369 6411
f 6354 6375 6412
f 6573 6344 6438
f 6336 6468 6427
f 6421 6486 6430
f 6440 7602 6434
f 6304 6434 6473
f 6458 6464 6332
f 6467 6347 6414
f 6338 6339 6468
f 6301 6332 6331
f 7602 6285 6470
f 6420 6343 6486
f 6457 6465 6464
f 6490 6497 6448
f 6491 6306 6492
f 6506 6448 6447
f 6507 6492 6575
f 6397 6557 6560
f 6401 7603 6567
f 6560 6572 6571
f 7603 6572 6568
f 6509 6413 6573
f 6506 6414 6505
f 6579 6778 6761
f 6580 6608 6583
f 6589 7604 6630
f 6592 7605 6586
f 6795 6597 6627
f 6786 6599 6602
f 6721 6578 6635
f 6609 6582 6638
f 6734 6642 6805
f 6651 6707 6643
f 6655 6676 6671
f 6706 6667 6660
f 6660 6691 6692
f 6654 6860 6676
f 6805 6665 6706
f 6650 6671 6707
f 6866 6640 6734
f 6634 6722 6632
f 6715 6726 6716
f 6730 6738 6765
f 6602 6736 6730
f 6755 6760 6628
f 6763 6643 7606
f 6721 6764 6634
f 6597 6628 6627
f 6738 6583 6765
f 6609 6725 6715
f 6760 6579 6761
f 6743 6595 6795
f 7607 6600 6786
f 6773 6783 6743
f 6800 6784 7607
f 6692 6850 6853
f 6860 6857 7608
f 6853 6865 6864
f 7608 6865 6861
f 6802 6709 6866
f 6804 6763 7606
f 6869 7073 7053
f 7057 6874 6876
f 6881 7609 6922
f 6884 7610 6878
f 6889 6919 7084
f 7611 6892 6894
f 7013 6871 6928
f 6876 6930 6899
f 7026 6933 7098
f 6942 7000 6934
f 6946 6968 6962
f 6999 6958 6951
f 6951 6983 6985
f 6945 7152 6968
f 7098 6956 6999
f 6941 6962 7000
f 7158 6931 7026
f 6926 7016 6924
f 7070 7018 7007
f 7061 7030 7023
f 6894 7028 7061
f 7046 7052 6920
f 7055 6934 7157
f 6926 6928 7014
f 6888 6920 6919
f 7023 6872 7057
f 7070 6930 7017
f 7047 7053 7052
f 7077 7084 7036
f 7079 6890 7611
f 7092 7036 7035
f 7093 7079 7160
f 6985 7142 7144
f 6989 7612 7152
f 7144 7156 7155
f 7612 7156 7138
f 7095 7001 7158
f 7097 7055 7157
f 7164 7368 7348
f 7353 7167 7169
f 7176 7613 7217
f 7614 7179 7172
f 7182 7213 7379
f 7375 7185 7187
f 7308 7163 7221
f 7169 7225 7192
f 7321 7228 7394
f 7237 7615 7229
f 7241 7257 7294
f 7293 7252 7246
f 7246 7276 7279
f 7240 7616 7257
f 7394 7250 7293
f 7236 7294 7615
f 7451 7226 7321
f 7216 7351 7309
f 7365 7314 7302
f 7356 7325 7318
f 7187 7323 7356
f 7342 7347 7214
f 7350 7229 7296
f 7308 7351 7218
f 7181 7214 7213
f 7318 7165 7353
f 7192 7312 7365
f 7341 7348 7347
f 7372 7379 7331
f 7392 7183 7375
f 7388 7331 7330
f 7453 7373 7392
f 7279 7438 7449
f 7283 7445 7616
f 7448 7438 7450
f 7445 7450 7435
f 7389 7295 7451
f 7388 7296 7387
f 6513 6501 6309
f 6529 6314 6514
f 6521 6319 6515
f 6352 6520 6516
f 6368 6519 6518
f 6367 6516 6519
f 6351 6576 6520
f 6528 6317 6521
f 6445 6526 6522
f 6525 6481 6449
f 6527 6444 6475
f 6524 6309 6481
f 6514 6422 6528
f 6529 6449 6488
f 6531 6501 6530
f 6527 6500 6531
f 7617 6533 7618
f 7619 6534 6535
f 7620 6533 6534
f 7621 6537 7622
f 7623 6539 7624
f 7625 6541 7626
f 7627 6543 7628
f 7629 6545 7630
f 7631 6543 6546
f 7626 6532 7617
f 7631 6547 7632
f 7624 6544 7629
f 7633 6538 7623
f 7622 6542 7627
f 7634 6536 7621
f 7632 6540 7625
f 6551 6563 6552
f 6565 6556 6555
f 6552 6570 6550
f 6555 6570 6565
f 6409 6522 6576
f 7630 6549 7634
f 6808 6794 6604
f 6809 6781 6610
f 6816 6615 6810
f 6648 6815 6811
f 6662 6814 6812
f 6664 6811 6814
f 6647 6868 6815
f 6823 6613 6816
f 6741 6821 6817
f 6820 6775 6745
f 6822 6740 6769
f 6819 6604 6775
f 6809 6717 6823
f 6820 6781 6824
f 6825 6794 6807
f 6825 6769 6793
f 7635 6840 6826
f 7636 6828 6827
f 7637 6826 6828
f 7638 6830 7639
f 7640 6832 7641
f 7642 6834 7643
f 7644 6835 6836
f 7645 6838 7646
f 7644 6839 7647
f 7643 6840 7648
f 7647 6841 7649
f 7641 6837 7645
f 7650 6831 7640
f 7639 6835 7651
f 7652 6829 7638
f 7649 6833 7642
f 6846 6856 6844
f 6859 6849 6848
f 6844 6863 7653
f 6848 6863 6859
f 6704 6817 6868
f 7646 6843 7652
f 7116 6896 7100
f 7114 6901 7101
f 7108 6906 7102
f 6939 7107 7103
f 6955 7106 7105
f 6954 7103 7106
f 6938 7654 7107
f 7113 6904 7108
f 7161 7032 7109
f 7111 7068 7037
f 7109 7062 7112
f 7110 6896 7068
f 7101 7009 7113
f 7111 7075 7114
f 7115 7087 7116
f 7112 7091 7115
f 7655 7128 7117
f 7656 7118 7119
f 7657 7117 7118
f 7658 7120 7659
f 7660 7122 7661
f 7662 7123 7663
f 7664 7131 7124
f 7665 7126 7666
f 7667 7124 7127
f 7668 7123 7128
f 7669 7127 7129
f 7661 7125 7665
f 7670 7121 7660
f 7659 7131 7671
f 7133 7658 7672
f 7662 7129 7134
f 7137 7147 7135
f 7140 7151 7141
f 7135 7154 7673
f 7140 7154 7150
f 6997 7161 7654
f 7666 7133 7672
f 7414 7189 7395
f 7397 7370 7194
f 7399 7304 7197
f 7234 7406 7400
f 7249 7674 7402
f 7278 7400 7404
f 7233 7454 7406
f 7398 7364 7304
f 7328 7409 7675
f 7411 7363 7332
f 7409 7357 7412
f 7410 7189 7363
f 7407 7194 7364
f 7411 7370 7396
f 7414 7386 7382
f 7413 7357 7386
f 7202 7427 7415
f 7200 7416 7208
f 7200 7415 7417
f 7393 7419 7377
f 7247 7421 7245
f 7209 7433 7422
f 7203 7431 7423
f 7292 7425 7322
f 7344 7423 7426
f 7306 7422 7427
f 7344 7428 7343
f 7245 7424 7292
f 7280 7430 7247
f 7377 7431 7205
f 7320 7418 7393
f 7211 7428 7433
f 7429 7434 7253
f 7437 7249 7402
f 7434 7447 7676
f 7437 7447 7444
f 7291 7675 7454
f 7322 7432 7320
f 7610 7677 6879
f 7678 7679 7680
f 7681 7262 7173
f 7682 7683 7684
f 6382 7685 6295
f 7686 7687 7688
f 7172 7681 7173
f 7689 7172 7179
f 7690 7691 7692
f 7683 7691 7684
f 7693 7694 7695
f 7696 6295 7685
f 7697 7678 7698
f 7699 6587 7700
f 7701 7702 7687
f 7703 7690 7704
f 7688 7705 7686
f 7706 7707 7708
f 7605 7700 6587
f 7709 6292 7710
f 7696 7711 7600
f 7682 7178 7206
f 7179 7712 7689
f 7713 7714 7715
f 7716 6879 7677
f 7601 7710 6292
f 7717 7694 7706
f 7718 7719 7720
f 7721 7722 7703
f 7723 7724 7725
f 7718 7697 7726
f 7727 7728 7729
f 7730 7731 7732
f 7733 7732 7734
f 7735 7736 7729
f 6886 7737 7610
f 7734 7731 7738
f 7734 7739 7740
f 7719 7741 7742
f 7743 7744 7745
f 7741 7746 7733
f 7747 6882 7716
f 7748 7749 7750
f 7751 7733 7752
f 7729 7749 7735
f 7741 7753 7742
f 7754 7755 7756
f 7757 7758 7759
f 7755 7760 7756
f 7761 7762 7757
f 7763 7764 7765
f 7766 7767 7768
f 7765 7769 7770
f 7767 7771 7768
f 7772 7759 7758
f 7773 7774 7775
f 7776 7777 7778
f 7779 7780 7781
f 7782 7783 7774
f 7784 7785 7786
f 7787 7605 6594
f 7788 7789 7777
f 7790 7781 7791
f 7776 7775 7792
f 7793 7757 7794
f 7784 7795 7796
f 7797 7798 7799
f 7772 7784 7786
f 7769 7799 7798
f 6421 6293 6419
f 6429 6296 6427
f 6321 6299 6430
f 6319 7800 7688
f 7801 6297 6321
f 7711 6334 7600
f 6419 6294 6429
f 6392 7702 7713
f 6391 7687 7702
f 6535 7713 7802
f 6427 6334 6336
f 6430 6291 6421
f 6515 7688 7687
f 7803 6535 7802
f 7804 6688 7680
f 6724 6589 6722
f 6726 6622 6592
f 7805 6622 6617
f 7806 6914 6908
f 7807 6614 7808
f 7809 6980 7693
f 7707 7102 7708
f 6688 7678 7680
f 7008 6970 7015
f 7698 6615 7807
f 6716 6592 6586
f 6908 6884 7018
f 6632 6589 6630
f 7015 6881 7016
f 7810 6827 7804
f 7678 6810 7698
f 7690 7399 7704
f 6714 6678 6724
f 6631 7604 7811
f 7102 7812 7708
f 6716 6588 6714
f 7813 7119 7809
f 7692 7272 7690
f 6906 7814 7812
f 7303 7614 7171
f 7197 7815 7816
f 7311 7176 7309
f 7007 6884 6878
f 7817 6922 7609
f 7007 6880 7008
f 6924 6881 6922
f 6980 7707 7693
f 7302 7177 7614
f 7311 7171 7174
f 7704 7197 7816
f 7683 7270 7692
f 7309 7217 7216
f 7206 7416 7683
f 7818 7217 7613
f 7314 7207 7177
f 7208 7313 7200
f 7819 6274 6264
f 7820 6266 7821
f 7822 6268 7823
f 7824 6265 7820
f 6271 7825 7826
f 6273 7827 6272
f 7828 6269 7824
f 6270 7829 7825
f 7830 7831 7832
f 7823 6277 7833
f 6277 7834 7833
f 7835 6276 7830
f 7836 6267 7822
f 6281 7837 7834
f 7835 6264 6278
f 7821 6279 7836
f 7838 7824 7839
f 7825 7840 7841
f 7842 7832 7843
f 7844 7833 7845
f 7834 7845 7833
f 7846 7830 7842
f 7847 7822 7848
f 7834 7849 7850
f 7846 7819 7835
f 7851 7836 7847
f 7852 7829 7819
f 7853 7821 7851
f 7848 7823 7844
f 7839 7820 7853
f 7826 7841 7854
f 7828 7855 7827
f 7856 7843 7857
f 7858 7845 7859
f 7845 7860 7859
f 7861 7842 7856
f 7862 7848 7863
f 7850 7864 7860
f 7861 7852 7846
f 7865 7847 7862
f 7866 7840 7852
f 7867 7851 7865
f 7863 7844 7858
f 7868 7853 7867
f 7854 7869 7870
f 7838 7871 7855
f 7872 7839 7868
f 7841 7873 7869
f 7874 7861 7856
f 7875 7863 7876
f 7860 7877 7878
f 7879 7866 7861
f 7880 7862 7875
f 7881 7873 7866
f 7882 7865 7880
f 7876 7858 7883
f 7884 7867 7882
f 7870 7885 7886
f 7872 7887 7871
f 7888 7868 7884
f 7869 7889 7885
f 7874 7857 7890
f 7883 7859 7891
f 7859 7878 7891
f 7892 7890 7893
f 7894 7891 7895
f 7891 7896 7895
f 7897 7874 7892
f 7898 7876 7899
f 7878 7900 7896
f 7897 7881 7879
f 7901 7875 7898
f 7902 7889 7881
f 7903 7880 7901
f 7899 7883 7894
f 7904 7882 7903
f 7886 7905 7906
f 7888 7907 7887
f 7908 7884 7904
f 7885 7909 7905
f 7910 7892 7911
f 7912 7899 7913
f 7896 7914 7915
f 7910 7902 7897
f 7916 7898 7912
f 7917 7909 7902
f 7918 7901 7916
f 7913 7894 7919
f 7920 7903 7918
f 7906 7921 7922
f 7908 7923 7907
f 7924 7904 7920
f 7905 7925 7921
f 7911 7893 7926
f 7919 7895 7927
f 7895 7915 7927
f 7928 7917 7910
f 7929 7912 7930
f 7931 7925 7917
f 7932 7916 7929
f 7933 7913 7919
f 7934 7918 7932
f 7922 7935 7936
f 7924 7937 7923
f 7938 7920 7934
f 7921 7939 7935
f 7940 7926 7941
f 7942 7919 7927
f 7927 7943 7942
f 7928 7911 7940
f 7944 7912 7913
f 7915 7945 7943
f 7946 7939 7931
f 7947 7929 7948
f 7949 7944 7933
f 7950 7932 7947
f 7936 7951 7952
f 7938 7953 7937
f 7954 7934 7950
f 7935 7955 7951
f 7956 7941 7957
f 7958 7933 7942
f 7942 7959 7958
f 7960 7940 7956
f 7961 7930 7944
f 7943 7962 7959
f 7960 7931 7928
f 7948 7930 7963
f 7964 7961 7949
f 7965 7947 7966
f 7952 7967 7968
f 7954 7969 7953
f 7970 7950 7965
f 7951 7971 7967
f 7972 7957 7973
f 7974 7949 7958
f 7958 7975 7974
f 7976 7956 7972
f 7977 7963 7961
f 7959 7978 7975
f 7976 7946 7960
f 7979 7963 7980
f 7981 7955 7946
f 7966 7948 7979
f 7970 7982 7969
f 7983 7965 7984
f 7967 7985 7986
f 7987 7973 7988
f 7989 7964 7974
f 7974 7990 7989
f 7991 7972 7987
f 7992 7977 7993
f 7975 7994 7990
f 7991 7981 7976
f 7995 7980 7992
f 7996 7971 7981
f 7997 7979 7995
f 7998 7977 7964
f 7984 7966 7997
f 7968 7986 7999
f 8000 7988 8001
f 8002 7998 7989
f 7989 8003 8002
f 8004 7987 8000
f 8005 7993 8006
f 7990 8007 8003
f 8008 7991 8004
f 8009 7992 8005
f 8008 7985 7996
f 8010 7995 8009
f 8011 7993 7998
f 8012 7997 8010
f 7999 8013 8014
f 7983 8015 7982
f 8016 7984 8012
f 7986 8017 8013
f 8018 8000 8019
f 8020 8006 8021
f 8003 8022 8023
f 8024 8004 8018
f 8025 8005 8020
f 8024 8017 8008
f 8026 8009 8025
f 8021 8011 8027
f 8028 8010 8026
f 8014 8029 8030
f 8016 8031 8015
f 8032 8012 8028
f 8013 8033 8029
f 8019 8001 8034
f 8035 8011 8002
f 8002 8023 8035
f 8036 8018 8037
f 8038 8020 8039
f 8036 8033 8024
f 8040 8025 8038
f 8041 8027 8042
f 8043 8026 8040
f 8030 8044 8045
f 8032 8046 8031
f 8047 8028 8043
f 8029 8048 8044
f 8049 8034 8050
f 8051 8027 8035
f 8035 8052 8051
f 8037 8019 8049
f 8039 8021 8041
f 8022 8052 8023
f 8053 8048 8036
f 8054 8038 8055
f 8056 8042 8057
f 8058 8040 8054
f 8045 8059 8060
f 8047 8061 8046
f 8062 8043 8058
f 8044 8063 8059
f 8064 8050 8065
f 8066 8042 8051
f 8051 8067 8066
f 8068 8049 8064
f 8069 8041 8056
f 8052 8070 8067
f 8068 8036 8037
f 8055 8039 8069
f 8071 8057 8072
f 8073 8054 8074
f 8075 8076 8077
f 8078 8079 8080
f 8078 8058 8073
f 8081 8082 8076
f 8083 8065 8084
f 8085 8057 8066
f 8085 8086 8087
f 8088 8064 8083
f 8089 8056 8071
f 8090 8091 8086
f 8088 8053 8068
f 8092 8069 8089
f 8093 8063 8053
f 8074 8055 8092
f 7764 8094 7769
f 7786 8095 7759
f 7745 8096 7743
f 8095 7757 7759
f 8097 7793 8098
f 8099 7785 8100
f 7761 8101 7764
f 7681 8102 8103
f 8104 6590 7699
f 8105 7601 6298
f 6591 6326 7604
f 6591 8105 6298
f 7681 8106 8107
f 8108 8106 7799
f 6883 6593 7609
f 8101 8109 8094
f 6594 7747 7787
f 8094 8108 7799
f 8103 8110 7797
f 7797 8111 7755
f 8108 7262 8107
f 7175 8112 6886
f 7175 6885 7613
f 7797 8106 8103
f 8113 7750 7749
f 8114 8115 8116
f 8117 8114 8116
f 7468 8118 8119
f 8120 8121 8122
f 8123 7507 7465
f 7507 8124 7505
f 8125 7540 8126
f 8126 7539 8120
f 8127 7505 8124
f 8128 7546 8125
f 7465 8129 8123
f 8118 7552 8128
f 8130 8125 8131
f 8130 8118 8128
f 8123 8132 8133
f 8134 8122 8135
f 8119 8136 8137
f 8133 8138 8123
f 8138 8139 8124
f 8140 8124 8139
f 8131 8126 8141
f 8141 8120 8134
f 8142 8141 8143
f 8143 8134 8144
f 8142 8130 8131
f 8145 8136 8130
f 8133 8146 8147
f 8144 8135 8148
f 8137 8149 8150
f 8147 8151 8133
f 8139 8152 8153
f 8153 8140 8139
f 8154 8152 8147
f 8153 8155 8156
f 8156 8157 8153
f 8158 8142 8143
f 8158 8144 8159
f 8160 8142 8161
f 8162 8145 8160
f 8147 8163 8154
f 8159 8148 8164
f 8149 8165 8150
f 8163 8166 8154
f 8167 8159 8164
f 8162 8168 8165
f 8166 8155 8154
f 8156 8169 8170
f 8170 8171 8156
f 8172 8161 8158
f 8173 8158 8159
f 8174 8161 8175
f 8176 8160 8174
f 8177 8174 8175
f 8178 8174 8179
f 8166 8180 8181
f 8182 8173 8167
f 8176 8183 8168
f 8181 8169 8166
f 8170 8184 8185
f 8185 8186 8170
f 8187 8175 8172
f 8187 8173 8188
f 8189 8179 8190
f 8191 8178 8189
f 8192 8193 8194
f 8195 8193 8196
f 8197 8198 8199
f 8194 8200 8201
f 8201 8202 8203
f 8203 8204 8205
f 8206 8207 8208
f 8205 8209 8210
f 8210 8211 8212
f 8211 8213 8214
f 8212 8214 8215
f 8216 7604 6326
f 7817 6593 8217
f 7802 7808 7803
f 7807 7713 7698
f 7698 7715 7697
f 7730 7697 7715
f 8218 7740 7739
f 7734 7752 7733
f 8181 8219 8220
f 7812 7810 7804
f 7804 7708 7812
f 7818 6885 8221
f 7816 7813 7809
f 7809 7704 7816
f 7704 7695 7703
f 7727 7703 7695
f 8113 7719 7742
f 8222 7742 7753
f 7749 8223 8113
f 7720 8223 7717
f 7706 7680 7679
f 8224 8225 7736
f 7790 8226 8227
f 7798 7770 7769
f 7795 8228 7796
f 7745 8229 7795
f 8099 7794 8095
f 8110 7725 8111
f 8184 8220 8230
f 8231 7771 8232
f 8233 7782 7773
f 7791 7771 7790
f 8227 7779 7790
f 8234 8235 7782
f 7792 7788 7776
f 8236 8237 7779
f 7778 7773 7776
f 8238 8237 7788
f 7724 8239 8240
f 8209 8241 8211
f 7735 8239 8224
f 8204 8242 8209
f 8185 8230 8243
f 8243 8244 8185
f 8188 8245 8246
f 8187 8246 8247
f 8247 8177 8187
f 8248 8249 8235
f 8250 8251 8252
f 8250 8253 8254
f 8111 8255 7760
f 8256 8208 8257
f 8258 8259 8117
f 8260 8261 8259
f 8262 8263 8261
f 8264 8265 8263
f 8266 8267 8265
f 8268 8075 8269
f 8270 8060 8268
f 8271 8030 8272
f 8273 5537 8274
f 8274 5536 8275
f 8275 8276 8277
f 8276 8278 8277
f 5534 8279 8278
f 5695 8280 8279
f 5533 8281 8280
f 8282 8283 8284
f 8282 5391 8285
f 8286 5515 8285
f 8286 5530 8287
f 8288 5513 8287
f 271 4960 4899
f 8289 4899 4960
f 8290 5325 8291
f 8292 5016 8290
f 8293 4995 8294
f 8295 5060 8293
f 8296 5043 8295
f 8297 8298 8296
f 5046 8298 8299
f 5047 8299 8300
f 5140 8300 8301
f 5172 8302 8303
f 8304 5161 8302
f 8305 5183 8304
f 8305 8306 8307
f 8306 8308 8307
f 5251 8308 8309
f 5266 8309 8310
f 5285 8311 8310
f 8311 5310 8312
f 8312 8313 8314
f 8315 8314 8316
f 5309 8317 8318
f 8317 5284 8319
f 8320 5287 8319
f 8320 5242 8321
f 5253 8321 8322
f 5207 8322 8323
f 5216 8324 8323
f 5194 8325 8324
f 5185 8325 8326
f 8327 5185 8326
f 8328 5041 8329
f 8330 5136 8329
f 5051 8330 8331
f 5050 8331 8332
f 5035 8333 8332
f 5048 8333 8334
f 5034 8335 8334
f 5053 8336 8337
f 8338 8339 8336
f 4914 8340 4963
f 4963 8341 4962
f 8342 6118 8273
f 8342 8343 8344
f 8345 8346 8347
f 8345 6113 8348
f 8348 6226 8349
f 8349 6242 8350
f 8351 6233 8350
f 8351 6271 8352
f 8352 7826 8353
f 8267 8354 8355
f 8355 8356 8357
f 6166 8274 5521
f 5521 8275 5520
f 5520 8277 5522
f 8277 5384 5522
f 8278 5697 5384
f 8279 5518 5697
f 5518 8281 5516
f 5545 8284 5544
f 5528 8285 5515
f 5392 8285 5391
f 5514 8287 5513
f 8358 4961 8359
f 8360 4962 8341
f 8360 4964 8361
f 5323 8291 5324
f 5055 8290 5323
f 5033 8294 5054
f 5036 8293 5033
f 8297 8295 5036
f 8296 5059 5056
f 8299 5120 5037
f 8300 5037 5040
f 8301 5040 5133
f 8303 5161 5160
f 8362 8302 5176
f 5193 8304 8362
f 5202 8307 5222
f 8307 5231 5222
f 8309 5238 5241
f 8310 5241 5285
f 8310 5276 5266
f 8311 5299 5276
f 5299 8314 5301
f 8316 8363 8364
f 5304 8317 8365
f 8365 8319 5287
f 5259 8319 5284
f 5278 8321 5268
f 8322 5242 5239
f 5216 8322 5239
f 8323 5203 5207
f 8324 8366 5203
f 8326 5175 5171
f 5173 8326 5171
f 8367 8329 5136
f 8330 5041 5039
f 8331 5039 5038
f 8332 5038 5035
f 8332 5049 5050
f 8334 5032 5034
f 8334 8368 5048
f 8337 4988 5020
f 8336 8369 4988
f 8370 8371 8372
f 8373 8374 8375
f 8375 8376 8377
f 8377 8378 8379
f 8380 8381 8382
f 8382 8383 8384
f 8384 8385 8386
f 8386 8387 8388
f 8388 8389 8390
f 6172 8273 6166
f 6161 8344 6168
f 6111 8347 6109
f 6107 8348 6108
f 6108 8349 6221
f 6221 8350 6233
f 6257 8350 6242
f 6280 8352 8391
f 8391 8353 7837
f 8258 8234 8233
f 8260 8233 7778
f 7778 8262 8260
f 7777 8264 8262
f 8266 7789 8236
f 8045 8272 8030
f 8392 8236 8227
f 8227 8354 8392
f 8393 8394 8357
f 8395 8396 8091
f 8397 8268 8070
f 6210 8398 6208
f 6217 8399 6210
f 6219 8400 6217
f 6243 8401 6219
f 6243 8402 8403
f 6258 8404 8402
f 8405 6272 7827
f 8406 7827 7855
f 8407 7855 7871
f 8408 7871 7887
f 8409 7887 7907
f 8410 7907 7923
f 8411 7923 7937
f 8412 7937 7953
f 8413 7953 7969
f 8414 7969 7982
f 8415 7982 8015
f 8416 8015 8031
f 8417 8031 8046
f 8418 8046 8061
f 8419 8061 8080
f 8420 8421 8393
f 8356 8226 7767
f 8109 8112 8094
f 7728 7717 8223
f 8422 8423 7686
f 8097 7737 8109
f 7677 8098 7716
f 7679 7718 7720
f 7747 8098 7793
f 7736 8424 7721
f 8423 7701 7686
f 7747 7794 7787
f 8425 7787 7794
f 7700 8425 8099
f 7700 8100 7699
f 8426 7726 7746
f 7695 8427 7727
f 7684 8225 7682
f 7785 7699 8100
f 7715 8423 7730
f 8104 7796 8105
f 8228 8105 7796
f 7710 8228 8229
f 7691 8424 7684
f 7710 8428 7709
f 7685 8428 7745
f 7685 7744 7696
f 8429 8430 7744
f 8422 8431 8432
f 8225 7712 7682
f 7689 7723 8110
f 7689 8102 8433
f 7744 8434 7696
f 7732 7726 7730
f 7729 7721 7727
f 7706 7720 7717
f 8435 8179 8177
f 8436 8245 8437
f 8438 8246 8436
f 8096 8439 8440
f 8441 8235 8249
f 8442 8356 7767
f 8435 8438 8206
f 8252 8443 8442
f 7743 8440 8444
f 7783 8444 8440
f 8441 8436 8444
f 8444 8429 7743
f 7774 8440 8439
f 7775 8439 7772
f 8254 8215 8214
f 8254 8213 8251
f 8445 8446 8447
f 8448 8449 8445
f 8450 8448 8451
f 8452 8451 8453
f 8454 8453 8455
f 8456 8455 8257
f 8457 8257 8208
f 8458 8208 8207
f 8447 8459 8445
f 8197 8257 8460
f 8445 8461 8448
f 8462 8463 8459
f 8202 8464 8204
f 8465 8200 8466
f 8467 8459 8463
f 8461 8468 8469
f 8469 8470 8471
f 8471 8472 8473
f 8448 8469 8451
f 8471 8451 8469
f 8471 8455 8453
f 8193 8466 8200
f 8198 8473 8472
f 8460 8455 8473
f 7725 8240 8255
f 7758 7775 7772
f 7792 7762 8238
f 8238 7763 7780
f 7765 7780 7763
f 7770 7781 7765
f 7754 7791 7770
f 7756 8232 7754
f 8253 8255 8240
f 8240 8215 8253
f 7748 8215 8239
f 8212 7750 8210
f 8222 8210 7750
f 8205 7753 8203
f 8203 7751 8201
f 7752 8201 7751
f 8194 7740 8192
f 7686 8474 8422
f 7738 8431 7739
f 8432 7731 8422
f 8429 8437 8475
f 8399 8476 8398
f 8400 8477 8399
f 8401 8478 8400
f 8403 8479 8401
f 8403 8480 8481
f 8402 8482 8480
f 8250 8442 7766
f 8483 8404 8405
f 8484 8405 8406
f 8485 8406 8407
f 8486 8407 8408
f 8487 8408 8409
f 8488 8409 8410
f 8489 8410 8411
f 8490 8411 8412
f 8491 8412 8413
f 8492 8413 8414
f 8493 8414 8415
f 8494 8415 8416
f 8495 8416 8417
f 8496 8417 8418
f 8497 8418 8419
f 8498 8207 8248
f 8499 8248 8234
f 8500 7760 8255
f 7766 8500 8250
f 7756 8501 8231
f 7768 8501 7766
f 8502 7999 8503
f 8502 7962 8504
f 8505 7952 8504
f 8505 7914 8506
f 8507 7922 8506
f 8508 7906 8507
f 8509 7886 8508
f 8510 7870 8509
f 7978 8503 7994
f 7968 8504 7952
f 7945 8504 7962
f 7936 8506 7922
f 7900 8506 7914
f 7877 8507 7900
f 7864 8508 7877
f 7849 8509 7864
f 8503 8014 8271
f 8270 8022 8272
f 8353 7854 8510
f 7994 8271 8007
f 7837 8510 7849
f 8007 8272 8022
f 8438 8249 8206
f 8218 8511 8243
f 8243 8192 8218
f 8230 8196 8192
f 8196 8219 8195
f 8199 8189 8197
f 8189 8256 8197
f 8190 8206 8256
f 8512 8513 8514
f 8515 8516 8513
f 8517 8518 8516
f 8452 8518 8519
f 8450 8519 8520
f 8521 8520 8522
f 8523 8521 8522
f 8523 8524 8525
f 8526 8514 8115
f 8527 8071 8072
f 8528 8074 8529
f 8060 8081 8075
f 8062 8080 8061
f 8530 8073 8528
f 8059 8531 8081
f 8532 8084 8533
f 8087 8072 8085
f 8066 8090 8085
f 8534 8083 8532
f 8535 8089 8071
f 8067 8395 8090
f 8534 8093 8088
f 8536 8089 8537
f 8538 8531 8093
f 8529 8092 8536
f 8269 8077 8396
f 8070 8269 8395
f 8539 8080 8079
f 8540 8419 8539
f 8541 8393 8443
f 8117 8542 8543
f 8520 8544 8545
f 8117 8499 8258
f 8516 8454 8456
f 8116 8498 8499
f 8546 8357 8394
f 8115 8458 8498
f 8547 8265 8548
f 8267 8546 8549
f 8513 8456 8457
f 8550 8522 8551
f 8261 8547 8552
f 8265 8549 8548
f 8449 8525 8446
f 8519 8553 8544
f 8259 8552 8542
f 8443 8357 8356
f 8551 8520 8545
f 8514 8457 8458
f 8554 7739 8431
f 4648 4644 4649
f 4651 4646 5723
f 4654 5723 5721
f 4657 5721 5719
f 5717 4657 5719
f 5716 4660 5717
f 5753 4663 5716
f 4669 5753 5751
f 4672 5751 5750
f 4675 5750 5747
f 4680 5744 8555
f 5738 4683 5740
f 5737 4681 5738
f 5734 4686 5737
f 4694 4692 4648
f 4700 4693 4694
f 4704 4698 4700
f 8556 4701 4704
f 4710 4708 8557
f 4715 8557 4713
f 8558 4715 4713
f 4712 8556 4708
f 5744 6099 8559
f 4809 4742 4739
f 4814 4734 4800
f 4780 4722 4783
f 4789 6096 4720
f 4807 4737 4743
f 4758 4744 4756
f 8560 4746 4758
f 4659 4737 4656
f 4797 4731 4791
f 4699 4748 4703
f 4791 4732 4794
f 4788 8561 6096
f 5496 4729 4728
f 4756 4745 4749
f 4806 4736 4807
f 4806 4739 4738
f 4748 4709 4703
f 4804 4740 4741
f 4800 4733 4797
f 4684 4727 8562
f 4805 4741 4742
f 4783 4724 4785
f 4794 4729 4795
f 6097 4674 6098
f 4966 8372 8563
f 4966 8564 5693
f 8565 8566 8567
f 8568 8569 8570
f 8571 8572 8573
f 8570 8574 8575
f 8573 4912 8571
f 8372 4921 4923
f 8573 4009 4010
f 4010 4911 8573
f 8575 8576 8565
f 4922 8577 4923
f 8578 8579 8580
f 8581 4016 8389
f 8387 8581 8389
f 8385 8582 8387
f 8583 8383 8584
f 5072 4993 4935
f 8585 4993 5071
f 8586 4967 8587
f 4931 4971 4935
f 4930 4931 4927
f 4925 4927 8588
f 8588 4926 4925
f 4918 8589 4926
f 4963 4909 4914
f 4989 8369 8590
f 4926 4959 4924
f 339 4924 4959
f 6098 4675 6099
f 8591 4690 4689
f 8592 4723 4690
f 4724 8593 8594
f 8561 4673 6097
f 4786 8595 8596
f 6089 4853 6093
f 6088 4854 6089
f 4915 4903 4965
f 4917 4907 4915
f 8584 8381 8597
f 5693 8598 4916
f 4900 8361 4903
f 6090 5554 5473
f 6094 5496 6095
f 4793 5500 4837
f 6093 5500 5499
f 8599 8565 8567
f 5555 5560 6091
f 4784 8600 4782
f 5735 5737 8601
f 8602 5747 5750
f 8603 5778 5770
f 5787 8604 5779
f 5862 5827 5817
f 5869 5837 5828
f 5879 5825 5862
f 5873 5869 5886
f 5884 5879 5914
f 5891 5886 5921
f 5920 5914 5941
f 5931 5891 5921
f 5931 5934 5924
f 5949 5941 5940
f 5948 5961 8605
f 5934 5999 5981
f 5970 8606 5999
f 8605 6003 8607
f 8607 6024 8608
f 8606 6031 6020
f 6075 8609 6067
f 6040 6033 6023
f 6057 6029 6044
f 6031 6079 6037
f 6046 6012 6052
f 6067 8608 6062
f 6062 6024 6070
f 8597 8610 8611
f 6099 5747 8559
f 8612 4689 5734
f 6095 4728 8561
f 4785 8594 8595
f 8613 4178 4086
f 8614 8578 8599
f 8615 4957 4921
f 4902 4910 4909
f 4958 8359 4961
f 8616 4935 4971
f 8617 8618 8619
f 8564 8577 8586
f 4972 8616 4971
f 5321 8620 5320
f 8564 8621 8598
f 8622 5320 8620
f 5329 8623 5327
f 8624 5327 8623
f 8589 4960 4959
f 8358 8289 8589
f 8340 8359 8341
f 8615 8341 8359
f 8360 4921 8371
f 8625 4916 8626
f 8563 4923 8577
f 8627 5325 8624
f 8291 8628 5324
f 8629 5324 8628
f 8630 5322 8629
f 8339 8631 8369
f 8369 8632 8590
f 8621 4970 8598
f 8633 8634 8635
f 8598 8626 4916
f 4772 8568 8636
f 8378 8611 8610
f 8637 8376 8638
f 8636 8570 5687
f 8638 8374 8639
f 8639 8617 8640
f 5687 8575 8580
f 8641 8642 8643
f 8619 8640 8617
f 8644 8645 8646
f 8647 8646 8645
f 8648 8649 8647
f 8650 8651 8641
f 8652 8651 8653
f 8287 8654 8288
f 8655 4109 8656
f 4009 4776 143
f 4776 8657 4774
f 8658 8659 8660
f 8661 4774 8657
f 8613 8662 8663
f 8660 8664 8665
f 8666 8667 8668
f 8663 8669 8670
f 8670 8671 8666
f 8672 8673 8665
f 8674 1124 5685
f 8668 8675 8672
f 8676 8677 8662
f 8662 8678 8669
f 8653 8679 8680
f 8641 8681 8650
f 8679 8648 8682
f 8682 8647 8683
f 8684 8685 8661
f 8569 8686 8574
f 8683 8645 8687
f 8687 8619 8618
f 8688 8689 8690
f 8690 8691 8692
f 4880 4887 4879
f 4877 8693 4880
f 4883 8694 4877
f 8695 6088 8696
f 8696 8697 8698
f 8697 8699 8698
f 8700 8701 8688
f 1052 8702 5627
f 5318 8702 8703
f 5319 8704 4876
f 4874 4893 4871
f 4876 8705 4874
f 5318 8706 5319
f 8707 8692 8691
f 4889 8708 8707
f 8709 8710 4889
f 8711 8681 8712
f 8712 8643 8713
f 8713 8642 8714
f 4782 8614 4781
f 8652 8715 8642
f 8716 8660 8717
f 8718 8663 8719
f 8717 8665 8673
f 8720 8668 8721
f 8719 8670 8722
f 8722 8666 8720
f 8723 8665 8664
f 8721 8672 8723
f 8669 8724 8671
f 8725 8574 8686
f 8726 8576 8725
f 8566 4969 8727
f 8727 8728 8729
f 8730 8731 8658
f 8671 8732 8667
f 8667 8733 8675
f 8675 8734 8673
f 8673 8735 8717
f 8736 8734 8654
f 8737 8642 8715
f 5618 4870 5393
f 5628 4873 5618
f 5620 4890 4895
f 8709 4872 4871
f 8707 4890 4889
f 5628 5629 4875
f 8701 5467 8689
f 8689 5469 8691
f 8711 5465 8701
f 8691 4894 8707
f 8737 5486 8714
f 8714 5505 8713
f 5667 1053 5626
f 5702 5626 5629
f 8713 6090 8712
f 8712 5473 8711
f 5484 5335 5334
f 8724 5689 8732
f 4786 8579 4784
f 8596 5688 4786
f 8565 8580 8575
f 4774 8568 8738
f 8653 8739 8652
f 8740 8635 8634
f 8726 4970 4969
f 8630 8740 8631
f 8731 8629 8659
f 8725 8626 8726
f 8625 8686 8741
f 8659 8628 8664
f 8664 8627 8723
f 4917 8741 8742
f 8723 8624 8721
f 8741 8684 8743
f 8623 8721 8624
f 8742 8743 4906
f 8744 4906 8743
f 8571 4905 8744
f 8743 8661 8744
f 8657 8744 8661
f 8622 8720 8623
f 8620 8722 8622
f 8719 5681 8718
f 8745 8632 8634
f 8610 8379 8378
f 5569 8746 8747
f 5566 8748 8749
f 8749 8750 5576
f 8751 8750 5573
f 8752 8753 8751
f 8754 8755 8752
f 8756 8757 8754
f 5661 8758 8756
f 5646 8759 8760
f 8753 5576 8750
f 8761 5568 8746
f 8758 5578 8757
f 8762 5579 8758
f 5678 8749 5704
f 8755 5574 8753
f 8757 5577 8755
f 5704 5576 5575
f 5564 8760 5645
f 8631 8634 8632
f 8763 8764 8765
f 8658 8763 8730
f 8765 8730 8763
f 8635 8766 8633
f 8716 8767 8763
f 8768 8717 8735
f 8678 5690 8724
f 8678 5692 5691
f 8677 8674 5692
f 8732 8288 8733
f 8733 8654 8734
f 5529 8654 5530
f 8769 8770 8739
f 8771 8772 8773
f 8774 8735 8736
f 8773 8775 8567
f 8736 8715 8774
f 8729 8773 8727
f 8567 8727 8773
f 8774 8739 8770
f 5529 8737 8736
f 8768 8770 8767
f 5688 8580 8579
f 8776 8767 8770
f 8777 5492 8772
f 5494 8772 5492
f 8775 5501 8778
f 8778 5497 8779
f 4787 8779 5497
f 8780 4789 8781
f 4720 8781 4789
f 8782 4676 8783
f 4678 8783 4676
f 4680 8784 4678
f 8650 8700 8649
f 8649 8688 8646
f 8646 8690 8644
f 8692 8644 8690
f 8708 8640 8692
f 8710 8639 8708
f 4892 8638 8710
f 6055 6030 6033
f 6087 5991 6012
f 5991 8785 5976
f 5936 8785 8786
f 5908 8786 8787
f 8787 5900 5908
f 8788 5857 5900
f 8789 8790 5857
f 8790 8791 5806
f 8792 8793 5758
f 5743 8794 8795
f 8796 8555 8797
f 8637 4893 8611
f 8705 8611 4893
f 8704 8597 8705
f 8706 8584 8704
f 8583 8703 8582
f 8582 8702 8581
f 4869 3822 238
f 6022 6044 6029
f 6085 8798 6087
f 5988 8608 8609
f 8778 8567 8775
f 8599 8779 8614
f 8780 8614 8779
f 4781 8781 4726
f 4766 8636 5686
f 4757 5686 8596
f 8560 8596 8595
f 8799 6059 8800
f 8801 8800 6058
f 6053 8799 8800
f 6042 6045 8799
f 6041 6043 6045
f 6078 6056 6043
f 6069 6077 6083
f 6083 8802 6069
f 6061 8802 6066
f 6063 6038 6061
f 6034 6063 6071
f 6071 6051 6034
f 6064 6082 6051
f 6047 6082 6050
f 6025 8785 8798
f 8786 5963 5937
f 8786 5907 8787
f 8788 5907 5899
f 5899 8789 8788
f 5856 8803 8789
f 5804 8803 5802
f 8794 5755 5757
f 8795 5757 5739
f 4683 8797 5740
f 8796 4682 8784
f 8784 8562 8783
f 4727 8783 8562
f 8782 4726 8781
f 4747 8595 8594
f 8594 4717 4747
f 8558 8593 8592
f 4718 8592 8591
f 8591 5727 4718
f 5733 5796 5728
f 5797 5777 8804
f 5867 5846 5826
f 5845 8805 5854
f 5898 8805 5883
f 5883 5904 5898
f 5919 5933 5904
f 8605 5933 5948
f 5978 8607 5988
f 8769 8680 8806
f 8765 8807 8766
f 8808 8764 8776
f 8776 8806 8808
f 8809 8632 8810
f 8811 8590 8809
f 8812 4987 8813
f 5061 8814 4996
f 8338 5055 5323
f 5063 5070 5021
f 5098 8815 5062
f 5074 8811 8816
f 5117 5115 5105
f 5105 5017 4990
f 8294 4994 8292
f 5326 8337 8335
f 5054 8292 5055
f 8335 5020 8368
f 8813 4989 8811
f 5026 8817 5028
f 8818 8819 5026
f 5068 5119 5121
f 5022 5121 5119
f 8812 5065 5022
f 8813 5096 8812
f 8810 8587 8809
f 8809 8816 8811
f 8810 8621 8586
f 8745 4968 8621
f 8633 8728 4968
f 8766 8729 8728
f 8807 8771 8729
f 8777 8808 8806
f 8806 8699 8777
f 8814 382 378
f 5063 4997 8814
f 5062 8820 5070
f 5021 5072 8616
f 5091 8821 8817
f 5093 5069 5077
f 8822 8815 5075
f 5077 5064 5122
f 5080 5073 5097
f 5097 5075 8815
f 5122 5066 5080
f 8819 5091 8817
f 8821 5148 8823
f 8824 5158 8825
f 8825 5182 8826
f 8826 5201 8827
f 8827 5221 8828
f 8828 5229 8829
f 8829 5250 8830
f 8830 5265 8831
f 8831 5275 8832
f 8832 5298 5308
f 5298 5307 5308
f 8816 5075 5074
f 4967 8585 8587
f 8585 8816 8587
f 8820 8585 5071
f 5317 5303 5300
f 8833 5302 5303
f 5312 5311 5315
f 5302 8834 5314
f 8834 719 5314
f 5279 5308 5288
f 8832 5269 8831
f 8831 8835 8830
f 8830 5233 8829
f 8829 5209 8828
f 8836 8828 5209
f 8836 8826 8827
f 8826 5165 8825
f 8825 8837 8824
f 8823 5030 8821
f 5028 8821 5030
f 8698 8680 8679
f 8682 8698 8679
f 8683 8696 8682
f 8687 8695 8683
f 8618 8694 8687
f 8373 8693 8618
f 4887 8375 4886
f 4886 8377 4885
f 4885 8379 4884
f 8380 4884 8379
f 4865 8382 4867
f 4867 8384 4864
f 4864 8386 4863
f 4863 8388 4868
f 4868 8390 4869
f 5710 5605 5561
f 5597 5562 5608
f 5601 5609 5610
f 5602 5608 5606
f 5593 5651 5649
f 5601 5672 5676
f 5676 5604 5710
f 5552 5651 5550
f 8838 5649 5651
f 5477 5590 8839
f 8839 5648 5662
f 5621 8840 5632
f 8841 5633 5653
f 5633 8842 8843
f 8842 8844 8845
f 8846 8847 8840
f 8844 8841 8848
f 8844 8849 8845
f 8850 8851 8847
f 8852 8848 8853
f 8760 8854 8855
f 5663 8856 8857
f 5644 8858 8859
f 8855 5645 8760
f 8859 5642 5644
f 8860 5662 5648
f 5468 8850 5478
f 4895 8850 8846
f 8849 8861 8845
f 8843 8862 5471
f 8862 8845 8861
f 4895 5621 5620
f 5466 8863 5468
f 8864 5474 5553
f 8865 5552 5551
f 8866 5698 8867
f 8868 5555 8869
f 8870 8871 8872
f 8873 6092 8874
f 8875 8858 8855
f 8876 8877 8878
f 8879 8880 8881
f 8882 8853 8883
f 8884 5553 8868
f 8885 8886 8887
f 8888 8889 8890
f 8891 8886 8892
f 8893 8860 8866
f 8894 8895 8888
f 8878 8896 8897
f 8898 8872 8899
f 8900 8838 5552
f 8901 8902 8903
f 8904 8905 8906
f 8907 8908 8909
f 8910 8889 8911
f 8912 8913 8914
f 8915 8916 8880
f 8917 8918 8886
f 8919 8913 8902
f 8899 8920 8921
f 8895 8911 8889
f 8877 8922 8896
f 8923 8871 8924
f 8925 8926 8927
f 8928 8926 8929
f 8930 8931 8895
f 8872 8932 8920
f 8902 8910 8919
f 8886 8933 8887
f 8905 8928 8934
f 8923 8935 8936
f 8937 8938 8877
f 8939 8880 8916
f 8918 8940 8933
f 8928 8941 8934
f 8942 8936 8943
f 8912 8944 8938
f 8945 8916 8946
f 8947 8909 8948
f 8949 8910 8911
f 8950 8914 8951
f 8952 8946 8916
f 8907 8953 8918
f 8954 8914 8919
f 8921 8955 8956
f 8911 8957 8949
f 8938 8958 8922
f 8942 8932 8923
f 8959 8929 8925
f 8960 8928 8929
f 8939 8957 8931
f 8932 8955 8920
f 8919 8961 8954
f 8962 8963 8964
f 8965 8966 8967
f 8968 8969 8970
f 8971 8972 8973
f 8974 8975 8976
f 8977 8978 8979
f 8980 8981 8962
f 8982 8983 8984
f 8985 8986 8974
f 8987 8969 8988
f 8989 8966 8990
f 8991 8992 8993
f 8994 8993 8973
f 8995 8996 8997
f 8998 8999 9000
f 9001 8999 9002
f 8995 9003 9004
f 9005 8983 9006
f 9007 9008 9009
f 9010 8972 8990
f 9011 9012 9013
f 9014 9015 9016
f 9017 9018 9019
f 9012 9020 9013
f 9021 9022 9023
f 9024 9025 9026
f 9027 9028 9029
f 9030 9031 9011
f 9032 9025 9033
f 9034 9035 9036
f 9037 9029 9038
f 9039 9040 9041
f 9028 9023 9022
f 9029 9042 9043
f 9038 9043 9044
f 9032 9045 9018
f 9046 9016 9047
f 9048 9047 9016
f 9049 9011 9013
f 9050 9033 9024
f 9036 9051 9052
f 9053 9039 9054
f 9055 9056 9057
f 9058 9051 9035
f 9013 9059 9049
f 9060 9061 9048
f 9057 9062 9055
f 9063 9014 9046
f 9018 9064 9065
f 9066 9028 9022
f 9054 9041 9067
f 8976 8953 8974
f 8974 8947 8985
f 8948 8985 8947
f 8958 9068 8948
f 8964 8944 8962
f 8962 8950 8980
f 8951 8980 8950
f 8761 5571 8748
f 8748 5573 8750
f 5655 5631 5652
f 5652 5632 5653
f 5669 5630 5655
f 5673 1085 5656
f 8762 5663 8759
f 5636 5703 5617
f 5657 5711 5656
f 5701 5680 5711
f 5639 8747 5654
f 5625 5573 5572
f 5482 8751 5625
f 5475 8752 5482
f 5477 8754 5475
f 8839 8756 5477
f 5632 8841 5653
f 8840 8848 8841
f 8847 8853 8848
f 8759 8857 8854
f 8897 8908 9069
f 8906 8915 8879
f 8896 8909 8908
f 8905 8952 8915
f 8934 9070 8952
f 8922 8948 8909
f 8964 9008 9068
f 8979 9071 8982
f 9052 9020 9036
f 9072 9033 9073
f 9062 9011 9074
f 9022 9075 9066
f 8971 8951 8954
f 8954 9076 8971
f 9006 9077 9078
f 9007 9079 9080
f 9081 9082 9083
f 9010 9084 9085
f 9086 9087 9088
f 9005 9084 9089
f 9090 9091 9082
f 8994 9092 9093
f 9080 9094 9095
f 9001 9096 9097
f 9098 9099 9086
f 9088 9100 9009
f 9101 9096 9077
f 8990 9076 8989
f 8989 8961 8949
f 8949 8967 8989
f 8967 8945 8965
f 8946 8965 8945
f 8984 9070 8982
f 9102 9103 8999
f 8941 8982 9070
f 9060 9104 9039
f 9105 9035 9106
f 9107 8984 8983
f 9019 9065 9108
f 8973 9109 8971
f 9000 9103 9110
f 8979 9111 8977
f 8997 8968 9112
f 9103 9111 8960
f 9113 9068 9008
f 8992 9109 8993
f 9110 8960 8959
f 8997 9114 9003
f 8956 8970 8987
f 8955 8968 8970
f 9112 9115 8942
f 8943 9112 8942
f 9056 9116 9057
f 9117 9016 9015
f 9118 9048 9117
f 9036 9119 9034
f 9120 9118 9117
f 9058 9121 9014
f 9122 9117 9015
f 9122 9121 9123
f 9123 9105 9124
f 9106 9124 9105
f 9034 9125 9106
f 9034 9126 9127
f 9128 9119 9012
f 9128 9031 9129
f 9129 9130 9131
f 9116 9131 9130
f 9130 9057 9116
f 9132 9021 9133
f 9023 9133 9021
f 9134 9135 9136
f 9027 9136 9135
f 9137 9027 9037
f 9026 9138 9139
f 9025 9140 9138
f 9019 9140 9017
f 9108 9141 9019
f 9142 9104 9143
f 9143 9118 9144
f 9145 9136 9146
f 9147 9144 9148
f 9064 9094 9067
f 9149 9134 9145
f 9132 9149 9150
f 9067 9065 9064
f 9151 9148 9152
f 9153 9154 9155
f 9156 9040 9142
f 9157 9151 9152
f 9158 9159 9157
f 9160 9127 9126
f 9161 9151 9159
f 9041 9108 9065
f 9162 9163 9151
f 9164 9162 9161
f 9153 9148 9163
f 9152 9144 9120
f 9157 9120 9122
f 9123 9157 9122
f 9165 9146 9166
f 9167 9154 9166
f 9168 9161 9159
f 9147 9141 9156
f 9153 9140 9141
f 9165 9154 9162
f 9158 9124 9125
f 9137 9169 9170
f 9138 9155 9167
f 9169 9166 9146
f 9171 9161 9160
f 9170 9146 9136
f 9150 9164 9171
f 9149 9165 9164
f 9160 9128 9171
f 9168 9125 9127
f 9150 9131 9132
f 9171 9129 9150
f 9172 9098 8991
f 9093 8991 8994
f 9173 9174 8995
f 9175 8998 9176
f 9177 9002 9175
f 9173 9004 9178
f 9179 9006 9078
f 9180 9009 9100
f 9085 9181 9010
f 9071 9006 8983
f 8986 9007 9080
f 8988 9090 9081
f 8966 9010 8990
f 8981 9088 8963
f 9107 9089 8966
f 8969 9174 9090
f 8973 9181 8994
f 8975 9080 9095
f 9102 9097 8978
f 8992 9086 8981
f 8963 9009 9008
f 8978 9101 9071
f 9100 9053 9180
f 9087 9061 9100
f 9047 9099 9046
f 9046 9182 9063
f 9172 9063 9182
f 9052 9172 9093
f 9093 9059 9052
f 9049 9092 9085
f 9085 9074 9049
f 9074 9179 9062
f 9078 9062 9179
f 9078 9075 9055
f 9066 9077 9096
f 9096 9042 9066
f 9175 9042 9177
f 9176 9043 9175
f 9083 9073 9050
f 9082 9072 9073
f 9045 9091 9173
f 9178 9045 9173
f 9067 9079 9054
f 9054 9180 9053
f 8935 9183 9184
f 8926 9185 8927
f 8902 9186 8903
f 9187 9188 8870
f 9189 8890 8889
f 8930 8881 8880
f 8940 9114 8943
f 8884 8878 9190
f 9191 8881 8875
f 8917 9069 8908
f 8937 9186 8913
f 9192 8885 9193
f 9194 8890 8874
f 8882 8892 9192
f 8976 9003 9114
f 9195 9196 8926
f 9197 8888 9194
f 9190 8897 9198
f 9187 8898 9199
f 8924 9188 9183
f 8873 8903 8869
f 8893 8906 9200
f 9198 9069 8883
f 9200 8879 9191
f 9184 8900 8865
f 9196 8867 9185
f 9186 8869 8903
f 8901 8874 8890
f 8881 9197 8875
f 8891 8883 9069
f 8876 8868 9186
f 8904 8866 9196
f 9183 9201 8900
f 9139 9037 9026
f 5699 9201 9187
f 9004 8975 9095
f 8864 9190 8863
f 8855 9191 8875
f 9202 9192 9193
f 6092 9194 8874
f 8852 9192 8849
f 9095 9178 9004
f 8859 9197 9194
f 8863 9198 8851
f 5700 9187 9199
f 6091 8869 5555
f 8857 8893 9200
f 8851 8883 8853
f 8854 9200 9191
f 9139 9167 9169
f 9156 9143 9147
f 9038 9026 9037
f 9044 9024 9038
f 9050 9176 9083
f 8998 9083 9176
f 9081 9000 8988
f 9110 8988 9000
f 8959 8987 9110
f 8925 8956 8959
f 8921 8927 8899
f 9185 8899 8927
f 9199 9185 8867
f 8867 5700 9199
f 5700 5647 5650
f 5589 5650 5647
f 5594 5585 5592
f 5592 5581 5598
f 8943 8933 8940
f 8887 8936 8935
f 9184 8887 8935
f 9193 9184 8865
f 9193 5551 9202
f 5549 9202 5551
f 5461 8861 5549
f 5471 5461 5460
f 5472 5460 5464
f 5480 5464 5458
f 4898 5458 5457
f 4896 5457 5453
f 5452 4896 5453
f 5557 5623 5452
f 5556 5705 5557
f 5598 5591 5596
f 5596 5587 5595
f 5595 5707 5603
f 5668 5603 5707
f 5677 5583 5599
f 5599 9203 9204
f 4646 5724 5712
f 5789 5754 5715
f 5782 5715 5718
f 5774 5718 5720
f 5765 5720 5722
f 5713 5725 5793
f 5791 5728 5796
f 4750 9205 5729
f 5784 5726 5791
f 5777 5735 5778
f 5784 9205 5732
f 5770 5736 5756
f 5731 5742 5729
f 5756 5739 5757
f 5767 5741 5742
f 5793 5741 5798
f 8793 5745 5759
f 6100 5748 5786
f 8604 5749 5772
f 5714 5722 5712
f 5762 5749 5752
f 5763 5752 5754
f 8559 5745 5744
f 5778 8601 5770
f 5786 8602 8604
f 8555 8795 8797
f 8797 5739 5740
f 8612 5728 5727
f 8389 3822 8390
f 227 4857 4862
f 661 5125 5146
f 672 5124 5118
f 683 5112 5111
f 5117 695 700
f 700 5113 5117
f 1115 5321 5283
f 8718 5682 4178
f 8676 4086 4109
f 8674 8656 4166
f 6177 1620 6178
f 8581 4133 9206
f 9207 6149 6159
f 5153 9208 5177
f 5132 528 5144
f 1 3986 2
f 4 52 5
f 1 4 7
f 7 4 6
f 10 7 9
f 8 7 10
f 13 10 11
f 15 12 10
f 16 13 14
f 18 15 13
f 19 16 17
f 21 18 16
f 22 19 20
f 24 21 19
f 25 22 23
f 27 24 22
f 25 26 28
f 27 25 29
f 29 28 31
f 30 29 32
f 34 81 35
f 37 34 36
f 39 3989 40
f 40 4241 42
f 43 39 41
f 41 42 45
f 46 43 44
f 47 44 45
f 3 2 49
f 51 5 52
f 54 51 53
f 56 50 49
f 58 54 55
f 60 56 57
f 62 58 59
f 64 60 61
f 66 104 67
f 69 112 70
f 66 68 72
f 74 69 71
f 76 73 72
f 78 74 75
f 80 35 81
f 48 45 83
f 45 42 85
f 85 3994 86
f 88 31 28
f 28 26 90
f 26 23 91
f 23 20 92
f 20 17 93
f 17 14 94
f 11 9 95
f 97 6 5
f 98 5 51
f 9 6 97
f 54 58 100
f 51 54 101
f 94 96 102
f 104 66 105
f 105 66 73
f 73 76 108
f 109 106 110
f 62 63 67
f 64 65 70
f 100 109 111
f 111 110 114
f 110 117 116
f 117 119 118
f 119 3993 120
f 121 178 122
f 124 129 125
f 126 125 127
f 123 122 129
f 130 121 123
f 131 123 124
f 132 124 126
f 133 126 128
f 135 130 131
f 137 144 138
f 136 131 132
f 139 132 133
f 133 134 138
f 141 135 136
f 143 147 138
f 142 136 139
f 139 140 146
f 140 138 147
f 148 150 87
f 149 87 150
f 152 149 151
f 154 3991 155
f 157 163 158
f 160 918 161
f 163 165 164
f 161 157 159
f 165 103 166
f 102 3992 167
f 169 175 170
f 167 3992 172
f 174 177 175
f 171 170 113
f 173 172 177
f 176 113 111
f 103 102 168
f 178 121 179
f 121 130 181
f 130 135 182
f 135 141 183
f 184 188 185
f 187 194 188
f 189 928 190
f 192 928 189
f 191 190 194
f 180 179 186
f 195 198 196
f 198 202 199
f 200 195 197
f 202 204 203
f 204 206 205
f 193 205 206
f 207 193 189
f 193 207 209
f 210 187 184
f 211 184 186
f 197 196 213
f 196 199 215
f 201 197 214
f 199 203 217
f 218 191 187
f 219 201 216
f 203 205 209
f 208 189 191
f 179 181 212
f 181 182 221
f 182 183 222
f 223 207 208
f 224 208 218
f 225 218 210
f 221 222 227
f 229 211 228
f 225 226 231
f 212 221 228
f 233 223 224
f 230 228 227
f 224 225 232
f 236 229 230
f 230 235 238
f 239 242 240
f 242 244 243
f 244 738 245
f 246 216 214
f 213 215 248
f 214 213 249
f 217 209 250
f 252 220 216
f 215 217 251
f 251 250 253
f 248 251 254
f 249 248 255
f 250 209 207
f 233 253 250
f 257 4143 258
f 260 1047 258
f 239 4143 261
f 263 259 264
f 266 1043 267
f 269 287 270
f 272 341 273
f 275 272 274
f 277 278 274
f 276 274 278
f 280 287 281
f 283 285 281
f 285 291 282
f 286 270 287
f 284 281 287
f 288 1133 289
f 291 277 273
f 292 302 293
f 295 4008 296
f 298 304 299
f 292 307 301
f 303 299 304
f 306 309 304
f 307 312 308
f 305 304 309
f 311 314 309
f 312 332 313
f 310 309 314
f 316 374 317
f 318 335 319
f 321 294 322
f 324 364 325
f 327 324 326
f 294 321 329
f 307 292 329
f 312 307 330
f 332 312 331
f 332 333 334
f 317 334 335
f 319 327 328
f 328 326 297
f 326 325 336
f 337 3730 338
f 340 336 325
f 341 272 342
f 275 347 344
f 346 3802 344
f 320 328 296
f 349 4161 350
f 352 353 314
f 315 314 353
f 355 359 327
f 355 319 335
f 357 383 333
f 321 362 358
f 324 327 359
f 329 358 361
f 323 375 362
f 333 383 363
f 364 324 360
f 356 335 334
f 361 357 331
f 354 353 366
f 368 404 369
f 371 403 372
f 374 313 332
f 316 318 320
f 364 323 322
f 294 293 340
f 364 365 375
f 376 371 373
f 378 4249 379
f 367 366 381
f 383 401 384
f 360 359 385
f 387 356 363
f 388 385 359
f 362 393 389
f 389 392 361
f 388 355 356
f 390 375 365
f 392 394 357
f 375 390 393
f 394 401 383
f 365 360 386
f 390 391 395
f 391 386 397
f 396 395 398
f 395 397 400
f 396 389 393
f 386 385 388
f 387 400 397
f 400 387 384
f 398 400 401
f 399 398 394
f 399 392 389
f 376 746 402
f 402 749 403
f 404 436 405
f 406 381 366
f 405 410 408
f 410 438 411
f 412 415 413
f 415 417 416
f 417 442 418
f 419 747 420
f 421 420 422
f 424 514 425
f 427 424 426
f 429 451 430
f 432 533 433
f 435 410 405
f 410 435 437
f 438 437 439
f 417 415 440
f 442 417 441
f 444 3794 445
f 447 429 431
f 434 433 449
f 373 430 451
f 452 494 453
f 455 515 456
f 458 4252 459
f 461 4020 462
f 464 492 465
f 467 487 468
f 470 516 471
f 469 468 473
f 472 471 475
f 477 474 473
f 479 476 475
f 481 477 478
f 483 479 480
f 485 487 459
f 487 485 488
f 468 488 489
f 478 473 489
f 482 478 490
f 492 455 457
f 472 494 493
f 494 472 476
f 476 479 379
f 380 379 479
f 431 430 495
f 497 434 450
f 448 431 496
f 373 372 495
f 500 495 372
f 495 500 502
f 499 496 502
f 504 498 499
f 498 504 505
f 503 502 506
f 506 502 500
f 509 1111 510
f 501 701 508
f 512 505 504
f 438 412 414
f 423 422 425
f 415 412 439
f 450 449 447
f 515 458 460
f 516 467 469
f 471 469 474
f 480 475 474
f 484 480 477
f 498 450 448
f 517 523 497
f 513 504 503
f 505 512 518
f 519 520 488
f 520 525 489
f 521 519 485
f 522 542 523
f 434 497 523
f 524 529 491
f 525 524 490
f 526 427 428
f 524 539 528
f 530 442 443
f 532 541 520
f 533 432 534
f 536 565 537
f 525 9209 539
f 517 518 540
f 541 9209 525
f 432 523 542
f 543 532 519
f 442 530 544
f 545 575 546
f 548 551 549
f 551 575 545
f 538 653 552
f 553 581 554
f 556 568 557
f 559 562 560
f 562 559 563
f 554 548 550
f 565 536 566
f 568 537 565
f 569 3799 570
f 557 565 567
f 569 571 573
f 575 595 576
f 577 578 551
f 578 595 575
f 536 552 579
f 580 586 554
f 582 558 557
f 559 561 583
f 559 584 585
f 586 577 548
f 587 588 567
f 588 587 589
f 572 567 588
f 574 573 592
f 594 619 576
f 596 622 578
f 578 622 594
f 587 566 579
f 580 625 598
f 599 582 572
f 584 583 600
f 601 608 585
f 602 5206 603
f 586 598 596
f 601 600 605
f 601 606 607
f 609 5206 602
f 598 626 611
f 612 642 590
f 591 588 590
f 609 610 614
f 593 592 616
f 594 623 618
f 614 629 620
f 596 611 621
f 622 621 623
f 587 597 624
f 625 633 626
f 627 599 591
f 623 632 628
f 629 624 630
f 611 641 631
f 621 631 632
f 589 624 629
f 633 656 634
f 627 613 635
f 637 606 605
f 606 637 639
f 640 630 624
f 626 634 641
f 642 612 643
f 613 590 642
f 597 579 645
f 617 616 646
f 635 642 644
f 579 552 649
f 647 646 650
f 632 655 652
f 653 5245 649
f 641 662 654
f 631 654 655
f 612 629 614
f 656 675 657
f 636 635 648
f 637 638 659
f 660 681 639
f 518 668 661
f 634 657 662
f 644 643 663
f 665 664 663
f 648 644 664
f 512 672 668
f 669 651 650
f 655 674 671
f 513 682 672
f 662 684 673
f 654 673 674
f 643 614 610
f 675 688 676
f 658 648 667
f 678 660 659
f 660 678 680
f 682 513 507
f 657 676 684
f 674 687 685
f 506 696 683
f 684 697 686
f 673 686 687
f 666 663 610
f 688 714 689
f 690 677 667
f 692 678 679
f 678 692 694
f 506 508 695
f 676 689 697
f 698 665 666
f 691 667 664
f 700 695 508
f 702 669 670
f 704 692 693
f 692 704 706
f 707 712 697
f 708 691 665
f 709 702 703
f 687 713 711
f 712 731 686
f 686 731 713
f 666 602 604
f 714 733 707
f 690 691 708
f 715 708 716
f 718 726 698
f 604 603 719
f 704 705 721
f 704 722 723
f 724 706 723
f 708 698 726
f 727 709 710
f 729 9210 711
f 730 732 731
f 732 729 713
f 699 604 720
f 733 735 734
f 730 712 707
f 725 723 722
f 717 716 736
f 738 4134 739
f 511 510 740
f 742 3793 743
f 745 748 402
f 446 445 747
f 748 1112 749
f 750 1063 751
f 753 816 754
f 756 906 757
f 758 757 759
f 760 759 761
f 762 761 763
f 764 763 765
f 767 766 765
f 769 818 770
f 771 770 772
f 773 772 774
f 775 774 776
f 777 776 778
f 780 779 778
f 754 905 782
f 783 1116 784
f 786 790 787
f 789 792 787
f 791 799 792
f 793 802 794
f 796 802 797
f 796 800 799
f 798 804 800
f 797 802 793
f 791 794 802
f 803 934 804
f 805 1137 806
f 804 935 807
f 808 797 801
f 779 780 810
f 779 811 812
f 777 812 813
f 792 932 814
f 815 958 816
f 241 240 817
f 758 770 818
f 760 772 770
f 762 774 772
f 764 776 774
f 766 778 776
f 766 767 781
f 757 907 819
f 765 821 820
f 763 822 821
f 761 823 822
f 759 819 823
f 824 832 825
f 821 831 827
f 826 825 828
f 823 836 830
f 822 830 831
f 832 839 833
f 831 838 834
f 825 833 835
f 836 843 837
f 830 837 838
f 839 846 840
f 838 845 841
f 833 840 842
f 843 850 844
f 837 844 845
f 846 853 847
f 845 852 848
f 840 847 849
f 850 857 851
f 844 851 852
f 853 913 854
f 852 859 855
f 847 854 856
f 857 1145 858
f 851 858 859
f 860 9211 861
f 863 871 864
f 861 9211 866
f 868 9212 869
f 870 869 871
f 872 882 873
f 873 4640 875
f 876 987 877
f 879 4639 880
f 878 877 882
f 881 880 883
f 885 888 886
f 888 898 889
f 890 901 891
f 893 885 887
f 895 902 896
f 898 263 265
f 899 266 268
f 890 899 900
f 902 1009 903
f 904 931 905
f 906 9213 907
f 832 824 908
f 832 909 910
f 846 839 910
f 853 846 911
f 913 853 912
f 915 927 916
f 918 160 919
f 156 925 921
f 922 1530 919
f 200 201 219
f 924 921 925
f 927 924 926
f 166 168 192
f 159 158 202
f 114 122 178
f 162 195 200
f 171 185 188
f 116 118 125
f 174 194 190
f 164 166 206
f 114 116 129
f 162 159 198
f 176 180 185
f 169 188 194
f 168 167 928
f 180 176 115
f 158 164 204
f 173 190 928
f 118 120 127
f 782 905 929
f 931 1527 929
f 799 933 932
f 933 799 800
f 934 1617 935
f 752 1122 936
f 937 941 938
f 940 938 941
f 941 937 943
f 944 1067 942
f 945 951 946
f 948 805 795
f 789 948 794
f 797 808 803
f 949 1563 809
f 949 801 793
f 795 806 950
f 951 1117 952
f 953 940 942
f 955 3727 956
f 957 816 958
f 960 1136 961
f 812 965 963
f 812 811 964
f 811 810 966
f 967 975 968
f 970 978 971
f 967 969 973
f 970 1068 782
f 975 1068 976
f 977 908 971
f 979 4639 879
f 981 979 980
f 894 887 983
f 875 4640 985
f 884 883 987
f 930 929 988
f 990 1033 991
f 993 909 908
f 994 4197 995
f 997 1065 998
f 1000 997 999
f 1002 4186 914
f 1003 1002 912
f 1004 1003 911
f 1005 1004 910
f 1006 913 914
f 1008 1019 1009
f 1010 4641 1011
f 1013 1008 902
f 1014 1146 1015
f 1017 1013 895
f 1019 1014 1016
f 1020 1030 1021
f 992 991 1023
f 1025 992 1024
f 1027 4270 1028
f 1030 1025 1026
f 991 1147 1031
f 878 872 1032
f 879 881 1034
f 990 876 878
f 1036 884 876
f 875 986 1037
f 1034 881 884
f 1039 1089 1040
f 1042 1099 1043
f 817 4170 1044
f 1046 1059 1047
f 260 817 1045
f 1048 267 1043
f 1009 1016 1050
f 1016 1015 1000
f 1051 1056 1052
f 1044 4170 1054
f 739 4134 1056
f 1046 1045 1057
f 1058 4273 1059
f 1015 1064 997
f 1060 1061 890
f 1061 1079 899
f 1057 1045 1044
f 1063 783 785
f 1064 1012 1065
f 1066 953 954
f 1067 955 954
f 755 975 967
f 930 1069 978
f 753 967 974
f 972 976 1068
f 755 782 1068
f 977 978 1069
f 1071 993 977
f 1072 1005 909
f 1073 1017 1018
f 1075 1020 1022
f 980 879 1035
f 1078 1082 1079
f 1061 1060 1080
f 1012 1011 1081
f 1082 1100 1042
f 1083 1096 1084
f 1086 868 870
f 1088 1144 1040
f 1090 4288 1091
f 1093 1099 1094
f 231 226 229
f 1096 1141 1097
f 1098 1010 1012
f 1099 1042 1100
f 1101 861 867
f 874 875 1038
f 1079 1042 266
f 1104 1039 1041
f 1106 863 865
f 862 861 1101
f 1108 4270 1027
f 862 996 995
f 1087 870 863
f 1093 1041 1040
f 1110 1094 1100
f 210 211 229
f 749 510 1111
f 510 749 1112
f 511 1115 1113
f 511 741 1114
f 939 938 750
f 938 940 1063
f 783 1063 940
f 953 1066 1116
f 790 786 952
f 787 814 1118
f 785 784 1119
f 1120 1121 751
f 1121 1123 752
f 1122 752 1123
f 1125 4066 1126
f 1128 943 937
f 1129 937 939
f 1130 939 936
f 1131 936 1122
f 347 289 1133
f 962 961 1134
f 771 961 1136
f 773 1134 961
f 951 945 1137
f 1117 951 805
f 790 1117 948
f 1135 1134 813
f 775 813 1134
f 1074 4293 1138
f 1139 1075 1076
f 1035 1034 1030
f 1141 1096 1142
f 1143 1142 1055
f 862 1006 1007
f 1144 1048 1049
f 1145 1086 1087
f 1041 1093 1095
f 1146 1098 1064
f 854 1101 1102
f 872 874 1103
f 859 1106 1107
f 913 1006 1101
f 1147 1108 1109
f 858 1087 1106
f 1099 1093 1049
f 1083 1105 1095
f 1095 1094 1110
f 1149 1232 1150
f 1152 1156 1153
f 1155 1158 1156
f 1157 1160 1158
f 1159 1187 1160
f 49 2 1151
f 79 75 1162
f 1164 1212 1165
f 75 71 1167
f 1168 4042 1169
f 1167 71 70
f 1171 1176 1172
f 1164 65 61
f 1175 4643 1176
f 61 57 1177
f 57 49 1161
f 1178 3988 1179
f 1181 3990 1182
f 1184 3987 1185
f 1149 3986 1187
f 1188 1189 1184
f 1154 1153 1189
f 1190 4239 1191
f 1193 4232 1194
f 1196 1231 1197
f 1199 1232 1200
f 1202 1235 1203
f 1192 1191 1205
f 1198 1197 1207
f 1201 1200 1209
f 1211 1220 1165
f 1212 1202 1204
f 1213 4033 1214
f 1207 4034 1216
f 1210 1209 1217
f 1219 1227 1165
f 1221 1536 1222
f 1218 1217 1224
f 1226 4642 1227
f 1228 1150 1229
f 1225 1224 1231
f 1232 1199 1229
f 1233 4642 1226
f 1235 1228 1230
f 1236 1252 1237
f 1239 4238 1240
f 1242 1537 1243
f 1245 1255 1246
f 1248 1257 1249
f 1251 1262 1252
f 1241 1240 1253
f 1255 9214 1256
f 1257 1268 1258
f 1259 1271 1260
f 1259 1261 1262
f 1263 4035 1264
f 1256 9214 1266
f 1268 1276 1269
f 1270 1260 1271
f 1273 4036 1274
f 1276 1282 1277
f 1278 1270 1272
f 1238 1237 1280
f 1282 1245 1247
f 1250 1281 1280
f 1283 4242 1278
f 1279 1272 1284
f 1286 1238 1281
f 1288 1277 1247
f 1250 1297 1287
f 1290 1283 1279
f 1291 1236 1238
f 1239 1241 1292
f 1242 1244 1294
f 1289 1247 1246
f 1297 1250 1249
f 1251 1236 1291
f 1292 1241 1254
f 1296 1246 1256
f 1298 1249 1258
f 1303 1308 1271
f 1259 1251 1299
f 1304 1263 1265
f 1301 1256 1267
f 1302 1258 1269
f 1272 1271 1308
f 1273 1275 1309
f 1307 1269 1277
f 1311 1297 1298
f 1299 1291 1313
f 1315 1292 1300
f 1317 1296 1301
f 1312 1298 1302
f 1320 1325 1308
f 1320 1303 1299
f 1304 1305 1321
f 1318 1301 1306
f 1319 1302 1307
f 1284 1308 1325
f 1310 1309 1327
f 1324 1307 1288
f 1285 1284 1326
f 1331 1286 1287
f 1288 1289 1333
f 1297 1311 1332
f 1290 1285 1330
f 1313 1291 1286
f 1293 1292 1315
f 1295 1294 1336
f 1333 1289 1296
f 1311 1350 1338
f 1334 1330 1339
f 1341 1313 1331
f 1335 1315 1343
f 1337 1336 1345
f 1333 1317 1347
f 1311 1312 1349
f 1351 1314 1313
f 1315 1316 1352
f 1317 1318 1353
f 1312 1319 1354
f 1320 1356 1355
f 1356 1320 1314
f 1322 1321 1357
f 1353 1318 1323
f 1319 1324 1360
f 1361 1326 1325
f 1362 1328 1327
f 1324 1329 1364
f 1339 1330 1326
f 1342 1331 1332
f 1329 1333 1348
f 1360 1364 1365
f 1364 1348 1367
f 1348 1347 1368
f 1359 1398 1369
f 1370 1340 1339
f 1363 1389 1372
f 1346 1345 1373
f 1343 1378 1375
f 1350 1349 1376
f 1352 1394 1378
f 1342 1387 1379
f 1347 1353 1369
f 1361 1381 1371
f 1356 1384 1380
f 1355 1380 1381
f 1358 1357 1382
f 1351 1385 1384
f 1341 1379 1385
f 1342 1338 1386
f 1377 1386 1338
f 1349 1354 1388
f 1360 1366 1388
f 1363 1346 1374
f 1346 1363 1327
f 1337 1327 1309
f 1275 1242 1295
f 1390 1403 1388
f 1384 1392 1391
f 1385 1400 1392
f 1383 1433 1393
f 1395 1435 1375
f 1387 1416 1396
f 1397 1413 1369
f 1399 1411 1377
f 1379 1396 1400
f 1401 1397 1398
f 1402 1390 1366
f 1403 1399 1376
f 1404 1416 1387
f 1381 1409 1405
f 1406 1412 1374
f 1407 1402 1365
f 1371 1405 1408
f 1380 1391 1409
f 1393 1395 1378
f 1410 1407 1367
f 1411 1404 1386
f 1412 1428 1389
f 1413 1410 1368
f 1414 1436 1397
f 1415 1438 1390
f 1416 1462 1417
f 1405 1419 1418
f 1409 1423 1419
f 1406 1442 1420
f 1421 1415 1402
f 1422 1439 1404
f 1391 1426 1423
f 1424 1434 1395
f 1425 1421 1407
f 1392 1427 1426
f 1400 1431 1427
f 1420 1451 1428
f 1429 1425 1410
f 1430 1437 1399
f 1396 1417 1431
f 1432 1424 1393
f 1434 1457 1435
f 1436 1429 1413
f 1437 1422 1411
f 1438 1430 1403
f 1439 1462 1416
f 1423 1445 1440
f 1441 1521 1420
f 1421 1447 1443
f 1444 1522 1439
f 1426 1448 1445
f 1446 1456 1434
f 1425 1520 1447
f 1427 1449 1448
f 1431 1454 1449
f 1420 1521 1450
f 1452 1520 1425
f 1453 1459 1437
f 1417 1464 1454
f 1455 1446 1424
f 1456 1519 1457
f 1458 1452 1429
f 1459 1444 1422
f 1460 1453 1430
f 1439 1522 1461
f 1463 1458 1436
f 1443 1460 1438
f 1462 1461 1464
f 1440 4039 1418
f 1465 1506 1466
f 1468 1505 1469
f 1471 1495 1472
f 1474 1487 1475
f 1477 1518 1478
f 1476 4237 1480
f 1479 1497 1481
f 1467 1466 1482
f 1484 1496 1485
f 1487 1502 1488
f 1489 1507 1490
f 1492 1499 1493
f 1495 1471 1496
f 1497 1511 1498
f 1499 1524 1500
f 1501 1508 1488
f 1503 1492 1494
f 1505 1468 1506
f 1489 1486 1485
f 1508 1501 1509
f 1504 1498 1511
f 1500 1524 1512
f 1514 1517 1515
f 1469 1510 1509
f 1473 1472 1517
f 1482 1478 1518
f 1513 1512 1516
f 1444 1459 1490
f 1470 1509 1452
f 1456 1446 1511
f 1464 1471 1473
f 1459 1453 1480
f 1503 1511 1446
f 1501 1520 1452
f 1519 1456 1497
f 1454 1473 1514
f 1449 1514 1516
f 1468 1463 1450
f 1520 1501 1502
f 1506 1450 1521
f 1512 1445 1448
f 1507 1485 1522
f 1479 1478 1523
f 1443 1447 1502
f 1466 1521 1441
f 1524 1440 1445
f 1525 917 916
f 988 929 1527
f 989 4308 1069
f 1529 1526 916
f 926 925 922
f 925 156 1530
f 1531 1530 156
f 82 81 1532
f 1534 1532 81
f 1535 1534 34
f 1193 1536 1182
f 1195 1222 1536
f 1537 1242 1275
f 1538 1541 1539
f 1541 1559 1542
f 1540 1539 1543
f 1539 1542 1545
f 1546 1550 1547
f 1549 1551 1547
f 1551 1671 1552
f 1552 1634 1553
f 1555 966 810
f 1557 1558 1541
f 1558 1664 1559
f 1560 808 809
f 1562 803 808
f 1561 809 1563
f 1565 1610 1566
f 1568 780 781
f 834 841 1570
f 1107 865 1572
f 827 834 1571
f 865 864 1575
f 1573 1579 855
f 820 827 1574
f 1577 767 768
f 848 855 1579
f 768 820 1576
f 841 848 1580
f 1578 1576 1581
f 1580 1579 1583
f 1585 1577 1578
f 1570 1580 1584
f 1571 1570 1586
f 1574 1571 1587
f 1573 1572 1589
f 1576 1574 1588
f 1590 1583 1579
f 1572 1575 1591
f 1589 1591 1592
f 1587 1586 1594
f 1586 1584 1596
f 1584 1583 1597
f 1585 1582 1598
f 1600 1597 1583
f 1582 1581 1601
f 1590 1589 1593
f 1581 1588 1602
f 1588 1587 1595
f 1603 1555 1556
f 1604 1560 1561
f 1606 1562 1560
f 1605 1561 1564
f 780 1568 1556
f 1565 1568 1569
f 1609 1603 1567
f 1577 1585 1608
f 1610 1565 1608
f 1612 1605 1607
f 1568 1565 1567
f 1614 1606 1604
f 1615 1604 1605
f 1585 1599 1611
f 1569 781 767
f 1616 1619 1617
f 1618 1621 1619
f 1618 1622 1620
f 1616 934 803
f 1618 1616 1562
f 1606 1614 1622
f 1623 9215 1624
f 1626 1630 1627
f 1629 1635 1630
f 1631 1636 1632
f 1629 1553 1634
f 1636 1638 1637
f 1547 1552 1554
f 1638 1640 1639
f 1640 9215 1623
f 1639 1623 1641
f 1623 1625 1643
f 1630 1645 1644
f 1635 1648 1645
f 1633 1632 1646
f 1634 1650 1648
f 1632 1637 1649
f 1552 1671 1650
f 1637 1639 1642
f 1557 1631 1633
f 1647 1664 1558
f 1651 1652 1625
f 1652 1659 1643
f 1648 1657 1653
f 1647 1646 1654
f 1559 1663 1656
f 1650 1672 1657
f 1658 1667 1643
f 1646 1649 1660
f 1542 1656 1661
f 1649 1642 1662
f 1663 1559 1664
f 1642 1641 1666
f 1641 1643 1667
f 1664 1647 1655
f 1549 1683 1668
f 1645 1653 1669
f 1551 1668 1670
f 1671 1670 1672
f 1657 1677 1673
f 1655 1654 1674
f 1656 1690 1676
f 1672 1679 1677
f 1654 1660 1678
f 1670 1687 1679
f 1660 1662 1680
f 1665 1655 1675
f 1662 1666 1682
f 1683 1699 1684
f 1685 1686 1667
f 1666 1667 1686
f 1668 1684 1687
f 1669 1653 1673
f 1689 1663 1665
f 1663 1689 1690
f 1679 1694 1691
f 1674 1678 1692
f 1687 1703 1694
f 1678 1680 1695
f 1681 1675 1696
f 1680 1682 1698
f 1699 1714 1700
f 1701 1702 1686
f 1682 1686 1702
f 1684 1700 1703
f 1688 1673 1704
f 1706 1689 1681
f 1689 1706 1707
f 1673 1677 1691
f 1675 1674 1693
f 1707 1725 1676
f 1703 1718 1708
f 1692 1695 1709
f 1711 1697 1696
f 1695 1698 1713
f 1714 3267 1715
f 1716 1717 1702
f 1698 1702 1717
f 1700 1715 1718
f 1705 1704 1719
f 1721 1706 1697
f 1706 1721 1722
f 1704 1691 1723
f 1696 1693 1724
f 1722 3278 1725
f 1694 1708 1723
f 1693 1692 1710
f 1726 1785 1727
f 1729 1787 1730
f 1732 1757 1733
f 1735 3028 1736
f 1738 1824 1739
f 1741 1771 1742
f 1744 1825 1745
f 1747 1768 1748
f 1750 1918 1751
f 1753 1924 1754
f 1756 1926 1733
f 1758 9216 1759
f 1761 1868 1762
f 1764 1877 1765
f 1767 1748 1768
f 1770 1742 1771
f 1731 1730 1773
f 1775 1923 1776
f 1778 1782 1779
f 1781 1779 1782
f 1784 1829 1785
f 1786 1730 1787
f 1789 1852 1790
f 1792 1857 1793
f 1795 1854 1796
f 1798 1850 1799
f 1791 1790 1792
f 1801 1844 1802
f 1804 1844 1805
f 1807 1841 1808
f 1810 1840 1811
f 1813 1838 1814
f 1816 1837 1817
f 1819 1823 1820
f 1815 1814 1819
f 1814 1839 1822
f 1822 2009 1823
f 1785 1757 1732
f 1824 1735 1737
f 1825 1750 1752
f 1826 1942 1827
f 1829 1756 1757
f 1830 1927 1831
f 1833 1880 1834
f 1836 1956 1837
f 1838 1998 1839
f 1797 1796 1840
f 1841 2001 1842
f 1843 1802 1844
f 1845 1805 1844
f 1846 1985 1847
f 1849 1799 1850
f 1852 1813 1815
f 1853 2016 1854
f 1790 1815 1821
f 1855 1807 1809
f 1821 1820 1857
f 1803 1802 1850
f 1858 1789 1791
f 1794 1793 1860
f 1862 1965 1863
f 1865 3029 1866
f 1868 1925 1869
f 1786 1877 1764
f 1871 1781 1783
f 1873 1879 1874
f 1876 1765 1877
f 1879 1865 1867
f 1880 1931 1881
f 1882 1915 1883
f 1885 1955 1886
f 1888 1922 1889
f 1891 1920 1892
f 1894 1945 1895
f 1897 1932 1898
f 1900 1909 1901
f 1888 1890 1768
f 1903 1882 1884
f 1905 1903 1904
f 1874 1867 1756
f 1890 1889 1907
f 1909 1826 1828
f 1910 1929 1911
f 1800 1799 1913
f 1875 1874 1829
f 1859 1791 1794
f 1882 1732 1734
f 1916 1965 1862
f 1906 1904 1825
f 1884 1883 1918
f 1768 1890 1908
f 1919 1947 1920
f 1896 1895 1913
f 1922 1729 1731
f 1912 1911 1923
f 1899 1898 1924
f 1904 1884 1750
f 1730 1786 1870
f 1925 9216 1758
f 1867 1866 1926
f 1927 1900 1902
f 1928 1930 1929
f 1878 1877 1786
f 1930 1928 1871
f 1931 1830 1832
f 1760 1759 1932
f 1728 1727 1903
f 1727 1732 1882
f 1889 1731 1774
f 1746 1745 1933
f 1935 1749 1748
f 1752 1751 1937
f 1936 1748 1767
f 1745 1752 1938
f 1777 1776 1940
f 1942 1946 1943
f 1754 9217 1944
f 1941 1940 1945
f 1946 1916 1917
f 1944 9217 1947
f 1934 1933 1948
f 1950 1935 1936
f 1952 1938 1937
f 1951 1936 1939
f 1948 1933 1938
f 1955 1855 1856
f 1836 1846 1848
f 1851 1850 1802
f 1957 1971 1942
f 1958 1970 1927
f 1959 1964 1880
f 1848 1963 1960
f 1837 1962 1961
f 1956 1960 1962
f 1847 2017 1963
f 1964 1969 1931
f 1965 1968 1966
f 1900 3046 1967
f 1916 3047 1968
f 1909 1967 1957
f 1969 1958 1830
f 1970 3046 1900
f 1971 1972 1946
f 1972 3047 1916
f 1881 1832 1973
f 1835 1834 1975
f 1834 1881 1974
f 1917 1862 1977
f 1979 1988 1836
f 1831 1902 1980
f 1827 1943 1982
f 1984 2018 1985
f 1828 1827 1983
f 1832 1831 1981
f 1901 1828 1986
f 1988 1984 1846
f 1989 1979 1816
f 1982 1943 1917
f 1990 1977 1862
f 1902 1901 1987
f 1991 1996 1992
f 1994 2008 1822
f 1995 1992 1996
f 1998 2015 1994
f 1806 1805 1999
f 2001 2004 2002
f 2003 2010 2004
f 2005 1999 1805
f 2006 1806 2000
f 2008 3030 2009
f 2010 2012 2011
f 2007 2000 2011
f 2000 1999 2013
f 2013 2002 2004
f 2014 2008 1994
f 2014 2013 1999
f 1950 1858 1859
f 1861 1860 1948
f 1985 1864 1863
f 1954 1885 1887
f 1893 1892 2016
f 1914 1913 1895
f 1953 1859 1861
f 1921 1913 1799
f 1863 1966 2017
f 2018 1990 1864
f 2019 2077 2020
f 2022 2079 2023
f 2025 3032 2026
f 2028 3034 2029
f 2031 3547 2032
f 2034 3231 2035
f 2037 2207 2038
f 2040 2061 2041
f 2043 2208 2044
f 2046 2215 2047
f 2049 3032 2025
f 2051 9218 2052
f 2054 2157 2055
f 2057 2160 2058
f 2060 2041 2061
f 2063 2036 2035
f 2024 2023 2065
f 2067 2214 2068
f 2070 2074 2071
f 2073 2071 2074
f 2076 2119 2077
f 2078 2219 2023
f 2080 2141 2081
f 2083 2146 2084
f 2086 2143 2087
f 2089 2139 2090
f 2082 2081 2083
f 2092 2133 2093
f 2095 2133 2096
f 2098 2130 2099
f 2101 2129 2102
f 2104 2128 2105
f 2107 2126 2108
f 2110 2115 2111
f 2106 2105 2110
f 2113 2114 2110
f 2114 2295 2115
f 2077 2025 2027
f 2032 2028 2030
f 2038 2208 2043
f 2116 2243 2117
f 2119 2050 2025
f 2120 2220 2121
f 2123 2169 2124
f 2126 2241 2127
f 2128 2284 2113
f 2088 2087 2102
f 2130 2287 2131
f 2132 2093 2133
f 2134 2096 2133
f 2135 2272 2136
f 2138 2090 2139
f 2141 2104 2106
f 2142 2302 2143
f 2106 2112 2083
f 2144 2098 2100
f 2112 2111 2146
f 2094 2093 2139
f 2080 2082 2147
f 2149 2085 2084
f 2151 2205 2152
f 2154 3036 2155
f 2157 2216 2158
f 2159 2219 2160
f 2161 2073 2075
f 2163 2168 2164
f 2058 2160 2166
f 2168 2154 2156
f 2169 2251 2170
f 2171 2203 2172
f 2174 2240 2175
f 2177 2213 2178
f 2180 2210 2181
f 2183 2212 2184
f 2186 9219 2187
f 2189 2254 2190
f 2040 2177 2179
f 2192 2171 2173
f 2194 2192 2193
f 2164 2156 2050
f 2179 2178 2196
f 2190 2254 2116
f 2198 3031 2199
f 2091 2090 2201
f 2164 2119 2076
f 2082 2085 2149
f 2027 2026 2203
f 2204 2152 2205
f 2195 2193 2038
f 2208 2173 2172
f 2061 2179 2197
f 2209 9220 2210
f 2211 2184 2212
f 2213 2022 2024
f 2200 2199 2214
f 2188 2187 2215
f 2193 2173 2208
f 2023 2219 2159
f 2216 9218 2051
f 2155 2049 2050
f 2121 2189 2191
f 2217 3031 2198
f 2166 2160 2219
f 2218 2161 2162
f 2170 2251 2220
f 2052 9219 2186
f 2021 2020 2192
f 2020 2027 2171
f 2178 2024 2066
f 2037 2039 2221
f 2223 2042 2041
f 2225 2043 2045
f 2224 2041 2060
f 2039 2043 2225
f 2068 3035 2228
f 2117 2243 2229
f 2047 2232 2231
f 2228 3035 2183
f 2229 2204 2206
f 2232 9220 2209
f 2233 2222 2221
f 2235 2223 2224
f 2225 2226 2237
f 2236 2224 2227
f 2221 2225 2238
f 2240 2144 2145
f 2241 2135 2137
f 2140 2139 2093
f 2116 2256 2242
f 2244 2258 2121
f 2245 2250 2169
f 2137 2249 2246
f 2108 2248 2247
f 2127 2246 2248
f 2136 2303 2249
f 2250 2257 2251
f 2152 2255 2252
f 2189 3066 2253
f 2204 2259 2255
f 2254 2253 2256
f 2257 2244 2220
f 2258 3066 2189
f 2242 3067 2229
f 2229 3067 2259
f 2260 2170 2120
f 2262 2125 2124
f 2263 2124 2170
f 2206 2205 2264
f 2266 2275 2241
f 2122 2191 2267
f 2117 2230 2269
f 2271 2304 2272
f 2118 2117 2270
f 2261 2120 2122
f 2190 2118 2273
f 2275 2271 2135
f 2276 2266 2126
f 2230 2206 2265
f 2277 2264 2205
f 2191 2190 2274
f 2278 3085 2279
f 2281 2294 2114
f 2282 2280 2279
f 2284 2301 2281
f 2097 2096 2285
f 2287 2290 2288
f 2289 2296 2290
f 2291 2285 2096
f 2292 2097 2286
f 2294 3037 2295
f 2296 2298 2297
f 2293 2286 2297
f 2286 2285 2299
f 2299 2288 2290
f 2300 2294 2281
f 2300 2299 2285
f 2148 2147 2237
f 2149 2150 2234
f 2272 2151 2153
f 2239 2174 2176
f 2182 2181 2302
f 2202 2201 2212
f 2147 2149 2238
f 2211 2201 2090
f 2153 2252 2303
f 2304 2277 2151
f 2305 2363 2306
f 2308 2366 2309
f 2311 2336 2312
f 2314 3039 2315
f 2317 3188 2318
f 2320 3176 2321
f 2323 2403 2324
f 2326 2480 2327
f 2329 2494 2330
f 2332 2500 2333
f 2335 2312 2336
f 2338 9221 2339
f 2341 2445 2342
f 2344 2448 2345
f 2328 2327 2347
f 2349 2322 2321
f 2310 2309 2351
f 2353 2499 2354
f 2356 2360 2357
f 2359 2357 2360
f 2362 2306 2363
f 2365 2309 2366
f 2368 2429 2369
f 2371 2434 2372
f 2374 2431 2375
f 2377 2427 2378
f 2370 2369 2371
f 2380 2421 2381
f 2383 2421 2384
f 2386 2418 2387
f 2389 2417 2390
f 2392 2415 2393
f 2395 2414 2396
f 2398 2402 2399
f 2394 2393 2398
f 2393 2416 2401
f 2401 2585 2402
f 2307 2306 2336
f 2318 2314 2316
f 2403 2494 2329
f 2404 2535 2405
f 2337 2336 2306
f 2407 2537 2408
f 2410 2539 2411
f 2413 2533 2414
f 2415 2576 2416
f 2376 2375 2417
f 2418 2580 2419
f 2420 2381 2421
f 2422 2384 2421
f 2423 2564 2424
f 2426 2378 2427
f 2429 2392 2394
f 2430 2593 2431
f 2369 2394 2400
f 2432 2386 2388
f 2400 2399 2434
f 2382 2381 2427
f 2435 2368 2370
f 2437 2373 2372
f 2439 2493 2440
f 2442 2502 2443
f 2445 2501 2446
f 2447 2365 2448
f 2449 2359 2361
f 2451 2456 2452
f 2345 2448 2454
f 2451 2444 2443
f 2411 2539 2457
f 2459 2482 2460
f 2462 2532 2463
f 2465 2498 2466
f 2468 2496 2469
f 2471 2522 2472
f 2474 2507 2475
f 2477 2503 2478
f 2480 2465 2467
f 2481 2484 2482
f 2483 2508 2484
f 2456 2443 2337
f 2467 2466 2485
f 2478 2404 2406
f 2487 2505 2488
f 2379 2378 2490
f 2456 2362 2364
f 2436 2370 2373
f 2482 2311 2313
f 2492 2523 2493
f 2323 2483 2481
f 2494 2459 2461
f 2327 2467 2486
f 2495 2524 2496
f 2473 2472 2490
f 2498 2308 2310
f 2489 2488 2499
f 2476 2475 2500
f 2481 2459 2494
f 2309 2365 2447
f 2501 9221 2338
f 2502 2335 2337
f 2408 2537 2503
f 2504 2506 2505
f 2454 2448 2365
f 2506 2504 2449
f 2458 2457 2407
f 2340 2339 2507
f 2508 2305 2307
f 2484 2307 2311
f 2466 2310 2352
f 2325 2324 2509
f 2511 2326 2328
f 2329 2331 2513
f 2512 2328 2348
f 2324 2329 2514
f 2355 2354 2516
f 2405 2535 2518
f 2334 2333 2520
f 2517 2516 2522
f 2519 2518 2523
f 2521 2520 2524
f 2525 2510 2509
f 2527 2511 2512
f 2529 2514 2513
f 2528 2512 2515
f 2526 2509 2514
f 2532 2432 2433
f 2413 2423 2425
f 2428 2427 2381
f 2534 3087 2535
f 2536 2550 2537
f 2538 2544 2539
f 2425 2543 2540
f 2414 2542 2541
f 2533 2540 2542
f 2424 2594 2543
f 2544 2549 2457
f 2440 2493 2545
f 2503 3088 2547
f 2548 2545 2493
f 2547 2534 2404
f 2549 2536 2407
f 2550 3088 2503
f 2535 3087 2551
f 2551 2548 2523
f 2552 2458 2409
f 2412 2411 2554
f 2554 2411 2458
f 2556 2492 2439
f 2558 2567 2413
f 2559 2408 2477
f 2561 2405 2519
f 2563 2595 2564
f 2565 2406 2405
f 2553 2409 2408
f 2479 2406 2565
f 2567 2563 2423
f 2568 2558 2395
f 2519 2492 2556
f 2557 2439 2441
f 2560 2477 2479
f 2570 3106 2571
f 2416 2577 2573
f 2574 2572 2571
f 2576 2591 2577
f 2578 2385 2384
f 2580 2583 2581
f 2582 2586 2583
f 2422 2592 2579
f 2584 3107 2385
f 2573 3040 2585
f 2586 2588 2587
f 2584 2578 2587
f 2578 2579 2589
f 2589 2581 2583
f 2590 2573 2577
f 2590 2589 2579
f 2527 2435 2436
f 2529 2437 2438
f 2564 2441 2440
f 2531 2462 2464
f 2470 2469 2593
f 2491 2490 2472
f 2530 2436 2437
f 2497 2490 2378
f 2424 2440 2546
f 2595 2569 2441
f 2596 2652 2597
f 2599 2654 2600
f 2602 2627 2603
f 2605 2690 2606
f 2608 3553 2609
f 2611 3043 2612
f 2614 2691 2615
f 2617 2771 2618
f 2620 2788 2621
f 2623 2794 2624
f 2626 2603 2627
f 2629 2795 2630
f 2632 9222 2633
f 2635 2744 2636
f 2619 2618 2638
f 2613 2612 2640
f 2601 2600 2642
f 2644 2793 2645
f 2647 3042 2648
f 2650 9223 2649
f 2651 2695 2652
f 2653 2600 2654
f 2656 2720 2657
f 2659 2725 2660
f 2662 2722 2663
f 2665 2718 2666
f 2658 2657 2659
f 2668 2712 2669
f 2671 2712 2672
f 2674 2709 2675
f 2677 2671 2673
f 2679 2705 2680
f 2682 2858 2683
f 2685 2688 2686
f 2681 2680 2688
f 2680 2706 2689
f 2689 2873 2686
f 2652 2627 2602
f 2610 2609 2690
f 2691 2788 2620
f 2692 2778 2693
f 2628 2627 2652
f 2696 2801 2697
f 2699 2827 2700
f 2702 2824 2703
f 2705 2864 2706
f 2664 2663 2707
f 2709 2869 2710
f 2711 2669 2712
f 2713 2672 2712
f 2714 2853 2715
f 2717 2666 2718
f 2720 2679 2681
f 2721 2880 2722
f 2657 2681 2685
f 2723 2674 2676
f 2659 2685 2687
f 2670 2669 2718
f 2726 2656 2658
f 2661 2660 2728
f 2730 2786 2731
f 2733 2796 2734
f 2634 2633 2736
f 2738 2653 2635
f 2739 9223 2650
f 2741 2747 2742
f 2744 2635 2745
f 2735 2734 2742
f 2701 2700 2748
f 2750 2784 2751
f 2753 2823 2754
f 2756 2792 2757
f 2759 2790 2760
f 2762 3044 2763
f 2765 2802 2766
f 2768 2797 2769
f 2771 2756 2758
f 2772 2784 2750
f 2774 2772 2773
f 2734 2628 2695
f 2758 2757 2776
f 2770 2769 2778
f 2779 2799 2780
f 2667 2666 2782
f 2743 2742 2695
f 2727 2658 2661
f 2784 2602 2604
f 2785 2731 2786
f 2775 2773 2691
f 2788 2750 2752
f 2618 2758 2777
f 2789 9224 2790
f 2764 2763 2782
f 2792 2599 2601
f 2781 2780 2793
f 2767 2766 2794
f 2773 2750 2788
f 2600 2653 2738
f 2737 2736 2795
f 2796 2626 2628
f 2698 2697 2797
f 2798 2800 2799
f 2745 2635 2653
f 2800 2798 2739
f 2749 2748 2801
f 2631 2630 2802
f 2598 2597 2772
f 2597 2602 2784
f 2757 2601 2643
f 2616 2615 2803
f 2805 2617 2619
f 2807 2620 2622
f 2806 2619 2639
f 2615 2620 2807
f 2645 2815 2810
f 2694 2693 2811
f 2625 2624 2813
f 2815 3044 2762
f 2812 2811 2785
f 2813 9224 2789
f 2804 2803 2816
f 2818 2805 2806
f 2820 2807 2808
f 2819 2806 2809
f 2803 2807 2820
f 2823 2723 2724
f 2714 2716 2703
f 2719 2718 2669
f 2825 3109 2693
f 2801 2838 2826
f 2827 3110 2828
f 2716 2832 2829
f 2683 3111 2830
f 2703 2829 2831
f 2715 2881 2832
f 2700 2828 2833
f 2732 2731 2834
f 2797 2839 2836
f 2837 2834 2731
f 2769 2836 2825
f 2748 2833 2838
f 2697 2826 2839
f 2693 3109 2840
f 2811 2840 2837
f 2841 2749 2696
f 2699 2701 2843
f 2843 2701 2749
f 2787 2786 2845
f 2847 2856 2824
f 2848 2698 2768
f 2850 2694 2812
f 2852 2882 2853
f 2854 2692 2694
f 2842 2696 2698
f 2855 2770 2692
f 2856 2852 2714
f 2857 3112 2858
f 2812 2787 2846
f 2859 2845 2786
f 2849 2768 2770
f 2860 2682 2684
f 2706 2865 2862
f 2863 2861 2684
f 2864 2879 2865
f 2673 2672 2866
f 2868 2877 2710
f 2870 2868 2869
f 2871 2866 2672
f 2678 2673 2867
f 2862 3045 2873
f 2870 2875 2874
f 2872 2867 2874
f 2867 2866 2876
f 2874 2876 2877
f 2878 2862 2865
f 2876 2866 2871
f 2818 2726 2727
f 2729 2728 2816
f 2853 2730 2732
f 2822 2753 2755
f 2761 2760 2880
f 2783 2782 2763
f 2821 2727 2729
f 2791 2782 2666
f 2732 2835 2881
f 2882 2859 2730
f 2883 2929 2884
f 2886 2890 2887
f 2889 2973 2890
f 2891 9225 2892
f 2894 2888 2887
f 2896 2971 2883
f 2898 2948 2899
f 2901 2907 2902
f 2904 2950 2905
f 2907 2946 2908
f 2900 2899 2901
f 2909 2940 2910
f 2912 2940 2913
f 2915 2937 2916
f 2918 2936 2919
f 2917 2916 2921
f 2923 2933 2924
f 2926 2909 2911
f 2922 2921 2926
f 2921 2935 2928
f 2928 2941 2909
f 2929 2973 2889
f 2930 2996 2931
f 2933 2995 2934
f 2916 2938 2935
f 2906 2905 2936
f 2937 3020 2938
f 2939 2910 2940
f 2941 2913 2940
f 2942 3004 2943
f 2945 2908 2946
f 2948 2917 2922
f 2949 3025 2950
f 2899 2922 2927
f 2951 2915 2917
f 2927 2911 2907
f 2911 2910 2946
f 2952 2898 2900
f 2903 2902 2954
f 2956 2970 2957
f 2959 2898 2952
f 2961 2976 2962
f 2964 2979 2965
f 2890 3568 2967
f 2902 2908 2968
f 2953 2900 2903
f 2969 2997 2970
f 2971 3574 2929
f 2972 3568 2890
f 2895 2887 2967
f 2975 2989 2962
f 2966 2965 2968
f 2929 3574 2972
f 2885 2884 2978
f 2980 2886 2888
f 2982 2889 2886
f 2983 2981 2888
f 2884 2889 2982
f 2897 2883 2885
f 2931 2988 2985
f 2892 9225 2986
f 2984 2885 2979
f 2988 2997 2969
f 2987 2986 2989
f 2979 2978 2990
f 2991 2980 2981
f 2993 2982 2980
f 2994 2992 2981
f 2990 2978 2982
f 2959 2951 2948
f 2995 2942 2944
f 2947 2946 2910
f 2893 2892 2931
f 2944 2904 2906
f 2924 2918 2920
f 2934 2906 2918
f 2944 2943 2949
f 2957 2970 2976
f 2975 2976 2970
f 2892 2987 2988
f 2987 2975 2997
f 2998 2969 2956
f 3000 3006 2995
f 3001 2932 2985
f 3003 3026 3004
f 3005 2930 2932
f 3006 3003 2942
f 3007 3000 2933
f 3002 2985 2969
f 2999 2956 2958
f 3009 3014 3010
f 2935 3024 3012
f 3013 3010 3014
f 3016 3024 2935
f 2914 2913 3017
f 3019 3016 2938
f 3011 3019 3020
f 3021 3017 2913
f 3015 2914 3018
f 3012 3021 2941
f 3011 3010 3022
f 3013 3018 3022
f 3018 3017 3023
f 3023 3016 3019
f 3023 3012 3024
f 3023 3017 3021
f 2992 2952 2953
f 2955 2954 2990
f 2958 2957 2943
f 2960 2952 2992
f 2949 2961 2963
f 2954 2968 2965
f 2991 2953 2955
f 2977 2968 2908
f 2943 2957 2961
f 3008 2958 3004
f 1930 1726 1728
f 1734 1733 1787
f 3027 1738 1740
f 3028 1741 1743
f 1776 1744 1746
f 1751 1918 1747
f 1872 1784 1726
f 1788 1787 1733
f 1886 1856 1852
f 1857 1798 1800
f 1823 1801 1803
f 1809 1808 1838
f 1808 1842 1998
f 2009 1845 1801
f 1856 1809 1813
f 1820 1803 1798
f 1887 1886 1789
f 1782 1873 1875
f 3029 1876 1878
f 1915 1922 1888
f 1883 1888 1747
f 1911 1905 1906
f 1793 1800 1914
f 1783 1875 1784
f 1923 1906 1744
f 1915 1734 1729
f 1866 1878 1788
f 1929 1728 1905
f 1940 1746 1934
f 1751 1749 1935
f 1945 1934 1949
f 1937 1935 1950
f 1842 2002 2015
f 3030 2005 1845
f 2014 2015 2002
f 2014 2005 3030
f 1951 1887 1858
f 1860 1914 1949
f 3031 2217 2019
f 3032 2079 2022
f 3033 3547 2031
f 3034 3231 2034
f 3035 2068 2207
f 2045 2044 2040
f 2162 2076 2019
f 2049 2078 2079
f 2175 2145 2141
f 2146 2089 2091
f 2115 2092 2094
f 2100 2099 2128
f 2099 2131 2284
f 2295 2134 2092
f 2145 2100 2104
f 2111 2094 2089
f 2176 2175 2080
f 2163 2165 2075
f 2167 2166 2155
f 2203 2213 2177
f 2044 2172 2177
f 2199 2194 2195
f 2084 2091 2202
f 2165 2076 2162
f 2214 2195 2207
f 2026 2022 2213
f 2166 2078 2049
f 2199 3031 2021
f 2183 3035 2037
f 2226 2045 2042
f 2212 2183 2222
f 2237 2226 2223
f 2131 2288 2301
f 3037 2291 2134
f 2300 2301 2288
f 2300 2291 3037
f 2236 2176 2148
f 2234 2150 2202
f 2506 2363 2305
f 2313 2312 2366
f 3038 3188 2317
f 3039 3176 2320
f 2354 2323 2325
f 2331 2330 2480
f 2450 2364 2363
f 2367 2366 2312
f 2463 2433 2429
f 2434 2377 2379
f 2402 2380 2382
f 2388 2387 2415
f 2387 2419 2576
f 2585 2422 2380
f 2433 2388 2392
f 2399 2382 2377
f 2464 2463 2368
f 2453 2452 2361
f 2455 2454 2502
f 2461 2460 2498
f 2330 2461 2465
f 2488 2508 2483
f 2372 2379 2491
f 2361 2452 2364
f 2499 2483 2323
f 2460 2313 2308
f 2502 2454 2367
f 2505 2305 2508
f 2516 2325 2510
f 2513 2331 2326
f 2522 2510 2525
f 2513 2511 2527
f 2419 2581 2591
f 3040 2592 2422
f 2590 2591 2581
f 2590 2592 3040
f 2528 2464 2435
f 2526 2438 2491
f 2800 2596 2598
f 2604 2603 2654
f 3041 3553 2608
f 2607 2606 3043
f 2815 2645 2614
f 2622 2621 2771
f 2740 2651 2596
f 2655 2654 2603
f 2754 2724 2720
f 2725 2665 2667
f 2686 2668 2670
f 2676 2675 2705
f 2675 2710 2864
f 2873 2713 2668
f 2724 2676 2679
f 2687 2670 2665
f 2755 2754 2656
f 2648 2741 2743
f 2746 2745 2796
f 2752 2751 2792
f 2621 2752 2756
f 2780 2774 2775
f 2660 2667 2783
f 2743 2651 2740
f 2793 2775 2614
f 2751 2604 2599
f 2745 2655 2626
f 2799 2598 2774
f 2815 2616 2804
f 2808 2622 2617
f 3044 2804 2817
f 2821 2808 2805
f 2710 2877 2879
f 3045 2871 2713
f 2876 2878 2879
f 2878 2871 3045
f 2819 2755 2726
f 2728 2783 2817
f 1957 1753 1755
f 1758 1760 1970
f 1763 1762 1964
f 1963 1795 1797
f 1962 1810 1812
f 1960 1797 1810
f 2017 1853 1795
f 1762 1869 1969
f 1968 1891 1893
f 3046 1897 1899
f 3047 1919 1891
f 1967 1899 1753
f 1869 1758 1958
f 1970 1760 1897
f 1755 1944 1972
f 1944 1919 3047
f 1974 1973 3048
f 3050 1976 1975
f 3051 1975 1974
f 1978 1977 3052
f 3054 3062 1988
f 1981 1980 3055
f 1983 1982 3057
f 3059 3065 2018
f 1986 1983 3058
f 1973 1981 3056
f 1987 1986 3060
f 3062 3059 1984
f 3063 3054 1979
f 1982 1978 3053
f 3064 3052 1977
f 1980 1987 3061
f 1991 1993 2010
f 1997 2006 2007
f 1993 1992 2012
f 1995 2007 2012
f 1966 1893 1853
f 3065 3064 1990
f 2256 2046 2048
f 2244 2051 2053
f 2056 2055 2250
f 2249 2086 2088
f 2248 2129 2101
f 2246 2088 2129
f 2303 2142 2086
f 2055 2158 2257
f 2255 2180 2182
f 3066 2186 2188
f 2259 2209 2180
f 2253 2188 2046
f 2158 2051 2244
f 2053 2186 3066
f 2048 2231 3067
f 3067 2231 2209
f 3068 2260 2261
f 3070 2262 2263
f 3071 2263 2260
f 2265 2264 3072
f 3074 3082 2275
f 2268 2267 3075
f 3077 2270 2269
f 3079 3086 2304
f 2273 2270 3077
f 2261 2268 3076
f 2274 2273 3080
f 3082 3079 2271
f 3083 3074 2266
f 2269 2265 3073
f 3084 3072 2264
f 2267 2274 3081
f 3085 2278 2296
f 2283 2292 2293
f 2278 2280 2298
f 2282 2293 2298
f 2252 2182 2142
f 3086 3084 2277
f 2534 2332 2334
f 2338 2340 2550
f 2343 2342 2544
f 2543 2374 2376
f 2542 2389 2391
f 2540 2376 2389
f 2594 2430 2374
f 2342 2446 2549
f 2546 2545 2468
f 3088 2474 2476
f 2495 2468 2545
f 2476 2332 2534
f 2446 2338 2536
f 2340 2474 3088
f 2334 2521 2551
f 2521 2495 2548
f 3089 2552 2553
f 3091 2555 2554
f 3092 2554 2552
f 2556 2557 3093
f 3095 3103 2567
f 2559 2560 3096
f 3098 2561 2562
f 3100 3108 2595
f 3101 2565 2561
f 3090 2553 2559
f 3102 2566 2565
f 3103 3100 2563
f 3104 3095 2558
f 2562 2556 3094
f 3093 2557 2569
f 3096 2560 2566
f 3106 2570 2586
f 2574 2575 3107
f 2570 2572 2588
f 2574 2584 2588
f 2594 2546 2470
f 3108 3105 2569
f 2623 2625 3109
f 2838 2629 2631
f 3110 2632 2634
f 2832 2662 2664
f 3111 2677 2678
f 2829 2664 2708
f 2881 2721 2662
f 2828 2634 2737
f 2834 2759 2761
f 2839 2765 2767
f 2789 2759 2834
f 2836 2767 2623
f 2833 2737 2629
f 2631 2765 2839
f 3109 2625 2814
f 2814 2789 2837
f 2637 2841 2842
f 2844 2843 2636
f 2636 2843 2841
f 2846 2845 2822
f 2709 2674 2856
f 2642 2848 2849
f 2638 2850 2851
f 2723 2823 2882
f 2777 2854 2850
f 2738 2842 2848
f 2855 2854 2777
f 2674 2723 2852
f 2869 2709 3112
f 2851 2846 2809
f 2753 2822 2845
f 2849 2855 2776
f 2860 2870 2857
f 2830 2678 2872
f 2860 2861 2875
f 2863 2872 2875
f 2835 2761 2721
f 2823 2753 2859
f 3113 3177 3039
f 3114 3136 3115
f 3117 2690 2609
f 3119 2640 3120
f 3122 3147 1824
f 3123 3143 3124
f 3117 3127 2606
f 3126 3043 2606
f 3128 3142 3129
f 3121 3128 3130
f 3131 3669 3132
f 1738 3027 3134
f 3135 3249 3115
f 2028 2032 3137
f 3125 3124 3139
f 3141 3258 3129
f 3143 3123 3144
f 3146 3252 3133
f 3138 3857 3034
f 1735 1824 3147
f 3134 3027 3149
f 3120 2640 2612
f 3043 3126 3151
f 3152 3663 3140
f 2314 2318 3153
f 3148 3859 3028
f 3154 3146 3132
f 3156 3181 3157
f 3159 3141 3142
f 3161 3675 3162
f 3164 3135 3136
f 3165 3175 3166
f 3167 3170 3168
f 3170 3186 3171
f 3173 3671 3174
f 3176 3039 3177
f 3179 3168 3170
f 3172 3664 3180
f 3181 3194 3182
f 3183 3538 3184
f 3186 3157 3182
f 3187 3153 2318
f 3189 3555 3190
f 3171 3182 3191
f 3190 3166 3175
f 3193 3191 3182
f 3195 3241 3196
f 3198 3203 3199
f 3195 3197 3201
f 3203 3206 3204
f 3205 3204 3206
f 3208 3214 3209
f 3211 3205 3207
f 3213 3672 3209
f 3200 3229 3215
f 3216 3235 3217
f 3219 3687 3220
f 3222 3234 3223
f 3218 3217 3225
f 3227 3858 3228
f 3034 3857 3230
f 3221 3220 3232
f 3233 3680 3234
f 3219 3685 3235
f 3199 3204 3236
f 3228 3858 3238
f 3240 3243 3241
f 3215 3229 3228
f 3243 3536 3211
f 1737 1736 3029
f 1740 1739 1879
f 1743 1742 1765
f 3145 1761 1763
f 1766 1765 1742
f 3027 1778 1780
f 1739 1737 1865
f 3139 1833 1835
f 3124 1959 1833
f 3244 3152 1835
f 1778 1740 1873
f 1736 1743 1876
f 3143 1763 1959
f 3245 3244 1976
f 3246 3116 2125
f 2031 2033 2168
f 2034 2036 2058
f 2059 2058 2036
f 2346 2345 2322
f 3247 3662 2054
f 3248 3131 2412
f 3133 3252 2538
f 3115 2123 2125
f 2319 2316 2444
f 3249 3247 2056
f 3036 2029 2034
f 2320 2322 2345
f 2074 2070 2031
f 2317 2319 2451
f 3250 3246 2262
f 3115 3249 2245
f 3129 3258 3110
f 2033 2030 2154
f 3251 3033 2070
f 3252 3254 2343
f 2030 2029 3036
f 3253 3248 2555
f 3130 3129 2827
f 3254 3668 2341
f 2735 2605 2607
f 3255 9222 2632
f 2608 2610 2747
f 2442 2315 2320
f 3257 3038 2356
f 2316 2315 2442
f 2360 2356 2317
f 3133 2410 2412
f 2733 2607 2611
f 2747 2610 2605
f 3258 3256 2632
f 3119 3130 2699
f 3042 2608 2741
f 2640 3119 2844
f 3259 3041 3042
f 2746 2611 2613
f 2744 2613 2641
f 3260 1708 1718
f 1710 1709 3262
f 3264 1711 1712
f 1709 1713 3266
f 3267 3295 3268
f 3269 3270 1717
f 1713 1717 3270
f 1715 3268 3261
f 1720 1719 3271
f 3273 1721 1711
f 1721 3273 3274
f 1719 1723 3275
f 3265 1712 1724
f 1722 3274 3277
f 3275 1723 1708
f 1724 1710 3263
f 3266 3270 3279
f 3268 3311 3281
f 3272 3271 3282
f 3284 3273 3264
f 3273 3284 3286
f 3271 3275 3287
f 3288 3265 3276
f 3274 3286 3290
f 3275 3260 3291
f 3276 3263 3292
f 3291 3260 3261
f 3263 3262 3293
f 3285 3264 3265
f 3293 3262 3266
f 3294 3311 3268
f 3296 3279 3270
f 3283 3282 3297
f 3299 3284 3285
f 3284 3299 3301
f 3282 3287 3302
f 3303 3288 3289
f 3301 3319 3290
f 3287 3291 3305
f 3289 3292 3306
f 3305 3291 3281
f 3292 3293 3308
f 3300 3285 3288
f 3308 3293 3280
f 3310 3327 3311
f 3312 3313 3279
f 3280 3279 3313
f 3311 3327 3307
f 3297 3302 3314
f 3303 3304 3316
f 3318 3340 3319
f 3302 3305 3320
f 3304 3306 3321
f 3320 3305 3307
f 3306 3308 3323
f 3300 3303 3317
f 3308 3309 3325
f 3326 3347 3327
f 3328 3329 3313
f 3309 3313 3329
f 3327 3347 3322
f 3298 3297 3315
f 3299 3300 3324
f 3331 3318 3301
f 3330 3315 3332
f 3331 3324 3334
f 3335 3355 3318
f 3315 3314 3336
f 3317 3316 3337
f 3318 3355 3339
f 3314 3320 3341
f 3316 3321 3342
f 3341 3320 3322
f 3321 3323 3344
f 3324 3317 3338
f 3323 3325 3345
f 3346 3350 3347
f 3348 3349 3329
f 3325 3329 3349
f 3350 3343 3322
f 3332 3336 3351
f 3338 3337 3353
f 3355 3368 3356
f 3351 3336 3341
f 3337 3342 3358
f 3357 3341 3343
f 3342 3344 3360
f 3334 3338 3354
f 3344 3345 3362
f 3346 3378 3363
f 3364 3365 3349
f 3345 3349 3365
f 3350 3363 3359
f 3333 3332 3352
f 3335 3334 3361
f 3335 3367 3368
f 3369 3351 3357
f 3353 3358 3371
f 3370 3357 3359
f 3358 3360 3374
f 3375 3361 3354
f 3360 3362 3377
f 3378 3394 3379
f 3380 3381 3365
f 3362 3365 3381
f 3363 3379 3373
f 3366 3352 3382
f 3384 3367 3361
f 3367 3384 3385
f 3352 3351 3369
f 3376 3354 3353
f 3368 3385 3386
f 3387 3370 3373
f 3371 3374 3389
f 3391 3375 3376
f 3374 3377 3393
f 3394 3409 3395
f 3396 3397 3381
f 3377 3381 3397
f 3379 3395 3388
f 3398 3383 3382
f 3400 3384 3375
f 3384 3400 3401
f 3399 3382 3369
f 3392 3376 3372
f 3385 3401 3404
f 3402 3369 3370
f 3372 3371 3390
f 3405 3391 3392
f 3389 3393 3407
f 3409 3439 3410
f 3411 3412 3397
f 3393 3397 3412
f 3395 3410 3413
f 3398 3399 3414
f 3416 3400 3391
f 3400 3416 3417
f 3399 3402 3418
f 3406 3392 3403
f 3401 3417 3420
f 3418 3402 3387
f 3403 3390 3422
f 3421 3387 3388
f 3390 3389 3408
f 3423 3424 3412
f 3407 3412 3424
f 3410 3440 3426
f 3415 3414 3427
f 3429 3416 3405
f 3416 3429 3431
f 3414 3418 3432
f 3406 3419 3433
f 3417 3431 3435
f 3432 3418 3421
f 3419 3422 3437
f 3436 3421 3413
f 3422 3408 3438
f 3430 3405 3406
f 3408 3407 3425
f 3439 3455 3440
f 3428 3427 3441
f 3443 3429 3430
f 3429 3443 3445
f 3427 3432 3446
f 3434 3433 3447
f 3431 3445 3449
f 3432 3436 3450
f 3433 3437 3451
f 3450 3436 3426
f 3437 3438 3453
f 3444 3430 3434
f 3438 3425 3454
f 3455 3470 3456
f 3457 3458 3424
f 3425 3424 3458
f 3440 3456 3452
f 3441 3446 3459
f 3448 3447 3461
f 3445 3476 3463
f 3446 3450 3464
f 3447 3451 3465
f 3464 3450 3452
f 3451 3453 3467
f 3444 3448 3462
f 3453 3454 3469
f 3470 3486 3471
f 3472 3473 3458
f 3454 3458 3473
f 3456 3471 3466
f 3442 3441 3460
f 3475 3443 3444
f 3443 3475 3476
f 3477 3459 3464
f 3461 3465 3479
f 3478 3464 3466
f 3465 3467 3482
f 3468 3462 3483
f 3467 3469 3485
f 3486 3501 3487
f 3488 3489 3473
f 3469 3473 3489
f 3471 3487 3481
f 3474 3460 3490
f 3492 3475 3468
f 3475 3492 3493
f 3460 3459 3477
f 3462 3461 3480
f 3493 3512 3463
f 3494 3478 3481
f 3479 3482 3496
f 3484 3483 3498
f 3482 3485 3500
f 3501 3716 3502
f 3503 3504 3489
f 3485 3489 3504
f 3487 3502 3495
f 3491 3490 3505
f 3507 3492 3484
f 3492 3507 3508
f 3490 3477 3509
f 3483 3480 3510
f 3493 3508 3511
f 3509 3477 3478
f 3480 3479 3497
f 3499 3498 3513
f 3515 3496 3500
f 3517 3970 3518
f 3520 3962 3521
f 3500 3504 3521
f 3519 3518 3523
f 3506 3505 3525
f 3527 3507 3499
f 3527 3965 3528
f 3525 3505 3509
f 3498 3510 3531
f 3529 3528 3532
f 3530 3509 3494
f 3510 3497 3535
f 3534 3494 3495
f 3535 3497 3496
f 3536 3540 3205
f 3537 3227 3229
f 3183 3239 3238
f 3537 3200 3199
f 3539 3236 3540
f 3542 3227 3537
f 3540 3236 3204
f 3544 3127 3117
f 3546 3137 2032
f 3028 3859 3548
f 3547 3033 1771
f 3548 3546 3547
f 3117 3118 3549
f 3549 3118 3550
f 3188 3038 2035
f 3540 3536 3551
f 3231 3230 3187
f 3536 3243 3550
f 3552 3544 3545
f 3202 3552 3240
f 3550 3118 2609
f 3178 3550 3553
f 3553 3041 2321
f 3549 3243 3240
f 3554 3190 3555
f 3557 3957 3558
f 3559 3558 3560
f 2896 3581 3562
f 2974 2967 3563
f 3565 2893 2996
f 3567 3566 2996
f 3568 2972 3569
f 2967 3568 3570
f 2930 3005 3571
f 2972 3574 3572
f 2893 3565 3573
f 3574 2971 3562
f 3569 3572 3575
f 3575 3572 3562
f 3565 3582 3578
f 3564 3563 3579
f 3581 3594 3577
f 3582 3565 3566
f 3584 3583 3566
f 3584 3567 3571
f 3570 3569 3576
f 3563 3570 3586
f 3586 3576 3587
f 3579 3586 3588
f 3587 3576 3575
f 3590 3575 3577
f 3582 3595 3592
f 3580 3579 3589
f 3594 3611 3591
f 3595 3582 3583
f 3584 3597 3596
f 3597 3584 3585
f 3599 3595 3596
f 3597 3601 3600
f 3601 3597 3598
f 3603 3588 3587
f 3589 3588 3603
f 3587 3590 3606
f 3590 3591 3607
f 3595 3599 3608
f 3593 3589 3605
f 3610 3607 3591
f 3612 3627 3608
f 3613 3609 3605
f 3615 3622 3607
f 3612 3599 3600
f 3601 3617 3616
f 3617 3601 3602
f 3619 3603 3604
f 3614 3605 3603
f 3604 3606 3621
f 3606 3607 3622
f 3623 3620 3621
f 3621 3622 3625
f 3612 3631 3626
f 3628 3613 3614
f 3630 3625 3622
f 3631 3612 3616
f 3617 3633 3632
f 3633 3617 3618
f 3635 3619 3620
f 3614 3619 3635
f 3636 3943 3624
f 3637 3636 3625
f 3638 3645 3639
f 3639 9226 3641
f 3642 3890 3643
f 3645 3647 3646
f 3647 3649 3648
f 3649 3654 3650
f 3651 3702 3652
f 3654 3656 3655
f 3656 3660 3657
f 3658 3689 3657
f 3659 3657 3660
f 1772 1771 3033
f 2064 2035 3038
f 3244 3245 3662
f 3247 3249 3152
f 3249 3135 3663
f 3167 3663 3135
f 3664 3638 3665
f 3192 3664 3172
f 3666 3626 3631
f 3246 3250 3668
f 3254 3252 3116
f 2321 3041 3259
f 3253 3255 3256
f 3258 3131 3248
f 3258 3141 3669
f 3165 3669 3141
f 3194 3181 3670
f 3556 3193 3194
f 3554 3670 3166
f 3154 3670 3181
f 3114 3116 3252
f 3163 3162 3671
f 3233 3682 3672
f 3212 3196 3241
f 3238 3858 3673
f 3674 3860 3538
f 3237 3856 3543
f 3675 3161 3552
f 3667 3631 3632
f 3677 3681 3213
f 3678 3216 3218
f 3680 3233 3213
f 3682 3233 3222
f 3679 3218 3226
f 3685 3219 3221
f 3683 3222 3224
f 3687 3219 3216
f 3686 3221 3224
f 3162 3904 3688
f 3655 3657 3689
f 3671 3688 3189
f 3650 3655 3690
f 3676 3632 3633
f 3634 3942 3692
f 3693 3628 3629
f 3694 3629 3635
f 3623 3865 3695
f 3653 3652 3684
f 3696 3870 3697
f 3699 3931 3696
f 3700 3675 3202
f 3701 3885 3702
f 3703 3706 3704
f 3705 3708 3706
f 3707 3710 3708
f 3709 3712 3710
f 3711 3784 3712
f 3517 3716 3713
f 3715 3713 3716
f 3717 3826 3486
f 3718 3719 966
f 3719 3720 964
f 3720 3722 965
f 3721 963 965
f 3723 1135 963
f 3724 962 1135
f 3725 960 962
f 3726 3787 3727
f 3726 3788 815
f 3728 3788 1067
f 3728 3789 959
f 3729 3789 943
f 271 270 3730
f 3731 3730 270
f 3732 4056 745
f 3733 3732 746
f 3734 3795 377
f 3735 3734 451
f 3736 3735 429
f 3737 425 422
f 3737 449 433
f 3738 433 533
f 3740 3739 533
f 3741 571 570
f 3743 3741 558
f 3744 3743 582
f 3745 616 592
f 3746 646 616
f 3746 636 658
f 3747 658 677
f 3749 703 670
f 3749 3750 710
f 3750 3751 728
f 3751 717 737
f 3753 709 727
f 3753 3798 702
f 3755 3798 693
f 3755 3756 651
f 3756 659 638
f 3757 638 605
f 3759 593 617
f 3760 574 593
f 3760 583 561
f 3762 3761 561
f 3763 3800 427
f 3764 3800 443
f 3765 3764 441
f 3765 440 439
f 3767 421 423
f 3767 437 435
f 3769 446 419
f 3770 744 444
f 3772 742 744
f 3773 3731 286
f 343 342 3774
f 3775 3718 1555
f 3775 3824 1613
f 3776 1544 1543
f 3778 1549 1550
f 3778 3779 1683
f 3779 3825 1699
f 3780 3825 1676
f 3780 3782 3267
f 3781 3295 3267
f 3711 3786 3783
f 3785 3854 3783
f 1564 1563 3719
f 1563 949 3720
f 949 950 3722
f 806 3721 3722
f 1137 3723 3721
f 945 3724 3723
f 947 3725 3724
f 974 973 3787
f 955 1067 3788
f 958 815 3788
f 944 943 3789
f 3790 4046 340
f 3791 3774 342
f 3791 345 344
f 3793 4056 3732
f 3794 743 3732
f 747 445 3795
f 420 747 3734
f 422 420 3735
f 449 3737 3736
f 426 425 3737
f 428 426 3738
f 527 428 3739
f 558 3741 3742
f 571 3741 3743
f 592 573 3743
f 599 627 3745
f 636 3746 3745
f 646 3746 3747
f 650 3747 3748
f 690 3749 3748
f 715 3750 3749
f 715 717 3751
f 3796 3751 3752
f 705 3753 3754
f 705 693 3798
f 669 702 3798
f 679 659 3756
f 651 3756 3757
f 647 3757 3758
f 600 3759 3758
f 583 3760 3759
f 574 3760 3761
f 3799 569 3761
f 531 443 3800
f 424 427 3800
f 424 3764 3765
f 514 3765 3766
f 437 3767 3766
f 421 3767 3768
f 436 3769 3768
f 368 3770 3771
f 3801 3772 3770
f 3792 344 3802
f 3804 3807 3805
f 3807 3809 3808
f 3809 4180 3810
f 3811 3814 3812
f 3814 3816 3815
f 3816 3818 3817
f 3818 3820 3819
f 3820 3823 3821
f 3822 4016 3821
f 1607 1564 3718
f 1603 1609 3824
f 1546 3776 3777
f 1545 3778 3777
f 1545 1661 3779
f 1661 1676 3825
f 1714 1699 3825
f 1725 3278 3782
f 3277 3781 3782
f 3679 3930 3704
f 3678 3704 3706
f 3708 3220 3687
f 3710 3232 3220
f 3232 3710 3712
f 3501 3486 3826
f 3683 3712 3784
f 3784 3783 3672
f 3827 3785 3828
f 3533 3532 3830
f 3512 3511 3713
f 3831 3832 1652
f 3832 3833 1659
f 3833 3910 1658
f 1658 3910 3834
f 1685 3834 3835
f 1701 3835 3836
f 1716 3836 3837
f 3269 3837 3838
f 3296 3838 3839
f 3312 3839 3840
f 3328 3840 3841
f 3348 3841 3842
f 3364 3842 3843
f 3380 3843 3844
f 3396 3844 3845
f 3411 3845 3846
f 3423 3846 3847
f 3457 3847 3848
f 3472 3848 3849
f 3488 3849 3850
f 3503 3850 3851
f 3852 3827 3829
f 3672 3783 3854
f 3551 3536 3178
f 3670 3154 3155
f 3855 3123 3169
f 3541 3551 3177
f 3113 3153 3539
f 3114 3156 3158
f 3539 3153 3187
f 3173 3159 3160
f 3125 3140 3169
f 3187 3230 3237
f 3856 3237 3230
f 3856 3857 3138
f 3138 3137 3542
f 3164 3158 3157
f 3669 3165 3155
f 3121 3120 3163
f 3227 3542 3137
f 3663 3167 3169
f 3546 3548 3858
f 3673 3858 3548
f 3673 3859 3148
f 3160 3142 3128
f 3148 3147 3860
f 3860 3147 3122
f 3122 3134 3184
f 3185 3184 3861
f 3855 3905 3863
f 3151 3161 3163
f 3161 3151 3126
f 3126 3127 3544
f 3150 3861 3184
f 3170 3167 3164
f 3175 3165 3159
f 3146 3154 3156
f 3624 3943 3865
f 3866 3906 3693
f 3867 3866 3694
f 3239 3871 3242
f 3226 3225 3868
f 3210 3209 3854
f 3867 3695 3865
f 3869 3973 3870
f 3871 3239 3183
f 3872 3868 3225
f 3868 3872 3866
f 3185 3866 3872
f 3871 3225 3217
f 3242 3217 3235
f 3661 3699 3698
f 3698 3697 3658
f 3873 3889 3874
f 3876 3873 3875
f 3876 3877 3878
f 3879 3878 3880
f 3881 3880 3882
f 3883 3882 3884
f 3885 3884 3886
f 3702 3886 3887
f 3888 3892 3889
f 3885 3701 3643
f 3891 3888 3873
f 3892 3888 3893
f 3648 3650 3691
f 3895 3902 3646
f 3896 3893 3888
f 3891 3898 3897
f 3898 3900 3899
f 3900 3903 3901
f 3898 3891 3876
f 3898 3879 3881
f 3883 3903 3900
f 3902 9226 3639
f 3903 3890 3642
f 3890 3903 3883
f 3675 3700 3904
f 3198 3215 3235
f 3685 3686 3203
f 3686 3223 3206
f 3207 3206 3223
f 3212 3207 3234
f 3196 3212 3680
f 3197 3196 3681
f 3700 3931 3699
f 3661 3688 3904
f 3189 3688 3661
f 3660 3656 3555
f 3556 3555 3656
f 3654 3649 3193
f 3649 3647 3191
f 3192 3191 3647
f 3645 3638 3664
f 3864 3144 3123
f 3179 3180 3863
f 3168 3179 3905
f 3185 3862 3906
f 3907 3908 3832
f 3908 3909 3833
f 3909 3911 3910
f 3911 9227 3834
f 3834 9227 3912
f 3835 3912 3913
f 3696 3208 3210
f 3836 3913 3914
f 3837 3914 3915
f 3838 3915 3916
f 3839 3916 3917
f 3840 3917 3918
f 3841 3918 3919
f 3842 3919 3920
f 3843 3920 3921
f 3844 3921 3922
f 3845 3922 3923
f 3846 3923 3924
f 3847 3924 3925
f 3848 3925 3926
f 3849 3926 3927
f 3850 3927 3928
f 3652 3887 3929
f 3684 3929 3930
f 3201 3932 3931
f 3931 3932 3208
f 3932 3201 3197
f 3932 3677 3214
f 3933 3939 3455
f 3933 3940 3404
f 3934 3940 3409
f 3934 3941 3356
f 3935 3941 3378
f 3936 3935 3346
f 3936 3326 3310
f 3937 3310 3294
f 3420 3435 3939
f 3439 3409 3940
f 3386 3404 3940
f 3394 3378 3941
f 3339 3356 3941
f 3340 3339 3935
f 3340 3936 3937
f 3319 3937 3938
f 3939 3717 3470
f 3715 3826 3463
f 3938 3294 3295
f 3435 3449 3717
f 3290 3938 3781
f 3449 3463 3826
f 3867 3651 3653
f 3942 3985 3665
f 3638 3676 3692
f 3640 3667 3676
f 3640 3641 3666
f 3644 3643 3636
f 3701 3943 3636
f 3651 3865 3943
f 3944 3948 3945
f 3947 3950 3948
f 3949 3983 3950
f 3949 3882 3880
f 3951 3880 3878
f 3952 3878 3877
f 3954 3953 3877
f 3954 3982 3955
f 3946 3945 3957
f 3958 3514 3513
f 3960 3515 3516
f 3716 3517 3519
f 3522 3521 3504
f 3516 3521 3962
f 3502 3519 3524
f 3526 3525 3963
f 3965 3527 3514
f 3507 3527 3529
f 3525 3530 3966
f 3959 3513 3531
f 3508 3529 3533
f 3966 3530 3534
f 3967 3531 3535
f 3968 3534 3524
f 3969 3535 3515
f 3970 3517 3714
f 3511 3533 3714
f 3522 3851 3971
f 3851 3928 3972
f 3973 3869 3827
f 3974 3703 3561
f 3975 3951 3952
f 3704 3930 3559
f 3882 3949 3947
f 3929 3557 3559
f 3828 3785 3786
f 3887 3946 3557
f 3978 3709 3707
f 3977 3786 3711
f 3884 3947 3944
f 3956 3984 3953
f 3979 3707 3705
f 3980 3711 3709
f 3875 3874 3982
f 3983 3949 3951
f 3981 3705 3703
f 3869 3854 3785
f 3984 3976 3952
f 3886 3944 3946
f 3180 3665 3985
f 4 1 3
f 3986 1 8
f 1187 8 12
f 1160 12 15
f 1156 1158 15
f 1153 1156 18
f 1189 1153 21
f 1189 24 27
f 1184 27 30
f 3987 30 33
f 1178 37 38
f 1176 4643 3989
f 1172 1176 39
f 1168 1172 43
f 53 52 3
f 55 53 50
f 59 55 56
f 63 59 60
f 67 112 69
f 68 69 74
f 77 72 74
f 63 64 112
f 3990 1535 37
f 177 98 99
f 93 94 103
f 83 85 87
f 3991 80 82
f 96 95 3992
f 105 107 119
f 107 108 3993
f 14 11 96
f 91 92 163
f 58 62 109
f 90 91 157
f 155 82 1533
f 920 88 89
f 106 105 117
f 3992 95 97
f 172 97 98
f 104 106 109
f 170 101 100
f 92 93 165
f 42 4241 3994
f 175 99 101
f 84 83 149
f 918 89 90
f 32 31 1532
f 3803 3802 346
f 3996 3995 346
f 3997 4011 3998
f 4000 4094 4001
f 4003 4089 4004
f 4006 4000 4002
f 4005 4004 291
f 295 3792 3803
f 4009 4003 4005
f 4010 4005 285
f 4011 4006 4007
f 4012 348 296
f 4013 4071 4014
f 4016 9206 4017
f 3819 3821 4017
f 3817 3819 4018
f 4019 4030 3815
f 374 462 4020
f 4021 462 374
f 4022 4253 348
f 308 313 352
f 308 311 306
f 301 306 298
f 300 293 302
f 293 300 4023
f 280 341 343
f 370 4061 3801
f 300 299 338
f 339 338 299
f 33 32 1534
f 4024 46 47
f 4025 47 48
f 4026 48 84
f 1533 1532 31
f 4028 152 153
f 1526 1529 219
f 1525 1526 220
f 275 276 289
f 276 279 290
f 4030 4041 3812
f 4031 3996 1133
f 272 275 345
f 1528 893 894
f 920 919 1530
f 923 919 160
f 923 219 1529
f 4032 3999 3998
f 988 894 984
f 151 150 4015
f 1172 1168 1170
f 1185 3987 1181
f 1206 1205 4033
f 4034 1221 1223
f 1254 1253 4035
f 1267 1266 4036
f 1300 1254 1263
f 1267 1273 1310
f 1300 1304 1322
f 1306 1310 1328
f 1316 1322 1358
f 1323 1328 1362
f 1359 1362 1372
f 1352 1358 1383
f 1382 4037 1433
f 1428 1401 1372
f 1451 1414 1401
f 4037 4038 1432
f 4038 4040 1455
f 1451 1450 1463
f 4039 1440 1524
f 1471 1464 1461
f 1460 1443 1487
f 1463 1468 1470
f 1441 1523 1478
f 4040 4039 1499
f 1455 4040 1492
f 4041 4067 3813
f 1181 33 1535
f 4042 1168 46
f 1531 1533 88
f 4027 84 152
f 4043 5682 1114
f 4044 4032 4013
f 4045 295 297
f 282 273 341
f 336 340 4046
f 407 352 313
f 4047 3804 3806
f 4012 3995 3996
f 407 366 353
f 741 740 4049
f 3996 4031 4050
f 4051 4049 740
f 1112 748 4052
f 4053 4052 748
f 4023 338 3730
f 3790 4023 3731
f 3773 3774 4046
f 4045 4046 3774
f 3791 3792 295
f 4054 4065 288
f 4008 3803 3995
f 4055 4053 745
f 4056 3793 4057
f 4058 4057 3793
f 4059 4058 742
f 3772 3801 4060
f 4061 4199 4060
f 4031 351 350
f 4062 4173 4063
f 4031 288 4065
f 4001 134 128
f 3810 3813 4067
f 4068 4069 3808
f 4002 4001 4066
f 4069 4070 3805
f 4070 4075 3806
f 4007 4002 1125
f 4072 4145 4073
f 4075 4077 4048
f 4076 4048 4077
f 4078 4080 4079
f 4080 4083 4081
f 4082 4081 4083
f 4082 4072 4074
f 4085 959 3789
f 4086 4178 4087
f 143 144 4003
f 144 137 4089
f 4090 4097 4091
f 4093 4089 137
f 4095 4110 4088
f 4097 4152 4098
f 4099 4104 4100
f 4102 4095 4096
f 4104 4102 4103
f 4105 4152 4106
f 4108 8656 4109
f 4107 4099 4101
f 4095 4111 4108
f 4102 4206 4111
f 4112 4082 4084
f 4114 4145 4072
f 4112 4115 4081
f 4115 4118 4079
f 4116 4093 4094
f 4000 4006 4117
f 4118 4119 4076
f 4119 4047 4048
f 4120 4123 4121
f 4123 4139 4124
f 247 249 256
f 246 247 4125
f 252 246 4126
f 4127 4128 1525
f 4128 4130 917
f 4129 915 917
f 4131 4120 4122
f 1056 4135 4133
f 4134 4236 4135
f 4136 4138 738
f 262 4137 242
f 4137 4136 244
f 4138 4236 4134
f 4139 4141 4140
f 4141 4142 257
f 4142 261 4143
f 4132 4144 4114
f 4144 4146 4145
f 4146 4171 4073
f 4044 4015 150
f 4074 4073 4147
f 4109 4086 4088
f 4149 4151 4097
f 4096 4088 4087
f 4151 4106 4152
f 4101 4100 4153
f 4103 4096 4150
f 4100 4103 4155
f 4156 4098 4152
f 4105 4101 4154
f 4157 4206 4102
f 4158 4117 4006
f 4159 4158 4011
f 349 4159 3997
f 4160 4215 4161
f 4092 4174 4162
f 4163 4157 4104
f 4164 4163 4099
f 4107 4106 4165
f 4166 8656 4108
f 4106 4151 4167
f 4168 4085 4165
f 4073 4171 4169
f 240 243 4170
f 243 245 1054
f 259 258 1047
f 241 258 4143
f 4140 257 259
f 1054 245 739
f 4122 4121 888
f 4121 4124 898
f 4132 4122 885
f 4124 4140 263
f 4169 4171 931
f 4171 4146 1527
f 1141 1051 1053
f 1143 739 1051
f 1528 1527 4146
f 4144 4132 893
f 904 754 816
f 4163 1128 1129
f 4014 1127 153
f 1127 1126 4029
f 3998 4007 4071
f 137 134 4001
f 4084 4074 4148
f 4173 4162 4174
f 351 4065 4159
f 4174 4092 4059
f 4092 4091 4058
f 4158 4159 4065
f 4054 4175 4117
f 4091 4098 4057
f 4098 4156 4055
f 4175 4054 290
f 4156 4154 4053
f 4175 4176 4116
f 4052 4053 4154
f 279 278 4176
f 4177 4176 278
f 4004 4177 277
f 4093 4116 4176
f 4177 4004 4089
f 4051 4052 4153
f 4049 4051 4155
f 4150 4087 4043
f 4178 5682 4043
f 4063 4199 4179
f 3813 3810 4180
f 998 4511 4181
f 4183 4182 994
f 4185 4183 4184
f 4187 1001 4185
f 4189 4187 4188
f 4191 4189 4190
f 4193 4191 4192
f 1090 4193 4194
f 1072 4198 4196
f 4188 4185 4186
f 4182 4181 4197
f 4194 4192 1004
f 4195 4194 1005
f 4184 994 996
f 4190 4188 1002
f 4192 4190 1003
f 4186 4184 1007
f 993 1071 4198
f 4063 4174 4060
f 4200 4203 4201
f 4090 4162 4200
f 4203 4200 4162
f 4204 4203 4173
f 4202 4205 4149
f 4205 4167 4151
f 4157 1129 1130
f 4206 1130 1131
f 4111 1131 1132
f 4164 3729 1128
f 4164 4165 4085
f 1124 4166 1132
f 957 959 4085
f 4172 4148 4207
f 4209 4213 4210
f 4167 4205 4212
f 4213 3999 4214
f 4168 4212 4147
f 4213 4209 4215
f 3999 4213 4160
f 4212 4207 4148
f 957 4168 4169
f 4207 4212 4205
f 4071 1125 1127
f 4202 4201 4208
f 4211 4210 915
f 927 915 4210
f 4214 4216 924
f 4216 4217 921
f 154 921 4217
f 4218 4219 3991
f 80 3991 4219
f 4220 4221 35
f 36 35 4221
f 38 36 4222
f 4131 4114 4083
f 4080 4078 4120
f 4078 4077 4123
f 4139 4123 4077
f 4141 4139 4075
f 4142 4141 4070
f 261 4142 4069
f 1496 1461 1522
f 1442 4225 1523
f 1442 1406 4224
f 4224 1406 1373
f 4226 1373 1345
f 1336 4228 4227
f 1294 4229 4228
f 1244 4231 4229
f 1244 1243 4230
f 4232 4234 4233
f 4234 4232 1179
f 4223 4240 3988
f 4068 4067 262
f 4137 262 4067
f 4136 4137 4041
f 4138 4136 4030
f 4019 4018 4236
f 4018 4017 4135
f 4017 9206 4133
f 1474 1480 1453
f 4225 1457 1519
f 1418 4039 4040
f 4216 4214 3999
f 4032 4044 4217
f 4218 4217 4044
f 148 86 4219
f 1126 4066 128
f 1126 127 120
f 4029 120 3993
f 1490 1480 4237
f 1491 1484 1486
f 4237 1495 1484
f 1476 1472 1495
f 1475 1517 1472
f 1488 1515 1517
f 1515 1488 1508
f 1510 1500 1513
f 1493 1500 1510
f 1494 1493 1469
f 1504 1494 1505
f 1467 1498 1504
f 1483 1481 1498
f 1477 1481 1483
f 4224 1435 1457
f 1435 4224 4226
f 4226 4227 1344
f 1344 4227 4228
f 4229 1293 1335
f 4231 1239 1293
f 4238 1239 4231
f 1190 4233 4234
f 4239 4234 4235
f 3989 4643 4240
f 4223 4222 40
f 4222 4221 4241
f 3994 4241 4221
f 4220 4219 86
f 4028 3993 108
f 76 4026 4027
f 4026 76 77
f 4025 77 78
f 79 4042 4024
f 1233 1214 1169
f 1215 1214 1233
f 1265 1264 4242
f 1283 1290 1305
f 1305 1290 1334
f 1340 1357 1321
f 1370 1382 1357
f 4037 1382 1370
f 1408 1418 4038
f 4172 4245 4113
f 4203 4204 4243
f 4201 4243 4244
f 4208 4244 4245
f 4199 4061 4246
f 4247 4246 4061
f 369 405 409
f 453 379 4249
f 744 743 3794
f 461 452 454
f 494 452 4250
f 464 4254 4247
f 701 501 1111
f 403 1111 501
f 509 1113 700
f 3795 3733 376
f 3771 444 446
f 445 3794 3733
f 404 3771 3769
f 370 369 4248
f 413 416 4251
f 414 413 4252
f 458 515 411
f 408 411 515
f 409 408 455
f 4248 409 492
f 4179 4246 4253
f 4254 4253 4246
f 4022 4050 4064
f 4050 350 4062
f 4161 4204 4062
f 4215 4243 4204
f 4209 4244 4243
f 4244 4209 4211
f 4129 4113 4245
f 382 381 4249
f 454 4249 381
f 452 461 463
f 4020 461 406
f 4255 521 486
f 460 459 487
f 4256 466 4250
f 456 460 467
f 465 457 470
f 466 465 493
f 457 456 516
f 486 459 4252
f 4255 4269 543
f 4257 4258 581
f 4258 4259 580
f 4259 4260 625
f 4260 4261 633
f 4261 4262 656
f 4262 4263 675
f 4263 4264 688
f 4264 4265 714
f 4265 724 733
f 725 735 733
f 4254 464 466
f 4021 316 348
f 4254 4256 4021
f 463 462 4021
f 726 4266 736
f 718 4268 4266
f 729 732 730
f 718 720 4267
f 719 9228 4267
f 694 706 724
f 4265 4264 680
f 4264 4263 681
f 4263 4262 639
f 4262 4261 607
f 608 607 4261
f 4259 585 608
f 4258 563 585
f 4258 4257 564
f 4269 4255 418
f 416 418 4255
f 4113 4129 4130
f 4115 4112 4130
f 4118 4115 4128
f 4119 4118 4127
f 4047 4119 4126
f 3804 4047 4125
f 256 255 3807
f 255 254 3809
f 254 253 4180
f 3811 4180 253
f 233 234 3814
f 234 232 3816
f 232 231 3818
f 231 236 3820
f 236 237 3823
f 237 238 3822
f 1033 1032 1147
f 1025 1036 990
f 4270 1038 1037
f 1030 1034 1036
f 1077 1035 1020
f 1103 1038 4270
f 1032 1103 1108
f 982 980 1077
f 1075 1139 4271
f 1018 895 897
f 1074 1018 1092
f 4272 4279 1059
f 4274 1080 1060
f 4276 4275 1060
f 4276 4282 4277
f 4278 4284 4279
f 4274 4275 4277
f 4281 4285 4277
f 4283 4294 4284
f 4280 4277 4285
f 4198 4291 4287
f 4288 4512 4289
f 1070 4292 4290
f 4291 4198 1071
f 1069 4308 4292
f 4293 1074 1091
f 889 265 4284
f 4284 265 264
f 4281 4282 4295
f 892 891 4297
f 4297 4295 4282
f 264 1047 1059
f 886 889 4294
f 887 886 4298
f 4299 981 982
f 1138 4293 4301
f 984 983 4303
f 4305 4335 4306
f 4308 989 4309
f 4311 4291 4290
f 4313 4374 4314
f 4316 4352 4317
f 4286 4285 4319
f 983 4298 4321
f 4322 4369 4323
f 4325 4330 4326
f 4323 4354 4328
f 4293 4289 4329
f 4330 4366 4331
f 4332 4313 4315
f 4334 4356 4335
f 4300 982 4271
f 4337 4367 4338
f 4340 4370 4341
f 4343 4354 4344
f 4325 4367 4346
f 4348 4374 4349
f 4351 4390 4352
f 4353 4344 4354
f 4355 4337 4348
f 4356 4393 4357
f 4347 4365 4330
f 4358 4373 4313
f 4359 4624 4306
f 4361 4626 4362
f 4362 4370 4364
f 4365 4375 4366
f 4335 4357 4360
f 4337 4355 4346
f 4368 4353 4323
f 4340 4378 4364
f 4371 4624 4359
f 4373 4349 4374
f 4316 4366 4375
f 4376 4391 4353
f 4377 4400 4364
f 4372 4359 4379
f 4381 4388 4349
f 4351 4375 4382
f 4345 4344 4384
f 4386 4347 4346
f 4350 4349 4388
f 4383 4514 4390
f 4391 4384 4344
f 4392 4355 4350
f 4393 4552 4394
f 4347 4386 4395
f 4396 4381 4373
f 4379 4359 4360
f 4398 4361 4363
f 4399 4363 4364
f 4395 4382 4375
f 4357 4394 4397
f 4355 4392 4387
f 4401 4419 4402
f 4404 4543 4405
f 4407 4434 4408
f 4410 4545 4411
f 4413 4424 4414
f 4416 4540 4417
f 4419 4429 4420
f 4421 4515 4422
f 4424 4549 4425
f 4426 4620 4407
f 4427 4538 4404
f 4428 4432 4429
f 4431 4545 4432
f 4433 4548 4434
f 4436 4546 4437
f 4437 4540 4439
f 4440 4548 4433
f 4421 4543 4442
f 4444 4549 4445
f 4447 4538 4411
f 4449 4469 4450
f 4452 4557 4453
f 4455 4471 4456
f 4449 4451 4458
f 4460 4496 4461
f 4463 4575 4464
f 4466 4476 4467
f 4469 4566 4470
f 4464 4456 4471
f 4472 4491 4473
f 4475 4481 4476
f 4477 4541 4478
f 4462 4468 4467
f 4476 4482 4480
f 4481 4621 4482
f 4483 4517 4471
f 4454 4453 4484
f 4485 4500 4486
f 4487 4451 4450
f 4489 4463 4465
f 4491 4516 4492
f 4478 4501 4493
f 4495 4502 4496
f 4492 4504 4498
f 4451 4487 4499
f 4500 4493 4501
f 4502 4495 4503
f 4453 4498 4504
f 4505 4483 4455
f 4507 4460 4467
f 4479 4478 4494
f 4415 4414 4391
f 4414 4425 4384
f 4385 4384 4425
f 4396 4385 4509
f 4403 4402 4381
f 4402 4420 4388
f 4389 4388 4420
f 999 998 4182
f 1001 999 4183
f 1058 1057 1082
f 1078 1080 4273
f 1057 1062 1100
f 1105 1083 1085
f 4195 4196 4288
f 1055 1110 1062
f 1096 1083 1148
f 1142 1148 1110
f 1065 1081 4511
f 1050 1000 1001
f 903 1050 4187
f 896 903 4189
f 897 896 4191
f 1092 897 4193
f 4274 4272 4273
f 4280 4278 4272
f 4286 4283 4278
f 4196 4287 4512
f 4343 4332 4333
f 4352 4340 4342
f 4345 4358 4332
f 4390 4378 4340
f 4514 4377 4378
f 4385 4396 4358
f 4444 4401 4403
f 4515 4416 4418
f 4516 4491 4458
f 4490 4465 4471
f 4450 4470 4503
f 4460 4507 4497
f 4389 4510 4410
f 4412 4387 4392
f 4443 4617 4518
f 4520 4618 4445
f 4522 4622 4523
f 4447 4619 4525
f 4527 4536 4528
f 4525 4616 4442
f 4524 4523 4530
f 4431 4611 4531
f 4532 4520 4521
f 4534 4615 4439
f 4536 4610 4430
f 4537 4527 4529
f 4519 4518 4534
f 4538 4427 4412
f 4387 4412 4427
f 4406 4395 4386
f 4406 4405 4382
f 4383 4382 4405
f 4423 4422 4514
f 4539 4417 4540
f 4377 4514 4422
f 4541 4555 4501
f 4473 4498 4542
f 4423 4405 4543
f 4506 4455 4457
f 4545 4410 4510
f 4546 4550 4539
f 4418 4417 4400
f 4547 4408 4434
f 4400 4417 4539
f 4509 4425 4549
f 4510 4420 4429
f 4399 4539 4550
f 4551 4547 4548
f 4409 4394 4552
f 4408 4397 4394
f 4379 4397 4408
f 4380 4379 4547
f 4553 4461 4496
f 4454 4486 4554
f 4486 4501 4555
f 4491 4472 4459
f 4555 4584 4556
f 4557 4542 4498
f 4554 4556 4558
f 4558 4559 4557
f 4559 4560 4542
f 4474 4542 4560
f 4472 4474 4561
f 4563 4459 4472
f 4459 4563 4564
f 4564 4565 4469
f 4565 4567 4566
f 4553 4566 4567
f 4502 4470 4566
f 4568 4569 4461
f 4462 4461 4569
f 4570 4571 4468
f 4466 4468 4571
f 4466 4572 4573
f 4574 4464 4575
f 4577 4456 4464
f 4457 4456 4577
f 4457 4578 4579
f 4580 4581 4541
f 4581 4584 4555
f 4582 4604 4571
f 4583 4588 4584
f 4505 4508 4532
f 4586 4582 4570
f 4586 4569 4568
f 4506 4479 4508
f 4588 4600 4589
f 4591 4600 4592
f 4477 4544 4579
f 4594 4590 4589
f 4596 4594 4595
f 4598 4563 4562
f 4589 4601 4599
f 4544 4477 4479
f 4600 4591 4601
f 4601 4603 4602
f 4592 4600 4588
f 4584 4588 4590
f 4556 4590 4594
f 4559 4558 4594
f 4603 4607 4604
f 4605 4607 4591
f 4597 4595 4599
f 4578 4592 4583
f 4577 4593 4592
f 4591 4607 4603
f 4596 4561 4560
f 4573 4572 4606
f 4593 4577 4574
f 4606 4604 4607
f 4599 4602 4608
f 4572 4571 4604
f 4602 4586 4587
f 4603 4582 4586
f 4564 4563 4598
f 4597 4562 4561
f 4567 4565 4587
f 4565 4564 4608
f 4609 4428 4430
f 4611 4431 4428
f 4612 4433 4435
f 4436 4438 4613
f 4438 4439 4615
f 4441 4433 4612
f 4443 4442 4616
f 4446 4445 4618
f 4619 4447 4448
f 4443 4519 4515
f 4424 4521 4445
f 4620 4522 4524
f 4447 4526 4404
f 4529 4528 4419
f 4526 4442 4543
f 4407 4524 4435
f 4545 4431 4448
f 4413 4533 4521
f 4535 4439 4540
f 4528 4430 4429
f 4446 4529 4401
f 4519 4535 4416
f 4537 4618 4493
f 4527 4537 4500
f 4485 4484 4536
f 4484 4504 4610
f 4609 4610 4504
f 4609 4492 4516
f 4499 4531 4611
f 4531 4499 4487
f 4488 4525 4619
f 4488 4503 4616
f 4617 4616 4503
f 4497 4518 4617
f 4518 4497 4507
f 4480 4615 4534
f 4613 4615 4480
f 4614 4613 4482
f 4490 4523 4622
f 4517 4530 4523
f 4530 4517 4483
f 4585 4612 4483
f 4508 4494 4520
f 4494 4493 4618
f 4371 4638 4623
f 4625 4634 4362
f 4337 4339 4627
f 4628 4305 4307
f 4327 4338 4367
f 4318 4331 4366
f 4551 4415 4376
f 4315 4314 4321
f 4318 4317 4630
f 4513 4328 4354
f 4627 4314 4374
f 4322 4324 4631
f 4327 4326 4633
f 4324 4328 4319
f 4440 4413 4415
f 4634 4341 4370
f 4326 4331 4312
f 4333 4315 4629
f 4334 4305 4628
f 4624 4623 4307
f 4339 4338 4309
f 4342 4341 4329
f 4513 4333 4635
f 4317 4342 4637
f 4638 4299 4300
f 4302 4301 4634
f 4304 4303 4627
f 4310 4309 4338
f 4318 4311 4312
f 4320 4319 4328
f 4303 4321 4314
f 4301 4329 4341
f 4623 4300 4336
f 4576 4575 4475
f 1139 4628 4336
f 4413 4440 4441
f 4629 4321 4298
f 4291 4311 4630
f 4296 4632 4631
f 4308 4310 4633
f 4631 4319 4285
f 4533 4441 4585
f 4292 4633 4312
f 4635 4629 4294
f 1140 4636 4628
f 4304 4309 989
f 4512 4637 4329
f 4320 4635 4283
f 4287 4630 4637
f 4605 4574 4576
f 4579 4583 4581
f 4481 4475 4575
f 4621 4481 4463
f 4489 4622 4614
f 4436 4614 4622
f 4522 4620 4546
f 4550 4546 4620
f 4398 4550 4426
f 4361 4398 4552
f 4393 4356 4626
f 4625 4626 4356
f 4625 4334 4636
f 1140 1138 4302
f 1140 1076 1073
f 1017 1073 1076
f 1022 1021 1013
f 1021 1026 1008
f 4368 4372 4380
f 4372 4368 4369
f 4638 4371 4369
f 4638 4322 4632
f 4632 4296 981
f 979 981 4296
f 4639 979 4295
f 4639 4297 891
f 880 891 901
f 883 901 900
f 987 900 268
f 877 268 267
f 873 882 267
f 4640 873 1048
f 985 4640 1144
f 1026 1024 1019
f 1024 1023 1014
f 1023 1031 1146
f 1098 1146 1031
f 1109 1027 1010
f 1027 1029 4641
f 3986 1149 1151
f 1224 1152 1154
f 1217 1155 1152
f 1209 1157 1155
f 1200 1159 1157
f 1161 1151 1150
f 1163 1162 4642
f 65 1164 1166
f 1162 1167 1227
f 1170 1169 1214
f 1227 1167 1166
f 1171 1173 1205
f 1212 1164 1174
f 1175 1171 1191
f 1202 1174 1177
f 1177 1161 1228
f 1180 1179 4232
f 1183 1182 1536
f 1186 1185 4034
f 1232 1149 1159
f 1197 1188 1186
f 1231 1154 1188
f 1180 1182 3990
f 1173 1170 4033
f 1185 1183 1221
f 4235 1179 3988
f 1175 4235 4240
f 1163 1169 4042
f 4644 4692 4645
f 4647 4695 4648
f 4650 4649 4644
f 4650 4653 4647
f 4652 4656 4653
f 4652 4650 4651
f 4655 4659 4656
f 4657 4655 4652
f 4658 4662 4659
f 4660 4658 4655
f 4661 4665 4662
f 4663 4661 4658
f 4664 4668 4665
f 4666 4664 4661
f 4667 4730 4668
f 4669 4667 4664
f 4670 4730 4667
f 4671 4667 4669
f 4673 4670 4671
f 4674 4671 4672
f 4676 4721 4677
f 4678 4677 4679
f 4681 4685 4682
f 4684 8562 4682
f 4686 4688 4685
f 4687 4684 4685
f 4689 4690 4688
f 4690 4723 4687
f 4691 4645 4692
f 4694 4648 4695
f 4697 4700 4694
f 4698 4702 4691
f 4699 4704 4700
f 4701 4706 4702
f 4703 8556 4704
f 4705 4750 4706
f 4707 8557 4708
f 4710 4716 4711
f 4713 8557 4707
f 4715 4719 4716
f 4717 8558 4713
f 4718 5727 4719
f 4720 6096 4721
f 4722 4687 4723
f 4725 4684 4687
f 4725 4780 4726
f 4728 4729 4670
f 4729 4732 4730
f 4731 4668 4730
f 4733 4665 4668
f 4734 4662 4665
f 4735 4659 4662
f 4736 4653 4656
f 4738 4739 4695
f 4739 4742 4696
f 4736 4738 4647
f 4740 4699 4697
f 4741 4697 4696
f 4735 4814 4743
f 4744 4707 4709
f 4746 4714 4707
f 4747 4717 4714
f 4748 4751 4749
f 4708 8556 4703
f 4712 4711 4750
f 4740 4811 4751
f 4752 4749 4751
f 4754 4756 4749
f 4755 4758 4756
f 4757 8560 4758
f 4759 4767 4760
f 4762 4765 4763
f 4765 4772 4766
f 4767 4762 4764
f 4768 4769 4767
f 4769 4770 4762
f 4770 4771 4765
f 4771 8738 4772
f 4773 4777 4769
f 4774 8738 4775
f 4777 4778 4770
f 4778 4779 4771
f 4775 8738 4771
f 141 142 4777
f 4775 147 143
f 142 145 4778
f 146 4779 4778
f 147 4775 4779
f 4780 4782 4781
f 4782 4780 4783
f 4784 4783 4785
f 4787 5498 4788
f 4790 4797 4791
f 4793 4798 4794
f 4796 4800 4797
f 4792 4791 4794
f 4799 4814 4800
f 4801 4807 4743
f 4803 4810 4804
f 4801 4812 4806
f 4808 4803 4805
f 4810 4813 4811
f 4812 4808 4809
f 4751 4811 4813
f 4814 4799 4802
f 4761 4829 4815
f 4759 4815 4816
f 4768 4816 4817
f 4773 4817 183
f 4818 4830 4819
f 4821 4818 4820
f 4823 4828 4824
f 4823 4825 4826
f 4828 4821 4822
f 4829 4819 4830
f 4831 4835 4832
f 4834 4839 4835
f 4836 4833 4832
f 4838 4841 4839
f 4840 4842 4841
f 4842 4840 4827
f 4843 4855 4823
f 4827 4840 4844
f 4845 4846 4818
f 4846 4856 4830
f 4847 4831 4833
f 4849 4834 4831
f 4848 4833 4836
f 4851 4838 4834
f 4852 4845 4821
f 4850 4836 4853
f 4844 4840 4838
f 4855 4852 4828
f 4815 4830 4856
f 4816 4856 4857
f 4817 4857 222
f 4858 4859 4855
f 4859 4860 4852
f 4860 5666 4845
f 4861 4866 4862
f 4863 5666 4860
f 4862 4857 4856
f 4865 4867 4859
f 4866 235 227
f 4864 4860 4859
f 4868 4869 4866
f 4869 238 235
f 4870 4874 4871
f 4873 4876 4874
f 4875 5319 4876
f 4877 4880 4848
f 4878 4849 4847
f 4879 4847 4848
f 4881 4844 4851
f 4877 4850 4854
f 4882 4851 4849
f 4884 4881 4882
f 4885 4882 4878
f 4886 4878 4879
f 4843 4844 4881
f 4881 4884 4865
f 4888 8709 4889
f 4888 5620 4891
f 4892 8709 4871
f 4894 5478 4895
f 4896 5615 4897
f 4899 4913 269
f 4900 4904 4901
f 4903 4907 4904
f 4905 4901 4904
f 4907 8742 4906
f 4908 4913 4909
f 4908 4911 283
f 4911 4908 4910
f 4913 4899 4914
f 4913 4908 284
f 4915 5693 4916
f 4912 4910 4901
f 4918 8588 4919
f 4921 4957 4922
f 4924 4929 4925
f 4919 8588 4927
f 4929 4924 303
f 4929 4933 4930
f 4928 4927 4931
f 4933 4929 305
f 4933 4937 4934
f 4932 4931 4935
f 4937 4933 310
f 4938 4993 4939
f 4941 4955 4940
f 4943 4920 4944
f 4946 4950 4947
f 4949 4956 4950
f 4951 4944 4920
f 4928 4952 4951
f 4932 4953 4952
f 4936 4974 4953
f 4954 4974 4936
f 4955 4954 4938
f 4956 4949 4941
f 4957 4950 4956
f 4958 4947 4950
f 337 339 4959
f 4947 4958 4961
f 4962 4900 4902
f 4903 8361 4964
f 4964 8370 4966
f 4922 4956 4942
f 4968 8728 4969
f 4937 4972 4971
f 4972 4937 315
f 4949 4978 4973
f 4973 4985 4955
f 4974 4983 4975
f 4944 4951 4976
f 4978 4949 4946
f 4951 4952 4980
f 4945 4944 4977
f 4974 4954 4982
f 4979 4946 4948
f 4985 4982 4954
f 4953 4975 4980
f 4986 4972 354
f 4987 5020 4988
f 4990 5017 4991
f 4936 4935 4993
f 4939 4967 4942
f 4948 4947 4943
f 4920 4943 4961
f 4948 4945 4981
f 4992 4991 4994
f 4996 8814 378
f 4997 4986 367
f 4983 4982 4998
f 5000 4978 4979
f 5002 4998 4982
f 4978 5000 5003
f 4977 4976 5004
f 4980 5007 5004
f 5003 5002 4985
f 5006 5009 4984
f 4975 5008 5007
f 4981 4977 5005
f 4983 4999 5008
f 5001 4979 4984
f 5010 5009 5006
f 5012 5001 5009
f 5013 5010 5011
f 5015 5012 5010
f 5011 5006 5005
f 5001 5012 5003
f 5012 5015 5002
f 5015 4999 4998
f 5013 5008 4999
f 5014 5007 5008
f 5004 5007 5014
f 4991 5018 5016
f 5017 5328 5018
f 5019 8368 5020
f 5021 8616 4986
f 5019 8812 5022
f 5022 5119 5024
f 5025 8818 5026
f 5027 5026 5028
f 5029 5028 5030
f 5032 5036 5033
f 5035 8297 5036
f 5037 5120 5038
f 5040 5037 5039
f 5042 5060 5043
f 5045 5058 5046
f 5048 8368 5019
f 5049 5048 5023
f 5050 5049 5024
f 5029 5052 5051
f 5031 5136 5052
f 5053 5326 5054
f 5044 5043 5056
f 5058 5102 5059
f 5060 5042 4992
f 5061 5098 5062
f 5064 5121 5065
f 5067 8819 5068
f 5070 8820 5071
f 5073 5096 5074
f 5076 5093 5077
f 5079 5122 5080
f 5082 5076 5078
f 5084 5079 5081
f 5086 5082 5083
f 5088 5084 5085
f 482 5086 5087
f 483 484 5088
f 5067 5093 5090
f 5092 5090 5093
f 5094 5092 5076
f 5095 5094 5082
f 491 5095 5086
f 5066 5065 5096
f 5097 5098 5081
f 5085 5081 5098
f 5085 5061 4996
f 380 483 5089
f 5099 5042 5044
f 5101 5110 5102
f 5100 5044 5057
f 4992 5042 5099
f 4990 5099 5104
f 5106 5104 5099
f 5103 5108 5106
f 5103 5110 5107
f 5109 5107 5110
f 5111 5112 5106
f 5112 5116 5104
f 5113 5283 5114
f 5105 5104 5116
f 5118 5124 5107
f 5119 8818 5025
f 5120 8297 5035
f 5051 5050 5025
f 5102 5057 5056
f 5069 5068 5121
f 5078 5077 5122
f 5083 5078 5079
f 5087 5083 5084
f 481 5087 5088
f 5110 5103 5057
f 5101 5130 5123
f 5124 5111 5108
f 5125 5118 5109
f 5090 5092 5126
f 5092 5094 5128
f 5091 5090 5127
f 5130 5147 5131
f 5130 5101 5058
f 5095 491 529
f 5094 5095 5132
f 5133 5040 5041
f 668 672 5118
f 5135 8367 5136
f 5127 5126 5137
f 5139 5045 5047
f 5141 5168 5142
f 5128 5132 5144
f 5146 5125 5123
f 5126 5128 5145
f 5147 5130 5045
f 5127 5138 5148
f 5031 5030 5149
f 5150 5154 5151
f 5153 5177 5154
f 5155 5246 5143
f 5156 5166 5157
f 5159 5170 5160
f 5162 5185 5163
f 5164 8837 5165
f 5166 5152 5151
f 5167 5142 5168
f 5168 5141 5170
f 5171 5176 5172
f 5169 5168 5159
f 5175 8362 5176
f 5177 9208 5178
f 5154 5181 5180
f 5177 5179 5181
f 5167 5199 5155
f 5157 5187 5182
f 5183 5174 5159
f 5184 8366 5185
f 5162 5165 5186
f 5151 5180 5187
f 5169 5190 5188
f 5189 5188 5190
f 5190 5169 5174
f 5193 8362 5175
f 5179 5178 5195
f 5181 5198 5197
f 5181 5179 5196
f 5188 5237 5199
f 5182 5187 5200
f 5202 5192 5174
f 5203 8366 5184
f 5186 8836 5204
f 5205 5297 603
f 5187 5180 5197
f 5207 5203 5204
f 5204 8836 5209
f 5205 5206 609
f 5200 5197 5211
f 5191 5235 5213
f 5191 5190 5192
f 609 615 5215
f 5216 8306 5193
f 5196 5195 5217
f 620 5225 5215
f 5197 5198 5219
f 5198 5196 5218
f 5220 5237 5188
f 5201 5200 5212
f 5222 5214 5192
f 5218 5217 5223
f 5225 620 630
f 5211 5219 5226
f 5219 5218 5224
f 5225 5220 5189
f 5221 5212 5228
f 5230 5214 5222
f 5232 5253 5207
f 5208 5209 5233
f 640 5237 5220
f 5212 5211 5227
f 5234 5213 5235
f 5235 5191 5214
f 5237 640 645
f 5238 8306 5216
f 5236 5235 5230
f 5199 645 649
f 5241 5238 5239
f 5224 5223 5243
f 5155 649 5245
f 5227 5226 5247
f 5226 5224 5244
f 5215 5225 5213
f 5229 5228 5249
f 5240 5230 5231
f 5252 5268 5253
f 5233 8835 5252
f 5228 5227 5248
f 5236 5257 5254
f 5254 5257 5255
f 5257 5236 5240
f 696 695 5116
f 5259 5285 5241
f 5244 5243 5260
f 5248 5247 5262
f 5247 5244 5261
f 5210 5215 5234
f 5250 5249 5264
f 5258 5240 5251
f 5267 5278 5268
f 5252 8835 5269
f 5111 5124 682
f 5249 5248 5263
f 5261 5260 5270
f 5263 5262 5272
f 5262 5261 5271
f 5256 5205 5210
f 5265 5264 5274
f 5276 5282 5258
f 5277 5287 5278
f 5267 5269 5279
f 5264 5263 5273
f 5256 5255 5280
f 5282 5255 5257
f 1113 1115 5283
f 5284 5292 5285
f 5286 8365 5287
f 5277 5279 5288
f 5273 5295 5289
f 5290 5280 5255
f 5291 5310 5292
f 5271 5270 5293
f 5272 5296 5295
f 5272 5271 5294
f 5297 5205 5256
f 5275 5274 5289
f 5290 5282 5276
f 5300 5290 5299
f 5302 5281 5280
f 5297 5314 719
f 5304 8365 5286
f 5286 5288 5306
f 5307 5306 5288
f 5303 5280 5290
f 5309 8313 5310
f 5293 9229 5311
f 5296 5313 5312
f 5294 5311 5313
f 5281 5302 5314
f 5298 5289 5315
f 5289 5295 5312
f 5305 5306 5307
f 5301 8315 5317
f 4875 5629 5318
f 5320 5114 5283
f 5322 8338 5323
f 5018 5327 5325
f 5034 5033 5054
f 5327 5018 5328
f 5330 5637 5331
f 5333 5361 5334
f 5336 5487 5337
f 5339 5336 5338
f 5341 5339 5340
f 5343 5341 5342
f 5345 5343 5344
f 5347 5398 5345
f 5348 5394 5349
f 5351 5348 5350
f 5353 5351 5352
f 5355 5353 5354
f 5357 5355 5356
f 5359 5395 5357
f 5360 5485 5334
f 5362 5638 5363
f 5365 5684 5366
f 5367 5366 5368
f 5369 5368 5370
f 5372 5381 5373
f 5375 5379 5373
f 5371 5370 5377
f 5376 5377 5378
f 5374 5373 5379
f 5376 5373 5381
f 5375 5378 5382
f 5384 5697 5385
f 5377 807 935
f 5380 5379 5386
f 5358 5389 5388
f 5356 5535 5389
f 5390 5535 5356
f 5366 814 932
f 5391 5333 5335
f 5393 4870 4872
f 5394 5348 5338
f 5348 5351 5340
f 5351 5353 5342
f 5353 5355 5344
f 5355 5357 5346
f 5346 5357 5395
f 5336 5339 5396
f 5398 6135 5399
f 5345 5399 5400
f 5341 5343 5400
f 5339 5341 5401
f 5402 5407 5403
f 5399 6135 5405
f 5407 9230 5408
f 5401 5400 5409
f 5400 5399 5406
f 5404 5403 5411
f 5406 5405 5413
f 5403 5408 5415
f 5410 5409 5416
f 5409 5406 5414
f 5412 5411 5418
f 5414 5413 5420
f 5411 5415 5422
f 5417 5416 5423
f 5416 5414 5421
f 5419 5418 5425
f 5421 5420 5427
f 5418 5422 5429
f 5424 5423 5430
f 5423 5421 5428
f 5426 5425 5432
f 5428 5427 5434
f 5425 5429 5436
f 5431 5430 5437
f 5430 5428 5435
f 5439 5446 5440
f 5442 5675 5443
f 5439 5671 5445
f 5447 5450 5448
f 5450 5442 5444
f 5451 5455 5452
f 5454 5557 5452
f 5456 5462 5457
f 5459 5463 5460
f 5462 5451 5453
f 5463 5558 5464
f 5465 5474 5466
f 5467 5466 5468
f 5470 8843 5471
f 5473 5554 5474
f 5475 5481 5476
f 5469 5468 5478
f 4898 4897 5479
f 5480 5479 5470
f 5481 5475 5482
f 5484 5334 5485
f 5397 9231 5487
f 5404 5565 5488
f 5489 5565 5404
f 5419 5490 5489
f 5426 5491 5490
f 5433 5575 5491
f 5492 8697 5493
f 5495 4793 4795
f 5497 5502 5498
f 5495 6094 5499
f 5500 4853 4836
f 5501 5503 5502
f 5503 5501 5494
f 4799 4842 4826
f 4792 4835 4839
f 4761 4760 4752
f 4837 4832 4798
f 4820 4819 4810
f 4754 4764 4763
f 4824 4822 4808
f 4796 4841 4842
f 4752 4760 4764
f 4798 4832 4835
f 4819 4829 4813
f 4822 4820 4803
f 4802 4826 4825
f 4753 4813 4829
f 4790 4839 4841
f 4825 4824 4812
f 4755 4763 4766
f 5360 5559 5504
f 5486 5485 5504
f 5368 932 933
f 807 5377 5370
f 5378 935 1617
f 5506 5685 5332
f 5507 5510 5508
f 5510 5507 5511
f 5513 5508 5510
f 5514 5510 5512
f 5516 5523 5517
f 5381 5372 5385
f 5371 5381 5519
f 5383 5386 5379
f 5520 5380 5387
f 5522 5374 5380
f 5374 5522 5384
f 5523 5683 5524
f 5512 5511 5525
f 5527 8283 5528
f 5392 5335 5529
f 5531 5696 5532
f 5534 8276 5535
f 5535 8276 5536
f 5389 5536 5537
f 5538 9232 5539
f 5541 5643 5542
f 5544 9232 5538
f 5541 5559 5360
f 5540 5539 5547
f 5548 5543 5542
f 5459 5461 5549
f 5550 5549 5551
f 5553 5474 5554
f 5454 9233 5556
f 5558 5456 5458
f 5559 6091 5560
f 5561 5605 5562
f 5564 5548 5488
f 5566 5678 5567
f 5569 5639 5570
f 5571 5570 5572
f 5574 5491 5575
f 5577 5490 5491
f 5578 5489 5490
f 5579 5565 5489
f 5580 5704 5575
f 5483 5591 5581
f 5582 9203 5583
f 5481 5581 5585
f 5586 5707 5587
f 5476 5585 5589
f 5588 5587 5591
f 5592 5602 5593
f 5595 5561 5563
f 5596 5563 5597
f 5599 9204 5600
f 5598 5597 5602
f 5603 5710 5561
f 5604 5451 5462
f 5606 5463 5459
f 5562 5605 5462
f 5608 5562 5456
f 5609 9233 5454
f 5606 5608 5558
f 5611 5660 5612
f 5614 4897 5615
f 5393 5622 5617
f 5619 4891 5620
f 5622 5393 4891
f 5615 4896 5623
f 5483 5482 5625
f 5588 5625 5572
f 5626 1053 1052
f 5617 5703 5628
f 5629 5626 5627
f 5630 5622 5619
f 5631 5619 5621
f 5570 5640 5586
f 5633 8843 5470
f 5634 5470 5479
f 5636 5617 5622
f 5637 5330 5638
f 5639 5584 5640
f 5526 5525 5641
f 5526 5528 5515
f 5538 5540 5361
f 5559 5541 5543
f 5545 5538 5333
f 5643 5541 5546
f 5361 5540 5546
f 5642 5543 5548
f 5645 5644 5548
f 5646 5564 5565
f 5590 5589 5647
f 5594 5593 5649
f 5607 5459 5550
f 5635 5655 5652
f 5634 5652 5653
f 5654 5582 5584
f 5614 5669 5655
f 5656 1085 1084
f 5658 5679 5450
f 5611 5705 5659
f 5661 8839 5662
f 5664 5706 5665
f 4863 4868 4861
f 5657 1084 1097
f 5584 5583 5668
f 5616 5665 5669
f 5670 5708 5671
f 5610 5454 5455
f 5635 5479 4897
f 5613 5612 1104
f 5674 5709 5675
f 5670 5439 5441
f 5599 5601 5676
f 5440 5567 5678
f 5679 5674 5442
f 5664 5624 5611
f 5669 5665 5680
f 4845 5666 4861
f 5115 5114 5328
f 5329 5328 5114
f 5681 5321 1114
f 5509 5506 5331
f 5507 5331 5637
f 5362 5525 5511
f 5525 5362 5364
f 5367 5524 5683
f 5684 1118 814
f 5638 1120 1119
f 1120 5638 5330
f 1121 5330 5332
f 5685 1124 1123
f 5686 8636 5687
f 5689 5690 5508
f 5690 5691 5509
f 5691 5692 5506
f 5692 8674 5685
f 4965 4966 5693
f 5694 5531 5533
f 5696 5531 5350
f 5531 5694 5352
f 5517 5385 5697
f 5524 5519 5385
f 5369 5519 5524
f 5695 5534 5390
f 5694 5390 5354
f 5698 8860 5648
f 5650 5649 5699
f 5602 5606 5607
f 5667 5702 5701
f 5702 5628 5703
f 5441 5678 5704
f 5624 5623 5705
f 5438 5437 5679
f 5613 5673 5706
f 5640 5668 5707
f 5432 5436 5708
f 5672 5455 5451
f 5435 5434 5709
f 5433 5432 5670
f 5677 5676 5710
f 5437 5435 5674
f 5616 5615 5624
f 5656 5711 5706
f 5680 5665 5706
f 5712 5724 5713
f 5715 5754 5716
f 5718 5715 5717
f 5720 5718 5719
f 5722 5720 5721
f 5724 4645 4691
f 5726 4719 5727
f 5729 9205 5730
f 5732 4716 4719
f 5733 8612 5734
f 5732 9205 4711
f 5736 8601 5737
f 5729 5742 4706
f 5739 5736 5738
f 5741 4702 4706
f 5725 4691 4702
f 5743 8555 5744
f 5746 8559 5747
f 5749 8602 5750
f 5712 5722 5723
f 5752 5749 5751
f 5754 5752 5753
f 5755 5769 5756
f 5758 8793 5759
f 5761 5771 5762
f 5764 5773 5765
f 5766 5798 5767
f 5769 8603 5770
f 5771 5780 5772
f 5773 5781 5774
f 5730 9234 5775
f 5768 5767 5731
f 5776 8804 5777
f 5779 8604 5772
f 5781 5788 5782
f 5783 9234 5730
f 5785 6100 5786
f 5788 5795 5789
f 5790 5783 5784
f 5792 5713 5793
f 5795 5761 5763
f 5714 5713 5792
f 5790 5791 5796
f 5794 5793 5798
f 5799 5842 5800
f 5802 5816 5803
f 5805 8790 5806
f 5808 5819 5809
f 5811 5821 5812
f 5814 5799 5801
f 5816 5862 5817
f 5818 5829 5819
f 5820 5831 5821
f 5822 5832 5823
f 5823 5814 5815
f 5825 5867 5826
f 5818 5869 5828
f 5830 5839 5831
f 5832 5822 5833
f 5835 5955 5836
f 5838 5844 5839
f 5834 5833 5840
f 5842 5850 5843
f 5810 5809 5844
f 5843 5850 5813
f 5845 5841 5840
f 5847 5834 5841
f 5849 5852 5850
f 5851 5859 5810
f 5813 5850 5852
f 5854 5848 5841
f 5855 5849 5842
f 5856 5861 5816
f 5857 8790 5805
f 5859 5863 5808
f 5853 5864 5811
f 5855 5799 5814
f 5861 5879 5862
f 5863 5868 5818
f 5864 5870 5820
f 5832 5871 5865
f 5860 5814 5823
f 5866 8805 5867
f 5868 5886 5869
f 5870 5874 5830
f 5871 5832 5834
f 5872 5955 5835
f 5874 5851 5838
f 5875 5881 5864
f 5876 5855 5860
f 5878 5914 5879
f 5880 5885 5868
f 5881 5887 5870
f 5871 5888 5882
f 5882 5877 5860
f 5883 8805 5866
f 5885 5921 5886
f 5887 5892 5874
f 5888 5871 5847
f 5890 5872 5873
f 5892 5896 5851
f 5889 5847 5848
f 5894 5897 5852
f 5895 5859 5851
f 5853 5852 5897
f 5893 5848 5854
f 5876 5894 5849
f 5878 5861 5856
f 5900 5857 5858
f 5895 5880 5863
f 5897 5952 5902
f 5903 5893 5898
f 5905 5926 5894
f 5906 5878 5899
f 5908 5900 5901
f 5910 5880 5895
f 5912 5881 5875
f 5913 5905 5876
f 5906 5941 5914
f 5915 5885 5880
f 5916 5887 5881
f 5882 5888 5917
f 5918 5913 5877
f 5919 5883 5884
f 5915 5931 5921
f 5922 5892 5887
f 5923 5917 5888
f 5924 5935 5890
f 5925 5896 5892
f 5903 5923 5889
f 5926 5952 5897
f 5911 5895 5896
f 5927 5925 5922
f 5925 5927 5929
f 5929 5944 5910
f 5930 5968 5931
f 5932 5903 5904
f 5934 5981 5935
f 5909 5954 5936
f 5937 5962 5906
f 5938 5912 5902
f 5906 5962 5940
f 5926 5905 5942
f 5930 5915 5910
f 5932 5947 5923
f 5918 5917 5945
f 5947 5945 5917
f 5948 5919 5920
f 5946 5950 5913
f 5950 5942 5905
f 5926 5943 5951
f 5939 5902 5952
f 5912 5938 5953
f 5953 5928 5922
f 5935 5981 5954
f 5890 5935 5909
f 5872 5890 5901
f 5858 5805 5955
f 5953 5972 5956
f 5946 5945 5957
f 5950 5946 5958
f 5949 5940 5960
f 5962 5937 5963
f 5943 5942 5965
f 5930 5983 5967
f 5939 5980 5969
f 5942 5950 5959
f 5968 5967 5970
f 5928 5956 5971
f 5938 5969 5972
f 5943 5966 5973
f 5947 5932 5974
f 5954 5982 5976
f 5927 5971 5977
f 5932 5933 5978
f 5945 5947 5975
f 5962 5964 5960
f 5929 5977 5979
f 5951 5973 5980
f 5981 5999 5982
f 5944 5979 5983
f 5967 6005 5984
f 5956 6007 5985
f 5966 5965 5986
f 5974 5978 5988
f 5975 5974 5989
f 5982 6000 5991
f 5971 5985 5992
f 5973 6008 5993
f 5957 5975 5990
f 5964 6004 5995
f 5977 5992 5996
f 5958 5957 5994
f 5959 5958 5997
f 5999 8606 6000
f 5979 5996 6001
f 5969 6006 6002
f 5965 5959 5998
f 5960 5995 6003
f 5963 6025 6004
f 5983 6001 6005
f 5980 5993 6006
f 5972 6002 6007
f 5973 5966 5987
f 5990 5989 6009
f 5991 6000 6011
f 5985 6032 6013
f 6008 6030 6014
f 5994 5990 6010
f 6004 6026 6016
f 5996 5992 6013
f 5997 5994 6015
f 5998 5997 6018
f 6000 8606 6020
f 5996 6017 6021
f 6006 6028 6022
f 5986 5998 6019
f 5995 6016 6024
f 6025 6085 6026
f 6001 6021 6027
f 5993 6014 6028
f 6002 6022 6029
f 5987 6033 6030
f 6005 6027 6031
f 6007 6029 6032
f 5987 5986 6023
f 5988 8609 6009
f 6034 6051 6035
f 6037 6079 6038
f 6040 6080 6041
f 6043 6057 6044
f 6046 6081 6047
f 6049 8799 6045
f 6050 6065 6048
f 6051 6082 6052
f 6053 8801 6054
f 6056 6086 6057
f 6058 8800 6059
f 6061 6067 6062
f 6042 6053 6055
f 6064 6073 6065
f 6066 6075 6067
f 6068 6086 6056
f 6063 6062 6070
f 6039 6034 6036
f 6054 8801 6058
f 6069 8802 6072
f 6073 6064 6071
f 6066 6083 6074
f 6076 6084 6077
f 6072 8802 6038
f 6080 6076 6078
f 6081 6046 6052
f 6083 6077 6084
f 6059 6028 6014
f 6021 6072 6079
f 6073 6016 6026
f 6023 6019 6080
f 6049 6022 6028
f 6016 6073 6070
f 6068 6072 6021
f 6065 6026 6085
f 6019 6018 6076
f 6018 6015 6084
f 6037 6036 6020
f 6017 6013 6086
f 6036 6035 6011
f 6074 6084 6015
f 6030 6054 6060
f 6087 6046 6048
f 6086 6013 6032
f 6035 6052 6012
f 6075 6074 6010
f 5493 8697 6088
f 5505 5504 5560
f 6091 5559 5642
f 6093 5503 5493
f 5503 6093 5499
f 5502 5499 6094
f 6095 4788 5498
f 6096 8561 6097
f 6098 4677 4721
f 6099 4679 4677
f 5746 6100 5759
f 6100 5785 5760
f 5807 5836 5955
f 6101 6106 6102
f 6103 6102 6104
f 6106 8346 6107
f 6102 6107 6108
f 6109 6194 6110
f 6111 6110 6112
f 6110 6117 6114
f 6115 6191 6116
f 6118 6162 5388
f 6119 6101 6103
f 6120 6103 6105
f 6122 6124 5387
f 6123 6122 5386
f 6124 6166 5521
f 6125 6169 6126
f 6128 6167 5395
f 6129 5420 5413
f 6131 5675 5709
f 6130 5413 5405
f 6134 5443 5675
f 5434 6138 6132
f 6133 5405 6135
f 6137 6140 5398
f 6138 5434 5427
f 6140 6136 6135
f 6139 5427 5420
f 6141 6136 6140
f 6143 6138 6139
f 6145 6142 6140
f 6144 6139 6129
f 6146 6129 6130
f 6147 6130 6133
f 6149 6131 6132
f 6148 6133 6136
f 6138 6143 6150
f 6149 9235 6134
f 6151 6146 6147
f 6153 6144 6146
f 6154 6143 6144
f 6155 6158 6142
f 6143 6154 6156
f 6157 6141 6142
f 6159 6149 6150
f 6160 6148 6141
f 6152 6147 6148
f 6161 6169 6162
f 6163 6165 6124
f 6164 6163 6122
f 6165 6172 6166
f 5359 5388 6162
f 6125 6170 6167
f 6168 6126 6169
f 6137 6167 6170
f 6127 6175 6170
f 6171 8343 6172
f 6128 6162 6169
f 6173 6174 6163
f 6174 6171 6165
f 6145 6170 6175
f 5347 5395 6167
f 5382 1617 1619
f 6176 1619 1621
f 5383 5382 6176
f 6177 6164 6123
f 6164 6177 6178
f 6179 6200 6180
f 6182 6185 6183
f 6185 6190 6186
f 6187 6193 6188
f 6190 6116 6191
f 6192 6196 6193
f 6194 6115 6117
f 6195 6197 6196
f 6179 6181 6197
f 6198 6199 6179
f 6199 6209 6200
f 6201 6202 6185
f 6202 6205 6190
f 6203 6187 6189
f 6205 6207 6116
f 6206 6192 6187
f 6207 6114 6117
f 6198 6195 6192
f 6120 6189 6188
f 6120 6121 6204
f 6200 6210 6208
f 6209 6217 6210
f 6211 6216 6205
f 6212 6203 6204
f 6105 6104 6214
f 6216 6229 6207
f 6217 6209 6218
f 6220 6206 6203
f 6104 6108 6221
f 6222 6198 6206
f 6215 6224 6121
f 6222 6223 6199
f 6223 6218 6209
f 6213 6204 6121
f 6113 6112 6225
f 6227 6211 6202
f 6112 6114 6228
f 6229 6228 6114
f 6230 6235 6216
f 6231 6212 6213
f 6214 6221 6233
f 6235 6237 6229
f 6236 6220 6212
f 6237 6245 6228
f 6238 6222 6220
f 6232 6213 6224
f 6240 6223 6222
f 6226 6225 6241
f 6243 6219 6218
f 6244 6218 6223
f 6225 6228 6245
f 6246 6230 6211
f 6239 6224 6215
f 6215 6214 6234
f 6248 6251 6237
f 6249 6236 6231
f 6251 6260 6245
f 6252 6238 6236
f 6253 6232 6239
f 6255 6240 6238
f 6242 6241 6256
f 6258 6243 6244
f 6259 6244 6240
f 6241 6245 6260
f 6246 6275 6261
f 6254 6239 6247
f 6247 6234 6263
f 6261 6248 6235
f 6250 6231 6232
f 6233 6280 6263
f 6264 6274 6260
f 6265 6252 6249
f 6267 6253 6254
f 6269 6255 6252
f 6257 6256 6270
f 6272 6258 6259
f 6273 6259 6255
f 6256 6260 6274
f 6275 7831 6276
f 6268 6254 6262
f 6263 6281 6277
f 6261 6276 6278
f 6279 6250 6253
f 6280 8391 6281
f 6278 6264 6251
f 6266 6249 6250
f 6282 6340 6283
f 6285 6328 6286
f 6288 6470 6289
f 6291 7601 6292
f 6294 6382 6295
f 6297 6326 6298
f 6300 6383 6301
f 6303 6324 6304
f 6306 6473 6307
f 6309 6501 6310
f 6312 6290 6289
f 6314 6488 6315
f 6317 6423 6318
f 6320 7801 6321
f 6323 6474 6324
f 6325 8216 6326
f 6327 6286 6328
f 6330 6496 6331
f 6333 6336 6334
f 6336 6333 6337
f 6339 6283 6340
f 6287 6286 6342
f 6344 6356 6345
f 6347 6412 6348
f 6350 6408 6351
f 6353 6405 6354
f 6356 6349 6348
f 6357 6399 6358
f 6360 6399 6361
f 6363 6411 6364
f 6366 6396 6367
f 6369 6378 6370
f 6372 6393 6373
f 6375 6381 6376
f 6378 6377 6376
f 6370 6376 6379
f 6381 6567 6379
f 6288 6290 6340
f 6293 6292 6382
f 6308 6307 6383
f 6384 6499 6385
f 6341 6340 6290
f 6387 6483 6388
f 6390 6433 6391
f 6393 6517 6394
f 6371 6370 6380
f 6396 6350 6352
f 6365 6364 6397
f 6399 6357 6400
f 6399 6360 6401
f 6402 6512 6403
f 6405 6353 6406
f 6346 6345 6378
f 6408 6574 6409
f 6345 6348 6377
f 6410 6511 6411
f 6412 6375 6377
f 6405 6357 6359
f 6413 6469 6356
f 6414 6347 6349
f 6416 6523 6417
f 6419 6431 6420
f 6422 6482 6423
f 6320 6322 6342
f 6338 6337 6425
f 6427 6468 6428
f 6430 6486 6322
f 6429 6428 6431
f 6432 6487 6433
f 6434 7602 6435
f 6437 6573 6438
f 6440 6460 6441
f 6443 6476 6444
f 6446 6478 6447
f 6449 6481 6450
f 6452 6462 6453
f 6324 6460 6440
f 6436 6435 6455
f 6456 6455 6457
f 6428 6341 6312
f 6459 6441 6460
f 6386 6385 6462
f 6463 6480 6464
f 6466 6353 6355
f 6468 6339 6341
f 6469 6415 6349
f 6435 7602 6470
f 6418 6417 6471
f 6383 6456 6458
f 6473 6434 6436
f 6461 6460 6324
f 6475 6444 6476
f 6466 6447 6478
f 6442 6441 6328
f 6480 6330 6332
f 6481 6309 6311
f 6307 6436 6456
f 6424 6342 6286
f 6314 6316 6482
f 6431 6312 6313
f 6454 6453 6483
f 6484 6463 6465
f 6486 6343 6342
f 6485 6426 6425
f 6389 6388 6487
f 6488 6449 6451
f 6455 6282 6284
f 6435 6288 6282
f 6329 6328 6441
f 6489 6300 6302
f 6491 6494 6303
f 6492 6306 6308
f 6323 6303 6494
f 6493 6308 6300
f 6496 6502 6497
f 6498 6503 6499
f 6500 6504 6310
f 6502 6446 6448
f 6472 6471 6503
f 6500 6475 6477
f 6505 6489 6490
f 6507 6509 6494
f 6508 6575 6492
f 6495 6494 6509
f 6505 6508 6493
f 6439 6438 6511
f 6394 6517 6512
f 6357 6405 6407
f 6499 6530 6513
f 6483 6529 6514
f 6433 6521 6515
f 6516 6520 6512
f 6518 6519 6393
f 6519 6516 6517
f 6520 6576 6403
f 6487 6528 6521
f 6522 6526 6417
f 6453 6462 6524
f 6471 6417 6526
f 6462 6385 6513
f 6388 6514 6528
f 6453 6525 6529
f 6503 6531 6530
f 6471 6527 6531
f 6532 6389 6432
f 6534 6390 6392
f 6533 6432 6390
f 6536 6418 6472
f 6538 6373 6394
f 6540 6454 6387
f 6542 6498 6384
f 6544 6402 6404
f 6543 6384 6386
f 6532 6541 6387
f 6546 6386 6452
f 6539 6394 6402
f 6548 6374 6373
f 6537 6472 6498
f 6549 6416 6418
f 6547 6452 6454
f 6550 6554 6551
f 6379 6568 6553
f 6554 6550 6555
f 6395 6380 6553
f 6558 6360 6362
f 6398 6397 6560
f 6562 6398 6561
f 6360 6558 6564
f 6565 6559 6362
f 6567 7603 6568
f 6563 6561 6569
f 6565 6570 6569
f 6559 6569 6571
f 6561 6560 6571
f 6572 6557 6553
f 6572 6564 6558
f 6507 6575 6469
f 6505 6414 6415
f 6404 6403 6523
f 6510 6509 6573
f 6574 6443 6445
f 6447 6466 6467
f 6575 6508 6415
f 6353 6466 6479
f 6576 6522 6523
f 6545 6404 6416
f 6577 6636 6578
f 6580 6624 6581
f 6583 6608 6584
f 6586 7605 6587
f 6589 6678 6590
f 6592 6622 6593
f 6595 6679 6596
f 6598 6620 6599
f 6601 6786 6602
f 6604 6794 6605
f 6607 6584 6608
f 6610 6781 6611
f 6613 6718 6614
f 6616 7805 6617
f 6619 6768 6620
f 6621 8217 6593
f 6623 6581 6624
f 6626 6790 6627
f 6629 6632 6630
f 6632 6629 6633
f 6635 6578 6636
f 6638 6582 6581
f 6640 6652 6641
f 6643 6707 6644
f 6646 6703 6647
f 6649 6700 6650
f 6652 6645 6644
f 6653 6694 6654
f 6656 6694 6657
f 6659 6706 6660
f 6662 9236 6663
f 6665 6674 6666
f 6668 6813 6669
f 6671 6676 6672
f 6674 6673 6672
f 6672 6677 6675
f 6676 6860 6677
f 6585 6584 6636
f 6588 6587 6590
f 6601 6603 6596
f 6680 6792 6681
f 6637 6636 6584
f 6683 6777 6684
f 6686 6729 6687
f 6670 6669 6689
f 6667 6666 6675
f 6663 6646 6648
f 6661 6660 6692
f 6694 6653 6695
f 6694 6656 6696
f 6697 6806 6698
f 6700 6649 6701
f 6642 6641 6674
f 6703 6867 6704
f 6641 6644 6673
f 6705 6805 6706
f 6707 6671 6673
f 6700 6653 6655
f 6708 6652 6640
f 6710 7606 6643
f 6711 6818 6712
f 6714 6727 6715
f 6717 6776 6718
f 6719 6616 6618
f 6634 6633 6720
f 6722 6764 6723
f 6725 6618 6617
f 6724 6723 6727
f 6728 6780 6729
f 6730 6765 6731
f 6733 6866 6734
f 6736 6751 6737
f 6739 6770 6740
f 6742 6773 6743
f 6745 6775 6746
f 6748 6758 6749
f 6599 6620 6751
f 6732 6731 6752
f 6753 6752 6754
f 6723 6637 6607
f 6756 6737 6751
f 6748 6682 6681
f 6759 6774 6760
f 6762 6649 6651
f 6635 6637 6723
f 6710 6645 6652
f 6765 6583 6585
f 6713 6712 6766
f 6596 6753 6755
f 6603 6602 6730
f 6757 6751 6620
f 6769 6740 6770
f 6772 6762 6773
f 6738 6737 6624
f 6774 6626 6628
f 6775 6604 6606
f 6603 6732 6753
f 6719 6639 6581
f 6610 6612 6776
f 6607 6609 6715
f 6750 6749 6684
f 6759 6761 6778
f 6725 6638 6639
f 6721 6720 6779
f 6728 6683 6685
f 6781 6745 6747
f 6752 6577 6579
f 6731 6585 6577
f 6625 6624 6737
f 6782 6679 6595
f 6784 6787 6598
f 6785 7607 6786
f 6619 6598 6787
f 6785 6601 6679
f 6789 6795 6627
f 6680 6796 6791
f 6793 6797 6605
f 6789 6744 6743
f 6767 6766 6791
f 6769 6771 6797
f 6798 6804 6782
f 6799 6802 6787
f 6800 7607 6785
f 6788 6787 6802
f 6801 6785 6782
f 6735 6734 6805
f 6690 6689 6806
f 6653 6700 6702
f 6681 6792 6807
f 6684 6824 6809
f 6729 6816 6810
f 6811 6815 6806
f 6812 6814 6669
f 6814 6811 6689
f 6815 6868 6698
f 6780 6823 6816
f 6817 6821 6712
f 6749 6758 6819
f 6766 6712 6821
f 6758 6681 6808
f 6685 6809 6823
f 6749 6820 6824
f 6791 6825 6807
f 6791 6766 6822
f 6826 6840 6683
f 6827 6828 6686
f 6828 6826 6728
f 6829 6713 6767
f 6831 6670 6690
f 6833 6750 6777
f 6835 6796 6680
f 6837 6697 6699
f 6836 6680 6682
f 6840 6834 6777
f 6839 6682 6748
f 6832 6690 6697
f 6842 6668 6670
f 6830 6767 6796
f 6843 6711 6713
f 6841 6748 6750
f 6844 7653 6845
f 6677 6861 6847
f 6845 7653 6848
f 6691 6675 6847
f 6851 6656 6658
f 6693 6692 6853
f 6855 6693 6854
f 6656 6851 6857
f 6852 6658 6858
f 6860 7608 6861
f 6856 6854 6862
f 6859 6863 6862
f 6852 6862 6864
f 6854 6853 6864
f 6865 6850 6847
f 6865 6857 6851
f 6800 6708 6709
f 6804 7606 6710
f 6699 6698 6818
f 6803 6802 6866
f 6867 6739 6741
f 6773 6762 6763
f 6801 6710 6708
f 6649 6762 6772
f 6868 6817 6818
f 6838 6699 6711
f 6869 6969 6870
f 6872 6916 6873
f 6875 7057 6876
f 6878 7610 6879
f 6881 6970 6882
f 6884 6914 6885
f 6887 6971 6888
f 6890 6911 6891
f 6893 7611 6894
f 6896 7087 6897
f 6877 6876 6899
f 6901 7075 6902
f 6904 7010 6905
f 6907 7806 6908
f 6910 6891 6911
f 6913 8221 6885
f 6915 6873 6916
f 6918 7083 6919
f 6921 6924 6922
f 6924 6921 6925
f 6871 6870 6927
f 6874 6873 6929
f 6931 6943 6932
f 6934 7000 6935
f 6937 6996 6938
f 6940 6993 6941
f 6943 6936 6935
f 6944 6987 6945
f 6947 6987 6948
f 6950 6999 6951
f 6953 6984 6954
f 6956 6965 6957
f 6959 6981 6960
f 6962 6968 6963
f 6965 6964 6963
f 6957 6963 6966
f 6968 7152 6966
f 6969 6875 6877
f 6970 6880 6879
f 6893 6895 6971
f 6972 7086 6973
f 6870 6877 6900
f 6975 7071 6976
f 6978 7021 6979
f 6981 7104 6982
f 6958 6957 6967
f 6984 6937 6939
f 6952 6951 6985
f 6987 6944 6988
f 6987 6947 6989
f 6990 7099 6991
f 6993 6940 6994
f 6933 6932 6965
f 6996 7159 6997
f 6932 6935 6964
f 6998 7098 6999
f 7000 6962 6964
f 6993 6944 6946
f 7001 7056 6943
f 7002 7157 6934
f 7003 7059 7004
f 7006 7070 7007
f 7009 7069 7010
f 7011 6907 6909
f 6926 6925 7012
f 7014 7019 7015
f 7017 6909 6908
f 7019 7006 7008
f 6978 7074 7020
f 7022 7061 7023
f 7025 7158 7026
f 7028 7043 7029
f 7031 7063 7032
f 7034 7065 7035
f 7037 7068 7038
f 7040 7050 7041
f 6892 6891 7043
f 7044 7022 7024
f 7046 7044 7045
f 7019 6927 6900
f 7048 7029 7043
f 6974 6973 7041
f 7051 7067 7052
f 7054 6940 6942
f 6928 6927 7019
f 7056 7002 6936
f 7024 7023 7057
f 7058 7004 7059
f 6888 6971 7044
f 6895 6894 7061
f 7049 7043 6891
f 7062 7032 7063
f 7054 7035 7065
f 7030 7029 6916
f 7067 6918 6920
f 7068 6896 6898
f 6895 7022 7044
f 7011 6929 6873
f 6901 6903 7069
f 6900 6899 7070
f 7040 7042 7071
f 7072 7051 7053
f 7017 6930 6929
f 7073 7013 7012
f 7074 6977 6976
f 7075 7037 7039
f 7047 7045 6969
f 7045 7024 6875
f 6917 6916 7029
f 7076 6887 6889
f 7078 7081 6911
f 7079 7611 6893
f 6912 6911 7081
f 7080 6893 6887
f 7083 7089 7084
f 6972 7090 7085
f 7087 7091 7088
f 7089 7034 7036
f 7090 7058 7060
f 7091 7062 7064
f 7092 7097 7076
f 7093 7095 7081
f 7094 7160 7079
f 7082 7081 7095
f 7097 7094 7080
f 7027 7026 7098
f 6982 7104 7099
f 6944 6993 6995
f 7086 7116 7100
f 7071 7114 7101
f 7021 7108 7102
f 7103 7107 7099
f 7105 7106 6981
f 7106 7103 7104
f 7107 7654 6991
f 7020 7113 7108
f 7003 7161 7109
f 7042 7041 7110
f 7059 7109 7112
f 6973 7100 7110
f 6976 7101 7113
f 7042 7111 7114
f 7086 7085 7115
f 7060 7112 7115
f 7117 7128 6977
f 7118 6978 6980
f 7118 7117 7074
f 7120 7132 7004
f 7121 6960 6982
f 7123 7134 7040
f 7124 7131 7090
f 7125 6990 6992
f 7127 7124 6972
f 7128 7123 6975
f 7127 6974 7050
f 7122 6982 6990
f 7130 6961 6960
f 7120 7058 7090
f 7005 7004 7132
f 7134 7129 7050
f 7135 7673 7136
f 6967 6966 7138
f 7136 7673 7140
f 6983 6967 7139
f 7143 7148 6947
f 6986 6985 7144
f 7146 6986 7145
f 6989 6947 7148
f 7150 7143 6949
f 7152 7612 7138
f 7147 7145 7153
f 7150 7154 7153
f 7143 7153 7155
f 7145 7144 7155
f 7156 7142 7139
f 7156 7149 7148
f 7093 7160 7056
f 7094 7097 7157
f 6992 6991 7003
f 7096 7095 7158
f 7159 7031 7033
f 7035 7054 7055
f 7160 7094 7002
f 6940 7054 7066
f 6991 7654 7161
f 7126 6992 7005
f 7162 7222 7163
f 7165 7210 7166
f 7168 7353 7169
f 7171 7614 7172
f 7174 7262 7175
f 7177 7207 7178
f 7180 7263 7181
f 7183 7204 7184
f 7186 7375 7187
f 7189 7382 7190
f 7170 7169 7192
f 7194 7370 7195
f 7197 7304 7198
f 7200 7313 7201
f 7203 7184 7204
f 7206 7178 7207
f 7209 7166 7210
f 7212 7378 7213
f 7215 7219 7216
f 7218 7216 7219
f 7221 7163 7222
f 7167 7166 7224
f 7226 7238 7227
f 7229 7615 7230
f 7232 7290 7233
f 7235 7287 7236
f 7238 7231 7230
f 7239 7281 7240
f 7242 7281 7243
f 7245 7293 7246
f 7244 7243 7248
f 7250 7259 7251
f 7253 7403 7254
f 7256 7294 7257
f 7259 7256 7258
f 7251 7258 7260
f 7257 7616 7260
f 7168 7170 7222
f 7174 7171 7173
f 7186 7188 7263
f 7264 7380 7265
f 7222 7170 7193
f 7267 7366 7268
f 7270 7315 7271
f 7273 7405 7274
f 7252 7251 7261
f 7277 7232 7234
f 7247 7246 7279
f 7281 7239 7282
f 7281 7242 7283
f 7284 7401 7285
f 7287 7235 7288
f 7228 7227 7259
f 7290 7452 7291
f 7227 7230 7256
f 7292 7394 7293
f 7230 7615 7294
f 7287 7239 7241
f 7295 7352 7238
f 7296 7229 7231
f 7298 7408 7299
f 7301 7365 7302
f 7304 7364 7305
f 7202 7201 7224
f 7218 7220 7307
f 7309 7351 7310
f 7312 7201 7313
f 7310 7301 7303
f 7315 7369 7316
f 7317 7356 7318
f 7320 7451 7321
f 7323 7338 7324
f 7326 7358 7327
f 7329 7360 7330
f 7332 7363 7333
f 7335 7345 7336
f 7185 7184 7338
f 7317 7319 7339
f 7340 7339 7341
f 7223 7193 7301
f 7343 7324 7338
f 7345 7264 7266
f 7346 7362 7347
f 7349 7235 7237
f 7351 7221 7223
f 7352 7297 7231
f 7319 7318 7353
f 7300 7299 7354
f 7263 7340 7342
f 7188 7187 7356
f 7344 7338 7184
f 7357 7327 7358
f 7349 7330 7360
f 7325 7324 7210
f 7362 7212 7214
f 7363 7189 7191
f 7188 7317 7340
f 7306 7224 7166
f 7364 7194 7196
f 7193 7192 7365
f 7366 7335 7337
f 7367 7346 7348
f 7225 7224 7201
f 7368 7308 7307
f 7369 7267 7269
f 7370 7332 7334
f 7339 7162 7164
f 7319 7168 7162
f 7211 7210 7324
f 7371 7180 7182
f 7373 7376 7204
f 7374 7392 7375
f 7205 7204 7376
f 7374 7186 7180
f 7378 7384 7379
f 7380 7385 7381
f 7382 7386 7383
f 7329 7331 7379
f 7385 7355 7354
f 7386 7357 7359
f 7387 7371 7372
f 7389 7376 7373
f 7391 7453 7392
f 7377 7376 7389
f 7391 7374 7371
f 7322 7321 7394
f 7274 7401 7284
f 7239 7287 7289
f 7265 7414 7395
f 7269 7268 7396
f 7272 7271 7398
f 7400 7406 7401
f 7402 7674 7254
f 7404 7400 7274
f 7406 7454 7285
f 7271 7316 7407
f 7408 7675 7409
f 7337 7336 7410
f 7299 7409 7412
f 7336 7266 7395
f 7316 7269 7397
f 7268 7337 7411
f 7265 7381 7413
f 7381 7354 7412
f 7415 7427 7267
f 7416 7417 7315
f 7417 7415 7369
f 7418 7300 7355
f 7420 7273 7275
f 7422 7433 7335
f 7423 7431 7385
f 7424 7284 7286
f 7426 7423 7380
f 7427 7422 7366
f 7428 7426 7264
f 7421 7275 7284
f 7429 7253 7255
f 7431 7419 7355
f 7432 7298 7300
f 7433 7428 7345
f 7434 7676 7403
f 7261 7260 7435
f 7403 7676 7437
f 7276 7261 7436
f 7439 7242 7244
f 7279 7449 7441
f 7280 7441 7442
f 7242 7439 7443
f 7440 7244 7249
f 7260 7616 7445
f 7442 7441 7446
f 7444 7447 7446
f 7440 7446 7448
f 7446 7441 7449
f 7450 7438 7436
f 7443 7439 7448
f 7390 7453 7352
f 7387 7296 7297
f 7286 7285 7408
f 7393 7389 7451
f 7452 7326 7328
f 7330 7349 7350
f 7453 7391 7297
f 7235 7349 7361
f 7454 7675 7408
f 7425 7286 7298
f 7455 7504 7456
f 7458 7467 7459
f 7461 7458 7460
f 7463 7562 7464
f 7466 7547 7459
f 7468 7558 7456
f 7470 7481 7471
f 7473 7480 7474
f 7476 7522 7477
f 7479 7519 7480
f 7481 7475 7474
f 7482 7513 7483
f 7485 7513 7486
f 7488 7494 7489
f 7491 7511 7492
f 7494 7501 7495
f 7496 7572 7497
f 7484 7483 7499
f 7501 7500 7499
f 7495 7499 7502
f 7483 7515 7502
f 7461 7462 7504
f 7505 7560 7506
f 7498 7497 7508
f 7489 7495 7503
f 7511 7476 7478
f 7490 7489 7510
f 7513 7482 7514
f 7513 7485 7515
f 7516 7571 7517
f 7519 7479 7520
f 7472 7471 7501
f 7522 9237 7523
f 7471 7474 7500
f 7524 7472 7494
f 7480 7484 7500
f 7519 7482 7484
f 7525 7542 7481
f 7526 7473 7475
f 7528 7544 7529
f 7525 7470 7531
f 7533 7599 7534
f 7536 7550 7537
f 7460 7459 7539
f 7541 7479 7473
f 7542 7527 7475
f 7543 7529 7544
f 7504 7552 7469
f 7460 7540 7546
f 7547 8121 7539
f 7548 7535 7534
f 7541 7537 7550
f 7504 7462 7546
f 7553 7455 7457
f 7554 7557 7467
f 7555 7554 7458
f 7556 7466 7467
f 7555 7461 7455
f 7558 7563 7457
f 7559 7564 7506
f 7463 7565 7561
f 7563 7536 7538
f 7559 7543 7545
f 7565 7548 7549
f 7566 7553 7538
f 7567 7570 7557
f 7568 7567 7554
f 7569 7556 7557
f 7566 7568 7555
f 7531 7470 7472
f 7509 7508 7571
f 7482 7519 7521
f 7506 7463 7465
f 7478 7477 7571
f 7493 7492 7497
f 7492 7478 7508
f 7571 7477 7523
f 7528 7533 7535
f 7544 7535 7548
f 7506 7564 7565
f 7545 7548 7565
f 7573 7582 7529
f 7574 7498 7509
f 7576 7559 7560
f 7578 7516 7518
f 7580 7577 7560
f 7575 7509 7516
f 7581 7496 7498
f 7576 7573 7543
f 7530 7529 7582
f 7584 7589 7585
f 7503 7502 7587
f 7589 7584 7590
f 7503 7588 7592
f 7593 7485 7487
f 7510 7592 7595
f 7512 7595 7586
f 7485 7593 7596
f 7594 7487 7591
f 7515 7596 7587
f 7586 7595 7597
f 7590 7584 7597
f 7594 7597 7598
f 7595 7592 7598
f 7598 7592 7588
f 7596 7593 7598
f 7570 7567 7542
f 7566 7526 7527
f 7517 7528 7530
f 7570 7525 7532
f 7523 9237 7599
f 7537 7541 7526
f 7567 7568 7527
f 7479 7541 7551
f 7517 7523 7533
f 7518 7530 7583
f 6284 6283 6485
f 6470 6285 6287
f 6296 6295 7600
f 6299 6298 7601
f 6302 6301 6331
f 6305 6304 6473
f 6426 6485 6283
f 6289 6287 6343
f 6438 6344 6346
f 6355 6354 6412
f 6359 6358 6381
f 6411 6369 6371
f 6364 6371 6395
f 6358 6401 6567
f 6511 6346 6369
f 6354 6359 6375
f 6573 6413 6344
f 6336 6338 6468
f 6421 6420 6486
f 6440 6442 7602
f 6304 6440 6434
f 6458 6457 6464
f 6467 6355 6347
f 6338 6426 6339
f 6301 6458 6332
f 7602 6442 6285
f 6420 6313 6343
f 6457 6284 6465
f 6490 6302 6497
f 6491 6305 6306
f 6506 6490 6448
f 6507 6491 6492
f 6397 6395 6557
f 6401 6564 7603
f 6560 6557 6572
f 7603 6564 6572
f 6509 6507 6413
f 6506 6467 6414
f 6579 6578 6778
f 6580 6582 6608
f 6589 6591 7604
f 6592 6594 7605
f 6795 6595 6597
f 6786 6600 6599
f 6721 6778 6578
f 6609 6608 6582
f 6734 6640 6642
f 6651 6650 6707
f 6655 6654 6676
f 6706 6665 6667
f 6660 6667 6691
f 6654 6696 6860
f 6805 6642 6665
f 6650 6655 6671
f 6866 6709 6640
f 6634 6764 6722
f 6715 6725 6726
f 6730 6736 6738
f 6602 6599 6736
f 6755 6754 6760
f 6763 6651 6643
f 6721 6635 6764
f 6597 6755 6628
f 6738 6580 6583
f 6609 6638 6725
f 6760 6754 6579
f 6743 6783 6595
f 7607 6784 6600
f 6773 6798 6783
f 6800 6799 6784
f 6692 6691 6850
f 6860 6696 6857
f 6853 6850 6865
f 7608 6857 6865
f 6802 6799 6709
f 6804 6798 6763
f 6869 6871 7073
f 7057 6872 6874
f 6881 6883 7609
f 6884 6886 7610
f 6889 6888 6919
f 7611 6890 6892
f 7013 7073 6871
f 6876 6874 6930
f 7026 6931 6933
f 6942 6941 7000
f 6946 6945 6968
f 6999 6956 6958
f 6951 6958 6983
f 6945 6989 7152
f 7098 6933 6956
f 6941 6946 6962
f 7158 7001 6931
f 6926 7014 7016
f 7070 7017 7018
f 7061 7028 7030
f 6894 6892 7028
f 7046 7047 7052
f 7055 6942 6934
f 6926 7013 6928
f 6888 7046 6920
f 7023 7030 6872
f 7070 6899 6930
f 7047 6869 7053
f 7077 6889 7084
f 7079 7078 6890
f 7092 7077 7036
f 7093 7078 7079
f 6985 6983 7142
f 6989 7149 7612
f 7144 7142 7156
f 7612 7149 7156
f 7095 7093 7001
f 7097 7092 7055
f 7164 7163 7368
f 7353 7165 7167
f 7176 7175 7613
f 7614 7177 7179
f 7182 7181 7213
f 7375 7183 7185
f 7308 7368 7163
f 7169 7167 7225
f 7321 7226 7228
f 7237 7236 7615
f 7241 7240 7257
f 7293 7250 7252
f 7246 7252 7276
f 7240 7283 7616
f 7394 7228 7250
f 7236 7241 7294
f 7451 7295 7226
f 7216 7218 7351
f 7365 7312 7314
f 7356 7323 7325
f 7187 7185 7323
f 7342 7341 7347
f 7350 7237 7229
f 7308 7221 7351
f 7181 7342 7214
f 7318 7325 7165
f 7192 7225 7312
f 7341 7164 7348
f 7372 7182 7379
f 7392 7373 7183
f 7388 7372 7331
f 7453 7390 7373
f 7279 7276 7438
f 7283 7443 7445
f 7448 7449 7438
f 7445 7443 7450
f 7389 7390 7295
f 7388 7350 7296
f 6513 6530 6501
f 6529 6488 6314
f 6521 6317 6319
f 6352 6351 6520
f 6368 6367 6519
f 6367 6352 6516
f 6351 6409 6576
f 6528 6422 6317
f 6445 6444 6526
f 6525 6524 6481
f 6527 6526 6444
f 6524 6513 6309
f 6514 6314 6422
f 6529 6525 6449
f 6531 6500 6501
f 6527 6475 6500
f 7617 6532 6533
f 7619 7620 6534
f 7620 7618 6533
f 7621 6536 6537
f 7623 6538 6539
f 7625 6540 6541
f 7627 6542 6543
f 7629 6544 6545
f 7631 7628 6543
f 7626 6541 6532
f 7631 6546 6547
f 7624 6539 6544
f 7633 6548 6538
f 7622 6537 6542
f 7634 6549 6536
f 7632 6547 6540
f 6551 6562 6563
f 6565 6566 6556
f 6552 6563 6570
f 6555 6550 6570
f 6409 6445 6522
f 7630 6545 6549
f 6808 6807 6794
f 6809 6824 6781
f 6816 6613 6615
f 6648 6647 6815
f 6662 6664 6814
f 6664 6648 6811
f 6647 6704 6868
f 6823 6717 6613
f 6741 6740 6821
f 6820 6819 6775
f 6822 6821 6740
f 6819 6808 6604
f 6809 6610 6717
f 6820 6745 6781
f 6825 6793 6794
f 6825 6822 6769
f 7635 7648 6840
f 7636 7637 6828
f 7637 7635 6826
f 7638 6829 6830
f 7640 6831 6832
f 7642 6833 6834
f 7644 7651 6835
f 7645 6837 6838
f 7644 6836 6839
f 7643 6834 6840
f 7647 6839 6841
f 7641 6832 6837
f 7650 6842 6831
f 7639 6830 6835
f 7652 6843 6829
f 7649 6841 6833
f 6846 6855 6856
f 6859 6858 6849
f 6844 6856 6863
f 6848 7653 6863
f 6704 6741 6817
f 7646 6838 6843
f 7116 7087 6896
f 7114 7075 6901
f 7108 6904 6906
f 6939 6938 7107
f 6955 6954 7106
f 6954 6939 7103
f 6938 6997 7654
f 7113 7009 6904
f 7161 7033 7032
f 7111 7110 7068
f 7109 7032 7062
f 7110 7100 6896
f 7101 6901 7009
f 7111 7037 7075
f 7115 7091 7087
f 7112 7062 7091
f 7655 7668 7128
f 7656 7657 7118
f 7657 7655 7117
f 7658 7132 7120
f 7660 7121 7122
f 7662 7134 7123
f 7664 7671 7131
f 7665 7125 7126
f 7667 7664 7124
f 7668 7663 7123
f 7669 7667 7127
f 7661 7122 7125
f 7670 7130 7121
f 7659 7120 7131
f 7133 7132 7658
f 7662 7669 7129
f 7137 7146 7147
f 7140 7150 7151
f 7135 7147 7154
f 7140 7673 7154
f 6997 7033 7161
f 7666 7126 7133
f 7414 7382 7189
f 7397 7396 7370
f 7399 7398 7304
f 7234 7233 7406
f 7249 7248 7674
f 7278 7234 7400
f 7233 7291 7454
f 7398 7407 7364
f 7328 7327 7409
f 7411 7410 7363
f 7409 7327 7357
f 7410 7395 7189
f 7407 7397 7194
f 7411 7332 7370
f 7414 7413 7386
f 7413 7412 7357
f 7202 7306 7427
f 7200 7417 7416
f 7200 7202 7415
f 7393 7418 7419
f 7247 7420 7421
f 7209 7211 7433
f 7203 7205 7431
f 7292 7424 7425
f 7344 7203 7423
f 7306 7209 7422
f 7344 7426 7428
f 7245 7421 7424
f 7280 7429 7430
f 7377 7419 7431
f 7320 7432 7418
f 7211 7343 7428
f 7429 7442 7434
f 7437 7444 7249
f 7434 7442 7447
f 7437 7676 7447
f 7291 7328 7675
f 7322 7425 7432
f 7610 7737 7677
f 7678 9238 7679
f 7681 8107 7262
f 7682 7206 7683
f 6382 7709 7685
f 7686 7701 7687
f 7172 8433 7681
f 7689 8433 7172
f 7690 7722 7691
f 7683 7692 7691
f 7693 7707 7694
f 7696 7600 6295
f 7697 9238 7678
f 7699 6590 6587
f 7701 7714 7702
f 7703 7722 7690
f 7688 7800 7705
f 7706 7694 7707
f 7605 9239 7700
f 7709 6382 6292
f 7696 8434 7711
f 7682 7712 7178
f 7179 7178 7712
f 7713 7702 7714
f 7716 6882 6879
f 7601 9240 7710
f 7717 8427 7694
f 7718 8426 7719
f 7721 8424 7722
f 7723 8225 7724
f 7718 9238 7697
f 7727 8427 7728
f 7730 8423 7731
f 7733 7746 7732
f 7735 8224 7736
f 6886 8112 7737
f 7734 7732 7731
f 7734 7738 7739
f 7719 8426 7741
f 7743 8429 7744
f 7741 8426 7746
f 7747 6883 6882
f 7748 7735 7749
f 7751 7741 7733
f 7729 7728 7749
f 7741 7751 7753
f 7754 7798 7755
f 7757 7762 7758
f 7755 8111 7760
f 7761 7763 7762
f 7763 7761 7764
f 7766 8442 7767
f 7765 7764 7769
f 7767 8226 7771
f 7772 7786 7759
f 7773 7782 7774
f 7776 7788 7777
f 7779 8237 7780
f 7782 8235 7783
f 7784 7796 7785
f 7787 9239 7605
f 7788 8237 7789
f 7790 7779 7781
f 7776 7773 7775
f 7793 7761 7757
f 7784 8096 7795
f 7797 7755 7798
f 7772 8439 7784
f 7769 8094 7799
f 6421 6291 6293
f 6429 6294 6296
f 6321 6297 6299
f 6319 6318 7800
f 7801 6325 6297
f 7711 6335 6334
f 6419 6293 6294
f 6392 6391 7702
f 6391 6515 7687
f 6535 6392 7713
f 6427 6296 6334
f 6430 6299 6291
f 6515 6319 7688
f 7803 7619 6535
f 7804 6827 6688
f 6724 6678 6589
f 6726 6617 6622
f 7805 6621 6622
f 7806 6913 6914
f 7807 6615 6614
f 7809 7119 6980
f 7707 6979 7102
f 6688 6687 7678
f 7008 6880 6970
f 7698 6810 6615
f 6716 6726 6592
f 6908 6914 6884
f 6632 6722 6589
f 7015 6970 6881
f 7810 7636 6827
f 7678 6687 6810
f 7690 7272 7399
f 6714 6588 6678
f 6631 6630 7604
f 7102 6906 7812
f 6716 6586 6588
f 7813 7656 7119
f 7692 7270 7272
f 6906 6905 7814
f 7303 7302 7614
f 7197 7199 7815
f 7311 7174 7176
f 7007 7018 6884
f 7817 6923 6922
f 7007 6878 6880
f 6924 7016 6881
f 6980 6979 7707
f 7302 7314 7177
f 7311 7303 7171
f 7704 7399 7197
f 7683 7416 7270
f 7309 7176 7217
f 7206 7208 7416
f 7818 7215 7217
f 7314 7313 7207
f 7208 7207 7313
f 7819 7829 6274
f 7820 6265 6266
f 7822 6267 6268
f 7824 6269 6265
f 6271 6270 7825
f 6273 7828 7827
f 7828 6273 6269
f 6270 6274 7829
f 7830 6276 7831
f 7823 6268 6277
f 6277 6281 7834
f 7835 6278 6276
f 7836 6279 6267
f 6281 8391 7837
f 7835 7819 6264
f 7821 6266 6279
f 7838 7828 7824
f 7825 7829 7840
f 7842 7830 7832
f 7844 7823 7833
f 7834 7850 7845
f 7846 7835 7830
f 7847 7836 7822
f 7834 7837 7849
f 7846 7852 7819
f 7851 7821 7836
f 7852 7840 7829
f 7853 7820 7821
f 7848 7822 7823
f 7839 7824 7820
f 7826 7825 7841
f 7828 7838 7855
f 7856 7842 7843
f 7858 7844 7845
f 7845 7850 7860
f 7861 7846 7842
f 7862 7847 7848
f 7850 7849 7864
f 7861 7866 7852
f 7865 7851 7847
f 7866 7873 7840
f 7867 7853 7851
f 7863 7848 7844
f 7868 7839 7853
f 7854 7841 7869
f 7838 7872 7871
f 7872 7838 7839
f 7841 7840 7873
f 7874 7879 7861
f 7875 7862 7863
f 7860 7864 7877
f 7879 7881 7866
f 7880 7865 7862
f 7881 7889 7873
f 7882 7867 7865
f 7876 7863 7858
f 7884 7868 7867
f 7870 7869 7885
f 7872 7888 7887
f 7888 7872 7868
f 7869 7873 7889
f 7874 7856 7857
f 7883 7858 7859
f 7859 7860 7878
f 7892 7874 7890
f 7894 7883 7891
f 7891 7878 7896
f 7897 7879 7874
f 7898 7875 7876
f 7878 7877 7900
f 7897 7902 7881
f 7901 7880 7875
f 7902 7909 7889
f 7903 7882 7880
f 7899 7876 7883
f 7904 7884 7882
f 7886 7885 7905
f 7888 7908 7907
f 7908 7888 7884
f 7885 7889 7909
f 7910 7897 7892
f 7912 7898 7899
f 7896 7900 7914
f 7910 7917 7902
f 7916 7901 7898
f 7917 7925 7909
f 7918 7903 7901
f 7913 7899 7894
f 7920 7904 7903
f 7906 7905 7921
f 7908 7924 7923
f 7924 7908 7904
f 7905 7909 7925
f 7911 7892 7893
f 7919 7894 7895
f 7895 7896 7915
f 7928 7931 7917
f 7929 7916 7912
f 7931 7939 7925
f 7932 7918 7916
f 7933 7944 7913
f 7934 7920 7918
f 7922 7921 7935
f 7924 7938 7937
f 7938 7924 7920
f 7921 7925 7939
f 7940 7911 7926
f 7942 7933 7919
f 7927 7915 7943
f 7928 7910 7911
f 7944 7930 7912
f 7915 7914 7945
f 7946 7955 7939
f 7947 7932 7929
f 7949 7961 7944
f 7950 7934 7932
f 7936 7935 7951
f 7938 7954 7953
f 7954 7938 7934
f 7935 7939 7955
f 7956 7940 7941
f 7958 7949 7933
f 7942 7943 7959
f 7960 7928 7940
f 7961 7963 7930
f 7943 7945 7962
f 7960 7946 7931
f 7948 7929 7930
f 7964 7977 7961
f 7965 7950 7947
f 7952 7951 7967
f 7954 7970 7969
f 7970 7954 7950
f 7951 7955 7971
f 7972 7956 7957
f 7974 7964 7949
f 7958 7959 7975
f 7976 7960 7956
f 7977 7980 7963
f 7959 7962 7978
f 7976 7981 7946
f 7979 7948 7963
f 7981 7971 7955
f 7966 7947 7948
f 7970 7983 7982
f 7983 7970 7965
f 7967 7971 7985
f 7987 7972 7973
f 7989 7998 7964
f 7974 7975 7990
f 7991 7976 7972
f 7992 7980 7977
f 7975 7978 7994
f 7991 7996 7981
f 7995 7979 7980
f 7996 7985 7971
f 7997 7966 7979
f 7998 7993 7977
f 7984 7965 7966
f 7968 7967 7986
f 8000 7987 7988
f 8002 8011 7998
f 7989 7990 8003
f 8004 7991 7987
f 8005 7992 7993
f 7990 7994 8007
f 8008 7996 7991
f 8009 7995 7992
f 8008 8017 7985
f 8010 7997 7995
f 8011 8006 7993
f 8012 7984 7997
f 7999 7986 8013
f 7983 8016 8015
f 8016 7983 7984
f 7986 7985 8017
f 8018 8004 8000
f 8020 8005 8006
f 8003 8007 8022
f 8024 8008 8004
f 8025 8009 8005
f 8024 8033 8017
f 8026 8010 8009
f 8021 8006 8011
f 8028 8012 8010
f 8014 8013 8029
f 8016 8032 8031
f 8032 8016 8012
f 8013 8017 8033
f 8019 8000 8001
f 8035 8027 8011
f 8002 8003 8023
f 8036 8024 8018
f 8038 8025 8020
f 8036 8048 8033
f 8040 8026 8025
f 8041 8021 8027
f 8043 8028 8026
f 8030 8029 8044
f 8032 8047 8046
f 8047 8032 8028
f 8029 8033 8048
f 8049 8019 8034
f 8051 8042 8027
f 8035 8023 8052
f 8037 8018 8019
f 8039 8020 8021
f 8022 8397 8052
f 8053 8063 8048
f 8054 8040 8038
f 8056 8041 8042
f 8058 8043 8040
f 8045 8044 8059
f 8047 8062 8061
f 8062 8047 8043
f 8044 8048 8063
f 8064 8049 8050
f 8066 8057 8042
f 8051 8052 8067
f 8068 8037 8049
f 8069 8039 8041
f 8052 8397 8070
f 8068 8053 8036
f 8055 8038 8039
f 8071 8056 8057
f 8073 8058 8054
f 8075 8081 8076
f 8078 8530 8079
f 8078 8062 8058
f 8081 8531 8082
f 8083 8064 8065
f 8085 8072 8057
f 8085 8090 8086
f 8088 8068 8064
f 8089 8069 8056
f 8090 8395 8091
f 8088 8093 8053
f 8092 8055 8069
f 8093 8531 8063
f 8074 8054 8055
f 7764 8101 8094
f 7786 7785 8095
f 7745 7795 8096
f 8095 7794 7757
f 8097 8101 7793
f 8099 8095 7785
f 7761 7793 8101
f 7681 8433 8102
f 8104 6591 6590
f 8105 9240 7601
f 6591 6298 6326
f 6591 8104 8105
f 7681 8103 8106
f 8108 8107 8106
f 6883 6594 6593
f 8101 8097 8109
f 6594 6883 7747
f 8094 8112 8108
f 8103 8102 8110
f 7797 8110 8111
f 8108 7175 7262
f 7175 8108 8112
f 7175 6886 6885
f 7797 7799 8106
f 8113 8222 7750
f 8114 8526 8115
f 8117 8543 8114
f 7468 7469 8118
f 8120 7539 8121
f 8123 8138 7507
f 7507 8138 8124
f 8125 7546 7540
f 8126 7540 7539
f 8127 7580 7505
f 8128 7552 7546
f 7465 7464 8129
f 8118 7469 7552
f 8130 8128 8125
f 8130 8136 8118
f 8123 8129 8132
f 8134 8120 8122
f 8119 8118 8136
f 8133 8151 8138
f 8138 8151 8139
f 8140 8127 8124
f 8131 8125 8126
f 8141 8126 8120
f 8142 8131 8141
f 8143 8141 8134
f 8142 8145 8130
f 8145 8149 8136
f 8133 8132 8146
f 8144 8134 8135
f 8137 8136 8149
f 8147 8152 8151
f 8139 8151 8152
f 8153 8157 8140
f 8154 8155 8152
f 8153 8152 8155
f 8156 8171 8157
f 8158 8161 8142
f 8158 8143 8144
f 8160 8145 8142
f 8162 8149 8145
f 8147 8146 8163
f 8159 8144 8148
f 8149 8162 8165
f 8163 9241 8166
f 8167 8173 8159
f 8162 8176 8168
f 8166 8169 8155
f 8156 8155 8169
f 8170 8186 8171
f 8172 8175 8161
f 8173 8172 8158
f 8174 8160 8161
f 8176 8162 8160
f 8177 8179 8174
f 8178 8176 8174
f 8166 9241 8180
f 8182 8188 8173
f 8176 8178 8183
f 8181 8184 8169
f 8170 8169 8184
f 8185 8244 8186
f 8187 8177 8175
f 8187 8172 8173
f 8189 8178 8179
f 8191 8183 8178
f 8192 8196 8193
f 8195 9242 8193
f 8197 8460 8198
f 8194 8193 8200
f 8201 8200 8202
f 8203 8202 8204
f 8206 8249 8207
f 8205 8204 8209
f 8210 8209 8211
f 8211 8241 8213
f 8212 8211 8214
f 8216 7811 7604
f 7817 7609 6593
f 7802 7807 7808
f 7807 7802 7713
f 7698 7713 7715
f 7730 7726 7697
f 8218 8192 7740
f 7734 7740 7752
f 8181 8180 8219
f 7812 7814 7810
f 7804 7680 7708
f 7818 7613 6885
f 7816 7815 7813
f 7809 7693 7704
f 7704 7693 7695
f 7727 7721 7703
f 8113 8223 7719
f 8222 8113 7742
f 7749 7728 8223
f 7720 7719 8223
f 7706 7708 7680
f 8224 7724 8225
f 7790 7771 8226
f 7798 7754 7770
f 7795 8229 8228
f 7745 8428 8229
f 8099 8425 7794
f 8110 7723 7725
f 8184 8181 8220
f 8231 7768 7771
f 8233 8234 7782
f 7791 8232 7771
f 8227 8236 7779
f 8234 8248 8235
f 7792 8238 7788
f 8236 7789 8237
f 7778 8233 7773
f 8238 7780 8237
f 7724 8224 8239
f 8209 8242 8241
f 7735 7748 8239
f 8204 8464 8242
f 8185 8184 8230
f 8243 8511 8244
f 8188 8182 8245
f 8187 8188 8246
f 8247 8435 8177
f 8248 8207 8249
f 8250 8254 8251
f 8250 8500 8253
f 8111 7725 8255
f 8256 8206 8208
f 8258 8260 8259
f 8260 8262 8261
f 8262 8264 8263
f 8264 8266 8265
f 8266 8392 8267
f 8268 8060 8075
f 8270 8045 8060
f 8271 8014 8030
f 8273 6118 5537
f 8274 5537 5536
f 8275 5536 8276
f 8276 5534 8278
f 5534 5695 8279
f 5695 5533 8280
f 5533 5532 8281
f 8282 5528 8283
f 8282 5545 5391
f 8286 5514 5515
f 8286 5392 5530
f 8288 5689 5513
f 271 337 4960
f 8289 4914 4899
f 8290 5016 5325
f 8292 4994 5016
f 8293 5060 4995
f 8295 5043 5060
f 8296 5056 5043
f 8297 5120 8298
f 5046 5059 8298
f 5047 5046 8299
f 5140 5047 8300
f 5172 5176 8302
f 8304 5183 5161
f 8305 5202 5183
f 8305 5193 8306
f 8306 5238 8308
f 5251 5231 8308
f 5266 5251 8309
f 5285 5292 8311
f 8311 5292 5310
f 8312 5310 8313
f 8315 5301 8314
f 5309 5291 8317
f 8317 5291 5284
f 8320 5278 5287
f 8320 5259 5242
f 5253 5268 8321
f 5207 5253 8322
f 5216 5194 8324
f 5194 5175 8325
f 5185 8366 8325
f 8327 5163 5185
f 8328 5134 5041
f 8330 5052 5136
f 5051 5052 8330
f 5050 5051 8331
f 5035 5032 8333
f 5048 5049 8333
f 5034 5326 8335
f 5053 8338 8336
f 8338 5322 8339
f 4914 8289 8340
f 4963 8340 8341
f 8342 6161 6118
f 8342 6172 8343
f 8345 6107 8346
f 8345 6111 6113
f 8348 6113 6226
f 8349 6226 6242
f 8351 6280 6233
f 8351 6257 6271
f 8352 6271 7826
f 8267 8392 8354
f 8355 8354 8356
f 6166 8273 8274
f 5521 8274 8275
f 5520 8275 8277
f 8277 8278 5384
f 8278 8279 5697
f 8279 8280 5518
f 5518 8280 8281
f 5545 8282 8284
f 5528 8282 8285
f 5392 8286 8285
f 5514 8286 8287
f 8358 4918 4961
f 8360 8361 4962
f 8360 8371 4964
f 5323 8290 8291
f 5055 8292 8290
f 5033 8293 8294
f 5036 8295 8293
f 8297 8296 8295
f 8296 8298 5059
f 8299 8298 5120
f 8300 8299 5037
f 8301 8300 5040
f 8303 8302 5161
f 8362 8304 8302
f 5193 8305 8304
f 5202 8305 8307
f 8307 8308 5231
f 8309 8308 5238
f 8310 8309 5241
f 8310 8311 5276
f 8311 8312 5299
f 5299 8312 8314
f 8316 8314 8363
f 5304 8318 8317
f 8365 8317 8319
f 5259 8320 8319
f 5278 8320 8321
f 8322 8321 5242
f 5216 8323 8322
f 8323 8324 5203
f 8324 8325 8366
f 8326 8325 5175
f 5173 8327 8326
f 8367 8328 8329
f 8330 8329 5041
f 8331 8330 5039
f 8332 8331 5038
f 8332 8333 5049
f 8334 8333 5032
f 8334 8335 8368
f 8337 8336 4988
f 8336 8339 8369
f 8370 4964 8371
f 8373 8617 8374
f 8375 8374 8376
f 8377 8376 8378
f 8380 8610 8381
f 8382 8381 8383
f 8384 8383 8385
f 8386 8385 8387
f 8388 8387 8389
f 6172 8342 8273
f 6161 8342 8344
f 6111 8345 8347
f 6107 8345 8348
f 6108 8348 8349
f 6221 8349 8350
f 6257 8351 8350
f 6280 8351 8352
f 8391 8352 8353
f 8258 8499 8234
f 8260 8258 8233
f 7778 7777 8262
f 7777 7789 8264
f 8266 8264 7789
f 8045 8270 8272
f 8392 8266 8236
f 8227 8226 8354
f 8393 8421 8394
f 8395 8269 8396
f 8397 8270 8268
f 6210 8399 8398
f 6217 8400 8399
f 6219 8401 8400
f 6243 8403 8401
f 6243 6258 8402
f 6258 6272 8404
f 8405 8404 6272
f 8406 8405 7827
f 8407 8406 7855
f 8408 8407 7871
f 8409 8408 7887
f 8410 8409 7907
f 8411 8410 7923
f 8412 8411 7937
f 8413 8412 7953
f 8414 8413 7969
f 8415 8414 7982
f 8416 8415 8015
f 8417 8416 8031
f 8418 8417 8046
f 8419 8418 8061
f 8420 9243 8421
f 8356 8354 8226
f 8109 7737 8112
f 7728 8427 7717
f 8422 7731 8423
f 8097 7677 7737
f 7677 8097 8098
f 7679 9238 7718
f 7747 7716 8098
f 7736 8225 8424
f 8423 7714 7701
f 7747 7793 7794
f 8425 9239 7787
f 7700 9239 8425
f 7700 8099 8100
f 8426 7718 7726
f 7695 7694 8427
f 7684 8424 8225
f 7785 8104 7699
f 7715 7714 8423
f 8104 7785 7796
f 8228 9240 8105
f 7710 9240 8228
f 7691 7722 8424
f 7710 8229 8428
f 7685 7709 8428
f 7685 7745 7744
f 8429 8475 8430
f 8422 8474 8431
f 8225 7723 7712
f 7689 7712 7723
f 7689 8110 8102
f 7744 8430 8434
f 7732 7746 7726
f 7729 7736 7721
f 7706 7679 7720
f 8435 8190 8179
f 8436 8246 8245
f 8438 8247 8246
f 8096 7784 8439
f 8441 7783 8235
f 8442 8443 8356
f 8435 8247 8438
f 8252 8541 8443
f 7743 8096 8440
f 7783 8441 8444
f 8441 8438 8436
f 8444 8436 8429
f 7774 7783 8440
f 7775 7774 8439
f 8254 8253 8215
f 8254 8214 8213
f 8445 8449 8446
f 8448 8521 8449
f 8450 8521 8448
f 8452 8450 8451
f 8454 8452 8453
f 8456 8454 8455
f 8457 8456 8257
f 8458 8457 8208
f 8447 8462 8459
f 8197 8256 8257
f 8445 8459 8461
f 8462 9244 8463
f 8202 8465 8464
f 8465 8202 8200
f 8467 8461 8459
f 8461 8467 8468
f 8469 8468 8470
f 8471 8470 8472
f 8448 8461 8469
f 8471 8453 8451
f 8471 8473 8455
f 8193 9242 8466
f 8198 8460 8473
f 8460 8257 8455
f 7725 7724 8240
f 7758 7792 7775
f 7792 7758 7762
f 8238 7762 7763
f 7765 7781 7780
f 7770 7791 7781
f 7754 8232 7791
f 7756 8231 8232
f 8253 8500 8255
f 8240 8239 8215
f 7748 8212 8215
f 8212 7748 7750
f 8222 8205 8210
f 8205 8222 7753
f 8203 7753 7751
f 7752 8194 8201
f 8194 7752 7740
f 7686 7705 8474
f 7738 8432 8431
f 8432 7738 7731
f 8429 8436 8437
f 8399 8477 8476
f 8400 8478 8477
f 8401 8479 8478
f 8403 8481 8479
f 8403 8402 8480
f 8402 8404 8482
f 8250 8252 8442
f 8483 8482 8404
f 8484 8483 8405
f 8485 8484 8406
f 8486 8485 8407
f 8487 8486 8408
f 8488 8487 8409
f 8489 8488 8410
f 8490 8489 8411
f 8491 8490 8412
f 8492 8491 8413
f 8493 8492 8414
f 8494 8493 8415
f 8495 8494 8416
f 8496 8495 8417
f 8497 8496 8418
f 8498 8458 8207
f 8499 8498 8248
f 8500 8501 7760
f 7766 8501 8500
f 7756 7760 8501
f 7768 8231 8501
f 8502 7968 7999
f 8502 7978 7962
f 8505 7936 7952
f 8505 7945 7914
f 8507 7906 7922
f 8508 7886 7906
f 8509 7870 7886
f 8510 7854 7870
f 7978 8502 8503
f 7968 8502 8504
f 7945 8505 8504
f 7936 8505 8506
f 7900 8507 8506
f 7877 8508 8507
f 7864 8509 8508
f 7849 8510 8509
f 8503 7999 8014
f 8270 8397 8022
f 8353 7826 7854
f 7994 8503 8271
f 7837 8353 8510
f 8007 8271 8272
f 8438 8441 8249
f 8218 8554 8511
f 8243 8230 8192
f 8230 8220 8196
f 8196 8220 8219
f 8199 8191 8189
f 8189 8190 8256
f 8190 8435 8206
f 8512 8515 8513
f 8515 8517 8516
f 8517 8553 8518
f 8452 8454 8518
f 8450 8452 8519
f 8521 8450 8520
f 8523 8449 8521
f 8523 8550 8524
f 8526 8512 8514
f 8527 8535 8071
f 8528 8073 8074
f 8060 8059 8081
f 8062 8078 8080
f 8530 8078 8073
f 8059 8063 8531
f 8532 8083 8084
f 8087 8527 8072
f 8066 8067 8090
f 8534 8088 8083
f 8535 8537 8089
f 8067 8070 8395
f 8534 8538 8093
f 8536 8092 8089
f 8538 8082 8531
f 8529 8074 8092
f 8269 8075 8077
f 8070 8268 8269
f 8539 8419 8080
f 8540 8497 8419
f 8541 8420 8393
f 8117 8259 8542
f 8520 8519 8544
f 8117 8116 8499
f 8516 8518 8454
f 8116 8115 8498
f 8546 8355 8357
f 8115 8514 8458
f 8547 8263 8265
f 8267 8355 8546
f 8513 8516 8456
f 8550 8523 8522
f 8261 8263 8547
f 8265 8267 8549
f 8449 8523 8525
f 8519 8518 8553
f 8259 8261 8552
f 8443 8393 8357
f 8551 8522 8520
f 8514 8513 8457
f 8554 8218 7739
f 4648 4692 4644
f 4651 4644 4646
f 4654 4651 5723
f 4657 4654 5721
f 5717 4660 4657
f 5716 4663 4660
f 5753 4666 4663
f 4669 4666 5753
f 4672 4669 5751
f 4675 4672 5750
f 4680 4679 5744
f 5738 4681 4683
f 5737 4686 4681
f 5734 4689 4686
f 4694 4693 4692
f 4700 4698 4693
f 4704 4701 4698
f 8556 4705 4701
f 4710 4712 4708
f 4715 4710 8557
f 8558 4718 4715
f 4712 4705 8556
f 5744 4679 6099
f 4809 4805 4742
f 4814 4735 4734
f 4780 4725 4722
f 4789 4788 6096
f 4807 4736 4737
f 4758 4746 4744
f 8560 4747 4746
f 4659 4735 4737
f 4797 4733 4731
f 4699 4740 4748
f 4791 4731 4732
f 4788 6095 8561
f 5496 4795 4729
f 4756 4744 4745
f 4806 4738 4736
f 4806 4809 4739
f 4748 4745 4709
f 4804 4811 4740
f 4800 4734 4733
f 4684 4725 4727
f 4805 4804 4741
f 4783 4722 4724
f 4794 4732 4729
f 6097 4673 4674
f 4966 8370 8372
f 4966 8563 8564
f 8565 8576 8566
f 8568 8685 8569
f 8571 8657 8572
f 8570 8569 8574
f 8573 4911 4912
f 8372 8371 4921
f 8573 8572 4009
f 4010 283 4911
f 8575 8574 8576
f 4922 4967 8577
f 8578 8600 8579
f 8581 9206 4016
f 8387 8582 8581
f 8385 8583 8582
f 8583 8385 8383
f 5072 5071 4993
f 8585 4939 4993
f 8586 8577 4967
f 4931 4934 4971
f 4930 4934 4931
f 4925 4930 4927
f 8588 4918 4926
f 4918 8358 8589
f 4963 4902 4909
f 4989 4988 8369
f 4926 8589 4959
f 339 303 4924
f 6098 4674 4675
f 8591 8592 4690
f 8592 8593 4723
f 4724 4723 8593
f 8561 4728 4673
f 4786 4785 8595
f 6089 4854 4853
f 6088 4883 4854
f 4915 4907 4903
f 4917 8742 4907
f 8584 8383 8381
f 5693 8564 8598
f 4900 4962 8361
f 6090 5560 5554
f 6094 5495 5496
f 4793 5495 5500
f 6093 4853 5500
f 8599 8578 8565
f 5555 5554 5560
f 4784 8579 8600
f 5735 5734 5737
f 8602 5748 5747
f 8603 5776 5778
f 5787 5786 8604
f 5862 5825 5827
f 5869 5835 5837
f 5879 5866 5825
f 5873 5835 5869
f 5884 5866 5879
f 5891 5873 5886
f 5920 5884 5914
f 5931 5924 5891
f 5931 5968 5934
f 5949 5920 5941
f 5948 5949 5961
f 5934 5970 5999
f 5970 5984 8606
f 8605 5961 6003
f 8607 6003 6024
f 8606 5984 6031
f 6075 6009 8609
f 6040 6055 6033
f 6057 6032 6029
f 6031 6027 6079
f 6046 6087 6012
f 6067 8609 8608
f 6062 8608 6024
f 8597 8381 8610
f 6099 4675 5747
f 8612 8591 4689
f 6095 5496 4728
f 4785 4724 8594
f 8613 8718 4178
f 8614 8600 8578
f 8615 4958 4957
f 4902 4901 4910
f 4958 8615 8359
f 8616 5072 4935
f 8617 8373 8618
f 8564 8563 8577
f 4972 4986 8616
f 5321 5681 8620
f 8564 8586 8621
f 8622 5329 5320
f 5329 8622 8623
f 8624 5325 5327
f 8589 8289 4960
f 8358 8340 8289
f 8340 8358 8359
f 8615 8360 8341
f 8360 8615 4921
f 8625 4917 4916
f 8563 8372 4923
f 8627 8291 5325
f 8291 8627 8628
f 8629 5322 5324
f 8630 8339 5322
f 8339 8630 8631
f 8369 8631 8632
f 8621 4968 4970
f 8633 8745 8634
f 8598 4970 8626
f 4772 8738 8568
f 8378 8637 8611
f 8637 8378 8376
f 8636 8568 8570
f 8638 8376 8374
f 8639 8374 8617
f 5687 8570 8575
f 8641 8652 8642
f 8619 8644 8640
f 8644 8619 8645
f 8647 8649 8646
f 8648 8650 8649
f 8650 8648 8651
f 8652 8641 8651
f 8287 5530 8654
f 8655 8676 4109
f 4009 8572 4776
f 4776 8572 8657
f 8658 8731 8659
f 8661 8685 4774
f 8613 8676 8662
f 8660 8659 8664
f 8666 8671 8667
f 8663 8662 8669
f 8670 8669 8671
f 8672 8675 8673
f 8674 4166 1124
f 8668 8667 8675
f 8676 8655 8677
f 8662 8677 8678
f 8653 8651 8679
f 8641 8643 8681
f 8679 8651 8648
f 8682 8648 8647
f 8684 8569 8685
f 8569 8684 8686
f 8683 8647 8645
f 8687 8645 8619
f 8688 8701 8689
f 8690 8689 8691
f 4880 8693 4887
f 4877 8694 8693
f 4883 8695 8694
f 8695 4883 6088
f 8696 6088 8697
f 8697 5492 8699
f 8700 8711 8701
f 1052 4133 8702
f 5318 5627 8702
f 5319 8706 8704
f 4874 8705 4893
f 4876 8704 8705
f 5318 8703 8706
f 8707 8708 8692
f 4889 8710 8708
f 8709 4892 8710
f 8711 8700 8681
f 8712 8681 8643
f 8713 8643 8642
f 4782 8600 8614
f 8652 8739 8715
f 8716 8658 8660
f 8718 8613 8663
f 8717 8660 8665
f 8720 8666 8668
f 8719 8663 8670
f 8722 8670 8666
f 8723 8672 8665
f 8721 8668 8672
f 8669 8678 8724
f 8725 8576 8574
f 8726 8566 8576
f 8566 8726 4969
f 8727 4969 8728
f 8730 8740 8731
f 8671 8724 8732
f 8667 8732 8733
f 8675 8733 8734
f 8673 8734 8735
f 8736 8735 8734
f 8737 8714 8642
f 5618 4873 4870
f 5628 4875 4873
f 5620 4888 4890
f 8709 4888 4872
f 8707 4894 4890
f 5628 5702 5629
f 8701 5465 5467
f 8689 5467 5469
f 8711 5473 5465
f 8691 5469 4894
f 8737 5484 5486
f 8714 5486 5505
f 5667 1097 1053
f 5702 5667 5626
f 8713 5505 6090
f 8712 6090 5473
f 5484 5529 5335
f 8724 5690 5689
f 4786 5688 8579
f 8596 5686 5688
f 8565 8578 8580
f 4774 8685 8568
f 8653 8769 8739
f 8740 8730 8635
f 8726 8626 4970
f 8630 8731 8740
f 8731 8630 8629
f 8725 8625 8626
f 8625 8725 8686
f 8659 8629 8628
f 8664 8628 8627
f 4917 8625 8741
f 8723 8627 8624
f 8741 8686 8684
f 8623 8720 8721
f 8742 8741 8743
f 8744 4905 4906
f 8571 4912 4905
f 8743 8684 8661
f 8657 8571 8744
f 8622 8722 8720
f 8620 8719 8722
f 8719 8620 5681
f 8745 8810 8632
f 8610 8380 8379
f 5569 8761 8746
f 5566 8761 8748
f 8749 8748 8750
f 8751 8753 8750
f 8752 8755 8753
f 8754 8757 8755
f 8756 8758 8757
f 5661 8762 8758
f 5646 8762 8759
f 8753 5574 5576
f 8761 5566 5568
f 8758 5579 5578
f 8762 5646 5579
f 5678 5566 8749
f 8755 5577 5574
f 8757 5578 5577
f 5704 8749 5576
f 5564 5646 8760
f 8631 8740 8634
f 8763 8767 8764
f 8658 8716 8763
f 8765 8635 8730
f 8635 8765 8766
f 8716 8768 8767
f 8768 8716 8717
f 8678 5691 5690
f 8678 8677 5692
f 8677 8655 8674
f 8732 5689 8288
f 8733 8288 8654
f 5529 8736 8654
f 8769 8776 8770
f 8771 8777 8772
f 8774 8768 8735
f 8773 8772 8775
f 8736 8737 8715
f 8729 8771 8773
f 8567 8566 8727
f 8774 8715 8739
f 5529 5484 8737
f 8768 8774 8770
f 5688 5687 8580
f 8776 8764 8767
f 8777 8699 5492
f 5494 8775 8772
f 8775 5494 5501
f 8778 5501 5497
f 4787 8780 8779
f 8780 4787 4789
f 4720 8782 8781
f 8782 4720 4676
f 4678 8784 8783
f 4680 8796 8784
f 8650 8681 8700
f 8649 8700 8688
f 8646 8688 8690
f 8692 8640 8644
f 8708 8639 8640
f 8710 8638 8639
f 4892 8637 8638
f 6055 6054 6030
f 6087 8798 5991
f 5991 8798 8785
f 5936 5976 8785
f 5908 5936 8786
f 8787 8788 5900
f 8788 8789 5857
f 8789 8803 8790
f 8790 8803 8791
f 8792 8794 8793
f 5743 8793 8794
f 8796 4680 8555
f 8637 4892 4893
f 8705 8597 8611
f 8704 8584 8597
f 8706 8583 8584
f 8583 8706 8703
f 8582 8703 8702
f 4869 8390 3822
f 6022 6049 6044
f 6085 6025 8798
f 5988 8607 8608
f 8778 8599 8567
f 8599 8778 8779
f 8780 4781 8614
f 4781 8780 8781
f 4766 4772 8636
f 4757 4766 5686
f 8560 4757 8596
f 8799 6049 6059
f 8801 6053 8800
f 6053 6042 8799
f 6042 6041 6045
f 6041 6078 6043
f 6078 6077 6056
f 6069 6056 6077
f 6083 6066 8802
f 6061 6038 8802
f 6063 6039 6038
f 6034 6039 6063
f 6071 6064 6051
f 6064 6050 6082
f 6047 6081 6082
f 6025 5963 8785
f 8786 8785 5963
f 8786 5937 5907
f 8788 8787 5907
f 5899 5856 8789
f 5856 5802 8803
f 5804 8791 8803
f 8794 8792 5755
f 8795 8794 5757
f 4683 8796 8797
f 8796 4683 4682
f 8784 4682 8562
f 4727 8782 8783
f 8782 4727 4726
f 4747 8560 8595
f 8594 8593 4717
f 8558 4717 8593
f 4718 8558 8592
f 8591 8612 5727
f 5733 5777 5796
f 5797 5796 5777
f 5867 5845 5846
f 5845 5867 8805
f 5898 5854 8805
f 5883 5919 5904
f 5919 5948 5933
f 8605 5978 5933
f 5978 8605 8607
f 8769 8653 8680
f 8765 8764 8807
f 8808 8807 8764
f 8776 8769 8806
f 8809 8590 8632
f 8811 4989 8590
f 8812 5019 4987
f 5061 5063 8814
f 8338 5053 5055
f 5063 5062 5070
f 5098 5097 8815
f 5074 8813 8811
f 5117 5113 5115
f 5105 5115 5017
f 8294 4995 4994
f 5326 5053 8337
f 5054 8294 8292
f 8335 8337 5020
f 8813 4987 4989
f 5026 8819 8817
f 8818 5068 8819
f 5068 8818 5119
f 5022 5065 5121
f 8812 5096 5065
f 8813 5074 5096
f 8810 8586 8587
f 8809 8587 8816
f 8810 8745 8621
f 8745 8633 4968
f 8633 8766 8728
f 8766 8807 8729
f 8807 8808 8771
f 8777 8771 8808
f 8806 8680 8699
f 8814 4997 382
f 5063 5021 4997
f 5062 8815 8820
f 5021 5070 5072
f 5091 5129 8821
f 5093 5067 5069
f 8822 8820 8815
f 5077 5069 5064
f 5080 5066 5073
f 5097 5073 5075
f 5122 5064 5066
f 8819 5067 5091
f 8821 5129 5148
f 8824 5156 5158
f 8825 5158 5182
f 8826 5182 5201
f 8827 5201 5221
f 8828 5221 5229
f 8829 5229 5250
f 8830 5250 5265
f 8831 5265 5275
f 8832 5275 5298
f 5298 5316 5307
f 8816 8822 5075
f 4967 4939 8585
f 8585 8822 8816
f 8820 8822 8585
f 5317 8833 5303
f 8833 9245 5302
f 5312 5313 5311
f 5302 9245 8834
f 8834 9228 719
f 5279 8832 5308
f 8832 5279 5269
f 8831 5269 8835
f 8830 8835 5233
f 8829 5233 5209
f 8836 8827 8828
f 8836 5186 8826
f 8826 5186 5165
f 8825 5165 8837
f 8823 5149 5030
f 5028 8817 8821
f 8698 8699 8680
f 8682 8696 8698
f 8683 8695 8696
f 8687 8694 8695
f 8618 8693 8694
f 8373 4887 8693
f 4887 8373 8375
f 4886 8375 8377
f 4885 8377 8379
f 8380 4865 4884
f 4865 8380 8382
f 4867 8382 8384
f 4864 8384 8386
f 4863 8386 8388
f 4868 8388 8390
f 5710 5604 5605
f 5597 5563 5562
f 5601 5600 5609
f 5602 5597 5608
f 5593 5607 5651
f 5601 5610 5672
f 5676 5672 5604
f 5552 8838 5651
f 8838 5699 5649
f 5477 5476 5590
f 8839 5590 5648
f 5621 8846 8840
f 8841 9246 5633
f 5633 9246 8842
f 8842 9246 8844
f 8846 8850 8847
f 8844 9246 8841
f 8844 8852 8849
f 8850 8863 8851
f 8852 8844 8848
f 8760 8759 8854
f 5663 5662 8856
f 5644 5645 8858
f 8855 8858 5645
f 8859 6092 5642
f 8860 8856 5662
f 5468 8863 8850
f 4895 5478 8850
f 8849 9202 8861
f 8843 8842 8862
f 8862 8842 8845
f 4895 8846 5621
f 5466 8864 8863
f 8864 5466 5474
f 8865 8900 5552
f 8866 8860 5698
f 8868 5553 5555
f 8870 9188 8871
f 8873 6091 6092
f 8875 9197 8858
f 8876 8937 8877
f 8879 8915 8880
f 8882 8852 8853
f 8884 8864 5553
f 8885 8892 8886
f 8888 8895 8889
f 8891 8917 8886
f 8893 8856 8860
f 8894 8930 8895
f 8878 8877 8896
f 8898 8870 8872
f 8900 9201 8838
f 8901 9189 8902
f 8904 9195 8905
f 8907 8917 8908
f 8910 9189 8889
f 8912 8937 8913
f 8915 8952 8916
f 8917 8907 8918
f 8919 8914 8913
f 8899 8872 8920
f 8895 8931 8911
f 8877 8938 8922
f 8923 8932 8871
f 8925 8929 8926
f 8928 9195 8926
f 8930 8939 8931
f 8872 8871 8932
f 8902 9189 8910
f 8886 8918 8933
f 8905 9195 8928
f 8923 8924 8935
f 8937 8912 8938
f 8939 8930 8880
f 8918 8953 8940
f 8928 9111 8941
f 8942 8923 8936
f 8912 8950 8944
f 8945 8939 8916
f 8947 8907 8909
f 8949 8961 8910
f 8950 8912 8914
f 8952 9070 8946
f 8907 8947 8953
f 8954 8951 8914
f 8921 8920 8955
f 8911 8931 8957
f 8938 8944 8958
f 8942 9115 8932
f 8959 8960 8929
f 8960 9111 8928
f 8939 8945 8957
f 8932 9115 8955
f 8919 8910 8961
f 8962 8981 8963
f 8965 9107 8966
f 8968 8996 8969
f 8971 9076 8972
f 8974 8986 8975
f 8977 9102 8978
f 8980 8992 8981
f 8982 9071 8983
f 8985 9113 8986
f 8987 8970 8969
f 8989 8967 8966
f 8991 9098 8992
f 8994 8991 8993
f 8995 9174 8996
f 8998 9002 8999
f 9001 9102 8999
f 8995 8997 9003
f 9005 9107 8983
f 9007 9113 9008
f 9010 9181 8972
f 9011 9031 9012
f 9014 9121 9015
f 9017 9032 9018
f 9012 9119 9020
f 9021 9056 9022
f 9024 9033 9025
f 9027 9135 9028
f 9030 9130 9031
f 9032 9017 9025
f 9034 9106 9035
f 9037 9027 9029
f 9039 9104 9040
f 9028 9135 9023
f 9029 9028 9042
f 9038 9029 9043
f 9032 9072 9045
f 9046 9014 9016
f 9048 9061 9047
f 9049 9074 9011
f 9050 9073 9033
f 9036 9035 9051
f 9053 9060 9039
f 9055 9075 9056
f 9058 9063 9051
f 9013 9020 9059
f 9060 9053 9061
f 9057 9030 9062
f 9063 9058 9014
f 9018 9045 9064
f 9066 9042 9028
f 9054 9039 9041
f 8976 8940 8953
f 8974 8953 8947
f 8948 9068 8985
f 8958 8964 9068
f 8964 8958 8944
f 8962 8944 8950
f 8951 9109 8980
f 8761 5569 5571
f 8748 5571 5573
f 5655 5630 5631
f 5652 5631 5632
f 5669 5636 5630
f 5673 1104 1085
f 8762 5661 5663
f 5636 5680 5703
f 5657 5701 5711
f 5701 5703 5680
f 5639 5569 8747
f 5625 8751 5573
f 5482 8752 8751
f 5475 8754 8752
f 5477 8756 8754
f 8839 5661 8756
f 5632 8840 8841
f 8840 8847 8848
f 8847 8851 8853
f 8759 5663 8857
f 8897 8896 8908
f 8906 8905 8915
f 8896 8922 8909
f 8905 8934 8952
f 8934 8941 9070
f 8922 8958 8948
f 8964 8963 9008
f 8979 8978 9071
f 9052 9059 9020
f 9072 9032 9033
f 9062 9030 9011
f 9022 9056 9075
f 8971 9109 8951
f 8954 8961 9076
f 9006 9101 9077
f 9007 9180 9079
f 9081 9090 9082
f 9010 9089 9084
f 9086 9099 9087
f 9005 9179 9084
f 9090 9174 9091
f 8994 9181 9092
f 9080 9079 9094
f 9001 9177 9096
f 9098 9182 9099
f 9088 9087 9100
f 9101 9097 9096
f 8990 8972 9076
f 8989 9076 8961
f 8949 8957 8967
f 8967 8957 8945
f 8946 8984 8965
f 8984 8946 9070
f 9102 8977 9103
f 8941 8979 8982
f 9060 9118 9104
f 9105 9058 9035
f 9107 8965 8984
f 9019 9018 9065
f 8973 8993 9109
f 9000 8999 9103
f 8979 8941 9111
f 8997 8996 8968
f 9103 8977 9111
f 9113 8985 9068
f 8992 8980 9109
f 9110 9103 8960
f 8997 9112 9114
f 8956 8955 8970
f 8955 9115 8968
f 9112 8968 9115
f 8943 9114 9112
f 9056 9021 9116
f 9117 9048 9016
f 9118 9060 9048
f 9036 9020 9119
f 9120 9144 9118
f 9058 9105 9121
f 9122 9120 9117
f 9122 9015 9121
f 9123 9121 9105
f 9106 9125 9124
f 9034 9127 9125
f 9034 9119 9126
f 9128 9126 9119
f 9128 9012 9031
f 9129 9031 9130
f 9116 9132 9131
f 9130 9030 9057
f 9132 9116 9021
f 9023 9134 9133
f 9134 9023 9135
f 9027 9170 9136
f 9137 9170 9027
f 9026 9025 9138
f 9025 9017 9140
f 9019 9141 9140
f 9108 9156 9141
f 9142 9040 9104
f 9143 9104 9118
f 9145 9134 9136
f 9147 9143 9144
f 9064 9178 9094
f 9149 9133 9134
f 9132 9133 9149
f 9067 9041 9065
f 9151 9163 9148
f 9153 9163 9154
f 9156 9108 9040
f 9157 9159 9151
f 9158 9168 9159
f 9160 9168 9127
f 9161 9162 9151
f 9041 9040 9108
f 9162 9154 9163
f 9164 9165 9162
f 9153 9147 9148
f 9152 9148 9144
f 9157 9152 9120
f 9123 9158 9157
f 9165 9145 9146
f 9167 9155 9154
f 9168 9160 9161
f 9147 9153 9141
f 9153 9155 9140
f 9165 9166 9154
f 9158 9123 9124
f 9137 9139 9169
f 9138 9140 9155
f 9169 9167 9166
f 9171 9164 9161
f 9170 9169 9146
f 9150 9149 9164
f 9149 9145 9165
f 9160 9126 9128
f 9168 9158 9125
f 9150 9129 9131
f 9171 9128 9129
f 9172 9182 9098
f 9093 9172 8991
f 9173 9091 9174
f 9175 9002 8998
f 9177 9001 9002
f 9173 8995 9004
f 9179 9005 9006
f 9180 9007 9009
f 9085 9092 9181
f 9071 9101 9006
f 8986 9113 9007
f 8988 8969 9090
f 8966 9089 9010
f 8981 9086 9088
f 9107 9005 9089
f 8969 8996 9174
f 8973 8972 9181
f 8975 8986 9080
f 9102 9001 9097
f 8992 9098 9086
f 8963 9088 9009
f 8978 9097 9101
f 9100 9061 9053
f 9087 9047 9061
f 9047 9087 9099
f 9046 9099 9182
f 9172 9051 9063
f 9052 9051 9172
f 9093 9092 9059
f 9049 9059 9092
f 9085 9084 9074
f 9074 9084 9179
f 9078 9055 9062
f 9078 9077 9075
f 9066 9075 9077
f 9096 9177 9042
f 9175 9043 9042
f 9176 9044 9043
f 9083 9082 9073
f 9082 9091 9072
f 9045 9072 9091
f 9178 9064 9045
f 9067 9094 9079
f 9054 9079 9180
f 8935 8924 9183
f 8926 9196 9185
f 8902 8913 9186
f 9187 9201 9188
f 9189 8901 8890
f 8930 8894 8881
f 8940 8976 9114
f 8884 8876 8878
f 9191 8879 8881
f 8917 8891 9069
f 8937 8876 9186
f 9192 8892 8885
f 9194 8888 8890
f 8882 8891 8892
f 8976 8975 9003
f 9195 8904 9196
f 9197 8894 8888
f 9190 8878 8897
f 9187 8870 8898
f 8924 8871 9188
f 8873 8901 8903
f 8893 8904 8906
f 9198 8897 9069
f 9200 8906 8879
f 9184 9183 8900
f 9196 8866 8867
f 9186 8868 8869
f 8901 8873 8874
f 8881 8894 9197
f 8891 8882 8883
f 8876 8884 8868
f 8904 8893 8866
f 9183 9188 9201
f 9139 9137 9037
f 5699 8838 9201
f 9004 9003 8975
f 8864 8884 9190
f 8855 8854 9191
f 9202 8849 9192
f 6092 8859 9194
f 8852 8882 9192
f 9095 9094 9178
f 8859 8858 9197
f 8863 9190 9198
f 5700 5699 9187
f 6091 8873 8869
f 8857 8856 8893
f 8851 9198 8883
f 8854 8857 9200
f 9139 9138 9167
f 9156 9142 9143
f 9038 9024 9026
f 9044 9050 9024
f 9050 9044 9176
f 8998 9081 9083
f 9081 8998 9000
f 9110 8987 8988
f 8959 8956 8987
f 8925 8921 8956
f 8921 8925 8927
f 9185 8898 8899
f 9199 8898 9185
f 8867 5698 5700
f 5700 5698 5647
f 5589 5594 5650
f 5594 5589 5585
f 5592 5585 5581
f 8943 8936 8933
f 8887 8933 8936
f 9184 8885 8887
f 9193 8885 9184
f 9193 8865 5551
f 5549 8861 9202
f 5461 8862 8861
f 5471 8862 5461
f 5472 5471 5460
f 5480 5472 5464
f 4898 5480 5458
f 4896 4898 5457
f 5452 5623 4896
f 5557 5705 5623
f 5556 5659 5705
f 5598 5581 5591
f 5596 5591 5587
f 5595 5587 5707
f 5668 5677 5603
f 5677 5668 5583
f 5599 5583 9203
f 4646 4645 5724
f 5789 5763 5754
f 5782 5789 5715
f 5774 5782 5718
f 5765 5774 5720
f 5713 5724 5725
f 5791 5726 5728
f 4750 4711 9205
f 5784 5732 5726
f 5777 5733 5735
f 5784 5730 9205
f 5770 8601 5736
f 5731 5767 5742
f 5756 5736 5739
f 5767 5798 5741
f 5793 5725 5741
f 8793 5743 5745
f 6100 5746 5748
f 8604 8602 5749
f 5714 5765 5722
f 5762 5772 5749
f 5763 5762 5752
f 8559 5746 5745
f 5778 5735 8601
f 5786 5748 8602
f 8555 5743 8795
f 8797 8795 5739
f 8612 5733 5728
f 8389 4016 3822
f 227 222 4857
f 661 668 5125
f 672 682 5124
f 683 696 5112
f 5117 5116 695
f 700 1113 5113
f 1115 1114 5321
f 8718 5681 5682
f 8676 8613 4086
f 8674 8655 8656
f 6177 1621 1620
f 8581 8702 4133
f 9207 9235 6149
f 5153 9247 9208
f 5132 529 528

