# https://github.com/mikedh/trimesh

o casual_female-female_casualsuit01-mesh
v 0.08552579 0.19229696 0.95291719
v 0.06175496 0.19100936 0.97797569
v 0.07978115 0.18219431 0.97847094
v 0.07680978 0.17367638 0.99936953
v 0.06076450 0.17625157 1.01907968
v 0.07532410 0.16773365 1.01868343
v 0.08542674 0.16773365 0.99877528
v 0.09047807 0.15654151 1.01660349
v 0.09335038 0.16198902 0.99828015
v 0.09770849 0.16862506 0.97866900
v 0.09582654 0.18496758 0.95242194
v 0.08909153 0.17536016 0.97837199
v 0.06145782 0.17298307 1.03928490
v 0.07532410 0.16515847 1.03918584
v 0.06759855 0.17446874 1.08316210
v 0.08007828 0.17654870 1.10683396
v 0.08027647 0.16931838 1.08286498
v 0.08661539 0.16456409 1.08157747
v 0.09156756 0.16664414 1.10316926
v 0.09226089 0.15872050 1.07949752
v 0.08978474 0.15376823 1.03651164
v 0.08314870 0.16258329 1.01769299
v 0.08304975 0.15971096 1.03799733
v 0.04204487 0.19695210 0.97807475
v 0.02758424 0.20854042 0.95311526
v 0.02520711 0.19962633 0.98035282
v 0.04254012 0.18952357 0.99976584
v 0.02798043 0.18655232 1.01907968
v 0.04452101 0.18268953 1.01858437
v 0.06076450 0.18249144 0.99956766
v 0.04590764 0.20636143 0.95232300
v 0.03035750 0.18358094 1.03779921
v 0.04660095 0.17922294 1.03809634
v 0.05343511 0.17763821 1.08167653
v 0.04145062 0.18318475 1.10584364
v 0.05591125 0.18199621 1.10594258
v 0.06294341 -0.00074289 1.09227438
v 0.04055918 0.00123806 1.07840789
v 0.05769407 0.00727983 1.07385192
v 0.05571319 0.01361874 1.02789466
v 0.03461647 0.00450651 1.00907613
v 0.05561412 0.01460918 1.00778844
v 0.07136238 0.02441467 1.02630990
v 0.07869164 0.01252923 1.08672774
v 0.03431934 0.00311989 0.99144598
v 0.05620837 0.01312349 0.99114886
v 0.03491360 0.00183231 0.97282546
v 0.05858551 0.01292543 0.94509259
v 0.05759501 0.01114261 0.97351877
v 0.07898879 0.02490992 0.97322153
v 0.07364032 0.02590036 1.00689712
v 0.01767969 -0.00094096 1.08078496
v -0.02074998 -0.00064383 1.10693302
v -0.02124523 0.00084186 1.08108215
v -0.02074998 -0.00024764 1.03245086
v 0.00916173 -0.00113907 1.01184939
v 0.01094461 -0.00084189 1.03185660
v 0.03610216 0.00430845 1.02957853
v 0.02263197 -0.00559610 1.10376362
v -0.01906622 -0.00143620 0.99293156
v 0.00817128 -0.00242665 0.99322869
v 0.00935985 -0.00302090 0.97292440
v -0.01698627 -0.00302090 0.94350777
v 0.01015222 -0.00272377 0.94301264
v 0.09027998 0.19833873 0.92875008
v 0.07344233 0.21151169 0.90715811
v 0.07076801 0.20784711 0.92904721
v 0.10097690 0.19031604 0.92875008
v 0.10523586 0.17753917 0.95192675
v 0.11058441 0.18229335 0.92696726
v 0.10266076 0.19229696 0.90438479
v 0.04967141 0.21359176 0.92904721
v 0.03045657 0.22210967 0.91131807
v 0.02916894 0.21666218 0.92934446
v 0.06631095 0.20091381 0.95262007
v 0.05185035 0.21824690 0.90904000
v 0.03610216 0.00658652 0.91577520
v 0.06096249 0.01579775 0.91795397
v 0.03689453 0.00955785 0.89418317
v 0.06304245 0.01817482 0.89586681
v 0.08621912 0.02847556 0.91993498
v 0.08225729 0.02689086 0.94548878
v -0.01649102 -0.00004957 0.91755790
v 0.01064742 0.00133707 0.91587414
v -0.01579770 0.00292182 0.89289554
v 0.01233124 0.00411039 0.89408411
v 0.03540884 0.00302088 0.94340883
v 0.08057362 0.18338284 1.13129820
v 0.06839091 0.18021339 1.10732927
v 0.06829186 0.18625517 1.13159539
v 0.08483257 0.19724922 1.17240232
v 0.07690882 0.20626237 1.18894295
v 0.09008188 0.20428145 1.18725914
v 0.09364753 0.19209885 1.16982718
v 0.10979205 0.18833513 1.18052410
v 0.10206639 0.18516566 1.16645954
v 0.09394467 0.17446874 1.12723743
v 0.08592208 0.17219070 1.10534827
v 0.08740776 0.17971816 1.12961444
v 0.08116779 0.21161083 1.20072932
v 0.09632186 0.20675759 1.19954081
v 0.11187201 0.20764900 1.22727357
v 0.09622281 0.21775164 1.24599321
v 0.12197465 0.20685663 1.24391327
v 0.14297221 0.19170267 1.23579148
v 0.14346744 0.17674679 1.21370432
v 0.13019533 0.19625876 1.22123173
v 0.10830637 0.19784350 1.19627236
v 0.09988750 0.19754636 1.18438681
v 0.04333245 0.18803799 1.12951538
v 0.05640650 0.18734457 1.12931743
v 0.06106164 0.19695209 1.17220419
v 0.05135516 0.19447585 1.18973533
v 0.06502346 0.20200341 1.18924002
v 0.07245188 0.19853682 1.17299657
v 0.05274179 0.20121105 1.20231408
v 0.06779674 0.20903565 1.20122463
v 0.07215474 0.21854402 1.22856114
v 0.05333606 0.21715738 1.24767691
v 0.07433364 0.22102015 1.24688454
v 0.09027998 0.21725633 1.22816501
v 0.07037182 -0.01183601 1.23608866
v 0.04828471 -0.01659016 1.21717089
v 0.07205569 -0.02273099 1.21826045
v 0.07671083 -0.02966415 1.18894294
v 0.05204849 -0.02243386 1.17250137
v 0.07611646 -0.02193861 1.17319468
v 0.09998645 -0.02253287 1.18785338
v 0.09434084 -0.01173695 1.23727717
v 0.07344233 -0.01559971 1.15318747
v 0.05105804 -0.02055199 1.15506929
v 0.06690522 -0.00539804 1.10841871
v 0.04382769 -0.00648754 1.09821698
v 0.08493162 0.00827027 1.10346644
v 0.10048177 -0.01718441 1.17151087
v 0.01787777 -0.01153883 1.21588332
v -0.00708172 0.00252562 1.22965069
v -0.00955786 -0.01054838 1.21588332
v -0.01421301 -0.01540165 1.18616968
v 0.02659380 -0.01718441 1.17012424
v 0.02243384 -0.01975961 1.18626874
v 0.04947328 -0.02788133 1.18894294
v 0.04689808 -0.00658655 1.23390965
v 0.01906633 0.00024754 1.23153252
v 0.02619762 -0.01559971 1.15407891
v -0.01758053 -0.00777511 1.16952998
v -0.01837291 -0.00638848 1.15576261
v -0.02015573 -0.00272378 1.12466216
v 0.02471192 -0.00995412 1.12050227
v 0.04551146 -0.01193500 1.11594618
v 0.10612727 0.21834592 1.27273546
v 0.13336489 0.20626237 1.26689175
v 0.11702227 0.21517647 1.30373679
v 0.14465608 0.20259768 1.29195030
v 0.15099500 0.19239599 1.25877008
v 0.17110115 0.18566090 1.27323065
v 0.15881950 0.17951997 1.25124255
v 0.18298662 0.17179452 1.32622008
v 0.18338290 0.18387807 1.29640738
v 0.17040783 0.18823608 1.30670806
v 0.15980995 0.19308920 1.28234294
v 0.12742206 0.20487573 1.33384656
v 0.15535301 0.19487202 1.31790029
v 0.13593998 0.18546280 1.35791461
v 0.16694124 0.17714296 1.33939308
v 0.05383131 0.21973255 1.27976768
v 0.07978115 0.22270394 1.27719255
v 0.08552579 0.22111918 1.31195752
v 0.07591837 0.00173324 1.26580230
v 0.05145423 0.01629293 1.28254094
v 0.04927522 0.00599220 1.26253372
v 0.04729428 0.00044566 1.24767690
v 0.07225369 -0.00411041 1.25104454
v 0.09751031 -0.00371423 1.25213398
v 0.10186831 0.00628932 1.26629749
v 0.07938497 0.01530249 1.28432382
v 0.02411761 0.00975595 1.25867101
v -0.00321896 0.02243377 1.27481540
v -0.00401128 0.01451011 1.25609576
v -0.00519985 0.00876546 1.24213038
v 0.02114628 0.00549701 1.24341795
v 0.02391954 0.01876907 1.27956955
v 0.11444709 0.08641726 0.99035642
v 0.11325855 0.10236348 1.00867982
v 0.11038623 0.08354493 1.00788744
v 0.10890055 0.06631098 0.99095068
v 0.11900329 0.08879435 0.97173584
v 0.12157837 0.07106510 0.94360702
v 0.12712493 0.09176572 0.94301264
v 0.12157837 0.10721683 0.97292441
v 0.10196745 0.05373217 0.99065355
v 0.10444359 0.06304246 1.00788744
v 0.09760936 0.05066178 1.00768950
v 0.08958666 0.03986580 1.00689712
v 0.07641370 0.02609848 0.99065355
v 0.09364753 0.04105436 0.99075267
v 0.09820362 0.04184675 0.97322153
v 0.10394826 0.04452095 0.94420127
v 0.11434804 0.05799113 0.94380508
v 0.11335769 0.06829192 0.97242915
v 0.10691974 0.05561406 0.97262722
v 0.10949482 0.09661895 1.06196632
v 0.10810817 0.07789933 1.07741757
v 0.10652355 0.07631461 1.05978731
v 0.10434445 0.05492074 1.07771457
v 0.10038262 0.05551499 1.05869780
v 0.10622641 0.07938502 1.02611196
v 0.10949482 0.09909509 1.02660709
v 0.09404371 0.04372856 1.05958936
v 0.09850075 0.04224287 1.07910121
v 0.09315230 0.02708893 1.08227078
v 0.07185750 0.01916526 1.06721577
v 0.08621912 0.03322976 1.06166931
v 0.08641720 0.03669635 1.02472532
v 0.09998645 0.05749594 1.02601289
v 0.09374668 0.04660089 1.02472532
v 0.13455334 0.09344940 0.91696365
v 0.12960107 0.11048533 0.94430033
v 0.12831357 0.07235279 0.91815216
v 0.13405821 0.07096615 0.89636218
v 0.14099130 0.09404377 0.89438135
v 0.13633616 0.11345669 0.91775603
v 0.12098410 0.05898158 0.91825122
v 0.11008919 0.04580852 0.91914266
v 0.08928952 0.02897082 0.89814500
v 0.11692333 0.04749233 0.89784787
v 0.12563924 0.05957590 0.89675837
v 0.12603542 0.06997559 1.13902397
v 0.12979925 0.09235998 1.15556461
v 0.13267147 0.05868445 1.16150726
v 0.12623361 0.04293618 1.14229242
v 0.10939587 0.05511881 1.09603797
v 0.11147573 0.07849351 1.09445339
v 0.11098050 0.09741131 1.07979452
v 0.11593277 0.09939223 1.09960362
v 0.11989460 0.02966412 1.14318386
v 0.12940297 0.03570589 1.16408252
v 0.12672874 0.01054834 1.16695484
v 0.11771569 -0.00490279 1.16735097
v 0.09701518 -0.00222859 1.14783907
v 0.11038623 0.01728343 1.14407530
v 0.09968930 0.02530610 1.10108931
v 0.10652355 0.03966773 1.09782079
v 0.14138748 0.05155315 1.20805872
v 0.15040073 0.08354492 1.20300739
v 0.14960837 0.05838732 1.21816139
v 0.14772640 0.03441826 1.23291915
v 0.13603902 0.02867362 1.21934990
v 0.13475154 0.04927514 1.18052409
v 0.13316671 0.08453538 1.17032236
v 0.12999724 0.01817481 1.23569241
v 0.12841251 0.00460557 1.22232129
v 0.11613097 -0.01163788 1.21806233
v 0.09552950 -0.02174055 1.21697276
v 0.11821083 -0.01173695 1.18379255
v 0.13445429 0.01837294 1.18884388
v 0.12900689 -0.00054477 1.18587249
v 0.15357008 0.03828110 1.25678919
v 0.14515121 0.03778584 1.27412209
v 0.14079321 0.02897080 1.25995858
v 0.12435175 0.02124520 1.26253372
v 0.10553309 0.02075001 1.28323426
v 0.11553670 -0.00163428 1.23777236
v 0.11959746 0.01015215 1.25114348
v 0.13296861 0.02897080 1.24747890
v 0.15109405 0.03511158 1.24658746
v 0.10058082 0.14822158 1.01452354
v 0.10384921 0.15208446 0.99689328
v 0.10850436 0.13524671 1.01254271
v 0.11167381 0.13792094 0.99491257
v 0.11613097 0.14089231 0.97569767
v 0.11632896 0.16307851 0.94945061
v 0.10840542 0.15624437 0.97748049
v 0.11256522 0.11959751 1.00986839
v 0.11632896 0.12217270 0.99263456
v 0.11702227 0.10483964 0.99174306
v 0.12038982 0.12445075 0.97381579
v 0.12960107 0.11048533 0.94430033
v 0.12880870 0.12851162 0.94519171
v 0.12445070 0.14624078 0.94707360
v 0.10048177 0.15327300 1.09732572
v 0.10077881 0.14604268 1.07385193
v 0.10741485 0.13494958 1.09029338
v 0.10632536 0.13059157 1.06870141
v 0.09939216 0.14237799 1.03294600
v 0.11038623 0.11434809 1.08336017
v 0.10949482 0.11375372 1.06434345
v 0.11098050 0.09741131 1.07979452
v 0.10949482 0.09661895 1.06196632
v 0.10890055 0.11603187 1.02720135
v 0.11325855 0.10236348 1.00867982
v 0.10543395 0.13128489 1.03027174
v 0.12187560 0.16773366 0.92439206
v 0.12989819 0.15059878 0.92191593
v 0.12385641 0.17020979 0.90002683
v 0.11187201 0.18595795 0.90289915
v 0.13356298 0.13257239 0.91924167
v 0.13633616 0.11345669 0.91775603
v 0.13663330 0.13395913 0.89566887
v 0.13207720 0.15228256 0.89745169
v 0.12227169 0.16496037 1.16972811
v 0.11484337 0.16634701 1.15724831
v 0.12930403 0.14287322 1.15992263
v 0.12296500 0.14554745 1.14694763
v 0.11216905 0.14277417 1.11277668
v 0.10434445 0.16099855 1.12060128
v 0.12653065 0.12346029 1.14070779
v 0.13128484 0.11910228 1.15477223
v 0.12603542 0.09889699 1.13852878
v 0.11593277 0.09939223 1.09960362
v 0.11662610 0.11989465 1.10574457
v 0.14247709 0.15307491 1.21291194
v 0.14624072 0.15664055 1.19963987
v 0.15307486 0.13386007 1.19518279
v 0.14594358 0.13504862 1.18785339
v 0.13445429 0.13980280 1.16972811
v 0.12930403 0.16218710 1.18062316
v 0.11939947 0.18595794 1.19161715
v 0.15238154 0.10949486 1.19310284
v 0.14455695 0.11018808 1.18418880
v 0.14198176 0.08136583 1.19349897
v 0.13494953 0.11543759 1.16527103
v 0.12979925 0.09235998 1.15556461
v 0.13801993 0.14633981 1.21756714
v 0.14901409 0.16080046 1.22905633
v 0.13732662 0.13702952 1.20320552
v 0.14772640 0.14564648 1.19755993
v 0.13980275 0.13356293 1.19250859
v 0.13613817 0.12038987 1.20142263
v 0.16179097 0.08612011 1.20716728
v 0.13356298 0.10543400 1.21776515
v 0.16486127 0.13336485 1.19805512
v 0.14019894 0.10246263 1.20429496
v 0.13920848 0.11702232 1.19102290
v 0.14416076 0.10018458 1.19379616
v 0.15158918 0.08552584 1.19904562
v 0.14683509 0.08631810 1.20964348
v 0.21765265 0.11652709 1.31344321
v 0.20230060 0.10087789 1.33087517
v 0.21359179 0.09800557 1.31463171
v 0.21359179 0.09800557 1.31463171
v 0.19467399 0.08295065 1.32691339
v 0.20715373 0.08136582 1.31156138
v 0.22706198 0.09562848 1.26936794
v 0.22577441 0.08443633 1.24529989
v 0.23082571 0.09879785 1.24638934
v 0.22953811 0.11286241 1.26758506
v 0.18665140 0.05947681 1.28620564
v 0.16327655 0.04848277 1.27897530
v 0.17486499 0.05393029 1.26867462
v 0.15763096 0.04273812 1.26748600
v 0.16337560 0.04719513 1.25837383
v 0.18021343 0.06026919 1.23648479
v 0.19645681 0.06165583 1.22786781
v 0.19140549 0.06026919 1.24341795
v 0.20715373 0.06442909 1.23490004
v 0.20220146 0.06304245 1.25243117
v 0.15822533 0.04442187 1.25054923
v 0.16406891 0.04640282 1.24143706
v 0.16030528 0.05036465 1.23222583
v 0.16050327 0.06700429 1.22242035
v 0.17149734 0.06472622 1.21439763
v 0.16535661 0.06274533 1.22707544
v 0.17100220 0.06076439 1.23123533
v 0.18625523 0.06135870 1.22222223
v 0.15396637 0.06482528 1.22053841
v 0.16179097 0.08612011 1.20716728
v 0.14683509 0.08631810 1.20964348
v 0.15931473 0.07512606 1.20518640
v 0.15406532 0.07482891 1.21637851
v 0.16644602 0.06849000 1.21053492
v 0.18467040 0.06849000 1.31591928
v 0.19695213 0.06759854 1.30274628
v 0.17575629 0.05799112 1.29690257
v 0.21775171 0.07274896 1.24143706
v 0.21260135 0.06967854 1.26203853
v 0.22141639 0.08087070 1.26778319
v 0.16278142 0.17228974 1.24292276
v 0.15267867 0.17456770 1.22856114
v 0.17922289 0.17852961 1.26213760
v 0.16337560 0.16129569 1.21964709
v 0.18496752 0.15931478 1.21647758
v 0.16555460 0.15565009 1.20667210
v 0.14465608 0.15030163 1.20954442
v 0.19447600 0.17773725 1.28313520
v 0.20784714 0.16387077 1.29819014
v 0.20170622 0.16228613 1.24718172
v 0.21864312 0.14733027 1.23707905
v 0.20249859 0.15654150 1.22638213
v 0.18397707 0.16525751 1.23361247
v 0.20131005 0.15386727 1.20488922
v 0.21775171 0.14574553 1.21350619
v 0.16753551 0.15129209 1.18993333
v 0.18447240 0.15555104 1.19716368
v 0.22171351 0.07512606 1.22242035
v 0.21141278 0.06512240 1.21726995
v 0.17139829 0.06650904 1.19795605
v 0.16396986 0.07344228 1.19340003
v 0.15158918 0.08552584 1.19904562
v 0.15594719 0.08354492 1.18785338
v 0.19081122 0.06046726 1.20736541
v 0.17734112 0.06244820 1.21786421
v 0.18239244 0.06135870 1.20389883
v 0.17654866 0.06324053 1.20092744
v 0.20071577 0.06125964 1.21182249
v 0.23300472 0.10275977 1.22519362
v 0.23132093 0.11474427 1.24470552
v 0.22953811 0.08820007 1.22529268
v 0.20547006 0.14445794 1.32453626
v 0.21686030 0.14019898 1.30720337
v 0.20636137 0.12048882 1.33018185
v 0.22587344 0.13346388 1.26609937
v 0.22765626 0.13138393 1.24351701
v 0.21735552 0.15198540 1.25985953
v 0.14782555 0.09751035 1.18309924
v 0.14247709 0.11405096 1.18032597
v 0.14346744 0.13049252 1.18062316
v 0.15178736 0.14198181 1.18339642
v 0.22805245 0.13296855 1.21944897
v 0.23270759 0.11761650 1.22281648
v 0.08354489 0.07819646 1.35325951
v 0.09027998 0.05274172 1.32830002
v 0.10444359 0.07294705 1.34830724
v 0.11811178 0.05343503 1.32225819
v 0.12870965 0.07185754 1.34246353
v 0.11306046 0.09206284 1.36187649
v 0.09582654 0.09552943 1.36435257
v 0.14683509 0.05739686 1.31710791
v 0.15515482 0.07076805 1.33523318
v 0.16317760 0.05809019 1.30759949
v 0.17080402 0.07007472 1.32641820
v 0.18051047 0.08394111 1.33879882
v 0.13574198 0.08879433 1.35781566
v 0.10345314 0.11444704 1.37495043
v 0.12078611 0.11315954 1.37178104
v 0.14465608 0.11157482 1.36653158
v 0.14465608 0.11157482 1.36653158
v 0.12613456 0.13584097 1.37920939
v 0.12078611 0.11315954 1.37178104
v 0.10810817 0.13772284 1.38584548
v 0.10345314 0.11444704 1.37495043
v 0.16367274 0.08612011 1.34909962
v 0.17238883 0.10771203 1.35543852
v 0.18883041 0.10444354 1.34375110
v 0.20230060 0.10087789 1.33087517
v 0.18883041 0.10444354 1.34375110
v 0.19269318 0.12445074 1.34355309
v 0.17238883 0.10771203 1.35543852
v 0.14990541 0.13336484 1.37059253
v 0.00827034 0.19942813 0.98332427
v -0.01629296 0.20665857 0.96004848
v -0.01639201 0.19655591 0.98580029
v -0.01619389 0.19091022 1.00659988
v 0.00926078 0.18793895 1.02076338
v 0.00817128 0.19338646 1.00392562
v 0.02599948 0.19279217 1.00135054
v 0.00985510 0.20943174 0.95509626
v -0.00321896 0.05700067 1.33354948
v 0.02827756 0.04877989 1.32404107
v 0.02590043 0.06116057 1.33741219
v 0.06195295 0.05650542 1.33226179
v 0.05155323 0.07106508 1.34434535
v 0.02362241 0.06759853 1.34474160
v -0.00341703 0.06324052 1.34087877
v 0.07284806 0.08453537 1.35791460
v 0.04907710 0.07809741 1.35514134
v 0.08522875 0.09879784 1.36692783
v 0.06631095 0.08968574 1.36217356
v 0.09335038 0.11563568 1.37851607
v 0.07740416 0.10196729 1.37019628
v 0.09335038 0.11563568 1.37851607
v 0.09503416 0.14009993 1.39020350
v 0.08512961 0.11781467 1.38198277
v 0.03025844 0.19566448 1.38505310
v 0.04907710 0.17605347 1.39416527
v 0.05739694 0.18546280 1.38941112
v 0.03263552 0.20200340 1.37128585
v -0.00044564 0.19913097 1.38198277
v -0.00074283 0.18922653 1.39208532
v 0.02679187 0.18526460 1.39347196
v 0.11107954 0.03600302 1.30383573
v 0.12880870 0.03134788 1.27818292
v 0.13653425 0.04273812 1.29739776
v 0.15248068 0.04422381 1.28878090
v 0.08364393 0.03223926 1.30522236
v 0.05472268 0.03243737 1.30324147
v -0.00282277 0.03402214 1.29838826
v 0.02550429 0.03214025 1.30106246
v -0.00282277 0.04818564 1.32077261
v 0.06254722 0.21121463 1.35028813
v 0.09275622 0.21250223 1.34484067
v 0.06819292 0.19447584 1.37821901
v 0.09978845 0.19150457 1.37039441
v 0.08027647 0.16446514 1.39267970
v 0.08532771 0.14069420 1.39337301
v 0.09146853 0.16496036 1.38782637
v 0.07215474 0.16129568 1.39575003
v 0.01074648 0.18605708 1.03869065
v -0.01619389 0.18645327 1.02294239
v -0.01678821 0.18575994 1.04116679
v 0.01678825 0.18318475 1.08128022
v -0.01044924 0.18635422 1.10802259
v 0.02183959 0.18486854 1.10683396
v 0.03748879 0.18001530 1.08088415
v 0.00965698 0.21854403 0.93182048
v -0.01540152 0.22775526 0.91032757
v -0.01678821 0.21794966 0.93786237
v 0.00866653 0.22547722 0.91121901
v -0.00638841 0.18863226 1.13159539
v 0.02570236 0.18863226 1.13090201
v 0.02936706 0.19061317 1.17240232
v -0.00203039 0.19239599 1.18666488
v 0.03025844 0.19021689 1.18933908
v 0.04858190 0.19299026 1.17250138
v -0.00113901 0.19625876 1.20033319
v 0.03065463 0.19546640 1.20290833
v 0.03105083 0.20596523 1.23014589
v -0.00103996 0.20715378 1.24629028
v 0.02986226 0.21002610 1.24747891
v 0.05353418 0.21319555 1.22974976
v 0.02798043 0.21220510 1.27986675
v -0.00242658 0.20982801 1.28016393
v -0.00272371 0.20982800 1.31433465
v 0.02946606 0.21161082 1.31591929
v -0.00193133 0.20764899 1.34365204
v 0.03075370 0.20745091 1.34711874
v -0.00103996 0.20438049 1.36702689
v 0.05709981 0.21854401 1.31621648
v 0.11484337 0.16347468 1.38019989
v 0.14416076 0.15753195 1.36940391
v 0.19209881 0.14841975 1.33770938
v 0.19685300 0.16812973 1.31413653
v 0.17446869 0.15267871 1.35108051
v 0.17635056 0.12890779 1.35603278
v 0.13425620 0.12365838 1.21053492
v 0.13801993 0.14633981 1.21756714
v 0.13663330 0.14059516 1.21231768
v 0.14564644 0.15545199 1.21934990
v 0.13702947 0.10444354 1.21301100
v 0.16179097 0.08612011 1.20716728
v 0.13356298 0.10543400 1.21776515
v 0.22201067 0.09622275 1.29264361
v 0.21765265 0.11652709 1.31344321
v 0.21359179 0.09800557 1.31463171
v 0.20715373 0.08136582 1.31156138
v 0.21596889 0.08106878 1.29046460
v 0.19566445 0.06155676 1.27025938
v 0.17486499 0.05393029 1.26867462
v 0.18467040 0.05789206 1.25728438
v 0.17387453 0.05601024 1.24866741
v 0.16486127 0.05383123 1.24193226
v 0.16337560 0.04719513 1.25837383
v 0.15822533 0.04442187 1.25054923
v 0.16030528 0.05610924 1.23638573
v 0.16030528 0.05036465 1.23222583
v 0.15456064 0.06106152 1.23173064
v 0.15396637 0.06482528 1.22053841
v 0.15099500 0.07274896 1.22410405
v 0.16179097 0.08612011 1.20716728
v 0.17159638 0.08889338 1.20389883
v 0.19695213 0.06759854 1.30274628
v 0.20665850 0.06878713 1.28353144
v 0.18665140 0.05947681 1.28620564
v 0.16357369 0.16674310 1.23202771
v 0.14901409 0.16080046 1.22905633
v 0.16278142 0.17228974 1.24292276
v 0.18377907 0.17189355 1.24916261
v 0.20022065 0.16971456 1.26609937
v 0.17922289 0.17852961 1.26213760
v 0.19447600 0.17773725 1.28313520
v 0.21478033 0.15733386 1.28006487
v 0.21686030 0.14019898 1.30720337
v 0.22349633 0.13683133 1.28798853
v 0.22537822 0.11395191 1.29145511
v -0.09265705 0.18506662 0.97728237
v -0.11573465 0.18694849 0.95608665
v -0.11098051 0.17575635 0.97866900
v -0.10880149 0.16872411 0.99877528
v -0.09315230 0.17248785 1.01630636
v -0.09245898 0.17773726 0.99639821
v -0.12643158 0.15773006 0.99927059
v -0.11642798 0.15872050 1.01927769
v -0.11811179 0.16297948 0.99917147
v -0.12058793 0.16971457 0.97965950
v -0.13633612 0.17407257 0.95677996
v -0.12950203 0.16396992 0.98045182
v -0.09424180 0.17001171 1.04116679
v -0.10761293 0.16406896 1.01937675
v -0.10781105 0.16228614 1.04285054
v -0.10949482 0.16505942 1.09385903
v -0.09473706 0.17476588 1.11812514
v -0.09721314 0.17030873 1.09197714
v -0.11662609 0.16099856 1.09306677
v -0.11989461 0.16218711 1.11931383
v -0.11296139 0.16664414 1.12089846
v -0.12316312 0.15079687 1.03987916
v -0.11622990 0.15703673 1.04186016
v -0.07255083 0.19239600 0.97599480
v -0.05769401 0.20754996 0.95450189
v -0.07591834 0.20388529 0.95410570
v -0.07552216 0.17971816 1.01620742
v -0.05640638 0.18932558 0.99927059
v -0.07334321 0.18566091 0.99619996
v -0.09642081 0.19665496 0.95529427
v -0.06284435 0.18011435 1.04235529
v -0.07988017 0.17625157 1.04057247
v -0.08572389 0.17357733 1.09108570
v -0.06839093 0.17922294 1.11594619
v -0.06868806 0.17605348 1.09049145
v -0.08463438 0.17744001 1.11693663
v -0.07661166 0.00143612 1.08484585
v -0.09681700 0.00084186 1.10099030
v -0.09364749 0.00886452 1.08009176
v -0.09265705 0.01659007 1.03225268
v -0.07116420 0.00995404 1.01194845
v -0.07383840 0.00926072 1.03373837
v -0.10820724 0.02461279 1.03086604
v -0.09146855 0.01847196 1.01085883
v -0.11216902 0.01332161 1.09584002
v -0.10682062 0.02035383 1.07315855
v -0.09057711 0.01767957 0.99283262
v -0.09107235 0.01520344 0.94687541
v -0.06918325 0.00737884 0.97322153
v -0.09087423 0.01589675 0.97470722
v -0.11434802 0.02570230 0.94806392
v -0.10959387 0.02718798 1.01046276
v -0.11117857 0.02669274 0.99332787
v -0.05601020 -0.00104002 1.08652973
v -0.05739682 -0.00638848 1.11020153
v -0.04739328 0.00331801 1.01392934
v -0.05066173 0.00361513 1.03512500
v -0.07770116 -0.00658654 1.10594257
v -0.04491714 0.00163419 0.99402118
v -0.02025479 -0.00024763 1.01204739
v -0.04392664 0.00084187 0.94321071
v -0.01817484 -0.00232758 0.97292440
v -0.04461996 0.00064375 0.97302352
v -0.06878706 0.00678458 0.94469640
v -0.06957944 0.00876547 0.99283262
v -0.12078599 0.19398073 0.93716905
v -0.10186828 0.21289843 0.91835029
v -0.12831346 0.19863588 0.91696366
v -0.10038265 0.20507383 0.93796131
v -0.13187910 0.18724564 0.93637668
v -0.12633258 0.18031245 0.95618571
v -0.13792088 0.19338646 0.91666659
v -0.14208069 0.18179813 0.93637668
v -0.05908064 0.21745452 0.93548518
v -0.08215825 0.21983163 0.91745885
v -0.07938499 0.21279938 0.93697087
v -0.09196373 0.01579775 0.92102460
v -0.09443987 0.01668913 0.89774881
v -0.06848994 0.00777503 0.91825122
v -0.11811179 0.02738606 0.90190871
v -0.11632897 0.02649468 0.92379786
v -0.04273813 0.00302088 0.91696365
v -0.06928231 0.00777503 0.89131084
v -0.04174763 0.00371420 0.89121178
v -0.09463799 0.18060957 1.14308481
v -0.10583011 0.17060597 1.12119559
v -0.10741487 0.17694489 1.14417437
v -0.11335759 0.19952727 1.19369710
v -0.09384562 0.19407977 1.18290112
v -0.11068338 0.19120744 1.18042504
v -0.12048886 0.18774074 1.17913747
v -0.13485049 0.18774074 1.18854670
v -0.12524307 0.19477308 1.19161715
v -0.12237075 0.16921933 1.14169818
v -0.11514041 0.17347830 1.14318387
v -0.11672516 0.20378623 1.20706823
v -0.09453893 0.20220151 1.19656943
v -0.12811540 0.20953087 1.23519723
v -0.10860338 0.21983162 1.25262919
v -0.10394828 0.21715738 1.23737624
v -0.14554739 0.19863586 1.22658025
v -0.15456044 0.18655231 1.22776876
v -0.15594717 0.19833872 1.24005044
v -0.13118578 0.19695209 1.20261126
v -0.14089224 0.18793894 1.19726274
v -0.06749949 0.18447235 1.14150017
v -0.08255444 0.18318475 1.14308481
v -0.08027637 0.19447585 1.18369349
v -0.06403292 0.19923013 1.19736180
v -0.06522142 0.19427786 1.18260405
v -0.08017730 0.20131010 1.19726274
v -0.06353767 0.20467764 1.20904923
v -0.08077161 0.20745092 1.20934630
v -0.08443626 0.21775164 1.23490004
v -0.06195297 0.21834592 1.25054924
v -0.06234910 0.21378982 1.23430579
v -0.08621908 0.22181253 1.25114349
v -0.09632175 0.20824328 1.20984149
v -0.06086346 -0.01550065 1.22430217
v -0.08384201 -0.01084551 1.24599320
v -0.08631815 -0.02154243 1.22866019
v -0.09255805 -0.02946609 1.20261125
v -0.07007469 -0.02372143 1.18448586
v -0.06393385 -0.02560332 1.19914467
v -0.11949842 -0.02045293 1.20419589
v -0.09483606 -0.02401856 1.18834869
v -0.11603185 -0.01767966 1.23083920
v -0.07522504 -0.02174055 1.16665766
v -0.09632175 -0.01550065 1.16715285
v -0.09899602 -0.00430854 1.11990795
v -0.07700785 -0.01213314 1.12555360
v -0.11682416 0.01005310 1.11644149
v -0.11840891 -0.01758060 1.19132008
v -0.11751747 -0.00391235 1.16794523
v -0.03243740 -0.00054477 1.23410765
v -0.03451735 -0.01193501 1.22004321
v -0.03937056 -0.01966055 1.19260765
v -0.04739328 -0.01688728 1.17755270
v -0.05779302 -0.00569517 1.24064468
v -0.05264268 -0.01659016 1.16259682
v -0.05620832 -0.01035032 1.12703924
v -0.11474421 0.22161443 1.27610298
v -0.13693043 0.21052132 1.25035123
v -0.14425969 0.21121464 1.27134883
v -0.14891484 0.20923374 1.29422837
v -0.15980985 0.20131009 1.26362330
v -0.17436965 0.19705113 1.27689536
v -0.16406881 0.20220150 1.28590858
v -0.16743646 0.19447585 1.25391687
v -0.17090295 0.19794254 1.30720337
v -0.19457494 0.18249143 1.31433465
v -0.18179806 0.18486853 1.32572489
v -0.18298661 0.19417881 1.29739777
v -0.15634326 0.20329099 1.31849455
v -0.12029080 0.22022777 1.30522237
v -0.16644600 0.18883034 1.33919508
v -0.12870965 0.21161082 1.33493612
v -0.06165578 0.22369438 1.28145150
v -0.08750671 0.22607149 1.27966862
v -0.08938854 0.22498198 1.31403747
v -0.08542676 0.00321893 1.27511259
v -0.05779302 0.01619392 1.28868184
v -0.08711052 0.01599580 1.29234654
v -0.05640638 0.00123805 1.25421393
v -0.08413914 -0.00311998 1.26075096
v -0.11216902 -0.00727987 1.25045017
v -0.11434802 0.01044927 1.27640016
v -0.03184309 0.00965690 1.26223666
v -0.03035740 0.01867006 1.28254094
v -0.03184309 0.00519982 1.24718171
v -0.05670351 0.00688364 1.26887275
v -0.15040062 0.08423826 0.99491257
v -0.14861780 0.10196731 1.01293878
v -0.15257962 0.10375023 0.99639820
v -0.14564633 0.06363672 0.99511057
v -0.14633966 0.08245543 1.01214640
v -0.15525375 0.08522871 0.97777762
v -0.15763094 0.06423103 0.95133255
v -0.15030147 0.06462716 0.97728237
v -0.16634685 0.10632542 0.95569045
v -0.16367272 0.08532775 0.95311526
v -0.13851513 0.05085986 0.99471450
v -0.14099129 0.06096252 1.01234452
v -0.12613445 0.03758772 1.01115607
v -0.12989822 0.03847917 0.99461538
v -0.13415718 0.03867723 0.97698536
v -0.11345664 0.02570229 0.97579679
v -0.14911293 0.05145411 0.94964867
v -0.14326934 0.05175130 0.97678717
v -0.14158557 0.07770124 1.08534111
v -0.14366552 0.09651990 1.06840428
v -0.14138738 0.07631461 1.06602733
v -0.13663331 0.05719876 1.08544011
v -0.14217984 0.07839456 1.03106423
v -0.13653425 0.05610925 1.03116329
v -0.14425969 0.09850082 1.03146030
v -0.12930391 0.04353050 1.06602733
v -0.13574187 0.05492074 1.06493770
v -0.12613445 0.02976313 1.09158107
v -0.12177650 0.03332877 1.06790909
v -0.12316312 0.03491353 1.02987554
v -0.13445431 0.04848278 1.01224546
v -0.13049248 0.04491713 1.03007367
v -0.17387441 0.10741491 0.93360317
v -0.17129914 0.08532776 0.93132522
v -0.16614886 0.06482529 0.90458297
v -0.16288036 0.06393385 0.92855207
v -0.17763804 0.08879435 0.90765336
v -0.15307485 0.05194936 0.92647189
v -0.13722756 0.03887536 0.94885630
v -0.14069406 0.04006387 0.92538250
v -0.15604622 0.05521787 0.90319634
v -0.15079680 0.06918332 1.16031875
v -0.15158917 0.09384567 1.17458132
v -0.15000444 0.09741131 1.15754549
v -0.14812257 0.04729421 1.16388440
v -0.15158917 0.06452815 1.18111835
v -0.14336839 0.07740411 1.10653695
v -0.14039702 0.05620830 1.10921103
v -0.14386351 0.09701503 1.08811443
v -0.14257602 0.02817842 1.16636059
v -0.14911293 0.03867722 1.18656581
v -0.13683138 -0.00599229 1.19092383
v -0.13346386 0.01193497 1.16784628
v -0.13158197 0.02649467 1.11455949
v -0.13118578 0.04432281 1.08761912
v -0.13673231 0.04085623 1.11317286
v -0.15693753 0.05749594 1.22014228
v -0.16129553 0.08780389 1.21340713
v -0.15822522 0.08522870 1.20687022
v -0.14950921 0.04283717 1.22925445
v -0.16050317 0.06244820 1.22925445
v -0.15158917 0.05908063 1.19706461
v -0.14911293 0.03362595 1.20389883
v -0.15376817 0.08839816 1.18844776
v -0.14515121 0.03025837 1.24856835
v -0.14475503 0.02124520 1.23569241
v -0.13594000 -0.00064384 1.23648479
v -0.13405811 0.01015215 1.25163879
v -0.13871326 -0.00797319 1.20399789
v -0.14633966 0.00945878 1.19201339
v -0.14802353 0.00737883 1.20637490
v -0.15347093 0.04531331 1.28056006
v -0.16070136 0.04561044 1.26639655
v -0.15188630 0.03392307 1.27095269
v -0.13980275 0.02352328 1.27372596
v -0.11593278 0.02401853 1.29115792
v -0.14089224 0.03639921 1.28580951
v -0.11266426 0.00212943 1.26530710
v -0.13554380 0.01936338 1.26193947
v -0.16109754 0.03996485 1.25877008
v -0.15099479 0.02679179 1.26174146
v -0.13693043 0.14941023 0.99907252
v -0.12454976 0.15218350 1.01818830
v -0.14564633 0.13673240 0.99828015
v -0.13405811 0.14495317 1.01680167
v -0.14118938 0.15406537 0.98104613
v -0.16020613 0.14505212 0.95747328
v -0.15089585 0.14000090 0.98094707
v -0.14960816 0.16218711 0.95707697
v -0.14643880 0.11890419 1.01363210
v -0.15109394 0.12157832 0.99709152
v -0.15257962 0.10375023 0.99639820
v -0.15604622 0.12355934 0.97985745
v -0.16634685 0.10632542 0.95569045
v -0.15782904 0.10523591 0.97926337
v -0.16575268 0.12613453 0.95658184
v -0.13128485 0.14980641 1.11257861
v -0.12346025 0.15555105 1.09068957
v -0.13356287 0.14356654 1.08405348
v -0.14009988 0.13306771 1.10297131
v -0.13831707 0.12970016 1.03393656
v -0.13217623 0.14039699 1.03631351
v -0.14346733 0.11385287 1.09276952
v -0.13940657 0.12960112 1.07692220
v -0.14287316 0.11306051 1.07147473
v -0.14386351 0.09701503 1.08811443
v -0.14237793 0.11514046 1.03146030
v -0.14861780 0.10196731 1.01293878
v -0.14425969 0.09850082 1.03146030
v -0.14178356 0.13346389 1.01561304
v -0.15555089 0.16902126 0.93498981
v -0.16753551 0.15069783 0.93548518
v -0.17070496 0.15565010 0.90785143
v -0.14802353 0.18972177 0.91627034
v -0.15931472 0.17328021 0.91072375
v -0.17357728 0.12979922 0.93409854
v -0.17387441 0.10741491 0.93360317
v -0.18367992 0.10959392 0.90745535
v -0.17744005 0.13465244 0.90755430
v -0.14475503 0.17080407 1.18062316
v -0.13009628 0.18160002 1.17616608
v -0.14069406 0.16644606 1.16853961
v -0.15109394 0.14752826 1.17408613
v -0.14168461 0.13920853 1.12624692
v -0.13316668 0.15654150 1.13496314
v -0.15357007 0.12088510 1.17210524
v -0.14733021 0.14633981 1.16220058
v -0.15069776 0.12237078 1.15774362
v -0.15000444 0.09741131 1.15754549
v -0.14624070 0.09760940 1.11030054
v -0.14643880 0.11741851 1.11713481
v -0.16595068 0.16604977 1.21410045
v -0.15743275 0.18457139 1.21667570
v -0.15931472 0.16803079 1.20766260
v -0.16575268 0.14178371 1.20538452
v -0.15475863 0.14604267 1.18418880
v -0.14950921 0.17070502 1.19072571
v -0.16149372 0.11474428 1.19855031
v -0.16159277 0.14297227 1.20003600
v -0.15822522 0.08522870 1.20687022
v -0.16446509 0.11474428 1.20379977
v -0.15644240 0.11830992 1.18250498
v -0.15158917 0.09384567 1.17458132
v -0.15376817 0.08839816 1.18844776
v -0.17347824 0.14000089 1.20885110
v -0.14950921 0.16783259 1.21132718
v -0.15941377 0.18278857 1.22360886
v -0.15733381 0.16555465 1.20072932
v -0.17169542 0.17169537 1.19785700
v -0.16317749 0.17694489 1.20974255
v -0.15465958 0.14921212 1.19627236
v -0.16466318 0.16159282 1.18904201
v -0.16753551 0.09166656 1.21845846
v -0.17050677 0.11613091 1.20825685
v -0.15416425 0.12999728 1.19835230
v -0.16188990 0.14633981 1.18488212
v -0.16664399 0.11177290 1.19221140
v -0.16288036 0.12831342 1.18676394
v 0.15792809 0.13940663 1.16418159
v 0.15545195 0.12514396 1.16576622
v 0.14861781 0.12821447 1.16388440
v 0.21557270 0.14525031 1.18012785
v 0.22280302 0.13049252 1.18448587
v 0.21190803 0.13930758 1.18002879
v -0.20754980 0.11741850 1.33206379
v -0.22042572 0.13613802 1.31611741
v -0.21874205 0.11553653 1.31671166
v -0.21874205 0.11553653 1.31671166
v -0.20081471 0.09760940 1.32651726
v -0.20754980 0.11741850 1.33206379
v -0.23944247 0.11375371 1.25193587
v -0.22815127 0.09691607 1.27293358
v -0.23369783 0.11306050 1.27580591
v -0.23587684 0.13118573 1.27570685
v -0.17912374 0.06809382 1.27105164
v -0.18169901 0.07215469 1.29640738
v -0.19140547 0.07463082 1.28709709
v -0.16892214 0.06185389 1.26055284
v -0.16921928 0.06244820 1.28006486
v -0.20566804 0.07690888 1.22558974
v -0.18665130 0.07552224 1.23668292
v -0.19744725 0.07512605 1.24411127
v -0.21596877 0.07908788 1.23420672
v -0.16575268 0.05680255 1.25470913
v -0.16753551 0.05343504 1.24936072
v -0.16010708 0.03838009 1.24609227
v -0.18239234 0.08404015 1.21132718
v -0.16872404 0.08394111 1.22043947
v -0.17337909 0.07859265 1.22598599
v -0.17833137 0.07601736 1.23103733
v -0.19536720 0.07839455 1.21934990
v -0.18744366 0.08077165 1.21538813
v -0.16852596 0.05591117 1.24450751
v -0.16773350 0.07076805 1.23311727
v -0.17219064 0.09859984 1.19944175
v -0.15693753 0.11137673 1.20399789
v -0.16268217 0.09572753 1.21261487
v -0.17803423 0.08948766 1.20637491
v -0.19120729 0.08314864 1.31423558
v -0.21329444 0.09691607 1.31255177
v -0.20279571 0.08295065 1.30294441
v -0.22478383 0.08621915 1.24282370
v -0.20863931 0.07740410 1.25490725
v -0.21953442 0.08463442 1.26619843
v -0.23340079 0.09859984 1.24886553
v -0.17110115 0.19001890 1.24391327
v -0.18100569 0.19299026 1.26530711
v -0.17575628 0.18229334 1.22172704
v -0.20249848 0.17635052 1.21637852
v -0.19299011 0.18318475 1.23569242
v -0.18556169 0.17555824 1.20786060
v -0.19259392 0.19081126 1.28719615
v -0.20497472 0.18051053 1.30145872
v -0.20784703 0.18011434 1.25163880
v -0.22963697 0.16585178 1.24153613
v -0.22210960 0.17149738 1.26669374
v -0.21695923 0.17308211 1.22965070
v -0.22399147 0.16971456 1.20667210
v -0.21042213 0.17278497 1.19587611
v -0.23607492 0.16228613 1.21667570
v -0.21993060 0.16912029 1.16576622
v -0.21022414 0.15862146 1.16348827
v -0.22042572 0.15872050 1.16794523
v -0.23181607 0.07888969 1.18805151
v -0.23746157 0.09523221 1.18666488
v -0.22795328 0.08780389 1.18319830
v -0.19487207 0.17248784 1.18844776
v -0.18120368 0.16842696 1.18131648
v -0.19863580 0.08225733 1.17329375
v -0.20556899 0.08899243 1.17329375
v -0.20230049 0.09146857 1.17170900
v -0.18308565 0.10771204 1.16130926
v -0.19477293 0.10167027 1.16665766
v -0.19081121 0.11117864 1.16279495
v -0.23993781 0.09949116 1.22638212
v -0.23141988 0.08720961 1.22103372
v -0.22141628 0.07720601 1.18270310
v -0.21983156 0.08661534 1.17903840
v -0.17783624 0.12346029 1.15705030
v -0.18457133 0.13603908 1.15823881
v -0.17526106 0.14079315 1.15536649
v -0.18447220 0.08889339 1.19171621
v -0.17912374 0.09790653 1.18577344
v -0.16664399 0.11177290 1.19221140
v -0.25449739 0.14534935 1.18933908
v -0.24003675 0.14990545 1.17963266
v -0.24716803 0.14000089 1.18408974
v -0.25637926 0.11444705 1.19528185
v -0.25004045 0.12742210 1.18725913
v -0.24885181 0.11563569 1.18884389
v -0.20160718 0.07789933 1.20241313
v -0.19398057 0.08067251 1.19884749
v -0.18883029 0.08413920 1.19547998
v -0.20309286 0.07918692 1.17537370
v -0.21230409 0.08631811 1.17596795
v -0.21151163 0.07671069 1.17854309
v -0.22210960 0.07938501 1.21390244
v -0.21170982 0.07680983 1.20756353
v 0.19962626 0.14297227 1.17695846
v 0.20002245 0.15000449 1.17586889
v 0.17971811 0.06135871 1.17923641
v 0.18467040 0.06710330 1.18022691
v 0.18407611 0.05977394 1.18092022
v -0.24568244 0.11415001 1.22875926
v -0.24152243 0.13069061 1.25193587
v -0.24766336 0.12970016 1.22816500
v 0.19804164 0.05759493 1.18646675
v 0.20289478 0.06601384 1.18795245
v 0.20675754 0.05947682 1.18973532
v 0.23399516 0.09166656 1.19706461
v 0.22686388 0.10622636 1.19072571
v 0.23746177 0.10721682 1.19458854
v -0.20467748 0.16248412 1.32493251
v -0.21626592 0.16000799 1.31007569
v -0.20893644 0.13910948 1.33127141
v -0.23825403 0.15010353 1.25025217
v -0.23161787 0.15347109 1.27362690
v -0.17377527 0.11068341 1.17923641
v -0.16931833 0.12692688 1.17428414
v -0.16793168 0.14376463 1.17279856
v 0.21715743 0.06482528 1.19448947
v 0.21785075 0.08295065 1.19201340
v 0.22676485 0.07740411 1.19647036
v 0.14534940 0.10989105 1.16497396
v 0.15475863 0.10840526 1.16735098
v -0.17169542 0.15941383 1.17557183
v 0.21002615 0.07334324 1.19013145
v 0.17120019 0.06908428 1.17596795
v 0.18110475 0.06918332 1.17874122
v 0.15257973 0.09295426 1.16804429
v 0.16119660 0.09513325 1.16992623
v 0.22409062 0.09404376 1.19260765
v 0.16208810 0.07918692 1.17170899
v 0.17466679 0.07631460 1.17596795
v 0.18675034 0.14366558 1.17210525
v 0.18546276 0.15049972 1.17071850
v 0.16208810 0.07918692 1.17170899
v 0.16842702 0.08443633 1.17269950
v 0.17179446 0.14643886 1.16695485
v 0.16377178 0.13445434 1.16616247
v 0.17545915 0.14019899 1.16883667
v 0.23518373 0.12187556 1.19023052
v 0.22825054 0.13514767 1.18537731
v -0.19467389 0.16713938 1.15932826
v -0.19011779 0.15000449 1.15932826
v -0.19982436 0.15673949 1.16160633
v -0.20705467 0.16931837 1.16061595
v -0.23340079 0.16585178 1.17537370
v -0.23072656 0.15594723 1.17458132
v -0.25796399 0.12989825 1.19369710
v -0.18308565 0.10771204 1.16130926
v -0.18684929 0.12256888 1.15982357
v -0.18863220 0.09503422 1.16655860
v -0.19893284 0.09404376 1.17002518
v -0.18199605 0.15822517 1.15655499
v -0.25112995 0.10058066 1.19458854
v -0.24281012 0.08869530 1.19260765
v -0.24498913 0.10493876 1.18904201
v -0.24489008 0.15881954 1.18210874
v -0.24518712 0.14742930 1.22450030
v 0.22676485 0.11801267 1.18785339
v 0.18853316 0.05809019 1.18280205
v 0.19566445 0.06373578 1.18517918
v -0.09681700 0.05799112 1.33206379
v -0.09245898 0.08701151 1.35266526
v -0.11177288 0.08235637 1.34771299
v -0.12702589 0.06225008 1.32354588
v -0.11999362 0.10434449 1.36058892
v -0.13594000 0.08334683 1.34117596
v -0.10315591 0.10662244 1.36385738
v -0.15485757 0.06868809 1.31443359
v -0.16337548 0.08334683 1.33275711
v -0.17020963 0.07086709 1.30492529
v -0.17793529 0.08384196 1.32364494
v -0.14237793 0.10196730 1.35563665
v -0.16902118 0.09998648 1.34721768
v -0.10880149 0.12781828 1.37554480
v -0.12544114 0.12762008 1.37197916
v -0.12544114 0.12762008 1.37197916
v -0.15119299 0.14911308 1.37108772
v -0.14832066 0.12633260 1.36623451
v -0.10880149 0.12781828 1.37554480
v -0.12781822 0.15139112 1.38019989
v -0.14832066 0.12633260 1.36623451
v -0.17635056 0.12336113 1.35553759
v -0.18615597 0.09840176 1.33741219
v -0.19338629 0.12058795 1.34434535
v -0.19338629 0.12058795 1.34434535
v -0.17833137 0.14515125 1.35623090
v -0.17635056 0.12336113 1.35553759
v -0.03986581 0.19804150 0.98124408
v -0.04006387 0.20873841 0.95638366
v -0.03857818 0.18635422 1.02244714
v -0.03927150 0.19120745 1.00343049
v -0.05868446 0.18338285 1.01997100
v -0.05541594 0.19685305 0.97698536
v -0.03372497 0.04927514 1.32612101
v -0.03313072 0.06185388 1.33919507
v -0.06740044 0.05898157 1.33622368
v -0.03144690 0.06868809 1.34612823
v -0.06036821 0.07354122 1.35048625
v -0.08146493 0.09255807 1.35761753
v -0.05719876 0.08176210 1.35613184
v -0.07502696 0.09760939 1.36197555
v -0.09235993 0.10939581 1.36702689
v -0.09869883 0.12851160 1.37930845
v -0.08522864 0.11256526 1.37049347
v -0.09186473 0.13108678 1.38237890
v -0.09869883 0.12851160 1.37930845
v -0.11058431 0.15267871 1.38643973
v -0.09186473 0.13108678 1.38237890
v -0.09770838 0.15456058 1.39079775
v -0.03105071 0.19863586 1.38594454
v -0.05056273 0.18367997 1.39456152
v -0.02768320 0.18783988 1.39386820
v -0.03372497 0.20428145 1.37188010
v -0.05700069 0.19249503 1.38980737
v -0.11999362 0.04125242 1.30809468
v -0.14564633 0.05185028 1.29759588
v -0.15931472 0.05670355 1.28818653
v -0.16179086 0.05333597 1.27323065
v -0.08978472 0.03422019 1.31166032
v -0.06026915 0.03293262 1.30908518
v -0.03114977 0.03214025 1.30373678
v -0.09414274 0.21745451 1.34662343
v -0.06165578 0.22181253 1.31809830
v -0.10038265 0.20081485 1.37148386
v -0.06433004 0.21428505 1.35187289
v -0.08106874 0.17684583 1.39376914
v -0.08968573 0.15485772 1.39267969
v -0.07354127 0.17377541 1.39535390
v -0.09216185 0.17763820 1.38891593
v -0.06740044 0.20150817 1.37831807
v -0.04224288 0.18427426 1.04265248
v -0.04630378 0.18150098 1.08821338
v -0.01490632 0.18615612 1.08306316
v -0.04640278 0.18328380 1.11426249
v -0.03986581 0.22943905 0.91329895
v -0.04026200 0.21923735 0.93617849
v -0.05937777 0.22607150 0.91409133
v -0.04590759 0.18675039 1.13932116
v -0.04273813 0.19308921 1.18012785
v -0.00252565 0.19150458 1.17042143
v -0.04105432 0.19625876 1.19567799
v -0.03956868 0.20031964 1.20795967
v -0.03729061 0.20745092 1.23282009
v -0.00054470 0.20398432 1.22866020
v -0.03540873 0.21071942 1.24926167
v -0.03392304 0.21408696 1.28056006
v -0.03412116 0.21289841 1.31671167
v -0.03342784 0.20873839 1.34810912
v -0.11603185 0.17674679 1.38188371
v -0.14475503 0.17159642 1.37019628
v -0.13702950 0.19526831 1.35880605
v -0.19497112 0.14158561 1.34404829
v -0.19160347 0.16466323 1.33721407
v -0.17456774 0.16743641 1.35098145
v -0.15129193 0.16783259 1.20795967
v -0.17347824 0.14000089 1.20885110
v -0.18318470 0.14019899 1.20904923
v -0.16000804 0.18011434 1.21717090
v -0.14950921 0.16783259 1.21132718
v -0.17050677 0.11613091 1.20825685
v -0.17773719 0.09543039 1.21974615
v -0.14554739 0.12989825 1.20578065
v -0.21874205 0.11553653 1.31671166
v -0.22894365 0.13366188 1.29888346
v -0.22706187 0.11434808 1.29918064
v -0.21329444 0.09691607 1.31255177
v -0.17912374 0.06809382 1.27105164
v -0.20051767 0.07641364 1.27451834
v -0.18902828 0.07215469 1.25956246
v -0.17793529 0.06957950 1.24945979
v -0.16575268 0.05680255 1.25470913
v -0.16951632 0.06799473 1.24173425
v -0.17030877 0.06591479 1.23737623
v -0.16852596 0.05591117 1.24450751
v -0.16753551 0.05343504 1.24936072
v -0.16773350 0.07076805 1.23311727
v -0.16188990 0.07364037 1.22955163
v -0.15980985 0.08681343 1.22142985
v -0.16753551 0.09166656 1.21845846
v -0.20279571 0.08295065 1.30294441
v -0.22181237 0.09721321 1.29611019
v -0.21190791 0.08423824 1.28828559
v -0.19140547 0.07463082 1.28709709
v -0.17258683 0.18684943 1.23262197
v -0.15941377 0.18278857 1.22360886
v -0.18585883 0.18912749 1.25282731
v -0.17110115 0.19001890 1.24391327
v -0.20031958 0.18635421 1.27323065
v -0.18100569 0.19299026 1.26530711
v -0.21369073 0.17664774 1.28650284
v -0.19259392 0.19081126 1.28719615
v -0.21626592 0.16000799 1.31007569
v -0.22468468 0.15703672 1.29492169
v -0.22042572 0.13613802 1.31611741
v -0.08334682 0.15178721 1.39050069
v 0.06740056 0.10404735 1.37396005
v 0.05729788 0.09305329 1.36593732
v -0.00381321 0.07086709 1.34701967
v -0.02867364 0.07542318 1.35088238
v -0.07700785 0.11365476 1.37257342
v -0.04362952 0.17496397 1.39069869
v -0.02461281 0.17961911 1.39218439
v -0.06670712 0.10058065 1.36544213
v 0.04224299 0.08295065 1.35890510
v 0.02005677 0.07413559 1.34969387
v 0.07601752 0.13693046 1.39416527
v -0.08433726 0.13039347 1.38237890
v -0.00113901 0.18031243 1.39089682
v 0.07453183 0.11840896 1.38435978
v 0.04125250 0.16902124 1.39139201
v 0.06433004 0.15604617 1.39505671
v -0.06551861 0.16981360 1.39089682
v 0.02243384 0.17704391 1.39188732
v 0.07453183 0.11840896 1.38435978
v -0.05056273 0.08661533 1.35969748
v 0.22805245 0.13445434 1.19676755
v 0.21567174 0.14584458 1.19092384
v 0.15634346 0.13990185 1.17101568
v 0.14544845 0.11137673 1.17042143
v 0.14752841 0.12870970 1.16952999
v 0.15139119 0.09473708 1.17329375
v 0.16010710 0.08067251 1.17725552
v 0.23577798 0.10592912 1.20469121
v 0.23399516 0.12048882 1.20122463
v 0.19507018 0.05908063 1.19369710
v 0.20438056 0.06046727 1.19755992
v 0.18150093 0.06106152 1.18824963
v 0.18665140 0.05957588 1.19032958
v 0.16882321 0.07106509 1.18181166
v 0.17654866 0.06383484 1.18577344
v 0.22468490 0.07631460 1.20518640
v 0.23241044 0.09097324 1.20647397
v 0.17070497 0.14802359 1.17517558
v 0.20002245 0.15139113 1.18547637
v 0.18516572 0.15168827 1.18012785
v 0.17159638 0.08889338 1.20389883
v -0.17773719 0.09543039 1.21974615
v -0.15693753 0.11137673 1.20399789
v -0.25122900 0.14604267 1.20092744
v -0.24181966 0.15990905 1.19369710
v -0.19011779 0.16684224 1.16675673
v -0.17882670 0.15773005 1.16289390
v -0.17506296 0.12454979 1.16309202
v -0.17991619 0.10899964 1.16725192
v -0.25212041 0.11454618 1.20667209
v -0.25410131 0.12979920 1.20518640
v -0.20804513 0.07760219 1.18666488
v -0.21794969 0.07710687 1.19102289
v -0.19081121 0.08730866 1.17765177
v -0.19526826 0.08295066 1.18082116
v -0.18546264 0.09661894 1.17269950
v -0.19407962 0.08562478 1.17091662
v -0.23825403 0.08820007 1.20171982
v -0.24697004 0.10058066 1.20548359
v -0.20309286 0.17011074 1.17071850
v -0.23003325 0.16704033 1.18557543
v -0.21666209 0.17030873 1.17586889
v -0.14425969 0.04402570 0.90319633
v 0.09364753 0.20041870 0.90478104
v 0.11682418 0.19784350 1.20904923
v 0.10275972 0.20824328 1.21241675
v 0.12960107 -0.00381328 1.20231407
v 0.11741846 -0.01559971 1.19894655
v -0.13653425 0.19952727 1.21449670
v -0.12058793 0.20774805 1.22133079
v -0.14782534 0.01193497 1.22053841
v -0.13891133 -0.00668561 1.21776514
v -0.06274528 0.20962991 1.22093466
v -0.03828105 0.20438050 1.21994416
v -0.00044564 0.20061676 1.21419951
v -0.15584812 0.08552584 1.19864937
v -0.15881939 0.11563569 1.19161715
v -0.15802713 0.14465594 1.19359804
v -0.15446148 0.16931837 1.20023413
v -0.14792448 0.18783989 1.20627585
v -0.15000444 0.03639922 1.21746808
v -0.15099479 0.06185389 1.20795966
v -0.15584812 0.08552584 1.19864937
v -0.03758774 -0.01966055 1.20469120
v -0.06353767 -0.02273099 1.20964347
v -0.01143975 -0.01708541 1.20023412
v -0.08978472 -0.02857465 1.21519000
v -0.12088506 -0.02540519 1.21608144
v -0.09919408 0.21359174 1.22370793
v -0.08215825 0.21349270 1.22162798
v 0.05373224 0.20913469 1.21479388
v 0.03124888 0.20170627 1.21618051
v 0.13643531 0.08027633 1.18319830
v 0.13881230 0.11157483 1.17527464
v 0.13980275 0.13673239 1.18002879
v 0.13772279 0.15872049 1.19171621
v 0.10038262 -0.02877277 1.20191794
v 0.13504866 0.01827388 1.20597877
v 0.13693043 0.04660088 1.19656942
v 0.14198176 0.08136583 1.19349897
v 0.02035390 -0.01906630 1.20171981
v 0.07502696 -0.02996128 1.20340363
v 0.04729428 -0.02520713 1.20271032
v 0.08522875 0.21606788 1.21301100
v 0.07017373 0.21586979 1.21330819
v 0.12960107 0.18338284 1.20389883
v 0.13316671 0.08453538 1.17032236
v 0.13643531 0.08027633 1.18319830
v 0.08077161 0.18922654 1.15497036
v 0.08859621 0.18575993 1.15308842
v 0.10682059 0.02312709 1.11990796
v -0.10899956 0.18259048 1.16527103
v -0.13445431 0.02233472 1.13892491
v -0.14277401 0.03560683 1.13724121
v -0.06650905 0.18883035 1.16457772
v -0.04471902 0.18991986 1.16180445
v -0.00391227 0.19061317 1.15269229
v -0.14792448 0.12147937 1.13862784
v -0.14416065 0.14346749 1.14704669
v -0.13693043 0.16129569 1.15477223
v -0.12573827 0.17486493 1.16180445
v -0.11989461 0.00292181 1.13981634
v -0.14574548 0.05214747 1.13526020
v -0.14742915 0.07492796 1.13199151
v -0.14891484 0.09869889 1.13357651
v -0.07552216 -0.01659016 1.14427342
v -0.05482169 -0.01381689 1.14318386
v -0.09949121 -0.00955793 1.14070778
v -0.08096969 0.18783989 1.16675673
v -0.11811179 0.17912389 1.16338921
v -0.09404368 0.18605707 1.16665766
v 0.04501626 0.19160353 1.15180085
v 0.02807944 0.19130639 1.15279135
v 0.12108315 0.12494597 1.12525642
v 0.12167742 0.10176931 1.12020514
v 0.11682418 0.14683493 1.13248694
v 0.10810817 0.16565370 1.14278774
v 0.09651985 0.18011434 1.14962184
v 0.09166671 0.00282275 1.12228509
v 0.11375377 0.03620110 1.11921464
v 0.11652716 0.05293980 1.11723387
v 0.11731942 0.07780019 1.11545094
v 0.12603542 0.09889699 1.13852878
v 0.04719527 -0.01599590 1.13298225
v 0.02570236 -0.01342070 1.13535926
v -0.01936335 -0.00470472 1.13932115
v 0.07096620 -0.01104362 1.12753449
v 0.06849005 0.19120744 1.15447505
v 0.05690170 0.19190076 1.15160272
v -0.20012139 0.08007833 1.18329736
v 0.18843412 0.06482528 1.18220779
v 0.16406891 0.04640282 1.24143706
v -0.14891484 0.09869889 1.13357651
v -0.14624070 0.09760940 1.11030054
v 0.12167742 0.10176931 1.12020514
v 0.07770119 0.16387078 1.06038162
v 0.08512961 0.15872050 1.05929212
v 0.08473342 0.03600303 1.04314778
v -0.10899956 0.16129570 1.06701765
v -0.12078599 0.03431928 1.04918944
v -0.12811540 0.04471901 1.04800094
v -0.06601380 0.17585539 1.06503677
v -0.04481808 0.18160003 1.06365014
v -0.01668914 0.18546281 1.06048063
v -0.14158557 0.11365478 1.04998182
v -0.14366552 0.09651990 1.06840428
v -0.13762375 0.12851161 1.05305233
v -0.13207716 0.13920854 1.05750936
v -0.12336119 0.15000449 1.06295676
v -0.10682062 0.02352329 1.05196271
v -0.13475143 0.05591118 1.04740674
v -0.14049606 0.07770125 1.04701044
v -0.14317020 0.09731227 1.04909038
v -0.05353406 0.00203037 1.06127300
v -0.07502696 0.00698271 1.05939117
v -0.09166661 0.01490631 1.05731117
v -0.09582650 0.16743642 1.06602733
v -0.08304963 0.17199261 1.06523495
v -0.11652703 0.15644235 1.06543296
v 0.03293270 0.17971816 1.05741035
v 0.01252930 0.18338285 1.05790549
v 0.10830637 0.11454619 1.04473242
v 0.10761305 0.09770835 1.04275148
v 0.10503777 0.13029443 1.04800094
v 0.09988750 0.14079316 1.05235902
v 0.09166671 0.15188636 1.05741035
v 0.06997574 0.02372135 1.04710950
v 0.09166671 0.04561045 1.04235529
v 0.10474062 0.07750315 1.04245447
v 0.09840181 0.05660450 1.04186016
v 0.10761305 0.09770835 1.04275148
v 0.03679548 0.00609127 1.05483503
v 0.01213312 0.00153518 1.05641979
v -0.02094810 -0.00074289 1.05641979
v 0.05472268 0.01361874 1.05047707
v 0.06413195 0.17030873 1.06008450
v 0.04917615 0.17565719 1.05830168
v -0.14317020 0.09731227 1.04909038
v 0.10949482 0.09909509 1.02660709
v -0.15782904 0.10523591 0.97926337
v 0.12157837 0.10721683 0.97292441
v 0.11702227 0.10483964 0.99174306
v 0.15594719 0.08354492 1.18785338
v 0.21487939 0.06532054 1.20201689
v 0.16010710 0.08067251 1.17725552
v -0.17337909 0.14178371 1.16140832
v -0.22785424 0.07918692 1.19637130
v -0.17377527 0.11068341 1.17923641
v 0.13366193 0.14663695 0.88625951
v 0.11216905 0.16971457 0.90646480
v 0.13187921 0.13762382 0.89854119
v -0.01975953 0.21279938 0.91646852
v -0.03382403 0.22191149 0.90547435
v -0.03501254 0.21517648 0.91983598
v -0.08532770 0.01926434 0.87427501
v -0.11949842 0.03015933 0.90111633
v -0.12821440 0.03263546 0.88824045
v 0.07354138 0.02906982 0.89527273
v 0.10077881 0.04224288 0.90398877
v 0.06938137 0.02758418 0.90299809
v 0.03293270 0.01867008 0.88923090
v 0.07988029 0.03164502 0.88170354
v 0.10573108 0.04442189 0.89636218
v -0.08166300 0.01916527 0.89200416
v -0.11444708 0.02877269 0.90795060
v -0.14505216 0.04620471 0.91102093
v -0.14802353 0.04788847 0.90547435
v -0.05016654 0.22161445 0.91092200
v -0.15515481 0.05145411 0.89547086
v -0.12573827 0.17912390 0.93330617
v -0.15178725 0.15683865 0.92488731
v -0.15030147 0.15465954 0.92805677
v -0.12593638 0.18189717 0.93092915
v -0.15277762 0.16377184 0.91795398
v -0.02451374 0.01361875 0.88576432
v 0.03481453 0.01916527 0.87100638
v 0.04947328 0.21507733 0.90775243
v 0.08057362 0.19556537 0.91666659
v 0.08334679 0.20031965 0.90379071
v 0.04729428 0.20943174 0.92013323
v 0.02015583 0.21161084 0.92409494
v 0.04709621 0.20606429 0.92498644
v -0.09612368 0.20626238 0.92478825
v -0.07056988 0.21062038 0.92726451
v -0.07086707 0.21725634 0.91775603
v -0.09701507 0.19794256 0.93439579
v -0.09642081 0.20111201 0.93162247
v -0.07106514 0.20695570 0.93201860
v -0.12593638 0.18615613 0.92498644
v 0.12583733 0.06759855 0.89527273
v 0.11335769 0.04996848 0.88368431
v 0.13148302 0.07492798 0.88358531
v -0.16446509 0.07086711 0.91072375
v -0.17110115 0.07750316 0.90180965
v 0.13415716 0.09751037 0.90121539
v 0.12276692 0.06522148 0.90171070
v 0.13683148 0.10167028 0.89547086
v -0.16198885 0.06908429 0.91527995
v -0.16931833 0.09840178 0.91963797
v -0.17179446 0.10137313 0.91567602
v -0.02451374 0.01361875 0.88576432
v -0.02500894 0.01371775 0.86417234
v -0.17486478 0.10969297 0.90795060
v 0.13920848 0.11038629 0.88338719
v 0.10959386 0.16614893 0.91181338
v 0.12930403 0.13316676 0.90408772
v -0.16783263 0.13940664 0.91240757
v -0.16496032 0.12771925 0.92389681
v -0.16674314 0.13098775 0.92003398
v 0.05492080 -0.01896721 0.77295142
v 0.01777870 -0.02481092 0.73194655
v 0.05591125 -0.03768679 0.73372949
v 0.09681698 -0.01777871 0.76631545
v 0.09166671 -0.00460565 0.79632627
v 0.05393037 -0.00341708 0.80018892
v 0.02055197 -0.00450658 0.76849446
v -0.11266426 0.01074642 0.74670431
v -0.15485757 0.02292905 0.78325216
v -0.15990889 0.02352330 0.74581293
v -0.15584812 0.02401855 0.70272810
v -0.11078238 0.00935980 0.70272810
v -0.06631092 0.02302805 0.70302517
v -0.06532049 0.02590037 0.74660536
v -0.11207001 0.01312350 0.78354929
v 0.05809026 -0.05660450 0.67687729
v 0.02679187 -0.05898157 0.62151076
v 0.05898159 -0.06413197 0.61546907
v 0.09671795 -0.05036459 0.66489280
v 0.10266076 -0.03154598 0.72659820
v 0.02193865 -0.04343144 0.68450382
v -0.14604251 0.02649469 0.63745706
v -0.10721674 0.01332163 0.64042833
v -0.13554380 0.03996488 0.58535913
v -0.09998645 0.02550419 0.58634948
v -0.06650905 0.03322978 0.58882571
v -0.06769756 0.02451374 0.64894630
v 0.05224654 -0.07324413 0.55901300
v 0.02609855 -0.08126686 0.51473964
v 0.04254012 -0.08205917 0.51008450
v 0.06769759 -0.07165944 0.50414175
v 0.07770119 -0.06026919 0.55207982
v 0.08780393 -0.05353410 0.60665391
v 0.02867375 -0.07245176 0.56723379
v -0.12960109 0.04778948 0.52850696
v -0.09493512 0.03402217 0.52761555
v -0.12702589 0.05155319 0.47878611
v -0.09622269 0.04442190 0.47630997
v -0.08037543 0.04570954 0.47868708
v -0.07264989 0.03689443 0.53207260
v 0.03966780 -0.08136585 0.46482067
v 0.01817489 -0.06185388 0.42173587
v 0.03223939 -0.06393383 0.41648644
v 0.06234913 -0.07433363 0.45887795
v 0.02540523 -0.07928590 0.46987200
v -0.10206640 0.05442552 0.43837561
v -0.12682776 0.05828828 0.44095072
v -0.12474782 0.06977763 0.40559155
v -0.10048165 0.06551863 0.40222389
v -0.08582289 0.05680259 0.43936599
v 0.00876560 -0.04650181 0.38964510
v 0.01698632 -0.04640281 0.35468193
v 0.02391954 -0.05234553 0.38706992
v 0.04858190 -0.04788845 0.38320705
v -0.12058793 0.07651273 0.37528341
v -0.09434087 0.07364041 0.37280736
v -0.11365471 0.07780022 0.33814142
v -0.08820002 0.07750318 0.33764609
v -0.07591834 0.08106882 0.37181681
v -0.08225725 0.07136236 0.40123344
v -0.00777504 -0.04184666 0.13083910
v -0.01787766 -0.04986938 0.11459560
v -0.00559603 -0.04313429 0.11083189
v 0.00460564 -0.03095170 0.12786772
v 0.00619039 -0.03263543 0.16639645
v -0.00856742 -0.03877627 0.16887259
v -0.01906622 -0.04491711 0.13321618
v -0.07076800 0.07057000 0.12212307
v -0.08631815 0.07869174 0.15956230
v -0.08522864 0.07294710 0.12004312
v -0.07027276 0.06423107 0.10231398
v -0.06036821 0.06571671 0.10340349
v -0.06274528 0.07294710 0.12232120
v -0.07205558 0.07988029 0.16025562
v 0.13386002 -0.00945886 0.71154326
v 0.14832067 0.03322978 0.73432357
v 0.13475154 0.00084188 0.75076532
v 0.15099500 0.04521428 0.77027716
v 0.13326584 0.01252924 0.78394547
v -0.18259033 0.04630377 0.78444067
v -0.18358088 0.04967136 0.74422817
v -0.19348544 0.08156403 0.78949200
v -0.19100930 0.08820009 0.74670431
v -0.17793529 0.05323694 0.70104441
v 0.10583023 -0.02897081 0.59665030
v 0.13029438 0.00817123 0.64023038
v 0.12355929 -0.02382047 0.65072918
v 0.14336839 0.02233474 0.69629014
v -0.16812977 0.05818927 0.63894287
v -0.17318109 0.09443996 0.64478647
v -0.16139467 0.09681705 0.59268860
v -0.15555089 0.06700431 0.58793430
v 0.09057721 -0.03748872 0.54633517
v 0.08691243 -0.02273096 0.49047347
v 0.09453894 -0.01094454 0.54098671
v 0.08235643 -0.05016652 0.49790191
v -0.14752830 0.07056999 0.53494493
v -0.15406530 0.09562851 0.54078853
v -0.15307485 0.09592566 0.48740318
v -0.14594357 0.07116426 0.48363935
v 0.08067266 -0.03511158 0.41183130
v 0.08800194 -0.01609487 0.44600202
v 0.08166311 -0.05293979 0.45372758
v 0.05531699 -0.05799112 0.41391128
v -0.14733021 0.07651273 0.44402123
v -0.15763094 0.10523594 0.44580393
v -0.14941016 0.08859629 0.40876091
v 0.07720597 -0.02411759 0.38053292
v 0.07859260 0.00727987 0.34180610
v 0.08691243 0.00945882 0.38271192
v 0.08909153 0.00113902 0.41193036
v 0.04046011 -0.04263904 0.34784788
v 0.06730141 -0.02263189 0.34051842
v -0.14891484 0.09434092 0.37875011
v -0.16119659 0.11692322 0.41163321
v -0.16179086 0.12326223 0.38271192
v -0.15792808 0.12167750 0.34269742
v -0.14198175 0.09325143 0.33923092
v 0.01252930 -0.00896363 0.10181873
v 0.01421306 0.00678462 0.12192501
v 0.01421306 -0.01282640 0.12430208
v 0.02223578 0.00470467 0.15876992
v 0.01837301 -0.01718437 0.16283081
v 0.00668559 -0.02718797 0.10637481
v -0.10404729 0.08661538 0.15718523
v -0.10345304 0.08612016 0.11657655
v -0.11959748 0.10800923 0.15262908
v -0.11454615 0.10741495 0.11340709
v -0.10365110 0.08602112 0.09439033
v -0.08651627 0.07027287 0.09914453
v 0.14495322 0.07710689 0.71817924
v 0.11741846 0.09959032 0.66925070
v 0.12286597 0.11622989 0.70827463
v 0.14990541 0.09097326 0.75591560
v 0.13801993 0.06413199 0.68083907
v -0.18754260 0.13108681 0.75116139
v -0.19100930 0.12841258 0.79573191
v -0.16565364 0.16704035 0.75532129
v -0.16020613 0.16377185 0.70718513
v -0.17862860 0.13376104 0.70460999
v -0.18437324 0.09325142 0.70173772
v 0.10543395 0.02867365 0.58268490
v 0.10800923 0.07849353 0.62398690
v 0.12484687 0.04531334 0.63220778
v 0.11117869 -0.00074287 0.58902380
v -0.16862500 0.12910590 0.65370057
v -0.15357007 0.15703674 0.65805859
v -0.14624070 0.14822160 0.60140461
v -0.15743275 0.12484694 0.59783888
v 0.08116779 0.00371422 0.48383753
v 0.07671083 0.03659730 0.53524209
v 0.08958666 0.01619396 0.53742118
v 0.09136948 0.05601027 0.57594980
v -0.15158917 0.12217271 0.54851418
v -0.14109024 0.14128851 0.55425883
v -0.14109024 0.14326933 0.49324686
v -0.15079680 0.12405450 0.49146395
v 0.07988029 0.03352692 0.41470363
v 0.06977755 0.03560686 0.44204022
v 0.08027647 0.01807579 0.44491252
v 0.07126323 0.01936342 0.47898420
v -0.15386711 0.13802001 0.44719059
v -0.14336839 0.15971098 0.44738866
v -0.15673944 0.15040061 0.41391128
v 0.07056991 0.03867726 0.34616401
v 0.06383491 0.05482171 0.38598033
v 0.07869164 0.03917252 0.38667365
v 0.06769759 0.04828467 0.41351509
v -0.15743275 0.15654154 0.38528700
v -0.14396266 0.17080410 0.41272284
v -0.14406170 0.17605351 0.38429665
v -0.15574908 0.15594727 0.34556985
v 0.00163432 0.02738610 0.09963978
v -0.00866642 0.03956871 0.12192501
v 0.00648752 0.02550421 0.12162788
v -0.00094089 0.04046009 0.15768041
v 0.01441118 0.02540520 0.15807660
v 0.00975604 0.00935982 0.09983785
v -0.11345664 0.13078971 0.11251565
v -0.11969649 0.13346392 0.15183677
v -0.10989100 0.15198545 0.15203483
v -0.10365110 0.14960836 0.11241666
v -0.10989100 0.12979925 0.08874474
v -0.11098051 0.10701877 0.09003230
v 0.09533130 0.13405818 0.70253004
v 0.06789568 0.12197463 0.66667551
v 0.06948041 0.14148650 0.70639281
v 0.09592567 0.15693771 0.73234280
v 0.09245897 0.11642807 0.66469474
v -0.13861420 0.19259410 0.78424261
v -0.13821800 0.18338286 0.75175565
v -0.11167382 0.19407978 0.77958746
v -0.11385283 0.18724564 0.75126046
v -0.13653425 0.17843059 0.70678906
v 0.07205569 0.07076808 0.57436508
v 0.06363672 0.10206646 0.62190704
v 0.08473342 0.09632172 0.62012410
v -0.13326574 0.17298308 0.65924710
v -0.11345664 0.17862869 0.66013854
v -0.11088144 0.16912032 0.60368265
v -0.12910584 0.16248415 0.60298933
v 0.06145782 0.04808660 0.53603452
v 0.04967141 0.03055553 0.47987561
v 0.04838378 0.05224650 0.53880782
v 0.06046726 0.02708895 0.47789470
v -0.12623351 0.15287674 0.55841873
v -0.11018813 0.15862149 0.55970633
v -0.11514041 0.15743294 0.49314783
v -0.12880871 0.15297589 0.49324686
v 0.05482175 0.05452458 0.41292081
v 0.04838378 0.04273815 0.44362495
v 0.05898159 0.04174770 0.44164403
v -0.12979915 0.17001173 0.44392208
v -0.11613085 0.17308214 0.44362495
v -0.12870965 0.18021342 0.41064286
v 0.03392315 0.06343869 0.34715457
v 0.03412121 0.06343869 0.38657470
v 0.04778952 0.06155680 0.38469284
v 0.04293631 0.05620833 0.41490181
v 0.05353418 0.05670359 0.34755065
v -0.12712489 0.18536379 0.38023579
v -0.11355564 0.18358097 0.40945423
v -0.10989100 0.18902848 0.37855202
v -0.12266788 0.18615616 0.34041938
v -0.14198175 0.17625160 0.34497556
v -0.02481087 0.04561049 0.10379967
v -0.03352691 0.04699712 0.12499540
v -0.02144330 0.04491717 0.12311357
v -0.02778226 0.04769043 0.15857185
v -0.01589677 0.04650187 0.15817567
v -0.01361870 0.03976678 0.10122448
v -0.09751031 0.16169191 0.15183677
v -0.09275611 0.15901768 0.11271379
v -0.08730858 0.16515851 0.15144058
v -0.08413914 0.16248417 0.11320897
v -0.08146493 0.16268237 0.09250850
v -0.09097329 0.15792818 0.09112181
v 0.02233485 0.13802000 0.72600384
v 0.03986586 0.16119667 0.74195016
v 0.04422389 0.14148650 0.71590117
v 0.06730141 0.16159284 0.73353125
v 0.04392676 0.12068703 0.67242010
v 0.02045296 0.11583380 0.68232470
v -0.09265705 0.17991617 0.70876977
v -0.09117142 0.18249145 0.75343941
v -0.08780384 0.18754277 0.77820083
v -0.07195658 0.17337927 0.75482610
v -0.07314509 0.17347832 0.71233565
v 0.02332528 0.09770837 0.63646665
v 0.04353056 0.10196733 0.62676017
v 0.03838017 0.07601739 0.57753453
v 0.02174054 0.07126331 0.58417068
v -0.09414274 0.17783632 0.66122810
v -0.11385283 0.18239232 0.70728431
v -0.07601741 0.17248786 0.66469474
v -0.07581935 0.16406898 0.60536632
v -0.09305323 0.17001173 0.60338552
v 0.02154246 0.04689804 0.54435437
v 0.03540884 0.05165225 0.54118480
v 0.05482175 0.07601739 0.57525649
v 0.03808304 0.03065459 0.48502598
v 0.02520711 0.02708895 0.48859162
v -0.10008546 0.15792816 0.49473244
v -0.09384562 0.15872052 0.55931026
v -0.07819642 0.15406539 0.55802257
v -0.08532770 0.15465956 0.49403912
v 0.02619762 0.03679544 0.45184582
v 0.03867735 0.04055914 0.44758687
v 0.03085275 0.05511884 0.41698179
v 0.01678825 0.04967137 0.41925974
v -0.10256166 0.17268595 0.44461540
v -0.08810097 0.16931840 0.44600203
v -0.09840170 0.18278861 0.40767141
v 0.02035390 0.06086348 0.38875370
v 0.01797682 0.06393387 0.34814503
v 0.00371426 0.05977398 0.35072021
v 0.00460564 0.05333601 0.39132898
v -0.09235993 0.18714661 0.37686824
v -0.10365110 0.18932561 0.33725001
v -0.08285156 0.17724205 0.40687904
v -0.07621553 0.18021343 0.37607578
v -0.08512958 0.18585902 0.33566529
v -0.05056273 0.03184317 0.12677822
v -0.03788487 0.04422386 0.15857185
v -0.04184669 0.04412479 0.12598585
v -0.03729061 0.04739331 0.10568150
v -0.04699709 0.04402573 0.10607769
v -0.07245177 0.16466329 0.11469467
v -0.07512603 0.16664419 0.15124246
v -0.06046728 0.15664059 0.15173770
v -0.05878345 0.15337209 0.11509086
v -0.06819281 0.16426700 0.09280563
v -0.02510799 0.01401493 0.84119386
v 0.01678825 0.01659008 0.82950643
v 0.03847923 0.01807577 0.85169272
v -0.02500894 0.01371775 0.86417234
v -0.08968573 0.01906626 0.85337648
v -0.02510799 0.01401493 0.84119386
v -0.07106514 0.01817483 0.82990268
v -0.02639563 0.01659008 0.82336559
v -0.02689082 0.01985859 0.81048954
v -0.00034664 0.02302804 0.80167462
v 0.00579421 0.01946240 0.81375817
v -0.02639563 0.01659008 0.82336559
v -0.05967489 0.02263192 0.81791819
v -0.05214742 0.02867364 0.80642889
v -0.02689082 0.01985859 0.81048954
v 0.05214754 0.01223211 0.82762467
v 0.06779674 0.01758057 0.84406613
v 0.04353056 0.01599582 0.83218063
v 0.02847562 0.01807577 0.82118670
v 0.03689453 0.01451013 0.82158277
v -0.08126681 0.01886815 0.81811619
v -0.09572750 0.01728345 0.82901130
v -0.11910224 0.02164141 0.84168899
v -0.10840530 0.01559963 0.82098852
v -0.09196373 0.01639201 0.81712569
v 0.05393037 0.00549703 0.81871045
v 0.03085275 0.01371775 0.81316392
v 0.08701157 0.00589315 0.81762082
v 0.08007828 0.01342062 0.83267594
v -0.14723116 0.02292905 0.80910291
v -0.11355564 0.01381682 0.80722115
v -0.08463438 0.01797677 0.80741927
v -0.13455336 0.02263192 0.82752561
v 0.01857108 0.02075003 0.81029160
v 0.00995410 0.02798032 0.79959467
v 0.02134434 0.01460919 0.79553366
v -0.06858900 0.02421661 0.80910291
v -0.06670712 0.02837651 0.78374735
v -0.05234555 0.03669636 0.79503859
v -0.02352330 0.20814425 0.81514481
v -0.04660090 0.19794257 0.80018893
v -0.04313426 0.21339367 0.81692752
v -0.02629656 0.02302804 0.79800992
v -0.00450653 0.03095170 0.80187268
v -0.04323333 0.03847917 0.79454334
v -0.02629656 0.02302804 0.79800992
v -0.03570586 0.22656673 0.85129654
v -0.02015573 0.22191149 0.86595511
v -0.02035385 0.22022779 0.84763183
v 0.10414646 0.03055551 0.84961253
v 0.12108315 0.05234555 0.87120457
v 0.08829906 0.03293264 0.86763904
v 0.11712132 0.02629655 0.83099207
v 0.13277052 0.05264268 0.85159360
v -0.15287676 0.03719160 0.85575349
v -0.13782182 0.03402216 0.87377971
v -0.16367272 0.05511882 0.88566526
v -0.17654864 0.06155678 0.86823324
v -0.16763445 0.04095532 0.83663772
v 0.12762025 0.01985859 0.80949922
v 0.14366554 0.05046367 0.82792168
v 0.15020254 0.04759135 0.80068424
v -0.17823241 0.04412476 0.81375818
v -0.18734461 0.07017379 0.84802796
v -0.19318830 0.07720603 0.82178084
v 0.13504866 0.15515488 0.87209601
v 0.11494233 0.17605349 0.89358892
v 0.14227889 0.11910230 0.87169970
v -0.16842681 0.15010355 0.90329546
v -0.17664760 0.12009275 0.89873937
v 0.13673235 0.17347831 0.82534649
v 0.11979566 0.19031604 0.85733820
v 0.13702947 0.16496038 0.85278211
v 0.11840901 0.18308563 0.87764254
v 0.14435885 0.13019539 0.85169272
v 0.14693404 0.13831714 0.82217703
v -0.17922287 0.13376103 0.88388244
v -0.17001164 0.16268234 0.88932996
v -0.15317380 0.17377544 0.90844574
v -0.15347093 0.18457141 0.89487649
v -0.17030877 0.17773727 0.87001606
v -0.18199605 0.15010355 0.86466772
v 0.13742566 0.08116785 0.87288839
v -0.17753910 0.08512967 0.89309367
v 0.15238154 0.09077527 0.82425698
v 0.14633977 0.08820008 0.85238592
v -0.18585883 0.09572755 0.87734553
v -0.18883029 0.10880156 0.85714013
v 0.15396637 0.09226095 0.79117576
v 0.14445790 0.14247705 0.78642168
v -0.19130643 0.12058798 0.83059600
v -0.18259033 0.16367280 0.83792529
v 0.11157487 0.20150819 0.80355651
v 0.12920488 0.17813336 0.79186908
v 0.11207000 0.17803440 0.76344302
v 0.09651985 0.19982442 0.78028078
v -0.16773350 0.19041509 0.84515564
v -0.17100210 0.17466685 0.80008987
v -0.15366912 0.19685306 0.87546365
v -0.14941016 0.20854043 0.85169273
v -0.15198525 0.20170629 0.81831415
v 0.08740776 0.17872773 0.75155758
v 0.06056631 0.17971817 0.75096339
v 0.07591837 0.19843779 0.77087143
v -0.12841253 0.20576716 0.80306126
v -0.13594000 0.21438402 0.83029876
v -0.11662609 0.21596885 0.81900752
v -0.10434442 0.20319197 0.79652435
v 0.03154607 0.17922295 0.75799555
v 0.05165229 0.19804151 0.76879148
v 0.01817489 0.15941384 0.75066626
v 0.01094461 0.17575636 0.76809816
v 0.02233485 0.19566451 0.77364475
v -0.08057349 0.19744733 0.79246340
v -0.06829188 0.17912390 0.77681420
v -0.09592556 0.21567171 0.81177730
v -0.07225371 0.20992707 0.80474514
v -0.05977396 0.18774076 0.78988832
v 0.08800194 0.20537097 0.88645764
v 0.09077520 0.21161084 0.86496473
v 0.08909153 0.21596885 0.84119387
v 0.11890414 0.19695211 0.83218064
v -0.12633258 0.19457500 0.91557702
v 0.08463438 0.21725635 0.81603626
v -0.12712489 0.20259769 0.90151264
v 0.08057362 0.21319557 0.79622704
v -0.12752109 0.21250225 0.88120830
v -0.12613445 0.22062398 0.85822976
v 0.06333959 0.21517649 0.79325578
v -0.12227168 0.22280299 0.84059950
v 0.04055918 0.21458221 0.79117577
v -0.10731580 0.22597244 0.83535021
v -0.00173326 0.19031605 0.78463880
v 0.01530256 0.21111561 0.79404809
v -0.06660805 0.22210968 0.82069146
v -0.02401849 0.19546641 0.79919849
v -0.00628935 0.20497479 0.80048618
v -0.02005666 0.22092114 0.88447681
v -0.03322972 0.22825048 0.87061032
v -0.03194215 0.22617054 0.88923090
v -0.01956147 0.21715740 0.90190871
v -0.01956147 0.21715740 0.90190871
v -0.00787411 0.21537458 0.91300194
v -0.00846836 0.22082198 0.89665943
v 0.02174054 0.22795327 0.88665559
v 0.01916533 0.22171348 0.90398878
v 0.05432655 0.22141636 0.89071660
v -0.09592556 0.21329462 0.91428940
v -0.02045285 0.20972897 0.92439207
v -0.03570586 0.21101657 0.92676926
v -0.05076079 0.21468125 0.92290649
v 0.01936346 0.21537458 0.91765697
v -0.05125604 0.21071943 0.92865114
v 0.05838739 0.22775526 0.84446232
v 0.02500905 0.23151900 0.86466772
v 0.05729788 0.22587341 0.86793612
v -0.09661887 0.22052495 0.89953164
v -0.07086707 0.22399153 0.90547435
v -0.07215464 0.22973609 0.88883483
v -0.09859982 0.22626960 0.87863304
v 0.05858551 0.22498200 0.81920571
v 0.02916894 0.23141997 0.84109463
v 0.03313077 0.22597244 0.81653145
v -0.10246259 0.22904286 0.85614975
v -0.07552216 0.23330182 0.86892656
v -0.08156394 0.23211328 0.84891923
v -0.00896361 0.21636503 0.81989902
v 0.00549708 0.22884477 0.83762817
v 0.00955791 0.22270396 0.81682869
v -0.06017015 0.22983521 0.84050055
v -0.08859621 0.22676482 0.82861500
v -0.05432643 0.23369801 0.85872489
v -0.03966769 0.22210968 0.83485490
v -0.04957223 0.22785432 0.89715456
v -0.05115698 0.23181612 0.87853398
v -0.02312711 0.17635054 0.78632244
v -0.02401849 0.19546641 0.79919849
v -0.03768680 0.17753918 0.79137389
v 0.00163432 0.10612734 0.69024848
v -0.00450653 0.11553656 0.72847997
v 0.00777509 0.12950208 0.72758854
v -0.00351608 0.13049254 0.75076532
v 0.00579421 0.14871692 0.75254803
v -0.05432643 0.17011075 0.77384281
v -0.05809014 0.16416802 0.75353859
v -0.04293620 0.15773007 0.76879148
v -0.04590759 0.15456060 0.75076532
v -0.05828826 0.16456411 0.71600029
v -0.02025479 0.07482894 0.70173772
v -0.01926435 0.07126330 0.73590838
v -0.01451014 0.09552946 0.73135230
v -0.01589677 0.08453540 0.75244896
v -0.01173687 0.10820728 0.75086426
v -0.01094450 0.09453890 0.69589389
v -0.03273453 0.13702954 0.76334401
v -0.03560685 0.13673241 0.74630818
v -0.02758413 0.11652712 0.76017462
v -0.02956508 0.11405098 0.74204916
v -0.03639917 0.13306773 0.71382122
v -0.04570946 0.15198542 0.71738692
v 0.00539802 0.08839818 0.64765885
v -0.00777504 0.04650185 0.60120642
v -0.00827023 0.07354125 0.65637489
v 0.00559614 0.06195299 0.59328276
v -0.05947683 0.16218713 0.66885464
v -0.04452095 0.14554747 0.67024115
v -0.05848633 0.15347112 0.60695116
v 0.00856747 0.01867010 0.49077063
v -0.00846836 0.02154242 0.55465499
v 0.00559614 0.03709256 0.54940568
v -0.06056633 0.14435892 0.55643773
v -0.04343145 0.13702955 0.60596060
v -0.04471902 0.12910590 0.55287229
v -0.06809374 0.14762743 0.49096882
v -0.01480727 0.00203039 0.55931025
v -0.00926074 -0.03808297 0.50820273
v -0.01421301 -0.01639206 0.56455965
v -0.01559964 0.00341709 0.61229950
v -0.01540152 0.02550419 0.60764447
v -0.01490632 -0.01282642 0.49661431
v -0.03491354 0.11642808 0.60130537
v -0.03699348 0.11048535 0.54722649
v -0.03293259 0.09711419 0.59655137
v -0.03620111 0.09394474 0.54395810
v -0.04353045 0.11890422 0.48314422
v -0.05274173 0.13603911 0.48680881
v 0.01084554 0.02817845 0.45808558
v -0.01015212 0.02124524 0.42589577
v -0.00371415 0.00965694 0.46105705
v 0.00203050 0.03877632 0.42272641
v -0.07255083 0.16070135 0.44728963
v -0.05848633 0.14366561 0.44738866
v -0.05591119 0.15109394 0.40658191
v -0.06839093 0.16694132 0.40697819
v -0.01223206 -0.01480731 0.46214647
v -0.01381682 -0.02421665 0.42748050
v -0.00589316 -0.04135148 0.46591017
v -0.00638841 0.00599223 0.49166213
v -0.01639201 -0.00103999 0.42728243
v -0.05056273 0.12662977 0.44629918
v -0.05145411 0.10464167 0.44392208
v -0.04967129 0.11147581 0.40470002
v -0.04887891 0.13098778 0.40598762
v -0.02233474 0.03570593 0.36191235
v -0.02015573 0.02322619 0.39677639
v -0.00955786 0.03966776 0.39459738
v -0.01114256 0.05026563 0.35517726
v -0.06165578 0.16733751 0.37607577
v -0.04986942 0.15069785 0.37558064
v -0.05412837 0.16248416 0.33893379
v -0.06888613 0.17714301 0.33596243
v -0.03283353 0.00034665 0.36518085
v -0.02263186 -0.01322261 0.39538976
v -0.02471181 0.00351609 0.39677639
v -0.03045646 0.01906629 0.36587417
v -0.04432283 0.13187910 0.37429306
v -0.04561046 0.11573477 0.37270833
v -0.04055912 0.12851164 0.33824047
v -0.04392664 0.14544844 0.34012234
v -0.05511882 0.01322259 0.12905629
v -0.05690164 -0.00777507 0.10974239
v -0.05303886 -0.00619037 0.13123530
v -0.05095885 0.01550066 0.16312794
v -0.04699709 0.03273455 0.16035467
v -0.05848633 0.01252927 0.10746438
v -0.05155317 0.13811907 0.15332240
v -0.04877991 0.13306775 0.11687368
v -0.04887891 0.11999374 0.15500622
v -0.04640278 0.11216914 0.11885462
v -0.04580852 0.13059162 0.09379607
v -0.05640638 0.15307495 0.09231038
v -0.04838372 -0.01946243 0.13242380
v -0.04650184 -0.03263543 0.11429848
v -0.04343145 -0.02877272 0.13301811
v -0.04214382 -0.02372139 0.16629738
v -0.04640278 -0.01480729 0.16639645
v -0.05214742 -0.02253282 0.11221852
v -0.04977035 0.10652354 0.15589760
v -0.04818560 0.09810457 0.12014219
v -0.05204836 0.09840181 0.15579859
v -0.05085986 0.08889343 0.12024125
v -0.04412477 0.09453893 0.09914453
v -0.04273813 0.10890064 0.09716359
v -0.01391589 0.11791375 0.76968291
v -0.00628935 0.13990186 0.76492865
v -0.01143975 0.11583380 0.76364120
v -0.01351969 0.09285523 0.76443351
v -0.01589677 0.09414272 0.76988110
v -0.02916889 0.13534577 0.77324856
v -0.03580492 0.15555106 0.77879508
v -0.03105071 0.15456060 0.78255885
v -0.02639563 0.13178012 0.77730939
v -0.02599943 0.11405098 0.76968291
v -0.00737885 0.17129930 0.78008271
v 0.00074288 0.16228615 0.76859341
v -0.01074643 0.14445796 0.77255524
v -0.04590759 0.17387438 0.78553030
v -0.01956147 0.15257970 0.78127134
v -0.01857103 0.12692690 0.77562575
v -0.01956147 0.15257970 0.78127134
v -0.02312711 0.17635054 0.78632244
v -0.01708533 0.10969297 0.77671513
v -0.00995405 0.05709976 0.78077602
v -0.01985860 0.03937056 0.77859707
v -0.01867003 0.05630739 0.76740484
v -0.03253640 0.05521788 0.78444067
v -0.02382043 0.03778586 0.79573190
v -0.01857103 0.12692690 0.77562575
v -0.02530612 0.11098056 0.77443718
v 0.01282642 -0.03322975 0.21086790
v -0.00361515 -0.03748871 0.21542398
v 0.02263197 -0.03600301 0.25870678
v 0.00460564 -0.03907340 0.26425343
v -0.01777865 -0.03669633 0.21720680
v -0.02045285 -0.03897440 0.16946684
v -0.07661166 0.08354497 0.20304331
v -0.06581574 0.08869534 0.24919852
v -0.07928592 0.08334688 0.24949565
v -0.09216185 0.08146501 0.20205286
v -0.06541954 0.08829916 0.20235000
v 0.03124888 -0.03996485 0.30426773
v 0.01134073 -0.04283717 0.31040866
v -0.00381321 -0.04055910 0.31258767
v -0.01035025 -0.03788490 0.26781897
v -0.08324775 0.08027637 0.29456138
v -0.07007469 0.08493150 0.33635860
v -0.10533491 0.07849355 0.29446233
v -0.09830264 0.08116788 0.24880233
v -0.06660805 0.08681347 0.29357083
v 0.03540884 0.00440754 0.20155761
v 0.02827756 -0.01926437 0.20561851
v 0.05066185 0.00272379 0.24800987
v 0.04115349 -0.02223570 0.25197169
v -0.11078238 0.08790297 0.19967573
v -0.11959748 0.08859629 0.24791092
v -0.12672876 0.10919776 0.19759578
v 0.06541954 0.00292185 0.29446233
v 0.05402936 -0.02431565 0.29693846
v -0.13088866 0.08948770 0.29406616
v -0.14752830 0.11632904 0.29436328
v -0.13514761 0.11147582 0.24632620
v 0.01015222 0.04452099 0.20185474
v 0.02748519 0.02887178 0.20066623
v 0.02679187 0.04917612 0.25068420
v 0.04402576 0.03085266 0.24860424
v -0.12742208 0.13722755 0.19680341
v -0.13603900 0.14158566 0.24701952
v -0.11801272 0.15703676 0.19710060
v 0.04164868 0.05452459 0.30129638
v 0.05917967 0.03511162 0.29812702
v -0.14752830 0.14990549 0.29713647
v -0.13524668 0.17169541 0.29862226
v -0.12573827 0.16337568 0.24791092
v -0.02461281 0.04907707 0.20571751
v -0.00975593 0.05085989 0.20452900
v -0.01391589 0.05165226 0.25712216
v 0.00371426 0.05422746 0.25375451
v -0.10771200 0.17328024 0.24692047
v -0.10355209 0.16723847 0.19710060
v -0.09117142 0.17585543 0.24563288
v -0.09037903 0.17060601 0.19650629
v 0.00133713 0.05828829 0.30476308
v 0.01916533 0.06017018 0.30268301
v -0.11523946 0.18160006 0.29584898
v -0.09612368 0.18358098 0.29337284
v -0.01213307 0.05234558 0.30753634
v -0.02599943 0.04521430 0.25979629
v -0.02461281 0.04204484 0.31120103
v -0.06333960 0.16961555 0.29287750
v -0.07601741 0.17248788 0.24503861
v -0.07859260 0.17902488 0.29267951
v -0.03511160 0.04273816 0.20670795
v -0.04254001 0.03134792 0.20839177
v -0.06363672 0.15911673 0.19462440
v -0.07690885 0.16902129 0.19462440
v -0.04749228 0.01649110 0.21225454
v -0.04986942 -0.00193142 0.16560407
v -0.04838372 0.00123809 0.21591918
v -0.04145051 0.01985862 0.26772003
v -0.03481447 0.03441831 0.26296575
v -0.05313787 0.14297231 0.19690248
v -0.06205198 0.16297951 0.24583087
v -0.05056273 0.14742934 0.24800987
v -0.04838372 0.12702597 0.19927961
v -0.03441829 0.02807941 0.31664854
v -0.04471902 0.00638843 0.27069130
v -0.03996481 0.01312352 0.31961989
v -0.04986942 0.15495681 0.29485842
v -0.04224288 0.14029807 0.29555184
v -0.04204482 -0.01936338 0.21502780
v -0.04610565 -0.01084546 0.21611731
v -0.04016294 -0.01738249 0.26781897
v -0.04382764 -0.00638845 0.26989904
v -0.04392664 0.11979554 0.24751474
v -0.04887891 0.11454623 0.19908148
v -0.04640278 0.11068346 0.24523670
v -0.05105792 0.10642449 0.19799198
v -0.03639917 -0.01659012 0.31536094
v -0.04026200 -0.00282281 0.31823326
v -0.02976314 -0.01391592 0.36280376
v -0.04065813 0.12504505 0.29327379
v -0.04204482 0.11523954 0.33536814
v -0.04224288 0.11335758 0.29069851
v -0.04432283 0.13296860 0.24919852
v -0.02005666 0.02718800 0.67103340
v -0.01767959 0.05214749 0.66400142
v -0.03402210 0.12435172 0.66756695
v -0.02936695 0.10058068 0.66340705
v -0.02391949 0.04907705 0.70768038
v -0.00014852 0.01183594 0.75878798
v -0.01391589 0.00619034 0.72045725
v -0.00331796 -0.00926079 0.72639996
v 0.00163432 0.02897082 0.77968652
v -0.01143975 0.02778226 0.75027007
v -0.03986581 0.05472263 0.76968291
v -0.04194576 0.04887897 0.74135585
v -0.04511521 0.04333240 0.70114335
v -0.03620111 0.06264629 0.70045003
v -0.03332878 0.07017380 0.73858270
v -0.01609489 0.00599222 0.67717436
v -0.01559964 0.00341709 0.61229950
v -0.01084543 -0.01500543 0.61675655
v -0.00846836 -0.01153880 0.68173056
v -0.02094810 0.02481087 0.71382122
v -0.02005666 0.02718800 0.67103340
v -0.03105071 0.08007835 0.65855378
v -0.03620111 0.06274535 0.65578052
v -0.03422022 0.08166309 0.59437227
v -0.03293259 0.09711419 0.59655137
v -0.02936695 0.10058068 0.66340705
v -0.03174408 0.08344590 0.70262916
v 0.00222857 -0.02669280 0.68460277
v -0.00282277 -0.03184313 0.62042125
v 0.00777509 -0.04561044 0.62220407
v -0.04620471 0.04462002 0.65360150
v -0.04798753 0.04996849 0.59150006
v -0.03887531 0.06710332 0.59298563
v -0.00658647 -0.03580490 0.56921480
v -0.00926074 -0.03808297 0.50820273
v -0.00123802 -0.05719875 0.51335301
v 0.00282282 -0.05313791 0.57099762
v -0.01421301 -0.01639206 0.56455965
v -0.03857818 0.07997932 0.54197718
v -0.04590759 0.06433005 0.54039254
v -0.05006748 0.07740414 0.48344126
v -0.04452095 0.09453891 0.48264888
v -0.03620111 0.09394474 0.54395810
v 0.01302456 -0.06462716 0.57060134
v 0.00846841 -0.07076800 0.51424442
v 0.01817489 -0.07690883 0.51513592
v -0.05551500 0.04897799 0.53692585
v -0.07007469 0.05115700 0.47997465
v -0.05868446 0.06135874 0.48136128
v -0.00589316 -0.04135148 0.46591017
v -0.00599222 -0.03986579 0.42629205
v 0.00222857 -0.05917969 0.46759396
v 0.00104000 -0.04838370 0.42490533
v 0.00965698 -0.06957943 0.46967402
v -0.05947683 0.08443637 0.44095072
v -0.06809374 0.07215472 0.43906895
v -0.06393385 0.08631814 0.40172866
v -0.05561400 0.09751039 0.40341245
v -0.05145411 0.10464167 0.44392208
v 0.00866653 -0.05620830 0.42431104
v 0.01797682 -0.07532407 0.47135769
v -0.07680978 0.06294343 0.43946502
v -0.07225371 0.07799841 0.40103535
v -0.01728339 -0.02471184 0.39400312
v -0.02976314 -0.01391592 0.36280376
v -0.02411756 -0.02352333 0.36121904
v -0.01748153 -0.03015934 0.36072380
v -0.00975593 -0.03273451 0.39301265
v -0.01381682 -0.02421665 0.42748050
v -0.02263186 -0.01322261 0.39538976
v -0.05729782 0.09543043 0.37132168
v -0.05026555 0.10414633 0.37151978
v -0.05234555 0.09790657 0.33467483
v -0.04650184 0.10583021 0.33427865
v -0.04204482 0.11523954 0.33536814
v -0.04561046 0.11573477 0.37270833
v -0.04967129 0.11147581 0.40470002
v -0.00995405 -0.03540876 0.36032752
v -0.00153514 -0.03956866 0.39172505
v 0.00143618 -0.04154954 0.35814862
v -0.06502336 0.08849714 0.37151978
v -0.05888252 0.09216193 0.33616042
v -0.03778586 -0.03630013 0.13341424
v -0.04650184 -0.03263543 0.11429848
v -0.04016294 -0.04115334 0.11509085
v -0.03293259 -0.04085622 0.13400856
v -0.03332878 -0.03362593 0.16788214
v -0.03768680 -0.03006029 0.16708977
v -0.04343145 -0.02877272 0.13301811
v -0.05313787 0.08314869 0.12043932
v -0.05610925 0.09047816 0.15688804
v -0.05472262 0.07978124 0.12103357
v -0.04937417 0.07680988 0.10102642
v -0.04689803 0.08384201 0.10043210
v -0.05085986 0.08889343 0.12024125
v -0.05422738 0.09335047 0.15619472
v -0.02639563 -0.04392667 0.13410762
v -0.03441829 -0.04689799 0.11578417
v -0.02659369 -0.05016651 0.11578417
v -0.02798033 -0.03689439 0.16907065
v -0.05779302 0.07631465 0.12192501
v -0.06383480 0.08364402 0.15936424
v -0.05482169 0.06868814 0.10290823
v -0.05908064 0.08730870 0.15827473
v -0.01292538 0.06948048 0.76938584
v -0.01589677 0.08453540 0.75244896
v -0.01540152 0.06234916 0.75700504
v -0.00817123 0.05175130 0.77988447
v -0.01431207 0.07314516 0.77503137
v -0.01351969 0.09285523 0.76443351
v -0.02421661 0.09166658 0.77641801
v -0.02936695 0.07522512 0.77721044
v -0.02639563 0.09364759 0.77215917
v -0.03025839 0.07542321 0.76166019
v -0.02689082 0.09622277 0.75878798
v -0.02599943 0.11405098 0.76968291
v -0.02530612 0.11098056 0.77443718
v -0.00064376 0.04125245 0.78820443
v -0.00916168 0.04323338 0.76641451
v -0.00708172 0.04392671 0.78800643
v -0.03659730 0.05749595 0.78285597
v -0.02718795 0.07245174 0.77800270
v -0.01589677 0.09414272 0.76988110
v -0.01589677 0.08859627 0.77473425
v -0.01708533 0.10969297 0.77671513
v -0.02382043 0.03778586 0.79573190
v -0.01708533 0.10969297 0.77671513
v 0.00272382 0.21666218 0.91518084
v 0.00203050 0.22339727 0.89913545
v -0.01589677 0.08859627 0.77473425
v -0.01867003 0.05630739 0.76740484
v -0.02976314 -0.02629660 0.31337993
v -0.04016294 -0.01738249 0.26781897
v -0.03422022 -0.02570228 0.26663052
v -0.02788126 -0.03045646 0.26692767
v -0.02322612 -0.03144693 0.31367716
v -0.03639917 -0.01659012 0.31536094
v -0.05125604 0.09830276 0.29050051
v -0.04640278 0.10454263 0.28960910
v -0.05323693 0.09850085 0.24592992
v -0.05016654 0.10325503 0.24444423
v -0.04640278 0.11068346 0.24523670
v -0.04224288 0.11335758 0.29069851
v -0.02045285 -0.03402207 0.26772003
v -0.01510439 -0.03580489 0.31397430
v -0.05709970 0.09335047 0.29228333
v -0.05809014 0.09394475 0.24761379
v -0.03748868 -0.02609847 0.21492880
v -0.04214382 -0.02372139 0.16629738
v -0.03303165 -0.02996123 0.21601824
v -0.04204482 -0.01936338 0.21502780
v -0.05551500 0.09751040 0.19908148
v -0.05343505 0.10067985 0.19799198
v -0.05204836 0.09840181 0.15579859
v -0.05105792 0.10642449 0.19799198
v -0.02689082 -0.03362594 0.21730587
v -0.05937777 0.09335047 0.20046811
v -0.01787766 0.04759135 0.74185110
v -0.02906983 0.09216191 0.73868165
v -0.02956508 0.11405098 0.74204916
v -0.02391949 0.04907705 0.70768038
v -0.03124883 0.10761302 0.70768038
v -0.00737885 0.21161084 0.92171792
v -0.01975953 0.21279938 0.91646852
v -0.02045285 0.20972897 0.92439207
v -0.02005666 0.22092114 0.88447681
v -0.01035025 0.22428868 0.87823691
v -0.02035385 0.22022779 0.84763183
v -0.01134068 0.22488294 0.85822976
v -0.01044924 0.22250586 0.83812336
v 0.00391233 0.21260130 0.92290649
v 0.00113906 0.22834955 0.88130724
v 0.00173331 0.23033046 0.85961639
v -0.02015573 0.22191149 0.86595511
v -0.02352330 0.20814425 0.81514481
v 0.03015945 0.01817482 0.89903638
v -0.02372137 0.01371775 0.89626312
v -0.02164142 0.21616694 0.83198264
v 0.07978115 0.19219791 0.92151986
v -0.02164142 0.21616694 0.83198264
v -0.07819642 0.01876909 0.90091826
v -0.02372137 0.01371775 0.89626312
v -0.03124883 0.10761302 0.70768038
v -0.01926435 0.07126330 0.73590838
v 0.14019894 0.11474429 0.89448018
v 0.14019894 0.11474429 0.89448018
v 0.15040073 0.08354492 1.20300739
v 0.08512961 0.11781467 1.38198277
v 0.16486127 0.13336485 1.19805512
v 0.20784714 0.16387077 1.29819014
v -0.18367992 0.10959392 0.90745535
v -0.16129553 0.08780389 1.21340713
v -0.16753551 0.09166656 1.21845846
v 0.16842702 0.08443633 1.17269950
v -0.19081121 0.11117864 1.16279495
v -0.16753551 0.09166656 1.21845846
v -0.16892214 0.06185389 1.26055284
v -0.20497472 0.18051053 1.30145872
v -0.08433726 0.13039347 1.38237890
v -0.17991619 0.10899964 1.16725192
v 0.12880870 0.13990187 0.74719944
v -0.10028358 0.14812268 0.08904187
v -0.05422738 0.03233836 0.10617676
v -0.04452095 0.09453891 0.48264888
v -0.04689803 0.08384201 0.10043210
v -0.01985860 0.03937056 0.77859707
v -0.01708533 0.10969297 0.77671513
v -0.05125604 0.07235283 0.10201685
v -0.02758413 0.11652712 0.76017462
f 1 2 3
f 4 5 6
f 7 8 9
f 10 11 12
f 6 13 14
f 15 16 17
f 18 19 20
f 21 22 23
f 24 25 26
f 27 28 29
f 29 30 27
f 2 31 24
f 29 32 33
f 34 35 36
f 36 15 34
f 33 5 29
f 37 38 39
f 40 41 42
f 42 43 40
f 39 44 37
f 42 45 46
f 47 48 49
f 48 50 49
f 46 51 42
f 52 53 54
f 55 56 57
f 56 58 57
f 38 59 52
f 56 60 61
f 62 63 64
f 64 47 62
f 61 41 56
f 65 66 67
f 67 1 65
f 68 69 70
f 70 71 68
f 72 73 74
f 74 31 72
f 72 75 67
f 67 76 72
f 48 77 78
f 78 79 80
f 80 81 78
f 78 82 48
f 64 83 84
f 84 85 86
f 86 77 84
f 84 87 64
f 88 89 90
f 91 92 93
f 94 95 96
f 97 98 99
f 93 100 101
f 102 103 104
f 105 106 107
f 108 95 109
f 36 110 111
f 112 113 114
f 114 115 112
f 111 89 36
f 114 116 117
f 118 119 120
f 120 121 118
f 117 92 114
f 122 123 124
f 125 126 127
f 127 128 125
f 124 129 122
f 130 126 131
f 132 133 37
f 37 134 132
f 130 135 127
f 136 137 138
f 139 140 141
f 140 142 141
f 136 143 144
f 145 146 147
f 148 59 149
f 59 150 149
f 131 140 145
f 104 151 152
f 152 153 154
f 155 156 157
f 157 105 155
f 158 159 160
f 159 161 160
f 154 162 163
f 163 164 165
f 120 166 167
f 166 168 167
f 168 151 167
f 167 103 120
f 169 170 171
f 172 122 173
f 173 129 174
f 175 176 169
f 177 178 179
f 180 144 181
f 181 143 172
f 171 182 177
f 183 184 185
f 185 186 183
f 187 188 189
f 189 190 187
f 191 192 193
f 194 195 196
f 197 82 198
f 199 200 201
f 202 203 204
f 204 205 206
f 207 192 185
f 185 208 207
f 209 205 210
f 211 212 213
f 214 51 194
f 193 215 216
f 217 218 189
f 189 219 217
f 217 220 221
f 221 222 217
f 223 188 199
f 198 81 224
f 224 225 226
f 227 219 223
f 228 229 230
f 230 231 228
f 232 203 233
f 233 234 235
f 236 237 238
f 239 240 241
f 242 44 211
f 210 232 243
f 244 245 246
f 244 247 248
f 249 237 230
f 230 250 249
f 248 251 252
f 253 129 254
f 255 135 239
f 238 256 257
f 258 259 260
f 261 262 175
f 174 263 264
f 265 247 266
f 9 267 268
f 268 269 270
f 271 272 273
f 273 69 10
f 270 274 275
f 274 276 275
f 277 278 279
f 277 280 271
f 20 281 282
f 282 283 284
f 285 269 267
f 285 8 21
f 284 286 287
f 287 288 289
f 290 291 274
f 290 269 292
f 70 272 293
f 293 280 294
f 294 295 293
f 293 296 70
f 294 279 297
f 279 298 297
f 298 299 297
f 297 300 294
f 96 301 302
f 302 303 304
f 305 281 306
f 306 19 97
f 307 303 308
f 308 309 307
f 310 286 311
f 311 283 305
f 106 312 313
f 313 314 315
f 316 301 317
f 301 318 317
f 315 319 320
f 319 321 320
f 322 323 308
f 308 316 322
f 324 314 312
f 312 325 324
f 326 327 328
f 328 329 326
f 330 319 331
f 319 332 331
f 333 334 335
f 333 336 337
f 338 339 340
f 341 342 343
f 344 345 346
f 346 347 344
f 348 349 350
f 350 351 352
f 353 354 355
f 355 356 357
f 352 258 358
f 359 247 360
f 361 362 363
f 364 365 353
f 360 246 366
f 366 245 367
f 368 369 370
f 370 371 361
f 343 372 373
f 373 374 348
f 357 375 376
f 376 345 377
f 378 379 157
f 157 380 378
f 381 382 383
f 383 384 381
f 385 156 159
f 159 386 385
f 387 388 389
f 389 390 387
f 391 382 389
f 389 392 391
f 393 327 383
f 383 394 393
f 395 345 375
f 395 356 396
f 397 369 398
f 398 399 400
f 401 402 403
f 404 371 397
f 396 354 405
f 405 365 401
f 406 407 346
f 346 408 406
f 386 409 410
f 410 411 338
f 412 407 413
f 413 414 412
f 415 336 335
f 335 416 415
f 417 334 328
f 328 418 417
f 419 388 413
f 413 420 419
f 421 422 423
f 423 424 425
f 425 426 423
f 423 427 421
f 425 428 429
f 430 372 431
f 431 342 432
f 429 433 425
f 434 426 435
f 435 433 436
f 437 438 439
f 439 440 441
f 436 442 443
f 444 342 445
f 446 411 447
f 448 449 437
f 450 451 452
f 453 454 455
f 455 28 456
f 26 457 450
f 458 459 460
f 460 461 462
f 462 463 460
f 460 464 458
f 465 466 462
f 462 421 465
f 421 467 465
f 467 468 465
f 469 470 467
f 469 427 434
f 471 440 472
f 472 473 471
f 474 475 476
f 476 477 474
f 477 478 474
f 474 479 480
f 481 482 483
f 259 349 484
f 484 374 430
f 483 424 481
f 485 262 481
f 481 422 485
f 485 461 486
f 486 176 485
f 487 182 488
f 488 170 486
f 486 459 488
f 488 489 487
f 168 490 491
f 491 492 493
f 493 162 491
f 491 153 168
f 494 495 472
f 472 496 494
f 494 492 476
f 476 497 494
f 498 499 500
f 501 502 503
f 503 504 501
f 498 28 454
f 505 506 507
f 507 457 505
f 505 25 74
f 74 508 505
f 503 509 510
f 511 512 513
f 513 514 511
f 510 35 503
f 513 515 516
f 517 518 519
f 519 520 517
f 516 113 513
f 521 518 522
f 521 523 524
f 524 166 521
f 521 119 519
f 524 525 526
f 526 527 477
f 477 490 526
f 526 528 524
f 493 496 529
f 529 440 438
f 438 530 529
f 529 164 493
f 447 409 531
f 531 532 158
f 165 530 533
f 533 449 534
f 535 536 537
f 536 538 537
f 539 540 541
f 541 535 539
f 542 543 544
f 542 545 546
f 547 548 549
f 548 550 549
f 551 552 553
f 554 555 556
f 556 557 558
f 558 559 560
f 546 561 562
f 562 563 547
f 564 565 566
f 566 567 564
f 568 569 570
f 570 571 568
f 571 572 573
f 572 574 573
f 575 576 577
f 578 579 580
f 581 582 583
f 584 585 586
f 587 588 589
f 590 591 592
f 593 594 595
f 582 596 597
f 598 599 600
f 601 602 603
f 580 601 603
f 598 604 575
f 605 601 606
f 607 608 609
f 607 591 610
f 606 579 587
f 611 612 613
f 614 615 616
f 617 618 614
f 613 619 620
f 621 615 618
f 622 623 624
f 624 625 622
f 621 626 627
f 628 53 629
f 630 55 631
f 631 615 630
f 628 632 611
f 633 634 630
f 635 636 637
f 637 638 635
f 630 639 633
f 640 641 642
f 576 643 640
f 644 585 645
f 646 647 644
f 648 649 650
f 650 599 648
f 643 600 650
f 650 641 643
f 651 638 622
f 652 653 651
f 651 654 652
f 622 655 651
f 656 63 635
f 656 85 83
f 656 657 658
f 635 653 656
f 659 660 661
f 662 663 664
f 665 666 667
f 595 668 669
f 670 671 662
f 672 673 674
f 675 676 677
f 678 666 679
f 680 610 681
f 682 683 684
f 682 671 685
f 610 659 681
f 686 685 687
f 688 689 690
f 674 691 688
f 687 671 692
f 693 694 695
f 696 697 698
f 699 700 696
f 694 701 695
f 702 700 703
f 704 632 705
f 706 612 704
f 703 707 708
f 138 709 710
f 711 146 139
f 698 712 711
f 710 713 693
f 714 146 712
f 629 148 715
f 705 629 715
f 714 697 702
f 716 717 718
f 719 716 718
f 720 721 722
f 677 723 720
f 724 725 726
f 722 727 724
f 728 729 719
f 730 731 728
f 732 691 733
f 734 732 733
f 733 729 734
f 733 673 716
f 735 736 737
f 694 738 739
f 739 740 694
f 737 741 735
f 742 178 743
f 709 180 744
f 744 713 709
f 743 745 742
f 746 747 748
f 749 750 746
f 751 752 753
f 751 754 755
f 756 757 749
f 627 758 759
f 760 625 761
f 753 762 763
f 764 765 766
f 766 767 764
f 768 757 769
f 770 750 768
f 771 767 772
f 620 773 774
f 775 626 617
f 769 776 777
f 755 778 779
f 779 752 755
f 779 780 781
f 778 782 779
f 783 752 781
f 655 784 785
f 785 654 655
f 781 786 783
f 787 788 789
f 790 791 787
f 792 767 793
f 792 794 764
f 795 796 790
f 708 797 798
f 799 619 706
f 793 800 801
f 802 803 804
f 805 806 802
f 807 796 808
f 809 791 807
f 810 805 811
f 812 740 813
f 814 707 699
f 808 815 816
f 817 818 819
f 820 821 822
f 813 823 824
f 825 810 826
f 827 828 581
f 829 830 827
f 831 832 833
f 586 834 831
f 835 829 836
f 837 835 836
f 838 839 840
f 838 832 841
f 842 843 844
f 844 845 842
f 830 846 847
f 847 828 830
f 848 849 850
f 850 851 848
f 852 853 854
f 852 855 835
f 856 585 647
f 857 834 856
f 856 858 857
f 856 859 860
f 861 832 857
f 862 841 861
f 861 863 862
f 857 864 861
f 865 866 867
f 867 868 865
f 842 869 870
f 870 594 842
f 871 872 873
f 874 871 873
f 848 875 876
f 876 845 848
f 877 878 879
f 879 880 877
f 865 881 882
f 882 666 865
f 883 880 884
f 885 886 883
f 887 888 889
f 881 871 887
f 877 890 891
f 892 877 891
f 893 894 895
f 896 897 893
f 886 898 899
f 899 880 886
f 900 901 896
f 900 902 903
f 904 905 906
f 907 908 909
f 910 911 912
f 913 914 915
f 916 917 918
f 919 916 918
f 920 921 922
f 923 924 920
f 925 926 927
f 927 928 925
f 818 923 929
f 930 931 825
f 932 933 934
f 935 936 937
f 806 938 939
f 939 803 806
f 940 941 942
f 942 943 940
f 944 945 946
f 946 921 944
f 947 948 949
f 949 950 947
f 951 676 892
f 952 723 951
f 953 954 955
f 895 956 953
f 957 721 952
f 958 727 957
f 959 960 961
f 955 962 959
f 963 954 964
f 965 962 963
f 966 967 968
f 969 970 971
f 972 894 973
f 964 956 972
f 974 975 976
f 977 978 979
f 947 980 981
f 981 928 947
f 982 971 983
f 984 985 986
f 940 987 988
f 988 989 940
f 990 991 992
f 993 994 995
f 937 996 997
f 998 943 932
f 999 1000 975
f 1001 983 1000
f 925 1002 1003
f 1003 936 925
f 907 1004 1005
f 1006 1007 1008
f 1009 1010 1011
f 1009 950 916
f 1012 1013 1014
f 1015 1016 1017
f 1018 958 1019
f 1019 1020 1018
f 1021 919 1022
f 961 1021 1022
f 903 1023 1024
f 1025 903 1024
f 1026 1027 1028
f 1029 905 1030
f 1031 901 1025
f 973 897 1031
f 1014 1032 1026
f 1033 1034 1006
f 1035 1030 1036
f 1028 1037 1015
f 1038 1039 1033
f 1005 1040 1041
f 1042 1036 1043
f 1044 1045 904
f 1041 1046 1044
f 1047 908 1048
f 1049 1050 1051
f 1052 1051 967
f 1053 968 1054
f 1055 992 994
f 1056 1057 984
f 1058 1059 978
f 986 1050 1060
f 1061 970 1062
f 993 1063 1061
f 1064 1054 991
f 1065 960 965
f 1011 1021 1065
f 1017 1066 1047
f 1067 1068 1012
f 1069 1070 1071
f 1071 1072 1069
f 1073 1074 1071
f 1071 1075 1073
f 1076 1074 1077
f 944 1078 1079
f 1079 914 944
f 1077 1080 1081
f 1073 1082 1083
f 1083 1080 1073
f 1084 1085 1086
f 1087 1088 1084
f 1081 1089 1090
f 915 1091 1092
f 1093 1020 910
f 1086 1094 1095
f 1096 451 1097
f 1098 453 1099
f 1099 1100 1098
f 1097 1101 1096
f 1102 458 1103
f 1103 1104 1102
f 1105 1106 1103
f 1103 464 1105
f 1107 1108 1109
f 1070 1106 1107
f 1107 1075 1070
f 1109 1110 1107
f 1111 1112 1113
f 1082 1110 1111
f 1114 1115 1087
f 1116 1117 1114
f 1118 1119 1120
f 1121 1122 1118
f 478 1121 1118
f 1120 478 1118
f 822 1123 1124
f 1125 1126 817
f 1078 924 1125
f 1124 1072 1076
f 1127 821 737
f 1069 1123 1127
f 1127 1104 1069
f 737 1128 1127
f 743 487 1129
f 1129 736 743
f 1102 1128 1129
f 1129 489 1102
f 1130 1131 734
f 1132 1133 1130
f 731 1132 1130
f 734 731 1130
f 1134 1135 1136
f 1137 1117 1134
f 1134 1138 1137
f 1136 1122 1134
f 500 1098 1139
f 1140 502 1141
f 609 1142 1140
f 1139 1100 605
f 507 1143 1144
f 1097 507 1144
f 1144 599 1097
f 1144 1145 648
f 509 1142 1146
f 1147 512 1148
f 684 1149 1147
f 1146 608 680
f 515 1149 1150
f 1151 518 1152
f 690 1153 1151
f 1150 683 686
f 522 1153 1154
f 1154 523 522
f 732 1155 1154
f 1154 689 732
f 525 1155 1156
f 1156 527 525
f 1133 1121 1156
f 1156 1131 1133
f 1137 1132 1157
f 1157 1115 1137
f 1158 1088 1157
f 1157 1159 1158
f 1018 1160 1161
f 1161 725 1018
f 1158 730 1162
f 1162 1085 1158
f 1163 1164 1165
f 1166 1167 1163
f 1168 1169 1170
f 1165 1168 1170
f 1171 1172 1173
f 1173 1174 1171
f 1175 1176 1177
f 1178 1175 1177
f 1179 1178 1180
f 1181 1182 1183
f 1184 1185 1186
f 1186 1187 1184
f 1188 1189 1190
f 1190 1191 1188
f 1192 1193 1166
f 1194 1195 1192
f 1196 1197 1194
f 1198 1199 1196
f 1200 1198 1201
f 1201 1202 1200
f 1116 1203 1135
f 468 1204 1205
f 1105 1206 1207
f 1109 1208 1112
f 1120 1209 1210
f 1108 1211 1109
f 463 1212 1213
f 466 1205 1212
f 464 1213 1206
f 497 1214 495
f 1112 1215 1113
f 479 1210 1216
f 473 1214 1217
f 480 1218 475
f 475 1219 497
f 1136 1203 1220
f 1119 1220 1209
f 479 1221 480
f 470 1222 1204
f 1105 1223 1108
f 1224 1047 1048
f 1048 1225 1224
f 906 1226 904
f 906 1227 1228
f 1229 1029 1035
f 1035 1230 1229
f 1231 1015 1017
f 1017 1232 1231
f 1014 1233 1012
f 1026 1234 1014
f 1235 1006 1008
f 1012 1236 1067
f 1237 1038 1033
f 1033 1238 1237
f 1239 1026 1028
f 1028 1240 1239
f 1241 1041 1044
f 1044 1226 1241
f 1242 907 1005
f 1005 1243 1242
f 412 571 573
f 574 412 573
f 387 567 568
f 568 414 387
f 381 538 564
f 564 390 381
f 562 377 546
f 547 376 562
f 558 361 556
f 558 368 370
f 551 353 550
f 556 363 554
f 549 357 547
f 550 355 549
f 344 574 542
f 546 344 542
f 539 337 1244
f 539 329 333
f 326 535 537
f 537 384 326
f 1201 961 1022
f 1022 1172 1201
f 1194 959 1196
f 1196 961 1198
f 1166 953 1192
f 1192 955 1194
f 1190 917 949
f 949 1176 1190
f 1186 933 942
f 942 1245 1186
f 1180 926 935
f 934 1185 1181
f 1177 948 927
f 927 1178 1177
f 1173 919 918
f 918 1189 1173
f 1170 1246 900
f 1170 896 1165
f 1163 896 893
f 1163 895 1166
f 1055 1247 990
f 990 1248 1064
f 1060 1249 1250
f 1250 986 1060
f 986 1251 984
f 984 1252 1056
f 1061 1253 993
f 993 1254 1055
f 982 1255 1256
f 1256 969 982
f 974 1257 1258
f 999 1255 1001
f 977 1259 1058
f 1058 1257 1260
f 969 1261 1062
f 1062 1262 1061
f 966 1263 1052
f 1263 1049 1052
f 1064 1264 1053
f 1053 1265 966
f 1162 726 1161
f 1161 1094 1162
f 1076 1125 1124
f 1124 817 822
f 1095 1160 1093
f 1092 1081 1090
f 1077 1091 1079
f 1079 1076 1077
f 824 810 813
f 822 819 820
f 814 815 797
f 813 811 812
f 801 773 799
f 798 815 795
f 783 1266 785
f 785 762 783
f 777 758 775
f 774 800 771
f 763 784 760
f 759 776 756
f 719 724 728
f 728 726 730
f 717 720 718
f 718 722 719
f 670 667 678
f 675 717 672
f 660 669 661
f 664 667 662
f 642 644 640
f 640 645 576
f 588 597 589
f 590 595 660
f 577 645 584
f 583 588 578
f 533 158 165
f 534 531 533
f 484 428 483
f 483 259 484
f 448 447 534
f 443 432 444
f 431 442 429
f 428 431 429
f 264 251 265
f 260 482 261
f 239 257 255
f 252 263 253
f 211 243 242
f 241 238 239
f 226 223 224
f 224 199 198
f 194 216 214
f 213 210 211
f 198 201 197
f 196 193 194
f 160 154 163
f 165 160 163
f 152 105 104
f 152 161 155
f 101 109 93
f 104 107 102
f 99 16 88
f 91 109 94
f 68 1267 65
f 65 11 68
f 23 6 14
f 17 98 18
f 3 11 1
f 6 7 4
f 102 1268 1269
f 1270 253 1271
f 1272 672 1273
f 812 1274 1275
f 1276 1151 1277
f 1277 1152 1278
f 1279 883 1280
f 1280 884 1281
f 1282 884 879
f 1282 878 1283
f 1275 701 812
f 811 1284 1274
f 1284 802 1285
f 1285 804 1286
f 1287 693 1288
f 1289 710 1287
f 1290 701 1291
f 1288 695 1290
f 1292 688 1293
f 1293 690 1276
f 1283 675 1272
f 1273 674 1292
f 517 1294 1295
f 1295 1152 517
f 320 1296 1297
f 1298 320 1297
f 1299 315 1298
f 1299 106 313
f 253 1300 1271
f 1301 252 1270
f 1302 248 1301
f 1302 1303 244
f 1304 123 136
f 136 1289 1304
f 1305 254 124
f 124 1306 1305
f 118 1307 1308
f 1308 520 118
f 107 1309 1268
f 1269 121 102
f 1269 108 101
f 1271 257 1270
f 670 1272 1273
f 1275 816 814
f 1277 686 1276
f 1278 1150 1277
f 1281 887 1280
f 1280 889 1279
f 1283 882 1282
f 882 1281 1282
f 1274 808 816
f 1275 699 1291
f 1286 807 1285
f 1285 808 1284
f 1287 698 711
f 711 1289 1287
f 1291 696 1290
f 1290 698 1288
f 1293 692 1292
f 1276 687 1293
f 678 1283 1272
f 1292 670 1273
f 1295 116 516
f 516 1278 1295
f 322 1298 1297
f 1297 1310 322
f 317 1309 1299
f 1298 317 1299
f 1270 256 1301
f 1271 128 255
f 249 1311 1302
f 1302 256 249
f 141 1306 1304
f 1289 141 1304
f 125 1300 1305
f 1305 142 125
f 1308 100 117
f 117 1294 1308
f 1268 318 108
f 101 1307 1269
f 1312 94 1313
f 1314 236 241
f 1315 665 664
f 1316 795 1317
f 1318 1147 1319
f 1319 1148 1320
f 1321 874 873
f 873 1322 1321
f 1323 872 867
f 867 1324 1323
f 1325 798 1316
f 1317 790 1326
f 1326 787 1327
f 1327 789 1328
f 714 1329 1330
f 1330 147 714
f 1331 708 1325
f 1329 703 1331
f 1332 663 682
f 1332 684 1318
f 1333 866 665
f 664 1334 1315
f 511 1335 1336
f 1336 1148 511
f 1337 309 1338
f 1339 307 1337
f 1340 304 1339
f 1341 302 1340
f 241 1342 1314
f 1343 231 236
f 228 1344 1345
f 1345 1346 228
f 1347 145 1348
f 1348 147 1349
f 1350 240 130
f 130 1347 1350
f 112 1351 1352
f 1352 514 112
f 1313 96 1341
f 1312 115 91
f 261 265 260
f 820 826 824
f 999 1258 1353
f 935 1181 1180
f 554 364 551
f 1067 1235 1008
f 1180 1183 1179
f 1008 1354 1067
f 997 932 937
f 1260 976 1059
f 937 934 935
f 929 825 818
f 819 825 826
f 824 741 820
f 742 738 744
f 744 179 742
f 735 823 739
f 739 745 735
f 551 1355 554
f 403 362 404
f 363 402 364
f 358 266 359
f 260 266 258
f 175 264 261
f 177 172 171
f 179 181 177
f 169 174 175
f 171 173 169
f 1313 88 1312
f 242 1343 1314
f 661 1333 1315
f 1317 799 1316
f 1319 680 1318
f 1320 1146 1319
f 1321 869 876
f 876 1356 1321
f 1323 668 870
f 870 1322 1323
f 1326 801 1317
f 1316 706 1325
f 1327 1357 792
f 1327 793 1326
f 1329 715 1330
f 715 1349 1330
f 1325 704 1331
f 1331 705 1329
f 681 1334 1332
f 1318 681 1332
f 669 1324 1333
f 1315 659 661
f 1336 110 510
f 510 1320 1336
f 1337 305 1339
f 1338 311 1337
f 1340 97 1341
f 1339 306 1340
f 243 1344 1343
f 1314 134 242
f 1345 235 1358
f 1345 232 233
f 149 1347 1348
f 1349 149 1348
f 132 1342 1350
f 1350 150 132
f 1352 90 111
f 111 1335 1352
f 1341 99 1313
f 1312 90 1351
f 1359 18 1360
f 1361 209 213
f 1362 593 590
f 1363 771 1364
f 1365 1140 1366
f 1366 1141 1367
f 1368 1369 850
f 850 1370 1368
f 1371 849 844
f 844 1372 1371
f 1373 774 1363
f 1364 772 1374
f 1374 766 1375
f 766 1376 1375
f 1377 611 1378
f 1377 54 628
f 1379 620 1373
f 1378 613 1379
f 1380 607 1381
f 1381 609 1365
f 1382 843 593
f 1362 592 1380
f 501 1383 1384
f 1384 1141 501
f 1385 289 1386
f 1387 287 1385
f 1388 284 1387
f 1389 282 1388
f 213 1390 1361
f 1391 206 209
f 1392 206 1393
f 1394 204 1392
f 1395 52 1396
f 1396 54 1397
f 1398 212 39
f 39 1395 1398
f 34 1399 1400
f 1400 504 34
f 1360 20 1389
f 1359 15 17
f 1360 14 1359
f 214 1391 1361
f 589 1382 1362
f 1364 775 1363
f 1366 605 1365
f 1367 1139 1366
f 1368 846 852
f 1368 854 1401
f 1371 596 847
f 847 1370 1371
f 1374 777 1364
f 1363 617 1373
f 1376 768 1375
f 1375 769 1374
f 1378 631 1377
f 631 1397 1377
f 1373 614 1379
f 1379 616 1378
f 1381 587 1380
f 1365 606 1381
f 597 1372 1382
f 1380 589 1362
f 1384 32 498
f 1384 500 1367
f 1385 292 1387
f 1385 1402 290
f 1388 21 1389
f 1387 285 1388
f 216 1393 1391
f 1361 43 214
f 207 1394 1392
f 1392 215 207
f 57 1395 1396
f 1397 57 1396
f 40 1390 1398
f 1398 58 40
f 1400 13 33
f 33 1383 1400
f 1389 23 1360
f 14 1399 1359
f 4 12 3
f 197 191 196
f 584 578 577
f 760 756 763
f 1096 602 1099
f 1099 452 1096
f 840 836 838
f 836 833 838
f 833 827 831
f 831 581 586
f 761 759 760
f 763 749 753
f 753 746 751
f 751 748 1403
f 633 623 637
f 637 60 633
f 624 627 761
f 624 639 621
f 575 603 598
f 598 602 1101
f 586 583 584
f 577 580 575
f 450 456 26
f 452 455 450
f 275 1404 277
f 271 275 277
f 273 270 271
f 10 268 273
f 196 50 197
f 201 186 191
f 183 200 187
f 187 1405 183
f 62 45 61
f 61 636 62
f 49 195 46
f 46 47 49
f 27 2 24
f 26 27 24
f 7 10 12
f 3 30 4
f 1236 404 1235
f 419 1232 1224
f 1224 392 419
f 417 1226 1228
f 1228 416 417
f 415 1227 1229
f 1229 1406 415
f 406 1240 1231
f 1231 420 406
f 1234 401 1233
f 1407 405 1234
f 1235 397 1238
f 1233 403 1236
f 398 1408 1237
f 1237 397 398
f 1239 396 1407
f 1239 408 395
f 393 1243 1241
f 1241 418 393
f 391 1225 1242
f 1242 394 391
f 1353 998 997
f 1254 1065 1247
f 1247 965 1248
f 1250 973 1031
f 1250 1025 1409
f 1409 1024 1251
f 1251 1023 1252
f 1262 1009 1253
f 1253 1011 1254
f 1256 996 1003
f 1003 1410 1256
f 1258 987 998
f 997 1255 1353
f 1259 1411 988
f 988 1257 1259
f 1261 1002 981
f 981 1262 1261
f 1265 972 1263
f 972 1249 1263
f 1248 963 1264
f 1264 964 1265
f 1412 1413 1414
f 1415 1416 1417
f 1418 1419 1420
f 1421 1422 1423
f 1423 1424 1421
f 1425 1426 1421
f 1427 1428 1419
f 1419 1429 1430
f 1431 1417 1416
f 1420 1430 1432
f 1433 1434 1435
f 1436 1437 1434
f 1438 1439 1424
f 1440 1441 1442
f 1443 1444 1445
f 1445 1441 1443
f 1446 1447 1448
f 1436 1449 1450
f 1450 1451 1447
f 1452 1450 1446
f 1453 1454 1455
f 1432 1456 1457
f 1453 1458 1459
f 1459 1426 1453
f 1455 1460 1453
f 1430 1461 1456
f 1456 1462 1463
f 1464 1418 1465
f 1457 1463 1466
f 1414 1467 1412
f 1414 1468 1469
f 1469 1460 1414
f 1470 1434 1437
f 1463 1471 1472
f 1472 1435 1434
f 1466 1472 1470
f 1421 1439 1425
f 1473 1474 1475
f 1475 1476 1473
f 1473 1477 1478
f 1478 1479 1473
f 1480 1481 1482
f 1480 1483 1484
f 1480 1485 1486
f 1486 1487 1480
f 1488 1489 1490
f 1490 1491 1488
f 1488 1492 1475
f 1475 1493 1488
f 1484 1494 1495
f 1495 1496 1497
f 1495 1498 1499
f 1499 1484 1495
f 1500 1501 1502
f 1500 1503 1504
f 1500 1505 1490
f 1490 1506 1500
f 1497 1507 1508
f 1508 1509 1510
f 1508 1511 1512
f 1512 1497 1508
f 1513 1514 1515
f 1515 1516 1513
f 1513 1503 1502
f 1502 1517 1513
f 1518 1509 1519
f 1518 1520 1521
f 1521 1522 1518
f 1522 1510 1518
f 1523 1524 1525
f 1524 1526 1525
f 1526 1515 1525
f 1525 1514 1523
f 1521 1527 1528
f 1528 1529 1530
f 1530 1531 1528
f 1528 1532 1521
f 1533 1534 1535
f 1535 1536 1533
f 1533 1537 1538
f 1538 1539 1533
f 1540 1541 1542
f 1542 1543 1540
f 1540 1544 1545
f 1545 1546 1540
f 1547 1548 1549
f 1549 1550 1551
f 1551 1476 1549
f 1549 1492 1547
f 1482 1552 1553
f 1553 1554 1555
f 1555 1556 1553
f 1553 1483 1482
f 1557 1558 1559
f 1559 1560 1547
f 1547 1491 1559
f 1559 1505 1557
f 1561 1483 1556
f 1556 1562 1561
f 1561 1563 1564
f 1564 1494 1561
f 1565 1566 1567
f 1567 1557 1565
f 1557 1504 1565
f 1504 1568 1565
f 1569 1496 1564
f 1564 1570 1569
f 1569 1571 1572
f 1572 1507 1569
f 1573 1574 1575
f 1575 1566 1568
f 1568 1516 1575
f 1575 1576 1573
f 1577 1509 1572
f 1577 1571 1578
f 1578 1579 1577
f 1577 1520 1519
f 1580 1581 1582
f 1580 1583 1573
f 1573 1526 1580
f 1580 1584 1585
f 1586 1520 1579
f 1586 1587 1588
f 1586 1589 1590
f 1590 1527 1586
f 1591 1592 1593
f 1593 1594 1595
f 1595 1536 1593
f 1593 1596 1591
f 1542 1597 1598
f 1598 1599 1600
f 1600 1601 1598
f 1598 1602 1542
f 1603 1604 1605
f 1605 1606 1603
f 1603 1550 1548
f 1603 1560 1607
f 1608 1554 1609
f 1609 1610 1608
f 1608 1611 1612
f 1608 1613 1555
f 1614 1615 1616
f 1615 1607 1616
f 1607 1558 1616
f 1616 1617 1614
f 1618 1613 1612
f 1612 1619 1618
f 1618 1620 1621
f 1621 1562 1618
f 1622 1623 1624
f 1624 1625 1614
f 1624 1617 1567
f 1567 1622 1624
f 1626 1563 1621
f 1621 1627 1626
f 1626 1628 1629
f 1629 1570 1626
f 1630 1631 1632
f 1632 1633 1622
f 1622 1574 1632
f 1632 1583 1630
f 1578 1629 1634
f 1634 1628 1635
f 1635 1636 1634
f 1634 1587 1578
f 1637 1638 1639
f 1639 1640 1630
f 1630 1582 1639
f 1582 1637 1639
f 1588 1636 1641
f 1641 1642 1643
f 1643 1644 1641
f 1644 1588 1641
f 1645 1646 1647
f 1647 1648 1649
f 1649 1592 1647
f 1647 1650 1645
f 1651 1599 1652
f 1651 1653 1654
f 1654 1655 1651
f 1651 1656 1600
f 1657 1658 1659
f 1659 1660 1657
f 1660 1605 1657
f 1657 1604 1661
f 1610 1662 1663
f 1663 1664 1665
f 1665 1666 1663
f 1663 1611 1610
f 1667 1668 1669
f 1668 1661 1669
f 1661 1615 1669
f 1669 1625 1667
f 1670 1611 1666
f 1666 1671 1670
f 1670 1672 1673
f 1673 1619 1670
f 1674 1675 1676
f 1676 1667 1674
f 1674 1625 1623
f 1623 1677 1674
f 1678 1620 1673
f 1673 1679 1678
f 1678 1680 1681
f 1681 1627 1678
f 1682 1683 1684
f 1683 1677 1684
f 1677 1631 1684
f 1684 1640 1682
f 1635 1681 1685
f 1685 1680 1686
f 1686 1687 1685
f 1685 1642 1635
f 1688 1689 1690
f 1690 1691 1682
f 1682 1638 1690
f 1690 1692 1688
f 1643 1687 1693
f 1693 1694 1695
f 1695 1696 1693
f 1693 1697 1643
f 1698 1699 1700
f 1700 1701 1702
f 1702 1646 1700
f 1700 1703 1698
f 1654 1704 1705
f 1705 1706 1707
f 1705 1708 1709
f 1709 1654 1705
f 1710 1711 1712
f 1712 1713 1659
f 1659 1714 1712
f 1712 1715 1710
f 1716 1665 1717
f 1717 1664 1718
f 1718 1719 1717
f 1717 1720 1716
f 1721 1714 1722
f 1722 1658 1668
f 1668 1723 1722
f 1722 1724 1721
f 1725 1672 1671
f 1725 1726 1716
f 1716 1727 1725
f 1725 1728 1729
f 1730 1723 1731
f 1731 1732 1676
f 1676 1733 1731
f 1731 1734 1730
f 1735 1679 1736
f 1679 1729 1736
f 1736 1728 1737
f 1736 1738 1735
f 1739 1733 1740
f 1740 1675 1683
f 1683 1741 1740
f 1740 1742 1739
f 1743 1694 1686
f 1743 1680 1735
f 1735 1744 1743
f 1744 1745 1743
f 1746 1742 1741
f 1741 1689 1746
f 1746 1747 1748
f 1748 1749 1746
f 1750 1751 1695
f 1695 1745 1750
f 1750 1752 1753
f 1753 1754 1750
f 1755 1756 1757
f 1756 1699 1757
f 1757 1758 1759
f 1759 1755 1757
f 1760 1708 1707
f 1707 1761 1760
f 1760 1762 1763
f 1763 1764 1760
f 1765 1766 1767
f 1768 1767 1439
f 1465 1769 1770
f 1770 1771 1772
f 1773 1774 1775
f 1776 1775 1766
f 1777 1772 1771
f 1778 1779 1777
f 1780 1781 1782
f 1782 1767 1766
f 1766 1783 1782
f 1782 1784 1780
f 1785 1771 1786
f 1786 1769 1787
f 1787 1788 1786
f 1786 1789 1785
f 1790 1784 1791
f 1791 1478 1790
f 1478 1792 1790
f 1790 1793 1780
f 1794 1487 1795
f 1487 1796 1795
f 1795 1789 1788
f 1795 1797 1794
f 1798 1775 1774
f 1774 1799 1798
f 1798 1800 1791
f 1791 1783 1798
f 1801 1802 1803
f 1803 1778 1801
f 1801 1777 1785
f 1785 1796 1801
f 1804 1805 1806
f 1807 1808 1774
f 1809 1810 1778
f 1811 1812 1813
f 1814 1815 1816
f 1816 1781 1814
f 1814 1793 1817
f 1817 1818 1814
f 1819 1797 1787
f 1787 1820 1819
f 1819 1821 1822
f 1822 1823 1819
f 1824 1825 1817
f 1817 1792 1824
f 1824 1477 1551
f 1551 1826 1824
f 1827 1481 1794
f 1794 1823 1827
f 1827 1828 1829
f 1827 1554 1552
f 1816 1454 1425
f 1425 1767 1816
f 1432 1820 1420
f 1420 1769 1418
f 1830 1831 1412
f 1412 1832 1830
f 1437 1833 1470
f 1470 1834 1466
f 1835 1836 1837
f 1837 1838 1830
f 1830 1839 1837
f 1837 1840 1835
f 1841 1833 1842
f 1842 1843 1844
f 1844 1845 1842
f 1842 1846 1841
f 1847 1467 1455
f 1455 1815 1847
f 1466 1848 1457
f 1457 1821 1432
f 1849 1839 1850
f 1850 1832 1847
f 1847 1818 1850
f 1850 1825 1849
f 1822 1848 1851
f 1851 1834 1841
f 1841 1852 1851
f 1851 1828 1822
f 1853 1840 1849
f 1849 1826 1853
f 1853 1550 1606
f 1606 1854 1853
f 1855 1554 1829
f 1829 1852 1855
f 1855 1846 1856
f 1856 1609 1855
f 1857 1835 1858
f 1835 1854 1858
f 1854 1859 1858
f 1858 1860 1857
f 1861 1862 1856
f 1856 1845 1861
f 1861 1863 1864
f 1864 1865 1861
f 1866 1860 1859
f 1859 1660 1866
f 1866 1713 1867
f 1867 1868 1866
f 1869 1664 1662
f 1662 1865 1869
f 1869 1870 1871
f 1871 1872 1869
f 1873 1874 1867
f 1867 1711 1873
f 1873 1875 1876
f 1876 1877 1873
f 1878 1879 1718
f 1718 1872 1878
f 1878 1880 1881
f 1881 1882 1878
f 1883 1831 1838
f 1838 1884 1883
f 1452 1843 1437
f 1885 1836 1886
f 1887 1844 1843
f 1886 1888 1885
f 1889 1863 1844
f 1890 1857 1860
f 1891 1864 1863
f 1868 1890 1860
f 1892 1870 1864
f 1874 1893 1868
f 1894 1871 1870
f 1877 1895 1874
f 1896 1880 1871
f 1897 1898 1877
f 1880 1899 1881
f 1900 1901 1897
f 1881 1806 1805
f 1902 1903 1904
f 1904 1905 1902
f 1906 1907 1908
f 1440 1909 1910
f 1442 1911 1440
f 1448 1912 1446
f 1446 1887 1452
f 1913 1417 1914
f 1915 1914 1417
f 1448 1915 1431
f 1440 1916 1443
f 1447 1917 1915
f 1918 1919 1920
f 1920 1909 1911
f 1920 1883 1884
f 1884 1918 1920
f 1889 1912 1921
f 1921 1922 1923
f 1923 1924 1921
f 1921 1891 1889
f 1925 1926 1918
f 1925 1885 1888
f 1888 1893 1925
f 1925 1895 1927
f 1928 1894 1892
f 1892 1924 1928
f 1928 1929 1930
f 1930 1896 1928
f 1931 1932 1933
f 1933 1926 1927
f 1927 1898 1933
f 1933 1901 1931
f 1934 1935 1930
f 1930 1936 1934
f 1934 1811 1937
f 1937 1899 1934
f 1416 1938 1431
f 1431 1922 1448
f 1923 1938 1939
f 1939 1904 1903
f 1903 1936 1939
f 1939 1929 1923
f 1897 1940 1900
f 1941 1942 1805
f 1943 1944 1945
f 1945 1946 1947
f 1947 1710 1945
f 1945 1715 1943
f 1719 1948 1949
f 1949 1950 1951
f 1951 1952 1949
f 1952 1719 1949
f 1953 1954 1955
f 1955 1956 1957
f 1957 1944 1955
f 1955 1958 1953
f 1951 1959 1960
f 1960 1961 1962
f 1962 1963 1960
f 1960 1964 1951
f 1965 1966 1967
f 1967 1943 1965
f 1965 1715 1721
f 1721 1968 1965
f 1969 1720 1952
f 1952 1970 1969
f 1970 1971 1969
f 1971 1727 1969
f 1972 1973 1974
f 1974 1966 1968
f 1974 1724 1730
f 1730 1972 1974
f 1737 1971 1975
f 1975 1976 1977
f 1977 1978 1975
f 1975 1738 1737
f 1979 1980 1981
f 1979 1982 1983
f 1983 1973 1979
f 1973 1984 1979
f 1977 1985 1986
f 1986 1987 1988
f 1988 1989 1986
f 1986 1990 1977
f 1991 1992 1993
f 1993 1972 1991
f 1991 1734 1739
f 1739 1994 1991
f 1995 1738 1978
f 1978 1996 1995
f 1995 1997 1998
f 1998 1744 1995
f 1999 2000 2001
f 2001 1984 1999
f 1999 2002 1993
f 1993 2003 1999
f 2004 1990 1989
f 1989 2005 2004
f 2004 2006 2007
f 2007 1996 2004
f 2008 2009 2010
f 2010 1992 1994
f 1994 1749 2010
f 2010 2011 2008
f 1753 1998 2012
f 2012 1997 2013
f 2013 2014 2012
f 2012 2015 1753
f 2016 2017 2018
f 2017 2003 2018
f 2018 1992 2009
f 2018 2019 2016
f 2013 2007 2020
f 2007 2021 2020
f 2021 2022 2020
f 2020 2023 2013
f 2024 2025 2026
f 2026 2027 2024
f 2024 2028 1755
f 1755 2029 2024
f 1763 2030 2031
f 2031 2032 2033
f 2033 2034 2031
f 2031 2035 1763
f 2036 2037 2038
f 2036 2039 2040
f 2040 2026 2036
f 2026 2041 2036
f 2033 2042 2043
f 2043 2044 2045
f 2045 2046 2043
f 2043 2047 2033
f 2048 2049 2050
f 2050 1946 1957
f 1957 2051 2050
f 2050 2052 2048
f 2053 1961 1959
f 1959 2054 2053
f 2053 2055 2056
f 2056 2057 2053
f 2058 1876 2059
f 2059 1875 1947
f 1947 2049 2059
f 2059 2060 2058
f 2061 1950 1948
f 1948 1882 2061
f 1882 1942 2061
f 2061 2055 2054
f 2062 2058 2060
f 2060 2063 2062
f 2064 2056 2055
f 2065 2055 1942
f 2066 2048 2052
f 2067 2068 2069
f 2070 2071 1809
f 2072 2073 2056
f 1538 2074 2075
f 2075 2076 2077
f 2077 2078 2075
f 2075 2079 1538
f 2080 2081 2082
f 2082 2083 2080
f 2080 1541 1546
f 1546 2084 2080
f 2077 2085 2086
f 2086 1584 1524
f 1524 2087 2086
f 2086 2088 2077
f 2089 2090 1530
f 1530 2091 2089
f 2089 2092 2082
f 2082 2093 2089
f 1595 2094 2095
f 2095 2096 2097
f 2097 2074 2095
f 2095 1537 1595
f 2098 2092 2099
f 2099 2100 2098
f 2100 1597 2098
f 1597 2083 2098
f 2097 2101 2102
f 2101 1585 2102
f 1585 2085 2102
f 2102 2076 2097
f 2103 1529 1590
f 1590 2104 2103
f 2103 2105 2099
f 2099 2091 2103
f 1649 2106 2107
f 2107 2108 2109
f 2109 2094 2107
f 2107 1594 1649
f 2110 2105 2111
f 2111 2112 2110
f 2110 1653 1652
f 1652 2100 2110
f 2109 2113 2114
f 2114 1692 1637
f 2114 1581 2101
f 2101 2109 2114
f 2115 1589 1644
f 1644 2116 2115
f 2115 2117 2111
f 2111 2104 2115
f 1702 2118 2119
f 2119 2120 2121
f 2121 2106 2119
f 2119 1648 1702
f 2112 2122 2123
f 2123 2124 2125
f 2125 1704 2123
f 2123 1653 2112
f 2121 2126 2127
f 2127 1747 1688
f 1688 2113 2127
f 2127 2108 2121
f 2116 1696 2128
f 2128 1751 2129
f 2129 2122 2128
f 2128 2117 2116
f 1748 2126 2130
f 2130 2120 2131
f 2131 2132 2130
f 2130 2011 1748
f 2133 2134 2135
f 2135 2124 2129
f 2129 1754 2135
f 2135 2015 2133
f 2131 2118 2136
f 2136 1701 1756
f 2136 2028 2137
f 2137 2131 2136
f 2138 1761 2139
f 2139 1706 2125
f 2125 2134 2139
f 2134 2138 2139
f 2140 2141 2142
f 2142 2143 2140
f 2140 2144 2137
f 2137 2027 2140
f 2145 2146 2147
f 2147 2148 2145
f 2148 2030 2145
f 2145 1762 2138
f 2149 2150 2151
f 2149 2019 2008
f 2149 2011 2132
f 2132 2143 2149
f 2133 2014 2152
f 2152 2023 2153
f 2153 2147 2152
f 2152 2146 2133
f 2040 2154 2155
f 2155 2156 2157
f 2157 2142 2155
f 2155 2141 2040
f 2148 2158 2159
f 2159 2160 2161
f 2161 2042 2159
f 2159 2032 2148
f 2157 2162 2163
f 2163 2164 2016
f 2016 2151 2163
f 2163 2150 2157
f 2153 2022 2165
f 2165 2166 2167
f 2167 2158 2165
f 2165 2168 2153
f 1983 2169 2170
f 1970 1963 2171
f 2172 1985 2171
f 2173 2170 2169
f 2170 1966 1983
f 2174 2175 2176
f 2176 1479 2174
f 1479 2177 2174
f 2177 2178 2174
f 2179 1486 2180
f 2180 1485 2181
f 2180 2182 2183
f 2183 2179 2180
f 2184 2185 2186
f 2186 2187 2184
f 2184 2175 2188
f 2188 2189 2184
f 2190 2182 2191
f 2191 2192 2190
f 2190 2193 2194
f 2194 2195 2190
f 2196 2197 2198
f 2198 1493 2196
f 2196 1474 2176
f 2176 2187 2196
f 2199 1485 1499
f 1499 2200 2199
f 2199 2201 2191
f 2191 2181 2199
f 2202 2203 2204
f 2204 2205 2202
f 2202 2197 2186
f 2186 2206 2202
f 2207 2201 2208
f 2208 2209 2207
f 2207 2210 2211
f 2211 2192 2207
f 2212 2213 2214
f 2214 1506 2212
f 2212 1489 2198
f 2198 2205 2212
f 2215 1498 1512
f 1512 2216 2215
f 2215 2217 2208
f 2208 2200 2215
f 2218 2219 2220
f 2220 2221 2222
f 2222 2204 2220
f 2220 2203 2218
f 2223 2217 2224
f 2223 2225 2226
f 2226 2227 2223
f 2223 2210 2209
f 2222 2228 2229
f 2229 1514 1517
f 2229 1501 2214
f 2229 2213 2222
f 2230 1511 1522
f 2230 1532 2231
f 2231 2224 2230
f 2230 2217 2216
f 2232 2233 2234
f 2232 2235 2236
f 2236 2219 2232
f 2232 2237 2238
f 2226 2239 2240
f 2240 2241 2242
f 2240 2243 2244
f 2240 2245 2226
f 2236 2246 2247
f 2247 2248 1523
f 1523 2228 2247
f 2247 2221 2236
f 2231 1531 2249
f 2249 2090 2250
f 2250 2239 2249
f 2249 2225 2231
f 2251 2252 2253
f 2253 2254 2251
f 2251 2255 2256
f 2256 2257 2251
f 2258 2259 2260
f 2260 2261 2258
f 2258 2262 2263
f 2263 2264 2258
f 2265 2266 2267
f 2267 1539 2265
f 2265 2079 2268
f 2268 2254 2265
f 2269 2270 1545
f 1545 2271 2269
f 2271 2260 2269
f 2269 2259 2272
f 2273 2274 2275
f 2275 2276 2273
f 2273 2067 2277
f 2277 2278 2273
f 2279 2280 2281
f 2281 2282 2283
f 2283 2284 2281
f 2281 2285 2279
f 2286 2287 2177
f 2177 1799 2286
f 2286 1808 2288
f 2288 2276 2286
f 2289 1809 1803
f 1803 2179 2289
f 2179 2280 2289
f 2289 2290 2070
f 2291 2292 2293
f 2288 2294 2068
f 2295 2279 2285
f 2296 1910 2297
f 2277 2069 2292
f 2290 2298 2299
f 1813 1937 1811
f 2299 2070 2290
f 2300 2301 2302
f 2300 2303 2304
f 2304 2234 2300
f 2234 2305 2300
f 2242 2306 2307
f 2307 2308 2309
f 2307 2310 2311
f 2311 2242 2307
f 2304 2312 2313
f 2313 2088 2087
f 2313 2248 2246
f 2313 2235 2304
f 2250 2093 2314
f 2314 2081 2315
f 2315 2306 2314
f 2314 2241 2250
f 2316 2317 2256
f 2316 2255 2318
f 2318 2302 2316
f 2302 2319 2316
f 2309 2320 2321
f 2321 2259 2264
f 2321 2322 2323
f 2323 2309 2321
f 2318 2268 2324
f 2324 2079 2078
f 2078 2312 2324
f 2324 2303 2318
f 2315 2084 2325
f 2325 2270 2272
f 2272 2320 2325
f 2325 2308 2315
f 2188 2178 2326
f 2183 2195 2327
f 2328 2283 2327
f 2326 2329 2188
f 2330 2327 2195
f 2327 2282 2183
f 2331 2332 2333
f 2334 1908 2335
f 2336 2337 2338
f 2296 2331 2339
f 2339 1916 2296
f 2297 1907 2296
f 2297 1909 2340
f 2340 1908 2297
f 2341 2335 2340
f 2340 1919 2341
f 2341 1926 1932
f 2341 2338 2337
f 2335 2342 2334
f 2343 1931 1901
f 1438 2344 2345
f 2346 1806 1937
f 1468 1441 2347
f 2348 2338 1931
f 2349 1464 2350
f 2171 2351 2172
f 1976 2171 1985
f 1953 1967 2170
f 2287 2326 2178
f 2275 2352 2326
f 1413 1442 1441
f 1 75 2
f 4 30 5
f 7 22 8
f 10 69 11
f 6 5 13
f 15 89 16
f 18 98 19
f 21 8 22
f 24 31 25
f 27 456 28
f 29 5 30
f 2 75 31
f 29 28 32
f 34 504 35
f 36 89 15
f 33 13 5
f 37 133 38
f 40 58 41
f 42 51 43
f 39 212 44
f 42 41 45
f 47 87 48
f 48 82 50
f 46 195 51
f 52 59 53
f 55 634 56
f 56 41 58
f 38 133 59
f 56 634 60
f 62 636 63
f 64 87 47
f 61 45 41
f 65 1267 66
f 67 75 1
f 68 11 69
f 70 296 71
f 72 76 73
f 74 25 31
f 72 31 75
f 67 66 76
f 48 87 77
f 78 77 79
f 80 225 81
f 78 81 82
f 64 63 83
f 84 83 85
f 86 79 77
f 84 77 87
f 88 16 89
f 91 115 92
f 94 109 95
f 97 19 98
f 93 92 100
f 102 121 103
f 105 379 106
f 108 318 95
f 36 35 110
f 112 514 113
f 114 92 115
f 111 90 89
f 114 113 116
f 118 520 119
f 120 103 121
f 117 100 92
f 122 143 123
f 125 142 126
f 127 135 128
f 124 254 129
f 130 127 126
f 132 150 133
f 37 44 134
f 130 240 135
f 136 144 137
f 139 146 140
f 140 126 142
f 136 123 143
f 145 140 146
f 148 53 59
f 59 133 150
f 131 126 140
f 104 103 151
f 152 151 153
f 155 161 156
f 157 379 105
f 158 532 159
f 159 156 161
f 154 153 162
f 163 162 164
f 120 119 166
f 166 528 168
f 168 153 151
f 167 151 103
f 169 176 170
f 172 143 122
f 173 122 129
f 175 262 176
f 177 182 178
f 180 137 144
f 181 144 143
f 171 170 182
f 183 1405 184
f 185 192 186
f 187 200 188
f 189 218 190
f 191 186 192
f 194 51 195
f 197 50 82
f 199 188 200
f 202 234 203
f 204 203 205
f 207 215 192
f 185 184 208
f 209 206 205
f 211 44 212
f 214 43 51
f 193 192 215
f 217 222 218
f 189 188 219
f 217 219 220
f 221 2353 222
f 223 219 188
f 198 82 81
f 224 81 225
f 227 220 219
f 228 1346 229
f 230 237 231
f 232 205 203
f 233 203 234
f 236 231 237
f 239 135 240
f 242 134 44
f 210 205 232
f 244 1303 245
f 244 246 247
f 249 256 237
f 230 229 250
f 248 247 251
f 253 263 129
f 255 128 135
f 238 237 256
f 258 351 259
f 261 482 262
f 174 129 263
f 265 251 247
f 9 8 267
f 268 267 269
f 271 280 272
f 273 272 69
f 270 269 274
f 274 291 276
f 277 1404 278
f 277 279 280
f 20 19 281
f 282 281 283
f 285 292 269
f 285 267 8
f 284 283 286
f 287 286 288
f 290 1402 291
f 290 274 269
f 70 69 272
f 293 272 280
f 294 300 295
f 293 295 296
f 294 280 279
f 279 278 298
f 298 2354 299
f 297 299 300
f 96 95 301
f 302 301 303
f 305 283 281
f 306 281 19
f 307 304 303
f 308 323 309
f 310 288 286
f 311 286 283
f 106 379 312
f 313 312 314
f 316 303 301
f 301 95 318
f 315 314 319
f 319 2355 321
f 322 1310 323
f 308 303 316
f 324 332 314
f 312 379 325
f 326 384 327
f 328 334 329
f 330 2355 319
f 319 314 332
f 333 329 334
f 333 335 336
f 338 411 339
f 341 445 342
f 344 377 345
f 346 407 347
f 348 374 349
f 350 349 351
f 353 365 354
f 355 354 356
f 352 351 258
f 359 266 247
f 361 371 362
f 364 402 365
f 360 247 246
f 366 246 245
f 368 399 369
f 370 369 371
f 343 342 372
f 373 372 374
f 357 356 375
f 376 375 345
f 378 325 379
f 157 156 380
f 381 390 382
f 383 327 384
f 385 380 156
f 159 532 386
f 387 414 388
f 389 382 390
f 391 394 382
f 389 388 392
f 393 418 327
f 383 382 394
f 395 408 345
f 395 375 356
f 397 371 369
f 398 369 399
f 401 365 402
f 404 362 371
f 396 356 354
f 405 354 365
f 406 420 407
f 346 345 408
f 386 532 409
f 410 409 411
f 412 347 407
f 413 388 414
f 415 1406 336
f 335 334 416
f 417 416 334
f 328 327 418
f 419 392 388
f 413 407 420
f 421 461 422
f 423 422 424
f 425 433 426
f 423 426 427
f 425 424 428
f 430 374 372
f 431 372 342
f 429 442 433
f 434 427 426
f 435 426 433
f 437 449 438
f 439 438 440
f 436 433 442
f 444 432 342
f 446 339 411
f 448 534 449
f 450 457 451
f 453 499 454
f 455 454 28
f 26 25 457
f 458 489 459
f 460 459 461
f 462 466 463
f 460 463 464
f 465 468 466
f 462 461 421
f 421 427 467
f 467 470 468
f 469 2356 470
f 469 467 427
f 471 441 440
f 472 495 473
f 474 480 475
f 476 492 477
f 477 527 478
f 474 478 479
f 481 262 482
f 259 351 349
f 484 349 374
f 483 428 424
f 485 176 262
f 481 424 422
f 485 422 461
f 486 170 176
f 487 178 182
f 488 182 170
f 486 461 459
f 488 459 489
f 168 528 490
f 491 490 492
f 493 164 162
f 491 162 153
f 494 497 495
f 472 440 496
f 494 496 492
f 476 475 497
f 498 454 499
f 501 1141 502
f 503 35 504
f 498 32 28
f 505 508 506
f 507 451 457
f 505 457 25
f 74 73 508
f 503 502 509
f 511 1148 512
f 513 113 514
f 510 110 35
f 513 512 515
f 517 1152 518
f 519 119 520
f 516 116 113
f 521 519 518
f 521 522 523
f 524 528 166
f 521 166 119
f 524 523 525
f 526 525 527
f 477 492 490
f 526 490 528
f 493 492 496
f 529 496 440
f 438 449 530
f 529 530 164
f 447 411 409
f 531 409 532
f 165 164 530
f 533 530 449
f 535 2357 536
f 536 565 538
f 539 1244 540
f 541 2357 535
f 542 574 543
f 542 544 545
f 547 563 548
f 548 552 550
f 551 550 552
f 554 1355 555
f 556 555 557
f 558 557 559
f 546 545 561
f 562 561 563
f 564 538 565
f 566 569 567
f 568 567 569
f 570 2358 571
f 571 2358 572
f 572 543 574
f 575 604 576
f 578 588 579
f 581 828 582
f 584 645 585
f 587 579 588
f 590 660 591
f 593 843 594
f 582 828 596
f 598 1101 599
f 601 1100 602
f 580 579 601
f 598 600 604
f 605 1100 601
f 607 610 608
f 607 592 591
f 606 601 579
f 611 632 612
f 614 618 615
f 617 626 618
f 613 612 619
f 621 639 615
f 622 638 623
f 624 761 625
f 621 618 626
f 628 54 53
f 630 634 55
f 631 616 615
f 628 629 632
f 633 60 634
f 635 63 636
f 637 623 638
f 630 615 639
f 640 643 641
f 576 604 643
f 644 647 585
f 646 859 647
f 648 1145 649
f 650 600 599
f 643 604 600
f 650 649 641
f 651 653 638
f 652 657 653
f 651 655 654
f 622 625 655
f 656 83 63
f 656 658 85
f 656 653 657
f 635 638 653
f 659 591 660
f 662 671 663
f 665 866 666
f 595 594 668
f 670 692 671
f 672 717 673
f 675 878 676
f 678 667 666
f 680 608 610
f 682 685 683
f 682 663 671
f 610 591 659
f 686 683 685
f 688 691 689
f 674 673 691
f 687 685 671
f 693 713 694
f 696 700 697
f 699 707 700
f 694 740 701
f 702 697 700
f 704 612 632
f 706 619 612
f 703 700 707
f 138 137 709
f 711 712 146
f 698 697 712
f 710 709 713
f 714 147 146
f 629 53 148
f 705 632 629
f 714 712 697
f 716 673 717
f 719 729 716
f 720 723 721
f 677 676 723
f 724 727 725
f 722 721 727
f 728 731 729
f 730 1159 731
f 732 689 691
f 734 1131 732
f 733 716 729
f 733 691 673
f 735 745 736
f 694 713 738
f 739 823 740
f 737 821 741
f 742 179 178
f 709 137 180
f 744 738 713
f 743 736 745
f 746 750 747
f 749 757 750
f 751 755 752
f 751 1403 754
f 756 776 757
f 627 626 758
f 760 784 625
f 753 752 762
f 764 794 765
f 766 772 767
f 768 750 757
f 770 747 750
f 771 800 767
f 620 619 773
f 775 758 626
f 769 757 776
f 755 754 778
f 779 781 752
f 779 782 780
f 778 2359 782
f 783 762 752
f 655 625 784
f 785 1266 654
f 781 780 786
f 787 791 788
f 790 796 791
f 792 764 767
f 792 1357 794
f 795 815 796
f 708 707 797
f 799 773 619
f 793 767 800
f 802 806 803
f 805 931 806
f 807 791 796
f 809 788 791
f 810 931 805
f 812 701 740
f 814 797 707
f 808 796 815
f 817 1126 818
f 820 741 821
f 813 740 823
f 825 931 810
f 827 830 828
f 829 855 830
f 831 834 832
f 586 585 834
f 835 855 829
f 837 853 835
f 838 841 839
f 838 833 832
f 842 594 843
f 844 849 845
f 830 855 846
f 847 596 828
f 848 845 849
f 850 1369 851
f 852 835 853
f 852 846 855
f 856 834 585
f 857 832 834
f 856 860 858
f 856 647 859
f 861 841 832
f 862 839 841
f 861 864 863
f 857 858 864
f 865 666 866
f 867 872 868
f 842 845 869
f 870 668 594
f 871 868 872
f 874 888 871
f 848 851 875
f 876 869 845
f 877 676 878
f 879 884 880
f 865 868 881
f 882 679 666
f 883 886 880
f 885 2360 886
f 887 871 888
f 881 868 871
f 877 880 890
f 892 676 877
f 893 897 894
f 896 901 897
f 886 2360 898
f 899 890 880
f 900 903 901
f 900 1246 902
f 904 1045 905
f 907 1048 908
f 910 1020 911
f 913 945 914
f 916 950 917
f 919 1010 916
f 920 924 921
f 923 1126 924
f 925 936 926
f 927 948 928
f 818 1126 923
f 930 938 931
f 932 943 933
f 935 926 936
f 806 931 938
f 939 2361 803
f 940 989 941
f 942 933 943
f 944 914 945
f 946 922 921
f 947 928 948
f 949 917 950
f 951 723 676
f 952 721 723
f 953 956 954
f 895 894 956
f 957 727 721
f 958 725 727
f 959 962 960
f 955 954 962
f 963 962 954
f 965 960 962
f 966 1052 967
f 969 1062 970
f 972 956 894
f 964 954 956
f 974 999 975
f 977 1058 978
f 947 950 980
f 981 1002 928
f 982 969 971
f 984 1057 985
f 940 943 987
f 988 1411 989
f 990 1064 991
f 993 1055 994
f 937 936 996
f 998 987 943
f 999 1001 1000
f 1001 982 983
f 925 928 1002
f 1003 996 936
f 907 909 1004
f 1006 1034 1007
f 1009 916 1010
f 1009 980 950
f 1012 1068 1013
f 1015 1037 1016
f 1018 725 958
f 1019 911 1020
f 1021 1010 919
f 961 960 1021
f 903 902 1023
f 1025 901 903
f 1026 1032 1027
f 1029 906 905
f 1031 897 901
f 973 894 897
f 1014 1013 1032
f 1033 1039 1034
f 1035 1029 1030
f 1028 1027 1037
f 1038 2362 1039
f 1005 1004 1040
f 1042 1035 1036
f 1044 1046 1045
f 1041 1040 1046
f 1047 1066 908
f 1049 1060 1050
f 1052 1049 1051
f 1053 966 968
f 1055 990 992
f 1056 2363 1057
f 1058 1260 1059
f 986 985 1050
f 1061 1063 970
f 993 995 1063
f 1064 1053 1054
f 1065 1021 960
f 1011 1010 1021
f 1017 1016 1066
f 1067 1354 1068
f 1069 1104 1070
f 1071 1074 1072
f 1073 1080 1074
f 1071 1070 1075
f 1076 1072 1074
f 944 921 1078
f 1079 1091 914
f 1077 1074 1080
f 1073 1075 1082
f 1083 1089 1080
f 1084 1088 1085
f 1087 1115 1088
f 1081 1080 1089
f 915 914 1091
f 1093 1160 1020
f 1086 1085 1094
f 1096 452 451
f 1098 499 453
f 1099 602 1100
f 1097 599 1101
f 1102 489 458
f 1103 1106 1104
f 1105 1108 1106
f 1103 458 464
f 1107 1106 1108
f 1070 1104 1106
f 1107 1110 1075
f 1109 1112 1110
f 1111 1110 1112
f 1082 1075 1110
f 1114 1117 1115
f 1116 1135 1117
f 1118 1122 1119
f 1121 1138 1122
f 478 527 1121
f 1120 479 478
f 822 821 1123
f 1125 924 1126
f 1078 921 924
f 1124 1123 1072
f 1127 1123 821
f 1069 1072 1123
f 1127 1128 1104
f 737 736 1128
f 743 178 487
f 1129 1128 736
f 1102 1104 1128
f 1129 487 489
f 1130 1133 1131
f 1132 1138 1133
f 731 1159 1132
f 734 729 731
f 1134 1117 1135
f 1137 1115 1117
f 1134 1122 1138
f 1136 1119 1122
f 500 499 1098
f 1140 1142 502
f 609 608 1142
f 1139 1098 1100
f 507 506 1143
f 1097 451 507
f 1144 648 599
f 1144 1143 1145
f 509 502 1142
f 1147 1149 512
f 684 683 1149
f 1146 1142 608
f 515 512 1149
f 1151 1153 518
f 690 689 1153
f 1150 1149 683
f 522 518 1153
f 1154 1155 523
f 732 1131 1155
f 1154 1153 689
f 525 523 1155
f 1156 1121 527
f 1133 1138 1121
f 1156 1155 1131
f 1137 1138 1132
f 1157 1088 1115
f 1158 1085 1088
f 1157 1132 1159
f 1018 1020 1160
f 1161 726 725
f 1158 1159 730
f 1162 1094 1085
f 1163 1167 1164
f 1166 1193 1167
f 1168 2364 1169
f 1165 1164 1168
f 1171 1202 1172
f 1173 1189 1174
f 1175 1191 1176
f 1178 2365 1175
f 1179 2365 1178
f 1181 1185 1182
f 1184 1182 1185
f 1186 1245 1187
f 1188 1174 1189
f 1190 1176 1191
f 1192 1195 1193
f 1194 1197 1195
f 1196 1199 1197
f 1198 2366 1199
f 1200 2366 1198
f 1201 1172 1202
f 1116 2367 1203
f 468 470 1204
f 1105 464 1206
f 1109 1211 1208
f 1120 1119 1209
f 1108 1223 1211
f 463 466 1212
f 466 468 1205
f 464 463 1213
f 497 1219 1214
f 1112 1208 1215
f 479 1120 1210
f 473 495 1214
f 480 1221 1218
f 475 1218 1219
f 1136 1135 1203
f 1119 1136 1220
f 479 1216 1221
f 470 2356 1222
f 1105 1207 1223
f 1224 1232 1047
f 1048 907 1225
f 906 1228 1226
f 906 1029 1227
f 1229 1227 1029
f 1035 1042 1230
f 1231 1240 1015
f 1017 1047 1232
f 1014 1234 1233
f 1026 1407 1234
f 1235 1238 1006
f 1012 1233 1236
f 1237 1408 1038
f 1033 1006 1238
f 1239 1407 1026
f 1028 1015 1240
f 1241 1243 1041
f 1044 904 1226
f 1242 1225 907
f 1005 1041 1243
f 412 414 571
f 574 347 412
f 387 390 567
f 568 571 414
f 381 384 538
f 564 567 390
f 562 376 377
f 547 357 376
f 558 370 361
f 558 560 368
f 551 364 353
f 556 361 363
f 549 355 357
f 550 353 355
f 344 347 574
f 546 377 344
f 539 333 337
f 539 535 329
f 326 329 535
f 537 538 384
f 1201 1198 961
f 1022 919 1172
f 1194 955 959
f 1196 959 961
f 1166 895 953
f 1192 953 955
f 1190 1189 917
f 949 948 1176
f 1186 1185 933
f 942 941 1245
f 1180 1178 926
f 934 933 1185
f 1177 1176 948
f 927 926 1178
f 1173 1172 919
f 918 917 1189
f 1170 1169 1246
f 1170 900 896
f 1163 1165 896
f 1163 893 895
f 1055 1254 1247
f 990 1247 1248
f 1060 1049 1249
f 1250 1409 986
f 986 1409 1251
f 984 1251 1252
f 1061 1262 1253
f 993 1253 1254
f 982 1001 1255
f 1256 1410 969
f 974 1260 1257
f 999 1353 1255
f 977 2368 1259
f 1058 1259 1257
f 969 1410 1261
f 1062 1261 1262
f 966 1265 1263
f 1263 1249 1049
f 1064 1248 1264
f 1053 1264 1265
f 1162 730 726
f 1161 1160 1094
f 1076 1078 1125
f 1124 1125 817
f 1095 1094 1160
f 1092 1091 1081
f 1077 1081 1091
f 1079 1078 1076
f 824 826 810
f 822 817 819
f 814 816 815
f 813 810 811
f 801 800 773
f 798 797 815
f 783 786 1266
f 785 784 762
f 777 776 758
f 774 773 800
f 763 762 784
f 759 758 776
f 719 722 724
f 728 724 726
f 717 677 720
f 718 720 722
f 670 662 667
f 675 677 717
f 660 595 669
f 664 665 667
f 642 646 644
f 640 644 645
f 588 582 597
f 590 593 595
f 577 576 645
f 583 582 588
f 533 531 158
f 534 447 531
f 484 430 428
f 483 482 259
f 448 446 447
f 443 442 432
f 431 432 442
f 428 430 431
f 264 263 251
f 260 259 482
f 239 238 257
f 252 251 263
f 211 210 243
f 241 236 238
f 226 227 223
f 224 223 199
f 194 193 216
f 213 209 210
f 198 199 201
f 196 191 193
f 160 161 154
f 165 158 160
f 152 155 105
f 152 154 161
f 101 108 109
f 104 105 107
f 99 98 16
f 91 93 109
f 68 71 1267
f 65 1 11
f 23 22 6
f 17 16 98
f 3 12 11
f 6 22 7
f 102 107 1268
f 1270 252 253
f 1272 675 672
f 812 811 1274
f 1276 690 1151
f 1277 1151 1152
f 1279 885 883
f 1280 883 884
f 1282 1281 884
f 1282 879 878
f 1275 1291 701
f 811 805 1284
f 1284 805 802
f 1285 802 804
f 1287 710 693
f 1289 138 710
f 1290 695 701
f 1288 693 695
f 1292 674 688
f 1293 688 690
f 1283 878 675
f 1273 672 674
f 517 520 1294
f 1295 1278 1152
f 320 321 1296
f 1298 315 320
f 1299 313 315
f 1299 1309 106
f 253 254 1300
f 1301 248 252
f 1302 244 248
f 1302 1311 1303
f 1304 1306 123
f 136 138 1289
f 1305 1300 254
f 124 123 1306
f 118 121 1307
f 1308 1294 520
f 107 106 1309
f 1269 1307 121
f 1269 1268 108
f 1271 255 257
f 670 678 1272
f 1275 1274 816
f 1277 1150 686
f 1278 515 1150
f 1281 881 887
f 1280 887 889
f 1283 679 882
f 882 881 1281
f 1274 1284 808
f 1275 814 699
f 1286 809 807
f 1285 807 808
f 1287 1288 698
f 711 139 1289
f 1291 699 696
f 1290 696 698
f 1293 687 692
f 1276 686 687
f 678 679 1283
f 1292 692 670
f 1295 1294 116
f 516 515 1278
f 322 316 1298
f 1297 1296 1310
f 317 318 1309
f 1298 316 317
f 1270 257 256
f 1271 1300 128
f 249 250 1311
f 1302 1301 256
f 141 142 1306
f 1289 139 141
f 125 128 1300
f 1305 1306 142
f 1308 1307 100
f 117 116 1294
f 1268 1309 318
f 101 100 1307
f 1312 91 94
f 1314 1343 236
f 1315 1333 665
f 1316 798 795
f 1318 684 1147
f 1319 1147 1148
f 1321 1356 874
f 873 872 1322
f 1323 1322 872
f 867 866 1324
f 1325 708 798
f 1317 795 790
f 1326 790 787
f 1327 787 789
f 714 702 1329
f 1330 1349 147
f 1331 703 708
f 1329 702 703
f 1332 1334 663
f 1332 682 684
f 1333 1324 866
f 664 663 1334
f 511 514 1335
f 1336 1320 1148
f 1337 307 309
f 1339 304 307
f 1340 302 304
f 1341 96 302
f 241 240 1342
f 1343 1344 231
f 228 231 1344
f 1345 1358 1346
f 1347 131 145
f 1348 145 147
f 1350 1342 240
f 130 131 1347
f 112 115 1351
f 1352 1335 514
f 1313 94 96
f 1312 1351 115
f 261 264 265
f 820 819 826
f 999 974 1258
f 935 934 1181
f 554 363 364
f 1067 1236 1235
f 1180 1181 1183
f 1008 1007 1354
f 997 998 932
f 1260 974 976
f 937 932 934
f 929 930 825
f 819 818 825
f 824 823 741
f 742 745 738
f 744 180 179
f 735 741 823
f 739 738 745
f 551 553 1355
f 403 402 362
f 363 362 402
f 358 258 266
f 260 265 266
f 175 174 264
f 177 181 172
f 179 180 181
f 169 173 174
f 171 172 173
f 1313 99 88
f 242 243 1343
f 661 669 1333
f 1317 801 799
f 1319 1146 680
f 1320 509 1146
f 1321 1322 869
f 876 875 1356
f 1323 1324 668
f 870 869 1322
f 1326 793 801
f 1316 799 706
f 1327 1328 1357
f 1327 792 793
f 1329 705 715
f 715 148 1349
f 1325 706 704
f 1331 704 705
f 681 659 1334
f 1318 680 681
f 669 668 1324
f 1315 1334 659
f 1336 1335 110
f 510 509 1320
f 1337 311 305
f 1338 310 311
f 1340 306 97
f 1339 305 306
f 243 232 1344
f 1314 1342 134
f 1345 233 235
f 1345 1344 232
f 149 150 1347
f 1349 148 149
f 132 134 1342
f 1350 1347 150
f 1352 1351 90
f 111 110 1335
f 1341 97 99
f 1312 88 90
f 1359 17 18
f 1361 1391 209
f 1362 1382 593
f 1363 774 771
f 1365 609 1140
f 1366 1140 1141
f 1368 1401 1369
f 850 849 1370
f 1371 1370 849
f 844 843 1372
f 1373 620 774
f 1364 771 772
f 1374 772 766
f 766 765 1376
f 1377 628 611
f 1377 1397 54
f 1379 613 620
f 1378 611 613
f 1380 592 607
f 1381 607 609
f 1382 1372 843
f 1362 590 592
f 501 504 1383
f 1384 1367 1141
f 1385 287 289
f 1387 284 287
f 1388 282 284
f 1389 20 282
f 213 212 1390
f 1391 1393 206
f 1392 204 206
f 1394 202 204
f 1395 38 52
f 1396 52 54
f 1398 1390 212
f 39 38 1395
f 34 15 1399
f 1400 1383 504
f 1360 18 20
f 1359 1399 15
f 1360 23 14
f 214 216 1391
f 589 597 1382
f 1364 777 775
f 1366 1139 605
f 1367 500 1139
f 1368 1370 846
f 1368 852 854
f 1371 1372 596
f 847 846 1370
f 1374 769 777
f 1363 775 617
f 1376 770 768
f 1375 768 769
f 1378 616 631
f 631 55 1397
f 1373 617 614
f 1379 614 616
f 1381 606 587
f 1365 605 606
f 597 596 1372
f 1380 587 589
f 1384 1383 32
f 1384 498 500
f 1385 290 292
f 1385 1386 1402
f 1388 285 21
f 1387 292 285
f 216 215 1393
f 1361 1390 43
f 207 208 1394
f 1392 1393 215
f 57 58 1395
f 1397 55 57
f 40 43 1390
f 1398 1395 58
f 1400 1399 13
f 33 32 1383
f 1389 21 23
f 14 13 1399
f 4 7 12
f 197 201 191
f 584 583 578
f 760 759 756
f 1096 1101 602
f 1099 453 452
f 840 837 836
f 836 829 833
f 833 829 827
f 831 827 581
f 761 627 759
f 763 756 749
f 753 749 746
f 751 746 748
f 633 639 623
f 637 636 60
f 624 621 627
f 624 623 639
f 575 580 603
f 598 603 602
f 586 581 583
f 577 578 580
f 450 455 456
f 452 453 455
f 275 276 1404
f 271 270 275
f 273 268 270
f 10 9 268
f 196 195 50
f 201 200 186
f 183 186 200
f 187 190 1405
f 62 47 45
f 61 60 636
f 49 50 195
f 46 45 47
f 27 30 2
f 26 456 27
f 7 9 10
f 3 2 30
f 1236 403 404
f 419 420 1232
f 1224 1225 392
f 417 418 1226
f 1228 1227 416
f 415 416 1227
f 1229 1230 1406
f 406 408 1240
f 1231 1232 420
f 1234 405 401
f 1407 396 405
f 1235 404 397
f 1233 401 403
f 398 400 1408
f 1237 1238 397
f 1239 395 396
f 1239 1240 408
f 393 394 1243
f 1241 1226 418
f 391 392 1225
f 1242 1243 394
f 1353 1258 998
f 1254 1011 1065
f 1247 1065 965
f 1250 1249 973
f 1250 1031 1025
f 1409 1025 1024
f 1251 1024 1023
f 1262 980 1009
f 1253 1009 1011
f 1256 1255 996
f 1003 1002 1410
f 1258 1257 987
f 997 996 1255
f 1259 2368 1411
f 988 987 1257
f 1261 1410 1002
f 981 980 1262
f 1265 964 972
f 972 973 1249
f 1248 965 963
f 1264 963 964
f 1412 1831 1413
f 1415 1905 1416
f 1418 1427 1419
f 1421 1426 1422
f 1423 2344 1424
f 1425 1454 1426
f 1427 2349 1428
f 1419 1428 1429
f 1431 1915 1417
f 1420 1419 1430
f 1433 1436 1434
f 1436 1452 1437
f 1438 1768 1439
f 1440 1443 1441
f 1443 1916 1444
f 1445 2347 1441
f 1446 1450 1447
f 1436 1433 1449
f 1450 1449 1451
f 1452 1436 1450
f 1453 1426 1454
f 1432 1430 1456
f 1453 1460 1458
f 1459 1422 1426
f 1455 1467 1460
f 1430 1429 1461
f 1456 1461 1462
f 1464 1427 1418
f 1457 1456 1463
f 1414 1460 1467
f 1414 1413 1468
f 1469 1458 1460
f 1470 1472 1434
f 1463 1462 1471
f 1472 1471 1435
f 1466 1463 1472
f 1421 1424 1439
f 1473 1479 1474
f 1475 1492 1476
f 1473 1476 1477
f 1478 1800 1479
f 1480 1487 1481
f 1480 1482 1483
f 1480 1484 1485
f 1486 1802 1487
f 1488 1493 1489
f 1490 1505 1491
f 1488 1491 1492
f 1475 1474 1493
f 1484 1483 1494
f 1495 1494 1496
f 1495 1497 1498
f 1499 1485 1484
f 1500 1506 1501
f 1500 1502 1503
f 1500 1504 1505
f 1490 1489 1506
f 1497 1496 1507
f 1508 1507 1509
f 1508 1510 1511
f 1512 1498 1497
f 1513 1517 1514
f 1515 1576 1516
f 1513 1516 1503
f 1502 1501 1517
f 1518 1510 1509
f 1518 1519 1520
f 1521 1532 1522
f 1522 1511 1510
f 1523 2248 1524
f 1524 1584 1526
f 1526 1576 1515
f 1525 1515 1514
f 1521 1520 1527
f 1528 1527 1529
f 1530 2090 1531
f 1528 1531 1532
f 1533 1539 1534
f 1535 1596 1536
f 1533 1536 1537
f 1538 2079 1539
f 1540 1546 1541
f 1542 1602 1543
f 1540 1543 1544
f 1545 2270 1546
f 1547 1560 1548
f 1549 1548 1550
f 1551 1477 1476
f 1549 1476 1492
f 1482 1481 1552
f 1553 1552 1554
f 1555 1613 1556
f 1553 1556 1483
f 1557 1617 1558
f 1559 1558 1560
f 1547 1492 1491
f 1559 1491 1505
f 1561 1494 1483
f 1556 1613 1562
f 1561 1562 1563
f 1564 1496 1494
f 1565 1568 1566
f 1567 1617 1557
f 1557 1505 1504
f 1504 1503 1568
f 1569 1507 1496
f 1564 1563 1570
f 1569 1570 1571
f 1572 1509 1507
f 1573 1583 1574
f 1575 1574 1566
f 1568 1503 1516
f 1575 1516 1576
f 1577 1519 1509
f 1577 1572 1571
f 1578 1587 1579
f 1577 1579 1520
f 1580 1585 1581
f 1580 1582 1583
f 1573 1576 1526
f 1580 1526 1584
f 1586 1527 1520
f 1586 1579 1587
f 1586 1588 1589
f 1590 1529 1527
f 1591 1650 1592
f 1593 1592 1594
f 1595 1537 1536
f 1593 1536 1596
f 1542 1541 1597
f 1598 1597 1599
f 1600 1656 1601
f 1598 1601 1602
f 1603 1607 1604
f 1605 2369 1606
f 1603 1606 1550
f 1603 1548 1560
f 1608 1555 1554
f 1609 1862 1610
f 1608 1610 1611
f 1608 1612 1613
f 1614 1625 1615
f 1615 1604 1607
f 1607 1560 1558
f 1616 1558 1617
f 1618 1562 1613
f 1612 1611 1619
f 1618 1619 1620
f 1621 1563 1562
f 1622 1633 1623
f 1624 1623 1625
f 1624 1614 1617
f 1567 1566 1622
f 1626 1570 1563
f 1621 1620 1627
f 1626 1627 1628
f 1629 1571 1570
f 1630 1640 1631
f 1632 1631 1633
f 1622 1566 1574
f 1632 1574 1583
f 1578 1571 1629
f 1634 1629 1628
f 1635 1642 1636
f 1634 1636 1587
f 1637 1692 1638
f 1639 1638 1640
f 1630 1583 1582
f 1582 1581 1637
f 1588 1587 1636
f 1641 1636 1642
f 1643 1697 1644
f 1644 1589 1588
f 1645 1703 1646
f 1647 1646 1648
f 1649 1594 1592
f 1647 1592 1650
f 1651 1600 1599
f 1651 1652 1653
f 1654 2370 1655
f 1651 1655 1656
f 1657 1661 1658
f 1659 1713 1660
f 1660 2369 1605
f 1657 1605 1604
f 1610 1862 1662
f 1663 1662 1664
f 1665 1726 1666
f 1663 1666 1611
f 1667 1732 1668
f 1668 1658 1661
f 1661 1604 1615
f 1669 1615 1625
f 1670 1619 1611
f 1666 1726 1671
f 1670 1671 1672
f 1673 1620 1619
f 1674 1677 1675
f 1676 1732 1667
f 1674 1667 1625
f 1623 1633 1677
f 1678 1627 1620
f 1673 1672 1679
f 1678 1679 1680
f 1681 1628 1627
f 1682 1691 1683
f 1683 1675 1677
f 1677 1633 1631
f 1684 1631 1640
f 1635 1628 1681
f 1685 1681 1680
f 1686 1694 1687
f 1685 1687 1642
f 1688 1747 1689
f 1690 1689 1691
f 1682 1640 1638
f 1690 1638 1692
f 1643 1642 1687
f 1693 1687 1694
f 1695 1751 1696
f 1693 1696 1697
f 1698 1758 1699
f 1700 1699 1701
f 1702 1648 1646
f 1700 1646 1703
f 1654 1653 1704
f 1705 1704 1706
f 1705 1707 1708
f 1709 2370 1654
f 1710 1875 1711
f 1712 1711 1713
f 1659 1658 1714
f 1712 1714 1715
f 1716 1726 1665
f 1717 1665 1664
f 1718 1879 1719
f 1717 1719 1720
f 1721 1715 1714
f 1722 1714 1658
f 1668 1732 1723
f 1722 1723 1724
f 1725 1729 1672
f 1725 1671 1726
f 1716 1720 1727
f 1725 1727 1728
f 1730 1724 1723
f 1731 1723 1732
f 1676 1675 1733
f 1731 1733 1734
f 1735 1680 1679
f 1679 1672 1729
f 1736 1729 1728
f 1736 1737 1738
f 1739 1734 1733
f 1740 1733 1675
f 1683 1691 1741
f 1740 1741 1742
f 1743 1745 1694
f 1743 1686 1680
f 1735 1738 1744
f 1744 1752 1745
f 1746 1749 1742
f 1741 1691 1689
f 1746 1689 1747
f 1748 2011 1749
f 1750 1754 1751
f 1695 1694 1745
f 1750 1745 1752
f 1753 2015 1754
f 1755 2028 1756
f 1756 1701 1699
f 1757 1699 1758
f 1759 2371 1755
f 1760 1764 1708
f 1707 1706 1761
f 1760 1761 1762
f 1763 2035 1764
f 1765 1776 1766
f 1768 1765 1767
f 1465 1418 1769
f 1770 1769 1771
f 1773 1807 1774
f 1776 1773 1775
f 1777 1779 1772
f 1778 1810 1779
f 1780 1793 1781
f 1782 1781 1767
f 1766 1775 1783
f 1782 1783 1784
f 1785 1777 1771
f 1786 1771 1769
f 1787 1797 1788
f 1786 1788 1789
f 1790 1780 1784
f 1791 1800 1478
f 1478 1477 1792
f 1790 1792 1793
f 1794 1481 1487
f 1487 1802 1796
f 1795 1796 1789
f 1795 1788 1797
f 1798 1783 1775
f 1774 1808 1799
f 1798 1799 1800
f 1791 1784 1783
f 1801 1796 1802
f 1803 1809 1778
f 1801 1778 1777
f 1785 1789 1796
f 1804 1941 1805
f 1807 2294 1808
f 1809 2071 1810
f 1811 1903 1812
f 1814 1818 1815
f 1816 1767 1781
f 1814 1781 1793
f 1817 1825 1818
f 1819 1823 1797
f 1787 1769 1820
f 1819 1820 1821
f 1822 1828 1823
f 1824 1826 1825
f 1817 1793 1792
f 1824 1792 1477
f 1551 1550 1826
f 1827 1552 1481
f 1794 1797 1823
f 1827 1823 1828
f 1827 1829 1554
f 1816 1815 1454
f 1425 1439 1767
f 1432 1821 1820
f 1420 1820 1769
f 1830 1838 1831
f 1412 1467 1832
f 1437 1843 1833
f 1470 1833 1834
f 1835 1886 1836
f 1837 1836 1838
f 1830 1832 1839
f 1837 1839 1840
f 1841 1834 1833
f 1842 1833 1843
f 1844 1863 1845
f 1842 1845 1846
f 1847 1832 1467
f 1455 1454 1815
f 1466 1834 1848
f 1457 1848 1821
f 1849 1840 1839
f 1850 1839 1832
f 1847 1815 1818
f 1850 1818 1825
f 1822 1821 1848
f 1851 1848 1834
f 1841 1846 1852
f 1851 1852 1828
f 1853 1854 1840
f 1849 1825 1826
f 1853 1826 1550
f 1606 2369 1854
f 1855 1609 1554
f 1829 1828 1852
f 1855 1852 1846
f 1856 1862 1609
f 1857 1886 1835
f 1835 1840 1854
f 1854 2369 1859
f 1858 1859 1860
f 1861 1865 1862
f 1856 1846 1845
f 1861 1845 1863
f 1864 1870 1865
f 1866 1868 1860
f 1859 2369 1660
f 1866 1660 1713
f 1867 1874 1868
f 1869 1872 1664
f 1662 1862 1865
f 1869 1865 1870
f 1871 1880 1872
f 1873 1877 1874
f 1867 1713 1711
f 1873 1711 1875
f 1876 1897 1877
f 1878 1882 1879
f 1718 1664 1872
f 1878 1872 1880
f 1881 1805 1882
f 1883 1442 1831
f 1838 1836 1884
f 1452 1887 1843
f 1885 1884 1836
f 1887 1889 1844
f 1886 1857 1888
f 1889 1891 1863
f 1890 1888 1857
f 1891 1892 1864
f 1868 1893 1890
f 1892 1894 1870
f 1874 1895 1893
f 1894 1896 1871
f 1877 1898 1895
f 1896 1935 1880
f 1897 1901 1898
f 1880 1935 1899
f 1900 2343 1901
f 1881 1899 1806
f 1902 1812 1903
f 1904 1416 1905
f 1906 2332 1907
f 1440 1911 1909
f 1442 1883 1911
f 1448 1922 1912
f 1446 1912 1887
f 1913 1415 1417
f 1915 1917 1914
f 1448 1447 1915
f 1440 1910 1916
f 1447 1451 1917
f 1918 1926 1919
f 1920 1919 1909
f 1920 1911 1883
f 1884 1885 1918
f 1889 1887 1912
f 1921 1912 1922
f 1923 1929 1924
f 1921 1924 1891
f 1925 1927 1926
f 1925 1918 1885
f 1888 1890 1893
f 1925 1893 1895
f 1928 1896 1894
f 1892 1891 1924
f 1928 1924 1929
f 1930 1935 1896
f 1931 2338 1932
f 1933 1932 1926
f 1927 1895 1898
f 1933 1898 1901
f 1934 1899 1935
f 1930 1929 1936
f 1934 1936 1811
f 1937 1806 1899
f 1416 1904 1938
f 1431 1938 1922
f 1923 1922 1938
f 1939 1938 1904
f 1903 1811 1936
f 1939 1936 1929
f 1897 2058 1940
f 1941 2065 1942
f 1943 1958 1944
f 1945 1944 1946
f 1947 1875 1710
f 1945 1710 1715
f 1719 1879 1948
f 1949 1948 1950
f 1951 1964 1952
f 1952 1720 1719
f 1953 2173 1954
f 1955 1954 1956
f 1957 1946 1944
f 1955 1944 1958
f 1951 1950 1959
f 1960 1959 1961
f 1962 2351 1963
f 1960 1963 1964
f 1965 1968 1966
f 1967 1958 1943
f 1965 1943 1715
f 1721 1724 1968
f 1969 1727 1720
f 1952 1964 1970
f 1970 1976 1971
f 1971 1728 1727
f 1972 2002 1973
f 1974 1973 1966
f 1974 1968 1724
f 1730 1734 1972
f 1737 1728 1971
f 1975 1971 1976
f 1977 1990 1978
f 1975 1978 1738
f 1979 1984 1980
f 1979 1981 1982
f 1983 1966 1973
f 1973 2002 1984
f 1977 1976 1985
f 1986 1985 1987
f 1988 2372 1989
f 1986 1989 1990
f 1991 1994 1992
f 1993 2002 1972
f 1991 1972 1734
f 1739 1742 1994
f 1995 1744 1738
f 1978 1990 1996
f 1995 1996 1997
f 1998 1752 1744
f 1999 2003 2000
f 2001 1980 1984
f 1999 1984 2002
f 1993 1992 2003
f 2004 1996 1990
f 1989 2372 2005
f 2004 2005 2006
f 2007 1997 1996
f 2008 2019 2009
f 2010 2009 1992
f 1994 1742 1749
f 2010 1749 2011
f 1753 1752 1998
f 2012 1998 1997
f 2013 2023 2014
f 2012 2014 2015
f 2016 2164 2017
f 2017 2000 2003
f 2018 2003 1992
f 2018 2009 2019
f 2013 1997 2007
f 2007 2006 2021
f 2021 2166 2022
f 2020 2022 2023
f 2024 2029 2025
f 2026 2141 2027
f 2024 2027 2028
f 1755 2371 2029
f 1763 1762 2030
f 2031 2030 2032
f 2033 2047 2034
f 2031 2034 2035
f 2036 2041 2037
f 2036 2038 2039
f 2040 2141 2026
f 2026 2025 2041
f 2033 2032 2042
f 2043 2042 2044
f 2045 2373 2046
f 2043 2046 2047
f 2048 2060 2049
f 2050 2049 1946
f 1957 1956 2051
f 2050 2051 2052
f 2053 2057 1961
f 1959 1950 2054
f 2053 2054 2055
f 2056 2073 2057
f 2058 1897 1876
f 2059 1876 1875
f 1947 1946 2049
f 2059 2049 2060
f 2061 2054 1950
f 1948 1879 1882
f 1882 1805 1942
f 2061 1942 2055
f 2062 1940 2058
f 2060 2048 2063
f 2064 2072 2056
f 2065 2064 2055
f 2066 2063 2048
f 2067 2288 2068
f 2070 2374 2071
f 2072 2375 2073
f 1538 1537 2074
f 2075 2074 2076
f 2077 2088 2078
f 2075 2078 2079
f 2080 2084 2081
f 2082 2092 2083
f 2080 2083 1541
f 1546 2270 2084
f 2077 2076 2085
f 2086 2085 1584
f 1524 2248 2087
f 2086 2087 2088
f 2089 2093 2090
f 1530 1529 2091
f 2089 2091 2092
f 2082 2081 2093
f 1595 1594 2094
f 2095 2094 2096
f 2097 2076 2074
f 2095 2074 1537
f 2098 2083 2092
f 2099 2105 2100
f 2100 1599 1597
f 1597 1541 2083
f 2097 2096 2101
f 2101 1581 1585
f 1585 1584 2085
f 2102 2085 2076
f 2103 2091 1529
f 1590 1589 2104
f 2103 2104 2105
f 2099 2092 2091
f 1649 1648 2106
f 2107 2106 2108
f 2109 2096 2094
f 2107 2094 1594
f 2110 2100 2105
f 2111 2117 2112
f 2110 2112 1653
f 1652 1599 2100
f 2109 2108 2113
f 2114 2113 1692
f 2114 1637 1581
f 2101 2096 2109
f 2115 2104 1589
f 1644 1697 2116
f 2115 2116 2117
f 2111 2105 2104
f 1702 1701 2118
f 2119 2118 2120
f 2121 2108 2106
f 2119 2106 1648
f 2112 2117 2122
f 2123 2122 2124
f 2125 1706 1704
f 2123 1704 1653
f 2121 2120 2126
f 2127 2126 1747
f 1688 1692 2113
f 2127 2113 2108
f 2116 1697 1696
f 2128 1696 1751
f 2129 2124 2122
f 2128 2122 2117
f 1748 1747 2126
f 2130 2126 2120
f 2131 2144 2132
f 2130 2132 2011
f 2133 2146 2134
f 2135 2134 2124
f 2129 1751 1754
f 2135 1754 2015
f 2131 2120 2118
f 2136 2118 1701
f 2136 1756 2028
f 2137 2144 2131
f 2138 1762 1761
f 2139 1761 1706
f 2125 2124 2134
f 2134 2146 2138
f 2140 2027 2141
f 2142 2150 2143
f 2140 2143 2144
f 2137 2028 2027
f 2145 2138 2146
f 2147 2168 2148
f 2148 2032 2030
f 2145 2030 1762
f 2149 2143 2150
f 2149 2151 2019
f 2149 2008 2011
f 2132 2144 2143
f 2133 2015 2014
f 2152 2014 2023
f 2153 2168 2147
f 2152 2147 2146
f 2040 2039 2154
f 2155 2154 2156
f 2157 2150 2142
f 2155 2142 2141
f 2148 2168 2158
f 2159 2158 2160
f 2161 2044 2042
f 2159 2042 2032
f 2157 2156 2162
f 2163 2162 2164
f 2016 2019 2151
f 2163 2151 2150
f 2153 2023 2022
f 2165 2022 2166
f 2167 2160 2158
f 2165 2158 2168
f 1983 1982 2169
f 1970 1964 1963
f 2172 1987 1985
f 2173 1953 2170
f 2170 1967 1966
f 2174 2178 2175
f 2176 1474 1479
f 1479 1800 2177
f 2177 2287 2178
f 2179 1802 1486
f 2180 1486 1485
f 2180 2181 2182
f 2183 2282 2179
f 2184 2189 2185
f 2186 2197 2187
f 2184 2187 2175
f 2188 2329 2189
f 2190 2195 2182
f 2191 2201 2192
f 2190 2192 2193
f 2194 2330 2195
f 2196 2187 2197
f 2198 1489 1493
f 2196 1493 1474
f 2176 2175 2187
f 2199 2181 1485
f 1499 1498 2200
f 2199 2200 2201
f 2191 2182 2181
f 2202 2206 2203
f 2204 2213 2205
f 2202 2205 2197
f 2186 2185 2206
f 2207 2192 2201
f 2208 2217 2209
f 2207 2209 2210
f 2211 2193 2192
f 2212 2205 2213
f 2214 1501 1506
f 2212 1506 1489
f 2198 2197 2205
f 2215 2200 1498
f 1512 1511 2216
f 2215 2216 2217
f 2208 2201 2200
f 2218 2237 2219
f 2220 2219 2221
f 2222 2213 2204
f 2220 2204 2203
f 2223 2209 2217
f 2223 2224 2225
f 2226 2245 2227
f 2223 2227 2210
f 2222 2221 2228
f 2229 2228 1514
f 2229 1517 1501
f 2229 2214 2213
f 2230 2216 1511
f 2230 1522 1532
f 2231 2225 2224
f 2230 2224 2217
f 2232 2238 2233
f 2232 2234 2235
f 2236 2221 2219
f 2232 2219 2237
f 2226 2225 2239
f 2240 2239 2241
f 2240 2242 2243
f 2240 2244 2245
f 2236 2235 2246
f 2247 2246 2248
f 1523 1514 2228
f 2247 2228 2221
f 2231 1532 1531
f 2249 1531 2090
f 2250 2241 2239
f 2249 2239 2225
f 2251 2257 2252
f 2253 2266 2254
f 2251 2254 2255
f 2256 2317 2257
f 2258 2264 2259
f 2260 2376 2261
f 2258 2261 2262
f 2263 2322 2264
f 2265 2254 2266
f 2267 1534 1539
f 2265 1539 2079
f 2268 2255 2254
f 2269 2272 2270
f 1545 1544 2271
f 2271 2376 2260
f 2269 2260 2259
f 2273 2278 2274
f 2275 2287 2276
f 2273 2276 2067
f 2277 2291 2278
f 2279 2290 2280
f 2281 2280 2282
f 2283 2377 2284
f 2281 2284 2285
f 2286 2276 2287
f 2177 1800 1799
f 2286 1799 1808
f 2288 2067 2276
f 2289 2070 1809
f 1803 1802 2179
f 2179 2282 2280
f 2289 2280 2290
f 2291 2277 2292
f 2288 1808 2294
f 2295 2298 2279
f 2296 1916 1910
f 2277 2067 2069
f 2290 2279 2298
f 1813 2346 1937
f 2299 2374 2070
f 2300 2305 2301
f 2300 2302 2303
f 2304 2235 2234
f 2234 2233 2305
f 2242 2241 2306
f 2307 2306 2308
f 2307 2309 2310
f 2311 2243 2242
f 2304 2303 2312
f 2313 2312 2088
f 2313 2087 2248
f 2313 2246 2235
f 2250 2090 2093
f 2314 2093 2081
f 2315 2308 2306
f 2314 2306 2241
f 2316 2319 2317
f 2316 2256 2255
f 2318 2303 2302
f 2302 2301 2319
f 2309 2308 2320
f 2321 2320 2259
f 2321 2264 2322
f 2323 2310 2309
f 2318 2255 2268
f 2324 2268 2079
f 2078 2088 2312
f 2324 2312 2303
f 2315 2081 2084
f 2325 2084 2270
f 2272 2259 2320
f 2325 2320 2308
f 2188 2175 2178
f 2183 2182 2195
f 2328 2377 2283
f 2326 2352 2329
f 2330 2328 2327
f 2327 2283 2282
f 2331 1907 2332
f 2334 1906 1908
f 2336 2342 2337
f 2296 1907 2331
f 2339 1444 1916
f 2297 1908 1907
f 2297 1910 1909
f 2340 2335 1908
f 2341 2337 2335
f 2340 1909 1919
f 2341 1919 1926
f 2341 1932 2338
f 2335 2337 2342
f 2343 2348 1931
f 1438 1424 2344
f 2346 1804 1806
f 1468 1413 1441
f 2348 2336 2338
f 2349 1427 1464
f 2171 1963 2351
f 1976 1970 2171
f 1953 1958 1967
f 2287 2275 2326
f 2275 2274 2352
f 1413 1831 1442

