# https://github.com/mikedh/trimesh

o v2_Body-mesh
v -0.03379427 -0.18124144 1.63025412
v -0.03407470 -0.18114796 1.62931839
v -0.03005509 -0.18189579 1.62950538
v -0.03388770 -0.18133500 1.63100196
v -0.02996159 -0.18208284 1.63081408
v -0.02986810 -0.18208284 1.63193580
v -0.03762688 -0.18030674 1.62950538
v -0.03790731 -0.18002630 1.63025412
v -0.03398120 -0.18105458 1.63212279
v -0.04127256 -0.17815663 1.62922579
v -0.03809429 -0.17965238 1.63118795
v -0.04099213 -0.17815663 1.62838456
v -0.04398347 -0.17535235 1.62754322
v -0.04202041 -0.17768932 1.62997274
v -0.04342261 -0.17563277 1.62716935
v -0.04501174 -0.17404363 1.62679448
v -0.04463781 -0.17516529 1.62838356
v -0.04426389 -0.17469798 1.62642150
v -0.04547915 -0.17245439 1.62585964
v -0.04585308 -0.17320223 1.62726184
v -0.04482481 -0.17320223 1.62567366
v -0.04575958 -0.17151961 1.62511180
v -0.04650743 -0.17170665 1.62614013
v -0.04491824 -0.17226752 1.62511180
v -0.04557265 -0.17105230 1.62436395
v -0.04669436 -0.17077186 1.62501830
v -0.04463781 -0.17170665 1.62436395
v -0.04660086 -0.17039795 1.62417707
v -0.04622700 -0.17030447 1.62305525
v -0.04501174 -0.17105230 1.62333573
v -0.04557265 -0.17049143 1.62202703
v -0.04426389 -0.17170665 1.62361711
v -0.04445088 -0.17142621 1.62249528
v -0.04192691 -0.17432407 1.62034535
v -0.04267476 -0.17320232 1.61940962
v -0.03958993 -0.17628714 1.61810092
v -0.04173998 -0.17507190 1.62118658
v -0.03912257 -0.17712845 1.61913014
v -0.03033552 -0.18040022 1.61959751
v -0.03042901 -0.17965238 1.61847568
v -0.02612893 -0.17983934 1.61884966
v -0.03070943 -0.17937195 1.61735397
v -0.02622242 -0.17955891 1.61772795
v -0.02285717 -0.17946543 1.62034535
v -0.02631591 -0.18030674 1.61987788
v -0.02238981 -0.17927847 1.61856828
v -0.02052019 -0.17853064 1.62109320
v -0.02257674 -0.17946543 1.61950401
v -0.02014627 -0.17862412 1.62034535
v -0.02996159 -0.18208275 1.63006624
v -0.02612893 -0.18133500 1.62875753
v -0.02547457 -0.18152187 1.63109446
v -0.02154847 -0.18142848 1.62941189
v -0.02566156 -0.18152187 1.63006624
v -0.02220281 -0.18077404 1.62800969
v -0.02594199 -0.18161535 1.62941189
v -0.01855713 -0.18077413 1.62772920
v -0.02192238 -0.18105458 1.62866404
v -0.01939842 -0.18002630 1.62642050
v -0.02248324 -0.18040022 1.62735534
v -0.01668758 -0.17983934 1.62623362
v -0.01893106 -0.18021317 1.62698136
v -0.01967890 -0.17974586 1.62585964
v -0.01837020 -0.17899803 1.62511180
v -0.01519188 -0.17918499 1.62511180
v -0.01603317 -0.17899803 1.62492481
v -0.01537882 -0.17853064 1.62408358
v -0.01584624 -0.17796975 1.62408358
v -0.01678102 -0.17890446 1.62464444
v -0.01696800 -0.17796975 1.62455094
v -0.01472447 -0.17871760 1.62427046
v -0.01519188 -0.17834367 1.62305525
v -0.01575274 -0.17768932 1.62333573
v -0.01631365 -0.17750236 1.62389659
v -0.01463102 -0.17871760 1.62296175
v -0.01547231 -0.17825010 1.62221402
v -0.01622016 -0.17768932 1.62249439
v -0.01650059 -0.17712845 1.62333573
v -0.04005735 -0.17479146 1.61716698
v -0.01949191 -0.17871760 1.61950401
v -0.02192238 -0.17909151 1.61744657
v -0.02594199 -0.17909151 1.61641924
v -0.03070943 -0.17853064 1.61604437
v -0.03042901 -0.17787629 1.61473567
v -0.04660086 -0.16983698 1.62155956
v -0.04734871 -0.16965012 1.62277488
v -0.04781613 -0.16993054 1.62501830
v -0.04762914 -0.17086524 1.62623362
v -0.04678786 -0.17236100 1.62763571
v -0.04529216 -0.17460451 1.62922490
v -0.03837472 -0.17927847 1.63165531
v -0.03407470 -0.18096109 1.63259015
v -0.02958767 -0.18198937 1.63240316
v -0.01818321 -0.18133500 1.62857055
v -0.02136153 -0.18189589 1.63015973
v -0.04230084 -0.17722184 1.63053360
v -0.04342261 -0.17684801 1.63165531
v -0.01378968 -0.17909151 1.62436395
v -0.01491145 -0.17862412 1.62184004
v -0.01425710 -0.17881106 1.62146617
v -0.01603317 -0.18049369 1.62698136
v -0.01435060 -0.17974586 1.62567266
v -0.01341576 -0.18040022 1.62642050
v -0.01724843 -0.17955891 1.62585964
v -0.01771579 -0.17955891 1.62539228
v -0.01500495 -0.18133500 1.62810318
v -0.01154620 -0.18152197 1.62763571
v -0.01257447 -0.17946543 1.62464444
v -0.01061142 -0.18049369 1.62548578
v -0.01266791 -0.17927847 1.62296175
v -0.01070486 -0.18040022 1.62342923
v -0.01332233 -0.17909151 1.62127918
v -0.01154620 -0.18030674 1.62165305
v -0.00855488 -0.18694377 1.63109446
v -0.01107879 -0.18432635 1.63062709
v -0.00948965 -0.18357851 1.62819668
v -0.00677876 -0.18582201 1.62464444
v -0.00883530 -0.18292407 1.62548578
v -0.00920922 -0.18264372 1.62305525
v -0.00771354 -0.18582201 1.62221402
v -0.01005051 -0.18245676 1.62090521
v -0.00715268 -0.18656984 1.62800969
v -0.00575048 -0.18834595 1.63053360
v -0.00462871 -0.18806551 1.62754233
v -0.00434828 -0.18825247 1.62436395
v -0.00500263 -0.18946771 1.62062483
v -0.00864831 -0.18554157 1.61950312
v -0.00247872 -0.18928074 1.63015973
v -0.00603091 -0.19554385 1.61249213
v -0.00294609 -0.19638506 1.61380083
v -0.00294609 -0.19301981 1.61772694
v -0.00210480 -0.18928074 1.62754233
v -0.00247872 -0.19124380 1.62099870
v -0.00640483 -0.19077641 1.61660523
v 0.00079303 -0.19002858 1.62941189
v 0.00069955 -0.19647864 1.61426820
v 0.00069955 -0.19348731 1.61810092
v 0.00069955 -0.19012206 1.62726184
v -0.00210480 -0.19002858 1.62455094
v 0.00069955 -0.19077641 1.62436395
v -0.02996159 -0.17740888 1.61389433
v -0.02435286 -0.17853064 1.61398782
v -0.02528764 -0.17871760 1.61510954
v -0.02108104 -0.17899803 1.61632474
v -0.01762236 -0.17899803 1.61800743
v -0.01986584 -0.17909151 1.61548352
v -0.04127256 -0.17264145 1.61613787
v -0.04052477 -0.17338928 1.61660523
v -0.04407695 -0.17077186 1.61782044
v -0.04921833 -0.16918261 1.62501830
v -0.04903134 -0.16983698 1.62642050
v -0.05090095 -0.16880880 1.62670099
v -0.05052704 -0.16778053 1.62240090
v -0.04893784 -0.16880880 1.62258789
v -0.04931177 -0.16890228 1.62380310
v -0.04809656 -0.17142621 1.62800969
v -0.04996612 -0.17049143 1.62866404
v -0.05108789 -0.16815435 1.62511180
v -0.04641393 -0.17376320 1.62978575
v -0.04809656 -0.17292189 1.63044011
v -0.03921600 -0.17927847 1.63324450
v -0.03996386 -0.18011978 1.63445971
v -0.02379195 -0.18413939 1.63455320
v -0.02453979 -0.18245676 1.63296413
v -0.02061368 -0.18255024 1.63128145
v -0.03454206 -0.18152197 1.63408584
v -0.02883983 -0.18413939 1.63548804
v -0.02940074 -0.18264372 1.63417934
v -0.01939842 -0.18385894 1.63305751
v -0.01724843 -0.18217632 1.62969226
v -0.03472904 -0.18283068 1.63530105
v -0.01575274 -0.18311111 1.63146844
v -0.04445088 -0.17675453 1.63259015
v -0.01042443 -0.18769160 1.63361848
v -0.00724617 -0.18956117 1.63371186
v -0.00322657 -0.18984162 1.63305751
v 0.00079303 -0.19068283 1.63343149
v -0.01958541 -0.18984162 1.63894679
v -0.02220281 -0.18666332 1.63632927
v -0.01734193 -0.18638288 1.63464670
v -0.02640941 -0.18928074 1.64006850
v -0.02790504 -0.18656984 1.63707712
v -0.04230084 -0.18292407 1.63904017
v -0.04108563 -0.18161535 1.63614239
v -0.03472904 -0.18460669 1.63698373
v -0.04706829 -0.17694149 1.63399235
v -0.03472904 -0.18666332 1.64016199
v -0.01360275 -0.18516766 1.63296413
v -0.01397667 -0.18890682 1.63632927
v -0.05464013 -0.16469572 1.62333573
v -0.05277052 -0.16656529 1.62342923
v -0.05295750 -0.16675225 1.62539228
v -0.05286401 -0.16778053 1.62744883
v -0.05473357 -0.16628486 1.62847705
v -0.05407922 -0.16506963 1.62127918
v -0.05220966 -0.16665877 1.62221402
v -0.05211616 -0.16965012 1.62941189
v -0.05407922 -0.16834140 1.63118795
v -0.05024661 -0.17254787 1.63156193
v -0.05239659 -0.17170665 1.63417934
v -0.04931177 -0.17731540 1.63670325
v -0.05043354 -0.17712845 1.64109672
v -0.05435964 -0.17049143 1.63773147
v -0.02510065 -0.19105685 1.64492944
v -0.01537882 -0.19255252 1.64427509
v -0.05707055 -0.16254569 1.62296175
v -0.05501400 -0.16525659 1.62576615
v -0.05735098 -0.16291961 1.62651400
v -0.05613577 -0.16291961 1.62015747
v -0.05716404 -0.16394789 1.63015973
v -0.03416813 -0.18871986 1.64427509
v -0.05501400 -0.16357396 1.61856828
v -0.05305095 -0.16553703 1.62025085
v -0.05604227 -0.16628486 1.63380536
v -0.04286175 -0.18367200 1.64315327
v -0.00986358 -0.19161772 1.63857281
v -0.00425479 -0.19180468 1.63885329
v 0.00079303 -0.19208511 1.63960114
v -0.05071397 -0.17628714 1.64539681
v -0.04286175 -0.18292407 1.64801421
v -0.03416813 -0.18797194 1.64969689
v 0.00079303 -0.19273948 1.64679900
v -0.01565930 -0.19236555 1.65128597
v -0.00640483 -0.19320687 1.64670551
v -0.02510065 -0.19058945 1.65063162
v -0.02528764 -0.18984162 1.65586643
v -0.05062047 -0.17441755 1.64922942
v -0.00631134 -0.19264600 1.65203382
v -0.04286175 -0.18133500 1.65268817
v -0.01547231 -0.19180468 1.65698826
v -0.00640483 -0.19171120 1.65782949
v 0.00079303 -0.19227207 1.65287516
v -0.05622926 -0.15656303 1.66727089
v -0.04921833 -0.16703270 1.67512322
v -0.05099439 -0.16310657 1.67979718
v -0.03958993 -0.17507190 1.67998405
v -0.04089864 -0.17180013 1.68559284
v -0.02930724 -0.18021326 1.68372328
v -0.03014852 -0.17731540 1.69007981
v -0.05875318 -0.15964784 1.61866178
v -0.06006187 -0.15899349 1.62763571
v -0.05968801 -0.15899349 1.62268138
v -0.05594883 -0.16862184 1.64119021
v -0.05744447 -0.16067611 1.61632474
v -0.05875318 -0.16348038 1.63623589
v -0.05688361 -0.16628486 1.64446197
v -0.05996843 -0.16067611 1.63202929
v -0.06043580 -0.16002175 1.63866630
v -0.06211843 -0.15637607 1.63333800
v -0.06567066 -0.13824110 1.64764035
v -0.06202498 -0.14665414 1.65801647
v -0.06295977 -0.14160626 1.66082087
v -0.05931409 -0.14581291 1.67531010
v -0.06408148 -0.13571716 1.66399913
v -0.06146407 -0.15170202 1.65493171
v -0.06856850 -0.12795839 1.63745109
v -0.06623152 -0.13356704 1.64950991
v -0.06707286 -0.12814535 1.65175344
v -0.04865741 -0.09458630 1.72391932
v -0.03706602 -0.09439931 1.73158466
v -0.04258127 -0.06327076 1.72793893
v 0.00069955 -0.21115477 1.59342233
v -0.00313308 -0.21040704 1.59360932
v -0.00275915 -0.21115477 1.59145928
v -0.01210706 -0.19993737 1.59370281
v -0.00948965 -0.20563960 1.59342233
v -0.00948965 -0.20208729 1.59800290
v -0.01397667 -0.19376774 1.59379631
v -0.01163970 -0.19657212 1.59772242
v -0.00892879 -0.19937640 1.60136815
v -0.01098535 -0.19498297 1.60090068
v -0.01341576 -0.19171120 1.59669420
v -0.00640483 -0.20872441 1.59370281
v -0.00341350 -0.20825702 1.59744193
v 0.00069955 -0.20666788 1.60024633
v -0.00322657 -0.20582656 1.60080719
v -0.00631134 -0.20330262 1.60118117
v -0.00649833 -0.20620047 1.59772242
v -0.00621790 -0.20956573 1.59127240
v 0.00069955 -0.20881789 1.59688108
v -0.01799628 -0.18470026 1.59351582
v -0.01678102 -0.18591549 1.59164627
v -0.01500495 -0.18843943 1.59491802
v -0.00565699 -0.20526568 1.58370055
v -0.00509613 -0.20657440 1.58370055
v -0.00743311 -0.20666788 1.58594409
v -0.01659408 -0.19124380 1.58725279
v -0.01715493 -0.18656984 1.58482227
v -0.01537882 -0.18843943 1.58295271
v -0.00313308 -0.20713517 1.58313970
v -0.00107653 -0.20778953 1.58257884
v -0.00182437 -0.21022008 1.58528974
v -0.00397436 -0.20339611 1.58211137
v -0.00313308 -0.20405046 1.58136352
v 0.00069955 -0.20816354 1.58248534
v 0.00069955 -0.21087444 1.58519624
v -0.00173088 -0.20339611 1.58052229
v -0.00060911 -0.20311566 1.57977444
v -0.00406785 -0.19975031 1.58052229
v -0.00313308 -0.19993737 1.57930697
v -0.00163738 -0.19946997 1.57818526
v -0.00042217 -0.19890910 1.57743741
v -0.00556355 -0.19629168 1.57921359
v -0.00500263 -0.19657212 1.57668956
v 0.00069955 -0.20283522 1.57949396
v -0.01210706 -0.19049597 1.57650269
v -0.00874181 -0.19348731 1.57603521
v -0.00855488 -0.19292643 1.57837225
v -0.01135922 -0.18993510 1.57865262
v -0.01098535 -0.19030892 1.58033530
v -0.01248098 -0.18937423 1.58117664
v -0.00818095 -0.20367653 1.58472877
v -0.00799396 -0.20507873 1.58528974
v -0.01042443 -0.20274166 1.58575710
v -0.01313533 -0.19404818 1.58398092
v -0.01192013 -0.19788082 1.58482227
v -0.01257447 -0.19825475 1.58566361
v -0.01322883 -0.19086989 1.58248534
v -0.01435060 -0.19330035 1.58472877
v -0.00621790 -0.20414394 1.58379405
v -0.00472221 -0.20236783 1.58257884
v -0.00472221 -0.19918954 1.58173750
v -0.00612440 -0.19573081 1.58108315
v -0.00827445 -0.19283294 1.58052229
v -0.01435060 -0.18956117 1.58267222
v -0.01593973 -0.19245904 1.58575710
v -0.01397667 -0.19825475 1.58697231
v 0.00069955 -0.21190270 1.58958972
v -0.00247872 -0.21143531 1.59005708
v -0.00210480 -0.21143531 1.58809402
v -0.01079836 -0.20358305 1.58687882
v -0.01220056 -0.20208729 1.59127240
v -0.01547231 -0.18937423 1.59286147
v -0.01584624 -0.19030892 1.59108541
v -0.01659408 -0.18656984 1.59052455
v -0.01659408 -0.18741116 1.58977671
v -0.01332233 -0.18825247 1.58033530
v -0.02360501 -0.18283068 1.59248761
v -0.02762461 -0.18142848 1.59688108
v -0.03061595 -0.18086761 1.59033756
v -0.00238523 -0.19731995 1.57556785
v -0.00079610 -0.19731995 1.57491350
v 0.00069955 -0.19853517 1.57697005
v -0.01163970 -0.19105685 1.58183099
v -0.01210706 -0.19217859 1.58257884
v -0.00556355 -0.19825475 1.58295271
v -0.00659182 -0.19526340 1.58276572
v -0.00836789 -0.20190043 1.58426141
v -0.00677876 -0.20227435 1.58379405
v -0.00575048 -0.20096565 1.58313970
v -0.01005051 -0.20162000 1.58500926
v -0.00967659 -0.20003085 1.58463528
v -0.00827445 -0.19283294 1.58229835
v -0.01192013 -0.19423514 1.58426141
v -0.01033093 -0.19133720 1.58155051
v 0.00069955 -0.19722647 1.57444614
v -0.00126346 -0.19694603 1.57220260
v -0.02304415 -0.18348503 1.55790025
v -0.02238981 -0.18339155 1.55668504
v -0.02089411 -0.18628932 1.55883508
v -0.01967890 -0.18329798 1.54892721
v -0.01556581 -0.18628932 1.54705765
v -0.01593973 -0.18694367 1.54836635
v -0.01472447 -0.18731758 1.57912009
v -0.01079836 -0.19703943 1.58472877
v -0.02117454 -0.18189579 1.55126424
v -0.02192238 -0.18142848 1.55014242
v 0.00069955 -0.19946997 1.56444387
v -0.00117002 -0.19928302 1.56463075
v -0.00135695 -0.19984389 1.56360253
v 0.00069955 -0.19685256 1.57182873
v -0.00126346 -0.19713299 1.56836998
v -0.00724617 -0.19479601 1.58472877
v -0.00827445 -0.19320687 1.58351356
v -0.01135922 -0.19292643 1.58323319
v -0.00948965 -0.19255252 1.58351356
v -0.01061142 -0.19245904 1.58342007
v -0.00827445 -0.20049824 1.58416791
v -0.00743311 -0.20031128 1.58426141
v -0.00649833 -0.19965693 1.58463528
v -0.00902223 -0.19881562 1.58557011
v -0.00649833 -0.19731995 1.58472877
v -0.01005051 -0.19619820 1.58528974
v -0.00892879 -0.19591777 1.58594409
v -0.01089185 -0.19414166 1.58482227
v -0.00995707 -0.19395470 1.58547662
v -0.00808746 -0.19844171 1.58585060
v -0.00780703 -0.19638506 1.58575710
v -0.00846138 -0.19414166 1.58557011
v -0.00743311 -0.19834823 1.58575710
v -0.02304415 -0.18040022 1.54808587
v -0.02052019 -0.18208284 1.54612281
v -0.01565930 -0.18554149 1.54387938
v -0.02201588 -0.18329798 1.55631117
v -0.02042670 -0.18600897 1.55790025
v -0.00360044 -0.19722647 1.56921121
v -0.01995933 -0.18554157 1.55705902
v -0.01790279 -0.18881334 1.55836772
v -0.01930498 -0.18516766 1.55659154
v -0.01752886 -0.18806551 1.55752638
v -0.01893106 -0.18470026 1.55621768
v -0.01855713 -0.18413939 1.55584370
v -0.01706145 -0.18666332 1.55659154
v -0.01799628 -0.18348503 1.55575020
v -0.01640709 -0.18572853 1.55621768
v -0.01743536 -0.18236328 1.55565682
v -0.01547231 -0.18488722 1.55593719
v -0.02267024 -0.18105458 1.55388165
v -0.02220281 -0.18114806 1.55275893
v -0.02192238 -0.18124154 1.55322730
v -0.02154847 -0.18105458 1.55406852
v -0.02210932 -0.18114806 1.55406852
v -0.02089411 -0.18040022 1.55406852
v -0.02117454 -0.18086761 1.55388165
v -0.02108104 -0.18086761 1.55360027
v -0.02052019 -0.17881106 1.55453600
v -0.02089411 -0.18021326 1.55360027
v -0.02042670 -0.18208284 1.55257294
v -0.02070718 -0.18208284 1.55201198
v -0.01911799 -0.18404590 1.55154461
v -0.01865063 -0.17909151 1.55472288
v -0.01977234 -0.17796975 1.55406852
v -0.01967890 -0.18021317 1.55425462
v -0.02126804 -0.18311111 1.55603069
v -0.02052019 -0.18292407 1.55575020
v -0.01958541 -0.18217632 1.55537634
v -0.01921149 -0.18152197 1.55537634
v -0.02416587 -0.18058709 1.55322730
v -0.02369851 -0.18040022 1.55173160
v -0.02267024 -0.18086752 1.55229157
v -0.01995933 -0.18198937 1.55313380
v -0.01874407 -0.18413939 1.55247945
v -0.01818321 -0.18161535 1.55500336
v -0.01967890 -0.18142848 1.55360027
v -0.01939842 -0.18385886 1.55023591
v -0.00659182 -0.19853517 1.56547209
v -0.00724617 -0.19834823 1.56406990
v -0.00406785 -0.19928302 1.56444387
v -0.01556581 -0.19180468 1.55986330
v -0.01528538 -0.19096337 1.55883508
v -0.01304184 -0.19320687 1.55976992
v -0.01519188 -0.18993510 1.55808724
v -0.01500495 -0.18900021 1.55733939
v -0.01248098 -0.19096337 1.55790025
v -0.00621790 -0.19685256 1.56883735
v -0.00565699 -0.19582429 1.57285695
v -0.00911573 -0.19432862 1.57257647
v -0.01603317 -0.19180468 1.56220034
v -0.01565930 -0.19217859 1.56126550
v -0.01322883 -0.19470243 1.56248071
v -0.01023750 -0.19386122 1.55930245
v -0.01005051 -0.19245904 1.55836772
v -0.00733961 -0.19358079 1.55846110
v -0.01023750 -0.19629168 1.56191985
v -0.01014400 -0.19507646 1.56042427
v -0.00752660 -0.19666560 1.56089163
v -0.00743311 -0.19526340 1.55958293
v -0.00472221 -0.19432862 1.55846110
v -0.00733961 -0.19769388 1.56248071
v -0.00462871 -0.19750691 1.56089163
v -0.00472221 -0.19610472 1.55958293
v -0.00191781 -0.19470243 1.55827423
v -0.00434828 -0.19862866 1.56257420
v -0.00163738 -0.19806769 1.56042427
v -0.00182437 -0.19657212 1.55920895
v 0.00079303 -0.19488949 1.55818073
v 0.00079303 -0.19937640 1.56173297
v -0.00163738 -0.19918954 1.56191985
v -0.00967659 -0.19086989 1.55743289
v -0.00724617 -0.19152424 1.55733939
v -0.00425479 -0.19217859 1.55705902
v -0.00173088 -0.19245904 1.55687203
v 0.00079303 -0.19264600 1.55677853
v -0.01304184 -0.19423514 1.56098513
v -0.00995707 -0.19685256 1.56341554
v -0.01603317 -0.18741116 1.55042290
v -0.01472447 -0.18526104 1.55547072
v -0.01846364 -0.18329798 1.55406852
v -0.01855713 -0.18395234 1.55332068
v -0.01584624 -0.18759802 1.55210547
v -0.01163970 -0.19077641 1.54958156
v -0.01556581 -0.18769160 1.55341417
v -0.01135922 -0.19115032 1.55182510
v -0.01061142 -0.19068283 1.55425551
v -0.01528538 -0.18685029 1.55434901
v -0.01023750 -0.18993500 1.55547072
v -0.01079836 -0.19124372 1.55322730
v -0.00490920 -0.19395460 1.55154461
v -0.00518962 -0.19376774 1.54920769
v -0.00397436 -0.18956109 1.54434675
v -0.01089185 -0.18815899 1.54537497
v -0.01042443 -0.18731758 1.54257068
v -0.00528306 -0.19255252 1.54630980
v -0.00434828 -0.19236555 1.55537723
v -0.01724843 -0.18713071 1.55705902
v -0.02136153 -0.18114806 1.55341328
v -0.01995933 -0.18273720 1.55556333
v -0.01285490 -0.19208511 1.55883508
v 0.00079303 -0.19666560 1.55902207
v -0.00967659 -0.18956109 1.55621857
v -0.01435060 -0.18311111 1.55621857
v -0.00444178 -0.19301981 1.55444250
v -0.00902223 -0.18862639 1.55668504
v -0.00705918 -0.18918726 1.55659154
v -0.00388092 -0.18853291 1.55640467
v -0.01070486 -0.18806551 1.55677853
v -0.00902223 -0.18797194 1.55640556
v -0.01519188 -0.18002630 1.55472288
v -0.01435060 -0.18311111 1.55621857
v -0.00117002 -0.18881334 1.55593719
v 0.00079303 -0.18900021 1.55556333
v -0.02080061 -0.17666105 1.55509686
v -0.02052019 -0.17881106 1.55453600
v -0.02080061 -0.17853064 1.55406852
v -0.00117002 -0.18881334 1.55593719
v -0.00107653 -0.18853291 1.55743289
v 0.00079303 -0.18881334 1.55705902
v -0.01771579 -0.18105458 1.55649805
v -0.01743536 -0.18236328 1.55565682
v -0.01874407 -0.18058709 1.55546983
v -0.00902223 -0.18862639 1.55668504
v -0.00874181 -0.18759812 1.55808724
v -0.00687225 -0.18834595 1.55761987
v -0.01977234 -0.17796975 1.55406852
v -0.01865063 -0.17909151 1.55472288
v -0.01818321 -0.17750226 1.55360116
v -0.01005051 -0.18535462 1.55369466
v -0.01622016 -0.17750226 1.55247945
v -0.00388092 -0.18853291 1.55640467
v -0.00388092 -0.18825247 1.55743289
v -0.00967659 -0.18956109 1.55621857
v -0.00416135 -0.19171120 1.55584470
v -0.00462871 -0.18984162 1.55593820
v -0.01005051 -0.18685029 1.55761987
v -0.01481796 -0.18357851 1.55677853
v -0.00088954 -0.18787855 1.56126550
v 0.00079303 -0.18843943 1.56051765
v -0.00556355 -0.18694377 1.56145249
v -0.00313308 -0.18750464 1.56135899
v -0.00537656 -0.18778508 1.55322730
v -0.00958315 -0.18432635 1.56079814
v -0.00808746 -0.18582201 1.56107862
v -0.02070718 -0.17600670 1.55322730
v -0.01921149 -0.17544583 1.55145112
v -0.01949191 -0.17974586 1.56042427
v -0.01874407 -0.17918499 1.55612418
v -0.01547231 -0.18105458 1.56070464
v -0.01033093 -0.18395234 1.54939457
v -0.02453979 -0.17404363 1.55761987
v -0.02182890 -0.17591322 1.55462949
v -0.01528538 -0.17759584 1.54808587
v -0.02547457 -0.17348276 1.55593820
v -0.02612893 -0.17208057 1.55631117
v -0.00070260 -0.18778508 1.56584596
v 0.00079303 -0.18815899 1.56584596
v -0.00528306 -0.18703723 1.56631343
v -0.00303958 -0.18750464 1.56603295
v -0.00500263 -0.18694367 1.54864672
v -0.00958315 -0.18526114 1.56668730
v -0.00790052 -0.18638288 1.56659381
v -0.02210932 -0.17366972 1.54836635
v -0.02229631 -0.17432407 1.55201198
v -0.02089411 -0.17759584 1.56005029
v -0.02173545 -0.17796975 1.56481774
v -0.01995933 -0.18021326 1.56575258
v -0.01650059 -0.18273720 1.56659381
v -0.01023750 -0.18236328 1.54509459
v -0.01453753 -0.17694149 1.54453374
v -0.01005051 -0.17694149 1.53920543
v -0.01865063 -0.17516529 1.54724464
v -0.02491372 -0.17329580 1.56023728
v -0.02697027 -0.17058490 1.55724690
v -0.00070260 -0.18815899 1.57051992
v 0.00079303 -0.18853291 1.57033304
v -0.00528306 -0.18750464 1.57108088
v -0.00303958 -0.18778508 1.57108088
v -0.00958315 -0.18591549 1.57164174
v -0.00771354 -0.18675681 1.57145475
v -0.02182890 -0.17292189 1.54584244
v -0.02267024 -0.17806323 1.56995906
v -0.02061368 -0.18040022 1.57126776
v -0.01659408 -0.18311111 1.57173524
v -0.00808746 -0.09982112 1.51742473
v 0.00079303 -0.10066246 1.51611603
v 0.00079303 -0.08963186 1.53275530
v -0.02388545 -0.17694149 1.57594172
v -0.02145497 -0.18021326 1.57762440
v -0.01734193 -0.18301763 1.57855923
v -0.00556355 -0.13506281 1.52948354
v 0.00079303 -0.13553011 1.52705312
v -0.00818095 -0.18647636 1.57818526
v -0.00547005 -0.18694377 1.57818526
v -0.00920922 -0.16796749 1.53537270
v -0.01388318 -0.16525659 1.53649453
v -0.01378968 -0.17413701 1.53939231
v -0.01818321 -0.17460451 1.54406626
v -0.00322657 -0.15244995 1.52957703
v -0.02566156 -0.17226752 1.56322956
v -0.02827897 -0.16806097 1.55818073
v -0.00060911 -0.18741116 1.57650269
v 0.00079303 -0.18685029 1.57584833
v -0.00303958 -0.17086524 1.53163358
v 0.00079303 -0.16946306 1.53107273
v -0.00257216 -0.18741116 1.57734392
v -0.00434828 -0.18591540 1.54453374
v -0.00247872 -0.18049361 1.53770974
v -0.00986358 -0.18610245 1.57837225
v -0.02192238 -0.17030447 1.54275756
v -0.00004828 -0.17853064 1.58631796
v 0.00079303 -0.17787629 1.58528974
v 0.00079303 -0.18030674 1.53733576
v -0.00509613 -0.17815671 1.58837451
v -0.00247872 -0.17853064 1.58753317
v -0.00967659 -0.17666105 1.58828101
v -0.00808746 -0.17731540 1.58865488
v -0.01780929 -0.17245439 1.53976629
v -0.01846364 -0.16441518 1.53770974
v -0.02108104 -0.17264145 1.58510275
v -0.01696800 -0.17385658 1.58687882
v -0.01061142 -0.15207602 1.53294229
v 0.00079303 -0.18909378 1.54771200
v -0.02753113 -0.17021099 1.56659481
v -0.03201814 -0.16254569 1.56079814
v -0.01612666 -0.15142167 1.53705539
v 0.00079303 -0.18853291 1.55219896
v -0.03033552 -0.16506963 1.57070791
v -0.03416813 -0.15226298 1.56379041
v 0.00004520 -0.16338700 1.59632022
v 0.00079303 -0.16310657 1.59473103
v 0.00079303 -0.19030892 1.55537723
v -0.00575048 -0.16301309 1.59912462
v -0.00285265 -0.16320004 1.59800290
v -0.01042443 -0.16217178 1.59893763
v -0.00874181 -0.16254569 1.59921811
v -0.02332458 -0.16376083 1.54200971
v -0.02052019 -0.15076732 1.54098149
v -0.02463329 -0.17105230 1.58295271
v -0.02631591 -0.15946088 1.59108541
v -0.02154847 -0.16011513 1.59342233
v -0.01818321 -0.16058263 1.59510501
v 0.00079303 -0.19292634 1.55575121
v -0.01322883 -0.13478237 1.53210095
v -0.02575506 -0.10365378 1.53294229
v -0.01977234 -0.13412802 1.53565319
v 0.00079303 -0.19358079 1.55528384
v 0.00079303 -0.19292634 1.55575121
v -0.03379427 -0.15431952 1.57650358
v -0.03734645 -0.13459532 1.56706128
v -0.00014175 -0.14151288 1.60127466
v 0.00079303 -0.14235419 1.59949848
v 0.00079303 -0.19395460 1.55462949
v -0.00780703 -0.14085852 1.60454642
v -0.00397436 -0.14113895 1.60333121
v -0.01537882 -0.14039112 1.60370508
v -0.01182663 -0.14085852 1.60492028
v -0.02584850 -0.15086079 1.54425325
v -0.02416587 -0.13356704 1.54163585
v -0.02622242 -0.13973677 1.59837677
v -0.02285717 -0.13992363 1.60071380
v 0.00079303 -0.19423514 1.55322730
v -0.00079610 -0.11973220 1.59847026
v 0.00079303 -0.12048004 1.59688108
v -0.00462871 -0.19367417 1.55322730
v 0.00079303 -0.19442209 1.55126424
v -0.00799396 -0.11833000 1.60062031
v -0.00444178 -0.11870392 1.59977897
v -0.01799628 -0.09916676 1.52845532
v -0.01509838 -0.11814306 1.59921811
v -0.01182663 -0.11823650 1.60071380
v -0.03080288 -0.11300169 1.54892721
v -0.02874638 -0.13440845 1.54546846
v -0.02622242 -0.11730172 1.59463765
v -0.03024202 -0.13917589 1.59501152
v -0.02248324 -0.11767565 1.59688108
v 0.00079303 -0.19470243 1.54892721
v -0.01743536 -0.08916450 1.54051413
v -0.02883983 -0.11047772 1.54088800
v 0.00079303 -0.19395460 1.54574894
v -0.03837472 -0.11421690 1.57827875
v -0.03725295 -0.13674543 1.58014931
v -0.02295066 -0.09767112 1.58547762
v -0.03042901 -0.11664738 1.59117890
v -0.01911799 -0.09823198 1.58697320
v -0.00948965 -0.09954069 1.58930934
v -0.00677876 -0.09935375 1.58959061
v -0.02192238 -0.08888407 1.54687066
v -0.03491598 -0.09430587 1.57482090
v -0.03687903 -0.11300169 1.56836998
v -0.00098303 -0.10028853 1.58828190
v 0.00079303 -0.10141024 1.58753317
v -0.00332001 -0.09963418 1.58912235
v -0.00631134 -0.08916450 1.53397051
v -0.01238749 -0.09944719 1.58837451
v -0.02285717 -0.08953842 1.55612418
v -0.01565930 -0.08645360 1.55939683
v -0.00827445 -0.08692096 1.55724690
v -0.01276141 -0.08598619 1.55771426
v 0.00079303 -0.08785580 1.55677943
v -0.02743768 -0.09673629 1.58323408
v -0.01752886 -0.08701446 1.57238959
v -0.01584624 -0.08720144 1.57304394
v -0.01472447 -0.08710795 1.57538086
v -0.01173313 -0.08701446 1.57612971
v -0.02435286 -0.08579924 1.57023954
v -0.03351379 -0.09140799 1.56911872
v -0.00098303 -0.08907101 1.57379178
v 0.00079303 -0.08916450 1.57332531
v -0.00490920 -0.08710795 1.57612971
v -0.00266566 -0.08738838 1.57584833
v -0.01154620 -0.08860358 1.53630754
v -0.00406785 -0.08636010 1.55612507
v -0.00911573 -0.08729488 1.57435264
v -0.00724617 -0.08738838 1.57435264
v -0.01752886 -0.08617317 1.56136000
v -0.01584624 -0.08720144 1.57304394
v -0.01855713 -0.18283068 1.68652768
v -0.00378743 -0.18797194 1.54172934
v -0.01005051 -0.18582201 1.53836409
v -0.02837247 -0.17871760 1.55313380
v -0.02762461 -0.17796975 1.54995554
v -0.02594199 -0.17946543 1.55088937
v -0.02435286 -0.17881098 1.54565545
v -0.02070718 -0.18105458 1.54313154
v -0.02323109 -0.18086761 1.55341328
v -0.01463102 -0.18413939 1.53985978
v -0.01042443 -0.16619138 1.51022686
v -0.01033093 -0.15964784 1.50882466
v -0.00397436 -0.16179776 1.50798332
v -0.04678786 -0.12057349 1.53228794
v -0.04800306 -0.12870622 1.53509233
v -0.05267702 -0.12188218 1.54172934
v -0.05220966 -0.09365153 1.54275667
v -0.05557491 -0.08542533 1.54855334
v -0.05389228 -0.08009701 1.53714888
v -0.05090095 -0.08860364 1.53228794
v -0.05305095 -0.07560999 1.52434222
v -0.05015311 -0.08383619 1.51985425
v -0.05389228 -0.07187082 1.51200204
v -0.05136832 -0.08009701 1.50751596
v -0.05650968 -0.06813165 1.50087895
v -0.05940752 -0.07149690 1.48620262
v -0.05464013 -0.07635785 1.49611150
v -0.06735613 -0.06588744 1.47813912
v -0.06202498 -0.06327076 1.49162353
v -0.04585308 -0.10505592 1.53069875
v -0.04912484 -0.09972762 1.53621404
v -0.04819005 -0.09524065 1.52723911
v -0.04398347 -0.10066246 1.52256515
v -0.04809656 -0.09028626 1.51602164
v -0.04445088 -0.09580151 1.51237679
v -0.04949875 -0.08664053 1.50377584
v -0.04632044 -0.09215583 1.50022460
v -0.05258358 -0.08290136 1.49209190
v -0.05473357 -0.08439705 1.47797654
v -0.04921833 -0.08860358 1.48816579
v -0.06146407 -0.07916218 1.46844075
v -0.05735098 -0.07841439 1.48180915
v -0.05669662 -0.11702129 1.55088937
v -0.05492056 -0.10954295 1.54761850
v -0.01051793 -0.15235637 1.50788983
v -0.01070486 -0.14310202 1.50676811
v -0.00444178 -0.14562586 1.50592677
v -0.01070486 -0.14310202 1.50676811
v -0.01051793 -0.13188442 1.50415071
v -0.00416135 -0.13319313 1.50386933
v -0.01089185 -0.12403223 1.49573663
v -0.00490920 -0.12590185 1.49527016
v -0.01126577 -0.12272352 1.48302347
v -0.00537656 -0.12487357 1.48218302
v -0.02482022 -0.11216035 1.47405043
v -0.01827670 -0.11543217 1.47255474
v -0.01715493 -0.11879742 1.48470704
v -0.01182663 -0.11767565 1.47105904
v -0.01995933 -0.11141256 1.45984157
v -0.00556355 -0.11945177 1.47003082
v -0.01294840 -0.11300169 1.45834588
v -0.00603091 -0.11384298 1.45703718
v -0.01491145 -0.10879510 1.44581870
v -0.00677876 -0.10888860 1.44460350
v -0.02201588 -0.11917135 1.49863541
v -0.02659634 -0.11487126 1.50143981
v -0.02846590 -0.11178649 1.48882014
v 0.00060608 -0.11393647 1.45628933
v 0.00060608 -0.12048004 1.46965595
v -0.02323109 -0.10786032 1.44768826
v -0.02687677 -0.10860817 1.46161675
v -0.05744447 -0.08533183 1.46432765
v -0.05043354 -0.09084712 1.47386344
v -0.04547915 -0.09477324 1.48470704
v -0.04239433 -0.09785806 1.49695273
v 0.00060608 -0.12730403 1.49480280
v -0.04202041 -0.12767795 1.52733350
v -0.04258127 -0.13571716 1.52939005
v -0.05781840 -0.15170202 1.67119711
v -0.05174224 -0.15703042 1.68503199
v -0.06500695 -0.07317702 1.47353437
v -0.05464013 -0.06859906 1.54163585
v -0.05323793 -0.06476645 1.52864131
v -0.06267934 -0.05392285 1.49620500
v -0.07099897 -0.04887496 1.48685608
v -0.07017251 -0.05765149 1.48285520
v -0.05679011 -0.05794244 1.50620726
v -0.05333137 -0.06149463 1.51667599
v -0.05071397 -0.05588590 1.54593582
v -0.05015311 -0.05317500 1.53256831
v -0.06071629 -0.04494880 1.49854103
v -0.06866200 -0.04036835 1.48853876
v -0.05164875 -0.05065108 1.52088348
v -0.05482706 -0.04803362 1.50975850
v -0.04295518 -0.04392058 1.54845985
v -0.04379652 -0.04233140 1.53555969
v -0.05641620 -0.03560089 1.50031798
v -0.06492282 -0.03186178 1.48966048
v -0.04660086 -0.04055533 1.52406085
v -0.05024661 -0.03859222 1.51256289
v -0.03613124 -0.03513353 1.55070327
v -0.03631818 -0.03363788 1.53798922
v -0.04968569 -0.02728132 1.50134631
v -0.05800538 -0.02382258 1.48947349
v -0.03930950 -0.03223570 1.52639877
v -0.04286175 -0.03027265 1.51461944
v -0.02874638 -0.02802916 1.55294592
v -0.02940074 -0.02765524 1.54004577
v -0.04089864 -0.02129866 1.50087895
v -0.04884440 -0.01681164 1.48788441
v -0.03173772 -0.02625304 1.52789346
v -0.03407470 -0.02503783 1.51574205
v -0.02136153 -0.02307478 1.55556333
v -0.02192238 -0.02307478 1.54210232
v -0.02996159 -0.01709207 1.50050408
v -0.03687903 -0.01185726 1.48620173
v -0.02323109 -0.02223344 1.52967053
v -0.02510065 -0.02120517 1.51583465
v -0.00668526 -0.01812034 1.55892858
v 0.00060608 -0.01821384 1.55902207
v 0.00060608 -0.01924211 1.54565545
v 0.00060608 -0.01512901 1.49882240
v 0.00069955 -0.00755722 1.48134079
v -0.01014400 -0.00830501 1.48218213
v -0.00659182 -0.01868126 1.54537407
v 0.00060608 -0.01914862 1.53303578
v -0.00659182 -0.01905518 1.53228794
v 0.00060608 -0.01849427 1.51667599
v -0.00715268 -0.01802690 1.51611603
v -0.04015084 -0.01279204 1.69896036
v -0.04463781 -0.03335744 1.71662796
v -0.03127029 -0.02989872 1.72204976
v -0.01846364 -0.02961829 1.72438668
v -0.01659408 -0.00793115 1.70653220
v -0.05940752 -0.02915093 1.68316243
v -0.06482932 -0.04635100 1.69774515
v -0.05426620 -0.03793787 1.70868225
v -0.07585986 -0.07177738 1.65773610
v -0.07399031 -0.06364468 1.67222533
v -0.07314897 -0.05205323 1.66343828
v -0.04949875 -0.01877470 1.69166900
v -0.07071854 -0.05448370 1.68362979
v -0.06866200 -0.12132133 1.60202251
v -0.06987720 -0.12216267 1.61389433
v -0.07109247 -0.11281470 1.61417470
v -0.06969027 -0.12421922 1.62548578
v -0.07137289 -0.11505824 1.62670099
v -0.06875549 -0.09187540 1.69232335
v -0.07034463 -0.07280565 1.69110814
v -0.07361638 -0.07888181 1.67792762
v -0.06987720 -0.11131906 1.60267686
v -0.06754023 -0.11001036 1.59080492
v -0.06654454 -0.04300759 1.60647025
v -0.05725754 -0.03055307 1.60893989
v -0.05848188 -0.03328350 1.59939474
v -0.06959677 -0.12104090 1.63875980
v -0.05959452 -0.09281018 1.71148664
v -0.05211616 -0.06616859 1.72064757
v -0.06361411 -0.06934691 1.70550387
v -0.04959225 -0.01653121 1.61258562
v -0.04790963 -0.02073781 1.60136815
v -0.05333137 -0.13169755 1.54817847
v -0.05735098 -0.12608878 1.55705991
v -0.05809882 -0.07355344 1.55341328
v -0.05721937 -0.05852560 1.56045792
v -0.04613351 -0.04364010 1.56033078
v -0.03856166 -0.03326396 1.56136000
v -0.02996159 -0.02513133 1.56388291
v -0.04949875 -0.17021099 1.60781817
v -0.04585308 -0.17151961 1.61165079
v -0.05034004 -0.16750000 1.61482916
v -0.04968569 -0.16806097 1.62099870
v -0.04529216 -0.17011751 1.61763345
v -0.04650743 -0.16946315 1.61725958
v -0.04211390 -0.17208057 1.61539002
v -0.04968569 -0.16787401 1.61931613
v -0.04790963 -0.16852836 1.61940962
v -0.04351610 -0.17189361 1.61389433
v -0.04847048 -0.16843488 1.61641824
v -0.05108789 -0.16787401 1.62370960
v -0.01322883 -0.18236328 1.62969226
v -0.06043580 -0.11440389 1.56238822
v -0.06024886 -0.12337788 1.56799701
v 0.00060608 -0.12646270 1.48171477
v 0.00069955 -0.10870161 1.44385565
v -0.00425479 -0.16824792 1.50957251
v -0.00444178 -0.17301537 1.51050723
v -0.01079836 -0.17067838 1.51125508
v -0.02276367 -0.16170429 1.51761172
v -0.02332458 -0.15618911 1.51611603
v -0.01678102 -0.16189134 1.51265728
v -0.01696800 -0.15488040 1.51153556
v -0.02930724 -0.15590866 1.52191169
v -0.03005509 -0.14983252 1.52013563
v -0.03033552 -0.14254114 1.51882693
v -0.02369851 -0.14899111 1.51490082
v -0.02883983 -0.12777143 1.51546167
v -0.02715720 -0.12048004 1.51050634
v -0.02210932 -0.12515400 1.50760946
v -0.01678102 -0.12244310 1.49667236
v -0.02313759 -0.11589953 1.48657660
v -0.03342034 -0.10533641 1.46395467
v -0.03865515 -0.10122331 1.45273620
v -0.03145723 -0.10496249 1.45011879
v -0.03042901 -0.10870167 1.47601348
v -0.02295066 -0.13300626 1.51228341
v -0.01650059 -0.12898666 1.50545941
v -0.01706145 -0.14684119 1.51041374
v -0.02977466 -0.13487575 1.51770521
v -0.02883983 -0.12777143 1.51546167
v -0.02295066 -0.13300626 1.51228341
v -0.04828349 -0.13926928 1.54051413
v -0.03650517 -0.11066472 1.51695737
v -0.03884214 -0.11552560 1.52284653
v -0.04202041 -0.11029079 1.52583780
v -0.04080520 -0.10084938 1.48096692
v -0.03743995 -0.10327986 1.49405495
v -0.04529216 -0.09654935 1.47012421
v -0.05174224 -0.09140799 1.45993406
v -0.04501174 -0.11440389 1.53023139
v -0.04875091 -0.10926252 1.53555969
v -0.04585308 -0.10505592 1.53069875
v -0.05510749 -0.09897983 1.55135762
v -0.05716404 -0.09075363 1.55780776
v -0.05557491 -0.08542533 1.54855334
v -0.04202041 -0.11029079 1.52583780
v -0.03884214 -0.11552560 1.52284653
v -0.05220966 -0.10430813 1.54285016
v -0.04912484 -0.09972762 1.53621404
v -0.05987495 -0.08093830 1.56276119
v -0.05809882 -0.07355344 1.55341328
v -0.07791641 -0.07523608 1.64838819
v -0.07529900 -0.06270990 1.65156645
v -0.07707512 -0.07813396 1.63810545
v -0.07651421 -0.06785122 1.64362074
v -0.07081198 -0.10608426 1.60164853
v 0.00079303 -0.02905744 1.72700409
v -0.06679238 -0.04018141 1.67400140
v -0.06006187 -0.10215809 1.56547298
v -0.06492282 -0.10954295 1.57996132
v -0.05295750 -0.01260510 1.65595993
v -0.05594883 -0.01868126 1.67026228
v -0.04613351 -0.00923985 1.67615144
v -0.06193149 -0.07074910 1.56827649
v -0.05721937 -0.05852560 1.56045792
v -0.00696569 -0.00867894 1.57855923
v 0.00069955 -0.00783765 1.57902660
v 0.00069955 -0.01316596 1.57014605
v -0.01855713 0.00048199 1.60454642
v -0.00827445 0.00281896 1.60473341
v -0.00771354 -0.00054629 1.59510501
v -0.02809204 -0.00456590 1.60407906
v -0.01715493 -0.00447240 1.59454416
v -0.03155072 -0.02316822 1.57285695
v -0.02295066 -0.01774642 1.57510049
v -0.02173545 -0.02092474 1.56565908
v -0.04071170 -0.03120743 1.57080040
v -0.02996159 -0.02513133 1.56388291
v -0.03856166 -0.03326396 1.56136000
v -0.04613351 -0.04364010 1.56033078
v -0.05669662 -0.05457719 1.57154825
v -0.05026845 -0.04159782 1.57108556
v -0.01425710 -0.01970953 1.55771426
v -0.02173545 -0.02092474 1.56565908
v -0.05847275 -0.02709438 1.62230740
v -0.05005961 -0.01344638 1.62595314
v -0.00967659 0.00824076 1.61632474
v -0.01089185 0.01141908 1.63100096
v 0.00079303 0.01338214 1.63109446
v -0.06539024 -0.03990098 1.61884877
v -0.04089864 -0.00381805 1.62838356
v -0.03155072 0.00300596 1.62969226
v -0.02977466 -0.00045280 1.61585738
v -0.06959677 -0.04999673 1.61548352
v -0.03949649 -0.00718330 1.61482916
v -0.07296203 -0.05195979 1.63670325
v -0.06754023 -0.04036835 1.64371424
v -0.06651195 -0.03812486 1.63230967
v -0.04435738 -0.00391154 1.65923168
v -0.04248782 -0.00204193 1.64343375
v -0.06118364 -0.02513133 1.65091210
v -0.05146181 -0.01120290 1.64081635
v -0.01173313 0.01179301 1.64801421
v -0.01257447 0.00964296 1.66633617
v 0.00079303 0.01375606 1.66586880
v -0.05959452 -0.02400956 1.63726410
v -0.03547690 0.00216461 1.66231656
v -0.03323336 0.00450158 1.64539681
v -0.06959677 -0.04532272 1.65362300
v -0.06333369 -0.03158135 1.66250355
v -0.01463102 0.00534293 1.68587333
v 0.00079303 -0.00615503 1.70802790
v 0.00079303 -0.12057349 1.73700646
v 0.00079303 -0.09542758 1.73981075
v -0.01229404 -0.09617544 1.73887602
v -0.04585308 -0.11711480 1.72233014
v -0.03379427 -0.11776915 1.72943462
v -0.04220740 -0.16647173 1.69279071
v -0.04304868 -0.15908687 1.70129739
v -0.06052929 -0.13898894 1.67998405
v -0.06510975 -0.12926710 1.66736439
v -0.05342486 -0.15058036 1.69166900
v -0.02921375 -0.06196205 1.73364121
v -0.03809429 -0.01073549 1.60305072
v -0.00808746 -0.18049369 1.69512774
v -0.00818095 -0.18357851 1.68792988
v 0.00079303 -0.18395234 1.68839724
v -0.03070943 -0.17170665 1.69858649
v -0.01855713 -0.17993272 1.69344506
v -0.05417271 -0.14198017 1.69830601
v -0.06183800 -0.13057572 1.68447113
v -0.06669895 -0.12188218 1.67091663
v -0.02023976 0.00412767 1.61613787
v -0.07043811 -0.10356029 1.67652542
v -0.06604459 -0.10729946 1.69138863
v -0.05669662 -0.11421690 1.71083229
v -0.00416135 -0.15497379 1.50686161
v -0.01678102 -0.13833458 1.50901154
v -0.02369851 -0.14085852 1.51377899
v -0.05108789 -0.11421690 1.53845758
v -0.06043580 -0.09290367 1.56939820
v -0.04052477 -0.12085392 1.52546394
v -0.05220966 -0.09365153 1.54275667
v -0.06165106 -0.08374270 1.57276345
v -0.06408304 -0.06343685 1.57540616
v -0.07118591 -0.05784896 1.61323998
v -0.06744673 -0.05195979 1.60510727
v -0.07492509 -0.05953158 1.63156193
v -0.07137289 -0.04962281 1.62716835
v -0.07445772 -0.05644676 1.64464896
v -0.06370761 -0.12029306 1.68839724
v -0.05538791 -0.13104320 1.70484952
v -0.06866200 -0.11337561 1.67418838
v 0.00079303 0.01057774 1.61613787
v 0.00079303 0.00581029 1.60454642
v -0.04389002 -0.13665195 1.71728231
v -0.00715268 -0.15450648 1.72438668
v -0.00752660 -0.16535007 1.71531926
v 0.00079303 -0.16544355 1.71653447
v -0.01444404 -0.02008345 1.53125871
v 0.00079303 -0.06214899 1.73822167
v -0.01790279 -0.06177512 1.73644550
v -0.06838452 -0.05738143 1.58968700
v -0.06567066 -0.06355118 1.59192675
v -0.06754023 -0.06093378 1.59818978
v -0.02108104 -0.11954521 1.73429556
v -0.03183116 -0.13852154 1.72429330
v -0.00790052 -0.17460451 1.70475614
v 0.00079303 -0.17469798 1.70541049
v -0.02201588 0.00758641 1.63053360
v -0.01416361 -0.02027038 1.54425236
v -0.02996159 -0.00886592 1.70372781
v 0.00079303 -0.14188679 1.73064983
v -0.00874181 -0.12122783 1.73607163
v -0.01911799 -0.01522251 1.49994412
v -0.00780703 -0.01503552 1.49910188
v -0.02472679 0.00637120 1.66455999
v -0.00640483 -0.01410074 1.56986657
v -0.01575274 -0.01886819 1.51602164
v -0.03117680 -0.15235646 1.71681495
v 0.00079303 -0.18853291 1.54163585
v 0.00079303 -0.18956109 1.54397277
v -0.00360044 -0.18713071 1.53761624
v 0.00079303 -0.18778508 1.53864446
v -0.01668758 -0.16675216 1.51396598
v -0.01678102 -0.13833458 1.50901154
v -0.00444178 -0.14562586 1.50592677
v 0.00069955 -0.13347366 1.50415071
v 0.00079303 -0.14599978 1.50592677
v 0.00079303 -0.15553476 1.50695510
v 0.00079303 -0.16207820 1.50826381
v 0.00079303 -0.16880871 1.50985288
v -0.01332233 -0.18236328 1.61445518
v -0.01070486 -0.18441983 1.61660523
v -0.01182663 -0.18208284 1.61819442
v -0.02855940 -0.16095654 1.52443572
v -0.02229631 -0.16591094 1.51957477
v -0.01668758 -0.17039795 1.51555517
v -0.01107879 -0.17441755 1.51265728
v -0.03557033 -0.10617769 1.50714109
v -0.03987036 -0.10580378 1.51901392
v -0.03977692 -0.10122331 1.50919764
v -0.06950329 -0.05906422 1.60548114
v -0.07090548 -0.06504687 1.60576163
v -0.07623378 -0.06654251 1.62642050
v -0.07314897 -0.05822288 1.62557927
v -0.01837020 -0.16469572 1.71270185
v -0.01855713 -0.17404363 1.70260610
v -0.03108336 -0.16291961 1.70812139
v -0.01444404 -0.01671820 1.56827649
v -0.02435286 -0.09561458 1.73625862
v -0.01893106 -0.14179331 1.72803242
v -0.02678327 0.00244504 1.68269495
v -0.02341808 -0.00923985 1.48405269
v -0.02323109 0.00898861 1.64698599
v -0.00762004 -0.14198017 1.72980849
v -0.03398120 -0.18040022 1.62941189
v -0.03398120 -0.17899803 1.62941189
v -0.03024202 -0.17983926 1.62931839
v -0.04351610 -0.17376320 1.62614013
v -0.04379652 -0.17460451 1.62595314
v -0.04445088 -0.17357624 1.62529879
v -0.04286175 -0.17460451 1.62670099
v -0.04323561 -0.17581964 1.62660749
v -0.04089864 -0.17694149 1.62782370
v -0.04108563 -0.17806315 1.62782370
v -0.03772037 -0.17918489 1.62875753
v -0.03781387 -0.18021317 1.62875753
v -0.03014852 -0.18077404 1.62941189
v -0.01724843 -0.17712845 1.62249439
v -0.01762236 -0.17703497 1.62342923
v -0.01902456 -0.17853054 1.62539228
v -0.02061368 -0.17815663 1.62539228
v -0.02023976 -0.17768932 1.62483143
v -0.01752886 -0.17740888 1.62399008
v -0.02098761 -0.17815671 1.62165405
v -0.01977234 -0.17778280 1.62202703
v -0.02033325 -0.17712845 1.62230841
v -0.02650285 -0.17974586 1.62128008
v -0.02650285 -0.18040022 1.62081271
v -0.02285717 -0.17937195 1.62118658
v -0.03033552 -0.18021326 1.62109320
v -0.03024202 -0.18096109 1.62043885
v -0.02248324 -0.17955881 1.62735534
v -0.02612893 -0.18049361 1.62857144
v -0.04145955 -0.17535235 1.62174755
v -0.03884214 -0.17787629 1.62090621
v -0.03865515 -0.17731540 1.62146706
v -0.04342261 -0.17273493 1.62314975
v -0.04304868 -0.17320232 1.62277488
v -0.04276825 -0.17301537 1.62314975
v -0.04426389 -0.17208057 1.62436395
v -0.04389002 -0.17208057 1.62371060
v -0.04360954 -0.17180013 1.62399008
v -0.04407695 -0.17180003 1.62501830
v -0.04445088 -0.17254787 1.62483143
v -0.04389002 -0.17254787 1.62539228
v -0.03024202 -0.17712845 1.62137268
v -0.03052245 -0.17937195 1.62109320
v -0.02687677 -0.17890455 1.62146706
v -0.04033777 -0.17432407 1.62230841
v -0.03818779 -0.17638061 1.62156056
v -0.03818779 -0.17385658 1.62184004
v -0.04360954 -0.16955664 1.62585964
v -0.04360954 -0.17142621 1.62548578
v -0.04389002 -0.17105230 1.62501830
v -0.03426163 -0.17684801 1.62913140
v -0.03762688 -0.17778280 1.62885103
v -0.02098761 -0.17853054 1.62604663
v -0.02276367 -0.17881098 1.62726273
v -0.02248324 -0.17675453 1.62754233
v -0.02678327 -0.17684801 1.62146617
v -0.02341808 -0.17787629 1.62184093
v -0.04360954 -0.16918261 1.62539228
v -0.04379652 -0.17095882 1.62464444
v -0.03800080 -0.17525887 1.62857055
v -0.04043127 -0.17516529 1.62791709
v -0.02070718 -0.17572625 1.62585964
v -0.02033325 -0.17572625 1.62520529
v -0.02080061 -0.17591322 1.62670099
v -0.02192238 -0.17469798 1.62258789
v -0.02192238 -0.17694149 1.62230841
v -0.02098761 -0.17675453 1.62249528
v -0.04332911 -0.17105230 1.62399008
v -0.04370304 -0.16871532 1.62445745
v -0.04052477 -0.17301537 1.62819668
v -0.04239433 -0.17301537 1.62716835
v -0.01967890 -0.17740888 1.62417707
v -0.04304868 -0.17161317 1.62371060
v -0.04230084 -0.17236100 1.62333662
v -0.04286175 -0.16965012 1.62333573
v -0.04220740 -0.17123926 1.62716835
v -0.04332911 -0.17198709 1.62623362
v -0.01967890 -0.17712845 1.62352272
v -0.01986584 -0.17544583 1.62445745
v -0.02622242 -0.17955881 1.62857144
v -0.03042901 -0.17768932 1.62913140
v -0.04314218 -0.17021099 1.62670099
v -0.02042670 -0.17684801 1.62305625
v -0.01977234 -0.17544583 1.62399008
v -0.02594199 -0.17750236 1.62847705
v -0.02136153 -0.17768932 1.63100096
v -0.02248324 -0.17675453 1.62754233
v -0.02594199 -0.17750236 1.62847705
v -0.02921375 -0.17731540 1.61548352
v -0.03024202 -0.17712845 1.62137268
v -0.02678327 -0.17684801 1.62146617
v -0.04192691 -0.17208057 1.61903565
v -0.04043127 -0.17161317 1.62221402
v -0.03818779 -0.17385658 1.62184004
v -0.04360954 -0.16955664 1.62585964
v -0.04360954 -0.16918261 1.62539228
v -0.04529216 -0.16983698 1.62604663
v -0.03426163 -0.17684801 1.62913140
v -0.03800080 -0.17525887 1.62857055
v -0.03809429 -0.17619366 1.63296413
v -0.01883756 -0.17628714 1.62894441
v -0.02080061 -0.17591322 1.62670099
v -0.02285717 -0.17535235 1.62230740
v -0.02173545 -0.17591322 1.61744657
v -0.04360954 -0.16880880 1.62492481
v -0.04547915 -0.16974358 1.62464444
v -0.04052477 -0.17301537 1.62819668
v -0.04071170 -0.17423049 1.63165531
v -0.01734193 -0.17516538 1.62707485
v -0.01668758 -0.17413711 1.62567266
v -0.02033325 -0.17572625 1.62520529
v -0.02070718 -0.17572625 1.62585964
v -0.02005283 -0.17516538 1.61838129
v -0.02192238 -0.17469798 1.62258789
v -0.02126804 -0.17469798 1.62268138
v -0.04370304 -0.16871532 1.62445745
v -0.04220740 -0.17123926 1.62716835
v -0.04276825 -0.17254787 1.63006624
v -0.01986584 -0.17544583 1.62445745
v -0.04473131 -0.16946315 1.62230740
v -0.04332911 -0.16899575 1.62389659
v -0.04286175 -0.16965012 1.62333573
v -0.04314218 -0.17021099 1.62670099
v -0.04407695 -0.17114578 1.62857055
v -0.01977234 -0.17544583 1.62399008
v -0.01640709 -0.17348276 1.62427046
v -0.02519415 -0.17862412 1.63277714
v -0.03042901 -0.17768932 1.62913140
v -0.04491824 -0.17030447 1.62726184
v -0.03426163 -0.17778280 1.63380536
v -0.02996159 -0.17871760 1.63389885
v -0.01715493 -0.17385658 1.62137268
v -0.02023976 -0.17516538 1.62352272
v -0.01650059 -0.17338928 1.62296175
v -0.01500495 -0.17123926 1.62455094
v -0.02435286 -0.17525887 1.63679674
v -0.04482481 -0.16899575 1.63034661
v -0.03416813 -0.17441755 1.63773147
v -0.02949418 -0.17516538 1.63782496
v -0.01584624 -0.17067838 1.62053134
v -0.01995933 -0.17441755 1.63417934
v -0.02902681 -0.17245448 1.61193127
v -0.02482022 -0.17684801 1.61613787
v -0.03921600 -0.17385658 1.61716609
v -0.03987036 -0.17058490 1.61473567
v -0.04575958 -0.16815435 1.62847705
v -0.02407243 -0.17217406 1.61314648
v -0.04632044 -0.16768705 1.62651400
v -0.03818779 -0.17301537 1.63604890
v -0.01565930 -0.17226752 1.62875753
v -0.01509838 -0.17161317 1.62642050
v -0.01724843 -0.17329580 1.63137494
v -0.01893106 -0.17123926 1.61604437
v -0.01855713 -0.17451103 1.61950312
v -0.04650743 -0.16740661 1.62483143
v -0.04529216 -0.16890228 1.62352272
v -0.04108563 -0.17142621 1.63436621
v -0.04398347 -0.17030447 1.62090521
v -0.04491824 -0.16815435 1.61987699
v -0.04323561 -0.17011751 1.63240316
v -0.03809429 -0.16974358 1.63847931
v -0.01631365 -0.16983698 1.63324450
v -0.02379195 -0.16778053 1.61183778
v -0.02089411 -0.17161317 1.61464217
v -0.04660086 -0.16460224 1.62511180
v -0.01481796 -0.16908923 1.63006624
v -0.01407011 -0.16843488 1.62726184
v -0.01724843 -0.17086524 1.61791393
v -0.01678102 -0.16740661 1.61697910
v -0.04622700 -0.16731312 1.62324224
v -0.04323561 -0.16731312 1.63408584
v -0.04575958 -0.16759357 1.62174655
v -0.04501174 -0.16460224 1.61940962
v -0.04501174 -0.16637834 1.63193580
v -0.01509838 -0.17086524 1.62277488
v -0.01407011 -0.16796749 1.62492481
v -0.02893332 -0.17114578 1.64016199
v -0.04594652 -0.16553703 1.62969226
v -0.03388770 -0.17067838 1.64006850
v -0.01425710 -0.16759357 1.62268138
v -0.01930498 -0.17058490 1.63632927
v -0.04304868 -0.16918261 1.61735307
v -0.04005735 -0.16628486 1.61361384
v -0.04650743 -0.16497615 1.62726184
v -0.03342034 -0.16750000 1.64100334
v -0.02865289 -0.16787401 1.64119021
v -0.01509838 -0.16750000 1.62006398
v -0.01397667 -0.16535007 1.62277488
v -0.01930498 -0.16750000 1.63735760
v -0.02388545 -0.17114578 1.63922716
v -0.02883983 -0.16759357 1.61043558
v -0.02360501 -0.16441528 1.61146391
v -0.04314218 -0.16535007 1.61669872
v -0.03958993 -0.16291961 1.61361384
v -0.04622700 -0.16273265 1.62782270
v -0.03753338 -0.16684564 1.63950764
v -0.01622016 -0.16693922 1.63427283
v -0.02042670 -0.16759357 1.61352035
v -0.02042670 -0.16450876 1.61314648
v -0.04622700 -0.16245212 1.62548578
v -0.04108563 -0.16843488 1.63623589
v -0.04061821 -0.16591094 1.63726410
v -0.01453753 -0.16637834 1.63090758
v -0.01388318 -0.16600442 1.62782270
v -0.01846364 -0.16759357 1.61492255
v -0.01668758 -0.16478920 1.61679222
v -0.04632044 -0.16441528 1.62314874
v -0.04286175 -0.16488267 1.63520756
v -0.01369619 -0.16563050 1.62539228
v -0.04547915 -0.16198482 1.62146617
v -0.04585308 -0.16441528 1.62146617
v -0.04454438 -0.16404135 1.63287063
v -0.04566609 -0.16329352 1.63044011
v -0.04398347 -0.16226526 1.63333800
v -0.04519872 -0.16161089 1.63081408
v -0.04575958 -0.16105002 1.62819668
v -0.04594652 -0.16207830 1.62333573
v -0.04557265 -0.16030219 1.62361611
v -0.04594652 -0.16076950 1.62576615
v -0.01500495 -0.16310657 1.62025085
v -0.01500495 -0.16506963 1.62006398
v -0.04454438 -0.16207830 1.61940962
v -0.04407695 -0.16011513 1.61959650
v -0.04276825 -0.16245212 1.61651173
v -0.03940300 -0.16039567 1.61398782
v -0.02874638 -0.16404135 1.61015510
v -0.02360501 -0.16189134 1.61174428
v -0.03706602 -0.16450876 1.64006850
v -0.02042670 -0.16226526 1.61333347
v -0.02369851 -0.16778053 1.64006850
v -0.02360501 -0.16516301 1.64053586
v -0.01949191 -0.16497615 1.63791846
v -0.01369619 -0.16376092 1.62576615
v -0.01397667 -0.16348038 1.62314874
v -0.01463102 -0.16441528 1.63165531
v -0.01388318 -0.16404135 1.62847705
v -0.01846364 -0.16460224 1.61473567
v -0.01678102 -0.16273265 1.61697910
v -0.01650059 -0.16469572 1.63483369
v -0.02846590 -0.16516301 1.64147070
v -0.03304642 -0.16488267 1.64137720
v -0.04024429 -0.16385441 1.63782496
v -0.04248782 -0.16291961 1.63576841
v -0.04230084 -0.16020871 1.61679222
v -0.04192691 -0.16123699 1.63604890
v -0.03949649 -0.16179776 1.63810545
v -0.01509838 -0.16235873 1.63212279
v -0.01407011 -0.16217178 1.62894441
v -0.01696800 -0.16263917 1.63520756
v -0.01855713 -0.16245212 1.61492255
v -0.01865063 -0.16048915 1.61539002
v -0.02052019 -0.16020871 1.61389433
v -0.02360501 -0.15955436 1.61239864
v -0.02837247 -0.15890001 1.61127692
v -0.02855940 -0.16123699 1.61052908
v -0.02369851 -0.16282613 1.64044237
v -0.01977234 -0.16273265 1.63801195
v -0.04501174 -0.15871305 1.62389659
v -0.04519872 -0.15908687 1.62623362
v -0.03650517 -0.16235873 1.64006850
v -0.03267250 -0.16263917 1.64128371
v -0.04501174 -0.16011513 1.62165305
v -0.04426389 -0.15843252 1.62212052
v -0.04360954 -0.16058263 1.63371186
v -0.02827897 -0.16273265 1.64128371
v -0.01388318 -0.16207830 1.62623362
v -0.01407011 -0.16170438 1.62361611
v -0.03884214 -0.15805869 1.61464217
v -0.04173998 -0.15815218 1.61744657
v -0.04463781 -0.16002175 1.63118795
v -0.01500495 -0.16123699 1.62062483
v -0.04510523 -0.15955436 1.62866404
v -0.04351610 -0.15824564 1.62015747
v -0.04360954 -0.15665650 1.62277488
v -0.04407695 -0.15684346 1.62455094
v -0.04286175 -0.15880653 1.63399235
v -0.04108563 -0.15908687 1.63614239
v -0.02388545 -0.16039567 1.63997501
v -0.02023976 -0.16030219 1.63782496
v -0.01453753 -0.15964784 1.62408358
v -0.01547231 -0.15908687 1.62118569
v -0.01435060 -0.15992827 1.62660749
v -0.03809429 -0.15581518 1.61567039
v -0.04099213 -0.15600215 1.61828780
v -0.04379652 -0.15824564 1.63165531
v -0.03220508 -0.16030219 1.64081635
v -0.02809204 -0.16030219 1.64090984
v -0.01472447 -0.16002175 1.62941189
v -0.02080061 -0.15777815 1.61482916
v -0.02360501 -0.15712390 1.61352035
v -0.04435738 -0.15759129 1.62922490
v -0.01575274 -0.16020871 1.63240316
v -0.01752886 -0.16030219 1.63520756
v -0.04267476 -0.15628259 1.62090521
v -0.04445088 -0.15721738 1.62679448
v -0.03884214 -0.15964784 1.63801195
v -0.03585076 -0.16002175 1.63988151
v -0.01902456 -0.15824564 1.61613787
v -0.02818547 -0.15628259 1.61267912
v -0.01556581 -0.15712390 1.62726184
v -0.01575274 -0.15684346 1.62492481
v -0.03697253 -0.15310430 1.61735307
v -0.03958993 -0.15347821 1.61978349
v -0.04230084 -0.15572172 1.63174881
v -0.04136606 -0.15618911 1.63371186
v -0.03183116 -0.15740425 1.63978802
v -0.02818547 -0.15740425 1.63969452
v -0.01612666 -0.15712390 1.62978575
v -0.02145497 -0.15497387 1.61641824
v -0.02425936 -0.15422604 1.61539002
v -0.04276825 -0.15525431 1.62941189
v -0.01715493 -0.15731086 1.63249665
v -0.01874407 -0.15740425 1.63502057
v -0.04127256 -0.15385213 1.62193354
v -0.04286175 -0.15478692 1.62726184
v -0.03772037 -0.15684346 1.63745109
v -0.03500947 -0.15721738 1.63904017
v -0.02117454 -0.15749781 1.63726410
v -0.01977234 -0.15534779 1.61753995
v -0.02827897 -0.15357169 1.61473567
v -0.04258127 -0.15450648 1.62520529
v -0.03977692 -0.15646955 1.63576841
v -0.02444630 -0.15740425 1.63894679
v -0.04220740 -0.15431952 1.62352272
v -0.01659408 -0.15628259 1.62221402
v -0.03342034 -0.14889773 1.62436395
v -0.03837472 -0.15114123 1.62342923
v -0.03715952 -0.15086079 1.62165305
v -0.03912257 -0.15132819 1.62464444
v -0.03370077 -0.14889773 1.62529879
v -0.03370077 -0.14880425 1.62651400
v -0.02341808 -0.15366517 1.63576841
v -0.02734419 -0.15104765 1.63399235
v -0.02640941 -0.15048688 1.63296413
v -0.03743995 -0.15319778 1.63455320
v -0.03856166 -0.15282385 1.63305751
v -0.03323336 -0.15001938 1.63202929
v -0.02930724 -0.14945860 1.62071833
v -0.03136379 -0.14936503 1.62109219
v -0.03229857 -0.15076732 1.61847479
v -0.03267250 -0.15039340 1.63305751
v -0.03201814 -0.15095427 1.63399235
v -0.03566383 -0.15357169 1.63595540
v -0.02874638 -0.15086079 1.61791393
v -0.02566156 -0.15114123 1.61838129
v -0.02846590 -0.14917817 1.62155956
v -0.03295293 -0.14908469 1.62333573
v -0.03500947 -0.15067384 1.61997048
v -0.02837247 -0.15132819 1.63474019
v -0.02594199 -0.15385213 1.63698373
v -0.02865289 -0.15394561 1.63773147
v -0.03930950 -0.15254341 1.63146844
v -0.03351379 -0.14964556 1.63072059
v -0.03089638 -0.15179558 1.63539454
v -0.03145729 -0.15403909 1.63773147
v -0.03360727 -0.15375865 1.63707712
v -0.02098761 -0.15188906 1.62155956
v -0.01958541 -0.15235646 1.62380310
v -0.02566156 -0.14908469 1.62557927
v -0.02369851 -0.15151515 1.61912914
v -0.02762461 -0.14917817 1.62221402
v -0.01883756 -0.15282385 1.62595314
v -0.02528764 -0.14917817 1.62716835
v -0.03968343 -0.15207602 1.62959888
v -0.03351379 -0.14917817 1.62931839
v -0.02229631 -0.15179558 1.62006398
v -0.02640941 -0.14899111 1.62399008
v -0.02921375 -0.15170202 1.63539454
v -0.03958993 -0.15170202 1.62763571
v -0.02706376 -0.14899111 1.62305525
v -0.01874407 -0.15310430 1.62782270
v -0.02014627 -0.15338464 1.63212279
v -0.02584850 -0.15011296 1.63165531
v -0.02538113 -0.14973904 1.63015973
v -0.03360727 -0.14899111 1.62791619
v -0.02154847 -0.15366517 1.63408584
v -0.03201814 -0.14917817 1.62212052
v -0.02519415 -0.14945860 1.62875753
v -0.01921149 -0.15319778 1.62997274
v -0.03958993 -0.15151515 1.62595314
v -0.03313991 -0.15319778 1.61539002
v -0.05361186 -0.16488267 1.61735307
v -0.05622926 -0.16245212 1.61464217
v -0.05398572 -0.16591094 1.61099644
v -0.06342713 -0.12225611 1.57902660
v -0.06632502 -0.10066246 1.57949396
v -0.06408148 -0.09252976 1.57809176
v -0.05127488 -0.16647173 1.61912914
v -0.04650743 -0.16927619 1.61959650
v -0.04314218 -0.17198709 1.61838230
v -0.04454438 -0.17142621 1.62053223
v -0.04379652 -0.17226752 1.62156056
v -0.04323561 -0.17301537 1.62240190
v -0.04043127 -0.17161317 1.62221402
v -0.06182741 -0.08612994 1.44898582
v -0.02706376 -0.10552335 1.43684477
v -0.01724843 -0.10664512 1.43441424
v -0.03762688 -0.10112981 1.43964906
v -0.07189932 -0.07289547 1.45866370
v -0.06847500 -0.01737250 1.47891037
v -0.01285490 -0.00260279 1.46965595
v -0.07891884 -0.03286024 1.47845047
v 0.00079303 -0.00232236 1.46956246
v -0.02921375 -0.00250929 1.47105815
v -0.04426389 -0.00493976 1.47376905
v -0.08292891 -0.04148644 1.47704549
v -0.07965821 -0.05897061 1.46885573
v -0.08272052 -0.05034888 1.47320340
v -0.05806282 -0.00997505 1.47694921
v -0.05190678 0.00244638 1.46413219
v -0.06856850 -0.00194844 1.46787978
v -0.07451232 -0.02473177 1.47889076
v -0.08100481 -0.00807451 1.46917355
v -0.08881679 -0.01619574 1.46946239
v -0.01547231 0.00197767 1.46012105
v -0.03472904 0.00384730 1.46142976
v 0.00079303 0.00235160 1.45918622
v 0.00079303 0.00487557 1.44871659
v -0.05922059 0.01029737 1.45413840
v -0.04015084 0.00982995 1.45142749
v -0.01883756 0.00665163 1.44881009
v -0.06753504 -0.07937558 1.45381311
v -0.07618091 -0.06642561 1.46390887
v -0.00762004 -0.10524292 1.43235769
v 0.00079303 -0.10552335 1.43142297
v 0.00079303 0.00954953 1.43628380
v -0.02108104 0.01132564 1.43600343
v -0.16631608 -0.05007318 1.26727067
v -0.16976237 -0.05853802 1.24339977
v -0.17414795 -0.05123072 1.24204437
v -0.23730475 -0.09559051 1.26724638
v -0.23959779 -0.07957438 1.26720615
v -0.24058921 -0.08601967 1.23981766
v -0.20173928 -0.12848692 1.27392540
v -0.20408925 -0.13561480 1.25130536
v -0.19123950 -0.13599153 1.25144655
v -0.16363061 -0.06093423 1.26879533
v -0.16674916 -0.06956927 1.24537318
v -0.23559510 -0.06501568 1.26668831
v -0.23688820 -0.07145188 1.23756298
v -0.16385711 -0.07441757 1.27084252
v -0.16648060 -0.08365004 1.24716986
v -0.22891535 -0.05363361 1.26603117
v -0.23015732 -0.06018108 1.23616167
v -0.22985735 -0.11049305 1.26823905
v -0.23886959 -0.10192536 1.24325768
v -0.21953808 -0.04511256 1.26647045
v -0.22217195 -0.05214834 1.23560271
v -0.17106006 -0.11004535 1.27485087
v -0.17247504 -0.11813772 1.25068745
v -0.16870026 -0.10118024 1.24996022
v -0.19969142 -0.04413198 1.23788826
v -0.21151243 -0.04706659 1.23623277
v -0.20962050 -0.03900660 1.26687240
v -0.16440984 -0.09337243 1.27366375
v -0.17136658 -0.04279514 1.26657052
v -0.18073637 -0.04635105 1.24085245
v -0.21864200 -0.12916016 1.24920858
v -0.21728823 -0.12227851 1.27097435
v -0.16975172 -0.07663303 1.22079466
v -0.17283766 -0.06555569 1.21927657
v -0.23819933 -0.07791466 1.21527847
v -0.16949745 -0.09166350 1.22266244
v -0.23249364 -0.06667992 1.21256757
v -0.23171525 -0.11714137 1.24582840
v -0.23998386 -0.10966329 1.22184818
v -0.22350974 -0.05862655 1.21153367
v -0.17824982 -0.12542066 1.22615005
v -0.17261200 -0.10900171 1.22472735
v -0.20309836 -0.05090755 1.21339209
v -0.21406909 -0.05388685 1.21171966
v -0.17753695 -0.05808486 1.21799874
v -0.23275371 -0.12485786 1.22557236
v -0.22115818 -0.13669150 1.22857590
v -0.20663609 -0.14287056 1.22944242
v -0.24163938 -0.09313161 1.21790803
v -0.19401846 -0.14291207 1.22789625
v -0.17171572 -0.09767017 1.20058911
v -0.17215479 -0.08202558 1.19916830
v -0.23315248 -0.07315495 1.19312669
v -0.24153513 -0.11796733 1.20368981
v -0.22566331 -0.06541461 1.19114402
v -0.17973923 -0.13153743 1.20395625
v -0.17423928 -0.11543657 1.20231101
v -0.20600754 -0.05735239 1.19286404
v -0.21660386 -0.06029687 1.19131786
v -0.18428980 -0.05330928 1.21670218
v -0.18098539 -0.06367778 1.19703597
v -0.23445372 -0.13172055 1.20801040
v -0.22357433 -0.14261378 1.21024837
v -0.20904131 -0.14799004 1.21058390
v -0.17579188 -0.07084271 1.19807835
v -0.24359299 -0.10132115 1.19938705
v -0.19704914 -0.14800846 1.20853304
v -0.23934444 -0.08516935 1.19617970
v -0.13295662 -0.38074530 0.84836139
v -0.13715973 -0.37934405 0.84632485
v -0.13552907 -0.38129457 0.84401161
v -0.13610276 -0.36742069 0.83644923
v -0.13776866 -0.36692413 0.83848283
v -0.13457485 -0.36361401 0.83802616
v -0.13870121 -0.37683217 0.84024151
v -0.14058687 -0.37549514 0.84262022
v -0.14008694 -0.37079892 0.83985900
v -0.14800836 -0.36555753 0.85658898
v -0.14759491 -0.36066121 0.85498665
v -0.14584694 -0.36183474 0.85210854
v -0.14229922 -0.37103898 0.86206684
v -0.14566952 -0.36937926 0.85942475
v -0.14388331 -0.37112518 0.85696558
v -0.14403269 -0.35637068 0.85505479
v -0.13930423 -0.35387320 0.85336069
v -0.14028651 -0.35594182 0.85134442
v -0.12328396 -0.38608277 0.83789873
v -0.12733021 -0.38493055 0.83454329
v -0.12202629 -0.38825215 0.82955386
v -0.12697321 -0.37339970 0.82720251
v -0.12430858 -0.36997424 0.82790004
v -0.11984336 -0.37394843 0.82194028
v -0.12974757 -0.38213880 0.83127097
v -0.12910697 -0.37744624 0.82835492
v -0.12457734 -0.38121904 0.82346444
v -0.12016456 -0.37989435 0.84582740
v -0.12206846 -0.38228414 0.84511761
v -0.11776691 -0.38460822 0.84009876
v -0.14175078 -0.37403967 0.84491680
v -0.14090554 -0.36914939 0.84291519
v -0.12550830 -0.37680384 0.85236623
v -0.12848981 -0.37877213 0.85247572
v -0.12732245 -0.37975059 0.85079187
v -0.13285333 -0.37129333 0.86363619
v -0.13172729 -0.37310581 0.86091894
v -0.12899966 -0.37017683 0.86134679
v -0.13478892 -0.35851969 0.84684057
v -0.13897257 -0.35968369 0.84572850
v -0.14038280 -0.35680154 0.84918011
v -0.12136922 -0.36824871 0.82962016
v -0.13690125 -0.35481333 0.85327711
v -0.13323240 -0.36448366 0.83644199
v -0.12995360 -0.36180649 0.83985817
v -0.12206846 -0.38228414 0.84511761
v -0.12403889 -0.38354557 0.84364387
v -0.12048061 -0.38567154 0.83918827
v -0.13640517 -0.37277638 0.86220167
v -0.13505710 -0.37440376 0.85968127
v -0.13172729 -0.37310581 0.86091894
v -0.13059001 -0.37541961 0.85715151
v -0.13416493 -0.37935424 0.85028043
v -0.13817098 -0.37792831 0.84830907
v -0.13644770 -0.36208115 0.84087953
v -0.11719911 -0.38067200 0.81569285
v -0.11488513 -0.38207963 0.81325252
v -0.11735785 -0.38569380 0.81566750
v -0.11786291 -0.38930480 0.81856801
v -0.11550219 -0.39212488 0.82162029
v -0.11664096 -0.39152271 0.82322614
v -0.10274948 -0.39136753 0.82232551
v -0.10489295 -0.39190212 0.82378126
v -0.10275434 -0.39457012 0.81872909
v -0.11041393 -0.39302985 0.82427798
v -0.10700708 -0.39248554 0.82436195
v -0.10910990 -0.39140500 0.82722697
v -0.11921276 -0.38495409 0.81724181
v -0.10915280 -0.39491225 0.81903275
v -0.10435124 -0.39615150 0.81624702
v -0.10561780 -0.39443027 0.82036268
v -0.10064442 -0.39676669 0.81251119
v -0.10454886 -0.39631398 0.81449191
v -0.10575456 -0.38321062 0.80739071
v -0.10574165 -0.38730194 0.80394422
v -0.10892023 -0.38602090 0.80690178
v -0.09913669 -0.39637089 0.81048272
v -0.10064442 -0.39676669 0.81251119
v -0.10145087 -0.39722343 0.81083196
v -0.11329711 -0.38441051 0.81107901
v -0.11207665 -0.38593275 0.81024603
v -0.11471987 -0.38760462 0.81364566
v -0.10149237 -0.39001086 0.80311915
v -0.09900470 -0.39326376 0.80528112
v -0.10063367 -0.39379444 0.80477665
v -0.11462030 -0.39061707 0.81623337
v -0.11260630 -0.39308267 0.81845546
v -0.11417619 -0.39265437 0.81995661
v -0.11592004 -0.38695933 0.81434832
v -0.11302621 -0.38779139 0.81315378
v -0.11331767 -0.39060905 0.81577737
v -0.11097340 -0.39299389 0.81750664
v -0.14630807 -0.36726000 0.85411254
v -0.12464062 -0.38548534 0.82621635
v -0.11816036 -0.36978786 0.84249569
v -0.11415048 -0.37261691 0.83801457
v -0.11612785 -0.36905590 0.83365570
v -0.12268401 -0.36663509 0.84813997
v -0.12220970 -0.36810850 0.84646052
v -0.12469129 -0.36427184 0.84338745
v -0.12908715 -0.35859998 0.86013621
v -0.12732741 -0.36005742 0.85784180
v -0.13023526 -0.35693474 0.85482345
v -0.09960045 -0.38643360 0.80649844
v -0.09615863 -0.39030680 0.80976552
v -0.11063351 -0.38703711 0.81005637
v -0.09895133 -0.39400709 0.81572957
v -0.10538026 -0.38869449 0.80351447
v -0.10817996 -0.38757236 0.80659361
v -0.10275434 -0.39457012 0.81872909
v -0.10802937 -0.39461386 0.81699671
v -0.09993921 -0.38282202 0.81191796
v -0.10379308 -0.37965055 0.81794330
v -0.10176608 -0.38302854 0.82087551
v -0.10690182 -0.39066905 0.82684073
v -0.10468038 -0.38940877 0.82594629
v -0.10690182 -0.39066905 0.82684073
v -0.11634780 -0.39007752 0.81736372
v -0.10743615 -0.37988081 0.81188219
v -0.10952840 -0.38271351 0.80909367
v -0.10982052 -0.39409535 0.82168097
v -0.11878948 -0.37936667 0.81732433
v -0.11947431 -0.38869656 0.81985799
v -0.11803042 -0.39072942 0.82471314
v -0.10977089 -0.37600086 0.82524859
v -0.10798488 -0.37923543 0.82818476
v -0.10602181 -0.38007964 0.82592099
v -0.14515949 -0.36892382 0.85180716
v -0.14492496 -0.36350681 0.85005851
v -0.14272427 -0.36658534 0.84690554
v -0.13059001 -0.37541961 0.85715151
v -0.12738648 -0.37326622 0.85723904
v -0.12848981 -0.37877213 0.85247572
v -0.13358182 -0.37646385 0.85627050
v -0.13855659 -0.37444555 0.85780848
v -0.14214890 -0.37297092 0.85496954
v -0.14030905 -0.37493275 0.85256425
v -0.14352790 -0.36055069 0.84961783
v -0.14359157 -0.37139159 0.84894153
v -0.12509792 -0.36370366 0.85338799
v -0.12796867 -0.35987887 0.85009612
v -0.13633796 -0.37815171 0.83761819
v -0.13635590 -0.37273292 0.83453978
v -0.13345617 -0.37432233 0.83240879
v -0.11246888 -0.37536707 0.81895124
v -0.10973994 -0.37727460 0.81571408
v -0.11315726 -0.37800373 0.81506073
v -0.13179636 -0.36981609 0.83211371
v -0.13402686 -0.36844055 0.83417923
v -0.13157743 -0.36549268 0.83463639
v -0.10963796 -0.38644154 0.83176614
v -0.11114401 -0.38830477 0.83179935
v -0.10928666 -0.38903270 0.82994500
v -0.11231511 -0.38780326 0.83287041
v -0.11411785 -0.38899119 0.83233680
v -0.11275951 -0.38942008 0.83120807
v -0.12321983 -0.37860445 0.84934782
v -0.12548989 -0.38063891 0.84880569
v -0.12408826 -0.38146846 0.84716151
v -0.12103195 -0.36890223 0.84534588
v -0.11956508 -0.36920277 0.84397388
v -0.12244377 -0.36566000 0.84060434
v -0.12934711 -0.36686822 0.83257087
v -0.13332007 -0.38225854 0.84118359
v -0.13372979 -0.38015132 0.83478132
v -0.12950987 -0.38324391 0.84398263
v -0.13093898 -0.38335794 0.83828904
v -0.12712642 -0.36386538 0.83705182
v -0.12095529 -0.36627705 0.83875127
v -0.12548989 -0.38063891 0.84880569
v -0.12855805 -0.38161578 0.84745904
v -0.12671829 -0.38256385 0.84587598
v -0.11180780 -0.39202749 0.82677175
v -0.11127618 -0.39006070 0.82991541
v -0.13675572 -0.37621576 0.85491199
v -0.12067112 -0.38415290 0.81866613
v -0.13856659 -0.37145308 0.83685085
v -0.10936210 -0.37847825 0.82951430
v -0.12698368 -0.38441848 0.84161640
v -0.12513457 -0.36508585 0.83471005
v -0.11085833 -0.38602828 0.83302024
v -0.11231511 -0.38780326 0.83287041
v -0.11114401 -0.38830477 0.83179935
v -0.12408826 -0.38146846 0.84716151
v -0.12189935 -0.37939004 0.84779809
v -0.13179412 -0.36035011 0.84212934
v -0.12404544 -0.36509967 0.84201718
v -0.12732245 -0.37975059 0.85079187
v -0.13007205 -0.38037784 0.84955615
v -0.14148913 -0.36328786 0.84607362
v -0.12514551 -0.36266146 0.84575903
v -0.12454031 -0.37781883 0.85089740
v -0.13146508 -0.38213178 0.84585230
v -0.12868546 -0.36292461 0.83832520
v -0.11802884 -0.38916498 0.83229524
v -0.12045556 -0.38946187 0.82767672
v -0.12147195 -0.37761543 0.82021241
v -0.12276740 -0.37666942 0.82189381
v -0.12318169 -0.38253738 0.82148763
v -0.11847586 -0.37465775 0.82048777
v -0.11607783 -0.37278067 0.82351933
v -0.12304540 -0.38676713 0.82402458
v -0.11776691 -0.38460822 0.84009876
v -0.11553229 -0.38835824 0.83369209
v -0.11009881 -0.37755859 0.83085638
v -0.11167534 -0.37433534 0.82782788
v -0.11342929 -0.38727341 0.83416156
v -0.11176583 -0.38552152 0.83449938
v -0.11342929 -0.38727341 0.83416156
v -0.11104501 -0.37537155 0.82644886
v -0.11624759 -0.38992057 0.83121871
v -0.11926314 -0.39027989 0.82612464
v -0.12016353 -0.37836494 0.81882013
v -0.12194394 -0.38749355 0.82244430
v -0.11714807 -0.37550299 0.81934126
v -0.11526943 -0.37346363 0.82240614
v -0.11141836 -0.38005860 0.81205803
v -0.09725141 -0.38691456 0.81473266
v -0.10489295 -0.39190212 0.82378126
v -0.11774644 -0.37537810 0.84497803
v -0.11375852 -0.37701434 0.84011001
v -0.12291556 -0.37241134 0.85117008
v -0.12250715 -0.37363257 0.84959410
v -0.12858245 -0.36305062 0.86274130
v -0.12678579 -0.36562559 0.86002912
v -0.09879082 -0.38949101 0.81875890
v -0.09692049 -0.39320157 0.81303672
v -0.09860583 -0.39559831 0.80818057
v -0.09989060 -0.39640017 0.80754304
v -0.10214429 -0.38605856 0.82370788
v -0.12518897 -0.36948348 0.85626309
v -0.10799198 -0.38259711 0.83028906
v -0.10562695 -0.38312387 0.82776147
v -0.12124584 -0.37445836 0.84810465
v -0.11958172 -0.37473403 0.84679778
v -0.10936509 -0.38214401 0.83185551
v -0.11010404 -0.38123615 0.83347763
v -0.12876726 -0.36113813 0.84379503
v -0.13415540 -0.35431761 0.85544153
v -0.13227320 -0.35562342 0.85779439
v -0.13162782 -0.35844068 0.84813596
v -0.11177256 -0.37468009 0.82329027
v -0.10302814 -0.38849892 0.80276372
v -0.10282884 -0.38417449 0.80628426
v -0.12605945 -0.36374283 0.84021638
v -0.11335937 -0.37289762 0.82553437
v -0.10394854 -0.38072165 0.81184631
v -0.10600601 -0.37809758 0.81680387
v -0.11873311 -0.36777327 0.83165938
v -0.12734703 -0.36252874 0.84150357
v -0.12314075 -0.36556578 0.83664118
v -0.10379822 -0.38925396 0.80309942
v -0.11268435 -0.37386926 0.82453272
v -0.10975275 -0.37549589 0.82124665
v -0.12482992 -0.36443663 0.83863861
v -0.10327324 -0.39137781 0.80379456
v -0.10226535 -0.39101044 0.80328864
v -0.10063367 -0.39379444 0.80477665
v -0.11212488 -0.38786803 0.81340797
v -0.11232941 -0.39024072 0.81626936
v -0.10106386 -0.39581544 0.80765091
v -0.10175757 -0.39423052 0.80512271
v -0.10995149 -0.38705449 0.81027996
v -0.10145087 -0.39722343 0.81083196
v -0.10420224 -0.39546453 0.81365736
v -0.10473909 -0.38940830 0.80439470
v -0.10708046 -0.38817270 0.80698341
v -0.10379822 -0.38925396 0.80309942
v -0.10407333 -0.39009939 0.80371656
v -0.10755590 -0.39429231 0.81651530
v -0.10009859 -0.39703227 0.80894936
v -0.10177907 -0.39641633 0.81017672
v -0.11029755 -0.39239141 0.81697659
v -0.10271919 -0.39374031 0.80610173
v -0.10384010 -0.39393195 0.80661406
v -0.10133841 -0.39642812 0.80871429
v -0.10659082 -0.39295424 0.80906370
v -0.10868195 -0.39214265 0.81132495
v -0.12077059 -0.38798320 0.82109298
v -0.10756674 -0.37698827 0.82298076
v -0.11419778 -0.37437395 0.82125461
v -0.11564568 -0.37647226 0.81784774
v -0.10784943 -0.38716189 0.82984905
v -0.11356820 -0.39090237 0.82898671
v -0.12209537 -0.38347200 0.81989850
v -0.10928666 -0.38903270 0.82994500
v -0.13454820 -0.36284591 0.82774609
v -0.13756759 -0.36224558 0.82591291
v -0.13505954 -0.36266784 0.82319276
v -0.13819136 -0.35010525 0.81750112
v -0.14020809 -0.34863340 0.82017068
v -0.13637600 -0.34486732 0.82031176
v -0.14134778 -0.35814192 0.82288615
v -0.14170516 -0.35285429 0.82083010
v -0.13889022 -0.35419486 0.81775163
v -0.15363422 -0.34879047 0.84467459
v -0.15510259 -0.34271544 0.84326911
v -0.15219735 -0.34531434 0.83983075
v -0.14211375 -0.35478444 0.84731557
v -0.14405196 -0.35140404 0.85382097
v -0.14977718 -0.35180983 0.84883115
v -0.14783440 -0.34102467 0.83935225
v -0.14972240 -0.33708873 0.84651791
v -0.14450149 -0.33692598 0.84531546
v -0.11943197 -0.36964016 0.80606479
v -0.12213509 -0.36755717 0.81267762
v -0.12495873 -0.36660592 0.81052746
v -0.12672558 -0.35416553 0.80570825
v -0.12424352 -0.35129299 0.80598327
v -0.12087257 -0.35424339 0.80011746
v -0.12498958 -0.36512792 0.80219997
v -0.12889636 -0.36305399 0.80817043
v -0.12888626 -0.35845846 0.80637408
v -0.11832162 -0.36235813 0.82147091
v -0.12104280 -0.36476372 0.82079394
v -0.11680220 -0.36659656 0.81529642
v -0.14333244 -0.35164747 0.82402525
v -0.12705968 -0.35798527 0.83289666
v -0.13000511 -0.36093938 0.83282411
v -0.12890888 -0.36151943 0.83073803
v -0.13484678 -0.35172140 0.84974398
v -0.13298420 -0.35402370 0.84583503
v -0.13065068 -0.35075634 0.84582110
v -0.13675628 -0.33851466 0.83216798
v -0.14107061 -0.34054074 0.83134502
v -0.14219527 -0.33960913 0.83436973
v -0.11702609 -0.35232893 0.80135902
v -0.13959701 -0.33570356 0.84155595
v -0.14400120 -0.33782078 0.83980674
v -0.13491165 -0.34607406 0.81795255
v -0.13283585 -0.34306178 0.82132621
v -0.12104280 -0.36476372 0.82079394
v -0.12323825 -0.36563757 0.81951906
v -0.11975662 -0.36748014 0.81439613
v -0.13761777 -0.35421411 0.84888358
v -0.13605341 -0.35660617 0.84472374
v -0.13298420 -0.35402370 0.84583503
v -0.13184179 -0.35665113 0.84213581
v -0.13604097 -0.36183680 0.83039247
v -0.13877636 -0.36078404 0.82895968
v -0.13789093 -0.34402834 0.82283890
v -0.11768390 -0.35980157 0.79243908
v -0.11616869 -0.36115412 0.78961925
v -0.11743217 -0.36394063 0.79104557
v -0.11740328 -0.36790089 0.79310023
v -0.11532766 -0.37131501 0.79509415
v -0.11689231 -0.37077845 0.79725612
v -0.10215355 -0.37176223 0.79350307
v -0.10679049 -0.37330996 0.79496121
v -0.10448566 -0.37535163 0.78982836
v -0.11313800 -0.37284575 0.79599165
v -0.11027726 -0.37337540 0.79584929
v -0.11183781 -0.37217184 0.79910974
v -0.11940925 -0.36337453 0.79309566
v -0.11079000 -0.37384204 0.79206945
v -0.10806508 -0.37515832 0.78948569
v -0.10860539 -0.37449873 0.79274653
v -0.10552842 -0.37589661 0.78618569
v -0.10803572 -0.37489519 0.78866552
v -0.10895444 -0.36144204 0.78356221
v -0.10836486 -0.36424192 0.78041559
v -0.11186183 -0.36356944 0.78442745
v -0.10464206 -0.37574651 0.78287738
v -0.10343234 -0.37571012 0.78311329
v -0.10552842 -0.37589661 0.78618569
v -0.11521306 -0.36233456 0.78804945
v -0.11400166 -0.36351709 0.78702084
v -0.11573458 -0.36506268 0.78925452
v -0.10590375 -0.36841417 0.77836578
v -0.10432497 -0.36733243 0.77814068
v -0.10296084 -0.37099001 0.77870984
v -0.11560539 -0.36835276 0.79150653
v -0.11350033 -0.37176072 0.79253397
v -0.11480727 -0.37160884 0.79387844
v -0.11682875 -0.36460855 0.79012829
v -0.11432921 -0.36576834 0.78912091
v -0.11429939 -0.36831332 0.79084120
v -0.11220518 -0.37138831 0.79176199
v -0.13878954 -0.35928921 0.81994586
v -0.15182616 -0.34999139 0.84242977
v -0.11665320 -0.35392967 0.81909917
v -0.11344938 -0.35594051 0.81331576
v -0.11491140 -0.35224284 0.81124288
v -0.14312034 -0.35691830 0.82623078
v -0.12658480 -0.34497026 0.82808625
v -0.12467792 -0.34918242 0.83088351
v -0.12419006 -0.35008394 0.82900292
v -0.13032743 -0.33916968 0.84923555
v -0.12891570 -0.34296483 0.84293057
v -0.13140402 -0.33941844 0.84046856
v -0.10117220 -0.36421209 0.78108677
v -0.09884476 -0.36855215 0.78237714
v -0.11348902 -0.36448301 0.78698490
v -0.10124241 -0.37471550 0.78787884
v -0.10854930 -0.36595324 0.78025423
v -0.11133115 -0.36477539 0.78355875
v -0.10448566 -0.37535163 0.78982836
v -0.11006347 -0.37334727 0.79108223
v -0.10205792 -0.36100073 0.78816913
v -0.10551918 -0.35860522 0.79476976
v -0.10320912 -0.36212601 0.79665275
v -0.10932331 -0.37164770 0.79950601
v -0.10628916 -0.36987637 0.79956462
v -0.10932331 -0.37164770 0.79950601
v -0.11695597 -0.36821890 0.79222573
v -0.10931116 -0.35913654 0.78751740
v -0.11283411 -0.36150439 0.78605675
v -0.11201962 -0.37351252 0.79387855
v -0.12056605 -0.36250695 0.79485635
v -0.12022419 -0.36710134 0.79629248
v -0.11921836 -0.36740029 0.79484749
v -0.10783474 -0.35674424 0.79950339
v -0.10942156 -0.35612092 0.80169227
v -0.10768088 -0.35958488 0.80389279
v -0.14901513 -0.35225582 0.83810656
v -0.14974558 -0.34707400 0.83575805
v -0.14741505 -0.34885767 0.83208340
v -0.13184179 -0.35665113 0.84213581
v -0.12943162 -0.35399425 0.84207257
v -0.13388740 -0.34239818 0.82350462
v -0.13000511 -0.36093938 0.83282411
v -0.13527052 -0.35837619 0.84127886
v -0.13995598 -0.35706336 0.84275361
v -0.14474883 -0.35552872 0.84081000
v -0.14241289 -0.35735034 0.83726171
v -0.14525924 -0.34394758 0.83105072
v -0.14673434 -0.35408504 0.83421294
v -0.12745052 -0.34542923 0.83952124
v -0.13008709 -0.34096372 0.83627846
v -0.13481293 -0.36050790 0.81581861
v -0.13537213 -0.35585554 0.81433985
v -0.13250661 -0.35708515 0.81094730
v -0.11348350 -0.35497280 0.79626891
v -0.11159392 -0.35666777 0.79291591
v -0.11558632 -0.35753797 0.79240899
v -0.13072013 -0.35244981 0.81081463
v -0.13407661 -0.35143387 0.81416384
v -0.13227554 -0.34781427 0.81503783
v -0.10836374 -0.36860843 0.80348795
v -0.10963796 -0.36784863 0.80549747
v -0.11234241 -0.37004595 0.80481331
v -0.11563399 -0.37008286 0.80577071
v -0.11436511 -0.37080452 0.80363471
v -0.11234241 -0.37004595 0.80481331
v -0.12767917 -0.36236270 0.82863618
v -0.12524282 -0.36377116 0.82513894
v -0.12250602 -0.36070915 0.82663452
v -0.12260409 -0.35077270 0.82734693
v -0.12070497 -0.35183872 0.82521878
v -0.12207041 -0.34730189 0.82215067
v -0.12860611 -0.34946435 0.81107010
v -0.13191358 -0.36327591 0.81900812
v -0.13222095 -0.36149559 0.81271751
v -0.12934122 -0.36432876 0.82127657
v -0.12890888 -0.36454993 0.81587254
v -0.12893094 -0.34526684 0.81642181
v -0.13000811 -0.36348717 0.82708433
v -0.12734301 -0.36445048 0.82364207
v -0.12524282 -0.36377116 0.82513894
v -0.11469761 -0.37183346 0.79857290
v -0.11343116 -0.37131913 0.80185151
v -0.10926142 -0.35919106 0.80552906
v -0.12609076 -0.36546312 0.81789627
v -0.12381193 -0.34728216 0.81255927
v -0.11121346 -0.36723595 0.80740637
v -0.11332104 -0.36935803 0.80665044
v -0.11154194 -0.37081107 0.80275319
v -0.12446637 -0.34647704 0.82464188
v -0.13143927 -0.36269998 0.82952327
v -0.12767917 -0.36236270 0.82863618
v -0.14120476 -0.34744867 0.82298705
v -0.12890888 -0.36151943 0.83073803
v -0.12624258 -0.35854231 0.83082946
v -0.13255326 -0.36339509 0.82500939
v -0.13155612 -0.34385963 0.81944334
v -0.12110253 -0.36904779 0.80472483
v -0.11961621 -0.36982759 0.80263139
v -0.12163433 -0.35748871 0.79793053
v -0.12309840 -0.35679564 0.79999705
v -0.12364226 -0.36586340 0.79984923
v -0.12489610 -0.36032749 0.80046190
v -0.11965445 -0.35507610 0.79829565
v -0.11680220 -0.36659656 0.81529642
v -0.11662394 -0.36964119 0.80774162
v -0.11106482 -0.35870102 0.80699623
v -0.11242084 -0.35514182 0.80480807
v -0.11432154 -0.36884024 0.80836828
v -0.11228099 -0.36671510 0.80905902
v -0.11432154 -0.36884024 0.80836828
v -0.11094078 -0.35569223 0.80326725
v -0.11691111 -0.37077797 0.80209266
v -0.11783431 -0.37033947 0.80412893
v -0.12031553 -0.35816493 0.79601322
v -0.12352644 -0.36089266 0.79823046
v -0.12162760 -0.36170191 0.79624874
v -0.11826338 -0.35579347 0.79657017
v -0.11590312 -0.35335609 0.79975902
v -0.12170426 -0.36655104 0.79783330
v -0.11379628 -0.35958075 0.78847218
v -0.09906696 -0.36501181 0.78959925
v -0.10679049 -0.37330996 0.79496121
v -0.11676911 -0.35864363 0.82086420
v -0.11305154 -0.36020502 0.81471060
v -0.12536256 -0.35486679 0.83238093
v -0.12489096 -0.35539740 0.83026710
v -0.13052542 -0.34312226 0.85090124
v -0.12924794 -0.34824669 0.84493257
v -0.09962924 -0.36934223 0.79170589
v -0.09899040 -0.37301541 0.78525503
v -0.10285474 -0.37451575 0.78137550
v -0.10427590 -0.37420978 0.78083699
v -0.10363781 -0.36671950 0.79874356
v -0.12780134 -0.35087263 0.84149154
v -0.10604929 -0.36038151 0.80164987
v -0.10780755 -0.36422267 0.80540492
v -0.12316581 -0.35638734 0.82872199
v -0.12101597 -0.35683809 0.82676830
v -0.10937145 -0.36362067 0.80703389
v -0.11114167 -0.36329330 0.80872705
v -0.13311376 -0.33825488 0.83339622
v -0.13682769 -0.33538273 0.84372912
v -0.13365127 -0.33539059 0.84598168
v -0.13459934 -0.33736788 0.83730255
v -0.11204972 -0.35430499 0.79951743
v -0.10470702 -0.36258546 0.78103490
v -0.12619144 -0.34574387 0.82604073
v -0.12765056 -0.34422701 0.82158497
v -0.11683016 -0.34936986 0.80852685
v -0.10471590 -0.35977034 0.78720103
v -0.10862819 -0.35688771 0.79348390
v -0.11833742 -0.34955671 0.81661688
v -0.13029911 -0.34254165 0.82531272
v -0.12076367 -0.34684882 0.81401106
v -0.10698072 -0.36717249 0.77899211
v -0.10638320 -0.36516840 0.77887861
v -0.11348528 -0.35367120 0.80115069
v -0.11071381 -0.35502982 0.79744684
v -0.12522599 -0.34511122 0.81866033
v -0.10612801 -0.36896271 0.77897032
v -0.10590375 -0.36841417 0.77836578
v -0.10468440 -0.37147570 0.77884418
v -0.11385528 -0.36576283 0.78917161
v -0.11351276 -0.36842829 0.79056612
v -0.10511188 -0.37330425 0.78079943
v -0.10577839 -0.37153526 0.77942537
v -0.11286421 -0.36504613 0.78672002
v -0.10616811 -0.37566761 0.78524545
v -0.10787774 -0.37402106 0.78760911
v -0.10823166 -0.36669089 0.78029530
v -0.11051723 -0.36585106 0.78347701
v -0.10698072 -0.36717249 0.77899211
v -0.10689210 -0.36784152 0.77927076
v -0.10998430 -0.37303859 0.79048087
v -0.10464206 -0.37574651 0.78287738
v -0.10588178 -0.37476169 0.78419316
v -0.11181434 -0.37100878 0.79151416
v -0.10654370 -0.37131559 0.78035274
v -0.10752206 -0.37114134 0.78189741
v -0.10527687 -0.37478487 0.78250262
v -0.10972378 -0.37009643 0.78513724
v -0.11166291 -0.36921745 0.78783249
v -0.11915349 -0.35881357 0.79452544
v -0.11772007 -0.37040221 0.79892409
v -0.11829132 -0.37021946 0.80045399
v -0.11460123 -0.35398369 0.79799538
v -0.11723501 -0.35643584 0.79495190
v -0.11154194 -0.37081107 0.80275319
v -0.11565382 -0.37123230 0.80038312
v -0.10611463 -0.36498442 0.80310076
v -0.14228772 -0.34063197 0.82483951
v -0.14352080 -0.34001231 0.82630004
v -0.14665777 -0.33829519 0.82452035
v -0.14669722 -0.32667374 0.81785103
v -0.14776214 -0.32635687 0.82032379
v -0.14571532 -0.32387528 0.82040664
v -0.14830544 -0.33430932 0.81945158
v -0.14939064 -0.33393493 0.82207450
v -0.14906487 -0.32945326 0.82069326
v -0.15821592 -0.32979118 0.84105181
v -0.15982461 -0.32477033 0.84021153
v -0.15734011 -0.32617205 0.83734256
v -0.14848680 -0.33537499 0.84086700
v -0.14908198 -0.33381182 0.84659820
v -0.15416855 -0.33367272 0.84340450
v -0.15525104 -0.32152445 0.83748642
v -0.15888280 -0.32057413 0.84468512
v -0.14898877 -0.31553954 0.84413463
v -0.13459485 -0.34179467 0.81199268
v -0.13669701 -0.34041818 0.81025010
v -0.13151358 -0.34205462 0.80324607
v -0.13277967 -0.33131117 0.80012598
v -0.13753570 -0.32996057 0.80671474
v -0.13569613 -0.32777932 0.80700107
v -0.13448482 -0.33754960 0.80077075
v -0.13944398 -0.33656094 0.80782002
v -0.13885311 -0.33237366 0.80670387
v -0.13198631 -0.33746285 0.82379145
v -0.13406230 -0.33999827 0.82308456
v -0.12866443 -0.34144142 0.81469572
v -0.15008472 -0.32907861 0.82338304
v -0.13570080 -0.33602577 0.83088390
v -0.13870139 -0.33872929 0.83040099
v -0.13756263 -0.33912135 0.82845137
v -0.13999991 -0.33382678 0.84200660
v -0.14060995 -0.33539677 0.83948837
v -0.13780287 -0.33270521 0.83997690
v -0.14545358 -0.31911811 0.83063813
v -0.14910889 -0.32132423 0.82987563
v -0.15006612 -0.31984043 0.83338424
v -0.13126260 -0.32942690 0.80007500
v -0.13215541 -0.32543290 0.80797781
v -0.14598145 -0.31684142 0.83875166
v -0.15032319 -0.31769891 0.83815331
v -0.14445466 -0.32419123 0.81813463
v -0.14204832 -0.32146679 0.82126013
v -0.13406230 -0.33999827 0.82308456
v -0.13680713 -0.34135427 0.82171925
v -0.13179861 -0.34259578 0.81331720
v -0.14347014 -0.33567804 0.84196202
v -0.14401203 -0.33706210 0.83943872
v -0.14060995 -0.33539677 0.83948837
v -0.14045226 -0.33664742 0.83727497
v -0.14721576 -0.33752679 0.82688865
v -0.14689990 -0.32371252 0.82338844
v -0.12642383 -0.33364383 0.79028486
v -0.12458341 -0.33480148 0.78719023
v -0.12633541 -0.33705555 0.78851614
v -0.12701331 -0.34045267 0.79036643
v -0.12501061 -0.34392945 0.79208443
v -0.12646683 -0.34338007 0.79441539
v -0.11171834 -0.34461971 0.79087892
v -0.11457937 -0.34641057 0.79158682
v -0.11259246 -0.34804675 0.78613214
v -0.12199085 -0.34608060 0.79267465
v -0.11846725 -0.34703146 0.79211591
v -0.12058091 -0.34615950 0.79691412
v -0.12779984 -0.33591520 0.79085273
v -0.11935250 -0.34699585 0.78697354
v -0.11611485 -0.34854621 0.78369337
v -0.11611495 -0.34781399 0.78760677
v -0.11263229 -0.34867904 0.78095177
v -0.11609392 -0.34838457 0.78223629
v -0.11657476 -0.33412534 0.78055517
v -0.11601231 -0.33685887 0.77649366
v -0.11866142 -0.33627305 0.77946538
v -0.11072363 -0.34727628 0.77921571
v -0.11263229 -0.34867904 0.78095177
v -0.11356297 -0.34820323 0.77924607
v -0.12240274 -0.33568879 0.78415427
v -0.12140381 -0.33645926 0.78266181
v -0.12380595 -0.33779562 0.78605352
v -0.11216722 -0.34010355 0.77510913
v -0.11050320 -0.34269496 0.77650068
v -0.11230922 -0.34371267 0.77513242
v -0.12442282 -0.34113096 0.78771353
v -0.12239058 -0.34456895 0.78848873
v -0.12351148 -0.34439021 0.78984184
v -0.12483179 -0.33734384 0.78679050
v -0.12294902 -0.33839802 0.78535120
v -0.12333368 -0.34131772 0.78717468
v -0.12135043 -0.34451780 0.78773559
v -0.14591266 -0.33870575 0.82209869
v -0.15637802 -0.33038751 0.83805057
v -0.13072715 -0.32783710 0.82382806
v -0.12498809 -0.33021119 0.81432731
v -0.12735236 -0.32622925 0.81178451
v -0.15028225 -0.33352897 0.82476953
v -0.13335747 -0.32585833 0.82964741
v -0.13295952 -0.32666619 0.82808809
v -0.13579811 -0.32219123 0.82587525
v -0.13994925 -0.31826754 0.84028285
v -0.13631310 -0.32284689 0.84219860
v -0.13601723 -0.32337730 0.83965112
v -0.11017266 -0.33684026 0.78006981
v -0.10856155 -0.34031862 0.78138609
v -0.12138446 -0.33721906 0.78173226
v -0.10983258 -0.34621781 0.78434761
v -0.11668489 -0.33845878 0.77585073
v -0.11877059 -0.33753230 0.77801053
v -0.11259246 -0.34804675 0.78613214
v -0.11877115 -0.34668205 0.78588319
v -0.11171507 -0.33431520 0.78600126
v -0.11540955 -0.33180051 0.79298612
v -0.11346762 -0.33510484 0.79515416
v -0.11736841 -0.34543829 0.79730398
v -0.11505667 -0.34348515 0.79739207
v -0.11736841 -0.34543829 0.79730398
v -0.12567647 -0.34092213 0.78880432
v -0.11857925 -0.33247732 0.78472142
v -0.11989122 -0.33451356 0.78235357
v -0.12046463 -0.34670598 0.78910074
v -0.12803457 -0.33250796 0.79289468
v -0.12994098 -0.33937308 0.79386874
v -0.12854132 -0.33981142 0.79224479
v -0.12117311 -0.32979071 0.80029319
v -0.11948534 -0.33295435 0.80283900
v -0.11753817 -0.33329022 0.80055061
v -0.15561477 -0.32665385 0.83411593
v -0.15357113 -0.32744972 0.83056051
v -0.15327124 -0.33177884 0.83237541
v -0.14045226 -0.33664742 0.83727497
v -0.13718815 -0.33361672 0.83760482
v -0.14309286 -0.32097321 0.82384294
v -0.13870139 -0.33872929 0.83040099
v -0.14378245 -0.33820674 0.83630381
v -0.14789291 -0.33687383 0.83884549
v -0.15127453 -0.33478747 0.83760906
v -0.14999115 -0.33551698 0.83423951
v -0.15125648 -0.32341956 0.82985356
v -0.15461856 -0.33129014 0.83561318
v -0.13883188 -0.31939770 0.83710737
v -0.13536251 -0.32394632 0.83720739
v -0.14454151 -0.33474755 0.81500094
v -0.14640324 -0.33446879 0.81720620
v -0.14589573 -0.33048919 0.81604181
v -0.12144129 -0.33044609 0.79089692
v -0.12437093 -0.33172256 0.79023359
v -0.12637831 -0.33074616 0.79349176
v -0.14265780 -0.32802835 0.81378852
v -0.14472135 -0.32742420 0.81566716
v -0.14280054 -0.32477041 0.81613308
v -0.11915686 -0.34170922 0.80373138
v -0.12082546 -0.34423888 0.80301897
v -0.11943224 -0.34458511 0.80100944
v -0.12228411 -0.34389301 0.80496152
v -0.12523524 -0.34462801 0.80327237
v -0.12368685 -0.34509261 0.80150383
v -0.13682656 -0.33939403 0.82708215
v -0.13558199 -0.33994826 0.82495746
v -0.13348778 -0.33720549 0.82564569
v -0.13538176 -0.32255758 0.82455718
v -0.13268768 -0.32730185 0.82691205
v -0.13174644 -0.32747750 0.82495094
v -0.14088758 -0.32531773 0.81427059
v -0.14249711 -0.33882315 0.81759467
v -0.14440156 -0.33863293 0.81971151
v -0.13949363 -0.34096336 0.82015892
v -0.14117354 -0.34095260 0.82284074
v -0.13923460 -0.32207475 0.81773670
v -0.13335195 -0.32362221 0.82127751
v -0.13682656 -0.33939403 0.82708215
v -0.13974060 -0.34090053 0.82575167
v -0.13849564 -0.34122061 0.82388684
v -0.12386568 -0.34536836 0.79593521
v -0.12241965 -0.34550075 0.79961761
v -0.14714349 -0.33741114 0.83555680
v -0.12934384 -0.33551211 0.79287841
v -0.14780663 -0.32997263 0.81803284
v -0.12194515 -0.32946468 0.80221930
v -0.12020092 -0.33250507 0.80431786
v -0.14407495 -0.33088713 0.81387672
v -0.12055025 -0.34136308 0.80574079
v -0.12228411 -0.34389301 0.80496152
v -0.12082546 -0.34423888 0.80301897
v -0.13558199 -0.33994826 0.82495746
v -0.13756263 -0.33912135 0.82845137
v -0.14071268 -0.34051382 0.82722006
v -0.13810238 -0.32001411 0.83430342
v -0.13516910 -0.33646168 0.82897857
v -0.14078092 -0.32164102 0.81963378
v -0.12946088 -0.34342729 0.80451444
v -0.13003726 -0.34266122 0.80076495
v -0.13105095 -0.33179380 0.79739859
v -0.13403388 -0.33345904 0.80031358
v -0.13202623 -0.33420134 0.79731523
v -0.12948659 -0.32988251 0.79769295
v -0.12776470 -0.32740309 0.80070355
v -0.13266010 -0.33847708 0.79834301
v -0.12866443 -0.34144142 0.81469572
v -0.12705379 -0.34402676 0.80582587
v -0.12110094 -0.33174209 0.80675848
v -0.12643580 -0.33922771 0.81525507
v -0.12410068 -0.34355666 0.80738369
v -0.12410068 -0.34355666 0.80738369
v -0.12289649 -0.32843323 0.80431731
v -0.12189019 -0.34131625 0.80822163
v -0.12785397 -0.34403339 0.80216738
v -0.12888477 -0.34306607 0.79833777
v -0.12945032 -0.33207359 0.79492549
v -0.13120819 -0.33896487 0.79575496
v -0.12779396 -0.33031167 0.79552268
v -0.12606590 -0.32815857 0.79865887
v -0.12215922 -0.33330415 0.78560388
v -0.10968759 -0.33767672 0.78808611
v -0.11457937 -0.34641057 0.79158682
v -0.13068274 -0.33343015 0.82446157
v -0.12477831 -0.33488991 0.81544830
v -0.13357705 -0.33187512 0.83093176
v -0.13320809 -0.33250245 0.82900832
v -0.13640311 -0.32837041 0.84241473
v -0.13599545 -0.32894709 0.84046410
v -0.10990699 -0.34157079 0.79001373
v -0.10863848 -0.34391242 0.78304331
v -0.11001019 -0.34580633 0.77799175
v -0.11178817 -0.34605219 0.77633175
v -0.11321251 -0.33949182 0.79675204
v -0.13544785 -0.32935388 0.83784051
v -0.11865225 -0.33768391 0.80400545
v -0.13313396 -0.33287414 0.82776264
v -0.13191153 -0.33310607 0.82591921
v -0.11962228 -0.33732796 0.80560216
v -0.12045892 -0.33629996 0.80824108
v -0.14151278 -0.31873315 0.83190198
v -0.13604107 -0.32173590 0.82741563
v -0.14306406 -0.31718196 0.83889235
v -0.14214348 -0.31802514 0.83515112
v -0.12392148 -0.32826028 0.80009378
v -0.11388902 -0.33832266 0.77495239
v -0.11225912 -0.33521073 0.77974692
v -0.13881590 -0.32078811 0.82306706
v -0.12990705 -0.32515033 0.80957073
v -0.11417086 -0.33300976 0.78499538
v -0.11758649 -0.33075469 0.79170967
v -0.13589262 -0.32204037 0.81904774
v -0.13947783 -0.32040402 0.82527717
v -0.13462785 -0.32309096 0.82264946
v -0.11464723 -0.34009951 0.77413256
v -0.12253557 -0.32896753 0.79874574
v -0.11982457 -0.32996048 0.79832668
v -0.13785736 -0.32120962 0.82213451
v -0.11417721 -0.34193628 0.77524881
v -0.11353277 -0.34159144 0.77409695
v -0.11230922 -0.34371267 0.77513242
v -0.12215474 -0.33856319 0.78523035
v -0.12200544 -0.34118096 0.78718499
v -0.11300985 -0.34560123 0.77686797
v -0.11354296 -0.34379530 0.77581323
v -0.12092174 -0.33801156 0.78180681
v -0.11451197 -0.34745146 0.77964579
v -0.11356297 -0.34820323 0.77924607
v -0.11679230 -0.33973383 0.77609155
v -0.11873152 -0.33856860 0.77823797
v -0.11464723 -0.34009951 0.77413256
v -0.11517567 -0.34118096 0.77517437
v -0.11893690 -0.34617585 0.78525932
v -0.11625928 -0.34741023 0.78213215
v -0.11347697 -0.34638675 0.77797949
v -0.11210272 -0.34715944 0.77729583
v -0.12065009 -0.34426888 0.78744346
v -0.11503330 -0.34394056 0.77648347
v -0.11645596 -0.34388225 0.77760908
v -0.11793910 -0.34341737 0.77944454
v -0.11975278 -0.34240938 0.78277491
v -0.12777236 -0.34312179 0.79647044
v -0.12335406 -0.32918160 0.79510596
v -0.11763332 -0.34228897 0.80159593
v -0.12538714 -0.34481946 0.79819937
v -0.13091251 -0.33499023 0.79479701
v -0.11943224 -0.34458511 0.80100944
v -0.11682913 -0.33811260 0.80196880
v -0.12125219 -0.32913759 0.79671220
v -0.14666759 -0.31626663 0.83103885
v -0.14936167 -0.31319144 0.82946571
v -0.14752022 -0.31359264 0.82742733
v -0.14680622 -0.30561177 0.82540816
v -0.14877546 -0.30492611 0.82728809
v -0.14475117 -0.30227831 0.82797180
v -0.14893428 -0.31086043 0.82635799
v -0.15073272 -0.31034378 0.82834823
v -0.15028879 -0.30719550 0.82757660
v -0.15799484 -0.30815702 0.84157957
v -0.16038220 -0.30768336 0.84463927
v -0.15922101 -0.30443570 0.84430139
v -0.15700042 -0.31372007 0.84613334
v -0.15965054 -0.31045475 0.84557890
v -0.15755007 -0.31092952 0.84279395
v -0.15467838 -0.30210976 0.83947015
v -0.15696031 -0.30170210 0.84330867
v -0.15145551 -0.29806043 0.84243339
v -0.13822053 -0.31648229 0.82191643
v -0.14049432 -0.31452266 0.82004247
v -0.13812509 -0.31528845 0.81742083
v -0.13812649 -0.30725344 0.81579933
v -0.14067847 -0.30673594 0.81911493
v -0.13821698 -0.30436812 0.81972805
v -0.13958225 -0.31267151 0.81639963
v -0.14210057 -0.31214166 0.81904869
v -0.14179386 -0.30910584 0.81879233
v -0.13290353 -0.31365201 0.82927521
v -0.13530987 -0.31641264 0.82813327
v -0.13347786 -0.31691686 0.82547636
v -0.15122574 -0.30683261 0.82942376
v -0.13819548 -0.31174035 0.83660051
v -0.14120196 -0.31559169 0.83598766
v -0.13967216 -0.31579576 0.83424380
v -0.14337395 -0.31142786 0.84453886
v -0.14531654 -0.31465410 0.84306139
v -0.14456066 -0.31467755 0.84272564
v -0.14809867 -0.30090706 0.83461901
v -0.14912684 -0.30020568 0.83665143
v -0.14535617 -0.29913459 0.83768656
v -0.13600938 -0.30488320 0.81647379
v -0.13571296 -0.30312578 0.82076820
v -0.15052847 -0.29947307 0.83915060
v -0.14663973 -0.29750506 0.84280370
v -0.14340320 -0.30291293 0.82602223
v -0.14124327 -0.30101501 0.82923320
v -0.13530987 -0.31641264 0.82813327
v -0.13793860 -0.31703484 0.82665257
v -0.13580690 -0.31736229 0.82396156
v -0.14531654 -0.31465410 0.84306139
v -0.14948739 -0.31490388 0.84263443
v -0.14769436 -0.31531995 0.84184490
v -0.14623900 -0.31566125 0.83994325
v -0.14305518 -0.31468747 0.84085752
v -0.14456066 -0.31467755 0.84272564
v -0.14811175 -0.31559732 0.83313385
v -0.15043368 -0.31292063 0.83169772
v -0.14598939 -0.30179763 0.82983234
v -0.13146647 -0.30777591 0.80833803
v -0.12894964 -0.30801090 0.80566808
v -0.13059889 -0.31068759 0.80649270
v -0.13119567 -0.31379738 0.80740163
v -0.13051252 -0.31725011 0.80881430
v -0.13206978 -0.31652087 0.81044043
v -0.11999845 -0.31701370 0.80970111
v -0.12321871 -0.31881132 0.81050222
v -0.12179923 -0.31938051 0.80695834
v -0.12830024 -0.31858433 0.81031657
v -0.12579583 -0.31889891 0.81071189
v -0.12777918 -0.31865080 0.81352687
v -0.13282313 -0.31035835 0.80837954
v -0.12596065 -0.31841756 0.80663573
v -0.12368143 -0.31943341 0.80551251
v -0.12413453 -0.31923411 0.80794471
v -0.12178521 -0.31959578 0.80391391
v -0.12394019 -0.31922149 0.80433670
v -0.12308064 -0.30856413 0.80160095
v -0.12295220 -0.31011177 0.79982232
v -0.12454275 -0.31002641 0.80114657
v -0.12034543 -0.31869671 0.80227251
v -0.12228280 -0.31957616 0.80297166
v -0.12721635 -0.30947854 0.80406340
v -0.12633222 -0.31035367 0.80293818
v -0.12765580 -0.31166062 0.80425017
v -0.12167715 -0.31302075 0.79798446
v -0.12070076 -0.31234077 0.79830824
v -0.11976680 -0.31518395 0.79868294
v -0.12920456 -0.31394132 0.80647666
v -0.12824407 -0.31405713 0.80560512
v -0.12751417 -0.31674346 0.80653611
v -0.12857936 -0.31117537 0.80531377
v -0.12747856 -0.31176849 0.80396879
v -0.12769776 -0.31423699 0.80511814
v -0.12703248 -0.31663362 0.80595932
v -0.13348544 -0.30454564 0.82734280
v -0.13231340 -0.30688038 0.82860392
v -0.13034632 -0.30729270 0.82556222
v -0.15178016 -0.31014222 0.83043604
v -0.13776949 -0.30344315 0.83486863
v -0.13711084 -0.30590109 0.83610177
v -0.13582962 -0.30626640 0.83419316
v -0.14107174 -0.30222989 0.84262947
v -0.14087516 -0.30543462 0.84377291
v -0.14020940 -0.30550109 0.84228797
v -0.12070076 -0.31234077 0.79830824
v -0.11826469 -0.31051278 0.80050932
v -0.11695523 -0.31366042 0.80157883
v -0.12621014 -0.31101560 0.80236841
v -0.11939401 -0.31853507 0.80532519
v -0.12178521 -0.31959578 0.80391391
v -0.12338903 -0.31103271 0.79940315
v -0.12480589 -0.31078078 0.80055568
v -0.12179923 -0.31938051 0.80695834
v -0.12568834 -0.31821314 0.80573566
v -0.11863346 -0.30850325 0.80590232
v -0.12255454 -0.30692468 0.81217058
v -0.12117021 -0.30994379 0.81379682
v -0.12547979 -0.31819857 0.81430620
v -0.12254182 -0.31607685 0.81475528
v -0.12547979 -0.31819857 0.81430620
v -0.12473176 -0.30688523 0.80451143
v -0.12515775 -0.30865105 0.80262220
v -0.12854217 -0.31667362 0.80759999
v -0.12678176 -0.31846264 0.80815360
v -0.13449762 -0.30797950 0.81113133
v -0.13311872 -0.31358609 0.80927515
v -0.13430683 -0.31599890 0.81295927
v -0.12566095 -0.30599383 0.81634419
v -0.12684187 -0.30588549 0.81754542
v -0.12575882 -0.30878661 0.81918486
v -0.15512690 -0.30565804 0.83710130
v -0.15323328 -0.30586239 0.83449236
v -0.15408545 -0.30932860 0.83540798
v -0.14165739 -0.31101298 0.84342540
v -0.14305518 -0.31468747 0.84085752
v -0.14471453 -0.29963368 0.83561235
v -0.14437558 -0.31690967 0.83505194
v -0.14120196 -0.31559169 0.83598766
v -0.15247892 -0.31404396 0.84051971
v -0.15490049 -0.31153930 0.83960287
v -0.15300175 -0.31191553 0.83653454
v -0.15129565 -0.30311065 0.83428660
v -0.15575180 -0.30876998 0.83837351
v -0.14044271 -0.30253603 0.84118726
v -0.13937864 -0.30534937 0.84029745
v -0.14466648 -0.31176802 0.82200709
v -0.14678921 -0.31135905 0.82417574
v -0.14645586 -0.30837212 0.82364458
v -0.13030443 -0.30457453 0.81287308
v -0.12762270 -0.30535611 0.80958522
v -0.12979216 -0.30607253 0.80883375
v -0.14265883 -0.30615235 0.82164787
v -0.14484700 -0.30576901 0.82387837
v -0.14201888 -0.30349343 0.82441633
v -0.12699228 -0.31541735 0.81980015
v -0.12921494 -0.31759300 0.81895352
v -0.12770366 -0.31784782 0.81733380
v -0.13044260 -0.31732547 0.82031248
v -0.13228330 -0.31789354 0.81912151
v -0.13126933 -0.31810733 0.81770031
v -0.13579017 -0.31302897 0.83327080
v -0.13828484 -0.31604058 0.83235569
v -0.13691986 -0.31619567 0.83048134
v -0.13540065 -0.30423024 0.83110616
v -0.13450548 -0.30651646 0.83223634
v -0.13350544 -0.30687401 0.83045783
v -0.14028726 -0.30374079 0.82246704
v -0.14544432 -0.31384251 0.82541658
v -0.14269183 -0.31602788 0.82699601
v -0.14314792 -0.31408491 0.82307631
v -0.13902577 -0.30205844 0.82562886
v -0.13444528 -0.30440840 0.82935500
v -0.13828484 -0.31604058 0.83235569
v -0.14114877 -0.31712953 0.83099885
v -0.13963460 -0.31704866 0.82909703
v -0.13041708 -0.31842946 0.81224480
v -0.12997418 -0.31832878 0.81614901
v -0.15077619 -0.31444705 0.83793595
v -0.13518713 -0.31016195 0.81091225
v -0.14849249 -0.30773242 0.82571690
v -0.12717569 -0.30853468 0.82033739
v -0.14063360 -0.31614725 0.82473760
v -0.14405335 -0.30849400 0.82132499
v -0.13751093 -0.30258771 0.82389938
v -0.12809542 -0.31484462 0.82127590
v -0.13044260 -0.31732547 0.82031248
v -0.12921494 -0.31759300 0.81895352
v -0.13691986 -0.31619567 0.83048134
v -0.13449268 -0.31322995 0.83158879
v -0.14243831 -0.30041891 0.83104559
v -0.13670411 -0.30377517 0.83302848
v -0.13967216 -0.31579576 0.83424380
v -0.14281793 -0.31719224 0.83316839
v -0.14990609 -0.30461957 0.82919013
v -0.13989026 -0.30267605 0.83916754
v -0.13685462 -0.31238172 0.83495950
v -0.14495991 -0.31612928 0.82908226
v -0.14013115 -0.30150606 0.82723521
v -0.13617035 -0.31699949 0.81906055
v -0.13698493 -0.31549176 0.81613737
v -0.13685135 -0.30736477 0.81413102
v -0.13863353 -0.31291082 0.81504039
v -0.13935640 -0.30951022 0.81582702
v -0.13486706 -0.30506604 0.81505973
v -0.13360910 -0.30374087 0.81736277
v -0.13338561 -0.31793092 0.82076953
v -0.13137795 -0.31725760 0.82218059
v -0.13143002 -0.30470680 0.82407422
v -0.12831818 -0.30835173 0.82175145
v -0.13076566 -0.31423345 0.82634389
v -0.13137795 -0.31725760 0.82218059
v -0.12936319 -0.30569131 0.82047635
v -0.12909304 -0.31446658 0.82292365
v -0.13500354 -0.31725181 0.81750212
v -0.13586111 -0.31585941 0.81462708
v -0.13378551 -0.30523384 0.81344625
v -0.13746662 -0.31316311 0.81348196
v -0.13832018 -0.30981366 0.81439228
v -0.13268506 -0.30391081 0.81614762
v -0.12686149 -0.30719046 0.80496235
v -0.11705769 -0.31148628 0.80760439
v -0.12321871 -0.31881132 0.81050222
v -0.13191957 -0.30979786 0.82922529
v -0.12995547 -0.31054587 0.82646569
v -0.13720974 -0.30873668 0.83666051
v -0.13584466 -0.30889177 0.83478633
v -0.14174040 -0.30848411 0.84455129
v -0.14068484 -0.30829406 0.84293001
v -0.11746983 -0.31462128 0.80898084
v -0.11695037 -0.31668970 0.80358133
v -0.11946084 -0.31740575 0.80034835
v -0.12071553 -0.31774229 0.79987263
v -0.11946084 -0.31740575 0.80034835
v -0.12118442 -0.31317910 0.81456233
v -0.13960674 -0.30800260 0.84086243
v -0.12431727 -0.30910779 0.81788814
v -0.12568403 -0.31238097 0.81989565
v -0.13439283 -0.30942608 0.83298792
v -0.13322379 -0.30965801 0.83129900
v -0.12693329 -0.31170848 0.82111688
v -0.12820545 -0.31126146 0.82250309
v -0.14101864 -0.29991066 0.83770673
v -0.14297171 -0.29935445 0.84110564
v -0.14210254 -0.29976334 0.83945076
v -0.12839156 -0.30570515 0.81895213
v -0.12926701 -0.30418219 0.81582936
v -0.12177511 -0.31087118 0.79905475
v -0.12126378 -0.30918998 0.80099903
v -0.13848442 -0.30158217 0.83106560
v -0.13316499 -0.30330349 0.82225631
v -0.12224429 -0.30767935 0.80483158
v -0.12536696 -0.30533424 0.81056412
v -0.13507113 -0.30290639 0.82549742
v -0.13957420 -0.30118086 0.83304999
v -0.13643779 -0.30245646 0.82735071
v -0.12251322 -0.31167416 0.79864890
v -0.12177511 -0.31087118 0.79905475
v -0.13123418 -0.30376985 0.81887106
v -0.12816545 -0.30446000 0.81433283
v -0.13748232 -0.30191934 0.82915659
v -0.12247265 -0.31345159 0.79823803
v -0.12083228 -0.31550505 0.79841377
v -0.12680841 -0.31195827 0.80374976
v -0.12715531 -0.31414222 0.80474076
v -0.12157702 -0.31758851 0.80001566
v -0.12209967 -0.31564872 0.79857017
v -0.12592970 -0.31133857 0.80238963
v -0.12367834 -0.31880383 0.80393815
v -0.12371257 -0.31175055 0.79975390
v -0.12458912 -0.31142429 0.80065954
v -0.12311346 -0.31234347 0.79886854
v -0.12508213 -0.31779790 0.80527566
v -0.12103457 -0.31871307 0.80125444
v -0.12244320 -0.31869485 0.80203599
v -0.12646992 -0.31664913 0.80569900
v -0.12313374 -0.31532483 0.79987441
v -0.12359908 -0.31527042 0.80067787
v -0.12197488 -0.31841355 0.80095061
v -0.12458847 -0.31512600 0.80195470
v -0.12580220 -0.31471469 0.80367087
v -0.13598423 -0.30779405 0.81260686
v -0.13560882 -0.31340008 0.81167024
v -0.13142843 -0.30420687 0.81438331
v -0.13224982 -0.30555792 0.81168222
v -0.12537938 -0.31559244 0.81846225
v -0.13245165 -0.31776929 0.81418652
v -0.13713253 -0.30986096 0.81279942
v -0.12770366 -0.31784782 0.81733380
v -0.12428558 -0.31281761 0.81864696
v -0.11275960 -0.36478158 0.88682839
v -0.11581843 -0.36936870 0.88719268
v -0.11441287 -0.37034658 0.88440316
v -0.12564721 -0.36937104 0.87846953
v -0.12700303 -0.36882734 0.88129543
v -0.13132943 -0.36341379 0.87564547
v -0.12005481 -0.37263541 0.88256948
v -0.12132416 -0.37170774 0.88553613
v -0.11635323 -0.35365755 0.88588291
v -0.11369477 -0.35885191 0.88873311
v -0.11194708 -0.35998599 0.88529052
v -0.12849973 -0.35979073 0.87321054
v -0.12954426 -0.36440289 0.87364620
v -0.11369477 -0.35885191 0.88873311
v -0.11452056 -0.36356615 0.89005736
v -0.12565524 -0.36873583 0.86656472
v -0.12410247 -0.37062712 0.86468631
v -0.12092483 -0.37226113 0.87016823
v -0.11634416 -0.37255465 0.87411088
v -0.11095218 -0.37084949 0.87508355
v -0.11164533 -0.37069292 0.87694414
v -0.10549281 -0.36303323 0.86381716
v -0.10300720 -0.36535442 0.86948880
v -0.10171859 -0.36816048 0.86641980
v -0.10557937 -0.36860767 0.87286681
v -0.10670094 -0.36750800 0.87552161
v -0.12202284 -0.37147562 0.87167963
v -0.10936145 -0.37159563 0.87192078
v -0.10381561 -0.37101319 0.86791700
v -0.10436480 -0.36994947 0.87031855
v -0.10096019 -0.37115086 0.86355857
v -0.10424159 -0.37243107 0.86670831
v -0.12063681 -0.37078416 0.85926088
v -0.11825431 -0.37351252 0.85779021
v -0.12082611 -0.37438122 0.86248444
v -0.10281192 -0.37092167 0.85823796
v -0.10096019 -0.37115086 0.86355857
v -0.10193630 -0.37438741 0.86181438
v -0.12248312 -0.37255529 0.86323992
v -0.11897522 -0.37385185 0.86797099
v -0.11251862 -0.37595066 0.85495656
v -0.11408589 -0.37254643 0.85544827
v -0.10884516 -0.37157722 0.85504571
v -0.11484082 -0.37288361 0.87172588
v -0.11004020 -0.37115078 0.87335875
v -0.11993404 -0.37309291 0.86897302
v -0.11807007 -0.37465522 0.86675093
v -0.11427845 -0.37281491 0.87057235
v -0.10899286 -0.37195733 0.87094259
v -0.12846196 -0.35357754 0.87982587
v -0.12282862 -0.35144463 0.88221422
v -0.12111487 -0.35333065 0.87873308
v -0.11658197 -0.36923801 0.85726913
v -0.10987961 -0.36783704 0.85690034
v -0.11870880 -0.37596673 0.86252829
v -0.10362912 -0.36697993 0.86027879
v -0.11560791 -0.37649714 0.85722835
v -0.10171859 -0.36816048 0.86641980
v -0.11876256 -0.36579526 0.86026704
v -0.12090090 -0.36253032 0.86397195
v -0.11447663 -0.35990514 0.86490405
v -0.10507720 -0.36368600 0.87254103
v -0.10771687 -0.35969687 0.86824958
v -0.10507720 -0.36368600 0.87254103
v -0.11556846 -0.37276301 0.87296159
v -0.12243385 -0.36813037 0.86144419
v -0.12679448 -0.36731758 0.86823760
v -0.11705880 -0.37251540 0.87556022
v -0.11237877 -0.37066216 0.87880050
v -0.12392868 -0.35843425 0.86992881
v -0.11785235 -0.35578522 0.87138226
v -0.11712377 -0.35666431 0.86998062
v -0.12423847 -0.36522019 0.86429823
v -0.10981978 -0.35715441 0.87241344
v -0.11084823 -0.35633947 0.87442268
v -0.10795215 -0.36162730 0.87775434
v -0.10885853 -0.36119357 0.87961086
v -0.11003768 -0.36601654 0.88132452
v -0.10904016 -0.36634614 0.87962456
v -0.12883532 -0.36725250 0.88482923
v -0.13334596 -0.36165814 0.87966814
v -0.10796272 -0.36683662 0.87781774
v -0.12308410 -0.37104291 0.87301363
v -0.12463847 -0.35750392 0.87167607
v -0.11842024 -0.35477266 0.87343820
v -0.11756238 -0.36775608 0.89081724
v -0.12317805 -0.37025021 0.88865839
v -0.12949257 -0.35852735 0.87596066
v -0.11160710 -0.35573371 0.87596757
v -0.10885853 -0.36119357 0.87961086
v -0.10795215 -0.36162730 0.87775434
v -0.11120355 -0.36552110 0.88379299
v -0.11352997 -0.37055159 0.88218519
v -0.12468241 -0.37008297 0.87609455
v -0.11909188 -0.37300112 0.88024443
v -0.12785939 -0.36075019 0.87096544
v -0.12868959 -0.36522729 0.87152145
v -0.11194708 -0.35998599 0.88529052
v -0.11929362 -0.35399949 0.87521761
v -0.12537845 -0.35684707 0.87356646
v -0.11420975 -0.35490343 0.88200550
v -0.11015780 -0.36058184 0.88196828
v -0.11015780 -0.36058184 0.88196828
v -0.11278326 -0.35509086 0.87828850
v -0.11325878 -0.37043380 0.88033196
v -0.12396327 -0.37040210 0.87466110
v -0.11856615 -0.37262232 0.87851594
v -0.12714960 -0.36168049 0.86921840
v -0.12792632 -0.36611290 0.86999238
v -0.11211637 -0.36329132 0.86064870
v -0.10300720 -0.36535442 0.86948880
v -0.10785727 -0.37544755 0.85531198
v -0.12785939 -0.36075019 0.87096544
v -0.11825431 -0.37351252 0.85779021
v -0.12063681 -0.37078416 0.85926088
v -0.12753138 -0.35625495 0.87637777
v -0.12849973 -0.35979073 0.87321054
v -0.12243385 -0.36813037 0.86144419
v -0.12423847 -0.36522019 0.86429823
v -0.13174962 -0.35674424 0.87943596
v -0.11560791 -0.37649714 0.85722835
v -0.12714960 -0.36168049 0.86921840
v -0.12285610 -0.35981569 0.86782417
v -0.11251862 -0.37595066 0.85495656
v -0.10785727 -0.37544755 0.85531198
v -0.10805059 -0.37650817 0.85757865
v -0.11796462 -0.37426279 0.86648477
v -0.11386845 -0.37263831 0.86971468
v -0.10449670 -0.37583061 0.85913189
v -0.11749797 -0.37531723 0.86261939
v -0.10193630 -0.37438741 0.86181438
v -0.10494661 -0.37307982 0.86593205
v -0.11460628 -0.37693603 0.85855410
v -0.11260190 -0.37689881 0.85697299
v -0.10889312 -0.37169726 0.87054477
v -0.10316714 -0.37491266 0.85841798
v -0.10329091 -0.37477300 0.86146430
v -0.10892154 -0.37679693 0.85989428
v -0.11067501 -0.37575266 0.86395746
v -0.11789189 -0.37278733 0.87706215
v -0.12591344 -0.36290497 0.86708145
v -0.10676572 -0.36241777 0.87558117
v -0.10676572 -0.36241777 0.87558117
v -0.12591344 -0.36290497 0.86708145
v -0.13812500 -0.37105001 0.86500362
v -0.14054957 -0.37267645 0.86007977
v -0.14363503 -0.35848762 0.85115398
v -0.13133280 -0.37931937 0.85149202
v -0.13940846 -0.36580189 0.84154090
v -0.11477651 -0.39052519 0.83008340
v -0.13918168 -0.35224593 0.85340309
v -0.13280892 -0.36187784 0.83190092
v -0.13899874 -0.35851072 0.83960036
v -0.14652522 -0.34284303 0.83483965
v -0.14549825 -0.33365347 0.84453691
v -0.14197008 -0.33994695 0.82944382
v -0.14448831 -0.33921886 0.82854514
v -0.14877546 -0.32607446 0.82339925
v -0.15336351 -0.32235306 0.83375399
v -0.12647899 -0.34458697 0.80017663
v -0.15010043 -0.31408967 0.84527434
v -0.15462725 -0.31390121 0.84361746
v -0.15707995 -0.30510192 0.84050020
v -0.15286031 -0.30275795 0.83645597
v -0.13383664 -0.31750410 0.81594386
v -0.11529813 -0.38175608 0.84080186
v -0.13036380 -0.36797670 0.86423410
v -0.10009859 -0.39703227 0.80894936
v -0.13179412 -0.36035011 0.84212934
v -0.13690125 -0.35481333 0.85327711
v -0.13367595 -0.35553452 0.85278869
v -0.13684593 -0.35572605 0.85051863
v -0.11419778 -0.37437395 0.82125461
v -0.10574165 -0.38730194 0.80394422
v -0.10575456 -0.38321062 0.80739071
v -0.12868546 -0.36292461 0.83832520
v -0.11607783 -0.37278067 0.82351933
v -0.10743615 -0.37988081 0.81188219
v -0.10973994 -0.37727460 0.81571408
v -0.12513457 -0.36508585 0.83471005
v -0.12995360 -0.36180649 0.83985817
v -0.10538026 -0.38869449 0.80351447
v -0.11246888 -0.37536707 0.81895124
v -0.12712642 -0.36386538 0.83705182
v -0.09989060 -0.39640017 0.80754304
v -0.11421937 -0.36382443 0.81532968
v -0.13212560 -0.34785932 0.85024839
v -0.12490741 -0.35958936 0.82914545
v -0.13675628 -0.33851466 0.83216798
v -0.13959701 -0.33570356 0.84155595
v -0.13785353 -0.33749464 0.83566656
v -0.11460123 -0.35398369 0.79799538
v -0.10836486 -0.36424192 0.78041559
v -0.10895444 -0.36144204 0.78356221
v -0.12917521 -0.34350337 0.82317978
v -0.13155612 -0.34385963 0.81944334
v -0.11469191 -0.35284914 0.80269252
v -0.11702609 -0.35232893 0.80135902
v -0.10931116 -0.35913654 0.78751740
v -0.11159392 -0.35666777 0.79291591
v -0.11981167 -0.34929272 0.80743305
v -0.13283585 -0.34306178 0.82132621
v -0.12381193 -0.34728216 0.81255927
v -0.10854930 -0.36595324 0.78025423
v -0.11590312 -0.35335609 0.79975902
v -0.11348350 -0.35497280 0.79626891
v -0.12893094 -0.34526684 0.81642181
v -0.10427590 -0.37420978 0.78083699
v -0.13859005 -0.33150214 0.84236291
v -0.11210272 -0.34715944 0.77729583
v -0.13464897 -0.33667781 0.82755871
v -0.14545358 -0.31911811 0.83063813
v -0.14598145 -0.31684142 0.83875166
v -0.14597959 -0.31819099 0.83360439
v -0.12447236 -0.32856539 0.79710741
v -0.11601231 -0.33685887 0.77649366
v -0.11657476 -0.33412534 0.78055517
v -0.14078092 -0.32164102 0.81963378
v -0.13215541 -0.32543290 0.80797781
v -0.12571217 -0.32712143 0.80209567
v -0.11857925 -0.33247732 0.78472142
v -0.12144129 -0.33044609 0.79089692
v -0.13808938 -0.32260658 0.81623081
v -0.14309286 -0.32097321 0.82384294
v -0.13923460 -0.32207475 0.81773670
v -0.13681993 -0.32159597 0.82073309
v -0.11668489 -0.33845878 0.77585073
v -0.12606590 -0.32815857 0.79865887
v -0.11178817 -0.34605219 0.77633175
v -0.12335406 -0.32918160 0.79510596
v -0.12034543 -0.31869671 0.80227251
v -0.14012639 -0.31079986 0.84119361
v -0.13032622 -0.30410424 0.81742930
v -0.16167054 -0.32820607 0.84531630
v -0.16343486 -0.32282288 0.84535903
v -0.13463514 -0.32954806 0.85776363
v -0.13162706 -0.33321196 0.85963837
v -0.13035763 -0.33649859 0.85381239
v -0.16236200 -0.30655814 0.84909726
v -0.14351847 -0.29883694 0.84385365
v -0.14729886 -0.29622263 0.84673983
v -0.14461441 -0.36908284 0.86443663
v -0.14760509 -0.36845793 0.86278354
v -0.13318237 -0.35916479 0.87035232
v -0.13178337 -0.36524457 0.86655068
v -0.12990640 -0.36065221 0.86496919
v -0.16123389 -0.30239102 0.84854732
v -0.15863453 -0.30054239 0.84767651
v -0.14220630 -0.30171087 0.84709582
v -0.14236540 -0.30353232 0.84871520
v -0.14178574 -0.30461985 0.84605657
v -0.14327803 -0.29911581 0.84791983
v -0.13973546 -0.31423738 0.84806637
v -0.13943128 -0.31312347 0.85045945
v -0.13755533 -0.31804824 0.85230405
v -0.13966039 -0.36949526 0.86758169
v -0.13149012 -0.33861030 0.86185260
v -0.13165278 -0.34250538 0.85872582
v -0.15376004 -0.35052712 0.85289516
v -0.13193920 -0.35705721 0.86673689
v -0.13125623 -0.35506451 0.86379387
v -0.14216891 -0.30774674 0.84988355
v -0.14314689 -0.30971281 0.84794886
v -0.13508972 -0.36722746 0.86952613
v -0.13663251 -0.32257178 0.85405710
v -0.13869353 -0.32736626 0.84810660
v -0.13749159 -0.32068175 0.84816672
v -0.15713623 -0.34655919 0.84896053
v -0.15860891 -0.34105535 0.84818978
v -0.13381103 -0.36907974 0.86649664
v -0.15249517 -0.29654504 0.84590975
v -0.13206119 -0.34905864 0.86161496
v -0.13213139 -0.34733696 0.86520253
v -0.13141029 -0.35355837 0.86610683
v -0.15719149 -0.33289779 0.84878123
v -0.15015615 -0.36400429 0.85978045
v -0.15069898 -0.35810969 0.85739138
v -0.13697118 -0.31895321 0.85909217
v -0.13584270 -0.32675918 0.86294573
v -0.13809546 -0.32403605 0.86791204
v -0.13573072 -0.32974987 0.87035349
v -0.14124581 -0.30387894 0.85268678
v -0.15486217 -0.29539020 0.85068773
v -0.15720643 -0.29309407 0.85609137
v -0.14811026 -0.29302172 0.85465423
v -0.13288446 -0.33705368 0.86646376
v -0.14016116 -0.31086333 0.85542827
v -0.14001898 -0.30602793 0.85864759
v -0.13917747 -0.31205511 0.86190832
v -0.13206540 -0.34527116 0.86875745
v -0.13220412 -0.34260336 0.87409016
v -0.13218318 -0.34987828 0.87483772
v -0.13324660 -0.34096336 0.87978314
v -0.13424505 -0.33474822 0.87191888
v -0.14147464 -0.29906243 0.85535171
v -0.14193258 -0.29621514 0.85824074
v -0.14024156 -0.30226914 0.86329174
v -0.13359285 -0.34919175 0.87988649
v -0.13826998 -0.33770971 0.88710169
v -0.13392161 -0.34744416 0.88721914
v -0.14084851 -0.32196351 0.87319800
v -0.13862474 -0.32765939 0.87498315
v -0.14936419 -0.36529179 0.87007501
v -0.14088824 -0.36593820 0.87383330
v -0.14414599 -0.36248703 0.88087131
v -0.13591870 -0.33365704 0.87741540
v -0.15615760 -0.33299519 0.85088976
v -0.14251328 -0.29776437 0.87035087
v -0.14386509 -0.30710557 0.87505820
v -0.14133647 -0.30839522 0.86797840
v -0.14033719 -0.33126882 0.88494100
v -0.14396623 -0.32062115 0.87978425
v -0.14232258 -0.32527296 0.88211917
v -0.16703820 -0.30118768 0.86249481
v -0.16724947 -0.30742469 0.86339237
v -0.16987679 -0.30415405 0.86895497
v -0.17026296 -0.33497658 0.87489428
v -0.16901061 -0.32880648 0.87300850
v -0.16344131 -0.33367974 0.86356142
v -0.16904258 -0.29840499 0.86724504
v -0.16466467 -0.29289719 0.86438092
v -0.16972283 -0.32203951 0.87111833
v -0.16468673 -0.32696325 0.86331219
v -0.16857360 -0.32125280 0.86318822
v -0.17138051 -0.28339953 0.88013388
v -0.17478932 -0.28850508 0.88114187
v -0.17856017 -0.28160845 0.89308195
v -0.16810405 -0.31425187 0.86274197
v -0.17219648 -0.31649883 0.87001873
v -0.17739327 -0.29580525 0.88397658
v -0.18254510 -0.29002860 0.89728253
v -0.16545794 -0.34005763 0.86486995
v -0.16189199 -0.34406453 0.86804699
v -0.16755973 -0.34024273 0.87760952
v -0.17659281 -0.32908270 0.90473274
v -0.17180097 -0.33460705 0.89125050
v -0.16960430 -0.34047942 0.89610554
v -0.17987533 -0.32276886 0.90026851
v -0.18447339 -0.31745484 0.91326683
v -0.18573246 -0.31159947 0.90972117
v -0.18119628 -0.30617695 0.89070681
v -0.17643632 -0.31147647 0.87921916
v -0.17520277 -0.31686273 0.88154811
v -0.17415590 -0.33545218 0.91083241
v -0.16648340 -0.34671888 0.90267028
v -0.15678438 -0.34745202 0.86057906
v -0.15443151 -0.35439361 0.86334529
v -0.15957184 -0.35012216 0.87125556
v -0.15798081 -0.33753762 0.85084335
v -0.18074506 -0.31696829 0.89690498
v -0.18599570 -0.30595756 0.90644618
v -0.17950730 -0.30074693 0.88780591
v -0.17462002 -0.30591883 0.87735489
v -0.17495590 -0.32872171 0.88732150
v -0.16057244 -0.33055697 0.85717826
v -0.15623622 -0.35975510 0.86879606
v -0.16582774 -0.30411611 0.85942765
v -0.16467094 -0.31023449 0.85847297
v -0.16437938 -0.34668091 0.88172630
v -0.16565957 -0.31722693 0.85549351
v -0.13381103 -0.36907974 0.86649664
v -0.13684593 -0.35572605 0.85051863
v -0.13285333 -0.37129333 0.86363619
v -0.13306712 -0.34951539 0.85810100
v -0.13655614 -0.35091946 0.85489065
v -0.13846405 -0.33358346 0.84742466
v -0.13581083 -0.33240672 0.85090386
v -0.14691970 -0.35357146 0.84517555
v -0.13785353 -0.33749464 0.83566656
v -0.14597959 -0.31819099 0.83360439
v -0.13633973 -0.34981602 0.85457985
v -0.14189361 -0.31543587 0.84506896
v -0.15257080 -0.33406029 0.83969876
v -0.13262291 -0.34660736 0.85633753
v -0.14049450 -0.33399279 0.84511995
v -0.13484678 -0.35172140 0.84974398
v -0.13965208 -0.33043684 0.84628334
v -0.14446008 -0.31427962 0.84282671
v -0.14155971 -0.30211658 0.84467459
v -0.14132002 -0.33362581 0.84510412
v -0.14569186 -0.31357843 0.84422590
v -0.14132002 -0.33362581 0.84510412
v -0.14460909 -0.31093364 0.84590880
v -0.14569186 -0.31357843 0.84422590
v -0.14636220 -0.29852297 0.83970522
v -0.17408355 -0.08572241 1.18085849
v -0.23619897 -0.08026529 1.17415785
v -0.23622599 -0.13717684 1.19186568
v -0.22900762 -0.07264658 1.17198452
v -0.18105728 -0.13442266 1.18527258
v -0.17566746 -0.11923592 1.18309913
v -0.21058839 -0.06386604 1.17371111
v -0.22032760 -0.06726813 1.17203500
v -0.17328111 -0.10218689 1.18205030
v -0.18745575 -0.05934415 1.19613022
v -0.18501725 -0.06862101 1.17859166
v -0.22576352 -0.14706890 1.19374928
v -0.21191943 -0.15159768 1.19388758
v -0.17898513 -0.07512224 1.17973299
v -0.24534908 -0.10777692 1.18257104
v -0.20029203 -0.15073534 1.19184418
v -0.24222063 -0.09195970 1.17820933
v -0.22499485 -0.07552080 1.15399442
v -0.17782309 -0.12286583 1.17052059
v -0.17566718 -0.10648910 1.16951855
v -0.19180094 -0.06497272 1.17769605
v -0.19044941 -0.07418891 1.16481841
v -0.22860931 -0.15239198 1.17895617
v -0.21568095 -0.15594466 1.17927777
v -0.18354935 -0.08024249 1.16673099
v -0.24264988 -0.12388714 1.18773019
v -0.24890439 -0.11443816 1.16620278
v -0.20380151 -0.15437196 1.17782131
v -0.24594549 -0.09883696 1.16100162
v -0.17791423 -0.09054625 1.16826679
v -0.24023008 -0.08807355 1.15682222
v -0.23862869 -0.14315745 1.17681649
v -0.23306668 -0.08086286 1.15431692
v -0.18345418 -0.13699091 1.17235471
v -0.21540033 -0.07226853 1.15647354
v -0.19748185 -0.07070754 1.16302641
v -0.19401274 -0.07890555 1.15335411
v -0.23075297 -0.15711726 1.16743025
v -0.21827714 -0.16009916 1.16835940
v -0.18675288 -0.08489901 1.15608652
v -0.24554755 -0.13011056 1.17244631
v -0.25105393 -0.12029289 1.15362802
v -0.20652298 -0.15784752 1.16672073
v -0.24811214 -0.10495675 1.14784817
v -0.18051818 -0.09508760 1.15878895
v -0.24251519 -0.09421845 1.14297141
v -0.24759073 -0.13577727 1.16009587
v -0.23546843 -0.08685243 1.13984351
v -0.18532385 -0.13930228 1.16241407
v -0.17917582 -0.12615013 1.16162232
v -0.21825303 -0.07867019 1.14212817
v -0.22807638 -0.08132816 1.13918448
v -0.17742898 -0.11017601 1.16061460
v -0.18849700 -0.09040735 1.14713955
v -0.25210848 -0.12627533 1.14144574
v -0.22075602 -0.16501121 1.15712599
v -0.20880630 -0.16238295 1.15642952
v -0.24894309 -0.11163382 1.13553328
v -0.18241852 -0.10031823 1.15023847
v -0.24316870 -0.10045112 1.13076394
v -0.24048594 -0.14866739 1.16499415
v -0.24921669 -0.14185557 1.14762853
v -0.23624235 -0.09224514 1.12855784
v -0.18730730 -0.14297526 1.15383830
v -0.18051230 -0.13011140 1.15361398
v -0.21969317 -0.08331830 1.13064615
v -0.22861146 -0.08574258 1.12817172
v -0.17879481 -0.11511050 1.15263435
v -0.20116410 -0.07620657 1.15054225
v -0.19559217 -0.08448023 1.14362665
v -0.23241419 -0.16238555 1.15586866
v -0.20298704 -0.08226194 1.13946586
v -0.19499288 -0.09300552 1.13043955
v -0.23336908 -0.16780137 1.14385097
v -0.24203375 -0.15460753 1.15268761
v -0.22201547 -0.17019220 1.14632262
v -0.18820237 -0.09810377 1.13525469
v -0.25179543 -0.13281351 1.12815868
v -0.21013941 -0.16698997 1.14695736
v -0.24834080 -0.11901160 1.12226952
v -0.18247863 -0.10668957 1.13941916
v -0.24206900 -0.10807795 1.11804509
v -0.24305155 -0.16006756 1.14034185
v -0.23520808 -0.09983504 1.11560632
v -0.18793576 -0.14757528 1.14495686
v -0.18054520 -0.13423589 1.14378935
v -0.21859245 -0.09077609 1.11816110
v -0.22690266 -0.09278478 1.11549878
v -0.17866730 -0.12036159 1.14212728
v -0.19167483 -0.10565645 1.11523891
v -0.24980936 -0.14784076 1.13470688
v -0.25022992 -0.14261845 1.11124639
v -0.22260364 -0.17602960 1.13572484
v -0.21060895 -0.17329159 1.13823572
v -0.18524235 -0.10971857 1.12038959
v -0.24642728 -0.12963101 1.10498046
v -0.18002340 -0.11690830 1.12509063
v -0.23957188 -0.11949172 1.10100855
v -0.24299715 -0.16702512 1.12613768
v -0.23190547 -0.11154668 1.09900716
v -0.18653040 -0.15437655 1.13606517
v -0.17909748 -0.14128020 1.13256708
v -0.21523103 -0.10330175 1.10234723
v -0.22324622 -0.10516670 1.09929133
v -0.17674715 -0.12790538 1.12865134
v -0.20244738 -0.09039431 1.12589642
v -0.23348715 -0.17383601 1.13134251
v -0.17887538 -0.12621354 1.10243593
v -0.24198291 -0.14336470 1.08264358
v -0.17449308 -0.13290307 1.10800550
v -0.23474649 -0.13426151 1.07888396
v -0.24095154 -0.17665694 1.10733053
v -0.24888082 -0.15625052 1.11891920
v -0.22655323 -0.12660166 1.07759766
v -0.18296612 -0.16602321 1.12296866
v -0.17544526 -0.15392775 1.11873221
v -0.20967584 -0.11847397 1.08215661
v -0.21783508 -0.12157066 1.07896620
v -0.17216918 -0.14160271 1.11369653
v -0.19919804 -0.10304523 1.11053688
v -0.18481094 -0.12138897 1.09658700
v -0.23222751 -0.18289265 1.11463783
v -0.22205454 -0.18485993 1.12174042
v -0.24589885 -0.16722601 1.09791910
v -0.21005088 -0.18305970 1.12531874
v -0.16880609 -0.15594186 1.08508626
v -0.22880066 -0.15399655 1.05423902
v -0.23596276 -0.19253035 1.08468710
v -0.22075369 -0.14705806 1.05313882
v -0.17829170 -0.18402160 1.10061964
v -0.17054919 -0.17428032 1.09607283
v -0.20336898 -0.13977622 1.05833719
v -0.21173370 -0.14235493 1.05548889
v -0.16707401 -0.16422187 1.09085953
v -0.19265945 -0.11834610 1.09106056
v -0.17855054 -0.14328309 1.07269002
v -0.22815949 -0.19759337 1.09341620
v -0.21824694 -0.19934771 1.10085711
v -0.24007939 -0.18392101 1.07438942
v -0.24622294 -0.15511372 1.08928995
v -0.20640631 -0.19796982 1.10403359
v -0.17293318 -0.14819495 1.07860715
v -0.23559296 -0.16297551 1.05779595
v -0.22878842 -0.21262174 1.05611794
v -0.21462071 -0.17107492 1.02735344
v -0.17574794 -0.20568457 1.07353693
v -0.16828185 -0.19718982 1.06943219
v -0.19743344 -0.16482472 1.03299689
v -0.20561754 -0.16706129 1.03002144
v -0.16535352 -0.18815002 1.06420763
v -0.18607478 -0.13966732 1.06710463
v -0.17384611 -0.16885123 1.04709253
v -0.22160790 -0.21689057 1.06513500
v -0.21238487 -0.21813870 1.07193281
v -0.16918085 -0.17353445 1.05296030
v -0.23215955 -0.20547891 1.04677471
v -0.23970380 -0.17364841 1.06551823
v -0.20112605 -0.21663033 1.07525126
v -0.22821118 -0.18754147 1.03264531
v -0.16600843 -0.18055483 1.05873825
v -0.22206061 -0.17872965 1.02882863
v -0.19306011 -0.19200005 1.00598506
v -0.20201635 -0.19415905 1.00321899
v -0.16725835 -0.22082035 1.04272892
v -0.16436545 -0.21315701 1.03800727
v -0.18058549 -0.16511179 1.04110151
v -0.17045730 -0.19542111 1.02010421
v -0.21333892 -0.23879135 1.03539365
v -0.20490410 -0.24015819 1.04233165
v -0.16666092 -0.20016116 1.02671035
v -0.23185106 -0.19670130 1.03900106
v -0.22409875 -0.22114667 1.01292127
v -0.19492061 -0.23822663 1.04600536
v -0.22104384 -0.21283993 1.00735081
v -0.16411110 -0.20638734 1.03277525
v -0.21624172 -0.20459712 1.00406970
v -0.21984573 -0.23495093 1.02768251
v -0.20976362 -0.19845731 1.00244686
v -0.17357390 -0.22801935 1.04604938
v -0.17640894 -0.19310001 1.01341571
v -0.16870616 -0.21862386 0.99604453
v -0.20635771 -0.25673355 1.01235473
v -0.19909362 -0.25810367 1.01831689
v -0.16515563 -0.22295213 1.00292547
v -0.22350188 -0.22898649 1.01997327
v -0.21658789 -0.24122974 0.99241373
v -0.19018861 -0.25751766 1.02151666
v -0.16324454 -0.22858052 1.00920823
v -0.21518392 -0.23464564 0.98769219
v -0.21179735 -0.22852265 0.98419232
v -0.21197477 -0.25286585 1.00549151
v -0.20671517 -0.22332250 0.98177684
v -0.17203541 -0.24866153 1.02184105
v -0.16665083 -0.24230765 1.01911243
v -0.19121052 -0.21710342 0.98149078
v -0.19980800 -0.21978300 0.98036338
v -0.16391693 -0.23556724 1.01477311
v -0.16366528 -0.24176529 0.98298358
v -0.21522112 -0.24738628 0.99843015
v -0.20964369 -0.25807190 0.97607455
v -0.19400836 -0.27373133 0.99884982
v -0.18673613 -0.27445533 1.00198039
v -0.16218831 -0.24780714 0.98952899
v -0.20987907 -0.25251371 0.97148662
v -0.20803173 -0.24728693 0.96785771
v -0.20458908 -0.26809735 0.98739109
v -0.20402895 -0.24266241 0.96518147
v -0.17090245 -0.26690091 1.00224493
v -0.16623512 -0.26093405 0.99951821
v -0.18988527 -0.23628086 0.96286684
v -0.19780407 -0.23862653 0.96365402
v -0.16332904 -0.25482769 0.99529668
v -0.17417590 -0.21656292 0.98947661
v -0.16700746 -0.23719014 0.97623624
v -0.20012330 -0.27177697 0.99361122
v -0.16233507 -0.25735042 0.96961238
v -0.20465153 -0.26626674 0.96017376
v -0.16214120 -0.26413524 0.97610820
v -0.20384358 -0.26140396 0.95652524
v -0.20777914 -0.26330374 0.98137388
v -0.20183873 -0.27615882 0.96909911
v -0.20064743 -0.25701829 0.95380030
v -0.17055630 -0.28189253 0.98751545
v -0.16681638 -0.27672182 0.98541589
v -0.18798671 -0.25041352 0.95136052
v -0.19502195 -0.25300616 0.95207004
v -0.16391404 -0.27099633 0.98151407
v -0.17247879 -0.23485241 0.97026952
v -0.16478274 -0.25185581 0.96334924
v -0.19499915 -0.28446968 0.97929215
v -0.18994294 -0.28695005 0.98382213
v -0.20392088 -0.27124508 0.96458038
v -0.18331331 -0.28816556 0.98707327
v -0.16117220 -0.27508940 0.96656116
v -0.19880449 -0.27120552 0.94620416
v -0.19890003 -0.28068872 0.97428255
v -0.19761058 -0.28609509 0.95846122
v -0.19628475 -0.26702888 0.94368025
v -0.16973985 -0.29181414 0.97596334
v -0.16614670 -0.28705597 0.97439009
v -0.18626668 -0.26019013 0.94109928
v -0.19190087 -0.26292851 0.94209953
v -0.16324201 -0.28174906 0.97116591
v -0.16999785 -0.24905059 0.95745439
v -0.16328689 -0.26187743 0.95417796
v -0.19181477 -0.29434482 0.96730990
v -0.18735179 -0.29702477 0.97153053
v -0.19938069 -0.28094009 0.95393770
v -0.18178558 -0.29869486 0.97423396
v -0.16109358 -0.26787281 0.96066174
v -0.19985866 -0.27576069 0.94971807
v -0.19287604 -0.29774980 0.95275425
v -0.19524844 -0.29038821 0.96265098
v -0.19456325 -0.27772252 0.93783689
v -0.16811640 -0.29940905 0.96737074
v -0.16661522 -0.30549418 0.96003726
v -0.16297672 -0.30023970 0.96009431
v -0.18261745 -0.26761603 0.92761030
v -0.18637606 -0.27208116 0.92699607
v -0.18896441 -0.26890942 0.93434917
v -0.16446584 -0.29450496 0.96631065
v -0.16076192 -0.29437435 0.95892669
v -0.16827681 -0.25848021 0.94798780
v -0.16165062 -0.26780832 0.94919276
v -0.18992742 -0.30192784 0.95692251
v -0.18853309 -0.30778898 0.94790178
v -0.18412966 -0.31155582 0.95241025
v -0.19565302 -0.28775771 0.94471694
v -0.18542005 -0.30500966 0.96101967
v -0.17842537 -0.31344215 0.95662709
v -0.15978833 -0.27472690 0.95535026
v -0.19555133 -0.28246584 0.94096746
v -0.16002157 -0.28273245 0.96066731
v -0.16638853 -0.32417869 0.85904291
v -0.16398097 -0.34152655 0.86116036
v -0.15134248 -0.36187455 0.87921181
v -0.15815871 -0.35776120 0.87472579
v -0.16466215 -0.32547207 0.85302705
v -0.16135438 -0.32842367 0.85290748
v -0.16186199 -0.34381352 0.85626420
v -0.15807140 -0.34716298 0.85635931
v -0.16230956 -0.30230410 0.85263229
v -0.14978588 -0.35018891 0.85676360
v -0.14888968 -0.35503888 0.85810813
v -0.16151564 -0.31114844 0.85108634
v -0.16389805 -0.30847587 0.85526730
v -0.16066050 -0.31295317 0.85047004
v -0.16514376 -0.32266341 0.85110606
v -0.16159304 -0.29841181 0.85471051
v -0.16427197 -0.30504548 0.85542565
v -0.16258186 -0.29555883 0.85910693
v -0.16194966 -0.31849011 0.84887300
v -0.14169525 -0.31558581 0.87114502
v -0.17586385 -0.32057864 0.94970871
v -0.17842537 -0.31344215 0.95662709
v -0.18412966 -0.31155582 0.95241025
v -0.18225718 -0.31811217 0.94479361
v -0.18853309 -0.30778898 0.94790178
v -0.11568223 -0.35723536 0.89249669
v -0.11639220 -0.36170469 0.89370248
v -0.13174962 -0.35674424 0.87943596
v -0.13562275 -0.35912507 0.88371643
v -0.11826001 -0.35174684 0.89040799
v -0.13082418 -0.35101602 0.88384927
v -0.12509223 -0.34899284 0.88647626
v -0.12525843 -0.36839154 0.89231533
v -0.13158892 -0.36603000 0.88902128
v -0.13389627 -0.35416561 0.88370189
v -0.11945104 -0.36629193 0.89406677
v -0.11568223 -0.35723536 0.89249669
v -0.12144671 -0.36370310 0.89791454
v -0.11923117 -0.35036615 0.89356954
v -0.11735560 -0.35522361 0.89598235
v -0.13389627 -0.35416561 0.88370189
v -0.13725153 -0.35692195 0.88770901
v -0.11735560 -0.35522361 0.89598235
v -0.11843969 -0.35950654 0.89728208
v -0.13219365 -0.34932918 0.88728612
v -0.12664052 -0.34733883 0.88912280
v -0.13584813 -0.35171962 0.88704385
v -0.12765365 -0.36616946 0.89641600
v -0.13416550 -0.36364647 0.89217230
v -0.13632749 -0.36207246 0.89600263
v -0.12960819 -0.36417077 0.90085472
v -0.12285405 -0.36116543 0.90178860
v -0.12013839 -0.34917381 0.89559216
v -0.11841977 -0.35360072 0.89903725
v -0.13584813 -0.35171962 0.88704385
v -0.13922880 -0.35452446 0.89000192
v -0.11841977 -0.35360072 0.89903725
v -0.11990142 -0.35742570 0.90082195
v -0.12735348 -0.34628793 0.89142774
v -0.13375064 -0.34771799 0.88941337
v -0.12141409 -0.34758730 0.89785263
v -0.13431974 -0.34663007 0.89209095
v -0.12829276 -0.34532053 0.89335586
v -0.13731967 -0.35029071 0.88995891
v -0.13853060 -0.36063109 0.89998557
v -0.14087833 -0.35308928 0.89264652
v -0.12464726 -0.35922703 0.90610101
v -0.12122844 -0.35563016 0.90441108
v -0.11975119 -0.35173851 0.90167923
v -0.13731967 -0.35029071 0.88995891
v -0.11975119 -0.35173851 0.90167923
v -0.12199666 -0.34659137 0.90041271
v -0.12145092 -0.34895217 0.90456269
v -0.13957588 -0.34776967 0.89469482
v -0.13841142 -0.34886505 0.89257247
v -0.12145092 -0.34895217 0.90456269
v -0.12253501 -0.35273801 0.90875786
v -0.12942742 -0.34388936 0.89582773
v -0.13489417 -0.34527378 0.89556803
v -0.13841142 -0.34886505 0.89257247
v -0.14158429 -0.35890846 0.90311107
v -0.13168484 -0.36252985 0.90586866
v -0.14284747 -0.35250037 0.89599628
v -0.12660835 -0.35709030 0.91145895
v -0.13608294 -0.35848005 0.91782579
v -0.13494717 -0.36100435 0.91091843
v -0.12501734 -0.34807012 0.91428012
v -0.12740883 -0.34044044 0.90256955
v -0.12373743 -0.34336380 0.90853510
v -0.14202140 -0.34806347 0.89561963
v -0.12373743 -0.34336380 0.90853510
v -0.13711776 -0.34427662 0.89686325
v -0.13196136 -0.34181280 0.90047082
v -0.13957588 -0.34776967 0.89469482
v -0.14401606 -0.35790253 0.90884077
v -0.14688212 -0.35204354 0.89837036
v -0.13074164 -0.34975621 0.92601555
v -0.12908986 -0.35440631 0.91854656
v -0.12610413 -0.33610768 0.91313779
v -0.12732842 -0.34135756 0.92020015
v -0.14151353 -0.32530999 0.89692939
v -0.13669953 -0.32007701 0.91160716
v -0.13288979 -0.32774653 0.91035468
v -0.13367679 -0.31862238 0.92412626
v -0.12935581 -0.32674422 0.91832034
v -0.13367679 -0.31862238 0.92412626
v -0.13532306 -0.31957923 0.93270304
v -0.13040801 -0.33079489 0.92671380
v -0.14479735 -0.32043617 0.89601689
v -0.14060079 -0.31391589 0.91240131
v -0.14743525 -0.31568697 0.89388496
v -0.14462142 -0.30827918 0.91091420
v -0.14822187 -0.30961519 0.89104819
v -0.14814512 -0.30255238 0.90813248
v -0.14684997 -0.34770049 0.93698619
v -0.15137641 -0.33730898 0.94363913
v -0.16209521 -0.33898777 0.94044493
v -0.14719808 -0.30167285 0.88828402
v -0.14731522 -0.29447381 0.90289589
v -0.14578459 -0.29223779 0.88216898
v -0.14715256 -0.28598376 0.89394296
v -0.15077937 -0.27620994 0.89476408
v -0.14845164 -0.28008362 0.90585529
v -0.14933343 -0.27867014 0.88183712
v -0.13655614 -0.35091946 0.85489065
v -0.13875560 -0.33333030 0.89668445
v -0.13728032 -0.34499026 0.89163256
v -0.13003690 -0.33511838 0.90733622
v -0.12610413 -0.33610768 0.91313779
v -0.13881132 -0.31726479 0.86527084
v -0.14499039 -0.31414210 0.87714450
v -0.14645605 -0.29516154 0.85095378
v -0.18423567 -0.29498945 0.89997064
v -0.17097069 -0.31018178 0.86968225
v -0.15302054 -0.35806874 0.86131615
v -0.15356290 -0.36167918 0.86417481
v -0.15055026 -0.36513792 0.86573536
v -0.16135635 -0.33707285 0.85635781
v -0.16110340 -0.34119854 0.85307797
v -0.13539644 -0.33814177 0.90011857
v -0.17139620 -0.29467125 0.87255719
v -0.17302368 -0.30033375 0.87495434
v -0.18166527 -0.32380797 0.91782579
v -0.17788946 -0.33017698 0.92431325
v -0.16963458 -0.34180542 0.91916814
v -0.18557709 -0.30025775 0.90303802
v -0.18084144 -0.31173381 0.89395533
v -0.17487736 -0.32278053 0.88446149
v -0.15114730 -0.28865828 0.85976953
v -0.14444073 -0.29105471 0.86305734
v -0.14792760 -0.28716972 0.91616929
v -0.14202140 -0.34806347 0.89561963
v -0.14259293 -0.35045120 0.89226195
v -0.13863670 -0.34195040 0.89559907
v -0.14259293 -0.35045120 0.89226195
v -0.15015081 -0.35241025 0.89580717
v -0.14018519 -0.35487315 0.92605009
v -0.14946795 -0.35551610 0.91387260
v -0.16104236 -0.34673512 0.92982754
v -0.17162430 -0.33655515 0.93236839
v -0.16397535 -0.27838110 0.87956935
v -0.16440789 -0.26876274 0.90090637
v -0.15656171 -0.27044545 0.89545765
v -0.15516681 -0.28171727 0.87089005
v -0.16178710 -0.28455866 0.87050047
v -0.15915295 -0.29026660 0.86185288
v -0.13433469 -0.33944114 0.93682081
v -0.13961973 -0.32523427 0.94214812
v -0.18964334 -0.30790677 0.93501377
v -0.18737610 -0.31234347 0.92488068
v -0.18454574 -0.31852011 0.92936765
v -0.19107825 -0.30238431 0.93127554
v -0.18880221 -0.30662397 0.92110601
v -0.19134186 -0.29688913 0.92772898
v -0.18908097 -0.30096278 0.91774912
v -0.19092877 -0.29139771 0.92441332
v -0.18863247 -0.29521987 0.91444928
v -0.18961278 -0.28598683 0.92139107
v -0.18742088 -0.28956896 0.91161558
v -0.17532570 -0.29626038 0.97575952
v -0.17654887 -0.28633113 0.98824179
v -0.18103260 -0.25411099 1.02284876
v -0.17841827 -0.27175435 1.00311246
v -0.05473864 -0.09198221 1.44530454
v -0.04557259 -0.09654935 1.45610145
v -0.04005735 -0.10141024 1.46703944
v -0.03585076 -0.10505598 1.47834951
v -0.03323336 -0.10776689 1.49125056
v -0.03136379 -0.11085165 1.50443019
v -0.03173772 -0.11543217 1.51415297
v -0.03426163 -0.12150826 1.51938778
v -0.03566383 -0.12786481 1.52163132
v -0.03426163 -0.12150826 1.51938778
v -0.03641167 -0.13515629 1.52294002
v -0.03650517 -0.14310202 1.52462260
v -0.03613124 -0.15058036 1.52705312
v -0.04258127 -0.14525195 1.53312928
v -0.03510297 -0.15712390 1.53041838
v 0.00069955 -0.21180914 1.59117890
v -0.00603091 -0.21003313 1.58958972
v -0.02500722 -0.17927847 1.54902070
v -0.02612893 -0.17806323 1.54752412
v -0.02285717 -0.18068065 1.55088937
v -0.02145497 -0.18152187 1.55219807
v -0.02201588 -0.18124144 1.55173160
v -0.02117454 -0.18152187 1.55275893
v -0.02089411 -0.18142848 1.55322730
v -0.02061368 -0.18086752 1.55350678
v -0.02061368 -0.17983926 1.55397514
v -0.02052019 -0.17796975 1.55406852
v -0.02397893 -0.17385658 1.55406852
v -0.02397893 -0.17292189 1.55238595
v -0.02416587 -0.17198709 1.55135762
v -0.02500722 -0.16946306 1.55014152
v -0.02790504 -0.16329352 1.55089026
v -0.03145729 -0.15170202 1.55397514
v -0.03295293 -0.11300169 1.55920995
v -0.02809204 -0.08963186 1.56294818
v -0.01995933 -0.08607967 1.56397740
v -0.02257674 -0.08598619 1.56640693
v -0.01752886 -0.08701446 1.57238959
v -0.03117680 -0.09542758 1.57902660
v -0.03444861 -0.11552560 1.58472877
v -0.03379427 -0.13796057 1.58762666
v -0.03108336 -0.15674989 1.58482227
v -0.02771811 -0.16824792 1.57715704
v -0.02407243 -0.17516538 1.56650031
v -0.02313759 -0.17553921 1.56266770
v -0.01967890 -0.17787629 1.55565682
v -0.02267024 -0.17572625 1.55902207
v -0.01967890 -0.17927847 1.55509686
v -0.02005283 -0.18058709 1.55462949
v -0.01967890 -0.17927847 1.55509686
v -0.01874407 -0.18058709 1.55546983
v -0.02061368 -0.18114806 1.55472288
v -0.02098761 -0.18142848 1.55481548
v -0.02145497 -0.18161535 1.55481548
v -0.02304415 -0.18142848 1.55472288
v -0.02472679 -0.18114806 1.55565682
v -0.02612893 -0.17993272 1.55332068
v -0.02650285 -0.18068065 1.55659255
v -0.00892879 -0.20750919 1.58902886
v -0.00930272 -0.20704179 1.59061805
v -0.01192013 -0.20311566 1.58968321
v -0.17734167 -0.12311667 1.27471726
v -0.18227680 -0.12984975 1.25134459
v -0.18424174 -0.13744457 1.22653985
v -0.18747434 -0.14247692 1.20616614
v -0.18982076 -0.14506434 1.18871818
v -0.18751575 -0.28057029 0.91916904
v -0.18611208 -0.28363313 0.90992654
v -0.18401786 -0.27425380 0.91793054
v -0.18172548 -0.27597083 0.90815388
v -0.04637794 -0.09713674 1.44234881
v -0.00827445 -0.20750919 1.58772016
v -0.01135922 -0.20367653 1.58809402
v -0.01509838 -0.19638506 1.59024407
v -0.01453753 -0.19535680 1.59202013
v -0.01668758 -0.19058945 1.58893536
v -0.02080061 -0.17853064 1.55406852
v -0.02126804 -0.17610018 1.55360027
v -0.03295293 -0.13431497 1.55621768
v -0.02257674 -0.08598619 1.56640693
v -0.02098761 -0.08636010 1.57126876
v -0.02098761 -0.08636010 1.57126876
v -0.02556807 -0.17376320 1.57136126
v -0.02220281 -0.18161535 1.55500336
v -0.02435286 -0.18367200 1.56023728
v -0.06464240 -0.14880425 1.62726184
v -0.06408148 -0.15132819 1.63427283
v -0.06529674 -0.14693466 1.63464670
v -0.06202498 -0.15600215 1.64090984
v -0.06314670 -0.15226298 1.64249892
v -0.05809882 -0.16404135 1.64707938
v -0.05931409 -0.16086306 1.64941641
v -0.05118138 -0.17208057 1.65278166
v -0.04351610 -0.17927847 1.65698826
v -0.04454438 -0.17666105 1.66128823
v -0.03519641 -0.18516766 1.65997953
v -0.03613124 -0.18292407 1.66484047
v -0.02584850 -0.18862639 1.66128823
v -0.02650285 -0.18638288 1.66708401
v -0.01612666 -0.19040249 1.66306441
v -0.01678102 -0.18862639 1.66914056
v -0.00696569 -0.19058945 1.66427962
v -0.00743311 -0.18900021 1.67035577
v 0.00079303 -0.19077641 1.66493397
v 0.00079303 -0.18937423 1.67129049
v -0.18863713 -0.12898254 1.27466578
v -0.18025149 -0.32420908 0.93501288
v -0.18048434 -0.26880227 0.91871572
v -0.18637606 -0.27208116 0.92699607
v -0.17934475 -0.30621500 0.96443730
v -0.17183537 -0.31034677 0.95905105
v -0.19835365 -0.03589208 1.26707532
v -0.18849009 -0.03551893 1.26700523
v -0.18919810 -0.04396928 1.23953729
v -0.19287418 -0.05107677 1.21530745
v -0.19584120 -0.05704923 1.19475132
v -0.20047628 -0.06327338 1.17623413
v -0.20567774 -0.06990469 1.16066787
v -0.20882069 -0.07634106 1.14726581
v -0.21075104 -0.08198909 1.13521168
v -0.21032225 -0.08951357 1.12223675
v -0.20720454 -0.10210851 1.10626487
v -0.20138171 -0.11738542 1.08583689
v -0.19447892 -0.13861932 1.06181276
v -0.18870650 -0.16409006 1.03606951
v -0.18379164 -0.19150218 1.00884840
v -0.18200741 -0.21585182 0.98450167
v -0.18078441 -0.23466088 0.96548892
v -0.17890744 -0.24904218 0.95285989
v -0.17759005 -0.25863483 0.94283245
v -0.17621861 -0.26318025 0.93680577
v -0.17141761 -0.26593686 0.92473203
v -0.18261745 -0.26761603 0.92761030
v -0.13853098 -0.31552803 0.85782731
v -0.13356807 -0.35829515 0.87515069
v -0.13161277 -0.35175355 0.87027855
v -0.13412455 -0.33125974 0.86405575
v -0.14309847 -0.29937259 0.84994785
v -0.13644069 -0.36367917 0.87521482
v -0.13414082 -0.35631142 0.87861808
v -0.13749074 -0.35865261 0.88119765
v -0.13508972 -0.36722746 0.86952613
v -0.15188533 -0.35442389 0.89055726
v -0.13970788 -0.35558079 0.88757791
v -0.15375996 -0.35356818 0.91556542
v -0.16142085 -0.35325036 0.88568662
v -0.16157042 -0.34992837 0.90966957
v -0.17577412 -0.27545630 0.89172856
v -0.17830198 -0.26919731 0.90870549
v -0.16990830 -0.26636266 0.91698445
v -0.15579453 -0.35694204 0.88998777
v -0.14766577 -0.28319575 0.87387447
v -0.15560963 -0.27761158 0.87982715
v -0.15546445 -0.27241842 0.92016750
v -0.16440789 -0.26876274 0.90090637
v -0.16990830 -0.26636266 0.91698445
v -0.15438290 -0.28137898 0.93010892
v -0.16270301 -0.27046453 0.92897785
v -0.15885336 -0.27767945 0.93686840
v -0.15661125 -0.28599975 0.94180133
v -0.15316224 -0.29005674 0.93566912
v -0.15551867 -0.29491044 0.94583408
v -0.15010706 -0.29941867 0.94063103
v -0.15413369 -0.30400812 0.94801678
v -0.14687839 -0.30698583 0.94191633
v -0.15329013 -0.31444677 0.94901792
v -0.15871761 -0.32445689 0.94908433
v -0.16538363 -0.32961723 0.94780828
v -0.15167359 -0.27479766 0.91323318
v -0.15656171 -0.27044545 0.89545765
v -0.15085219 -0.28382736 0.92503870
v -0.14845164 -0.28008362 0.90585529
v -0.14775802 -0.29589573 0.92290080
v -0.13929349 -0.31047455 0.92745608
v -0.14792760 -0.28716972 0.91616929
v -0.15021475 -0.29291000 0.93165142
v -0.14775802 -0.29589573 0.92290080
v -0.14631405 -0.30116133 0.93531487
v -0.14421311 -0.30321534 0.92642117
v -0.14118392 -0.30880998 0.93592153
v -0.13929349 -0.31047455 0.92745608
v -0.13644069 -0.36367917 0.87521482
v -0.13749074 -0.35865261 0.88119765
v -0.17978306 -0.03729572 1.26696868
v -0.18073637 -0.04635105 1.24085245
v -0.18428980 -0.05330928 1.21670218
v -0.18745575 -0.05934415 1.19613022
v -0.19180094 -0.06497272 1.17769605
v -0.19748185 -0.07070754 1.16302641
v -0.20116410 -0.07620657 1.15054225
v -0.20298704 -0.08226194 1.13946586
v -0.20244738 -0.09039431 1.12589642
v -0.19919804 -0.10304523 1.11053688
v -0.19265945 -0.11834610 1.09106056
v -0.18607478 -0.13966732 1.06710463
v -0.18058549 -0.16511179 1.04110151
v -0.17640894 -0.19310001 1.01341571
v -0.17417590 -0.21656292 0.98947661
v -0.17247879 -0.23485241 0.97026952
v -0.16999785 -0.24905059 0.95745439
v -0.16827681 -0.25848021 0.94798780
v -0.16625999 -0.26315324 0.94242760
v -0.17413832 -0.32807399 0.94130778
v -0.16768322 -0.28882607 0.87066005
v -0.18884231 -0.21265577 1.07589258
v -0.18513288 -0.23436361 1.04753660
v -0.19252652 -0.19257776 1.10382041
v -0.19607799 -0.17620954 1.12599092
v -0.19773154 -0.16539476 1.13809274
v -0.19825316 -0.15841204 1.14638524
v -0.19727433 -0.15364451 1.15488814
v -0.19521191 -0.15028702 1.16407246
v -0.19288305 -0.14775476 1.17519833
v -0.13970788 -0.35558079 0.88757791
v -0.12935581 -0.32674422 0.91832034
v -0.16273489 -0.31445117 0.95393592
v -0.16661522 -0.30549418 0.96003726
v -0.17183537 -0.31034677 0.95905105
v -0.15903854 -0.30704350 0.95380598
v -0.16297672 -0.30023970 0.96009431
v -0.15837456 -0.29894671 0.95361153
v -0.16076192 -0.29437435 0.95892669
v -0.15803336 -0.29115419 0.95093618
v -0.15832819 -0.28300541 0.94669493
v -0.16491501 -0.26843985 0.93417343
v -0.16017926 -0.27479944 0.94150781
v -0.17141761 -0.26593686 0.92473203
v -0.17381974 -0.26528886 0.93153173
v -0.16880327 -0.31895948 0.95313848
v -0.19129831 -0.30298453 0.94370644
v -0.19465056 -0.29311089 0.94882346
v -0.19183421 -0.28198603 0.93005287
v -0.19244894 -0.27341371 0.93559992
v -0.18514064 -0.26522128 0.93388927
v -0.18970644 -0.27729795 0.92794684
v -0.16174710 -0.28937846 0.96418490
v -0.16625999 -0.26315324 0.94242760
v -0.16106806 -0.27163778 0.94566203
v -0.19270283 -0.29794161 0.93998782
v -0.15913426 -0.27922063 0.95154372
v -0.19323332 -0.29258433 0.93631033
v -0.15917623 -0.28749773 0.95612608
v -0.19285809 -0.28705820 0.93290774
v -0.17358110 -0.30381378 0.96663783
v -0.17381974 -0.26528886 0.93153173
v -0.16565340 -0.26611577 0.93852868
v -0.19129831 -0.30298453 0.94370644
v -0.18696722 -0.31329463 0.93946251
v -0.15917623 -0.28749773 0.95612608
v -0.19285809 -0.28705820 0.93290774
v -0.18970644 -0.27729795 0.92794684
v -0.16565340 -0.26611577 0.93852868
v -0.16106806 -0.27163778 0.94566203
v -0.19323332 -0.29258433 0.93631033
v -0.19183421 -0.28198603 0.93005287
v -0.19270283 -0.29794161 0.93998782
v -0.15913426 -0.27922063 0.95154372
v -0.09715905 0.39612404 0.19612584
v -0.10859006 0.39331702 0.18950171
v -0.10977958 0.38383544 0.19613556
v -0.06945838 0.34354730 0.18010995
v -0.06590530 0.32776595 0.16891742
v -0.06412042 0.33507408 0.16084483
v -0.12864686 0.34466551 0.15349185
v -0.12964353 0.33134257 0.13859163
v -0.12819255 0.32350929 0.14747646
v -0.12938740 0.33503154 0.16359471
v -0.12548801 0.31416016 0.15803680
v -0.12605262 0.30904219 0.17743963
v -0.12993959 0.31808955 0.18850056
v -0.12919446 0.32602922 0.17500917
v -0.12651432 0.29828740 0.19423476
v -0.12892019 0.30583442 0.20153576
v -0.12993959 0.31808955 0.18850056
v -0.12700696 0.28079135 0.21350158
v -0.12916324 0.28990530 0.22168874
v -0.12790641 0.25333689 0.24213583
v -0.12937160 0.30101342 0.22970441
v -0.13141496 0.26380991 0.25292007
v -0.13157501 0.27608374 0.26394660
v -0.12780069 0.28399321 0.27031429
v -0.12796970 0.30823545 0.23733437
v -0.12859629 0.32378710 0.21816887
v -0.09458865 0.26306079 0.20567932
v -0.09016578 0.23954656 0.23337188
v -0.09728637 0.23839470 0.23211711
v -0.08819553 0.32226631 0.25201173
v -0.09817919 0.32957076 0.25331166
v -0.09441983 0.30053127 0.28488350
v -0.08048105 0.27200664 0.21577621
v -0.07496659 0.25258904 0.24334218
v -0.07889097 0.24633774 0.23848116
v -0.12022354 0.27399150 0.20948037
v -0.10003971 0.26299451 0.20479697
v -0.10321631 0.23889416 0.23128552
v -0.07729995 0.27896121 0.22345578
v -0.07244758 0.26095704 0.25005475
v -0.12932953 0.31595010 0.21219435
v -0.08961262 0.26459562 0.20743963
v -0.11996021 0.24558026 0.23537505
v -0.11275484 0.26714806 0.20693175
v -0.11961574 0.29344275 0.27662714
v -0.12082723 0.31687685 0.24300322
v -0.08004127 0.31149077 0.24737937
v -0.08518633 0.29606520 0.28178662
v -0.10993625 0.32411269 0.24780469
v -0.10710411 0.29967321 0.28302765
v -0.09555252 0.27628023 0.18432166
v -0.09095352 0.27653918 0.18625901
v -0.12055166 0.29076820 0.18712025
v -0.11318970 0.28417764 0.18459022
v -0.13150012 0.32830235 0.19840261
v -0.07784587 0.28018589 0.12771309
v -0.07919798 0.28913260 0.15492610
v -0.08578133 0.28482107 0.14999039
v -0.10044634 0.27710332 0.18351821
v -0.10631618 0.26432976 0.20455542
v -0.04370304 -0.17217406 1.62277488
v -0.03902907 -0.17778280 1.62025186
v -0.02538113 -0.18189589 1.63156193
v -0.01369619 -0.17899803 1.62296175
v -0.04790963 -0.16974358 1.62399008
v -0.04547915 -0.17030447 1.61987699
v -0.04790963 -0.16890228 1.62109219
v -0.01883756 -0.17890455 1.61866178
v -0.04235143 0.24318748 0.04101091
v -0.04663865 0.23951617 0.04465553
v -0.04709993 0.23698766 0.04194948
v -0.06413747 0.23392735 0.02649450
v -0.06317272 0.23213170 0.02394562
v -0.06030230 0.23161149 0.02868276
v -0.04530364 0.22462953 0.01038476
v -0.04277494 0.22505616 0.01514152
v -0.04489300 0.22258961 0.01533698
v -0.06194993 0.22888881 0.02180082
v -0.06089960 0.22741362 0.02131780
v -0.05892701 0.22994399 0.02531445
v -0.03949622 0.23808820 0.01519640
v -0.03794698 0.23629740 0.02083261
v -0.03954085 0.23200486 0.01761384
v -0.04021726 0.24805840 0.02478730
v -0.03871148 0.24426409 0.03015238
v -0.03693659 0.24202732 0.02647928
v -0.04207669 0.24085994 0.03786251
v -0.04707079 0.23557343 0.03943939
v -0.04185865 0.25194247 0.03057650
v -0.04091223 0.24864583 0.03602706
v -0.03970193 0.24593688 0.03283982
v -0.04128560 0.25040287 0.02755147
v -0.04135474 0.23869449 0.03557134
v -0.04690826 0.23390573 0.03723379
v -0.06021983 0.24817114 0.02194016
v -0.05437329 0.25087728 0.01898974
v -0.05641413 0.24747397 0.01584613
v -0.05294497 0.25438219 0.02438051
v -0.05387523 0.25298364 0.02132827
v -0.05875011 0.25012110 0.02469837
v -0.06124516 0.23233295 0.01035406
v -0.06223098 0.23706739 0.01323474
v -0.05804923 0.23962975 0.00871328
v -0.06006889 0.22508739 0.00994872
v -0.05688796 0.22508879 0.00826854
v -0.05680968 0.22133682 0.00987511
v -0.05939120 0.22679796 0.02117733
v -0.05816145 0.22938882 0.02445940
v -0.05872659 0.22164436 0.01332455
v -0.05950748 0.22217869 0.01491519
v -0.06061705 0.22326539 0.01441200
v -0.04746962 0.22089913 0.01373915
v -0.04644302 0.22089595 0.01127759
v -0.05996766 0.23884546 0.03995288
v -0.05998900 0.24079573 0.04256137
v -0.06236681 0.24323879 0.03823304
v -0.04660878 0.23038458 0.02975204
v -0.04266333 0.23126440 0.02571288
v -0.04132839 0.23391284 0.02893940
v -0.04761115 0.22853603 0.02578286
v -0.04557666 0.22585156 0.02150863
v -0.04454722 0.22692191 0.02252236
v -0.06029695 0.23690166 0.03715913
v -0.06302701 0.24110159 0.03634169
v -0.06025293 0.23491289 0.03502518
v -0.06357901 0.23918331 0.03378157
v -0.04851361 0.22852499 0.02484915
v -0.04681677 0.22551533 0.02148529
v -0.04916768 0.22108489 0.00993156
v -0.04888302 0.22468962 0.00838777
v -0.04347905 0.23868430 0.00968991
v -0.04204163 0.23205356 0.01088723
v -0.04359505 0.25096879 0.01967924
v -0.03852711 0.24491693 0.02143151
v -0.04466852 0.25470009 0.02669948
v -0.04440814 0.25314918 0.02322814
v -0.06160109 0.24480224 0.01882308
v -0.06473594 0.24223894 0.02202391
v -0.06302278 0.24901825 0.03024498
v -0.05791540 0.25175531 0.02718507
v -0.06281591 0.23101687 0.01356303
v -0.06356971 0.23542357 0.01670062
v -0.06189734 0.22626989 0.01368600
v -0.06430007 0.24569598 0.02580092
v -0.05670120 0.22076948 0.01153634
v -0.05949466 0.22217727 0.01163681
v -0.04926903 0.22060449 0.01175722
v -0.04106239 0.23680295 0.03306520
v -0.04626277 0.23151089 0.03220241
v -0.05355269 0.23091825 0.03272343
v -0.05378508 0.23300731 0.03743404
v -0.08125392 0.23126011 0.01742807
v -0.08069162 0.22902314 0.01491776
v -0.07836728 0.22736361 0.01791282
v -0.06766732 0.22459298 0.00747256
v -0.06735050 0.22523284 0.01062135
v -0.06808308 0.22395086 0.01073635
v -0.07927978 0.22594506 0.01345867
v -0.07838634 0.22540894 0.01302257
v -0.07765905 0.22617707 0.01535197
v -0.06607039 0.23088468 0.00868075
v -0.06589348 0.23912310 0.01236131
v -0.06603172 0.23309529 0.01670279
v -0.08103244 0.23358014 0.01977881
v -0.07850083 0.22807312 0.01965250
v -0.06454572 0.37001801 0.15504893
v -0.06331536 0.34685767 0.14596434
v -0.06299526 0.35226003 0.14021921
v -0.07962222 0.23069557 0.00625590
v -0.07980441 0.23905159 0.01047882
v -0.07546220 0.24110131 0.00855966
v -0.07857182 0.22508879 0.00652374
v -0.07556444 0.22455278 0.00458720
v -0.07539256 0.22264600 0.00608139
v -0.07740609 0.22514152 0.01271467
v -0.07698475 0.22603003 0.01458969
v -0.07804016 0.22326642 0.00752883
v -0.07687499 0.22259803 0.00841324
v -0.07780827 0.22339477 0.00982992
v -0.06924152 0.22245726 0.00919725
v -0.06860778 0.22276189 0.00819740
v -0.06303493 0.37710597 0.14748711
v -0.06280303 0.35764350 0.13405509
v -0.06735747 0.24305857 0.01696773
v -0.06690878 0.23641323 0.02036546
v -0.07921519 0.24349980 0.01541548
v -0.07584644 0.24555549 0.01496121
v -0.07026311 0.22669926 0.01920269
v -0.06800742 0.22718411 0.01815843
v -0.06815513 0.22827727 0.02074012
v -0.07049423 0.22592375 0.01607563
v -0.06913956 0.22555935 0.01448979
v -0.06858092 0.22570865 0.01523022
v -0.07083739 0.22829053 0.02416543
v -0.07047568 0.22767619 0.02091261
v -0.07084910 0.22575762 0.01523206
v -0.07017959 0.22523602 0.01375821
v -0.07021202 0.22256175 0.00683988
v -0.06962581 0.22442892 0.00532469
v -0.06922018 0.24129070 0.00925286
v -0.08101394 0.23049348 0.01048595
v -0.08135137 0.23580730 0.01362214
v -0.07847488 0.22447099 0.00952565
v -0.07924673 0.22548962 0.00927699
v -0.07558278 0.22253298 0.00733343
v -0.07041560 0.22218524 0.00810802
v -0.07027437 0.24560839 0.01503081
v -0.08097605 0.23932071 0.01718564
v -0.01743536 -0.18666332 1.58734618
v -0.01883756 -0.18413939 1.58659844
v -0.01762236 -0.18488722 1.58669183
v -0.02612893 -0.18021326 1.60463991
v -0.01958541 -0.18236328 1.60538776
v -0.02154847 -0.17974586 1.60837903
v -0.01173313 -0.18918726 1.60940736
v -0.00902223 -0.19273948 1.61099644
v -0.00995707 -0.18815899 1.61398782
v -0.00266566 -0.20012433 1.60903338
v -0.00584398 -0.19900258 1.60828554
v -0.00584398 -0.20115259 1.60435943
v -0.01481796 -0.18572853 1.60800516
v -0.01266791 -0.18498070 1.61221165
v -0.00257216 -0.20348957 1.60454642
v 0.00069955 -0.20040468 1.60922037
v 0.00069955 -0.20395698 1.60463991
v -0.01565930 -0.18283068 1.60996822
v -0.01696800 -0.18460669 1.58248534
v -0.02192238 -0.17862412 1.61090294
v -0.01659408 -0.18030674 1.61258562
v -0.01846364 -0.17918499 1.61426820
v 0.00079303 -0.18778508 1.67708627
v -0.00780703 -0.18722420 1.67624493
v -0.01780929 -0.18647636 1.67512322
v -0.02753113 -0.18413939 1.67287968
v -0.03715952 -0.18030674 1.66988841
v -0.01304184 -0.19227207 1.57220260
v -0.01995933 -0.18451331 1.57883961
v -0.01771579 -0.18937423 1.57173524
v -0.00453527 -0.20891137 1.58566361
v -0.00547005 -0.20993965 1.58790715
v -0.02126804 -0.18685029 1.56061115
v -0.02238981 -0.18628932 1.56453726
v 0.00069955 -0.21199618 1.58781365
v -0.01883756 -0.17806323 1.62137268
v -0.01818321 -0.17815671 1.62090521
v -0.01743536 -0.17843716 1.62053134
v -0.01528538 -0.17909151 1.61969000
v -0.01622016 -0.17955891 1.61753995
v -0.01294840 -0.19058945 1.59959198
v -0.01500495 -0.18713071 1.59762892
v -0.04585308 -0.17348276 1.66558832
v -0.02126804 -0.18348503 1.58865488
v -0.06632502 -0.12178874 1.59024407
v -0.05127488 -0.16703270 1.62109219
v -0.02921375 -0.17722184 1.61099644
v -0.03014852 -0.17768932 1.60875301
v -0.06875549 -0.10374722 1.58893536
v -0.02341808 -0.17853064 1.61258562
v -0.02313759 -0.17862412 1.62174755
v -0.04314218 -0.17245448 1.62342923
v -0.02285717 -0.17535235 1.62230740
v -0.04332911 -0.16899575 1.62389659
v -0.01687451 -0.16076950 1.61735307
v -0.01715493 -0.15852608 1.61810092
v -0.01818321 -0.15572172 1.61940962
v -0.05370529 -0.16553703 1.65951217
v -0.05258358 -0.16927619 1.65614692
v -0.01650059 -0.17899803 1.61987699
v 0.00079303 -0.19021554 1.53172708
v -0.01481796 -0.19741343 1.58865488
v -0.00303958 -0.19675908 1.57276345
v -0.06445540 -0.14805642 1.62015747
v -0.06604459 -0.14422377 1.62670099
v -0.00977008 -0.18507418 1.53378363
v -0.02360501 -0.18329798 1.58220486
v -0.01435060 -0.18161535 1.53584018
v -0.02061368 -0.17927847 1.53836409
v -0.02528764 -0.17647400 1.54182284
v -0.02033325 -0.18367200 1.59688108
v -0.02809204 -0.17507190 1.54471972
v -0.03024202 -0.17544583 1.54845985
v -0.03089638 -0.17675453 1.55257294
v -0.02874638 -0.17955891 1.55724690
v -0.02668984 -0.18292407 1.56238732
v -0.02416587 -0.18470026 1.56771563
v -0.02668984 -0.18245676 1.58603747
v -0.03080288 -0.18086761 1.57257647
v -0.02659634 -0.18292407 1.57005255
v -0.02491372 -0.18320459 1.57594172
v -0.06052929 -0.15656303 1.65212731
v -0.06436197 -0.14740206 1.64418160
v -0.06651195 -0.14235419 1.63520756
v -0.06716630 -0.13926928 1.62604663
v -0.05959452 -0.14796294 1.58622446
v -0.05968801 -0.13954981 1.58127103
v -0.05650968 -0.14459769 1.57351219
v -0.06707286 -0.13777371 1.61688560
v -0.06604459 -0.14300854 1.61856828
v -0.06529674 -0.14394333 1.61080956
v -0.06595109 -0.13796057 1.60809866
v -0.06501631 -0.14067156 1.60043332
v -0.06436197 -0.14674771 1.60389207
v -0.06305326 -0.14413029 1.59332895
v -0.06258584 -0.15048688 1.59744193
v -0.06006187 -0.15506727 1.59127240
v -0.05492056 -0.15983480 1.58650495
v -0.04061821 -0.15413256 1.53705539
v 0.00079303 -0.18769160 1.51994864
v 0.00079303 -0.19002858 1.52621178
v -0.00537656 -0.18862630 1.52593130
v -0.03547690 -0.17488486 1.55799475
v -0.03585076 -0.17123926 1.55098376
v -0.03360727 -0.17432407 1.55191859
v -0.00846138 -0.19619820 1.60753769
v -0.01145270 -0.18357842 1.52144433
v -0.01135922 -0.18058709 1.51742473
v -0.00509613 -0.18329798 1.51592904
v -0.03416813 -0.16890228 1.54462712
v -0.03220508 -0.17245439 1.54696415
v -0.02668984 -0.16815435 1.53004440
v -0.02136153 -0.17254787 1.52471609
v -0.02070718 -0.17451094 1.52854870
v -0.01593973 -0.17890446 1.52443572
v -0.01640709 -0.17628714 1.52060299
v -0.03080288 -0.16871532 1.53873796
v -0.03547690 -0.16544345 1.54219581
v 0.00079303 -0.18105458 1.51312464
v 0.00079303 -0.18395234 1.51574205
v -0.03183116 -0.16525659 1.53565319
v -0.02603549 -0.17067838 1.53340965
v -0.01126577 -0.17768932 1.51471383
v -0.00490920 -0.18049361 1.51340512
v -0.01650059 -0.17357624 1.51779860
v -0.05351836 -0.16488267 1.59519851
v -0.05875318 -0.16039567 1.59893763
v -0.06295977 -0.13646500 1.58893536
v -0.06099672 -0.15516083 1.60370508
v -0.06277277 -0.15151515 1.60772468
v -0.01117228 -0.19189816 1.60660297
v -0.01388318 -0.18797194 1.60548114
v -0.06370761 -0.14927165 1.61352035
v -0.06716630 -0.13225834 1.60566813
v -0.06819458 -0.13244539 1.61567039
v -0.06903592 -0.12702356 1.61473567
v -0.06819458 -0.13412802 1.62557927
v -0.06894243 -0.12908014 1.62557927
v -0.06258584 -0.15450648 1.62782270
v -0.06221192 -0.15366517 1.62165305
v -0.06118364 -0.15431952 1.61632474
v -0.06024886 -0.15628259 1.61249213
v -0.05922059 -0.15918044 1.60940736
v -0.05660318 -0.16338700 1.60548114
v -0.05164875 -0.16787401 1.60230288
v -0.06539024 -0.13356704 1.59697457
v -0.06810114 -0.12627572 1.60370508
v -0.00808746 -0.18554157 1.68166674
v 0.00079303 -0.18628932 1.68222759
v -0.01827670 -0.18460669 1.68054502
v -0.03846822 -0.17768932 1.67502973
v -0.02855940 -0.18208284 1.67820799
v -0.05501400 -0.16123699 1.66334478
v -0.04772263 -0.17049143 1.67054276
v -0.06716630 -0.13758665 1.63595540
v -0.06782066 -0.13272583 1.63670325
v -0.06520325 -0.14291506 1.64586417
v -0.06623152 -0.12730403 1.59379631
v -0.06314670 -0.12992145 1.58351457
v -0.05950102 -0.13123007 1.57510049
v -0.05650968 -0.13394106 1.56631343
v -0.02958767 -0.17712845 1.61277261
v -0.05604227 -0.15319778 1.57921448
v -0.05258358 -0.15244995 1.56584696
v -0.00528306 -0.18628932 1.52004213
v -0.03865515 -0.17095882 1.55761987
v -0.03809429 -0.16750000 1.54995554
v -0.02005283 -0.17656747 1.53340965
v -0.01051793 -0.18498070 1.52742699
v -0.01491145 -0.18049361 1.52995090
v -0.02940074 -0.17226752 1.54182284
v -0.02603549 -0.17385658 1.53808360
v -0.02192238 -0.16974350 1.52191169
v -0.01808972 -0.18404590 1.60323771
v -0.02313759 -0.18180241 1.60071380
v -0.03547690 -0.17871760 1.59463765
v -0.03211163 -0.17759584 1.55761987
v -0.02912031 -0.18114806 1.56360253
v -0.03304642 -0.17862412 1.56491124
v -0.02753113 -0.16516301 1.52714651
v -0.03304642 -0.16198482 1.53284879
v -0.03734645 -0.16123699 1.53967279
v 0.00079303 -0.17740888 1.51125508
v -0.04052477 -0.16207820 1.54902070
v -0.05295750 -0.14226061 1.55799475
v 0.00079303 -0.18058709 1.69559511
v -0.01463102 -0.18030674 1.61613787
v -0.01360275 -0.17993272 1.61969000
v -0.05136832 -0.15936740 1.57341881
v -0.04996612 -0.16469572 1.58136352
v -0.01622016 -0.18600897 1.60033982
v -0.01304184 -0.18956117 1.60258336
v -0.01079836 -0.19367417 1.60370508
v -0.00864831 -0.19769388 1.60417244
v -0.00453527 -0.18834595 1.53219444
v -0.02248324 -0.18563495 1.57238959
v 0.00079303 0.00076242 1.59510501
v 0.00069955 -0.00325719 1.58697231
v -0.01640709 -0.00774415 1.58557011
v -0.00743311 -0.00456590 1.58659844
v -0.02472679 -0.01353988 1.58398092
v -0.01537882 -0.01157683 1.57706354
v -0.03631818 -0.01531601 1.59248761
v -0.02659634 -0.00914636 1.59370281
v -0.04585308 -0.02541176 1.59061805
v -0.03351379 -0.02008340 1.58220486
v -0.05771994 -0.03710617 1.58985894
v -0.04304868 -0.02952480 1.58052229
v -0.06015537 -0.05037060 1.58781365
v -0.05532022 -0.03965967 1.58027457
v -0.05828581 -0.05252065 1.57968095
v -0.06696170 -0.05976281 1.58296574
v -0.06342713 -0.07009476 1.58108315
v -0.06361411 -0.06700994 1.58613097
v -0.00640483 -0.01410074 1.56986657
v -0.01444404 -0.01671820 1.56827649
v -0.06249235 -0.07617091 1.57697005
v -0.03725295 -0.17460451 1.56528510
v -0.03538340 -0.17787629 1.57369829
v -0.04024429 -0.17385658 1.57519398
v -0.02883983 -0.18180241 1.57940046
v -0.03313991 -0.17993272 1.58360706
v -0.04145955 -0.16993054 1.56631343
v -0.04202041 -0.16591094 1.55790125
v -0.00472221 -0.17675453 1.51144207
v 0.00079303 -0.17366972 1.51050723
v -0.04594652 -0.16497615 1.56883824
v -0.04510523 -0.16936967 1.57715704
v -0.03977692 -0.17591322 1.59650721
v -0.03650517 -0.17675453 1.60417244
v -0.04314218 -0.17413711 1.60529426
v -0.04669436 -0.15983480 1.56023728
v -0.03949649 -0.17525887 1.60922037
v -0.04613351 -0.15198244 1.54958067
v -0.03220508 -0.17909151 1.60108767
v -0.04585308 -0.17245448 1.59865725
v -0.03762688 -0.17488486 1.61174428
v -0.03631818 -0.17469798 1.61370734
v -0.03594425 -0.17525887 1.61473567
v -0.03594425 -0.17610018 1.61539002
v -0.03557033 -0.17703497 1.61641924
v -0.03528990 -0.17825019 1.61763445
v -0.03500947 -0.17918499 1.61856917
v -0.03379427 -0.15581518 1.61352035
v -0.03435513 -0.15833912 1.61230514
v -0.03472904 -0.16076950 1.61155729
v -0.03519641 -0.16712618 1.61137042
v -0.03500947 -0.16338700 1.61108993
v -0.03528990 -0.17180013 1.61277261
v -0.03463555 -0.17553921 1.61641824
v -0.03491598 -0.17600670 1.62118569
v -0.03463555 -0.17853064 1.62128008
v -0.03491598 -0.17600670 1.62118569
v -0.03500947 -0.17993282 1.61959751
v -0.03500947 -0.18021326 1.62043885
v -0.03145729 -0.15142167 1.63483369
v -0.03472904 -0.17983934 1.62090621
v -0.02023976 -0.17516538 1.62352272
v -0.04781613 -0.16880880 1.59033756
v -0.03781387 -0.17731540 1.58585060
v -0.04267476 -0.17338928 1.58669183
v -0.02052019 -0.18778508 1.56771563
v -0.01874407 -0.18937423 1.56313506
v -0.01827670 -0.18918726 1.55967642
v -0.00378743 -0.19862866 1.56593946
v -0.00986358 -0.19647864 1.56481774
v -0.01612666 -0.19133720 1.56519161
v -0.01154620 -0.18984162 1.54743151
v -0.02369851 -0.18142848 1.55490897
v -0.01855713 -0.18928074 1.56051765
v -0.01444404 -0.18797194 1.55668504
v 0.00069955 -0.19703943 1.56818299
v -0.00948965 -0.19601125 1.56771563
v -0.01322883 -0.18647636 1.55640467
v -0.01210706 -0.18965457 1.55696552
v -0.01322883 -0.19376774 1.56659381
v -0.01313533 -0.19442209 1.56360253
v -0.01294840 -0.18554157 1.55724590
v -0.01070486 -0.18806551 1.55677853
v -0.01276141 -0.18320459 1.56098513
v -0.01332233 -0.18441983 1.56687429
v -0.01350926 -0.18470026 1.57201561
v -0.01378968 -0.18479374 1.57874611
v -0.01332233 -0.17488486 1.58772016
v -0.01481796 -0.16133047 1.59697457
v -0.01893106 -0.13992363 1.60230288
v -0.01883756 -0.11739522 1.59818978
v -0.01528538 -0.09991460 1.58715930
v -0.00911573 -0.08729488 1.57435264
v -0.00724617 -0.08738838 1.57435264
v -0.00098303 -0.08907101 1.57379178
v 0.00079303 -0.08916450 1.57332531
v -0.01322883 -0.18647636 1.55640467
v -0.01547231 -0.18488722 1.55593719
v -0.03454206 -0.18675681 1.65493171
v 0.00079303 -0.19189816 1.65829696
v -0.03734645 -0.00138758 1.67923632
v 0.00079303 0.00665163 1.68764939
v -0.07614034 -0.06308382 1.63801195
v -0.07688814 -0.07224474 1.63436621
v -0.07679470 -0.06878605 1.63090758
v -0.06230541 -0.04672492 1.59622673
v -0.06808593 -0.05510752 1.59675393
v -0.07006420 -0.11552560 1.65782949
v -0.06828807 -0.12206917 1.65455773
v -0.07193375 -0.10842123 1.66072738
v -0.07240117 -0.09234276 1.67783412
v -0.07455116 -0.09224933 1.66343828
v -0.07333595 -0.10066246 1.66259694
v -0.07688814 -0.09084712 1.65165995
v -0.07604686 -0.09711021 1.65081861
v -0.07249461 -0.10954295 1.64539681
v -0.07118591 -0.11552560 1.64128371
v -0.07464466 -0.10356029 1.64857507
v -0.07735555 -0.09019277 1.64240542
v -0.07688814 -0.09533415 1.64147070
v -0.07427074 -0.10477549 1.63436621
v -0.07286854 -0.10879510 1.62707485
v -0.06482932 -0.07495565 1.58500926
v -0.06576411 -0.07177738 1.58865488
v -0.06716630 -0.06887949 1.59407668
v -0.06894243 -0.06654251 1.59987246
v -0.06417497 -0.08598619 1.57781139
v -0.06454889 -0.07972309 1.58089616
v -0.07735555 -0.08327528 1.65165995
v -0.07557943 -0.08262092 1.66222307
v -0.07212074 -0.10748640 1.61323998
v -0.07604686 -0.08112529 1.63044011
v -0.07342945 -0.06439253 1.61352035
v -0.07511208 -0.06915998 1.60688334
v -0.07165332 -0.10225158 1.60052681
v -0.08614261 -0.06972083 1.62399008
v -0.08651654 -0.07252523 1.62782270
v -0.08343171 -0.07402086 1.62614013
v -0.06912936 -0.09589501 1.58136352
v -0.07118591 -0.08093830 1.58715930
v -0.07380337 -0.09860590 1.61352035
v -0.07324245 -0.09869940 1.60753769
v -0.07333595 -0.10075590 1.60875301
v -0.08034688 -0.07934917 1.58687882
v -0.08100123 -0.07579699 1.59033756
v -0.07660771 -0.07785353 1.59099191
v -0.07567293 -0.10047547 1.63875980
v -0.07632728 -0.09486673 1.63268364
v -0.07268160 -0.10356029 1.61080956
v -0.07922511 -0.08776230 1.62903791
v -0.08287086 -0.08851015 1.62997274
v -0.07997297 -0.09122105 1.62698136
v -0.07772948 -0.08963192 1.58033530
v -0.07782297 -0.08551882 1.57921359
v -0.07492509 -0.08682753 1.57893310
v -0.07735555 -0.09402539 1.62361611
v -0.07707512 -0.09467974 1.62698136
v -0.07314897 -0.07140346 1.60005945
v -0.07885120 -0.08262092 1.58127002
v -0.07604686 -0.08327528 1.58145701
v -0.07445772 -0.09785806 1.61810092
v -0.07389681 -0.10094289 1.61595088
v -0.08268386 -0.07130996 1.61978349
v -0.08567520 -0.06785122 1.61922263
v -0.07660771 -0.07617091 1.62847705
v -0.07193375 -0.09682978 1.58800053
v -0.07305552 -0.09561458 1.58856150
v -0.07529900 -0.09290367 1.58304620
v -0.08109473 -0.07205781 1.59519851
v -0.08109473 -0.06990776 1.59949848
v -0.07875775 -0.07289910 1.60015283
v -0.07576643 -0.09608193 1.62090521
v -0.07959904 -0.09346453 1.62109219
v -0.07567293 -0.09122105 1.58575710
v -0.07342945 -0.09776456 1.59959198
v -0.07361638 -0.09608193 1.60688334
v -0.08305779 -0.07888181 1.58781365
v -0.08389907 -0.07607742 1.59033756
v -0.08240343 -0.09131454 1.62436395
v -0.07352288 -0.09430587 1.59089842
v -0.09053613 -0.06972083 1.61763345
v -0.09100350 -0.07140346 1.62137268
v -0.07875775 -0.08794930 1.58257884
v -0.07959904 -0.08570576 1.58070917
v -0.07501857 -0.09561458 1.61576389
v -0.07417723 -0.09608193 1.61174428
v -0.08950786 -0.07822746 1.62950538
v -0.08623605 -0.07701219 1.63165531
v -0.08838609 -0.06766428 1.61127692
v -0.08445998 -0.06691644 1.61314648
v -0.08296429 -0.06813170 1.60660297
v -0.08502084 -0.07000126 1.59865725
v -0.08081431 -0.08187314 1.58239185
v -0.09081656 -0.07392737 1.62520529
v -0.08492734 -0.08860364 1.62698136
v -0.08502084 -0.07196432 1.59566587
v -0.08819916 -0.08299485 1.63044011
v -0.08614261 -0.08224706 1.63380536
v -0.08305779 -0.08776230 1.62417707
v -0.08128166 -0.09066013 1.62184004
v -0.08567520 -0.07364694 1.59660070
v -0.08670346 -0.07130996 1.60033982
v -0.08707739 -0.07832090 1.62604663
v -0.07427074 -0.09467974 1.61034209
v -0.07389681 -0.09402539 1.60632248
v -0.08221645 -0.08187314 1.58641145
v -0.07698163 -0.09449281 1.61828780
v -0.07922511 -0.09262324 1.61875527
v -0.07772948 -0.08832316 1.58687882
v -0.07399031 -0.09514715 1.60005945
v -0.08389907 -0.08019051 1.58930934
v -0.08455348 -0.07635785 1.59332895
v -0.07389681 -0.09318410 1.59239411
v -0.08735782 -0.07102953 1.61688560
v -0.08754480 -0.07271216 1.62034435
v -0.08025339 -0.08533183 1.58575710
v -0.07520552 -0.09421238 1.61389433
v -0.08717088 -0.07000126 1.61090294
v -0.08698389 -0.06757079 1.60585512
v -0.08745131 -0.07514263 1.62380310
v -0.07511208 -0.09056669 1.58865488
v -0.07567293 -0.09281018 1.61165079
v -0.07399031 -0.09271668 1.60856602
v -0.07455116 -0.09355802 1.60922037
v -0.07931861 -0.08664053 1.59052455
v -0.08053382 -0.08402313 1.59286147
v -0.08128166 -0.08308835 1.59024407
v -0.08530127 -0.07551656 1.61838129
v -0.08464691 -0.07747962 1.62146617
v -0.08474041 -0.07579699 1.62240090
v -0.07324245 -0.09215583 1.59388980
v -0.07277509 -0.09140799 1.59519851
v -0.07520552 -0.09028626 1.59248761
v -0.07857077 -0.08682753 1.62258789
v -0.07885120 -0.08925799 1.61950312
v -0.08025339 -0.08981885 1.62062483
v -0.08474041 -0.07532956 1.59940499
v -0.08623605 -0.07355344 1.60248987
v -0.08576868 -0.07261867 1.60136815
v -0.07333595 -0.09178190 1.60548114
v -0.07352288 -0.09252976 1.60557464
v -0.08100123 -0.08103179 1.59454416
v -0.08305779 -0.07738612 1.59753543
v -0.08277736 -0.07691870 1.59529200
v -0.07866426 -0.09112755 1.61660523
v -0.07875775 -0.09168841 1.61716609
v -0.08530127 -0.07187082 1.61585738
v -0.08604911 -0.07458172 1.61501604
v -0.07763598 -0.08851015 1.58912235
v -0.07894468 -0.08916450 1.59117890
v -0.07464466 -0.08888407 1.60258336
v -0.07548600 -0.08907101 1.60211589
v -0.07202725 -0.09094062 1.59547888
v -0.08352520 -0.08009701 1.62249439
v -0.08399257 -0.07934917 1.62389659
v -0.08707739 -0.07448828 1.60893989
v -0.08689045 -0.07374044 1.60931387
v -0.08670346 -0.07327301 1.60454642
v -0.08651654 -0.07439478 1.60277024
v -0.08230994 -0.08262092 1.62399008
v -0.08109473 -0.08495790 1.59510501
v -0.07763598 -0.09224933 1.61445518
v -0.07819684 -0.09037970 1.61595088
v -0.07941211 -0.08869708 1.59351582
v -0.06894243 -0.08486447 1.59893763
v -0.06931634 -0.08196658 1.59893763
v -0.07043811 -0.08280792 1.59688108
v -0.07399031 -0.08832316 1.60791167
v -0.07314897 -0.08832316 1.60688334
v -0.07324245 -0.08953842 1.60707033
v -0.08062731 -0.08290141 1.61352035
v -0.08165559 -0.08159265 1.61305299
v -0.07950560 -0.08187314 1.61183778
v -0.06950329 -0.08467748 1.59678758
v -0.06866200 -0.08701446 1.59781591
v -0.07726206 -0.07729262 1.60230288
v -0.07557943 -0.07804047 1.59996596
v -0.07408379 -0.07841439 1.60239637
v -0.08240343 -0.07934917 1.61090294
v -0.07913168 -0.08000352 1.61034209
v -0.07959904 -0.08084486 1.61127692
v -0.07698163 -0.07738612 1.60716382
v -0.07997297 -0.07701219 1.60650947
v -0.07857077 -0.07691870 1.60463991
v -0.07043811 -0.08019051 1.59987246
v -0.07137289 -0.08112529 1.59753543
v -0.06912936 -0.08626667 1.60295723
v -0.06838157 -0.08813623 1.59968547
v -0.07109247 -0.08822972 1.60454642
v -0.07800991 -0.07832090 1.60875301
v -0.08128166 -0.07776004 1.60847253
v -0.07651421 -0.08514490 1.61211826
v -0.07576643 -0.08589274 1.61165079
v -0.07632728 -0.08692101 1.61314648
v -0.07511208 -0.07794697 1.60426593
v -0.07576643 -0.07757305 1.60604211
v -0.08408606 -0.07673176 1.60641598
v -0.08305779 -0.07645133 1.60398556
v -0.08445998 -0.07719919 1.60884639
v -0.08193602 -0.08234049 1.61623125
v -0.08333821 -0.08112529 1.61567039
v -0.07464466 -0.08953842 1.60865952
v -0.07352288 -0.09056669 1.60753769
v -0.07511208 -0.09047320 1.60950075
v -0.07632728 -0.08991235 1.61137042
v -0.07585986 -0.08879058 1.61024859
v -0.07614034 -0.08692101 1.59426367
v -0.08492734 -0.07832090 1.61202477
v -0.08230994 -0.08056444 1.61230514
v -0.06931634 -0.08925799 1.59678758
v -0.07202725 -0.08925799 1.60379857
v -0.07623378 -0.08785580 1.61183778
v -0.07679470 -0.08888407 1.61314648
v -0.07716863 -0.08140572 1.59744193
v -0.07333595 -0.07962960 1.59790941
v -0.07268160 -0.09037970 1.60585512
v -0.07221418 -0.08916450 1.60604211
v -0.06978371 -0.08822972 1.59482453
v -0.07660771 -0.08336878 1.59622673
v -0.07997297 -0.08364920 1.61651173
v -0.08118822 -0.07738612 1.60192901
v -0.07707512 -0.08579924 1.61370734
v -0.07623378 -0.08720144 1.61482916
v -0.08118822 -0.08692101 1.62342923
v -0.07735555 -0.09365153 1.61641824
v -0.07772948 -0.09309061 1.61520303
v -0.07614034 -0.09355802 1.61267912
v -0.07511208 -0.09318410 1.60062031
v -0.04342261 -0.15095427 1.71036482
v 0.00079303 -0.15469344 1.72541502
v -0.01837020 -0.15394561 1.72148891
v -0.07464466 -0.09963418 1.62127918
v -0.07782297 -0.07514263 1.59585286
v -0.08464691 -0.07411435 1.59809629
v -0.08436649 -0.07981659 1.61436169
v -0.07931861 -0.07888181 1.59968547
v -0.07595335 -0.09075363 1.60155503
v -0.07567293 -0.09047320 1.59089842
v -0.08128166 -0.08177964 1.59632022
v -0.08062731 -0.08224706 1.59772242
v -0.08277736 -0.07897525 1.59977897
v -0.07632728 -0.08785580 1.61707259
v -0.07754249 -0.08972535 1.61492255
v -0.08642303 -0.07560999 1.61445518
v -0.08632954 -0.07673176 1.61342697
v -0.08539477 -0.07822746 1.61651173
v -0.07772948 -0.08776230 1.59435717
v -0.07950560 -0.08701446 1.59557237
v -0.07539250 -0.09131454 1.61015510
v -0.07352288 -0.09131454 1.60781817
v -0.07380337 -0.09206233 1.60809866
v -0.07978602 -0.08458404 1.59697457
v -0.08530127 -0.07663827 1.61791393
v -0.08427300 -0.07981659 1.61856828
v -0.07043811 -0.09019277 1.59547888
v -0.07090548 -0.08944493 1.59342233
v -0.07679470 -0.08607967 1.61875527
v -0.07679470 -0.08841665 1.61884877
v -0.08548825 -0.07710569 1.60146154
v -0.08698389 -0.07551656 1.60342459
v -0.07286854 -0.09094062 1.60585512
v -0.07305552 -0.09131454 1.60566813
v -0.07688814 -0.09075363 1.61258562
v -0.07557943 -0.09206233 1.61071607
v -0.08380563 -0.07794697 1.59893763
v -0.07978602 -0.08570576 1.58856150
v -0.08184257 -0.08075137 1.59267460
v -0.08604911 -0.07177738 1.60426593
v -0.07520552 -0.08654710 1.61052908
v -0.07212074 -0.08766881 1.60585512
v -0.07922511 -0.08411662 1.61370734
v -0.07903818 -0.08262092 1.61221165
v -0.08595562 -0.07187082 1.60959424
v -0.08417955 -0.07841439 1.62529879
v -0.08735782 -0.07000126 1.60510727
v -0.08324472 -0.08215356 1.62567266
v -0.08511434 -0.07346001 1.61931613
v -0.08576868 -0.08252749 1.62632701
v -0.07221418 -0.07916224 1.60071380
v -0.07464466 -0.08748187 1.60922037
v -0.06866200 -0.08589274 1.60099418
v -0.07333595 -0.08514490 1.60950075
v -0.07286854 -0.08617317 1.60847253
v -0.07296203 -0.08701446 1.60744431
v -0.07249461 -0.08701446 1.60622899
v -0.07165332 -0.08673403 1.60538776
v -0.07053155 -0.08682753 1.60445292
v -0.07025112 -0.08598619 1.60426593
v -0.06884893 -0.08458404 1.60220938
v -0.06875549 -0.08346227 1.60099418
v -0.06997070 -0.08131222 1.60099418
v -0.07090548 -0.08009701 1.60127466
v -0.07230768 -0.07953616 1.60258336
v -0.07361638 -0.07906874 1.60417244
v -0.07417723 -0.07860133 1.60585512
v -0.07436423 -0.07850789 1.60735081
v -0.07436423 -0.07841439 1.60837903
v -0.07473815 -0.07869482 1.60912688
v -0.07539250 -0.08056444 1.61052908
v -0.07660771 -0.08168615 1.61099644
v -0.07829034 -0.08364920 1.61239864
v -0.07670120 -0.08262092 1.61137042
v -0.07585986 -0.08449054 1.61146391
v -0.07473815 -0.08467748 1.61071607
v -0.07342945 -0.07934917 1.60650947
v -0.07324245 -0.07925567 1.60781817
v -0.07333595 -0.08346227 1.61024859
v -0.07202725 -0.08392969 1.60884639
v -0.07707512 -0.08551882 1.61595088
v -0.07305552 -0.08000352 1.60501378
v -0.07174682 -0.08262092 1.60856602
v -0.07174682 -0.08327528 1.60725732
v -0.07212074 -0.08131222 1.60828554
v -0.07305552 -0.08215356 1.61015510
v -0.07660771 -0.08346227 1.61155729
v -0.07174682 -0.08486447 1.60781817
v -0.07137289 -0.08421012 1.60538776
v -0.07127940 -0.08598619 1.60510727
v -0.07184026 -0.08570576 1.60641598
v -0.06987720 -0.08383619 1.60314422
v -0.06940984 -0.08561231 1.60333121
v -0.07193375 -0.08187314 1.60678984
v -0.07118591 -0.08290141 1.60473341
v -0.07268160 -0.08028395 1.60660297
v -0.07184026 -0.08140572 1.60463991
v -0.07268160 -0.08009701 1.60809866
v -0.07296203 -0.08000352 1.60959424
v -0.07034463 -0.08495790 1.60398556
v -0.07314897 -0.08093830 1.60996822
v -0.07324245 -0.07925567 1.60922037
v -0.07006420 -0.08271442 1.60267686
v -0.07165332 -0.08047094 1.60314422
v -0.07314897 -0.08916450 1.60351809
v -0.08305779 -0.08140572 1.61959650
v -0.08455348 -0.07822746 1.62053134
v -0.08707739 -0.07411435 1.60473341
v -0.08689045 -0.07532956 1.60576163
v -0.08156209 -0.08299485 1.62221402
v -0.07726206 -0.09140799 1.61352035
v -0.07324245 -0.08972535 1.59323545
v -0.08062731 -0.08748187 1.59388980
v -0.07670120 -0.08626667 1.62099870
v -0.08530127 -0.07607742 1.60024633
v -0.07791641 -0.08598619 1.59529200
v -0.08670346 -0.07551656 1.60912688
v -0.08072080 -0.08346227 1.61987699
v -0.08062731 -0.08234049 1.63025323
v -0.08230994 -0.07776004 1.62987925
v -0.08146865 -0.07065562 1.61417470
v -0.08044038 -0.07037519 1.60678984
v -0.07305552 -0.09963418 1.59949848
v -0.08305779 -0.07271216 1.62352272
v -0.07679470 -0.07336651 1.62614013
v -0.07417723 -0.09037970 1.57883961
v -0.07268160 -0.09467974 1.58108315
v -0.07604686 -0.08075137 1.58753317
v -0.07155983 -0.07635785 1.59043106
v -0.07576643 -0.09748413 1.62445745
v -0.07819684 -0.09112755 1.62819668
v -0.07614034 -0.09066013 1.63352498
v -0.06987720 -0.08822972 1.57977444
v -0.07109247 -0.08402313 1.58248534
v -0.07389681 -0.10365378 1.61997048
v -0.07726206 -0.07140346 1.62370960
v -0.07492509 -0.10178416 1.62632701
v -0.07230768 -0.07402086 1.59519851
v -0.07660771 -0.06925342 1.61426820
v -0.07025112 -0.09926026 1.58818752
v -0.06997070 -0.09196890 1.57865262
v -0.07557943 -0.09869940 1.63025323
v -0.07464466 -0.07953616 1.61006171
v -0.07754249 -0.08467748 1.64165769
v -0.07623378 -0.08617317 1.63287063
v -0.07520552 -0.06495338 1.62184004
v -0.07698163 -0.07046868 1.61997048
v 0.00079303 0.01384950 1.64838819
v -0.05398272 0.23766697 0.04518753
v -0.05382542 0.24203665 0.05174046
v -0.05919607 0.24338959 0.04879237
v -0.06188859 0.24645729 0.04357233
v -0.03878787 0.26552619 0.04495691
v -0.03738802 0.26002759 0.05055685
v -0.03890990 0.25612220 0.04504595
v -0.06275751 0.24723093 0.04901669
v -0.03961283 0.26189135 0.04120241
v -0.04318135 0.26448661 0.03729324
v -0.04226847 0.26879433 0.04128232
v -0.05790403 0.26149996 0.03368434
v -0.05479034 0.26562044 0.03425701
v -0.05300369 0.26120307 0.03180575
v -0.05669807 0.25723676 0.03328049
v -0.06148508 0.25314656 0.03507350
v -0.06133169 0.25374447 0.03739811
v -0.04088794 0.25031453 0.05037704
v -0.03984145 0.25397553 0.05583556
v -0.04524714 0.24815674 0.05812540
v -0.04139241 0.27352420 0.04563884
v -0.06047820 0.26396333 0.03387846
v -0.05993712 0.26970883 0.03503745
v -0.06177414 0.25625083 0.03789901
v -0.04005646 0.25735006 0.06206761
v -0.04544511 0.25176503 0.06494650
v -0.03765903 0.27013267 0.05076450
v -0.03686114 0.26438175 0.05716455
v -0.06478359 0.25019749 0.05139836
v -0.05961212 0.24589072 0.05358205
v -0.07925861 0.24994807 0.02327005
v -0.07567259 0.25225084 0.02269659
v -0.07546359 0.25091026 0.02154651
v -0.06911699 0.23534094 0.02922256
v -0.06862193 0.23728586 0.03217427
v -0.07115633 0.23351922 0.03353613
v -0.06809222 0.24751941 0.02318391
v -0.06813011 0.24943786 0.02525661
v -0.06660010 0.24431072 0.02944426
v -0.07892401 0.39886288 0.18553370
v -0.09643468 0.40395600 0.18706004
v -0.09715905 0.39612404 0.19612584
v -0.09445012 0.41022563 0.17734680
v -0.06985737 0.24243086 0.03940908
v -0.07291233 0.24039760 0.04158108
v -0.07177557 0.23623889 0.03848216
v -0.06676836 0.24670699 0.03380848
v -0.06688181 0.24545509 0.03166823
v -0.06801924 0.25112358 0.02689822
v -0.07089762 0.25385766 0.02475342
v -0.07047639 0.25513937 0.02546349
v -0.06770215 0.25275191 0.02777027
v -0.07885760 0.25358442 0.02669508
v -0.07523237 0.25542420 0.02508773
v -0.07552378 0.25391870 0.02407706
v -0.07924617 0.25170812 0.02495919
v -0.08214440 0.24729113 0.02731678
v -0.08152209 0.24944611 0.02946922
v -0.08128100 0.23733372 0.03655760
v -0.08040522 0.24101203 0.03998174
v -0.08170914 0.24503258 0.03523313
v -0.08236365 0.24577948 0.02517894
v -0.07105257 0.25226000 0.02343419
v -0.06900076 0.23996021 0.03548469
v -0.09253162 0.41223658 0.16624120
v -0.07899951 0.40717522 0.17498000
v -0.09223770 0.41082569 0.15747649
v -0.07856023 0.40845038 0.16471393
v -0.08049699 0.23421076 0.03166306
v -0.08247664 0.24157319 0.03114031
v -0.10080025 0.41003513 0.15695582
v -0.10206372 0.41051038 0.16370220
v -0.10398153 0.40824547 0.17281679
v -0.07934379 0.24838521 0.02148991
v -0.08194287 0.24410919 0.02314495
v -0.08167537 0.23783505 0.02595548
v -0.07881520 0.23262500 0.02880228
v -0.07111514 0.25065872 0.02212860
v -0.06285752 0.31958243 0.14923284
v -0.06624941 0.31335718 0.15632848
v -0.06625086 0.29834300 0.14061724
v -0.08150442 0.25052701 0.04178305
v -0.08142754 0.24899488 0.03955573
v -0.08000633 0.24574050 0.04500550
v -0.06508636 0.26086121 0.03027429
v -0.06582545 0.25859817 0.02951814
v -0.06945731 0.26030211 0.02833848
v -0.07829490 0.26078783 0.03003375
v -0.07528062 0.26372898 0.02966835
v -0.07497751 0.26069718 0.02804496
v -0.07890418 0.25830100 0.02897701
v -0.08132133 0.25346254 0.03243749
v -0.08112225 0.25497193 0.03343444
v -0.06943374 0.24838540 0.04716440
v -0.07268745 0.24818786 0.04991860
v -0.07279621 0.24541004 0.04667827
v -0.08100497 0.38928145 0.19304916
v -0.09814675 0.38686876 0.20337608
v -0.06465448 0.25135776 0.03681051
v -0.08340156 0.25253511 0.04813183
v -0.08040417 0.24842363 0.04844647
v -0.06315082 0.26420685 0.03347350
v -0.06888369 0.26361529 0.02986916
v -0.10641947 0.40188393 0.18173396
v -0.06603110 0.36160833 0.16270468
v -0.08043709 0.26155473 0.03321826
v -0.07797041 0.26655140 0.03457432
v -0.06709343 0.25068714 0.04989118
v -0.07116841 0.25153873 0.05720757
v -0.06339982 0.25426253 0.03873589
v -0.09668567 0.23653261 0.01710190
v -0.09375453 0.23366224 0.02140588
v -0.09410836 0.23435660 0.02271292
v -0.08549194 0.23018258 0.01253436
v -0.08453103 0.23300424 0.01067372
v -0.08404199 0.23272577 0.01304000
v -0.09544399 0.23373693 0.01687072
v -0.09464343 0.23300254 0.01636776
v -0.09244994 0.23300032 0.01815943
v -0.08319541 0.23723650 0.01051175
v -0.08266536 0.24313382 0.01306463
v -0.08205347 0.24105512 0.01537090
v -0.09716401 0.23842078 0.01830930
v -0.09478066 0.23616139 0.02456732
v -0.09471223 0.23737794 0.00976597
v -0.09519495 0.24368133 0.01160839
v -0.09231978 0.24524768 0.00924127
v -0.09355290 0.22996140 0.01198075
v -0.09368480 0.23265893 0.01043842
v -0.09140668 0.23205392 0.00893621
v -0.09395010 0.23245356 0.01663989
v -0.09237460 0.23276260 0.01758414
v -0.09259396 0.22935032 0.01363462
v -0.09288425 0.23014976 0.01454205
v -0.09422857 0.23055330 0.01351578
v -0.08679662 0.22894377 0.01396921
v -0.08521596 0.23022275 0.01451318
v -0.08336451 0.24670529 0.01559779
v -0.08274977 0.24334349 0.01752346
v -0.09563721 0.24769514 0.01508591
v -0.09281058 0.25002641 0.01326199
v -0.08765624 0.23360979 0.02236250
v -0.08405341 0.23463890 0.01940144
v -0.08396967 0.23704001 0.02078937
v -0.08760537 0.23319736 0.01998797
v -0.08813324 0.23269621 0.01894132
v -0.08592325 0.23266294 0.01805969
v -0.08794330 0.23417739 0.02382176
v -0.08437819 0.23856971 0.02270083
v -0.08853887 0.23248662 0.01842809
v -0.08686171 0.23203364 0.01783242
v -0.08695559 0.23229378 0.00896412
v -0.08537827 0.24481767 0.01014540
v -0.09631587 0.23744282 0.01167079
v -0.09690451 0.24204181 0.01374813
v -0.09477692 0.23319316 0.01285413
v -0.09158057 0.22869045 0.01235411
v -0.08758269 0.22844535 0.01275094
v -0.08728879 0.22945409 0.01105110
v -0.08616941 0.24944452 0.01359730
v -0.09715970 0.24456265 0.01681924
v -0.09625903 0.25274946 0.02134494
v -0.09260740 0.25452118 0.02081723
v -0.09249340 0.25361846 0.01915488
v -0.08538128 0.24214452 0.03047838
v -0.08846817 0.23861409 0.03308275
v -0.08903504 0.23727043 0.03014653
v -0.08503098 0.25066861 0.02157873
v -0.08506541 0.25150611 0.02332409
v -0.08401440 0.24800204 0.02545675
v -0.08613932 0.24644168 0.03616685
v -0.09008136 0.24448086 0.03987867
v -0.08892233 0.24152616 0.03696853
v -0.08488973 0.25330792 0.02583747
v -0.08450461 0.25068909 0.02888402
v -0.08413409 0.24917735 0.02723359
v -0.08486438 0.25237938 0.02476646
v -0.08775558 0.25505206 0.02269102
v -0.08791845 0.25566827 0.02396418
v -0.09622921 0.25579475 0.02455551
v -0.09273393 0.25641386 0.02348133
v -0.09277590 0.25540988 0.02220488
v -0.09837820 0.25039763 0.02668728
v -0.09831333 0.25241442 0.02937066
v -0.09729487 0.24353569 0.03467745
v -0.09641925 0.24576948 0.03833417
v -0.09846084 0.24898273 0.03386821
v -0.09808477 0.24891038 0.02428751
v -0.09634064 0.25390683 0.02286074
v -0.08758041 0.25429504 0.02129534
v -0.08562588 0.24391822 0.03326729
v -0.09689254 0.24017576 0.03101556
v -0.09857021 0.24600271 0.03057466
v -0.09588895 0.25103552 0.01964130
v -0.09765056 0.24750370 0.02223747
v -0.09822705 0.24415480 0.02773817
v -0.09793913 0.24294003 0.02545291
v -0.09562496 0.23849137 0.02836918
v -0.08751712 0.25334876 0.01996329
v -0.09787529 0.25581726 0.04205557
v -0.09784360 0.25396918 0.04004415
v -0.09616583 0.25194339 0.04410833
v -0.08456701 0.25885834 0.02905340
v -0.08448945 0.25713524 0.02804424
v -0.08785399 0.26122140 0.02700849
v -0.09578275 0.26079858 0.02869709
v -0.09645823 0.26329112 0.03204378
v -0.09295931 0.26571839 0.03017717
v -0.09804486 0.25755775 0.03347684
v -0.08634821 0.25203958 0.04298433
v -0.08990217 0.25175297 0.04837877
v -0.08989688 0.24997303 0.04528772
v -0.08381800 0.25465888 0.03366667
v -0.08419828 0.25352068 0.03208245
v -0.09902012 0.25845132 0.04733284
v -0.09612909 0.25427123 0.04643166
v -0.08400599 0.26132367 0.03298329
v -0.08724655 0.26395108 0.02878478
v -0.09740013 0.26649279 0.03483470
v -0.09426372 0.27241254 0.03448439
v -0.09846317 0.25918728 0.03484450
v -0.09867397 0.26037747 0.03787906
v -0.08592325 0.25335455 0.04750858
v -0.08902245 0.25461539 0.05473792
v -0.08320504 0.25527816 0.03672604
v -0.11158896 0.24532114 0.02377552
v -0.10930620 0.24370908 0.02642658
v -0.10971452 0.24438954 0.02745886
v -0.10136187 0.24055352 0.02043233
v -0.10051187 0.24214555 0.01897425
v -0.10022142 0.24285356 0.02104344
v -0.11006235 0.24304997 0.02368386
v -0.10925460 0.24264960 0.02322608
v -0.10824633 0.24292031 0.02415741
v -0.09913903 0.25303944 0.02043807
v -0.09852730 0.24951612 0.02297680
v -0.09849729 0.24706155 0.02080569
v -0.11231997 0.24693955 0.02469686
v -0.11014789 0.24514914 0.02868293
v -0.11153017 0.25285875 0.01911855
v -0.10887919 0.25528883 0.01659297
v -0.10864512 0.24783675 0.01419036
v -0.10966404 0.24240665 0.01889863
v -0.10829905 0.24253770 0.01674486
v -0.10758506 0.24074834 0.01844364
v -0.10852088 0.24204189 0.02257084
v -0.10774819 0.24227680 0.02380516
v -0.10856762 0.24066334 0.02058287
v -0.10868531 0.24159573 0.02164018
v -0.10970106 0.24184025 0.02154284
v -0.10204343 0.24036656 0.02114941
v -0.10117361 0.24136547 0.02194401
v -0.10021086 0.25685807 0.02236457
v -0.09906154 0.25183524 0.02468221
v -0.11208347 0.25603601 0.02183375
v -0.10952812 0.25915794 0.02078675
v -0.10265357 0.24363356 0.02746527
v -0.09958754 0.24512195 0.02506432
v -0.09963793 0.24612975 0.02632712
v -0.10294036 0.24289582 0.02600123
v -0.10326286 0.24298453 0.02501106
v -0.10162679 0.24278113 0.02412459
v -0.10265441 0.24428072 0.02829129
v -0.10016992 0.24696357 0.02759871
v -0.10326155 0.24253948 0.02423830
v -0.10232957 0.24218773 0.02359437
v -0.10249746 0.24046582 0.01913527
v -0.10190620 0.24185838 0.01745237
v -0.10178010 0.24763355 0.01439836
v -0.10128513 0.25600394 0.01724587
v -0.11242569 0.25035537 0.02190423
v -0.11146772 0.24652721 0.01755171
v -0.11036214 0.24264401 0.02112406
v -0.10915327 0.24122927 0.01958882
v -0.10714861 0.24021298 0.01981559
v -0.10236593 0.25933844 0.02101174
v -0.11246608 0.25270770 0.02347832
v -0.11232091 0.25814368 0.02466784
v -0.11293076 0.26010534 0.02806033
v -0.10979295 0.26328617 0.02629062
v -0.10138263 0.25206998 0.03530813
v -0.10362837 0.24879811 0.03741454
v -0.10402940 0.24745564 0.03463622
v -0.10072294 0.26129327 0.02834712
v -0.09963447 0.25717608 0.03133048
v -0.09990678 0.25520564 0.02814514
v -0.10212065 0.25486192 0.03916085
v -0.10487155 0.25295102 0.04250678
v -0.10398116 0.25035275 0.04087218
v -0.09999661 0.25942614 0.03313256
v -0.09981835 0.25843731 0.03228877
v -0.10075556 0.26188781 0.02937294
v -0.10368277 0.26433547 0.02683894
v -0.10385384 0.26565819 0.02772798
v -0.10079885 0.26362279 0.02951592
v -0.11313464 0.26287187 0.03085431
v -0.10935247 0.26561033 0.02780258
v -0.10986044 0.26405998 0.02696436
v -0.11343219 0.26143666 0.02990494
v -0.11427144 0.25870437 0.03224582
v -0.11444326 0.26067416 0.03396076
v -0.11260490 0.25125427 0.03868725
v -0.11164870 0.25422027 0.04136840
v -0.11310762 0.25670616 0.03850962
v -0.11392407 0.25702896 0.03006757
v -0.10335148 0.26328644 0.02622237
v -0.10156070 0.25411014 0.03708436
v -0.11215648 0.24946396 0.03579521
v -0.11344406 0.25442846 0.03567068
v -0.11283990 0.25490733 0.02662103
v -0.11313333 0.25232592 0.03298073
v -0.11229810 0.24990481 0.02985323
v -0.11068520 0.24776301 0.03304559
v -0.10077707 0.25997390 0.02514902
v -0.10284922 0.26130796 0.02355176
v -0.11376320 0.26463797 0.04516970
v -0.11345359 0.26213105 0.04237338
v -0.11200439 0.25935201 0.04585325
v -0.10082951 0.26816904 0.03228047
v -0.10109583 0.26658431 0.03107802
v -0.10342029 0.26869983 0.03012714
v -0.11207617 0.27176632 0.03515379
v -0.10956140 0.27304594 0.03322255
v -0.10941230 0.26967024 0.03126556
v -0.11253955 0.26803604 0.03339979
v -0.11419657 0.26481568 0.03793138
v -0.11431342 0.26700158 0.03997429
v -0.10237434 0.25844517 0.04443578
v -0.10569351 0.25884160 0.05035325
v -0.10559022 0.25678525 0.04716145
v -0.10014300 0.26236802 0.03558817
v -0.11460348 0.26615185 0.05190661
v -0.11214657 0.26246644 0.04896722
v -0.09911360 0.26757004 0.03585104
v -0.10276453 0.27151384 0.03223946
v -0.11236512 0.27631519 0.03774673
v -0.11048750 0.27922044 0.03802192
v -0.11409084 0.26972593 0.04243144
v -0.10204651 0.25938939 0.04823485
v -0.10454157 0.26171094 0.05487699
v -0.09960072 0.26169926 0.03812272
v -0.12757736 0.26905531 0.05283577
v -0.12959138 0.27260463 0.04955593
v -0.12840728 0.26957068 0.04645400
v -0.12917670 0.27348717 0.05785724
v -0.07409856 0.22566976 0.01543538
v -0.07423746 0.22580259 0.01641027
v -0.12589997 0.28366837 0.06988907
v -0.13018618 0.28624494 0.06507354
v -0.12147570 0.27692207 0.03685012
v -0.12691207 0.27558654 0.03869538
v -0.12617527 0.27933477 0.03988536
v -0.11528223 0.27006930 0.04163239
v -0.11576720 0.26907571 0.04015698
v -0.11764249 0.27478615 0.03654880
v -0.12981806 0.27712174 0.04405957
v -0.12902405 0.27311250 0.04203874
v -0.11528223 0.27006930 0.04163239
v -0.11708489 0.26684997 0.04714691
v -0.11726810 0.26556341 0.04546757
v -0.11646203 0.27643234 0.03734428
v -0.11500666 0.27725850 0.03796793
v -0.13144992 0.28169211 0.04806264
v -0.12553914 0.28424934 0.04272162
v -0.13144992 0.28169211 0.04806264
v -0.12981806 0.27712174 0.04405957
v -0.11482278 0.27009080 0.04236715
v -0.11722913 0.26692485 0.05261039
v -0.06337046 0.34119116 0.15303801
v -0.06765835 0.35317004 0.17194837
v -0.07226294 0.24134762 0.00873992
v -0.07186160 0.23070184 0.00303161
v -0.07177869 0.23175722 0.03021868
v -0.07541111 0.23142124 0.03038333
v -0.07476500 0.22877252 0.02336097
v -0.10861764 0.24991854 0.04076375
v -0.10782905 0.24801950 0.03745984
v -0.07386700 0.22468394 0.01359490
v -0.07366096 0.22272593 0.01101376
v -0.07590521 0.23269331 0.03343807
v -0.09319020 0.24447348 0.04043161
v -0.09291089 0.24146914 0.03706229
v -0.09006008 0.23304079 0.01863782
v -0.09015124 0.23305573 0.01989554
v -0.07644089 0.24521466 0.04696538
v -0.06657302 0.26896689 0.03365530
v -0.07888150 0.22869644 0.02303586
v -0.07458549 0.22773182 0.02057948
v -0.08255532 0.25290090 0.05592861
v -0.07661067 0.24844915 0.05093740
v -0.08140441 0.25552103 0.03677022
v -0.10017973 0.27479178 0.03486812
v -0.08507265 0.26834329 0.03194717
v -0.11482278 0.27009080 0.04236715
v -0.07257618 0.22448202 0.00482545
v -0.09016679 0.25460523 0.02096527
v -0.08999829 0.25371641 0.01957766
v -0.07666276 0.23994255 0.04187058
v -0.07428667 0.22682153 0.01894444
v -0.07031258 0.38460644 0.17637798
v -0.06845851 0.39174706 0.16779126
v -0.09073455 0.23409991 0.02348846
v -0.09151672 0.23507929 0.02585185
v -0.11372347 0.39966174 0.16529294
v -0.11531654 0.39346623 0.17110819
v -0.11383443 0.29562734 0.14986214
v -0.11981607 0.30278590 0.15250032
v -0.11644213 0.29884059 0.12947200
v -0.12922933 0.33724271 0.20441791
v -0.12921821 0.34841945 0.19226730
v -0.13225684 0.33900404 0.18534255
v -0.12062102 0.30681971 0.13035024
v -0.09037210 0.27814338 0.12411460
v -0.09086325 0.28432348 0.14695289
v -0.09611236 0.28569770 0.14559744
v -0.11940766 0.38952308 0.15739376
v -0.12009763 0.38308462 0.16215175
v -0.10166175 0.28755980 0.14590751
v -0.10683284 0.29091524 0.14725594
v -0.10772603 0.28737033 0.12647168
v -0.13150012 0.32830235 0.19840261
v -0.10214121 0.28348879 0.12522729
v -0.09655630 0.28054335 0.12304063
v -0.10106246 0.28595805 0.16395731
v -0.10668271 0.28882766 0.16497642
v -0.09152189 0.28311367 0.16633822
v -0.12193067 0.36887353 0.17115746
v -0.12462734 0.35773192 0.18054051
v -0.11858812 0.36445421 0.18966643
v -0.12605262 0.30904219 0.17743963
v -0.12060157 0.30080507 0.16993325
v -0.07175205 0.29415775 0.14619926
v -0.07163209 0.28178101 0.12546379
v -0.11392005 0.29448913 0.16736631
v -0.05864959 0.31659250 0.11998965
v -0.05397742 0.30264184 0.10495174
v -0.05773632 0.30964895 0.10037875
v -0.05785778 0.31045594 0.12440673
v -0.12957455 0.34823614 0.17367092
v -0.13343478 0.31158911 0.08328897
v -0.13501728 0.30060699 0.06278805
v -0.13390338 0.29562416 0.06790953
v -0.13140104 0.30790267 0.09086565
v -0.12989949 0.29215215 0.07629336
v -0.13077622 0.32547619 0.10883581
v -0.12743145 0.33979916 0.12795875
v -0.12795184 0.34475215 0.12392961
v -0.05448746 0.30181969 0.07688322
v -0.06266490 0.31616341 0.09653984
v -0.06571184 0.30380810 0.07404547
v -0.07052905 0.32031858 0.09397523
v -0.07462031 0.30562963 0.07148844
v -0.07903361 0.32403717 0.09241862
v -0.08367062 0.30742255 0.07051964
v -0.08718648 0.32815352 0.09115365
v -0.09097698 0.31053643 0.07091897
v -0.09857853 0.31446828 0.07034926
v -0.10166606 0.33720802 0.09057353
v -0.09509362 0.33325720 0.09106196
v -0.12755821 0.34027655 0.10086138
v -0.12932804 0.33555044 0.10126175
v -0.12719811 0.35090235 0.11993703
v -0.12161415 0.34204818 0.09571273
v -0.12499303 0.35691997 0.11823972
v -0.12533704 0.28870372 0.07899940
v -0.12394991 0.30234129 0.10156677
v -0.12742377 0.30574123 0.09788416
v -0.12031992 0.28680273 0.08354034
v -0.11996769 0.29734849 0.10456176
v -0.11418544 0.28238761 0.08366205
v -0.11578955 0.29174020 0.10414605
v -0.10487379 0.31840748 0.06990189
v -0.10777296 0.33966541 0.09099119
v -0.11013406 0.31940631 0.06993961
v -0.07287800 0.25544178 0.02516083
v -0.07318841 0.25394516 0.02428071
v -0.07224745 0.26062884 0.02811159
v -0.07237800 0.26379367 0.02988482
v -0.08407235 0.37813703 0.19912203
v -0.07601398 0.36162095 0.19050877
v -0.07332799 0.37351684 0.18339192
v -0.11189558 0.28679805 0.10136738
v -0.11466704 0.34128287 0.09329321
v -0.11634762 0.32035034 0.06937397
v -0.12348354 0.32010161 0.07022862
v -0.12820779 0.31905735 0.07309469
v -0.12071085 0.38582627 0.14025173
v -0.12262717 0.38220433 0.14450532
v -0.11845669 0.39467565 0.15242684
v -0.13233481 0.31565967 0.07701166
v -0.13123418 0.33012995 0.10430066
v -0.13343478 0.31158911 0.08328897
v -0.10941716 0.27966830 0.08326869
v -0.10474871 0.27517420 0.08304891
v -0.10629150 0.28180010 0.10074013
v -0.10069789 0.27733879 0.10070966
v -0.09944835 0.27122778 0.08254889
v -0.09474794 0.26868682 0.08394099
v -0.09606525 0.27496172 0.10133420
v -0.08999216 0.26695736 0.08454935
v -0.08435657 0.26527755 0.08561679
v -0.08467823 0.27143232 0.10453352
v -0.09105247 0.27308241 0.10271162
v -0.07806105 0.26468349 0.08764323
v -0.07155922 0.26363894 0.09006518
v -0.07114033 0.26980062 0.10557152
v -0.07799653 0.27044985 0.10575978
v -0.10936388 0.40464587 0.15387034
v -0.11665003 0.39662302 0.14780307
v -0.12644113 0.35795535 0.16341513
v -0.11655010 0.38591069 0.17666674
v -0.10641947 0.40188393 0.18173396
v -0.06323463 0.26443437 0.09155515
v -0.05782575 0.27479785 0.10073799
v -0.06335904 0.27230512 0.10418793
v -0.07885058 0.40676728 0.15534731
v -0.06787893 0.39663901 0.15823583
v -0.05575209 0.26739316 0.08976250
v -0.04879198 0.27226550 0.08629031
v -0.05245548 0.28059383 0.09804279
v -0.08718676 0.27796174 0.18988078
v -0.08746630 0.28334997 0.17021303
v -0.08291888 0.28677094 0.17676377
v -0.11197727 0.40350326 0.15905825
v -0.06054434 0.32746794 0.13584195
v -0.06270937 0.30375115 0.13547364
v -0.06159580 0.28822716 0.12103035
v -0.05694752 0.29383180 0.11677060
v -0.11763268 0.37663699 0.18136061
v -0.08297125 0.28153301 0.19551457
v -0.07888674 0.28886675 0.20438417
v -0.09860321 0.37399479 0.21312913
v -0.10967348 0.37314066 0.20435463
v -0.10962487 0.36078972 0.21005003
v -0.05976903 0.30825993 0.13030414
v -0.06140953 0.32408035 0.14264228
v -0.12086836 0.37630717 0.16672037
v -0.11531654 0.39346623 0.17110819
v -0.12009763 0.38308462 0.16215175
v -0.08746630 0.28334997 0.17021303
v -0.08291888 0.28677094 0.17676377
v -0.07542838 0.30023390 0.17468563
v -0.08666018 0.36631789 0.20816774
v -0.07714305 0.34959493 0.19933395
v -0.08882459 0.35489025 0.21605786
v -0.09860321 0.37399479 0.21312913
v -0.10007906 0.36367842 0.22111340
v -0.09985536 0.34189853 0.23885004
v -0.11041215 0.33681914 0.23090254
v -0.08076705 0.32404811 0.22961774
v -0.09097720 0.33498201 0.23708057
v -0.07673692 0.30067831 0.23867157
v -0.07289600 0.28224673 0.26765967
v -0.07127617 0.27236457 0.25795672
v -0.12377678 0.37023113 0.15272102
v -0.12328181 0.37618192 0.14850352
v -0.12562645 0.36112411 0.13774359
v -0.12528320 0.36714630 0.13457036
v -0.12335519 0.37271927 0.13078772
v -0.12109299 0.34367668 0.21056239
v -0.11112297 0.34952269 0.22014355
v -0.12088088 0.35435603 0.19967609
v -0.10135533 0.35258629 0.22939902
v -0.11112297 0.34952269 0.22014355
v -0.08041130 0.33173117 0.21861236
v -0.09070073 0.34335820 0.22541652
v -0.12922933 0.33724271 0.20441791
v -0.12109515 0.33194505 0.22326977
v -0.07837018 0.29486690 0.18874108
v -0.10135533 0.35258629 0.22939902
v -0.10616511 0.27960166 0.18358083
v -0.10668271 0.28882766 0.16497642
v -0.10106246 0.28595805 0.16395731
v -0.07717698 0.33922446 0.20860709
v -0.09070073 0.34335820 0.22541652
v -0.09814675 0.38686876 0.20337608
v -0.12653432 0.35101713 0.14740672
v -0.10007906 0.36367842 0.22111340
v -0.12060157 0.30080507 0.16993325
v -0.09152189 0.28311367 0.16633822
v -0.09595195 0.28426653 0.16423307
v -0.08507956 0.26733811 0.21086414
v -0.09595195 0.28426653 0.16423307
v -0.11392005 0.29448913 0.16736631
v -0.08324226 0.24260211 0.23503113
v -0.11115718 0.24051753 0.23284548
v -0.13077622 0.32547619 0.10883581
v -0.06911020 0.22329587 0.01110052
v -0.06060997 0.32447848 0.11501543
v -0.06215387 0.34040462 0.12481636
v -0.06149132 0.33285628 0.13098477
v -0.12894860 0.32178432 0.11397277
v -0.07054192 0.30707751 0.16437292
v -0.06881556 0.31996878 0.17754115
v -0.07837018 0.29486690 0.18874108
v -0.07251745 0.31184112 0.18728560
v -0.07552878 0.30518597 0.19883682
v -0.07659891 0.29886452 0.21354072
v -0.12463707 0.36446822 0.15754193
v -0.12714213 0.31873727 0.11879489
v -0.12784070 0.33600663 0.13284453
v -0.04349025 0.27568112 0.08147164
v -0.04705129 0.28305645 0.09290247
v -0.11890390 0.37807928 0.12778806
v -0.12377678 0.37023113 0.15272102
v -0.11677520 0.38909981 0.13631541
v -0.12577583 0.35564147 0.14231398
v -0.12743145 0.33979916 0.12795875
v -0.12577583 0.35564147 0.14231398
v -0.12089370 0.36318746 0.11787169
v -0.04497445 0.29207223 0.08589377
v -0.07565221 0.28896266 0.23147705
v -0.12410078 0.31361209 0.12427315
v -0.12022756 0.26375046 0.05024928
v -0.11952871 0.26803556 0.05695360
v -0.11983028 0.26512257 0.05242250
v -0.12409144 0.26630106 0.05406602
v -0.12630586 0.26649212 0.04991525
v -0.10509421 0.24251162 0.01681066
v -0.10530052 0.24164339 0.02306594
v -0.10514376 0.24109739 0.02185408
v -0.03980701 0.28151114 0.07357499
v -0.03898578 0.28866240 0.06430202
v -0.04826427 0.29749339 0.07962281
v -0.04537930 0.29130767 0.05776970
v -0.11152689 0.29242102 0.12763747
v -0.11409084 0.26972593 0.04243144
v -0.05578541 0.29254168 0.05302693
v -0.06699620 0.29210655 0.05069129
v -0.07435688 0.22612857 0.01730794
v -0.09643468 0.40395600 0.18706004
v -0.11242569 0.25035537 0.02190423
v -0.11204822 0.24628829 0.02076408
v -0.11244888 0.24841689 0.02598311
v -0.09906154 0.25183524 0.02468221
v -0.09990678 0.25520564 0.02814514
v -0.10113734 0.24964914 0.03169320
v -0.11392407 0.25702896 0.03006757
v -0.11283990 0.25490733 0.02662103
v -0.11427144 0.25870437 0.03224582
v -0.11444326 0.26067416 0.03396076
v -0.10196406 0.24115057 0.02211160
v -0.10086643 0.24354981 0.02431643
v -0.09852730 0.24951612 0.02297680
v -0.10601377 0.25937491 0.02074697
v -0.10618399 0.26195108 0.02262166
v -0.09963447 0.25717608 0.03133048
v -0.09981835 0.25843731 0.03228877
v -0.09999661 0.25942614 0.03313256
v -0.11419657 0.26481568 0.03793138
v -0.11431342 0.26700158 0.03997429
v -0.11598482 0.36507332 0.11591219
v -0.07094198 0.33371844 0.18878492
v -0.07279331 0.32499646 0.19798037
v -0.07565315 0.31801768 0.20895258
v -0.07552878 0.30518597 0.19883682
v -0.07565315 0.31801768 0.20895258
v -0.07716210 0.31046419 0.22222709
v -0.07659891 0.29886452 0.21354072
v -0.07565221 0.28896266 0.23147705
v -0.08460451 0.27869424 0.12689898
v -0.07555342 0.29189276 0.05093534
v -0.08345946 0.29326916 0.05170096
v -0.09238219 0.29593042 0.05203025
v -0.09859077 0.29869366 0.05194361
v -0.06469404 0.33246423 0.11099789
v -0.07935739 0.34416165 0.10793439
v -0.07225313 0.33753921 0.10854864
v -0.10192051 0.36142248 0.11124272
v -0.09261631 0.35525988 0.10926655
v -0.08619532 0.35007505 0.10787578
v -0.11002366 0.36484794 0.11391509
v -0.09346812 0.40606910 0.14912039
v -0.06559004 0.34647386 0.12035431
v -0.10079932 0.40657519 0.15022980
v -0.07994176 0.40292931 0.14694876
v -0.06943141 0.39676089 0.15023615
v -0.10815108 0.40373388 0.14861924
v -0.11130105 0.39316747 0.13689995
v -0.10441528 0.39500631 0.13690452
v -0.10849302 0.38122567 0.12607327
v -0.09052817 0.37512121 0.12247293
v -0.08656423 0.39124919 0.13473394
v -0.07761537 0.38471843 0.13186104
v -0.10054748 0.38043793 0.12520626
v -0.07495607 0.36055164 0.12050893
v -0.11395530 0.38016048 0.12689216
v -0.08252701 0.36871939 0.12092622
v -0.07112540 0.34822978 0.11735475
v -0.11440792 0.39763073 0.14444502
v -0.07218237 0.39230465 0.14009890
v -0.06715204 0.36130564 0.12741564
v -0.06789242 0.37849655 0.13470299
v -0.06460679 0.37893525 0.14137639
v -0.09812170 0.39459218 0.13644143
v -0.06624378 0.28361087 0.12301352
v -0.10449473 0.30178155 0.05308405
v -0.11026875 0.30379620 0.05304471
v -0.10633646 0.26922079 0.03080595
v -0.05324868 0.22103180 0.01001168
v -0.05293906 0.22495035 0.00711117
v -0.05401643 0.24492749 0.05767431
v -0.04531378 0.24547060 0.05207321
v -0.06148508 0.25314656 0.03507350
v -0.06302278 0.24901825 0.03024498
v -0.05385874 0.23620822 0.04202482
v -0.05378185 0.23467612 0.03979754
v -0.06047992 0.23240923 0.03074477
v -0.06397801 0.23720482 0.03144865
v -0.06473594 0.24223894 0.02202391
v -0.06356971 0.23542357 0.01670062
v -0.05369075 0.22994775 0.03082823
v -0.05341227 0.22942827 0.02688736
v -0.04714685 0.22893210 0.02722913
v -0.05337673 0.22899509 0.02524848
v -0.05376073 0.22598590 0.02124754
v -0.05325538 0.22141898 0.01527301
v -0.05302888 0.22090766 0.01360025
v -0.05342960 0.22061664 0.01175437
v -0.04656849 0.22135524 0.01544562
v -0.04869948 0.25488153 0.02523103
v -0.05063306 0.23963510 0.00845157
v -0.05163170 0.23362522 0.00583829
v -0.05088791 0.27216220 0.04040236
v -0.04895205 0.26771418 0.03757323
v -0.04833893 0.26322691 0.03408590
v -0.04906014 0.25348056 0.02152534
v -0.04907318 0.25191171 0.01861804
v -0.04322904 0.24823313 0.01643807
v -0.04587214 0.23284336 0.00759887
v -0.04961676 0.24843784 0.01556291
v -0.06553505 0.24966148 0.03653063
v -0.07333049 0.25240902 0.02289217
v -0.07317019 0.24567542 0.01480626
v -0.06837215 0.23060500 0.00434857
v -0.07318061 0.22243266 0.00768936
v -0.07286619 0.22259429 0.00625117
v -0.07340989 0.22193331 0.00909601
v -0.07036268 0.22591308 0.01709967
v -0.08097605 0.23932071 0.01718564
v -0.07662192 0.23589171 0.03853810
v -0.11636051 0.30482971 0.05295929
v -0.12490572 0.30532452 0.05396004
v -0.05425289 0.29735334 0.11042776
v -0.13233957 0.30350137 0.05702119
v -0.13501728 0.30060699 0.06278805
v -0.09348859 0.25298662 0.04931316
v -0.09344269 0.25075489 0.04645968
v -0.08650126 0.25019908 0.04094551
v -0.09247941 0.23859560 0.03270198
v -0.08399145 0.24665818 0.02300794
v -0.08524638 0.24098996 0.02796594
v -0.08836519 0.23544346 0.02574932
v -0.08999763 0.23274156 0.01813178
v -0.09003284 0.23186938 0.01684727
v -0.08984813 0.22996101 0.01506301
v -0.08982227 0.22923459 0.01404527
v -0.08970154 0.22846368 0.01237484
v -0.08946875 0.22932666 0.01040828
v -0.08924192 0.23170460 0.00827044
v -0.08655202 0.22952680 0.01503604
v -0.08492322 0.23364007 0.01860689
v -0.08205347 0.24105512 0.01537090
v -0.08274977 0.24334349 0.01752346
v -0.08399145 0.24665818 0.02300794
v -0.08932299 0.24971626 0.01325441
v -0.08401440 0.24800204 0.02545675
v -0.08413409 0.24917735 0.02723359
v -0.08450461 0.25068909 0.02888402
v -0.08419828 0.25352068 0.03208245
v -0.08381800 0.25465888 0.03366667
v -0.08320504 0.25527816 0.03672604
v -0.08140441 0.25552103 0.03677022
v -0.08112225 0.25497193 0.03343444
v -0.08132133 0.25346254 0.03243749
v -0.08152209 0.24944611 0.02946922
v -0.08214440 0.24729113 0.02731678
v -0.08236365 0.24577948 0.02517894
v -0.08218853 0.23950917 0.02797581
v -0.08194287 0.24410919 0.02314495
v -0.07330682 0.25087419 0.02166152
v -0.06692432 0.24189223 0.02648280
v -0.08135137 0.23580730 0.01362214
v -0.06603172 0.23309529 0.01670279
v -0.06855106 0.23071755 0.02346155
v -0.06690878 0.23641323 0.02036546
v -0.06692432 0.24189223 0.02648280
v -0.06660010 0.24431072 0.02944426
v -0.06688181 0.24545509 0.03166823
v -0.06676836 0.24670699 0.03380848
v -0.06553505 0.24966148 0.03653063
v -0.07006943 0.24596672 0.04502807
v -0.06465448 0.25135776 0.03681051
v -0.06339982 0.25426253 0.03873589
v -0.06177414 0.25625083 0.03789901
v -0.06133169 0.25374447 0.03739811
v -0.06356380 0.24740432 0.02833519
v -0.06430007 0.24569598 0.02580092
v -0.09690451 0.24204181 0.01374813
v -0.09715970 0.24456265 0.01681924
v -0.09744780 0.24020127 0.02008787
v -0.09765056 0.24750370 0.02223747
v -0.09808477 0.24891038 0.02428751
v -0.09837820 0.25039763 0.02668728
v -0.09831333 0.25241442 0.02937066
v -0.09039907 0.25623821 0.02363176
v -0.09003529 0.26153905 0.02713849
v -0.09222389 0.26152266 0.02722328
v -0.09846317 0.25918728 0.03484450
v -0.09867397 0.26037747 0.03787906
v -0.09960072 0.26169926 0.03812272
v -0.10220029 0.25728387 0.04293368
v -0.10028041 0.26120652 0.03491113
v -0.10014300 0.26236802 0.03558817
v -0.10922488 0.26029127 0.05161565
v -0.10944876 0.25755580 0.04788706
v -0.10643667 0.26633190 0.02683805
v -0.10028041 0.26120652 0.03491113
v -0.10884414 0.25272358 0.04308318
v -0.10967797 0.26088701 0.02292303
v -0.10637105 0.24324217 0.02882640
v -0.10292812 0.24511195 0.02973450
v -0.10582139 0.24238832 0.02615283
v -0.10566968 0.24231700 0.02510862
v -0.10562929 0.24225838 0.02418125
v -0.10513685 0.24037993 0.02096683
v -0.10527575 0.24005658 0.01989760
v -0.10340841 0.24017269 0.02009401
v -0.10507159 0.24063532 0.01868268
v -0.10517891 0.25590242 0.01668703
v -0.10663251 0.24393259 0.03014709
v -0.10638395 0.26383872 0.02514150
v -0.10634515 0.26507452 0.02586610
v -0.10600040 0.27313409 0.03219416
v -0.10537447 0.27945395 0.03740997
v -0.08868479 0.24514981 0.00957530
v -0.08556453 0.23733754 0.00801837
v -0.09024958 0.25535828 0.02237466
v -0.09804486 0.25755775 0.03347684
v -0.09005590 0.26513603 0.02956762
v -0.05373282 0.22933694 0.02838679
v -0.06297242 0.25073116 0.06166706
v -0.09212905 0.23708171 0.02991068
v -0.10612137 0.24289451 0.02768140
v -0.09718475 0.25758926 0.05321493
v -0.09046643 0.23354117 0.02215969
v -0.10849714 0.24286367 0.02519599
v -0.09193689 0.23716975 0.00757252
v -0.09133296 0.22897873 0.01076371
v -0.10493792 0.24773292 0.01339716
v -0.10715076 0.24653757 0.03437925
v -0.11256180 0.26438322 0.05614006
v -0.11830077 0.27240608 0.03393786
v -0.11878163 0.27433495 0.03581159
v -0.12370779 0.26400136 0.05146705
v -0.12074347 0.27295808 0.03334440
v -0.12053483 0.27521671 0.03576440
v -0.04219140 0.26913376 0.07086057
v -0.04667452 0.26562192 0.07587168
v -0.05501651 0.25992849 0.07886441
v -0.06370042 0.25780622 0.07814930
v -0.05570640 0.25009550 0.06926003
v -0.07188550 0.25891796 0.07434012
v -0.08387856 0.26169319 0.07180542
v -0.07709028 0.25320191 0.05998249
v -0.08931340 0.26319501 0.07124787
v -0.09353944 0.26518275 0.07096667
v -0.09354729 0.25751354 0.05609170
v -0.09804261 0.26718210 0.07064444
v -0.10413745 0.27034786 0.07181880
v -0.10853538 0.27430539 0.07325258
v -0.10889779 0.26378328 0.05805230
v -0.11295432 0.27700732 0.07255980
v -0.13362154 0.29344180 0.05517893
v -0.03897520 0.27361992 0.06446070
v -0.03732567 0.27913043 0.05615655
v -0.04127373 0.28223439 0.05048380
v -0.05246356 0.28338522 0.04590061
v -0.06278592 0.28288874 0.04329657
v -0.07066946 0.28232582 0.04272514
v -0.12001639 0.29633434 0.04651456
v -0.11312109 0.29472788 0.04548389
v -0.10148732 0.29010667 0.04354012
v -0.08861237 0.27324937 0.03551617
v -0.07454297 0.27338125 0.03634643
v -0.09651461 0.28717963 0.04426178
v -0.08959823 0.28492818 0.04354597
v -0.12592194 0.25765470 0.03142804
v -0.12539004 0.25682085 0.03015639
v -0.12368199 0.25607902 0.03246361
v -0.11546564 0.25377971 0.02551319
v -0.11509565 0.25442247 0.02766530
v -0.11596734 0.25366641 0.02759030
v -0.06592112 0.22907914 0.01290946
v -0.12422829 0.25533285 0.02955653
v -0.12345848 0.25495026 0.02935978
v -0.12277543 0.25619968 0.03084652
v -0.06592112 0.22907914 0.01290946
v -0.06735050 0.22523284 0.01062135
v -0.06766732 0.22459298 0.00747256
v -0.06962581 0.22442892 0.00532469
v -0.11436875 0.25820773 0.02510232
v -0.11412973 0.26325775 0.02874194
v -0.11326719 0.25979117 0.03024214
v -0.12409199 0.25615296 0.03333621
v -0.12437047 0.25660951 0.03406796
v -0.12637868 0.26271266 0.02699941
v -0.12420183 0.26490954 0.02569282
v -0.12352616 0.25972994 0.02286441
v -0.07257618 0.22448202 0.00482545
v -0.07556444 0.22455278 0.00458720
v -0.07531795 0.23086245 0.00278623
v -0.12393196 0.25440021 0.02537874
v -0.12201433 0.25390159 0.02314746
v -0.12166584 0.25269346 0.02428483
v -0.12278105 0.25457146 0.02914934
v -0.12235618 0.25582364 0.03046451
v -0.12340792 0.25348635 0.02605288
v -0.12233777 0.25325585 0.02642496
v -0.12279067 0.25382222 0.02772631
v -0.11701572 0.25260495 0.02670712
v -0.11616832 0.25279303 0.02614792
v -0.11425723 0.26429023 0.02925542
v -0.11365055 0.26124148 0.03196187
v -0.12656928 0.26384209 0.02796568
v -0.12455210 0.26596742 0.02643994
v -0.11746067 0.25567097 0.03312766
v -0.11493458 0.25640572 0.03096754
v -0.11449990 0.25755786 0.03282651
v -0.11745217 0.25595310 0.03123515
v -0.11650111 0.25474310 0.02958149
v -0.11593892 0.25525612 0.02976202
v -0.07924673 0.22548962 0.00927699
v -0.11757387 0.25592663 0.03396410
v -0.11454525 0.25809097 0.03392153
v -0.11758677 0.25580230 0.03082422
v -0.11716790 0.25437478 0.02950978
v -0.08101394 0.23049348 0.01048595
v -0.11747086 0.25229992 0.02458649
v -0.11681034 0.25313179 0.02355454
v -0.07808184 0.22618949 0.01629388
v -0.11657917 0.25942062 0.02248910
v -0.11651747 0.26625685 0.02591396
v -0.12657180 0.25975125 0.02938286
v -0.12539930 0.25889788 0.02505915
v -0.12439403 0.25487557 0.02735444
v -0.12138736 0.25269290 0.02559727
v -0.11783310 0.25225607 0.02574192
v -0.11676248 0.26737232 0.02660554
v -0.12699490 0.26100622 0.03003899
v -0.12699770 0.26412720 0.02902208
v -0.12794193 0.26507574 0.03183267
v -0.12455154 0.26852633 0.03034901
v -0.11594201 0.25980808 0.03808672
v -0.11879958 0.25677711 0.03928443
v -0.11829292 0.25641573 0.03703961
v -0.11508574 0.26684306 0.03237491
v -0.11465508 0.26329784 0.03549139
v -0.11397876 0.26205878 0.03313034
v -0.11687306 0.26186948 0.04176048
v -0.11923407 0.25948924 0.04425787
v -0.11863945 0.25750691 0.04160097
v -0.11529701 0.26560016 0.03791873
v -0.11521053 0.26481735 0.03711444
v -0.11553893 0.26825880 0.03455549
v -0.11739635 0.27171827 0.03210786
v -0.11776103 0.27210827 0.03276465
v -0.11580403 0.26897887 0.03527113
v -0.12831332 0.26723462 0.03430911
v -0.12448245 0.27071571 0.03369069
v -0.12456789 0.27000207 0.03278979
v -0.12825201 0.26653109 0.03369659
v -0.12850056 0.26315147 0.03569887
v -0.12898059 0.26443315 0.03674659
v -0.12587334 0.25747166 0.03934724
v -0.12614920 0.25939499 0.04238921
v -0.12762551 0.26105154 0.04005318
v -0.12772394 0.26244457 0.03344993
v -0.11703973 0.27013390 0.02925532
v -0.11653579 0.26114334 0.03991761
v -0.12654451 0.25916167 0.03605475
v -0.12466548 0.25709718 0.03747300
v -0.12714549 0.26148182 0.03118968
v -0.12637251 0.25863650 0.03410724
v -0.12464885 0.25667289 0.03596465
v -0.11449616 0.26533533 0.02988571
v -0.11700197 0.26821542 0.02718261
v -0.12232646 0.25755009 0.04032586
v -0.11916545 0.25330530 0.02226322
v -0.11944598 0.25256018 0.02394701
v -0.11960238 0.25422035 0.02930046
v -0.11971109 0.25334324 0.02787178
v -0.12372069 0.25393115 0.02765070
v -0.12657180 0.25975125 0.02938286
v -0.12623117 0.25846300 0.03246595
v -0.11397876 0.26205878 0.03313034
v -0.11504788 0.25901809 0.03565970
v -0.12772394 0.26244457 0.03344993
v -0.12702808 0.26007982 0.03766237
v -0.12850056 0.26315147 0.03569887
v -0.12898059 0.26443315 0.03674659
v -0.12587679 0.26136546 0.04557460
v -0.12791669 0.26334729 0.04266579
v -0.11686352 0.25319180 0.02776029
v -0.04530364 0.22462953 0.01038476
v -0.04888302 0.22468962 0.00838777
v -0.11326719 0.25979117 0.03024214
v -0.11365055 0.26124148 0.03196187
v -0.12001050 0.26828404 0.02580354
v -0.12026888 0.26913599 0.02651116
v -0.11465508 0.26329784 0.03549139
v -0.11521053 0.26481735 0.03711444
v -0.11529701 0.26560016 0.03791873
v -0.12912360 0.26629404 0.03887485
v -0.12912360 0.26629404 0.03887485
v -0.12848683 0.26859804 0.03586442
v -0.12447096 0.27122207 0.03439418
v -0.12084116 0.27238516 0.03256596
v -0.11632004 0.27003564 0.03586040
v -0.11548808 0.26652747 0.03883178
v -0.12271102 0.25905221 0.04398330
v -0.12135464 0.25648153 0.03665722
v -0.12163358 0.25634282 0.03850065
v -0.12476337 0.26649942 0.02737712
v -0.12714549 0.26148182 0.03118968
v -0.12053754 0.25532296 0.03464581
v -0.11785600 0.25601965 0.03525564
v -0.05293906 0.22495035 0.00711117
v -0.05688796 0.22508879 0.00826854
v -0.05764494 0.23379600 0.00689431
v -0.11980177 0.25631020 0.03187356
v -0.11980607 0.25613772 0.03121525
v -0.11985495 0.25585130 0.03082606
v -0.11956714 0.25273583 0.02672912
v -0.11936512 0.25250605 0.02530135
v -0.06189734 0.22626989 0.01368600
v -0.11933184 0.25952746 0.02194792
v -0.11999424 0.26726445 0.02540693
v -0.12067233 0.25602133 0.03511411
v -0.12095811 0.27031365 0.02894146
v -0.12082705 0.27200159 0.03172390
v -0.11548808 0.26652747 0.03883178
v -0.11692972 0.26294768 0.04308445
v -0.12009305 0.26154456 0.04680441
v -0.12021326 0.25538455 0.03375148
v -0.06281591 0.23101687 0.01356303
v -0.05962588 0.23037241 0.02632171
v -0.12324507 0.26097824 0.04685372
v -0.11576720 0.26907571 0.04015698
v -0.12902405 0.27311250 0.04203874
v -0.12506604 0.27055343 0.05992687
v -0.12027552 0.28069582 0.07258299
v -0.12799466 0.29587891 0.04980487
v -0.07826448 0.26045617 0.07250484
v -0.13362154 0.29344180 0.05517893
v -0.13357386 0.28971143 0.06146580
v -0.11788582 0.28299633 0.04050499
v -0.10780960 0.29253028 0.04540160
v -0.07777590 0.28400806 0.04264880
v -0.13183151 0.27738637 0.05325532
v -0.12009594 0.27922838 0.03776340
v -0.07295250 0.37630232 0.12929747
v -0.07823428 0.28978910 0.27509556
v -0.09305438 0.23278887 0.01962581
v -0.08228102 0.23651158 0.01243474
v -0.08404199 0.23272577 0.01304000
v -0.08453103 0.23300424 0.01067372
v -0.08695559 0.23229378 0.00896412
v -0.08861209 0.23701981 0.00679385
v -0.09140668 0.23205392 0.00893621
v -0.09368480 0.23265893 0.01043842
v -0.09477692 0.23319316 0.01285413
v -0.10966404 0.24240665 0.01889863
v -0.11036214 0.24264401 0.02112406
v -0.11204822 0.24628829 0.02076408
v -0.10829905 0.24253770 0.01674486
v -0.10509421 0.24251162 0.01681066
v -0.10190620 0.24185838 0.01745237
v -0.09958698 0.24703603 0.01730181
v -0.10022142 0.24285356 0.02104344
v -0.10051187 0.24214555 0.01897425
v -0.11722529 0.25610014 0.03165977
v -0.11375609 0.25777586 0.02722925
v -0.11509565 0.25442247 0.02766530
v -0.11681034 0.25313179 0.02355454
v -0.11916545 0.25330530 0.02226322
v -0.12201433 0.25390159 0.02314746
v -0.12393196 0.25440021 0.02537874
v -0.12439403 0.25487557 0.02735444
v -0.12566627 0.25802299 0.02789185
v -0.12566627 0.25802299 0.02789185
v -0.12321413 0.25638255 0.03130586
v -0.01874407 -0.17647409 1.62277488
v -0.01837020 -0.17750236 1.62464444
v -0.02126804 -0.17768932 1.62202792
v -0.01995933 -0.17890446 1.62604663
v -0.04108563 -0.17507190 1.62212142
v -0.04389002 -0.17161317 1.62464444
v 0.03538034 -0.18124144 1.63025412
v 0.03154766 -0.18208284 1.63006624
v 0.03164116 -0.18189579 1.62959977
v 0.03145416 -0.18208284 1.63202929
v 0.03154766 -0.18208284 1.63090847
v 0.03547377 -0.18133500 1.63109546
v 0.03921295 -0.18030674 1.62950538
v 0.03949337 -0.18002630 1.63034761
v 0.03968036 -0.17965238 1.63118795
v 0.03556727 -0.18105458 1.63212279
v 0.04285862 -0.17815663 1.62922579
v 0.04360648 -0.17768932 1.63006624
v 0.04257820 -0.17815663 1.62847805
v 0.04556953 -0.17535235 1.62754322
v 0.04622388 -0.17516538 1.62838356
v 0.04500868 -0.17563277 1.62716935
v 0.04659780 -0.17404363 1.62679448
v 0.04743914 -0.17320223 1.62726184
v 0.04584996 -0.17469798 1.62642150
v 0.04706522 -0.17245448 1.62585964
v 0.04809350 -0.17170665 1.62614013
v 0.04641087 -0.17320223 1.62567366
v 0.04734565 -0.17151961 1.62511180
v 0.04828043 -0.17077186 1.62501830
v 0.04650430 -0.17226752 1.62511180
v 0.04715872 -0.17105230 1.62436395
v 0.04818693 -0.17039795 1.62417707
v 0.04622388 -0.17170665 1.62436395
v 0.04781307 -0.17030447 1.62296175
v 0.04659780 -0.17105230 1.62333573
v 0.04715872 -0.17049143 1.62193354
v 0.04603695 -0.17142621 1.62249439
v 0.04584996 -0.17170665 1.62352361
v 0.04117600 -0.17628714 1.61800743
v 0.04426082 -0.17320223 1.61931613
v 0.04351298 -0.17432407 1.62025186
v 0.04070864 -0.17712845 1.61903665
v 0.04332605 -0.17507190 1.62109320
v 0.02771499 -0.17983934 1.61884966
v 0.03201508 -0.17965238 1.61847568
v 0.03192159 -0.18040022 1.61950401
v 0.02780848 -0.17955891 1.61772795
v 0.03229550 -0.17937195 1.61735307
v 0.02434973 -0.17946543 1.62034535
v 0.02416280 -0.17946543 1.61950401
v 0.02388238 -0.17927847 1.61856828
v 0.02173234 -0.17862412 1.62034435
v 0.02107798 -0.17871760 1.61950312
v 0.02771499 -0.18133500 1.62875753
v 0.02706064 -0.18152197 1.63109446
v 0.02724763 -0.18152187 1.63006624
v 0.02313453 -0.18142848 1.62941189
v 0.02350845 -0.18105458 1.62866404
v 0.02378888 -0.18077413 1.62800969
v 0.02406931 -0.18040022 1.62735534
v 0.02014320 -0.18077413 1.62772920
v 0.02051713 -0.18021326 1.62698136
v 0.02098448 -0.18002630 1.62642050
v 0.02126497 -0.17974586 1.62585964
v 0.01827364 -0.17983934 1.62623362
v 0.01883450 -0.17955891 1.62585964
v 0.01995627 -0.17899803 1.62511180
v 0.01696489 -0.17853064 1.62408358
v 0.01761923 -0.17899803 1.62492481
v 0.01677795 -0.17918499 1.62511180
v 0.01743230 -0.17796975 1.62408358
v 0.01789972 -0.17750236 1.62389659
v 0.01855407 -0.17796975 1.62455094
v 0.01677795 -0.17834367 1.62305525
v 0.01631053 -0.17871760 1.62427046
v 0.01733880 -0.17768932 1.62333573
v 0.01808666 -0.17712845 1.62333573
v 0.01705838 -0.17825010 1.62221402
v 0.01612359 -0.17871760 1.62296175
v 0.01780623 -0.17768932 1.62249439
v 0.01883450 -0.17712845 1.62249439
v 0.04164341 -0.17479146 1.61707259
v 0.04472825 -0.17198709 1.61828780
v 0.02341496 -0.17909151 1.61744657
v 0.02752806 -0.17909151 1.61641824
v 0.02687371 -0.17871760 1.61510954
v 0.03201508 -0.17787629 1.61473567
v 0.04818693 -0.16983698 1.62146617
v 0.04893478 -0.16965012 1.62277488
v 0.04949569 -0.16974358 1.62399008
v 0.04940220 -0.16993054 1.62501830
v 0.04921521 -0.17086524 1.62623362
v 0.04837392 -0.17236100 1.62763571
v 0.04687823 -0.17460451 1.62922490
v 0.03996079 -0.17927847 1.63174881
v 0.03566076 -0.18096109 1.63259015
v 0.03117374 -0.18198937 1.63240316
v 0.02696720 -0.18189589 1.63156193
v 0.01976928 -0.18133500 1.62857055
v 0.02294759 -0.18189589 1.63015973
v 0.04800000 -0.17376320 1.62987925
v 0.04500868 -0.17684801 1.63174881
v 0.01537575 -0.17909151 1.62436395
v 0.01528225 -0.17899803 1.62296175
v 0.01574968 -0.17881106 1.62146617
v 0.01640402 -0.17862412 1.62184004
v 0.01761923 -0.18049369 1.62698136
v 0.01659102 -0.18133500 1.62810318
v 0.01500182 -0.18040022 1.62642050
v 0.01836709 -0.17890446 1.62464444
v 0.01883450 -0.18217632 1.62969226
v 0.01313227 -0.18152197 1.62763571
v 0.01219749 -0.18049369 1.62548578
v 0.01416054 -0.17946543 1.62464444
v 0.01219749 -0.18040022 1.62342923
v 0.01416054 -0.17927847 1.62296175
v 0.01303877 -0.18030674 1.62165305
v 0.01481489 -0.17909151 1.62127918
v 0.01014094 -0.18694377 1.63109446
v 0.00873875 -0.18656984 1.62800969
v 0.01107572 -0.18357851 1.62819668
v 0.00827133 -0.18582201 1.62464444
v 0.00911267 -0.18582201 1.62221402
v 0.01060830 -0.18264372 1.62305525
v 0.00995395 -0.18554157 1.61950312
v 0.01144964 -0.18245676 1.62090521
v 0.01032787 -0.18292407 1.62548578
v 0.00733655 -0.18834595 1.63053360
v 0.00612134 -0.18806551 1.62754233
v 0.00584086 -0.18825247 1.62436395
v 0.00640177 -0.18946771 1.62062483
v 0.00771047 -0.19077641 1.61660523
v 0.00397130 -0.18928074 1.63015973
v 0.00359737 -0.18928074 1.62754233
v 0.00733655 -0.19554385 1.61249213
v 0.00434522 -0.19301981 1.61772694
v 0.00350388 -0.19002858 1.62455094
v 0.00378436 -0.19124380 1.62099870
v 0.00069955 -0.19180468 1.62118569
v 0.02584543 -0.17853064 1.61398782
v 0.03154766 -0.17740888 1.61389433
v 0.02257368 -0.17899803 1.61632474
v 0.02126497 -0.17909151 1.61548352
v 0.01902143 -0.17899803 1.61800743
v 0.04285862 -0.17264145 1.61613787
v 0.04687823 -0.17011751 1.61753995
v 0.04566302 -0.17077186 1.61772694
v 0.05248702 -0.16880880 1.62670099
v 0.05061741 -0.16983698 1.62642050
v 0.05080439 -0.16918261 1.62501830
v 0.05211310 -0.16778053 1.62240090
v 0.05267396 -0.16787401 1.62370960
v 0.05089784 -0.16890228 1.62380310
v 0.05155219 -0.17049143 1.62866404
v 0.04968262 -0.17142621 1.62800969
v 0.05267396 -0.16815435 1.62511180
v 0.04968262 -0.17292189 1.63044011
v 0.04154992 -0.18011978 1.63445971
v 0.04080207 -0.17927847 1.63324450
v 0.02537801 -0.18413939 1.63455320
v 0.02098448 -0.18385894 1.63305751
v 0.02219975 -0.18255024 1.63128145
v 0.03631511 -0.18283068 1.63530105
v 0.03612812 -0.18152197 1.63408584
v 0.03042589 -0.18413939 1.63548804
v 0.02612586 -0.18245676 1.63296413
v 0.01733880 -0.18311111 1.63146844
v 0.03098681 -0.18264372 1.63417934
v 0.04603695 -0.17675453 1.63268364
v 0.01266485 -0.18432635 1.63062709
v 0.01518882 -0.18516766 1.63296413
v 0.01201050 -0.18769160 1.63361848
v 0.00883224 -0.18956117 1.63371186
v 0.00481264 -0.18984162 1.63305751
v 0.02117148 -0.18984162 1.63894679
v 0.01556274 -0.18890682 1.63632927
v 0.01892800 -0.18638288 1.63464670
v 0.02799548 -0.18928074 1.64006850
v 0.02378888 -0.18666332 1.63632927
v 0.04388691 -0.18292407 1.63913366
v 0.03631511 -0.18666332 1.64016199
v 0.03631511 -0.18460669 1.63698373
v 0.04267169 -0.18161535 1.63623589
v 0.04865435 -0.17694149 1.63399235
v 0.02949111 -0.18656984 1.63707712
v 0.05622620 -0.16469572 1.62333573
v 0.05660007 -0.16525659 1.62576615
v 0.05454357 -0.16675225 1.62539228
v 0.05631964 -0.16628486 1.62847705
v 0.05445007 -0.16778053 1.62744883
v 0.05566529 -0.16506963 1.62127918
v 0.05435659 -0.16656529 1.62342923
v 0.05566529 -0.16834140 1.63118795
v 0.05370223 -0.16965012 1.62941189
v 0.05398266 -0.17170665 1.63417934
v 0.05183267 -0.17254787 1.63156193
v 0.05089784 -0.17731540 1.63679674
v 0.05201960 -0.17712845 1.64119021
v 0.04444782 -0.18367200 1.64315327
v 0.05594571 -0.17049143 1.63773147
v 0.02668671 -0.19105685 1.64492944
v 0.01696489 -0.19255252 1.64427509
v 0.01144964 -0.19161772 1.63857281
v 0.05865662 -0.16254569 1.62296175
v 0.05893705 -0.16291961 1.62651400
v 0.05875011 -0.16394789 1.63015973
v 0.05772183 -0.16291961 1.62015747
v 0.05762834 -0.16628486 1.63380536
v 0.03575420 -0.18871986 1.64427509
v 0.05660007 -0.16357396 1.61856828
v 0.00584086 -0.19180468 1.63885329
v 0.05230003 -0.17628714 1.64539681
v 0.04444782 -0.18292407 1.64801421
v 0.03575420 -0.18797194 1.64969689
v 0.02668671 -0.19058945 1.65063162
v 0.01724536 -0.19236555 1.65128597
v 0.00789740 -0.19264600 1.65203382
v 0.00799090 -0.19320687 1.64670551
v 0.02687371 -0.18984162 1.65586643
v 0.05220653 -0.17441755 1.64922942
v 0.04444782 -0.18133500 1.65268817
v 0.03612812 -0.18675681 1.65493171
v 0.01705838 -0.19180468 1.65698826
v 0.00799090 -0.19171120 1.65782949
v 0.05258046 -0.16310657 1.67979718
v 0.05080439 -0.16703270 1.67512322
v 0.05781532 -0.15656303 1.66727089
v 0.04248471 -0.17180013 1.68559284
v 0.04117600 -0.17507190 1.67998405
v 0.03173459 -0.17731540 1.69007981
v 0.03089331 -0.18021326 1.68372328
v 0.06033924 -0.15964784 1.61866178
v 0.06127407 -0.15899349 1.62268138
v 0.06164794 -0.15899349 1.62763571
v 0.06155450 -0.16067611 1.63202929
v 0.05753489 -0.16862184 1.64119021
v 0.05903053 -0.16067611 1.61632474
v 0.06033924 -0.16348038 1.63623589
v 0.05846968 -0.16628486 1.64446197
v 0.06202187 -0.16002175 1.63866630
v 0.06370450 -0.15637607 1.63333800
v 0.06454584 -0.14160626 1.66082087
v 0.06361105 -0.14665414 1.65801647
v 0.06725673 -0.13824110 1.64764035
v 0.06566755 -0.13571716 1.66399913
v 0.06090016 -0.14581291 1.67531010
v 0.06305014 -0.15170202 1.65493171
v 0.07015457 -0.12795839 1.63745109
v 0.07118284 -0.12104090 1.63875980
v 0.06865893 -0.12814535 1.65175344
v 0.04416733 -0.06327076 1.72793893
v 0.03865209 -0.09439931 1.73158466
v 0.05024348 -0.09458630 1.72391932
v 0.00406479 -0.21115477 1.59145928
v 0.00443871 -0.21040704 1.59360932
v 0.01341270 -0.19993737 1.59370281
v 0.01294528 -0.19657212 1.59772242
v 0.01079529 -0.20208729 1.59800290
v 0.01528225 -0.19376774 1.59379631
v 0.01472140 -0.19171120 1.59669420
v 0.01032787 -0.19937640 1.60136815
v 0.01425398 -0.19058945 1.59959198
v 0.01238443 -0.19498297 1.60090068
v 0.00471914 -0.20825702 1.59744193
v 0.00771047 -0.20872441 1.59370281
v 0.00462565 -0.20582656 1.60080719
v 0.00789740 -0.20620047 1.59772242
v 0.00761698 -0.20956573 1.59127240
v 0.01640402 -0.18843943 1.59491802
v 0.01818014 -0.18591549 1.59164627
v 0.01939536 -0.18470026 1.59351582
v 0.00761698 -0.20330262 1.60118117
v 0.00873875 -0.20666788 1.58594409
v 0.00640177 -0.20657440 1.58370055
v 0.00705612 -0.20526568 1.58370055
v 0.01789972 -0.19124380 1.58725279
v 0.01724536 -0.19245904 1.58575710
v 0.01677795 -0.18843943 1.58295271
v 0.00322345 -0.21022008 1.58528974
v 0.00247560 -0.20778953 1.58257884
v 0.00443871 -0.20713517 1.58313970
v 0.00443871 -0.20405046 1.58136352
v 0.00191475 -0.20311566 1.57977444
v 0.00303652 -0.20339611 1.58052229
v 0.00443871 -0.19993737 1.57930697
v 0.00537349 -0.19975031 1.58052229
v 0.00182125 -0.19890910 1.57743741
v 0.00294302 -0.19946997 1.57818526
v 0.00630827 -0.19657212 1.57668956
v 0.00686913 -0.19629168 1.57921359
v 0.00995395 -0.19292643 1.57837225
v 0.01004745 -0.19348731 1.57603521
v 0.01350619 -0.19049597 1.57650269
v 0.01388011 -0.18937423 1.58117664
v 0.01229093 -0.19030892 1.58033530
v 0.01275834 -0.18993510 1.57865262
v 0.01173007 -0.20274166 1.58575710
v 0.00929960 -0.20507873 1.58528974
v 0.00948659 -0.20367653 1.58472877
v 0.01444097 -0.19404818 1.58398092
v 0.01574968 -0.19330035 1.58472877
v 0.01388011 -0.19825475 1.58566361
v 0.01462791 -0.19086989 1.58248534
v 0.01565618 -0.18956117 1.58267222
v 0.00752348 -0.20414394 1.58379405
v 0.00528000 -0.20339611 1.58211137
v 0.00602785 -0.20236783 1.58257884
v 0.00602785 -0.19918954 1.58173750
v 0.00743004 -0.19573081 1.58108315
v 0.00958003 -0.19283294 1.58052229
v 0.01528225 -0.19825475 1.58697231
v 0.00350388 -0.21143531 1.58809402
v 0.01219749 -0.20358305 1.58687882
v 0.01350619 -0.20208729 1.59127240
v 0.01088879 -0.20563960 1.59342233
v 0.01584317 -0.19535680 1.59202013
v 0.01715187 -0.19030892 1.59108541
v 0.01677795 -0.18937423 1.59286147
v 0.01789972 -0.18741116 1.58977671
v 0.01462791 -0.18825247 1.58033530
v 0.02500415 -0.18283068 1.59248761
v 0.02827591 -0.18245676 1.58603747
v 0.03220201 -0.18086761 1.59033756
v 0.00219517 -0.19731995 1.57491350
v 0.00369087 -0.19731995 1.57556785
v 0.01341270 -0.19217859 1.58257884
v 0.01294528 -0.19105685 1.58183099
v 0.01163657 -0.19133720 1.58155051
v 0.00789740 -0.19526340 1.58276572
v 0.00696262 -0.19825475 1.58295271
v 0.00808439 -0.20227435 1.58379405
v 0.00714961 -0.20096565 1.58313970
v 0.01135615 -0.20162000 1.58500926
v 0.00967353 -0.20190043 1.58426141
v 0.00967353 -0.19283294 1.58229835
v 0.01322577 -0.19423514 1.58426141
v 0.01322577 -0.19788082 1.58482227
v 0.00256910 -0.19694603 1.57220260
v 0.02248018 -0.18628932 1.55883508
v 0.02397587 -0.18339155 1.55668504
v 0.02463022 -0.18348503 1.55790025
v 0.01752580 -0.18694367 1.54836635
v 0.01715187 -0.18628932 1.54705765
v 0.02126497 -0.18329798 1.54892721
v 0.01612359 -0.18731758 1.57912009
v 0.01107572 -0.20003085 1.58463528
v 0.02276061 -0.18189579 1.55126424
v 0.02098448 -0.18385886 1.55023591
v 0.00275609 -0.19984389 1.56360253
v 0.00256910 -0.19928302 1.56463075
v 0.00266259 -0.19713299 1.56836998
v 0.00958003 -0.19320687 1.58351356
v 0.01266485 -0.19292643 1.58323319
v 0.01079529 -0.19255252 1.58351356
v 0.01201050 -0.19245904 1.58342007
v 0.00873875 -0.20031128 1.58426141
v 0.00789740 -0.19965693 1.58463528
v 0.01032787 -0.19881562 1.58557011
v 0.01144964 -0.19619820 1.58528974
v 0.01210400 -0.19703943 1.58472877
v 0.00780397 -0.19731995 1.58472877
v 0.00958003 -0.20049824 1.58416791
v 0.00855176 -0.19479601 1.58472877
v 0.01229093 -0.19414166 1.58482227
v 0.01032787 -0.19591777 1.58594409
v 0.01126266 -0.19395470 1.58547662
v 0.00911267 -0.19638506 1.58575710
v 0.00948659 -0.19844171 1.58585060
v 0.00986052 -0.19414166 1.58557011
v 0.00873875 -0.19834823 1.58575710
v 0.02350845 -0.18142848 1.55014242
v 0.02210625 -0.18208284 1.54612281
v 0.01724536 -0.18554149 1.54387938
v 0.02201276 -0.18600897 1.55790025
v 0.02360195 -0.18329798 1.55631117
v 0.00490608 -0.19722647 1.56921121
v 0.00434522 -0.19675908 1.57276345
v 0.01986277 -0.18918726 1.55967642
v 0.01948885 -0.18881334 1.55836772
v 0.02154540 -0.18554157 1.55705902
v 0.01911493 -0.18806551 1.55752638
v 0.02051713 -0.18470026 1.55621768
v 0.01883450 -0.18713071 1.55705902
v 0.01864751 -0.18666332 1.55659154
v 0.02014320 -0.18413939 1.55584370
v 0.01799316 -0.18572853 1.55621768
v 0.01958234 -0.18348503 1.55575020
v 0.01705838 -0.18488722 1.55593719
v 0.02350845 -0.18124154 1.55322730
v 0.02378888 -0.18114806 1.55275893
v 0.02425630 -0.18105458 1.55388165
v 0.02313453 -0.18105458 1.55406852
v 0.02294759 -0.18114806 1.55341328
v 0.02248018 -0.18040022 1.55406852
v 0.02248018 -0.18021326 1.55360027
v 0.02266711 -0.18086761 1.55360027
v 0.02210625 -0.17881106 1.55453600
v 0.02238668 -0.17853064 1.55406852
v 0.02070406 -0.18404590 1.55154461
v 0.02229325 -0.18208284 1.55201198
v 0.02201276 -0.18208284 1.55257294
v 0.02023670 -0.17909151 1.55472288
v 0.01976928 -0.18161535 1.55500336
v 0.02126497 -0.18021317 1.55425462
v 0.02089105 -0.18516766 1.55659154
v 0.02210625 -0.18292407 1.55575020
v 0.02285411 -0.18311111 1.55603069
v 0.02154540 -0.18273720 1.55556333
v 0.02079755 -0.18152197 1.55537634
v 0.02117148 -0.18217632 1.55537634
v 0.01902143 -0.18236328 1.55565682
v 0.02033014 -0.18058709 1.55546983
v 0.02575194 -0.18058709 1.55322730
v 0.02481716 -0.18086761 1.55341328
v 0.02425630 -0.18086752 1.55229157
v 0.02033014 -0.18413939 1.55247945
v 0.02154540 -0.18198937 1.55313380
v 0.02004971 -0.18329798 1.55406852
v 0.02126497 -0.18142848 1.55360027
v 0.00546699 -0.19928302 1.56444387
v 0.00873875 -0.19834823 1.56406990
v 0.00799090 -0.19853517 1.56547209
v 0.01453447 -0.19320687 1.55976992
v 0.01687145 -0.19096337 1.55883508
v 0.01715187 -0.19180468 1.55986330
v 0.01406705 -0.19096337 1.55790025
v 0.01659102 -0.18900021 1.55733939
v 0.01677795 -0.18993510 1.55808724
v 0.00761698 -0.19685256 1.56883735
v 0.01079529 -0.19601125 1.56771563
v 0.01042137 -0.19432862 1.57257647
v 0.01472140 -0.19470243 1.56248071
v 0.01724536 -0.19217859 1.56126550
v 0.01752580 -0.19180468 1.56220034
v 0.00892568 -0.19358079 1.55846110
v 0.01163657 -0.19245904 1.55836772
v 0.01182357 -0.19386122 1.55930245
v 0.00901917 -0.19666560 1.56089163
v 0.01173007 -0.19507646 1.56042427
v 0.01182357 -0.19629168 1.56191985
v 0.00630827 -0.19432862 1.55846110
v 0.00901917 -0.19526340 1.55958293
v 0.00612134 -0.19750691 1.56089163
v 0.00883224 -0.19769388 1.56248071
v 0.00350388 -0.19470243 1.55827423
v 0.00621478 -0.19610472 1.55958293
v 0.00313001 -0.19806769 1.56042427
v 0.00593435 -0.19862866 1.56257420
v 0.00341044 -0.19657212 1.55920895
v 0.00079303 -0.19816127 1.56023728
v 0.01126266 -0.19086989 1.55743289
v 0.00883224 -0.19152424 1.55733939
v 0.00584086 -0.19217859 1.55705902
v 0.00331694 -0.19245904 1.55687203
v 0.01453447 -0.19423514 1.56098513
v 0.01144964 -0.19685256 1.56341554
v 0.00313001 -0.19918954 1.56191985
v 0.01761923 -0.18741116 1.55042290
v 0.01631053 -0.18526104 1.55547072
v 0.01687145 -0.18685029 1.55434901
v 0.01743230 -0.18759802 1.55210547
v 0.02014320 -0.18395234 1.55332068
v 0.01322577 -0.19077641 1.54958156
v 0.01294528 -0.19115032 1.55182510
v 0.01715187 -0.18769160 1.55341417
v 0.01238443 -0.19124372 1.55322730
v 0.01219749 -0.19068283 1.55425551
v 0.01182357 -0.18993500 1.55547072
v 0.00649526 -0.19395460 1.55154461
v 0.00677569 -0.19376774 1.54920769
v 0.00556043 -0.18956109 1.54434675
v 0.00537349 -0.18797194 1.54172934
v 0.01201050 -0.18731758 1.54257068
v 0.00686913 -0.19255252 1.54630980
v 0.00593435 -0.19236555 1.55537723
v 0.00602785 -0.19301981 1.55444250
v 0.02276061 -0.18086761 1.55388165
v 0.01444097 -0.19208511 1.55883508
v 0.01593666 -0.18311111 1.55621857
v 0.01126266 -0.18956109 1.55621857
v 0.00621478 -0.19367417 1.55322730
v 0.00574742 -0.19171120 1.55584470
v 0.00864525 -0.18918726 1.55659154
v 0.00546699 -0.18853291 1.55640467
v 0.01060830 -0.18862639 1.55668504
v 0.01229093 -0.18806551 1.55677853
v 0.01593666 -0.18311111 1.55621857
v 0.01677795 -0.18002630 1.55472288
v 0.01060830 -0.18797194 1.55640556
v 0.00275609 -0.18881334 1.55593719
v 0.02238668 -0.17666105 1.55509686
v 0.02341496 -0.17591322 1.55462949
v 0.02238668 -0.17853064 1.55406852
v 0.01930186 -0.18105458 1.55649805
v 0.02033014 -0.17918499 1.55612418
v 0.02033014 -0.18058709 1.55546983
v 0.01060830 -0.18862639 1.55668504
v 0.00864525 -0.18918726 1.55659154
v 0.00845832 -0.18834595 1.55761987
v 0.01976928 -0.17750226 1.55360116
v 0.02023670 -0.17909151 1.55472288
v 0.02135841 -0.17796975 1.55406852
v 0.01780623 -0.17750226 1.55247945
v 0.01163657 -0.18535462 1.55369466
v 0.00546699 -0.18853291 1.55640467
v 0.00275609 -0.18881334 1.55593719
v 0.00266259 -0.18853291 1.55743289
v 0.00621478 -0.18984162 1.55593820
v 0.00574742 -0.19171120 1.55584470
v 0.01126266 -0.18956109 1.55621857
v 0.00546699 -0.18825247 1.55743289
v 0.01032787 -0.18759812 1.55808724
v 0.01163657 -0.18685029 1.55761987
v 0.01902143 -0.18236328 1.55565682
v 0.01705838 -0.18488722 1.55593719
v 0.01640402 -0.18357851 1.55677853
v 0.00471914 -0.18750464 1.56135899
v 0.00714961 -0.18694377 1.56145249
v 0.00247560 -0.18787855 1.56126550
v 0.00696262 -0.18778508 1.55322730
v 0.00967353 -0.18582201 1.56107862
v 0.02079755 -0.17544583 1.55145112
v 0.02229325 -0.17600670 1.55322730
v 0.02107798 -0.17974586 1.56042427
v 0.02248018 -0.17759584 1.56005029
v 0.01705838 -0.18105458 1.56070464
v 0.01191700 -0.18395234 1.54939457
v 0.02612586 -0.17404363 1.55761987
v 0.02706064 -0.17348276 1.55593820
v 0.01687145 -0.17759584 1.54808587
v 0.02771499 -0.17208057 1.55631117
v 0.00079303 -0.18843943 1.56051765
v 0.00079303 -0.18815899 1.56584596
v 0.00462565 -0.18750464 1.56603295
v 0.00228867 -0.18778508 1.56584596
v 0.00658870 -0.18694367 1.54864672
v 0.00948659 -0.18638288 1.56659381
v 0.01116922 -0.18526114 1.56668730
v 0.02369539 -0.17366972 1.54836635
v 0.02023670 -0.17516529 1.54724464
v 0.02332152 -0.17796975 1.56481774
v 0.01808666 -0.18273720 1.56659381
v 0.02154540 -0.18021326 1.56575258
v 0.00686913 -0.18703723 1.56631343
v 0.01612359 -0.17694149 1.54453374
v 0.01182357 -0.18236328 1.54509459
v 0.01163657 -0.17694149 1.53920543
v 0.02855634 -0.17058490 1.55724690
v 0.02649978 -0.17329580 1.56023728
v 0.00079303 -0.18853291 1.57033304
v 0.00462565 -0.18778508 1.57108088
v 0.00228867 -0.18815899 1.57051992
v 0.00593435 -0.18591540 1.54453374
v 0.00929960 -0.18675681 1.57145475
v 0.02341496 -0.17292189 1.54584244
v 0.01976928 -0.17460451 1.54406626
v 0.02425630 -0.17806323 1.56995906
v 0.01818014 -0.18311111 1.57173524
v 0.02219975 -0.18040022 1.57126776
v 0.00967353 -0.09982112 1.51742473
v 0.00789740 -0.08916450 1.53397051
v 0.00686913 -0.18750464 1.57108088
v 0.02547151 -0.17694149 1.57594172
v 0.01892800 -0.18301763 1.57855923
v 0.02304104 -0.18021326 1.57762440
v 0.00714961 -0.13506281 1.52948354
v 0.00705612 -0.18694377 1.57818526
v 0.01537575 -0.17413701 1.53939231
v 0.01546925 -0.16525659 1.53649453
v 0.01079529 -0.16796749 1.53537270
v 0.00079303 -0.15366507 1.52630528
v 0.00481264 -0.15244995 1.52957703
v 0.02986503 -0.16806097 1.55818073
v 0.02724763 -0.17226752 1.56322956
v 0.00079303 -0.18685029 1.57584833
v 0.00462565 -0.17086524 1.53163358
v 0.00415823 -0.18741116 1.57734392
v 0.00219517 -0.18741116 1.57650269
v 0.00406479 -0.18049361 1.53770974
v 0.01116922 -0.18591549 1.57164174
v 0.00976702 -0.18647636 1.57818526
v 0.02350845 -0.17030447 1.54275756
v 0.01939536 -0.17245439 1.53976629
v 0.00079303 -0.17787629 1.58528974
v 0.00406479 -0.17853064 1.58753317
v 0.00163435 -0.17853064 1.58631796
v 0.01144964 -0.18610245 1.57837225
v 0.00967353 -0.17731540 1.58865488
v 0.02004971 -0.16441518 1.53770974
v 0.02266711 -0.17264145 1.58510275
v 0.02621936 -0.17105230 1.58295271
v 0.01855407 -0.17385658 1.58687882
v 0.00668220 -0.17815671 1.58837451
v 0.01219749 -0.15207602 1.53294229
v 0.00079303 -0.18787846 1.54462712
v 0.03360421 -0.16254569 1.56079814
v 0.02911719 -0.17021099 1.56659481
v 0.01771273 -0.15142167 1.53705539
v 0.03575420 -0.15226298 1.56379041
v 0.03192159 -0.16506963 1.57070791
v 0.00079303 -0.16310657 1.59473103
v 0.00443871 -0.16320004 1.59800290
v 0.00154087 -0.16338700 1.59632022
v 0.01126266 -0.17666105 1.58828101
v 0.01032787 -0.16254569 1.59921811
v 0.02210625 -0.15076732 1.54098149
v 0.02491065 -0.16376083 1.54200971
v 0.02790198 -0.15946088 1.59108541
v 0.01976928 -0.16058263 1.59510501
v 0.02313453 -0.16011513 1.59342233
v 0.00733655 -0.16301309 1.59912462
v 0.02135841 -0.13412802 1.53565319
v 0.01481489 -0.13478237 1.53210095
v 0.02734113 -0.10365378 1.53294229
v 0.03893252 -0.13459532 1.56706128
v 0.03538034 -0.15431952 1.57650358
v 0.00079303 -0.14235419 1.59949848
v 0.00556043 -0.14113895 1.60333121
v 0.00172781 -0.14151288 1.60127466
v 0.01201050 -0.16217178 1.59893763
v 0.01341270 -0.14085852 1.60492028
v 0.02575194 -0.13356704 1.54163585
v 0.02743457 -0.15086079 1.54425325
v 0.02780848 -0.13973677 1.59837677
v 0.03182809 -0.13917589 1.59501152
v 0.02444323 -0.13992363 1.60071380
v 0.00939310 -0.14085852 1.60454642
v 0.00079303 -0.12048004 1.59688108
v 0.00602785 -0.11870392 1.59977897
v 0.00238216 -0.11973220 1.59847026
v 0.01958234 -0.09916676 1.52845532
v 0.01696489 -0.14039112 1.60370508
v 0.01341270 -0.11823650 1.60071380
v 0.03238894 -0.11300169 1.54892721
v 0.03042589 -0.11047772 1.54088800
v 0.02780848 -0.11730172 1.59463765
v 0.03201508 -0.11664738 1.59117890
v 0.02406931 -0.11767565 1.59688108
v 0.00958003 -0.11833000 1.60062031
v 0.01902143 -0.08916450 1.54051413
v 0.03996079 -0.11421690 1.57827875
v 0.03846510 -0.11300169 1.56836998
v 0.02453673 -0.09767112 1.58547762
v 0.02902375 -0.09673629 1.58323408
v 0.02070406 -0.09823198 1.58697320
v 0.00836482 -0.09935375 1.58959061
v 0.01107572 -0.09954069 1.58930934
v 0.02350845 -0.08888407 1.54687066
v 0.03650205 -0.09430587 1.57482090
v 0.03509985 -0.09140799 1.56911872
v 0.00079303 -0.10141024 1.58753317
v 0.00490608 -0.09963418 1.58912235
v 0.00256910 -0.10028853 1.58828190
v 0.01668445 -0.11814306 1.59921811
v 0.01724536 -0.08645360 1.55939683
v 0.02444323 -0.08953842 1.55612418
v 0.00986052 -0.08692096 1.55724690
v 0.01313227 -0.08860358 1.53630754
v 0.00565392 -0.08636010 1.55612507
v 0.01911493 -0.08701446 1.57238959
v 0.01631053 -0.08710795 1.57538086
v 0.01331920 -0.08701446 1.57612971
v 0.01434748 -0.08598619 1.55771426
v 0.02593893 -0.08579924 1.57023954
v 0.02416280 -0.08598619 1.56640693
v 0.00079303 -0.08916450 1.57332531
v 0.00256910 -0.08907101 1.57379178
v 0.00425172 -0.08738838 1.57584833
v 0.00649526 -0.08710795 1.57612971
v 0.01397355 -0.09944719 1.58837451
v 0.00883224 -0.08738838 1.57435264
v 0.01743230 -0.08720144 1.57304394
v 0.01911493 -0.08617317 1.56136000
v 0.01911493 -0.08701446 1.57238959
v 0.01743230 -0.08720144 1.57304394
v 0.02014320 -0.17993272 1.69344506
v 0.02014320 -0.18283068 1.68652768
v 0.01163657 -0.18582201 1.53836409
v 0.02995853 -0.17871760 1.55313380
v 0.02771499 -0.17993272 1.55332068
v 0.02752806 -0.17946543 1.55088937
v 0.02229325 -0.18105458 1.54313154
v 0.02593893 -0.17881098 1.54565545
v 0.00556043 -0.16179776 1.50798332
v 0.01191700 -0.15964784 1.50882466
v 0.01201050 -0.16619138 1.51022686
v 0.04837392 -0.12057349 1.53228794
v 0.05258046 -0.11421690 1.53845758
v 0.05426309 -0.12188218 1.54172934
v 0.05519793 -0.08009701 1.53714888
v 0.05697398 -0.08542533 1.54855334
v 0.05360873 -0.09365153 1.54275667
v 0.05426309 -0.07560999 1.52434222
v 0.05230003 -0.08860364 1.53228794
v 0.05510443 -0.07187082 1.51200204
v 0.05136525 -0.08383619 1.51985425
v 0.05762834 -0.06813165 1.50087895
v 0.05248702 -0.08009701 1.50751596
v 0.06061973 -0.07149690 1.48620262
v 0.06314364 -0.06327076 1.49162353
v 0.06846046 -0.06649604 1.47827374
v 0.07134855 -0.05796608 1.48293933
v 0.04958913 -0.09524065 1.52723911
v 0.05061741 -0.09972762 1.53621404
v 0.04725215 -0.10505592 1.53069875
v 0.04930870 -0.09028626 1.51602164
v 0.04528910 -0.10066246 1.52256515
v 0.05061741 -0.08664053 1.50377584
v 0.04566302 -0.09580151 1.51237679
v 0.05379573 -0.08290136 1.49209190
v 0.04753258 -0.09215583 1.50022460
v 0.05594571 -0.08439705 1.47797654
v 0.05846968 -0.07841439 1.48180915
v 0.06258278 -0.07916218 1.46844075
v 0.06623520 -0.07349048 1.47359142
v 0.05650662 -0.10954295 1.54761850
v 0.05828269 -0.11702129 1.55088937
v 0.01201050 -0.15235637 1.50788983
v 0.00574742 -0.15497379 1.50686161
v 0.00593435 -0.14562586 1.50592677
v 0.01219749 -0.14310202 1.50676811
v 0.00593435 -0.14562586 1.50592677
v 0.00556043 -0.13319313 1.50386933
v 0.01191700 -0.13188442 1.50415071
v 0.00621478 -0.12590185 1.49527016
v 0.00658870 -0.12487357 1.48218302
v 0.01247791 -0.12272352 1.48302347
v 0.02603237 -0.11216035 1.47405043
v 0.02434973 -0.11589953 1.48657660
v 0.01827364 -0.11879742 1.48470704
v 0.02117148 -0.11141256 1.45984157
v 0.01948885 -0.11543217 1.47255474
v 0.01294528 -0.11767565 1.47105904
v 0.00677569 -0.11945177 1.47003082
v 0.00724305 -0.11384298 1.45703718
v 0.01416054 -0.11300169 1.45834588
v 0.00808439 -0.10888860 1.44460350
v 0.01612359 -0.10879510 1.44581870
v 0.02967810 -0.11178649 1.48882014
v 0.02780848 -0.11487126 1.50143981
v 0.02322802 -0.11917135 1.49863541
v 0.02808891 -0.10860817 1.46161675
v 0.02444323 -0.10786032 1.44768826
v 0.05164568 -0.09084712 1.47386344
v 0.05865662 -0.08533183 1.46432765
v 0.05043047 -0.08860358 1.48816579
v 0.04669130 -0.09477324 1.48470704
v 0.04360648 -0.09785806 1.49695273
v 0.04351298 -0.12767795 1.52733350
v 0.04958913 -0.12870622 1.53509233
v 0.05332830 -0.15703042 1.68503199
v 0.05940446 -0.15170202 1.67119711
v 0.05585227 -0.07635785 1.49611150
v 0.05445007 -0.06476645 1.52864131
v 0.07221112 -0.04887496 1.48685608
v 0.06379798 -0.05392285 1.49620500
v 0.05790876 -0.05794244 1.50620726
v 0.05454357 -0.06149463 1.51667599
v 0.05603921 -0.06859906 1.54163585
v 0.05136525 -0.05317500 1.53256831
v 0.06987414 -0.04036835 1.48853876
v 0.06192842 -0.04494880 1.49854103
v 0.05276745 -0.05065108 1.52088348
v 0.05603921 -0.04803362 1.50975850
v 0.05201960 -0.05588590 1.54593582
v 0.04500868 -0.04233140 1.53555969
v 0.06613496 -0.03186178 1.48966048
v 0.04781307 -0.04055533 1.52406085
v 0.05145875 -0.03859222 1.51256289
v 0.05753489 -0.03560089 1.50031798
v 0.04426082 -0.04392058 1.54845985
v 0.03753032 -0.03363788 1.53798922
v 0.05921753 -0.02382258 1.48947349
v 0.04052164 -0.03223570 1.52639877
v 0.04407389 -0.03027265 1.51461944
v 0.05080439 -0.02728132 1.50134631
v 0.03734339 -0.03513353 1.55070327
v 0.03061288 -0.02765524 1.54004577
v 0.05005655 -0.01681164 1.48788441
v 0.03285636 -0.02625304 1.52789346
v 0.03528684 -0.02503783 1.51574205
v 0.04201734 -0.02129866 1.50087895
v 0.03005197 -0.02802916 1.55294592
v 0.02313453 -0.02307478 1.54210232
v 0.03809123 -0.01185726 1.48620173
v 0.02444323 -0.02223344 1.52967053
v 0.02631285 -0.02120517 1.51583465
v 0.03117374 -0.01709207 1.50050408
v 0.00789740 -0.01812034 1.55892858
v 0.00780397 -0.01868126 1.54537407
v 0.00060608 -0.01924211 1.54565545
v 0.00911267 -0.01503552 1.49910188
v 0.01163657 -0.00830501 1.48218213
v 0.00069955 -0.00755722 1.48134079
v 0.00771047 -0.01905518 1.53228794
v 0.00060608 -0.01914862 1.53303578
v 0.00836482 -0.01802690 1.51611603
v 0.00060608 -0.01849427 1.51667599
v 0.00060608 -0.01512901 1.49882240
v 0.04173691 -0.01279204 1.69896036
v 0.03154766 -0.00886592 1.70372781
v 0.03285636 -0.02989872 1.72204976
v 0.01818014 -0.00793115 1.70653220
v 0.02004971 -0.02961829 1.72438668
v 0.06099359 -0.02915093 1.68316243
v 0.05108482 -0.01877470 1.69166900
v 0.05585227 -0.03793787 1.70868225
v 0.07473503 -0.05205323 1.66343828
v 0.07557637 -0.06364468 1.67222533
v 0.07744593 -0.07177738 1.65773610
v 0.04622388 -0.03335744 1.71662796
v 0.06837844 -0.04018141 1.67400140
v 0.07230461 -0.05448370 1.68362979
v 0.07024807 -0.12132133 1.60202251
v 0.07146327 -0.11131906 1.60267686
v 0.07267853 -0.11281470 1.61417470
v 0.07146327 -0.12216267 1.61389433
v 0.07295896 -0.11505824 1.62670099
v 0.07034155 -0.09187540 1.69232335
v 0.07398724 -0.09234276 1.67783412
v 0.07520244 -0.07888181 1.67792762
v 0.06912630 -0.11001036 1.59080492
v 0.05989550 -0.03576036 1.59934994
v 0.05884360 -0.03055307 1.60893989
v 0.06805083 -0.04449943 1.60636461
v 0.07127633 -0.12421922 1.62548578
v 0.05370223 -0.06616859 1.72064757
v 0.06118059 -0.09281018 1.71148664
v 0.06520018 -0.06934691 1.70550387
v 0.04949569 -0.02073781 1.60136815
v 0.05491744 -0.13169755 1.54817847
v 0.05949796 -0.07355344 1.55341328
v 0.05854039 -0.06025725 1.56026347
v 0.04743914 -0.04364010 1.56033078
v 0.03986730 -0.03326396 1.56136000
v 0.03126723 -0.02513133 1.56388291
v 0.02257368 -0.02307478 1.55556333
v 0.02304104 -0.02092474 1.56565908
v 0.05108482 -0.17021099 1.60781817
v 0.05557179 -0.16591094 1.61099644
v 0.05192611 -0.16750000 1.61482916
v 0.05127176 -0.16806097 1.62099870
v 0.05052391 -0.16880880 1.62258789
v 0.04369997 -0.17208057 1.61539002
v 0.04809350 -0.16946315 1.61725958
v 0.04949569 -0.16852836 1.61931613
v 0.05127176 -0.16787401 1.61931613
v 0.05463701 -0.16553703 1.62025085
v 0.05379573 -0.16665877 1.62221402
v 0.04510216 -0.17189361 1.61389433
v 0.05005655 -0.16843488 1.61641824
v 0.04743914 -0.17151961 1.61165079
v 0.01481489 -0.18236328 1.62969226
v 0.06155450 -0.10215809 1.56547298
v 0.06202187 -0.11440389 1.56238822
v 0.05893705 -0.12608878 1.55705991
v 0.01238443 -0.17067838 1.51125508
v 0.00602785 -0.17301537 1.51050723
v 0.00584086 -0.16824792 1.50957251
v 0.01836709 -0.16189134 1.51265728
v 0.02491065 -0.15618911 1.51611603
v 0.02434973 -0.16170429 1.51761172
v 0.01855407 -0.15488040 1.51153556
v 0.03089331 -0.15590866 1.52191169
v 0.03164116 -0.14983252 1.52013563
v 0.02528457 -0.14899111 1.51490082
v 0.03033245 -0.12777143 1.51546167
v 0.02444323 -0.13300626 1.51228341
v 0.02341496 -0.12515400 1.50760946
v 0.01799316 -0.12244310 1.49667236
v 0.01210400 -0.12403223 1.49573663
v 0.03453900 -0.10533641 1.46395467
v 0.03276287 -0.10496249 1.45011879
v 0.03154766 -0.10870167 1.47601348
v 0.01818014 -0.13833458 1.50901154
v 0.01780623 -0.12898666 1.50545941
v 0.01855407 -0.14684119 1.51041374
v 0.02444323 -0.13300626 1.51228341
v 0.03033245 -0.12777143 1.51546167
v 0.03136073 -0.13487575 1.51770521
v 0.04416733 -0.13571716 1.52939005
v 0.04986955 -0.13926928 1.54051413
v 0.04117600 -0.10580378 1.51901392
v 0.04351298 -0.11029079 1.52583780
v 0.04024122 -0.11552560 1.52284653
v 0.03865209 -0.10327986 1.49405495
v 0.04201734 -0.10084938 1.48096692
v 0.04650430 -0.09654935 1.47012421
v 0.05295439 -0.09140799 1.45993406
v 0.04650430 -0.11440389 1.53023139
v 0.04351298 -0.11029079 1.52583780
v 0.04725215 -0.10505592 1.53069875
v 0.05660007 -0.09897983 1.55135762
v 0.05360873 -0.09365153 1.54275667
v 0.05697398 -0.08542533 1.54855334
v 0.04024122 -0.11552560 1.52284653
v 0.05024348 -0.10926252 1.53555969
v 0.05061741 -0.09972762 1.53621404
v 0.06136751 -0.08093830 1.56276119
v 0.05865662 -0.09075363 1.55780776
v 0.07688507 -0.06270990 1.65156645
v 0.07950248 -0.07523608 1.64838819
v 0.07810028 -0.06785122 1.64362074
v 0.07866119 -0.07813396 1.63810545
v 0.07239805 -0.10608426 1.60164853
v 0.00079303 -0.00615503 1.70802790
v 0.00079303 -0.02905744 1.72700409
v 0.06641539 -0.04635100 1.69774515
v 0.06791109 -0.10066246 1.57949396
v 0.06650889 -0.10954295 1.57996132
v 0.05454357 -0.01260510 1.65595993
v 0.04594345 -0.00391154 1.65923168
v 0.04771957 -0.00923985 1.67615144
v 0.06342407 -0.07074910 1.56827649
v 0.05949796 -0.07355344 1.55341328
v 0.00836482 -0.00867894 1.57855923
v 0.00771047 -0.01410074 1.56986657
v 0.00069955 -0.01316596 1.57014605
v 0.00920611 -0.00054629 1.59510501
v 0.00986052 0.00281896 1.60473341
v 0.02014320 0.00048199 1.60454642
v 0.01864751 -0.00447240 1.59454416
v 0.02967810 -0.00456590 1.60407906
v 0.03294986 -0.02316822 1.57285695
v 0.03126723 -0.02513133 1.56388291
v 0.02304104 -0.02092474 1.56565908
v 0.04211084 -0.03120743 1.57080040
v 0.03986730 -0.03326396 1.56136000
v 0.04743914 -0.04364010 1.56033078
v 0.05809575 -0.05457719 1.57154825
v 0.05854039 -0.06025725 1.56026347
v 0.01546925 -0.01970953 1.55771426
v 0.01574968 -0.01671820 1.56827649
v 0.05117832 -0.01653121 1.61258562
v 0.05164568 -0.01344638 1.62595314
v 0.06005882 -0.02709438 1.62230740
v 0.01126266 0.00824076 1.61632474
v 0.00079303 0.01057774 1.61613787
v 0.00079303 0.01338214 1.63109446
v 0.06697630 -0.03990098 1.61884877
v 0.03136073 -0.00045280 1.61585738
v 0.03313679 0.00300596 1.62969226
v 0.04248471 -0.00381805 1.62838356
v 0.07118284 -0.04999673 1.61548352
v 0.04108256 -0.00718330 1.61482916
v 0.06809802 -0.03812486 1.63230967
v 0.06912630 -0.04036835 1.64371424
v 0.07454809 -0.05195979 1.63670325
v 0.04407389 -0.00204193 1.64343375
v 0.05304788 -0.01120290 1.64081635
v 0.06276971 -0.02513133 1.65091210
v 0.01331920 0.01179301 1.64801421
v 0.00079303 0.01384950 1.64838819
v 0.00079303 0.01375606 1.66586880
v 0.06118059 -0.02400956 1.63726410
v 0.03481942 0.00450158 1.64539681
v 0.03706296 0.00216461 1.66231656
v 0.03893252 -0.00138758 1.67923632
v 0.07118284 -0.04532272 1.65362300
v 0.05753489 -0.01868126 1.67026228
v 0.06491975 -0.03158135 1.66250355
v 0.01621709 0.00534293 1.68587333
v 0.00079303 0.00665163 1.68764939
v 0.01388011 -0.09617544 1.73887602
v 0.00079303 -0.09542758 1.73981075
v 0.00079303 -0.12057349 1.73700646
v 0.04743914 -0.11711480 1.72233014
v 0.05501093 -0.15058036 1.69166900
v 0.04463475 -0.15908687 1.70129739
v 0.06211536 -0.13898894 1.67998405
v 0.03079982 -0.06196205 1.73364121
v 0.03968036 -0.01073549 1.60305072
v 0.00967353 -0.18049369 1.69512774
v 0.03266943 -0.16291961 1.70812139
v 0.03229550 -0.17170665 1.69858649
v 0.00976702 -0.18357851 1.68792988
v 0.05575878 -0.14198017 1.69830601
v 0.06342407 -0.13057572 1.68447113
v 0.06669582 -0.12926710 1.66736439
v 0.02182582 0.00412767 1.61613787
v 0.07202418 -0.10356029 1.67652542
v 0.06763066 -0.10729946 1.69138863
v 0.04500868 -0.15095427 1.71036482
v 0.02519108 -0.14085852 1.51377899
v 0.01818014 -0.13833458 1.50901154
v 0.03182809 -0.14254114 1.51882693
v 0.04201734 -0.12085392 1.52546394
v 0.05370223 -0.10430813 1.54285016
v 0.06202187 -0.09290367 1.56939820
v 0.06314364 -0.08374270 1.57276345
v 0.06561339 -0.06516271 1.57514529
v 0.06903280 -0.05195979 1.60510727
v 0.07277198 -0.05784896 1.61323998
v 0.07295896 -0.04962281 1.62716835
v 0.07651115 -0.05953158 1.63156193
v 0.07604378 -0.05644676 1.64464896
v 0.05828269 -0.11421690 1.71083229
v 0.05697398 -0.13104320 1.70484952
v 0.06529368 -0.12029306 1.68839724
v 0.07024807 -0.11337561 1.67418838
v 0.00079303 0.00581029 1.60454642
v 0.04547609 -0.13665195 1.71728231
v 0.00873875 -0.15450648 1.72438668
v 0.01565618 -0.02008345 1.53125871
v 0.01687145 -0.01886819 1.51602164
v 0.01948885 -0.06177512 1.73644550
v 0.00079303 -0.06214899 1.73822167
v 0.06958123 -0.05746851 1.59646330
v 0.06912630 -0.06093378 1.59818978
v 0.06725673 -0.06355118 1.59192675
v 0.02266711 -0.11954521 1.73429556
v 0.02051713 -0.14179331 1.72803242
v 0.03341723 -0.13852154 1.72429330
v 0.00911267 -0.16535007 1.71531926
v 0.01247791 0.01141908 1.63100096
v 0.02360195 0.00758641 1.63053360
v 0.03538034 -0.11776915 1.72943462
v 0.01537575 -0.02027038 1.54425236
v 0.01032787 -0.12122783 1.73607163
v 0.02033014 -0.01522251 1.49994412
v 0.02472366 -0.00923985 1.48405269
v 0.01416054 0.00964296 1.66633617
v 0.02631285 0.00637120 1.66455999
v 0.00060608 -0.01821384 1.55902207
v 0.00069955 -0.01316596 1.57014605
v 0.00771047 -0.01410074 1.56986657
v 0.02593893 -0.09561458 1.73625862
v 0.03276287 -0.15235646 1.71681495
v 0.01247791 -0.18815899 1.54537497
v 0.01621709 -0.18413939 1.53985978
v 0.00518650 -0.18713071 1.53761624
v 0.01827364 -0.16675216 1.51396598
v 0.01219749 -0.14310202 1.50676811
v 0.00079303 -0.14599978 1.50592677
v 0.01322577 -0.18208284 1.61819442
v 0.01210400 -0.18441983 1.61660523
v 0.01462791 -0.18236328 1.61445518
v 0.03014546 -0.16095654 1.52443572
v 0.02388238 -0.16591094 1.51957477
v 0.01827364 -0.17039795 1.51555517
v 0.01266485 -0.17441755 1.51265728
v 0.00630827 -0.17675453 1.51144207
v 0.01799316 -0.18656984 1.59052455
v 0.04098907 -0.10122331 1.50919764
v 0.03781075 -0.11066472 1.51695737
v 0.03678248 -0.10617769 1.50714109
v 0.07501552 -0.06439253 1.61352035
v 0.07249155 -0.06504687 1.60576163
v 0.07473503 -0.05822288 1.62557927
v 0.07781985 -0.06654251 1.62642050
v 0.00948659 -0.17460451 1.70475614
v 0.02014320 -0.17404363 1.70260610
v 0.01995627 -0.16469572 1.71270185
v 0.00920611 -0.14198017 1.72980849
v 0.02836934 0.00244504 1.68269495
v 0.02481716 0.00898861 1.64698599
v 0.01995627 -0.15394561 1.72148891
v 0.03556727 -0.18040022 1.62950538
v 0.03173459 -0.18077413 1.62950538
v 0.03182809 -0.17983926 1.62931839
v 0.04510216 -0.17376320 1.62614013
v 0.04547609 -0.17254787 1.62539228
v 0.04603695 -0.17357624 1.62529879
v 0.04444782 -0.17460451 1.62670099
v 0.04538259 -0.17460451 1.62595314
v 0.04248471 -0.17694149 1.62791709
v 0.04482168 -0.17581964 1.62660749
v 0.03930644 -0.17918489 1.62885103
v 0.04267169 -0.17806323 1.62782370
v 0.01920843 -0.17703497 1.62342923
v 0.02061062 -0.17853064 1.62539228
v 0.01995627 -0.17750236 1.62464444
v 0.02182582 -0.17768932 1.62483143
v 0.01911493 -0.17740888 1.62399008
v 0.02191932 -0.17712845 1.62230841
v 0.02135841 -0.17778280 1.62202703
v 0.02248018 -0.17815671 1.62165405
v 0.02808891 -0.17974586 1.62127918
v 0.02472366 -0.17862412 1.62174755
v 0.02434973 -0.17937195 1.62118658
v 0.02154540 -0.17890446 1.62604663
v 0.03192159 -0.18021326 1.62099970
v 0.02808891 -0.18040022 1.62081271
v 0.02406931 -0.17955881 1.62735534
v 0.02771499 -0.18049361 1.62857144
v 0.04024122 -0.17731540 1.62137268
v 0.04042821 -0.17787629 1.62090621
v 0.04304562 -0.17535235 1.62174755
v 0.04435432 -0.17301537 1.62305625
v 0.04463475 -0.17320223 1.62277488
v 0.04500868 -0.17273493 1.62314975
v 0.04519561 -0.17180013 1.62399008
v 0.04547609 -0.17208057 1.62371060
v 0.04584996 -0.17208057 1.62427046
v 0.03939993 -0.18021317 1.62885103
v 0.04566302 -0.17180013 1.62501830
v 0.04547609 -0.17161317 1.62464444
v 0.04603695 -0.17254787 1.62483143
v 0.03182809 -0.17712845 1.62127918
v 0.02836934 -0.17684801 1.62146617
v 0.02846284 -0.17890446 1.62146617
v 0.03977386 -0.17385658 1.62184004
v 0.03977386 -0.17638061 1.62146617
v 0.04192384 -0.17432407 1.62221491
v 0.04519561 -0.16955664 1.62585964
v 0.04519561 -0.16918261 1.62539228
v 0.04547609 -0.17105230 1.62501830
v 0.03584769 -0.17684801 1.62922490
v 0.03958687 -0.17525887 1.62866404
v 0.03921295 -0.17778280 1.62894542
v 0.02406931 -0.17675453 1.62754233
v 0.02434973 -0.17881098 1.62726273
v 0.02257368 -0.17853054 1.62604663
v 0.02444323 -0.17535235 1.62230740
v 0.02500415 -0.17787629 1.62184093
v 0.04519561 -0.16880880 1.62492481
v 0.04538259 -0.17095882 1.62464444
v 0.04211084 -0.17301537 1.62819668
v 0.04201734 -0.17516529 1.62791709
v 0.02191932 -0.17572625 1.62520529
v 0.02229325 -0.17572625 1.62585964
v 0.02238668 -0.17591322 1.62670099
v 0.02219975 -0.17815663 1.62539228
v 0.02350845 -0.17469798 1.62258789
v 0.02285411 -0.17469798 1.62268138
v 0.02257368 -0.17675453 1.62249528
v 0.04528910 -0.16871532 1.62445745
v 0.04491518 -0.17105230 1.62389748
v 0.04379346 -0.17123926 1.62726184
v 0.04398039 -0.17301537 1.62716835
v 0.02126497 -0.17740888 1.62417707
v 0.04444782 -0.16965012 1.62333573
v 0.04388691 -0.17236100 1.62333573
v 0.04463475 -0.17161317 1.62371060
v 0.04472825 -0.17021099 1.62670099
v 0.04491518 -0.17198709 1.62623362
v 0.02145191 -0.17544583 1.62445745
v 0.02126497 -0.17712845 1.62352272
v 0.03201508 -0.17768932 1.62913140
v 0.02780848 -0.17955881 1.62857144
v 0.04519561 -0.17142621 1.62548578
v 0.03556727 -0.17899803 1.62941189
v 0.02135841 -0.17544583 1.62399008
v 0.02201276 -0.17684801 1.62305625
v 0.02752806 -0.17750236 1.62847705
v 0.02294759 -0.17768932 1.63100096
v 0.02678021 -0.17862412 1.63277714
v 0.02752806 -0.17750236 1.62847705
v 0.03079982 -0.17731540 1.61548352
v 0.02640629 -0.17684801 1.61613787
v 0.02836934 -0.17684801 1.62146617
v 0.04351298 -0.17208057 1.61894215
v 0.04080207 -0.17385658 1.61707259
v 0.03977386 -0.17385658 1.62184004
v 0.04687823 -0.16983698 1.62604663
v 0.04519561 -0.16918261 1.62539228
v 0.04519561 -0.16955664 1.62585964
v 0.03968036 -0.17619366 1.63296413
v 0.03958687 -0.17525887 1.62866404
v 0.03584769 -0.17684801 1.62922490
v 0.02042363 -0.17628714 1.62894441
v 0.02406931 -0.17675453 1.62754233
v 0.02332152 -0.17591322 1.61744657
v 0.02444323 -0.17535235 1.62230740
v 0.04706522 -0.16974358 1.62464444
v 0.04519561 -0.16880880 1.62492481
v 0.04229777 -0.17423049 1.63165531
v 0.04211084 -0.17301537 1.62819668
v 0.02191932 -0.17572625 1.62520529
v 0.01827364 -0.17413711 1.62567266
v 0.01892800 -0.17516538 1.62707485
v 0.02238668 -0.17591322 1.62670099
v 0.02163889 -0.17516538 1.61838129
v 0.02014320 -0.17451103 1.61950312
v 0.02285411 -0.17469798 1.62268138
v 0.04687823 -0.16890228 1.62342923
v 0.04528910 -0.16871532 1.62445745
v 0.04435432 -0.17254787 1.63015973
v 0.04379346 -0.17123926 1.62726184
v 0.02145191 -0.17544583 1.62445745
v 0.04631737 -0.16946315 1.62230740
v 0.04556953 -0.17030447 1.62090521
v 0.04444782 -0.16965012 1.62333573
v 0.04566302 -0.17114578 1.62866404
v 0.04472825 -0.17021099 1.62670099
v 0.01799316 -0.17348276 1.62427046
v 0.02135841 -0.17544583 1.62399008
v 0.03154766 -0.17871760 1.63389885
v 0.03201508 -0.17768932 1.62913140
v 0.04650430 -0.17030447 1.62726184
v 0.03584769 -0.17778280 1.63389885
v 0.01874100 -0.17385658 1.62137268
v 0.01808666 -0.17338928 1.62296175
v 0.01659102 -0.17123926 1.62455094
v 0.02593893 -0.17525887 1.63679674
v 0.03108024 -0.17516538 1.63782496
v 0.04734565 -0.16815435 1.62847705
v 0.01743230 -0.17067838 1.62053134
v 0.01668445 -0.17086524 1.62277488
v 0.02154540 -0.17441755 1.63417934
v 0.03061288 -0.17245448 1.61193127
v 0.02565850 -0.17217406 1.61314648
v 0.04145643 -0.17058490 1.61473567
v 0.04790650 -0.16768705 1.62660749
v 0.03575420 -0.17441755 1.63773147
v 0.03977386 -0.17301537 1.63614239
v 0.02248018 -0.17161317 1.61464217
v 0.04809350 -0.16740661 1.62483143
v 0.04267169 -0.17142621 1.63445971
v 0.01668445 -0.17161317 1.62642050
v 0.01724536 -0.17226752 1.62875753
v 0.01883450 -0.17329580 1.63137494
v 0.02051713 -0.17123926 1.61604437
v 0.01883450 -0.17086524 1.61791393
v 0.04781307 -0.16731312 1.62314874
v 0.04482168 -0.17011751 1.63240316
v 0.04650430 -0.16815435 1.61978349
v 0.04641087 -0.16899575 1.63044011
v 0.03968036 -0.16974358 1.63847931
v 0.01789972 -0.16983698 1.63324450
v 0.02089105 -0.17058490 1.63632927
v 0.02537801 -0.16778053 1.61183778
v 0.02201276 -0.16759357 1.61352035
v 0.04809350 -0.16497615 1.62726184
v 0.04818693 -0.16460224 1.62511180
v 0.04267169 -0.16843488 1.63623589
v 0.01565618 -0.16843488 1.62726184
v 0.01640402 -0.16908923 1.63006624
v 0.01836709 -0.16740661 1.61697910
v 0.04790650 -0.16441528 1.62314874
v 0.04482168 -0.16731312 1.63408584
v 0.04659780 -0.16460224 1.61931613
v 0.04734565 -0.16759357 1.62165305
v 0.04659780 -0.16637834 1.63202929
v 0.01565618 -0.16796749 1.62492481
v 0.03051939 -0.17114578 1.64016199
v 0.04753258 -0.16553703 1.62969226
v 0.01584317 -0.16759357 1.62268138
v 0.02547151 -0.17114578 1.63922716
v 0.04164341 -0.16628486 1.61361384
v 0.04463475 -0.16918261 1.61735307
v 0.03023896 -0.16787401 1.64119021
v 0.03500641 -0.16750000 1.64100334
v 0.01556274 -0.16535007 1.62277488
v 0.01668445 -0.16750000 1.62006398
v 0.02089105 -0.16750000 1.63735760
v 0.02528457 -0.16778053 1.64006850
v 0.02519108 -0.16441528 1.61146391
v 0.03042589 -0.16759357 1.61043558
v 0.04117600 -0.16291961 1.61361384
v 0.04472825 -0.16535007 1.61660523
v 0.04781307 -0.16273265 1.62782270
v 0.03911945 -0.16684564 1.63950764
v 0.03547377 -0.17067838 1.64006850
v 0.01780623 -0.16693922 1.63427283
v 0.02201276 -0.16450876 1.61314648
v 0.04781307 -0.16245212 1.62548578
v 0.04220428 -0.16591094 1.63726410
v 0.01546925 -0.16600442 1.62782270
v 0.01612359 -0.16637834 1.63090758
v 0.01827364 -0.16478920 1.61679222
v 0.02004971 -0.16759357 1.61492255
v 0.04753258 -0.16207830 1.62333573
v 0.04444782 -0.16488267 1.63530105
v 0.01528225 -0.16563050 1.62539228
v 0.04613044 -0.16207830 1.61940962
v 0.04743914 -0.16441528 1.62146617
v 0.04613044 -0.16404135 1.63287063
v 0.04725215 -0.16329352 1.63044011
v 0.04556953 -0.16226526 1.63333800
v 0.04678479 -0.16161089 1.63081408
v 0.04734565 -0.16105002 1.62819668
v 0.04753258 -0.16076950 1.62576615
v 0.04715872 -0.16030219 1.62361611
v 0.01659102 -0.16310657 1.62025085
v 0.01556274 -0.16348038 1.62314874
v 0.04659780 -0.16011513 1.62165305
v 0.04566302 -0.16011513 1.61950312
v 0.04435432 -0.16245212 1.61651173
v 0.04388691 -0.16020871 1.61679222
v 0.04098907 -0.16039567 1.61398782
v 0.03033245 -0.16404135 1.61015510
v 0.03014546 -0.16123699 1.61052908
v 0.02519108 -0.16189134 1.61174428
v 0.03865209 -0.16450876 1.64006850
v 0.02201276 -0.16226526 1.61333347
v 0.02107798 -0.16497615 1.63791846
v 0.01528225 -0.16376092 1.62576615
v 0.01546925 -0.16404135 1.62847705
v 0.01836709 -0.16273265 1.61697910
v 0.02004971 -0.16460224 1.61473567
v 0.01621709 -0.16441528 1.63165531
v 0.01808666 -0.16469572 1.63483369
v 0.02519108 -0.16516301 1.64053586
v 0.03005197 -0.16516301 1.64147070
v 0.03463248 -0.16488267 1.64137720
v 0.04183035 -0.16385441 1.63782496
v 0.04407389 -0.16291961 1.63576841
v 0.04108256 -0.16179776 1.63810545
v 0.04351298 -0.16123699 1.63604890
v 0.01565618 -0.16217178 1.62894441
v 0.01668445 -0.16235873 1.63212279
v 0.02014320 -0.16245212 1.61492255
v 0.02210625 -0.16020871 1.61389433
v 0.02995853 -0.15890001 1.61127692
v 0.02519108 -0.15955436 1.61239864
v 0.02135841 -0.16273265 1.63801195
v 0.04678479 -0.15908687 1.62623362
v 0.03425857 -0.16263917 1.64128371
v 0.03809123 -0.16235873 1.64006850
v 0.01855407 -0.16263917 1.63520756
v 0.04659780 -0.15871305 1.62389659
v 0.04519561 -0.16058263 1.63371186
v 0.02528457 -0.16282613 1.64044237
v 0.02986503 -0.16273265 1.64128371
v 0.01565618 -0.16170438 1.62361611
v 0.04332605 -0.15815218 1.61744657
v 0.04042821 -0.15805869 1.61464217
v 0.04622388 -0.16002175 1.63118795
v 0.01659102 -0.16123699 1.62062483
v 0.01546925 -0.16207830 1.62623362
v 0.04669130 -0.15955436 1.62866404
v 0.04510216 -0.15824564 1.62015747
v 0.04566302 -0.15684346 1.62455094
v 0.04519561 -0.15665650 1.62277488
v 0.04267169 -0.15908687 1.63614239
v 0.04444782 -0.15880653 1.63399235
v 0.02182582 -0.16030219 1.63782496
v 0.01705838 -0.15908687 1.62118569
v 0.01612359 -0.15964784 1.62408358
v 0.04257820 -0.15600215 1.61828780
v 0.03968036 -0.15581518 1.61567039
v 0.04538259 -0.15824564 1.63165531
v 0.02967810 -0.16030219 1.64090984
v 0.03379114 -0.16030219 1.64081635
v 0.01593666 -0.15992827 1.62660749
v 0.02519108 -0.15712390 1.61352035
v 0.02238668 -0.15777815 1.61482916
v 0.04594345 -0.15759129 1.62922490
v 0.01631053 -0.16002175 1.62941189
v 0.01733880 -0.16020871 1.63240316
v 0.04426082 -0.15628259 1.62090521
v 0.04603695 -0.15721738 1.62679448
v 0.03743682 -0.16002175 1.63988151
v 0.04042821 -0.15964784 1.63801195
v 0.01911493 -0.16030219 1.63520756
v 0.02061062 -0.15824564 1.61613787
v 0.02977154 -0.15628259 1.61267912
v 0.02547151 -0.16039567 1.63997501
v 0.01733880 -0.15684346 1.62492481
v 0.04117600 -0.15347821 1.61978349
v 0.04295212 -0.15618911 1.63371186
v 0.02977154 -0.15740425 1.63969452
v 0.03341723 -0.15740425 1.63978802
v 0.01715187 -0.15712390 1.62726184
v 0.02584543 -0.15422604 1.61539002
v 0.02304104 -0.15497387 1.61641824
v 0.04388691 -0.15572172 1.63174881
v 0.01771273 -0.15712390 1.62978575
v 0.01874100 -0.15731086 1.63249665
v 0.04285862 -0.15385213 1.62193354
v 0.04435432 -0.15525431 1.62941189
v 0.03659554 -0.15721738 1.63904017
v 0.03930644 -0.15684346 1.63745109
v 0.02033014 -0.15740425 1.63502057
v 0.02135841 -0.15534779 1.61753995
v 0.02986503 -0.15357169 1.61473567
v 0.04444782 -0.15478692 1.62726184
v 0.04136298 -0.15646955 1.63576841
v 0.02603237 -0.15740425 1.63894679
v 0.04416733 -0.15450648 1.62520529
v 0.04379346 -0.15431952 1.62352272
v 0.02276061 -0.15749781 1.63726410
v 0.01818014 -0.15628259 1.62221402
v 0.03500641 -0.14889773 1.62436395
v 0.03453900 -0.14908469 1.62333573
v 0.03874559 -0.15086079 1.62165305
v 0.04070864 -0.15132819 1.62464444
v 0.04117600 -0.15151515 1.62595314
v 0.03528684 -0.14880425 1.62651400
v 0.02500415 -0.15366517 1.63576841
v 0.02313453 -0.15366517 1.63408584
v 0.02799548 -0.15048688 1.63296413
v 0.03481942 -0.15001938 1.63202929
v 0.04014773 -0.15282385 1.63305751
v 0.03902601 -0.15319778 1.63455320
v 0.03388464 -0.15076732 1.61847479
v 0.03294986 -0.14936503 1.62109219
v 0.03089331 -0.14945860 1.62071833
v 0.03724989 -0.15357169 1.63595540
v 0.03360421 -0.15095427 1.63399235
v 0.03425857 -0.15039340 1.63305751
v 0.03005197 -0.14917817 1.62155956
v 0.02724763 -0.15114123 1.61838129
v 0.03033245 -0.15086079 1.61791393
v 0.03360421 -0.14917817 1.62212052
v 0.03659554 -0.15067384 1.61997048
v 0.02995853 -0.15132819 1.63474019
v 0.03079982 -0.15170202 1.63539454
v 0.03023896 -0.15394561 1.63773147
v 0.03509985 -0.14964556 1.63072059
v 0.04089557 -0.15254341 1.63146844
v 0.03248244 -0.15179558 1.63539454
v 0.03304336 -0.15142167 1.63483369
v 0.03519334 -0.15375865 1.63707712
v 0.02724763 -0.14908469 1.62557927
v 0.02117148 -0.15235646 1.62380310
v 0.02257368 -0.15188906 1.62155956
v 0.02893025 -0.15104765 1.63399235
v 0.02752806 -0.15385213 1.63698373
v 0.02921068 -0.14917817 1.62221402
v 0.02528457 -0.15151515 1.61912914
v 0.02687371 -0.14917817 1.62716835
v 0.02042363 -0.15282385 1.62595314
v 0.04126950 -0.15207602 1.62959888
v 0.02799548 -0.14899111 1.62399008
v 0.02388238 -0.15179558 1.62006398
v 0.03528684 -0.14889773 1.62529879
v 0.03996079 -0.15114123 1.62342923
v 0.03509985 -0.14917817 1.62931839
v 0.03519334 -0.14899111 1.62791619
v 0.04117600 -0.15170202 1.62763571
v 0.02864982 -0.14899111 1.62305525
v 0.02678021 -0.14945860 1.62875753
v 0.02033014 -0.15310430 1.62782270
v 0.02173234 -0.15338464 1.63212279
v 0.02079755 -0.15319778 1.62997274
v 0.02696720 -0.14973904 1.63015973
v 0.02743457 -0.15011296 1.63165531
v 0.03304336 -0.15403909 1.63773147
v 0.03472598 -0.15319778 1.61539002
v 0.03855859 -0.15310430 1.61735307
v 0.05519793 -0.16488267 1.61735307
v 0.06501319 -0.12225611 1.57902660
v 0.06183493 -0.12337788 1.56799701
v 0.05286095 -0.16647173 1.61912914
v 0.04809350 -0.16927619 1.61950312
v 0.04706522 -0.17030447 1.61978349
v 0.04613044 -0.17142621 1.62043784
v 0.04538259 -0.17226752 1.62146617
v 0.04482168 -0.17301537 1.62230841
v 0.04201734 -0.17161317 1.62212052
v 0.04201734 -0.17161317 1.62212052
v 0.06355679 -0.08741785 1.44912880
v 0.06906534 -0.08133931 1.45410285
v 0.02846284 -0.10552335 1.43684477
v 0.03902601 -0.10112981 1.43964906
v 0.01864751 -0.10664512 1.43441424
v 0.04785926 -0.09744580 1.44236932
v 0.03986730 -0.10122331 1.45273620
v 0.07319220 -0.07501821 1.45906286
v 0.07739768 -0.06851375 1.46439027
v 0.06978064 -0.01737250 1.47891037
v 0.01444097 -0.00260279 1.46965595
v 0.07929933 -0.03485350 1.47935344
v 0.07503279 -0.02599016 1.47951803
v 0.00079303 -0.00232236 1.46956246
v 0.04566302 -0.00493976 1.47376905
v 0.03070638 -0.00250929 1.47105815
v 0.08062842 -0.06142136 1.46954285
v 0.08333777 -0.05307632 1.47413456
v 0.08331013 -0.04400644 1.47805789
v 0.05934634 -0.01015641 1.47704828
v 0.05335310 0.00227298 1.46424251
v 0.07006107 -0.00194844 1.46787978
v 0.08164004 -0.00909493 1.46988863
v 0.01705838 0.00197767 1.46012105
v 0.03631511 0.00384730 1.46142976
v 0.00079303 0.00235160 1.45918622
v 0.06080665 0.01029737 1.45413840
v 0.04173691 0.00982995 1.45142749
v 0.02042363 0.00665163 1.44881009
v 0.00911267 -0.10524292 1.43235769
v 0.00079303 0.00954953 1.43628380
v 0.00079303 0.00487557 1.44871659
v 0.02266711 0.01132564 1.43600343
v 0.16570118 0.02809569 1.26564226
v 0.16258383 0.02040872 1.26298841
v 0.15854460 0.01500403 1.28749116
v 0.23668536 0.00991258 1.25064633
v 0.23539067 0.00181738 1.27758049
v 0.23569102 -0.01228221 1.26964971
v 0.20603212 -0.04917507 1.25736368
v 0.19320183 -0.05195550 1.25702815
v 0.19628495 -0.04614902 1.23353780
v 0.16133513 0.01006157 1.25937265
v 0.15759484 0.00482709 1.28355290
v 0.23064388 0.02294863 1.25560355
v 0.22909849 0.01394511 1.28402773
v 0.16344226 -0.00357061 1.25386014
v 0.16028443 -0.00983392 1.27820119
v 0.22216270 0.03227726 1.25952030
v 0.22066928 0.02301126 1.28864931
v 0.23762248 -0.00567685 1.24576109
v 0.23075166 -0.02667856 1.26280332
v 0.21298342 0.03822537 1.26251447
v 0.21006444 0.02867548 1.29267270
v 0.17296479 -0.04080484 1.26531229
v 0.16362696 -0.02521585 1.27211568
v 0.16850949 -0.01989267 1.24785787
v 0.18957744 0.04055733 1.26715946
v 0.18770095 0.03306288 1.29651847
v 0.19931181 0.03220494 1.29545180
v 0.20166842 0.04065189 1.26494957
v 0.17130526 0.03431620 1.26758659
v 0.16236977 0.02235457 1.29065816
v 0.22217411 -0.03502689 1.23647492
v 0.23306368 -0.02107339 1.24015052
v 0.22030537 -0.04003788 1.25870894
v 0.20890090 -0.04380363 1.23432209
v 0.16601994 0.02726276 1.23896796
v 0.16478639 0.01655020 1.23469506
v 0.23239008 0.02856717 1.23312181
v 0.16698848 0.00270680 1.22895255
v 0.22489202 0.03866526 1.23593735
v 0.23940103 -0.00161156 1.22340460
v 0.21471157 0.04471290 1.23847252
v 0.17489299 -0.03332097 1.24055614
v 0.17294497 -0.01344154 1.22231376
v 0.19338383 0.04731436 1.24271744
v 0.20464256 0.04724973 1.24042253
v 0.17529458 0.04076862 1.24336433
v 0.16942875 0.03501012 1.24177603
v 0.23479427 -0.01756868 1.21880453
v 0.21200422 -0.03888441 1.21188893
v 0.23828739 0.01475107 1.22815801
v 0.19951971 -0.04007716 1.20981277
v 0.16745587 0.02292868 1.21337058
v 0.16956233 0.00875080 1.20692791
v 0.22607051 0.04277558 1.21588703
v 0.24178631 0.00043601 1.20362540
v 0.21739050 0.04924878 1.21752758
v 0.18119713 -0.02822479 1.21580757
v 0.17493925 -0.00694438 1.19987592
v 0.19674974 0.05232753 1.22186222
v 0.20763678 0.05217375 1.21967295
v 0.17884716 0.04619382 1.22268573
v 0.17317933 0.04104955 1.22099001
v 0.23711124 -0.01455623 1.20025825
v 0.22532323 -0.03095369 1.21497559
v 0.21470428 -0.03363277 1.19310708
v 0.16922768 0.03360491 1.21809869
v 0.24104175 0.01713586 1.20814223
v 0.20282008 -0.03446224 1.19063733
v 0.23418216 0.03191481 1.21301443
v 0.19127709 0.05274129 0.74574098
v 0.19241996 0.05317533 0.74895329
v 0.18871305 0.05001551 0.74918128
v 0.18835530 0.06811955 0.74797248
v 0.18485834 0.06980723 0.74930966
v 0.18597317 0.06979087 0.75126552
v 0.19321548 0.05909971 0.74579725
v 0.19172962 0.06526713 0.74624885
v 0.19309011 0.06425970 0.74923589
v 0.19668767 0.06486890 0.76505772
v 0.19814631 0.06429831 0.76828290
v 0.19975182 0.05976605 0.76672313
v 0.19710588 0.05443394 0.76318148
v 0.19845151 0.05465342 0.76641061
v 0.19562415 0.05109649 0.76708106
v 0.18986481 0.06858583 0.76716642
v 0.18845644 0.06854900 0.76984796
v 0.19367221 0.06654835 0.77037639
v 0.17965239 0.05339292 0.72829937
v 0.18406555 0.05400743 0.73494814
v 0.18046996 0.05027382 0.73639446
v 0.17395175 0.06857648 0.73037085
v 0.17740729 0.06893778 0.73806372
v 0.18081284 0.06725814 0.73584954
v 0.18033030 0.06300876 0.72793971
v 0.18388158 0.06387438 0.73467077
v 0.18568450 0.05862499 0.73431418
v 0.17606055 0.04961936 0.74593477
v 0.17171713 0.05024000 0.74017693
v 0.17479324 0.04896584 0.73826976
v 0.19556553 0.05904120 0.75157905
v 0.19475553 0.05907280 0.74873476
v 0.18059129 0.04912726 0.75368680
v 0.17987692 0.04903755 0.75178777
v 0.18304251 0.04817481 0.75094130
v 0.18250369 0.04950998 0.76521730
v 0.18585370 0.04806254 0.76351924
v 0.18654667 0.04804393 0.76690382
v 0.18507866 0.06838643 0.76131799
v 0.18645328 0.06869352 0.76617180
v 0.19012309 0.06942181 0.76494985
v 0.17416310 0.06863388 0.74005324
v 0.18633933 0.06755045 0.76891374
v 0.18509428 0.06939516 0.77243210
v 0.18107916 0.06914287 0.75316500
v 0.17847651 0.04859153 0.74421837
v 0.17479324 0.04896584 0.73826976
v 0.17767007 0.04924499 0.73728478
v 0.18585370 0.04806254 0.76351924
v 0.18938012 0.04848322 0.76221867
v 0.19033051 0.04848589 0.76536740
v 0.18525581 0.04832742 0.75900101
v 0.18957605 0.05017130 0.75169288
v 0.18988098 0.06760925 0.75011010
v 0.18746070 0.06961793 0.75469480
v 0.17292506 0.06663819 0.72107470
v 0.17594032 0.06280891 0.72005679
v 0.17429706 0.06281591 0.71811630
v 0.17512808 0.05361027 0.72060377
v 0.17414580 0.05388713 0.71881595
v 0.17570607 0.05838212 0.71836625
v 0.16233041 0.05117595 0.71334835
v 0.16383262 0.05060958 0.71923389
v 0.16160212 0.05146863 0.71809975
v 0.16785363 0.04976139 0.72284129
v 0.16603349 0.05023605 0.71963829
v 0.16946905 0.05055542 0.71971123
v 0.17714079 0.05839644 0.71997015
v 0.16509834 0.05087441 0.71511907
v 0.16422617 0.05178038 0.71065545
v 0.16862446 0.05202108 0.71425371
v 0.16443127 0.05275606 0.70918856
v 0.16072434 0.05281601 0.70681615
v 0.16231639 0.06738929 0.71141878
v 0.16588179 0.06750502 0.71357841
v 0.16606163 0.06615882 0.70980112
v 0.16159248 0.05364208 0.70531862
v 0.16072434 0.05281601 0.70681615
v 0.15913557 0.05404275 0.70522997
v 0.16997860 0.06575845 0.71466898
v 0.17318989 0.06234786 0.71612528
v 0.17217181 0.06203303 0.71502306
v 0.15987798 0.05977986 0.70240646
v 0.15817657 0.05955476 0.70290068
v 0.15976843 0.06387064 0.70343240
v 0.17296330 0.05421692 0.71699960
v 0.17152195 0.05447735 0.71533910
v 0.17284438 0.05812732 0.71529508
v 0.17440596 0.05820878 0.71674681
v 0.17157213 0.05814610 0.71476035
v 0.16990250 0.05478954 0.71441518
v 0.19847788 0.05962680 0.76351523
v 0.18146757 0.05807049 0.72762546
v 0.16933471 0.06451368 0.74208287
v 0.16834523 0.05873537 0.74318832
v 0.17161505 0.05901631 0.74896705
v 0.19308684 0.05327094 0.75150500
v 0.17662515 0.06404676 0.75381139
v 0.17519436 0.05873136 0.75366201
v 0.17532197 0.05894727 0.75593224
v 0.18039471 0.06386914 0.76799601
v 0.17837536 0.05906573 0.76816673
v 0.17976494 0.05911052 0.77109671
v 0.15476504 0.05854749 0.70783021
v 0.15711549 0.06420231 0.70797642
v 0.16915177 0.06484264 0.71294334
v 0.17056686 0.06184439 0.71429205
v 0.15846018 0.05265492 0.71077702
v 0.16324530 0.06631765 0.70626069
v 0.16571538 0.06500015 0.70854123
v 0.16233041 0.05117595 0.71334835
v 0.16743222 0.05325496 0.71265606
v 0.15664846 0.06377726 0.71446722
v 0.15507596 0.05837950 0.71393339
v 0.15860359 0.05857218 0.72172682
v 0.16552759 0.05011603 0.72266890
v 0.17098574 0.06656134 0.71798860
v 0.16552759 0.05011603 0.72266890
v 0.16305375 0.05117908 0.72239901
v 0.16320659 0.06757962 0.71718598
v 0.16711505 0.06814058 0.71775965
v 0.16911336 0.05118454 0.71693464
v 0.17417525 0.06697901 0.72335852
v 0.17718173 0.06285976 0.72186066
v 0.17630555 0.05360336 0.72244364
v 0.16209129 0.05865403 0.72805883
v 0.16382421 0.05833248 0.73062476
v 0.16472834 0.06296062 0.73043415
v 0.19773323 0.05950628 0.76054301
v 0.19676833 0.05902037 0.75659417
v 0.19473087 0.06377950 0.75768819
v 0.18162723 0.04928689 0.75990660
v 0.18525581 0.04832742 0.75900101
v 0.18940292 0.06900490 0.76031178
v 0.18839820 0.04865973 0.75808835
v 0.18396262 0.04814662 0.75301702
v 0.19275704 0.05028998 0.76117563
v 0.19139665 0.05031316 0.75758171
v 0.19449716 0.05343871 0.75694859
v 0.19409043 0.06688880 0.76351606
v 0.19272162 0.06655424 0.75880282
v 0.19584167 0.05386802 0.76026943
v 0.17883968 0.06400936 0.76218864
v 0.17703021 0.05852113 0.76216618
v 0.18740247 0.06470924 0.74032882
v 0.18986126 0.06523151 0.74335503
v 0.19120417 0.05919136 0.74261052
v 0.16709822 0.06780069 0.72615701
v 0.17043141 0.06825790 0.72505625
v 0.16834776 0.06825995 0.72159745
v 0.18469494 0.06802476 0.74252539
v 0.18161078 0.06952520 0.74429588
v 0.18347101 0.06978704 0.74705325
v 0.16749000 0.04998197 0.72642819
v 0.16914261 0.04979710 0.72858537
v 0.16722919 0.05094856 0.72945334
v 0.17017275 0.04977248 0.72989240
v 0.16914261 0.04979710 0.72858537
v 0.17097154 0.04962148 0.72767555
v 0.17876358 0.04910224 0.74991202
v 0.17765015 0.04916693 0.74803617
v 0.18026823 0.04839250 0.74660015
v 0.17474052 0.06420557 0.75047271
v 0.17285766 0.05885733 0.75067904
v 0.17422797 0.05855573 0.75214721
v 0.18911725 0.05883873 0.73881986
v 0.18932609 0.05326198 0.74262178
v 0.18724019 0.05368370 0.73934634
v 0.18591081 0.05004108 0.74375508
v 0.17879453 0.06868174 0.74933423
v 0.17341882 0.06454958 0.74843188
v 0.18145102 0.04832074 0.74858817
v 0.18026823 0.04839250 0.74660015
v 0.18306606 0.04885670 0.74528627
v 0.16966891 0.04960949 0.72606792
v 0.17061491 0.05010187 0.72247673
v 0.17824337 0.05846135 0.72154942
v 0.16499625 0.05839031 0.73231624
v 0.18371022 0.05005613 0.74083652
v 0.17712367 0.06875455 0.74648041
v 0.16833140 0.05075544 0.73086083
v 0.18655536 0.06828660 0.74528275
v 0.18067206 0.04890840 0.74256756
v 0.17847651 0.04859153 0.74421837
v 0.18254557 0.06925327 0.75608128
v 0.18396262 0.04814662 0.75301702
v 0.19352938 0.06384867 0.75275292
v 0.17617917 0.06410677 0.75214487
v 0.18304251 0.04817481 0.75094130
v 0.18464418 0.04900179 0.74735463
v 0.19124475 0.06695658 0.75342877
v 0.18584352 0.04899375 0.74995922
v 0.18683850 0.04889374 0.75229547
v 0.17671032 0.06394561 0.75671078
v 0.18145102 0.04832074 0.74858817
v 0.18756530 0.05016267 0.74616399
v 0.18009754 0.06895171 0.75111358
v 0.17839434 0.05327830 0.72587909
v 0.17603698 0.05022496 0.72940426
v 0.17639529 0.06712428 0.72705357
v 0.17277578 0.06863172 0.72861111
v 0.17926688 0.06290603 0.72539953
v 0.17003926 0.06776106 0.73180759
v 0.18019858 0.05808564 0.72490865
v 0.17114419 0.04962526 0.73138369
v 0.17344041 0.04949790 0.73065473
v 0.16620998 0.06306943 0.73372769
v 0.16550758 0.05843644 0.73402673
v 0.16911056 0.05043502 0.73246038
v 0.17114419 0.04962526 0.73138369
v 0.17220182 0.04954375 0.72901100
v 0.16582943 0.06297726 0.73193335
v 0.17017275 0.04977248 0.72989240
v 0.17741309 0.05334539 0.72399950
v 0.17447654 0.04993372 0.72786076
v 0.17528746 0.06712419 0.72532615
v 0.17167581 0.06840531 0.72702008
v 0.17928286 0.05825876 0.72307303
v 0.17841640 0.06292706 0.72343620
v 0.16940416 0.06774451 0.73040924
v 0.16486585 0.06773676 0.72208531
v 0.16383262 0.05060958 0.71923389
v 0.16906306 0.05400101 0.74221242
v 0.17260658 0.05312452 0.74759327
v 0.17686970 0.05264050 0.75294224
v 0.17699300 0.05271131 0.75497244
v 0.17923247 0.05336645 0.76655102
v 0.18039088 0.05407390 0.77047167
v 0.15625492 0.05449334 0.70883247
v 0.15725403 0.05427114 0.71582980
v 0.15983040 0.05594953 0.70297339
v 0.15839895 0.05592250 0.70378013
v 0.15974767 0.05460160 0.72224790
v 0.17856354 0.05234775 0.76106191
v 0.16247409 0.05511588 0.72767706
v 0.16467796 0.05447150 0.73032020
v 0.17425770 0.05289140 0.74967021
v 0.17582442 0.05264974 0.75109865
v 0.16644397 0.05401912 0.73394766
v 0.16592318 0.05415101 0.73202066
v 0.17982467 0.06703818 0.75653416
v 0.18358469 0.06610301 0.77056260
v 0.18336389 0.06684973 0.76766510
v 0.18201237 0.06702332 0.76196944
v 0.16632056 0.06556645 0.72992366
v 0.16088598 0.06556084 0.70424799
v 0.17777701 0.06664763 0.75178264
v 0.16746055 0.06590372 0.73297594
v 0.16002699 0.06624894 0.71619013
v 0.15970673 0.06335716 0.72165634
v 0.17152092 0.06723505 0.74160114
v 0.17875050 0.06706510 0.75369745
v 0.17533486 0.06681467 0.74746606
v 0.15969580 0.06672446 0.70957385
v 0.16182113 0.06493154 0.70417450
v 0.16076323 0.06315412 0.70308265
v 0.16702671 0.06562431 0.73151429
v 0.16452886 0.06576546 0.72754199
v 0.16279622 0.06312543 0.72774793
v 0.17672911 0.06681851 0.74995069
v 0.16183750 0.06276871 0.70340548
v 0.16107901 0.05946160 0.70257707
v 0.15987798 0.05977986 0.70240646
v 0.17053143 0.05793286 0.71523574
v 0.16971508 0.06144963 0.71432748
v 0.16082829 0.05657184 0.70356261
v 0.16801704 0.06381483 0.71194621
v 0.16387665 0.05384506 0.70897767
v 0.16159248 0.05364208 0.70531862
v 0.16322613 0.06543128 0.70504883
v 0.16480031 0.06407976 0.70834900
v 0.16182113 0.06493154 0.70417450
v 0.16279042 0.06421969 0.70524234
v 0.16688770 0.05369808 0.71239814
v 0.16170532 0.05472641 0.70531683
v 0.16020647 0.05465431 0.70374898
v 0.16909278 0.05543770 0.71425672
v 0.16230227 0.06396272 0.70420498
v 0.16304889 0.05921071 0.70422231
v 0.16125895 0.05551243 0.70408552
v 0.16190751 0.05944171 0.70377556
v 0.16551628 0.05903887 0.70712137
v 0.16738146 0.05871971 0.70968350
v 0.16736295 0.06352841 0.71202182
v 0.16856837 0.06752287 0.72881058
v 0.16564060 0.05119127 0.72726012
v 0.17208262 0.04998537 0.72514200
v 0.16749000 0.04998197 0.72642819
v 0.16145965 0.06568956 0.72196340
v 0.18614685 0.07802311 0.73983114
v 0.18851263 0.07724274 0.74259904
v 0.18574994 0.07508011 0.74332483
v 0.18608880 0.09182186 0.74293190
v 0.18194030 0.09403656 0.74518937
v 0.18309990 0.09387195 0.74798117
v 0.18775544 0.08862609 0.74086181
v 0.19020236 0.08841061 0.74449006
v 0.19115500 0.08299733 0.74303972
v 0.19880889 0.08519268 0.76552781
v 0.20105202 0.08584742 0.77016812
v 0.20109445 0.07991448 0.76761690
v 0.19137496 0.07143778 0.76477763
v 0.19572940 0.07452615 0.76438186
v 0.19811396 0.07438920 0.76874229
v 0.19354311 0.08802127 0.76702919
v 0.18905920 0.08949993 0.76873477
v 0.18942377 0.08733962 0.77369016
v 0.17244841 0.07960815 0.71993026
v 0.17391042 0.08120084 0.71941693
v 0.17713611 0.08043684 0.72601332
v 0.17006319 0.09542753 0.72423881
v 0.17269641 0.09492490 0.73111552
v 0.17579376 0.09334818 0.72956394
v 0.17670695 0.08653579 0.72016956
v 0.17543797 0.09128996 0.72153404
v 0.17893325 0.09004135 0.72790544
v 0.16980734 0.07592029 0.73639335
v 0.16610342 0.07759610 0.73005565
v 0.16927750 0.07597442 0.72877002
v 0.19153051 0.08778289 0.74797655
v 0.17737542 0.07430694 0.74928319
v 0.17669087 0.07493503 0.74718820
v 0.17999471 0.07320491 0.74574833
v 0.17927464 0.07303114 0.76435322
v 0.18232542 0.07095908 0.76278777
v 0.18361413 0.07092598 0.76753667
v 0.18208668 0.09188018 0.76124628
v 0.18295379 0.09086921 0.76479028
v 0.18766019 0.09085845 0.76310353
v 0.16588449 0.09540968 0.72583240
v 0.16793159 0.09473261 0.73284835
v 0.18429932 0.08926240 0.77077226
v 0.18481543 0.08880752 0.77472178
v 0.17924182 0.09396552 0.74936994
v 0.17301930 0.07499420 0.73481998
v 0.16927750 0.07597442 0.72877002
v 0.17234633 0.07641405 0.72792823
v 0.18232542 0.07095908 0.76278777
v 0.18591287 0.07021956 0.76080750
v 0.18689178 0.07007009 0.76577242
v 0.18180914 0.07082699 0.75812836
v 0.18698826 0.07459673 0.74623737
v 0.18772440 0.09179082 0.74620060
v 0.18439917 0.09333126 0.75070227
v 0.16821277 0.09500968 0.71441925
v 0.17075616 0.09218212 0.71311166
v 0.16894836 0.09255959 0.71087069
v 0.17014892 0.08343649 0.71184346
v 0.16873290 0.08398633 0.70958444
v 0.16990008 0.08824786 0.71023054
v 0.15911856 0.08178388 0.70156679
v 0.16092710 0.08079355 0.70718606
v 0.15603608 0.08193260 0.70628922
v 0.16560237 0.08023427 0.71185589
v 0.16433759 0.08091667 0.70832750
v 0.16698791 0.08182043 0.70912983
v 0.17156251 0.08796650 0.71216830
v 0.16294728 0.08154588 0.70495790
v 0.16254148 0.08285776 0.70187976
v 0.16490090 0.08289871 0.70508376
v 0.16243950 0.08354362 0.70136799
v 0.16021675 0.08373011 0.69845857
v 0.16002625 0.09724224 0.70516238
v 0.16383730 0.09649385 0.70765130
v 0.16337112 0.09565534 0.70501601
v 0.15927935 0.08563176 0.69576449
v 0.16077061 0.08459516 0.69791961
v 0.16021675 0.08373011 0.69845857
v 0.16637067 0.09514280 0.70909200
v 0.16851229 0.09246200 0.70966578
v 0.16754908 0.09240619 0.70855399
v 0.15868126 0.09427746 0.69654148
v 0.15824145 0.09136203 0.69499352
v 0.15645010 0.09147365 0.69493664
v 0.16828373 0.08437390 0.70836678
v 0.16703522 0.08479045 0.70702247
v 0.16824437 0.08847969 0.70844679
v 0.16953167 0.08842885 0.70928317
v 0.16695922 0.08864254 0.70776012
v 0.16635366 0.09165294 0.70785116
v 0.16567903 0.08527832 0.70644384
v 0.18891234 0.08333320 0.73966856
v 0.19960224 0.07986222 0.76487981
v 0.18007248 0.08539573 0.72669497
v 0.16393404 0.08918733 0.73355569
v 0.16343178 0.08478138 0.73289103
v 0.16612800 0.08356166 0.73913584
v 0.18937151 0.07681751 0.74605757
v 0.17371907 0.08721025 0.75287416
v 0.17349837 0.08774168 0.75072790
v 0.17263845 0.08219892 0.75033565
v 0.17721594 0.08521821 0.76668000
v 0.17568260 0.08044787 0.76628881
v 0.17621684 0.08001123 0.77373585
v 0.15688572 0.09493658 0.69677538
v 0.15191365 0.09037041 0.69874947
v 0.16546738 0.09458781 0.70741901
v 0.15579369 0.08278419 0.69993320
v 0.16008971 0.09680823 0.70093200
v 0.16313592 0.09512409 0.70354879
v 0.15911856 0.08178388 0.70156679
v 0.16406407 0.08372404 0.70447833
v 0.15328415 0.09346605 0.70820625
v 0.15136577 0.08888969 0.70663930
v 0.15477785 0.08778702 0.71453732
v 0.16304076 0.07990195 0.71214278
v 0.16703316 0.09532368 0.71116566
v 0.16304076 0.07990195 0.71214278
v 0.15967018 0.08063772 0.71280984
v 0.15986602 0.09676438 0.70972652
v 0.16433769 0.09675354 0.71083592
v 0.16603704 0.08232951 0.70689437
v 0.17169161 0.09204639 0.71518470
v 0.17248450 0.08754443 0.71363836
v 0.17088236 0.08290656 0.71351372
v 0.15800532 0.09122087 0.72056059
v 0.15717559 0.08675323 0.71994680
v 0.15859480 0.08637146 0.72243026
v 0.19736632 0.08009685 0.75971604
v 0.19554543 0.08052246 0.75522044
v 0.19492025 0.08599736 0.75661996
v 0.17882940 0.07245072 0.75929275
v 0.18180914 0.07082699 0.75812836
v 0.18012950 0.09340174 0.75164725
v 0.18675008 0.09164238 0.75998928
v 0.18554176 0.07068023 0.75689816
v 0.18094455 0.07263974 0.74790902
v 0.18978721 0.07180291 0.75947528
v 0.18917137 0.07232088 0.75596628
v 0.19217617 0.07529941 0.75520996
v 0.19163221 0.09000378 0.75834076
v 0.19404808 0.07508403 0.75943071
v 0.17625414 0.08617692 0.76225165
v 0.17481156 0.08024203 0.76192793
v 0.18217249 0.08912648 0.73286284
v 0.18469924 0.08864843 0.73668659
v 0.18529583 0.08403232 0.73511183
v 0.16302047 0.09565656 0.71973452
v 0.16699718 0.09605188 0.71832836
v 0.16563125 0.09637009 0.71542457
v 0.17932044 0.09245911 0.73519836
v 0.17655252 0.09420940 0.73684879
v 0.17976522 0.09387952 0.74148563
v 0.16142665 0.07971555 0.71697743
v 0.16503262 0.07907373 0.71553589
v 0.16565051 0.07860876 0.71774310
v 0.16565051 0.07860876 0.71774310
v 0.16778174 0.07912355 0.71662546
v 0.16886573 0.07867392 0.71893112
v 0.17353473 0.07498344 0.74206070
v 0.17690990 0.07403445 0.73945092
v 0.17897840 0.07354723 0.74340512
v 0.16982613 0.08800650 0.74614666
v 0.16963226 0.08237541 0.74581063
v 0.17124468 0.08232549 0.74839310
v 0.18297987 0.08458105 0.73169911
v 0.18318842 0.07939940 0.73569186
v 0.18054062 0.07966246 0.73203097
v 0.18097390 0.07671553 0.73656618
v 0.19262197 0.08232334 0.74667559
v 0.17592276 0.09437132 0.74362693
v 0.16667813 0.08878144 0.73989115
v 0.17690990 0.07403445 0.73945092
v 0.17909329 0.07481537 0.73813336
v 0.18149028 0.07405997 0.74181626
v 0.16697717 0.07959263 0.71476816
v 0.16828962 0.08139163 0.71200059
v 0.15942236 0.09072703 0.72289439
v 0.16005419 0.08602549 0.72418571
v 0.17805091 0.07718329 0.73275608
v 0.17139265 0.09406274 0.73867021
v 0.16391003 0.07903344 0.72130487
v 0.16250522 0.07937173 0.71920403
v 0.16503262 0.07907373 0.71553589
v 0.18237441 0.09193880 0.73892907
v 0.17534459 0.07551095 0.73358121
v 0.17301930 0.07499420 0.73481998
v 0.18094455 0.07263974 0.74790902
v 0.17198354 0.08765324 0.74894816
v 0.17897840 0.07354723 0.74340512
v 0.18271972 0.07351423 0.74442537
v 0.18844112 0.09124379 0.74928531
v 0.18388027 0.07301983 0.74699697
v 0.17291796 0.08188390 0.75243577
v 0.17562662 0.07484949 0.74504930
v 0.18391224 0.07587458 0.74053859
v 0.17816887 0.09420343 0.74722241
v 0.17262986 0.08153624 0.71708285
v 0.17155727 0.09434878 0.72070334
v 0.16905905 0.09561440 0.72212850
v 0.17554743 0.08708639 0.71767251
v 0.17421741 0.09189794 0.71922871
v 0.16732491 0.07783728 0.72156558
v 0.16974453 0.07804788 0.72090487
v 0.16213569 0.09024468 0.72636807
v 0.16170438 0.08589947 0.72589040
v 0.16484107 0.07867363 0.72307843
v 0.16732491 0.07783728 0.72156558
v 0.16645724 0.07825166 0.71975023
v 0.16081287 0.09043228 0.72461246
v 0.16645724 0.07825166 0.71975023
v 0.17022698 0.08057098 0.71573898
v 0.17141164 0.08225622 0.71492706
v 0.17041654 0.09469401 0.71859341
v 0.16786046 0.09579930 0.72013953
v 0.17254497 0.09206125 0.71691246
v 0.16502234 0.09533247 0.72380104
v 0.17380741 0.08735673 0.71539409
v 0.16155360 0.09594475 0.71580362
v 0.15311075 0.09498688 0.70053077
v 0.16092710 0.08079355 0.70718606
v 0.16409044 0.08054976 0.73149457
v 0.17461461 0.07744821 0.74837399
v 0.17497058 0.07670243 0.75044513
v 0.17730091 0.07520387 0.76489569
v 0.17736477 0.07603434 0.77286843
v 0.15316599 0.08521315 0.69850425
v 0.15298099 0.08437755 0.70590577
v 0.15852842 0.08796640 0.69496215
v 0.15722972 0.08712257 0.69502924
v 0.15632642 0.08305238 0.71362103
v 0.17648784 0.07490081 0.76041279
v 0.15836597 0.08231773 0.71846159
v 0.15985395 0.08188483 0.72098238
v 0.17115775 0.07762181 0.74420812
v 0.17315969 0.07724630 0.74632791
v 0.16739821 0.07886340 0.73784603
v 0.16290681 0.08130853 0.72463814
v 0.16124681 0.08170208 0.72285004
v 0.17850427 0.09061934 0.76189968
v 0.17670415 0.09149562 0.75254119
v 0.18155786 0.08764053 0.77233805
v 0.17978513 0.08934485 0.76574506
v 0.16150836 0.09396132 0.72254421
v 0.15614863 0.09699630 0.70190082
v 0.17449365 0.09186103 0.74821324
v 0.16507010 0.09342400 0.73328674
v 0.16376102 0.09374360 0.72629386
v 0.15555523 0.09553401 0.70849298
v 0.15614789 0.09211314 0.71536573
v 0.17581862 0.09178539 0.75011863
v 0.16834795 0.09292622 0.73968305
v 0.15943498 0.09509016 0.69790713
v 0.16276902 0.09377491 0.72441661
v 0.16036099 0.09435626 0.72028033
v 0.17231754 0.09241946 0.74502484
v 0.15903854 0.09353626 0.69674067
v 0.15932477 0.09119078 0.69557277
v 0.15824145 0.09136203 0.69499352
v 0.16622008 0.08855793 0.70736731
v 0.16589300 0.09153189 0.70783188
v 0.15912118 0.08886268 0.69556697
v 0.16520210 0.09375314 0.70676321
v 0.16206240 0.08481980 0.70100203
v 0.16077061 0.08459516 0.69791961
v 0.16067901 0.09560711 0.69983720
v 0.16260421 0.09417043 0.70275241
v 0.15943498 0.09509016 0.69790713
v 0.16054908 0.09494406 0.69940126
v 0.16390554 0.08430547 0.70416224
v 0.16026163 0.08586788 0.69755822
v 0.15927935 0.08563176 0.69576449
v 0.16520518 0.08564260 0.70641186
v 0.15951360 0.09438553 0.69773278
v 0.16095253 0.09038172 0.69802263
v 0.15965915 0.08673116 0.69610354
v 0.16002596 0.09096568 0.69654828
v 0.16287773 0.08971671 0.70152812
v 0.16458102 0.08919266 0.70446418
v 0.16472806 0.09334566 0.70614096
v 0.16942670 0.09483740 0.71686588
v 0.16388824 0.09562795 0.72184506
v 0.16909512 0.08097846 0.71393283
v 0.15873539 0.09484002 0.71573837
v 0.18806701 0.09712550 0.75480361
v 0.19110640 0.10097552 0.75425440
v 0.19175177 0.09997324 0.75652775
v 0.18896768 0.11298966 0.75806378
v 0.18620060 0.11429949 0.75944224
v 0.18736798 0.11341499 0.76161157
v 0.19236154 0.10643723 0.75506460
v 0.19083250 0.11054752 0.75641921
v 0.19195220 0.10958486 0.75901728
v 0.19934714 0.10370736 0.77533790
v 0.20145361 0.10357443 0.77878066
v 0.20107689 0.09876381 0.77628372
v 0.19293166 0.09246480 0.77152891
v 0.19659764 0.09515046 0.77192496
v 0.19806854 0.09338978 0.77533049
v 0.19621989 0.10685331 0.77789129
v 0.19053720 0.10850387 0.77998495
v 0.18879101 0.10642386 0.78579867
v 0.17776840 0.10698764 0.73528300
v 0.18246882 0.10502467 0.74253931
v 0.18076927 0.10249914 0.74282688
v 0.17641324 0.11741842 0.73929803
v 0.17449056 0.11860953 0.74015776
v 0.17845968 0.11655664 0.74725517
v 0.17956078 0.11254180 0.73637351
v 0.17814439 0.11588995 0.73835562
v 0.18261765 0.11380181 0.74474859
v 0.17729914 0.09820340 0.75441498
v 0.17226024 0.10092224 0.74581213
v 0.17494758 0.09998418 0.74437037
v 0.19334737 0.10535147 0.75752349
v 0.19287493 0.10844620 0.76152075
v 0.18061924 0.09573340 0.76142190
v 0.18019336 0.09645926 0.75957452
v 0.18314730 0.09518935 0.75791841
v 0.18193300 0.09313542 0.77091256
v 0.18529291 0.09186953 0.76932800
v 0.18432784 0.09128818 0.77218672
v 0.18606487 0.11086507 0.77252287
v 0.18638607 0.10993924 0.77549369
v 0.19074491 0.10958534 0.77491211
v 0.17446980 0.11708956 0.74892654
v 0.18612442 0.10798909 0.78035943
v 0.18408666 0.10733623 0.78487069
v 0.18323975 0.11404598 0.76320399
v 0.17991347 0.09707623 0.75264532
v 0.17494758 0.09998418 0.74437037
v 0.17825515 0.10053552 0.74302473
v 0.18529291 0.09186953 0.76932800
v 0.18899433 0.09128192 0.76877667
v 0.18814694 0.09062504 0.77153499
v 0.18543062 0.09229290 0.76680242
v 0.18912875 0.09696078 0.75650162
v 0.19212971 0.09924327 0.75894323
v 0.18994631 0.11194643 0.76036655
v 0.18850356 0.11196812 0.76424546
v 0.17071699 0.12033105 0.72921041
v 0.17259900 0.11850082 0.72851489
v 0.17142968 0.11874797 0.72578075
v 0.17311155 0.11032166 0.72677359
v 0.17180940 0.11102360 0.72439293
v 0.17291226 0.11513726 0.72534777
v 0.16068219 0.10902727 0.71551645
v 0.16226600 0.10737931 0.72109810
v 0.15905508 0.10863418 0.72119438
v 0.16807760 0.10551936 0.72631592
v 0.16619390 0.10733603 0.72168972
v 0.16939388 0.10841796 0.72318012
v 0.17425855 0.11479389 0.72743195
v 0.16405959 0.10900052 0.71731341
v 0.16420234 0.11080112 0.71376540
v 0.16700381 0.11064491 0.71773692
v 0.16413185 0.11180304 0.71269717
v 0.16082988 0.11167890 0.71102363
v 0.16118809 0.12392654 0.71982010
v 0.16451596 0.12318422 0.72148105
v 0.16371745 0.12333257 0.71797522
v 0.16160660 0.11325878 0.71007364
v 0.16082988 0.11167890 0.71102363
v 0.15862798 0.11344088 0.71020385
v 0.16724956 0.12167622 0.72256945
v 0.17002422 0.11927642 0.72402942
v 0.16912953 0.11917359 0.72303497
v 0.15928588 0.11897065 0.70926857
v 0.15730058 0.11857813 0.71070855
v 0.15828800 0.12174473 0.71135538
v 0.17044534 0.11173218 0.72212889
v 0.16938837 0.11219415 0.72079149
v 0.17053667 0.11571364 0.72247840
v 0.17171320 0.11545929 0.72364285
v 0.16951896 0.11568326 0.72178917
v 0.16835991 0.11248674 0.72007830
v 0.19941220 0.09976394 0.77329768
v 0.18419818 0.11000758 0.74325356
v 0.17002561 0.11323868 0.75082764
v 0.16869868 0.10816595 0.75018242
v 0.17378320 0.10537110 0.75993813
v 0.19413821 0.10420888 0.76003180
v 0.17737953 0.10948027 0.76559172
v 0.17570673 0.10413391 0.76432821
v 0.17591322 0.10389236 0.76610048
v 0.18060624 0.10472544 0.77991591
v 0.17975550 0.10547561 0.77659005
v 0.17798285 0.10026462 0.77589090
v 0.15488806 0.11708199 0.71573107
v 0.15561346 0.12087800 0.71695263
v 0.16645117 0.12178932 0.72078943
v 0.16843516 0.11896625 0.72200280
v 0.15755176 0.11098210 0.71479150
v 0.16126036 0.12416164 0.71489842
v 0.16411185 0.12326078 0.71609029
v 0.16068219 0.10902727 0.71551645
v 0.16635563 0.11143360 0.71697330
v 0.15655760 0.11954180 0.72337608
v 0.15540621 0.11529047 0.72277789
v 0.15852150 0.11373833 0.73044256
v 0.16478910 0.10521584 0.72660833
v 0.16918039 0.12095007 0.72581039
v 0.16478910 0.10521584 0.72660833
v 0.16207941 0.10622158 0.72750985
v 0.16277585 0.12307008 0.72438502
v 0.16645667 0.12259427 0.72509442
v 0.16803198 0.10979903 0.71975513
v 0.17203186 0.11994358 0.73217973
v 0.17401886 0.11788769 0.73057857
v 0.17552669 0.11442288 0.72917620
v 0.17433463 0.10953252 0.72874233
v 0.16208596 0.11266874 0.73637022
v 0.16391535 0.11192325 0.73865889
v 0.16478031 0.11623433 0.73872659
v 0.19668533 0.10154304 0.76753193
v 0.19593067 0.10604247 0.76867677
v 0.19775444 0.10490492 0.77225871
v 0.18154104 0.09379884 0.76839929
v 0.18543062 0.09229290 0.76680242
v 0.18415734 0.11306864 0.76569552
v 0.19013327 0.11032738 0.77112139
v 0.18902657 0.09231019 0.76557016
v 0.18417248 0.09451359 0.75985935
v 0.19272059 0.09259577 0.76894566
v 0.19209606 0.09403750 0.76590564
v 0.19440331 0.09687730 0.76636330
v 0.19271694 0.10913262 0.77016756
v 0.19549880 0.09562468 0.76965339
v 0.17916798 0.10652520 0.77390094
v 0.17746581 0.10118810 0.77352384
v 0.18877464 0.10805769 0.75074306
v 0.18739274 0.11162842 0.75205622
v 0.18908378 0.11098079 0.75426588
v 0.17000833 0.12062121 0.73346437
v 0.16826504 0.12144673 0.73001788
v 0.16512132 0.12146167 0.73089393
v 0.18533462 0.11361419 0.75347396
v 0.18297352 0.11507209 0.75520974
v 0.18471607 0.11474071 0.75727899
v 0.16661998 0.10403575 0.73034645
v 0.16790691 0.10335905 0.73234276
v 0.16568949 0.10455764 0.73416953
v 0.16925666 0.10273536 0.73429473
v 0.16790691 0.10335905 0.73234276
v 0.17087684 0.10417233 0.73102782
v 0.17871087 0.09757307 0.75625039
v 0.18139259 0.09627801 0.75437603
v 0.18248649 0.09566339 0.75656603
v 0.17705170 0.10991335 0.76426881
v 0.17643128 0.11050815 0.76233155
v 0.17469659 0.10516826 0.76118477
v 0.18076338 0.11540272 0.74599633
v 0.18778115 0.10294391 0.75012737
v 0.19053402 0.10730164 0.75292007
v 0.18539463 0.09915624 0.75049561
v 0.18960240 0.10218132 0.75218788
v 0.18062372 0.11515968 0.75965197
v 0.17530784 0.11067932 0.76075028
v 0.18248649 0.09566339 0.75656603
v 0.18139259 0.09627801 0.75437603
v 0.18451686 0.09650927 0.75317576
v 0.16972826 0.10475115 0.72911045
v 0.17107127 0.10736109 0.72645488
v 0.18989733 0.09640420 0.75889025
v 0.16546814 0.11547162 0.74055915
v 0.17962584 0.11543667 0.75798171
v 0.16697632 0.10388105 0.73616602
v 0.18720999 0.11334629 0.75561024
v 0.18289135 0.09738826 0.75113799
v 0.17991347 0.09707623 0.75264532
v 0.18417248 0.09451359 0.75985935
v 0.17558463 0.10430115 0.76297978
v 0.18314730 0.09518935 0.75791841
v 0.18566459 0.09587099 0.75502091
v 0.19088793 0.11050208 0.76312191
v 0.18652843 0.09547091 0.75655210
v 0.18763064 0.09479599 0.75883041
v 0.17751929 0.10894780 0.76712007
v 0.17972839 0.09704978 0.75824475
v 0.18704509 0.09786958 0.75286942
v 0.18203723 0.11464836 0.76163151
v 0.17645904 0.10773210 0.73274622
v 0.17611205 0.10476115 0.73520204
v 0.17482736 0.11835855 0.73660329
v 0.17285514 0.11935242 0.73774757
v 0.17634743 0.11673910 0.73525380
v 0.17061650 0.11911235 0.74136785
v 0.17798995 0.11293833 0.73364222
v 0.17096023 0.10188396 0.73667227
v 0.17392772 0.10303702 0.73556176
v 0.16616315 0.11518482 0.74296845
v 0.16522724 0.11080374 0.74271711
v 0.16828643 0.10267769 0.73835406
v 0.17096023 0.10188396 0.73667227
v 0.17228427 0.10376298 0.73292340
v 0.16451530 0.11151521 0.74020000
v 0.16925666 0.10273536 0.73429473
v 0.17541666 0.10866289 0.73041570
v 0.17467696 0.10539961 0.73275430
v 0.17331955 0.11932652 0.73424815
v 0.17129600 0.12000415 0.73553284
v 0.17667526 0.11384415 0.73109351
v 0.17543349 0.11743590 0.73263005
v 0.16912999 0.11943459 0.73906040
v 0.16226600 0.10737931 0.72109810
v 0.16961870 0.10383346 0.74829158
v 0.17507770 0.10065948 0.75714349
v 0.17734598 0.09911800 0.76165887
v 0.17757023 0.09851131 0.76361112
v 0.17929296 0.09544268 0.77326113
v 0.17955058 0.09466885 0.77521527
v 0.15583239 0.11331918 0.71494545
v 0.15656256 0.11115998 0.72205071
v 0.15934684 0.11633716 0.70877435
v 0.15757503 0.11517764 0.70999619
v 0.15933178 0.10933434 0.72909708
v 0.17883668 0.09660724 0.77085623
v 0.16255775 0.10794861 0.73456257
v 0.16424252 0.10740288 0.73668837
v 0.17620562 0.10026742 0.75866459
v 0.16511263 0.10690099 0.73830341
v 0.17735252 0.09956969 0.76043776
v 0.16570165 0.10626215 0.74112581
v 0.18215641 0.10963516 0.77321187
v 0.18052250 0.11193801 0.76667482
v 0.18336762 0.10704233 0.77987351
v 0.18263082 0.10837234 0.77629586
v 0.16708327 0.11807147 0.73984769
v 0.16589487 0.11807072 0.73816663
v 0.15953463 0.12354991 0.71251631
v 0.17995339 0.11284898 0.76459721
v 0.17911544 0.11290095 0.76347416
v 0.17223182 0.11590743 0.75005176
v 0.16856715 0.11808904 0.74235957
v 0.15862349 0.12163601 0.72368213
v 0.15960288 0.11797920 0.73092909
v 0.17738028 0.11374347 0.76025584
v 0.15724897 0.12273767 0.71794257
v 0.16068780 0.12282068 0.71092172
v 0.15996053 0.12147318 0.70986130
v 0.16349526 0.11702992 0.73687447
v 0.17818850 0.11324804 0.76198755
v 0.16067788 0.12063570 0.71066447
v 0.16050925 0.11873517 0.70993206
v 0.15928588 0.11897065 0.70926857
v 0.16819670 0.11552444 0.72169468
v 0.16043026 0.11659889 0.70963536
v 0.16660569 0.12176081 0.71959907
v 0.16770211 0.11875724 0.72169991
v 0.16235229 0.11378236 0.71096541
v 0.16405941 0.11265061 0.71321078
v 0.16228947 0.12344550 0.71353712
v 0.16432255 0.12231515 0.71565580
v 0.16068780 0.12282068 0.71092172
v 0.16269957 0.12233599 0.71299298
v 0.16108013 0.11541086 0.71012262
v 0.16160660 0.11325878 0.71007364
v 0.16761807 0.11271960 0.71989577
v 0.16146695 0.12145822 0.71118772
v 0.16337345 0.11814868 0.71171269
v 0.16199660 0.11850755 0.71058580
v 0.16471796 0.11768634 0.71365263
v 0.16626617 0.11680407 0.71714859
v 0.16634581 0.12101363 0.71912820
v 0.16639096 0.11223397 0.71679729
v 0.16671150 0.12026542 0.73525436
v 0.16433068 0.10510478 0.73191747
v 0.17243635 0.10671206 0.72879102
v 0.16661998 0.10403575 0.73034645
v 0.16145750 0.11998218 0.73082824
v 0.18698246 0.11860710 0.77347860
v 0.18868285 0.11800276 0.77558813
v 0.18679139 0.11417703 0.77460025
v 0.18440665 0.12582593 0.77656632
v 0.18046575 0.12687796 0.77818013
v 0.18163144 0.12641476 0.78028911
v 0.18771170 0.12162097 0.77447489
v 0.18654517 0.12432747 0.77578030
v 0.18816927 0.12392868 0.77782398
v 0.19591112 0.11597857 0.78938128
v 0.19430862 0.11884034 0.79023125
v 0.19624092 0.11740506 0.79393109
v 0.19612828 0.11299994 0.78861560
v 0.19804433 0.11195325 0.79139899
v 0.19619625 0.10838478 0.78953896
v 0.19126830 0.12131642 0.79086872
v 0.18661397 0.12275646 0.79160292
v 0.18719074 0.12198918 0.79516809
v 0.17822553 0.12171706 0.76323558
v 0.18035451 0.12113114 0.76609848
v 0.17861001 0.11805240 0.76607608
v 0.17633322 0.12886598 0.76677138
v 0.17371955 0.12986957 0.76841985
v 0.17575197 0.12867173 0.77160798
v 0.17902364 0.12462099 0.76420696
v 0.17805950 0.12735124 0.76561719
v 0.18034058 0.12628979 0.76854427
v 0.17279420 0.11469398 0.77280892
v 0.17084581 0.11565503 0.76984534
v 0.17411113 0.11464181 0.76794229
v 0.18934300 0.12112664 0.77660955
v 0.18899891 0.12324377 0.77963064
v 0.17750321 0.11262247 0.78048240
v 0.17634949 0.11290356 0.77861323
v 0.17988926 0.11125731 0.77640702
v 0.18244928 0.10876973 0.78768472
v 0.18069655 0.10953710 0.78679948
v 0.18437635 0.10768958 0.78447130
v 0.18150347 0.12295118 0.78991260
v 0.18541790 0.12347306 0.78899471
v 0.18457855 0.12399589 0.78682622
v 0.17302855 0.12851459 0.77281366
v 0.18238020 0.12128677 0.79510379
v 0.17792788 0.12594989 0.78153809
v 0.17577955 0.11373366 0.77059959
v 0.17411113 0.11464181 0.76794229
v 0.17647577 0.11566868 0.76681512
v 0.18509110 0.10756058 0.78486846
v 0.18437635 0.10768958 0.78447130
v 0.18757064 0.10832776 0.78383840
v 0.18624519 0.10903390 0.78192053
v 0.18803878 0.11365253 0.77685845
v 0.18616387 0.12556074 0.77873976
v 0.18272635 0.12586820 0.78221991
v 0.16996495 0.13181722 0.75962756
v 0.17189099 0.13006840 0.75830727
v 0.16980202 0.13056291 0.75630560
v 0.17261313 0.12394158 0.75613182
v 0.17126702 0.12409405 0.75419122
v 0.17111558 0.12773441 0.75524423
v 0.16329475 0.12197927 0.75020694
v 0.16454904 0.12049753 0.75354305
v 0.16099440 0.12176549 0.75352806
v 0.16895116 0.11960921 0.75667423
v 0.16707504 0.12078264 0.75402418
v 0.16943436 0.12173454 0.75425936
v 0.17293945 0.12710156 0.75712187
v 0.16553255 0.12192001 0.75140571
v 0.16513320 0.12318067 0.74930531
v 0.16711225 0.12369219 0.75112473
v 0.16533193 0.12411527 0.74854292
v 0.16332437 0.12368677 0.74767740
v 0.16198333 0.13379692 0.75264844
v 0.16402519 0.13348946 0.75369811
v 0.16374737 0.13323061 0.75162362
v 0.16380131 0.12437505 0.74701792
v 0.16170961 0.12511690 0.74671688
v 0.16622410 0.13235285 0.75463217
v 0.16795094 0.13053860 0.75479576
v 0.16716487 0.13064974 0.75353508
v 0.16165867 0.13235078 0.74692883
v 0.16142282 0.13002736 0.74565813
v 0.16031239 0.12990818 0.74591025
v 0.16921198 0.12782210 0.75414458
v 0.16921347 0.12491517 0.75329812
v 0.16822819 0.12532499 0.75227107
v 0.16830354 0.12809076 0.75325120
v 0.16781362 0.12815114 0.75268160
v 0.16773276 0.12567431 0.75181368
v 0.19812892 0.11490767 0.79241757
v 0.18135334 0.12386550 0.76697158
v 0.17121337 0.12296285 0.77682440
v 0.16924563 0.12446862 0.77385887
v 0.16880412 0.12137063 0.77332727
v 0.19031874 0.12019064 0.77852480
v 0.17513603 0.11997208 0.78402678
v 0.17417441 0.12065225 0.78222570
v 0.17391323 0.11786479 0.78152605
v 0.17807932 0.11673789 0.79134010
v 0.17753657 0.11727437 0.78993054
v 0.17800650 0.11426985 0.78898874
v 0.16055057 0.13248961 0.74745174
v 0.16031239 0.12990818 0.74591025
v 0.15722832 0.12876586 0.74870250
v 0.16556779 0.13221085 0.75309508
v 0.16701718 0.13070743 0.75322334
v 0.16332437 0.12368677 0.74767740
v 0.16075416 0.12318301 0.74908277
v 0.16221833 0.13368381 0.75030172
v 0.16417906 0.13306609 0.75074389
v 0.16329475 0.12197927 0.75020694
v 0.16679713 0.12435215 0.75049907
v 0.15765701 0.13036408 0.75543796
v 0.15683121 0.12673830 0.75476678
v 0.16048046 0.12487348 0.76115758
v 0.16661186 0.11904627 0.75723041
v 0.16756749 0.13281164 0.75702342
v 0.16661186 0.11904627 0.75723041
v 0.16325847 0.11984496 0.75843498
v 0.16320042 0.13359799 0.75618336
v 0.16534324 0.13348432 0.75666030
v 0.16792467 0.12287612 0.75241092
v 0.17296554 0.13050719 0.76213983
v 0.17414852 0.12910042 0.76075852
v 0.17467079 0.12320778 0.75874906
v 0.16392245 0.12716662 0.76617292
v 0.16335261 0.12358150 0.76533169
v 0.16468123 0.12329798 0.76675194
v 0.19237986 0.11818196 0.78325932
v 0.19073424 0.12123985 0.78449242
v 0.19253297 0.12014307 0.78694100
v 0.17916219 0.11083693 0.78494379
v 0.18292266 0.10861408 0.78277012
v 0.18099231 0.12372686 0.78788765
v 0.18471653 0.11074766 0.77705090
v 0.18292266 0.10861408 0.78277012
v 0.19191994 0.11103576 0.78423656
v 0.19036464 0.11205112 0.78171271
v 0.19193107 0.11527896 0.78244166
v 0.18820340 0.12311092 0.78570155
v 0.19387235 0.11708320 0.78616802
v 0.17702759 0.11830787 0.78817649
v 0.17716173 0.11547023 0.78739215
v 0.18376649 0.12280871 0.76989298
v 0.18239899 0.12562038 0.77122910
v 0.18471093 0.12473372 0.77347319
v 0.16809359 0.13125783 0.76495214
v 0.17021267 0.13160164 0.76370311
v 0.16793814 0.13250306 0.76079914
v 0.18049351 0.12695330 0.77268690
v 0.17762323 0.12785173 0.77443778
v 0.17925277 0.12716400 0.77636935
v 0.16869822 0.11786534 0.76014379
v 0.17011096 0.11734513 0.76178864
v 0.16744111 0.11807408 0.76344107
v 0.17124450 0.11694234 0.76319501
v 0.17011096 0.11734513 0.76178864
v 0.17222565 0.11810690 0.76078700
v 0.17546303 0.11324935 0.77674272
v 0.17424508 0.11388892 0.77511169
v 0.17729895 0.11275428 0.77280976
v 0.17300985 0.12124425 0.78025228
v 0.17211889 0.12200797 0.77862939
v 0.17178799 0.11926604 0.77788689
v 0.17869984 0.12769673 0.77005857
v 0.18573881 0.12218259 0.77215017
v 0.18501866 0.11926641 0.77144784
v 0.18283797 0.12009332 0.76913042
v 0.18286115 0.11610700 0.77098951
v 0.18966654 0.11703562 0.77766218
v 0.17600922 0.12695686 0.77775617
v 0.17062641 0.12018026 0.77625190
v 0.17859383 0.11197353 0.77457451
v 0.17729895 0.11275428 0.77280976
v 0.18013492 0.11346088 0.77159622
v 0.17101519 0.11865086 0.75924695
v 0.17145996 0.12106094 0.75617389
v 0.17532177 0.12623397 0.75947634
v 0.16504766 0.12673045 0.76735291
v 0.16600190 0.12304560 0.76801345
v 0.18088333 0.11702207 0.76884454
v 0.17465714 0.12733386 0.77585998
v 0.16838207 0.11780954 0.76510464
v 0.18253556 0.12628183 0.77498671
v 0.17847716 0.11466013 0.76943609
v 0.17577955 0.11373366 0.77059959
v 0.17895363 0.12551316 0.78349395
v 0.18132472 0.11058893 0.77812425
v 0.17268014 0.11863131 0.77964524
v 0.17988926 0.11125731 0.77640702
v 0.18163023 0.11251049 0.77326275
v 0.18719532 0.12483506 0.78058347
v 0.18327265 0.11143809 0.77517309
v 0.18132472 0.11058893 0.77812425
v 0.17507714 0.11720828 0.78343177
v 0.17859383 0.11197353 0.77457451
v 0.18509446 0.11516810 0.77289679
v 0.17695766 0.12659676 0.77951073
v 0.17716201 0.12213894 0.76193963
v 0.17673210 0.11903243 0.76322299
v 0.17511603 0.12956997 0.76520799
v 0.17264893 0.13038698 0.76703292
v 0.17815467 0.12509783 0.76285703
v 0.17712022 0.12780901 0.76415682
v 0.17112026 0.12974814 0.76946139
v 0.17214227 0.11601857 0.76484137
v 0.17424855 0.11674706 0.76361334
v 0.16745970 0.12554485 0.77013897
v 0.16707260 0.12252809 0.76940049
v 0.16926685 0.11727054 0.76677194
v 0.17214227 0.11601857 0.76484137
v 0.17316437 0.11758472 0.76217967
v 0.16651501 0.12629147 0.76879077
v 0.17124450 0.11694234 0.76319501
v 0.17615262 0.12257763 0.76036889
v 0.17565335 0.11958115 0.76167731
v 0.17163337 0.13105022 0.76550647
v 0.17707611 0.12564647 0.76131136
v 0.17597314 0.12853207 0.76270381
v 0.17025913 0.13019385 0.76827003
v 0.16566286 0.13218356 0.76151027
v 0.16454904 0.12049753 0.75354305
v 0.16919140 0.11825114 0.77203444
v 0.17093115 0.11749106 0.77493763
v 0.17454665 0.11549293 0.78042289
v 0.17863384 0.11349594 0.79029561
v 0.17912040 0.11179312 0.78789216
v 0.15794110 0.12521309 0.74846475
v 0.15797242 0.12356805 0.75403220
v 0.16183899 0.12739452 0.74545074
v 0.16054160 0.12712483 0.74584773
v 0.16054160 0.12712483 0.74584773
v 0.16125709 0.12192823 0.75982452
v 0.17800342 0.11310912 0.78628169
v 0.16419607 0.12026852 0.76370288
v 0.16545570 0.12009491 0.76514821
v 0.17217106 0.11656448 0.77684162
v 0.16651463 0.12009090 0.76669165
v 0.17584152 0.11471229 0.78218759
v 0.17325692 0.11592023 0.77847833
v 0.16764938 0.11981701 0.76823348
v 0.17747021 0.12153487 0.78884338
v 0.17635379 0.12316067 0.78420720
v 0.17924603 0.12023205 0.79213374
v 0.17849325 0.12077583 0.79046076
v 0.16699998 0.12954380 0.76736795
v 0.16125082 0.13335541 0.74907380
v 0.15775825 0.13207839 0.74993247
v 0.17538431 0.12387205 0.78224743
v 0.17448496 0.12460248 0.78039821
v 0.17059743 0.12698639 0.77351520
v 0.16882236 0.12835352 0.77029270
v 0.16097010 0.13232844 0.75560417
v 0.16111209 0.12844429 0.76188280
v 0.17236465 0.12565020 0.77657913
v 0.17359158 0.12510840 0.77850441
v 0.16036323 0.13334943 0.75153960
v 0.16215616 0.13312844 0.74837850
v 0.16055057 0.13248961 0.74745174
v 0.16801516 0.12881597 0.76882671
v 0.16599106 0.13004708 0.76586496
v 0.16253382 0.13201351 0.74698433
v 0.16268881 0.13005756 0.74587654
v 0.16726331 0.12835474 0.75236339
v 0.16264058 0.12758503 0.74577876
v 0.16560359 0.13203230 0.75223218
v 0.16641003 0.13057178 0.75284140
v 0.16497831 0.12463155 0.74844157
v 0.16411997 0.13246913 0.75040925
v 0.16334251 0.13261356 0.74937490
v 0.16285838 0.13331840 0.74948227
v 0.16289755 0.13259299 0.74823647
v 0.16610921 0.12483992 0.75029865
v 0.16374755 0.12565572 0.74683171
v 0.16238089 0.12586006 0.74600347
v 0.16718908 0.12571779 0.75151876
v 0.16406240 0.12932917 0.74797811
v 0.16322351 0.12645206 0.74607785
v 0.16362089 0.12969542 0.74724598
v 0.16499307 0.12883821 0.74921215
v 0.16608014 0.12832277 0.75098432
v 0.16540680 0.13171961 0.75201532
v 0.17437044 0.13001821 0.76362599
v 0.16910298 0.13081904 0.76652299
v 0.16591141 0.11846277 0.76205157
v 0.17328683 0.12075039 0.75839012
v 0.16869822 0.11786534 0.76014379
v 0.16346768 0.13117612 0.76197195
v 0.16461944 0.03065180 0.78427740
v 0.16611332 0.03018956 0.78715284
v 0.16195827 0.03299641 0.78947399
v 0.17424770 0.03811572 0.78054185
v 0.17599810 0.04582948 0.77978748
v 0.17773784 0.04594488 0.78205063
v 0.17033475 0.03162213 0.78166468
v 0.17581095 0.03728781 0.78318572
v 0.16239482 0.04305673 0.79548657
v 0.16010775 0.04372991 0.79154982
v 0.15972674 0.03729834 0.79106652
v 0.17375104 0.04928538 0.78214558
v 0.17477146 0.04894261 0.78514337
v 0.16160155 0.03667652 0.79457224
v 0.15972674 0.03729834 0.79106652
v 0.17237513 0.04550130 0.77137251
v 0.17034644 0.03939105 0.77369930
v 0.16928133 0.03934870 0.77197561
v 0.16098823 0.03390272 0.77797971
v 0.16009794 0.03465953 0.77636674
v 0.16554834 0.03550172 0.77478273
v 0.14933381 0.03902821 0.77065710
v 0.15028608 0.03976057 0.77484162
v 0.15124640 0.04553997 0.77177402
v 0.15523945 0.03570530 0.77854224
v 0.15406769 0.03607968 0.77571328
v 0.16643013 0.03490035 0.77599666
v 0.15288471 0.03618092 0.77282202
v 0.15228729 0.03660314 0.77024038
v 0.15831360 0.03546003 0.77332275
v 0.15288461 0.03634963 0.76844270
v 0.14896560 0.03819010 0.76655029
v 0.16705335 0.04670982 0.76409636
v 0.16984688 0.04359580 0.76630480
v 0.16862426 0.04216056 0.76454551
v 0.15047912 0.03702415 0.76326082
v 0.14896560 0.03819010 0.76655029
v 0.14990880 0.04198934 0.76249247
v 0.16837618 0.03911914 0.77048231
v 0.16751074 0.03884245 0.76918865
v 0.16000418 0.04290206 0.75724545
v 0.15547193 0.04171660 0.75764696
v 0.15538210 0.04510386 0.75977872
v 0.15905528 0.03516351 0.77476797
v 0.16385254 0.03619445 0.77261458
v 0.16469516 0.03578264 0.77370609
v 0.16313116 0.03675102 0.77170816
v 0.15791333 0.03564424 0.77230824
v 0.17173695 0.03097920 0.78464692
v 0.17307107 0.05016656 0.79115277
v 0.17237316 0.04985632 0.78675507
v 0.16582952 0.04884076 0.79013425
v 0.16069705 0.04566466 0.75973042
v 0.15567610 0.04717635 0.76353606
v 0.16667645 0.03867390 0.76769558
v 0.14997022 0.04404384 0.76651034
v 0.16526641 0.04479046 0.76119702
v 0.16701521 0.04031018 0.76355239
v 0.14933381 0.03902821 0.77065710
v 0.16412447 0.04937409 0.76780272
v 0.15718476 0.04911562 0.76933953
v 0.15918297 0.04991495 0.77486341
v 0.15227513 0.03986560 0.77836551
v 0.17110689 0.04469741 0.76867777
v 0.15227513 0.03986560 0.77836551
v 0.15315262 0.04615889 0.77740471
v 0.16840281 0.04798833 0.76749973
v 0.17334020 0.04594348 0.77360430
v 0.17144174 0.03925721 0.77506884
v 0.16194902 0.03306455 0.77951564
v 0.16161099 0.05021147 0.78097060
v 0.16228330 0.05028062 0.78264737
v 0.16856108 0.05088354 0.78014218
v 0.16979033 0.04907527 0.77159416
v 0.15510858 0.04629417 0.78234237
v 0.15400076 0.03956183 0.78162606
v 0.15524459 0.03925025 0.78388676
v 0.15626697 0.03876896 0.78567007
v 0.15524459 0.03925025 0.78388676
v 0.15776750 0.03489456 0.78261740
v 0.17979344 0.04553813 0.78640276
v 0.15660350 0.03525388 0.78083342
v 0.16751280 0.03406653 0.77707190
v 0.16925208 0.05078587 0.78212580
v 0.16788766 0.02982529 0.79108953
v 0.16379392 0.03256409 0.79285741
v 0.17766633 0.03697312 0.78703065
v 0.17358382 0.03082013 0.78809263
v 0.17697074 0.04894433 0.78908224
v 0.15696349 0.04583722 0.78610997
v 0.15617153 0.04605012 0.78447999
v 0.16350854 0.03152340 0.78234165
v 0.16022367 0.03373840 0.78653755
v 0.17316642 0.03866894 0.77817489
v 0.17508714 0.04618412 0.77755849
v 0.16917346 0.03241004 0.77954405
v 0.17306220 0.04966951 0.77974804
v 0.15769114 0.03824777 0.78797646
v 0.17006282 0.05040615 0.78406261
v 0.16375428 0.04983733 0.78684444
v 0.15825687 0.04532485 0.78840075
v 0.15769114 0.03824777 0.78797646
v 0.15888112 0.03445159 0.78421656
v 0.16286193 0.05002521 0.78492223
v 0.15626697 0.03876896 0.78567007
v 0.16295196 0.03260783 0.78091488
v 0.17235447 0.03904665 0.77680663
v 0.17436501 0.04617359 0.77577418
v 0.16832429 0.03354646 0.77836266
v 0.17237130 0.04976707 0.77776453
v 0.16249391 0.04785549 0.76326065
v 0.15028608 0.03976057 0.77484162
v 0.15130061 0.03895277 0.76027222
v 0.17306220 0.04966951 0.77974804
v 0.17237130 0.04976707 0.77776453
v 0.16526641 0.04479046 0.76119702
v 0.17375104 0.04928538 0.78214558
v 0.16840281 0.04798833 0.76749973
v 0.16586234 0.05033539 0.77280424
v 0.17697074 0.04894433 0.78908224
v 0.17477146 0.04894261 0.78514337
v 0.16705335 0.04670982 0.76409636
v 0.16342421 0.04207230 0.75886350
v 0.16758797 0.05073913 0.77758857
v 0.15625623 0.03965253 0.75884038
v 0.15547193 0.04171660 0.75764696
v 0.16000418 0.04290206 0.75724545
v 0.16257037 0.03726262 0.77110936
v 0.15291013 0.03822922 0.76035011
v 0.16643639 0.03909580 0.76771185
v 0.16570427 0.04039765 0.76396481
v 0.15361320 0.03651199 0.76746117
v 0.15047912 0.03702415 0.76326082
v 0.16277116 0.04067746 0.75962583
v 0.16342421 0.04207230 0.75886350
v 0.16061833 0.04103635 0.75830092
v 0.15769384 0.03604351 0.77214008
v 0.15182213 0.03732949 0.76280365
v 0.15130061 0.03895277 0.76027222
v 0.15749670 0.03834522 0.76055983
v 0.15948957 0.03729712 0.76451013
v 0.17119682 0.04971285 0.77527216
v 0.15400076 0.03956183 0.78162606
v 0.17119682 0.04971285 0.77527216
v 0.19429477 0.05068262 0.76429667
v 0.19162137 0.04846967 0.76884905
v 0.19372176 0.06749455 0.76597044
v 0.17744749 0.06709848 0.72912550
v 0.19616615 0.06467811 0.76231222
v 0.17317942 0.04985706 0.72640123
v 0.19249924 0.07083522 0.77226333
v 0.18797353 0.06942592 0.77078313
v 0.19453250 0.08741188 0.77528497
v 0.17465180 0.07785186 0.72681761
v 0.17283663 0.09395719 0.72296259
v 0.19264562 0.08891372 0.76219070
v 0.17104248 0.07989036 0.71775464
v 0.19317097 0.09019952 0.77711598
v 0.18961391 0.09068524 0.77509024
v 0.19962020 0.10424365 0.78460497
v 0.19454502 0.10803844 0.77418594
v 0.17345734 0.10590833 0.73065323
v 0.19397032 0.10958103 0.78707673
v 0.18958334 0.10736175 0.78765892
v 0.19339962 0.11969072 0.79446337
v 0.18964644 0.12233711 0.78784569
v 0.17457487 0.12012979 0.76013153
v 0.18333584 0.04973547 0.76899815
v 0.16020647 0.05465431 0.70374898
v 0.18254557 0.06925327 0.75608128
v 0.18633933 0.06755045 0.76891374
v 0.18645328 0.06869352 0.76617180
v 0.18507866 0.06838643 0.76131799
v 0.16856837 0.06752287 0.72881058
v 0.16324530 0.06631765 0.70626069
v 0.18009754 0.06895171 0.75111358
v 0.17003926 0.06776106 0.73180759
v 0.16320659 0.06757962 0.71718598
v 0.17712367 0.06875455 0.74648041
v 0.17416310 0.06863388 0.74005324
v 0.18107916 0.06914287 0.75316500
v 0.16231639 0.06738929 0.71141878
v 0.16322613 0.06543128 0.70504883
v 0.16940416 0.06774451 0.73040924
v 0.16709822 0.06780069 0.72615701
v 0.17879453 0.06868174 0.74933423
v 0.16076323 0.06315412 0.70308265
v 0.15983040 0.05594953 0.70297339
v 0.16486585 0.06773676 0.72208531
v 0.18005117 0.07306058 0.76981269
v 0.15809955 0.08527673 0.69581419
v 0.18208668 0.09188018 0.76124628
v 0.18012950 0.09340174 0.75164725
v 0.18429932 0.08926240 0.77077226
v 0.18295379 0.09086921 0.76479028
v 0.16388824 0.09562795 0.72184506
v 0.16008971 0.09680823 0.70093200
v 0.15837073 0.09659948 0.69889512
v 0.17816887 0.09420343 0.74722241
v 0.16588449 0.09540968 0.72583240
v 0.15986602 0.09676438 0.70972652
v 0.16793159 0.09473261 0.73284835
v 0.17924182 0.09396552 0.74936994
v 0.17139265 0.09406274 0.73867021
v 0.16002625 0.09724224 0.70516238
v 0.16067901 0.09560711 0.69983720
v 0.16502234 0.09533247 0.72380104
v 0.16302047 0.09565656 0.71973452
v 0.17592276 0.09437132 0.74362693
v 0.15868126 0.09427746 0.69654148
v 0.15852842 0.08796640 0.69496215
v 0.16155360 0.09594475 0.71580362
v 0.18241255 0.09264073 0.77363873
v 0.15992398 0.11496010 0.70893365
v 0.18606487 0.11086507 0.77252287
v 0.18415734 0.11306864 0.76569552
v 0.18612442 0.10798909 0.78035943
v 0.18638607 0.10993924 0.77549369
v 0.16766695 0.11974876 0.73736540
v 0.16126036 0.12416164 0.71489842
v 0.18203723 0.11464836 0.76163151
v 0.17446980 0.11708956 0.74892654
v 0.17061650 0.11911235 0.74136785
v 0.16277585 0.12307008 0.72438502
v 0.17962584 0.11543667 0.75798171
v 0.18323975 0.11404598 0.76320399
v 0.18062372 0.11515968 0.75965197
v 0.16118809 0.12392654 0.71982010
v 0.16228947 0.12344550 0.71353712
v 0.16912999 0.11943459 0.73906040
v 0.16467272 0.11891942 0.73626982
v 0.15996053 0.12147318 0.70986130
v 0.15992398 0.11496010 0.70893365
v 0.16512132 0.12146167 0.73089393
v 0.18017661 0.11075504 0.78921602
v 0.16170961 0.12511690 0.74671688
v 0.16125082 0.13335541 0.74907380
v 0.20453842 0.10267966 0.78451905
v 0.20407925 0.09801634 0.78109585
v 0.17565194 0.07949877 0.77897311
v 0.17616431 0.07880759 0.78573560
v 0.17821001 0.08367739 0.78663121
v 0.19978744 0.11334684 0.79688832
v 0.20004730 0.10842797 0.79559349
v 0.18272869 0.11996760 0.79906751
v 0.17966239 0.11903794 0.79468696
v 0.20015555 0.05372382 0.76989058
v 0.19743073 0.05163891 0.77043456
v 0.18402404 0.05335937 0.77945357
v 0.18225354 0.05691690 0.77764624
v 0.18112712 0.05481439 0.77384388
v 0.19772781 0.11673518 0.79878903
v 0.19476460 0.11820103 0.79883867
v 0.17931839 0.11281560 0.79271867
v 0.17964239 0.11216405 0.79554546
v 0.17906515 0.11457264 0.79533307
v 0.17852895 0.11564447 0.79308942
v 0.17952020 0.10328063 0.78838928
v 0.17883950 0.09752147 0.78442751
v 0.17830666 0.09707220 0.78927630
v 0.19277191 0.04841930 0.77202631
v 0.17732083 0.07349965 0.78447999
v 0.20172170 0.07376925 0.77328319
v 0.18088696 0.05979351 0.77914322
v 0.18106851 0.05999995 0.77639214
v 0.18040582 0.10795000 0.79395566
v 0.18408452 0.05072692 0.77264550
v 0.18698097 0.04821399 0.77061614
v 0.18781705 0.04806828 0.77429364
v 0.17845529 0.09187598 0.78797301
v 0.20411328 0.08490411 0.77555782
v 0.20400502 0.07986427 0.77282770
v 0.18781705 0.04806828 0.77429364
v 0.18698097 0.04821399 0.77061614
v 0.18784939 0.12119115 0.79895964
v 0.18037862 0.06587362 0.77829018
v 0.20087806 0.09142494 0.78048513
v 0.20057097 0.06549382 0.77211763
v 0.20150727 0.05943174 0.77047529
v 0.17796463 0.09169649 0.79416750
v 0.17871478 0.09605095 0.79524130
v 0.17876975 0.08299947 0.79256879
v 0.17816635 0.07823045 0.79076943
v 0.17943608 0.07603640 0.79691278
v 0.17861412 0.10906541 0.79833994
v 0.17937653 0.11471847 0.79911113
v 0.18989368 0.11958565 0.80375790
v 0.18165836 0.11798444 0.80289940
v 0.18277711 0.11767156 0.80733627
v 0.17836032 0.07222619 0.78926711
v 0.17920743 0.10171925 0.79622004
v 0.17853222 0.09631605 0.80060906
v 0.17957003 0.06446610 0.78621438
v 0.18070665 0.05871080 0.78355825
v 0.18087172 0.05752641 0.78837312
v 0.17982251 0.06149777 0.79770777
v 0.18062064 0.06903938 0.80042240
v 0.17919284 0.07106564 0.79517082
v 0.17729157 0.10352619 0.80757140
v 0.17751994 0.11179715 0.80737789
v 0.17772457 0.11124440 0.80333951
v 0.20211693 0.10379225 0.78961401
v 0.17913058 0.06340062 0.79205825
v 0.18196814 0.05534844 0.79296751
v 0.18197655 0.05244733 0.80000201
v 0.18034834 0.08260004 0.79846698
v 0.18178904 0.07554984 0.80225207
v 0.19541887 0.04688205 0.78740953
v 0.19319284 0.04762912 0.77926791
v 0.20120234 0.05209786 0.77780482
v 0.19987558 0.08954910 0.78200088
v 0.17846137 0.10306543 0.81616316
v 0.17980374 0.09592849 0.80786409
v 0.18402048 0.06739920 0.80877513
v 0.18479318 0.07406062 0.80998065
v 0.17793452 0.10338037 0.80164407
v 0.18257828 0.08160664 0.80429017
v 0.20655991 0.10425515 0.81510012
v 0.20475426 0.10464066 0.80838839
v 0.20310276 0.11008096 0.81133721
v 0.20721623 0.08274390 0.79279523
v 0.21154927 0.08204384 0.80394728
v 0.21425333 0.07630038 0.80216013
v 0.19745120 0.11569533 0.81139382
v 0.19886292 0.11487606 0.81744167
v 0.20683736 0.08852719 0.79658806
v 0.21061289 0.08861421 0.80643899
v 0.20927296 0.09399590 0.80033509
v 0.20317979 0.11368243 0.83648601
v 0.20553957 0.11352446 0.85090665
v 0.20974923 0.10848396 0.84879254
v 0.21171173 0.09424857 0.80906292
v 0.20717406 0.09980366 0.80397319
v 0.21565777 0.10021114 0.84774772
v 0.21194010 0.10284501 0.83301935
v 0.21291116 0.07024013 0.80098259
v 0.20821337 0.07176534 0.79034876
v 0.21069673 0.07731155 0.79050940
v 0.21935384 0.06435178 0.83040723
v 0.21847879 0.05555248 0.83123426
v 0.21499809 0.05968235 0.81595060
v 0.22095467 0.07256533 0.83093293
v 0.22036613 0.07920273 0.83166323
v 0.22407557 0.07669879 0.84574287
v 0.21814992 0.09140475 0.83288479
v 0.21917109 0.08506443 0.83221439
v 0.21479421 0.08742992 0.81854912
v 0.21562954 0.04521151 0.83329136
v 0.21327012 0.05080292 0.81705281
v 0.20746058 0.06482488 0.78907188
v 0.20339526 0.06524666 0.77955865
v 0.20398212 0.07250382 0.78169755
v 0.20271100 0.08619319 0.77959481
v 0.22292157 0.08305874 0.84632134
v 0.21519243 0.09709867 0.83345818
v 0.21469465 0.09338473 0.81994937
v 0.21585585 0.06720532 0.81574924
v 0.20364897 0.08861047 0.78904775
v 0.20797779 0.05678809 0.78714911
v 0.20650953 0.05843834 0.78098965
v 0.20260752 0.10949896 0.80699338
v 0.21143541 0.06221391 0.80008742
v 0.20545002 0.10138318 0.79613440
v 0.20289600 0.10503841 0.80244920
v 0.18654667 0.04804393 0.76690382
v 0.18210472 0.06336651 0.77141776
v 0.18141914 0.06779162 0.77534676
v 0.18509428 0.06939516 0.77243210
v 0.18278038 0.08744040 0.77651851
v 0.17849839 0.08559287 0.77373323
v 0.18464549 0.07002970 0.77275889
v 0.18190113 0.10472685 0.78557452
v 0.17816326 0.09921073 0.77825201
v 0.18154879 0.09217015 0.78068571
v 0.19790195 0.10021525 0.77058355
v 0.18028748 0.07072407 0.77553754
v 0.19679768 0.08567616 0.76091977
v 0.18481543 0.08880752 0.77472178
v 0.18361413 0.07092598 0.76753667
v 0.18319328 0.09104756 0.77756501
v 0.18408666 0.10733623 0.78487069
v 0.18557177 0.08967996 0.77497585
v 0.18509110 0.10756058 0.78486846
v 0.18517018 0.10753795 0.78651504
v 0.19369334 0.11402242 0.78535644
v 0.18557177 0.08967996 0.77497585
v 0.18432784 0.09128818 0.77218672
v 0.18181680 0.10783775 0.79138751
v 0.18919194 0.10836534 0.78498073
v 0.18234234 0.12236403 0.79201328
v 0.18517018 0.10753795 0.78651504
v 0.16947268 0.02905799 1.19573474
v 0.17134574 0.01423428 1.18867149
v 0.22971900 0.04647229 1.19607127
v 0.23931165 -0.01102450 1.18363759
v 0.24341670 0.00337938 1.18690289
v 0.22134748 0.05298005 1.19750244
v 0.18298501 -0.02072093 1.19373803
v 0.17645493 -0.00053537 1.18137634
v 0.21192308 0.05624712 1.19968982
v 0.20181218 0.05685901 1.20226521
v 0.17746722 0.04649598 1.20274573
v 0.23061893 -0.02202166 1.17984799
v 0.22817651 -0.02664970 1.19626294
v 0.21768589 -0.02807619 1.17697261
v 0.17258452 0.03944409 1.20021803
v 0.24336845 0.02013877 1.19044666
v 0.20602081 -0.02809892 1.17496086
v 0.23763744 0.03536911 1.19421386
v 0.21704041 0.05660438 1.18071831
v 0.17427528 0.01527292 1.17391771
v 0.18316861 0.04647743 1.18782078
v 0.18355421 0.05109510 1.20413388
v 0.24267691 -0.00827314 1.16580830
v 0.22235911 -0.02370423 1.15951161
v 0.17747170 0.03942503 1.18576334
v 0.24756465 0.02235278 1.17258650
v 0.21036124 -0.02358449 1.15821037
v 0.17373123 0.02930303 1.18128852
v 0.24183615 0.03731522 1.17609193
v 0.23425162 0.04735052 1.17773907
v 0.24712529 0.00576945 1.16943442
v 0.22590000 0.05338104 1.17883560
v 0.18425960 -0.01380504 1.17614063
v 0.17921612 0.00173040 1.16644772
v 0.20712582 0.05641923 1.18374134
v 0.18688693 0.04689085 1.17606017
v 0.18943751 0.05138880 1.18865845
v 0.24550370 -0.00580400 1.15151631
v 0.23446064 -0.01854519 1.16205892
v 0.22591085 -0.02032800 1.14587208
v 0.18094820 0.03949012 1.17428411
v 0.25033088 0.02430748 1.15895532
v 0.21391774 -0.01968033 1.14469788
v 0.17677342 0.02902138 1.17028323
v 0.24446562 0.03890608 1.16245898
v 0.17653943 0.01576458 1.16319468
v 0.23686054 0.04898256 1.16391823
v 0.24996565 0.00812192 1.15532274
v 0.22850573 0.05522714 1.16479412
v 0.18721757 -0.00984416 1.16109890
v 0.18117965 0.00309465 1.15542002
v 0.22023273 0.05862243 1.16660016
v 0.21022139 0.05739084 1.16948858
v 0.18859919 0.04490590 1.16610004
v 0.18303063 0.03724323 1.16414812
v 0.25213923 0.02725156 1.14583553
v 0.21786658 -0.01545602 1.12924395
v 0.17924603 0.02722064 1.15957324
v 0.24582444 0.04064899 1.15011601
v 0.17881836 0.01465128 1.15178922
v 0.23771539 0.05042030 1.15278389
v 0.25274687 0.01190934 1.14042498
v 0.22919655 0.05629102 1.15535550
v 0.18961792 -0.00651262 1.14942800
v 0.18358411 0.00379815 1.14350418
v 0.22041380 0.05970264 1.15812245
v 0.21132520 0.05822873 1.16031462
v 0.19331279 0.05175603 1.17596022
v 0.24087594 -0.01075877 1.13175572
v 0.24854523 -0.00153478 1.13540045
v 0.23757387 -0.01537161 1.14792763
v 0.23008872 -0.01553653 1.12961782
v 0.18875651 0.04564606 1.15248848
v 0.19518629 0.05041490 1.16533904
v 0.24357973 -0.00426925 1.11559974
v 0.25106778 0.00499647 1.12001573
v 0.23321101 -0.00970838 1.11392453
v 0.18354290 0.03770658 1.15119003
v 0.25459868 0.01806718 1.12567299
v 0.25281835 0.03265564 1.13194271
v 0.22098281 -0.01038079 1.11479674
v 0.18012315 0.02819497 1.14721154
v 0.24606264 0.04495465 1.13700268
v 0.17964239 0.01681503 1.13903772
v 0.23729840 0.05371089 1.14078303
v 0.22865521 0.05938075 1.14381642
v 0.19283725 -0.00414494 1.13660819
v 0.18468279 0.00712975 1.13086679
v 0.21898927 0.06237610 1.14737234
v 0.21059035 0.06020280 1.14930642
v 0.18758709 0.04805769 1.13376368
v 0.18257109 0.04050368 1.13308504
v 0.25292867 0.03969203 1.11351612
v 0.22314518 -0.00677461 1.10218264
v 0.17945299 0.03160386 1.13003103
v 0.24584857 0.05156386 1.11836859
v 0.17906730 0.02159636 1.12377635
v 0.23659936 0.05939937 1.12213111
v 0.25245156 0.01229475 1.10412051
v 0.25523827 0.02538746 1.10828030
v 0.22718254 0.06427138 1.12542906
v 0.19493287 -0.00080922 1.12355014
v 0.18471700 0.01095451 1.11690566
v 0.21728730 0.06629512 1.12889338
v 0.20922547 0.06362040 1.13094435
v 0.19519050 0.05193081 1.15235297
v 0.24510933 0.00242537 1.10098615
v 0.23529785 -0.00427164 1.10047388
v 0.17962079 0.04421690 1.10856446
v 0.17732897 0.03506984 1.10610318
v 0.25130717 0.05052890 1.08946012
v 0.24394466 0.06183635 1.09371719
v 0.17753508 0.02504290 1.10251260
v 0.23448822 0.06874586 1.09721048
v 0.25248212 0.02268559 1.08307740
v 0.25444509 0.03657239 1.08538067
v 0.22458971 0.07267928 1.10095250
v 0.19520583 0.00177281 1.11077435
v 0.18402890 0.01447967 1.09666088
v 0.21497135 0.07288110 1.10421401
v 0.20646708 0.07062161 1.10719971
v 0.18386624 0.05278748 1.10967592
v 0.19402715 0.05460021 1.13384403
v 0.24596446 0.01160524 1.08130881
v 0.23697103 0.00291089 1.08246228
v 0.22509132 -0.00115206 1.08404578
v 0.17643408 0.03849957 1.07330414
v 0.17711209 0.02876809 1.07018572
v 0.23243288 0.07542261 1.06585109
v 0.25048867 0.03023553 1.05608429
v 0.25180916 0.04417805 1.05707150
v 0.22286501 0.07881404 1.06917611
v 0.19453063 0.00549448 1.09120264
v 0.18324180 0.01943294 1.06622217
v 0.21308559 0.07799320 1.07273861
v 0.20449477 0.07566024 1.07508021
v 0.18208257 0.05754813 1.07706109
v 0.19042222 0.06042640 1.10993212
v 0.24464016 0.01890038 1.05624888
v 0.23586191 0.01011489 1.05781745
v 0.17817018 0.04893330 1.07597760
v 0.24844148 0.05711164 1.05946826
v 0.22422532 0.00615223 1.05885503
v 0.24141868 0.06865958 1.06225494
v 0.24713866 0.03955498 1.02183168
v 0.24815161 0.05174321 1.02215139
v 0.22163987 0.08384070 1.03378486
v 0.19338607 0.01162624 1.06280644
v 0.18543632 0.02652299 1.03180408
v 0.21206462 0.08236849 1.03701460
v 0.20374011 0.07976865 1.03920108
v 0.18008912 0.03537479 1.03506648
v 0.18263531 0.06179092 1.04082849
v 0.18817909 0.06550784 1.07766775
v 0.24170864 0.02857898 1.02288888
v 0.23343873 0.02072832 1.02456777
v 0.17958415 0.05353176 1.04004989
v 0.24527637 0.06294959 1.02408169
v 0.22233938 0.01684188 1.02589051
v 0.17855522 0.04425907 1.03766427
v 0.23915450 0.07262534 1.02662153
v 0.23081804 0.07961730 1.03003637
v 0.21400608 0.08687335 0.99904706
v 0.20494336 0.08424500 1.00091573
v 0.18406591 0.04113330 0.99951631
v 0.18464108 0.06679234 1.00318824
v 0.18792184 0.06999101 1.04115010
v 0.23769277 0.03754946 0.98633768
v 0.24264325 0.04711779 0.98564121
v 0.23022201 0.02967005 0.98814272
v 0.18248116 0.05808598 1.00296481
v 0.24257734 0.06764533 0.98790904
v 0.22026807 0.02599679 0.99022356
v 0.18187065 0.04917244 1.00147190
v 0.23727332 0.07631515 0.99037222
v 0.23040953 0.08281028 0.99390385
v 0.24430727 0.05738321 0.98610579
v 0.22253214 0.08644605 0.99655401
v 0.19498026 0.01974301 1.02903055
v 0.18901050 0.03347837 0.99699898
v 0.18753680 0.07177926 0.97021715
v 0.18948481 0.07455859 1.00185703
v 0.23426864 0.04381483 0.95717491
v 0.23839434 0.05256093 0.95687203
v 0.22788251 0.03692636 0.95857243
v 0.18552549 0.06314496 0.97052192
v 0.23930146 0.07056142 0.95856496
v 0.21928373 0.03304371 0.95950537
v 0.18539435 0.05453307 0.96973017
v 0.23606606 0.07786943 0.96049905
v 0.18806467 0.04618563 0.96788201
v 0.23108904 0.08356539 0.96249854
v 0.23981523 0.06195432 0.95729270
v 0.22475657 0.08754163 0.96417086
v 0.19707961 0.02785488 0.99454884
v 0.19260635 0.03934179 0.96581431
v 0.21712324 0.08940410 0.96487480
v 0.20819644 0.08843950 0.96619665
v 0.18778339 0.06751577 0.94351009
v 0.23597295 0.07220805 0.93437625
v 0.21919652 0.03781892 0.93386030
v 0.18818834 0.05853818 0.94263420
v 0.23458544 0.07912289 0.93587662
v 0.19133018 0.05010042 0.94096289
v 0.23131432 0.08468987 0.93736384
v 0.23414936 0.05645311 0.93276845
v 0.23573877 0.06461174 0.93329287
v 0.22615613 0.08874088 0.93861181
v 0.19953475 0.03450079 0.96349600
v 0.19587429 0.04375437 0.93934005
v 0.21905321 0.09111544 0.93974289
v 0.21077049 0.09159142 0.93974289
v 0.18953827 0.07614951 0.94344378
v 0.19198520 0.07920525 0.96867944
v 0.23105818 0.04854389 0.93301238
v 0.22589289 0.04210223 0.93370796
v 0.18960006 0.06989266 0.92325316
v 0.19139768 0.06068104 0.92229782
v 0.23233726 0.07986877 0.91736779
v 0.19506794 0.05264289 0.92090309
v 0.23017817 0.08551201 0.91854745
v 0.23100696 0.05902142 0.91465967
v 0.23248626 0.06636756 0.91521117
v 0.22586906 0.08968828 0.91957199
v 0.20201242 0.03900447 0.93719936
v 0.19947998 0.04667929 0.91958035
v 0.21934796 0.09239890 0.92056009
v 0.21186317 0.09317608 0.92090688
v 0.19031490 0.07856697 0.92375518
v 0.19394900 0.08326561 0.94248844
v 0.22840197 0.05208448 0.91440259
v 0.22433347 0.04609241 0.91462791
v 0.23307108 0.07327269 0.91633946
v 0.21836941 0.04155753 0.91472508
v 0.19266422 0.06179951 0.90812903
v 0.19651220 0.05446665 0.90667111
v 0.22729724 0.08692074 0.90328887
v 0.22929807 0.06155039 0.89971289
v 0.23034559 0.06791679 0.90042006
v 0.22371623 0.09100710 0.90425345
v 0.20448290 0.04260615 0.91765005
v 0.20077551 0.04920286 0.90540999
v 0.21838820 0.09397318 0.90549886
v 0.21221307 0.09538247 0.90593703
v 0.19091999 0.07999795 0.90982959
v 0.19439480 0.08583947 0.92292131
v 0.22714833 0.05484030 0.89939619
v 0.22366688 0.04907856 0.89955716
v 0.19055234 0.07085017 0.90944275
v 0.23059182 0.07497167 0.90144115
v 0.21880513 0.04488757 0.89926347
v 0.22959393 0.08156102 0.90247895
v 0.22837580 0.06353729 0.88796275
v 0.22882515 0.06988490 0.88857604
v 0.22459260 0.08830965 0.89119523
v 0.22140898 0.09246266 0.89222100
v 0.20525232 0.04717830 0.89366292
v 0.20046917 0.05061265 0.89571741
v 0.20008106 0.05078872 0.88846789
v 0.21687992 0.09578565 0.89388802
v 0.21516729 0.09791510 0.88426163
v 0.21044275 0.10007392 0.88703667
v 0.19650088 0.05513682 0.89729439
v 0.19647247 0.05545548 0.89098378
v 0.19060554 0.08068119 0.90126502
v 0.19465365 0.08780001 0.90895488
v 0.22668233 0.05711002 0.88766110
v 0.22320537 0.05118659 0.88782625
v 0.22319725 0.05163891 0.87837899
v 0.19070386 0.07116296 0.90068154
v 0.22834439 0.07669972 0.88943739
v 0.21772413 0.04673551 0.88855392
v 0.21821854 0.04635073 0.87960907
v 0.19307562 0.06189524 0.89905921
v 0.22682040 0.08300125 0.89034815
v 0.20781954 0.09382109 0.79502712
v 0.20957965 0.07797459 0.78647386
v 0.20238410 0.04964476 0.78737705
v 0.20593584 0.08392745 0.78474393
v 0.20640557 0.09612835 0.78924527
v 0.20802024 0.07855959 0.78092859
v 0.19875795 0.11446934 0.80221323
v 0.19780324 0.07123362 0.77610536
v 0.19810229 0.06676167 0.77425023
v 0.20131170 0.11099445 0.80305530
v 0.20174011 0.10832486 0.80083332
v 0.19959393 0.10702671 0.79394324
v 0.20620450 0.09966279 0.78941822
v 0.19714916 0.11602895 0.80607928
v 0.18186438 0.08811840 0.80635904
v 0.18476439 0.08627322 0.81248851
v 0.18200096 0.09313945 0.81458495
v 0.22319725 0.05163891 0.87837899
v 0.21821854 0.04635073 0.87960907
v 0.21756138 0.04428949 0.87020065
v 0.22644789 0.05825107 0.87793525
v 0.22292250 0.05063253 0.86878575
v 0.16562929 0.03241444 0.79696393
v 0.18190121 0.04578402 0.79124889
v 0.16437789 0.04244478 0.80032957
v 0.16963113 0.04881507 0.79908628
v 0.16748401 0.04875862 0.79411775
v 0.17524980 0.05047357 0.79599929
v 0.17562110 0.03072250 0.79221520
v 0.18058774 0.03627797 0.79122989
v 0.17899541 0.04907248 0.79409591
v 0.16978435 0.02960753 0.79464272
v 0.16160155 0.03667652 0.79457224
v 0.16362752 0.03630572 0.79863246
v 0.17158055 0.02992992 0.79935028
v 0.16753655 0.03261028 0.80122557
v 0.16521172 0.03630483 0.80269291
v 0.18352494 0.04564043 0.79575179
v 0.17899541 0.04907248 0.79409591
v 0.16362752 0.03630572 0.79863246
v 0.16540672 0.04194650 0.80372642
v 0.17106679 0.04899187 0.80225569
v 0.17666684 0.05019370 0.79974465
v 0.18071796 0.04956576 0.79830701
v 0.17792966 0.03073604 0.79692270
v 0.18289116 0.03701780 0.79527897
v 0.18511186 0.03662755 0.79932604
v 0.17992338 0.03025509 0.80175088
v 0.17283112 0.03002631 0.80402507
v 0.16890882 0.03256861 0.80536230
v 0.16625186 0.03607974 0.80615221
v 0.18511232 0.04670180 0.79912423
v 0.18071796 0.04956576 0.79830701
v 0.16521172 0.03630483 0.80269291
v 0.16625869 0.04194633 0.80609499
v 0.17184847 0.04870442 0.80466476
v 0.17804529 0.05063543 0.80247873
v 0.18224045 0.04940763 0.80148550
v 0.16741129 0.04243391 0.80889019
v 0.17281269 0.04884221 0.80690947
v 0.17880163 0.05027176 0.80527816
v 0.18341380 0.04930522 0.80436991
v 0.18744650 0.03631296 0.80336576
v 0.18221783 0.02942455 0.80665540
v 0.18678953 0.04696117 0.80219016
v 0.17467528 0.02972109 0.80853075
v 0.17024081 0.03243193 0.80922205
v 0.16743680 0.03654749 0.80935271
v 0.18224045 0.04940763 0.80148550
v 0.16743680 0.03654749 0.80935271
v 0.16876384 0.03756217 0.81335465
v 0.16808836 0.04203236 0.81148080
v 0.18476084 0.04955918 0.80692480
v 0.18917885 0.04587544 0.80517141
v 0.17136947 0.03252404 0.81435763
v 0.16876384 0.03756217 0.81335465
v 0.17394314 0.04892021 0.80977120
v 0.17971062 0.04933753 0.80856825
v 0.18476084 0.04955918 0.80692480
v 0.19037837 0.03678273 0.80702581
v 0.18564374 0.02866507 0.81154348
v 0.17676659 0.02883662 0.81398777
v 0.18701360 0.02677600 0.81819364
v 0.17943644 0.02727168 0.82091919
v 0.17331431 0.03337624 0.82147988
v 0.17006619 0.04005927 0.81999188
v 0.18777975 0.04935270 0.80749401
v 0.19361472 0.04599663 0.80768284
v 0.17006619 0.04005927 0.81999188
v 0.17203916 0.04702853 0.81736723
v 0.17681314 0.04838315 0.81428190
v 0.18211593 0.05037812 0.81067667
v 0.18777975 0.04935270 0.80749401
v 0.19326239 0.03474735 0.81223561
v 0.18082527 0.02618311 0.82935550
v 0.17106837 0.04302921 0.82829012
v 0.17553369 0.05306022 0.83126362
v 0.17754742 0.05862037 0.83752286
v 0.18305680 0.06520777 0.82265620
v 0.17243075 0.04710937 0.83853598
v 0.17517249 0.05067332 0.84805935
v 0.17552191 0.03888496 0.84227153
v 0.17777037 0.04480845 0.85411405
v 0.17517249 0.05067332 0.84805935
v 0.18027402 0.06377193 0.84172918
v 0.18560850 0.06991772 0.82493150
v 0.18306148 0.06998371 0.84388646
v 0.18765757 0.07554741 0.82548884
v 0.18536163 0.07723088 0.84459118
v 0.19615259 0.02496907 0.84068324
v 0.20895961 0.03298376 0.83762243
v 0.20879547 0.03241377 0.85055846
v 0.18695105 0.08200925 0.82674512
v 0.18254687 0.08650981 0.84476954
v 0.18402086 0.08990497 0.82879754
v 0.18029879 0.09849637 0.84257971
v 0.18023822 0.09607581 0.85575700
v 0.18150206 0.10627869 0.84945090
v 0.18039265 0.10071453 0.82927237
v 0.18061812 0.11202645 0.83752370
v 0.18464549 0.07002970 0.77275889
v 0.17838967 0.07226676 0.77970497
v 0.18008585 0.06499304 0.78217188
v 0.18382876 0.05258010 0.80542453
v 0.18182269 0.05896598 0.81744351
v 0.18321096 0.06095904 0.80636383
v 0.17398586 0.04879830 0.82428406
v 0.17996040 0.08575243 0.77963448
v 0.18349130 0.10827831 0.78927837
v 0.17899354 0.10276566 0.79087051
v 0.17941243 0.08976690 0.80030344
v 0.20903692 0.09927430 0.81228592
v 0.20431239 0.05926391 0.77580538
v 0.20287318 0.06357955 0.77558618
v 0.20225070 0.05509248 0.77459652
v 0.20663039 0.08243907 0.77972458
v 0.19164493 0.11845304 0.80972618
v 0.17933736 0.05260149 0.81732522
v 0.20583002 0.10969807 0.82378694
v 0.20766633 0.10971797 0.83470626
v 0.22317752 0.06161546 0.84465348
v 0.22115931 0.05218500 0.84551749
v 0.21161218 0.09856404 0.82140572
v 0.20873544 0.10408960 0.82256499
v 0.21850879 0.09508857 0.84723740
v 0.22110658 0.08943448 0.84682369
v 0.21694909 0.04130033 0.84703408
v 0.21744706 0.07472563 0.81640610
v 0.21591726 0.08101519 0.81745838
v 0.22431123 0.06981330 0.84507119
v 0.17875985 0.11327515 0.81461889
v 0.18152992 0.08425761 0.85986141
v 0.18358300 0.07344394 0.86028637
v 0.18350111 0.05303319 0.81074454
v 0.18942788 0.04951717 0.80329845
v 0.18942788 0.04951717 0.80329845
v 0.19700492 0.04829974 0.80603832
v 0.19863492 0.03472133 0.81811987
v 0.19098768 0.02524705 0.82685605
v 0.19474422 0.11639240 0.83792531
v 0.18648497 0.11533486 0.83745650
v 0.18572909 0.11139528 0.85420075
v 0.19410735 0.11692878 0.82682858
v 0.18699461 0.11759651 0.82788616
v 0.19288596 0.11743254 0.81623738
v 0.18235907 0.02765903 0.84449312
v 0.19861071 0.02898255 0.85260348
v 0.22487015 0.05938973 0.85738664
v 0.22604330 0.06742584 0.85773120
v 0.22729902 0.06603787 0.86842693
v 0.22600732 0.07441556 0.85821383
v 0.22727975 0.07287371 0.86901453
v 0.22486892 0.08086329 0.85881469
v 0.22613893 0.07930939 0.86959868
v 0.22300318 0.08717275 0.85938558
v 0.22434637 0.08546836 0.87027509
v 0.22043063 0.09298857 0.86021104
v 0.22170484 0.09120779 0.87101882
v 0.21200797 0.04404700 0.90104477
v 0.20550201 0.04566411 0.90355113
v 0.21142027 0.04047699 0.91575431
v 0.20964547 0.03223731 0.96141984
v 0.05633903 -0.09284111 1.44537653
v 0.04678479 -0.09654935 1.45610145
v 0.04117600 -0.10141024 1.46703944
v 0.03435205 -0.10776689 1.49125056
v 0.03257593 -0.11085165 1.50443019
v 0.03313679 -0.11543217 1.51415297
v 0.03715639 -0.12786481 1.52163132
v 0.03809123 -0.14310202 1.52462260
v 0.04416733 -0.14525195 1.53312928
v 0.03668904 -0.15712390 1.53041838
v 0.00378436 -0.21143531 1.59005708
v 0.00733655 -0.21003313 1.58958972
v 0.02659328 -0.17927847 1.54902070
v 0.02463022 -0.18040022 1.54808587
v 0.02444323 -0.18068065 1.55088937
v 0.02304104 -0.18152187 1.55219807
v 0.02276061 -0.18152187 1.55275893
v 0.02248018 -0.18142848 1.55322730
v 0.02219975 -0.18086752 1.55350678
v 0.02135841 -0.17796975 1.55406852
v 0.02219975 -0.17983926 1.55397514
v 0.02210625 -0.17796975 1.55406852
v 0.02556500 -0.17385658 1.55406852
v 0.02556500 -0.17292189 1.55238595
v 0.02388238 -0.17432407 1.55201198
v 0.02575194 -0.17198709 1.55135762
v 0.02659328 -0.16946306 1.55014152
v 0.02949111 -0.16329352 1.55089026
v 0.03033245 -0.13440845 1.54546846
v 0.03304336 -0.15170202 1.55397514
v 0.03453900 -0.11300169 1.55920995
v 0.02967810 -0.08963186 1.56294818
v 0.02154540 -0.08607967 1.56397740
v 0.03276287 -0.09542758 1.57902660
v 0.03538034 -0.13796057 1.58762666
v 0.03883902 -0.13674543 1.58014931
v 0.03266943 -0.15674989 1.58482227
v 0.02930418 -0.16824792 1.57715704
v 0.02565850 -0.17516538 1.56650031
v 0.02472366 -0.17553921 1.56266770
v 0.02126497 -0.17787629 1.55565682
v 0.02210625 -0.17881106 1.55453600
v 0.02163889 -0.18058709 1.55462949
v 0.02219975 -0.18114806 1.55472288
v 0.02257368 -0.18142848 1.55481548
v 0.02369539 -0.18114806 1.55406852
v 0.02304104 -0.18161535 1.55481548
v 0.02463022 -0.18142848 1.55472288
v 0.02631285 -0.18114806 1.55565682
v 0.02808891 -0.18068065 1.55659255
v 0.01023438 -0.20750919 1.58902886
v 0.01060830 -0.20704179 1.59061805
v 0.01331920 -0.20311566 1.58968321
v 0.18111871 -0.04866864 1.25930713
v 0.18896226 -0.03620856 1.21075685
v 0.19469936 -0.02329147 1.17442619
v 0.21771048 0.09831155 0.86211425
v 0.21831323 0.09625529 0.87226890
v 0.21160031 0.10447192 0.86457219
v 0.03706296 -0.10505598 1.47834951
v 0.02855634 -0.12048004 1.51050634
v 0.03566076 -0.12150826 1.51938778
v 0.03566076 -0.12150826 1.51938778
v 0.03790425 -0.13515629 1.52294002
v 0.03771731 -0.15058036 1.52705312
v 0.00958003 -0.20750919 1.58772016
v 0.01640402 -0.19638506 1.59024407
v 0.01799316 -0.19058945 1.58893536
v 0.02771499 -0.17806323 1.54752412
v 0.02921068 -0.17796975 1.54995554
v 0.02528457 -0.18040022 1.55173160
v 0.02360195 -0.18124144 1.55173160
v 0.02210625 -0.17796975 1.55406852
v 0.02285411 -0.17610018 1.55360027
v 0.03453900 -0.13431497 1.55621768
v 0.02257368 -0.08636010 1.57126876
v 0.02416280 -0.08598619 1.56640693
v 0.02257368 -0.08636010 1.57126876
v 0.03603468 -0.11552560 1.58472877
v 0.02715414 -0.17376320 1.57136126
v 0.02425630 -0.17572625 1.55902207
v 0.02126497 -0.17927847 1.55509686
v 0.02126497 -0.17927847 1.55509686
v 0.02378888 -0.18161535 1.55500336
v 0.02528457 -0.18142848 1.55490897
v 0.06622846 -0.14880425 1.62726184
v 0.06763066 -0.14422377 1.62670099
v 0.06688281 -0.14693466 1.63464670
v 0.06566755 -0.15132819 1.63427283
v 0.06473276 -0.15226298 1.64249892
v 0.06361105 -0.15600215 1.64090984
v 0.06090016 -0.16086306 1.64941641
v 0.05276745 -0.17208057 1.65278166
v 0.05416965 -0.16927619 1.65614692
v 0.04613044 -0.17666105 1.66128823
v 0.04510216 -0.17927847 1.65698826
v 0.03771731 -0.18292407 1.66484047
v 0.03678248 -0.18516766 1.65997953
v 0.02808891 -0.18638288 1.66708401
v 0.01836709 -0.18862639 1.66914056
v 0.01771273 -0.19040249 1.66306441
v 0.00901917 -0.18900021 1.67035577
v 0.00855176 -0.19058945 1.66427962
v 0.18650702 -0.04360901 1.23590559
v 0.19242538 -0.03001105 1.19074486
v 0.22222029 0.05073305 0.85795658
v 0.21053483 0.03691711 0.93524845
v 0.20863710 0.10413016 0.87807900
v 0.21044275 0.10007392 0.88703667
v 0.21516729 0.09791510 0.88426163
v 0.21161394 0.04571342 0.89092801
v 0.21112290 0.04574747 0.88250167
v 0.17923986 0.03829085 1.26808393
v 0.18337193 0.04467327 1.24372605
v 0.18671867 0.05011380 1.22308121
v 0.19180487 0.05458968 1.20418057
v 0.19728957 0.05459608 1.18772729
v 0.20073055 0.05476234 1.17398502
v 0.20252497 0.05468072 1.16335916
v 0.20246589 0.05656928 1.15167800
v 0.20135470 0.05989136 1.13305506
v 0.19835775 0.06677308 1.10891693
v 0.19578157 0.07189873 1.07662449
v 0.19526995 0.07610744 1.04019944
v 0.19599835 0.08050620 1.00151213
v 0.19913382 0.08503947 0.96747538
v 0.20169562 0.08873283 0.94108346
v 0.20280522 0.09110618 0.92142283
v 0.20349808 0.09338680 0.90685994
v 0.20319055 0.09551241 0.89768264
v 0.19924685 0.10075024 0.88331031
v 0.20142669 0.09748305 0.89027795
v 0.18425793 0.05121546 0.78383924
v 0.20387471 0.09310878 0.78698139
v 0.20513304 0.07524351 0.77860398
v 0.17949946 0.11625844 0.79768659
v 0.18765906 0.04833556 0.78897270
v 0.18835109 0.04763630 0.78109836
v 0.18835109 0.04763630 0.78109836
v 0.18765906 0.04833556 0.78897270
v 0.19924665 0.05028758 0.80098354
v 0.20267649 0.03564385 0.82120113
v 0.20892904 0.04398527 0.81983865
v 0.20666292 0.10863221 0.86851039
v 0.19299691 0.11095274 0.86062436
v 0.19791495 0.10430058 0.87564586
v 0.21003387 0.05451173 0.79901524
v 0.20502049 0.04854083 0.79958557
v 0.18007182 0.11323860 0.82830711
v 0.18537453 0.09483375 0.87270545
v 0.19206932 0.09268776 0.88197859
v 0.19791495 0.10430058 0.87564586
v 0.18663864 0.08183594 0.87546895
v 0.19016964 0.08160813 0.88364467
v 0.19005943 0.07174533 0.88250479
v 0.19138252 0.06178484 0.88056581
v 0.18761382 0.07152808 0.87476284
v 0.19269676 0.05239851 0.87695228
v 0.18735311 0.05956534 0.87340254
v 0.19443509 0.04370975 0.87139363
v 0.18601729 0.05249340 0.86947955
v 0.20203083 0.03737957 0.86609647
v 0.18435486 0.03542332 0.85803620
v 0.20989290 0.03559242 0.86267188
v 0.19299691 0.11095274 0.86062436
v 0.18572909 0.11139528 0.85420075
v 0.18216641 0.09633044 0.86514286
v 0.18372379 0.08218424 0.86947025
v 0.18150206 0.10627869 0.84945090
v 0.18023822 0.09607581 0.85575700
v 0.18192449 0.06389757 0.85944748
v 0.18152992 0.08425761 0.85986141
v 0.18358300 0.07344394 0.86028637
v 0.18539004 0.07104910 0.86950736
v 0.18192449 0.06389757 0.85944748
v 0.17892784 0.05679260 0.85528128
v 0.18088014 0.05271443 0.86343761
v 0.18390551 0.06040069 0.86787827
v 0.18471139 0.11842042 0.81440922
v 0.20441194 0.10967751 0.81703337
v 0.18534405 0.07938118 0.81076922
v 0.18438365 0.05077172 0.78784586
v 0.18876736 0.04744319 0.79613936
v 0.17790639 0.03191843 1.29608375
v 0.17130526 0.03431620 1.26758659
v 0.17529458 0.04076862 1.24336433
v 0.17884716 0.04619382 1.22268573
v 0.18355421 0.05109510 1.20413388
v 0.18943751 0.05138880 1.18865845
v 0.19331279 0.05175603 1.17596022
v 0.19518629 0.05041490 1.16533904
v 0.19519050 0.05193081 1.15235297
v 0.19402715 0.05460021 1.13384403
v 0.19042222 0.06042640 1.10993212
v 0.18817909 0.06550784 1.07766775
v 0.18792184 0.06999101 1.04115010
v 0.18948481 0.07455859 1.00185703
v 0.19198520 0.07920525 0.96867944
v 0.19394900 0.08326561 0.94248844
v 0.19439480 0.08583947 0.92292131
v 0.19465365 0.08780001 0.90895488
v 0.19371017 0.08959706 0.90026667
v 0.21737479 0.04272193 0.85988169
v 0.20082889 0.11463088 0.82523494
v 0.20950038 0.01631263 1.02729461
v 0.20990272 -0.00034354 1.08740357
v 0.20747179 -0.00676871 1.11856583
v 0.20477426 -0.01047189 1.13205671
v 0.20136255 -0.01427564 1.14566448
v 0.19841329 -0.01858458 1.15861790
v 0.20991506 0.02518063 0.99250633
v 0.20944635 0.00682023 1.06056011
v 0.20878041 -0.00431784 1.10581244
v 0.18876736 0.04744319 0.79613936
v 0.17106837 0.04302921 0.82829012
v 0.17243075 0.04710937 0.83853598
v 0.17458104 0.03495328 0.83032845
v 0.21112290 0.04574747 0.88250167
v 0.20489429 0.04765775 0.88560193
v 0.20371112 0.04322044 0.87550054
v 0.20008106 0.05078872 0.88846789
v 0.19823278 0.04813910 0.87954973
v 0.19647247 0.05545548 0.89098378
v 0.19534745 0.05460929 0.88426782
v 0.19283239 0.06253651 0.88678800
v 0.19106666 0.07144339 0.88843792
v 0.19370586 0.09165799 0.88833049
v 0.19386056 0.09067701 0.89396737
v 0.20142669 0.09748305 0.89027795
v 0.21048201 0.04181500 0.87291540
v 0.22786297 0.06510064 0.87815835
v 0.22791055 0.07154351 0.87870633
v 0.22294970 0.08967230 0.88109100
v 0.21969401 0.09409415 0.88214992
v 0.21224867 0.09791669 0.89551454
v 0.19091896 0.08101791 0.89528610
v 0.19371017 0.08959706 0.90026667
v 0.22644789 0.05825107 0.87793525
v 0.19102628 0.07117604 0.89471120
v 0.22703465 0.07801797 0.87936124
v 0.19319145 0.06206172 0.89297715
v 0.22524527 0.08425667 0.88020631
v 0.20489429 0.04765775 0.88560193
v 0.20142669 0.09748305 0.89027795
v 0.19386056 0.09067701 0.89396737
v 0.22608995 0.05863564 0.86826852
v 0.22786297 0.06510064 0.87815835
v 0.19319145 0.06206172 0.89297715
v 0.21969401 0.09409415 0.88214992
v 0.21336977 0.10111818 0.87464204
v 0.22524527 0.08425667 0.88020631
v 0.19078062 0.08129582 0.88959150
v 0.22703465 0.07801797 0.87936124
v 0.22294970 0.08967230 0.88109100
v 0.19924685 0.10075024 0.88331031
v 0.22791055 0.07154351 0.87870633
v 0.19102628 0.07117604 0.89471120
v 0.11334208 -0.16518124 0.06019639
v 0.11255994 -0.16209689 0.04900722
v 0.10059386 -0.15645636 0.05173193
v 0.07500889 -0.20895428 0.07116151
v 0.07373957 -0.20676116 0.05867050
v 0.07136086 -0.22798300 0.06136201
v 0.13613072 -0.22120557 0.05307536
v 0.13613268 -0.22229964 0.06685924
v 0.13643200 -0.24152832 0.06194944
v 0.13528922 -0.22168466 0.08121364
v 0.13311489 -0.24206526 0.07591590
v 0.13279239 -0.23238391 0.09419164
v 0.13313387 -0.22750644 0.11377067
v 0.13279239 -0.23238391 0.09419164
v 0.13552619 -0.21796773 0.09620687
v 0.13390572 -0.22521639 0.13970096
v 0.13465047 -0.21681430 0.11365401
v 0.13494717 -0.21290602 0.13891527
v 0.13770631 -0.20685202 0.17898559
v 0.13559219 -0.22214167 0.17920929
v 0.13396658 -0.19940389 0.13656921
v 0.13164222 -0.18906620 0.13675047
v 0.13164428 -0.18078769 0.17635863
v 0.13634189 -0.19046130 0.17766604
v 0.13380795 -0.20214722 0.11410963
v 0.13225123 -0.19247446 0.11283607
v 0.10323268 -0.24601458 0.14706655
v 0.10872253 -0.24620059 0.14647175
v 0.10670159 -0.24254650 0.18353017
v 0.09637009 -0.16198809 0.17482203
v 0.09961559 -0.16548122 0.13281546
v 0.09022200 -0.17238092 0.13717534
v 0.08797975 -0.23386844 0.14779327
v 0.09314540 -0.24023560 0.14766211
v 0.08750463 -0.23406485 0.18241413
v 0.12858601 -0.23316968 0.18028513
v 0.12783210 -0.23341695 0.14178395
v 0.11489402 -0.24490264 0.14531148
v 0.11262098 -0.24225755 0.18252237
v 0.08389718 -0.22383981 0.14820887
v 0.08286439 -0.22662969 0.18127489
v 0.09946920 -0.24147410 0.18365506
v 0.09230647 -0.23871852 0.18269344
v 0.09805505 -0.24416237 0.14721276
v 0.12032787 -0.23927808 0.18232299
v 0.12097896 -0.24068356 0.14492634
v 0.12362395 -0.17964715 0.13457222
v 0.08767803 -0.16813051 0.17605221
v 0.08307679 -0.18390821 0.14167645
v 0.10916889 -0.16275602 0.17400155
v 0.11201449 -0.17215797 0.13280957
v 0.12244639 -0.17050395 0.17395389
v 0.09944125 -0.25154405 0.12326619
v 0.12125743 -0.24541837 0.11677799
v 0.13596900 -0.20366905 0.09653188
v 0.10414746 -0.25271320 0.12207012
v 0.10902212 -0.25228395 0.12093145
v 0.09507708 -0.27213200 0.08808371
v 0.08778429 -0.26623318 0.08780364
v 0.08863081 -0.29061827 0.07225534
v 0.12806131 -0.23834180 0.11397418
v 0.11457722 -0.24997640 0.11924518
v 0.03566076 -0.18114806 1.62941189
v 0.04528910 -0.17217406 1.62277488
v 0.04061514 -0.17778280 1.62015836
v 0.02790198 -0.18030674 1.61987788
v 0.03182809 -0.18096109 1.62034535
v 0.02210625 -0.17853064 1.62109320
v 0.02752806 -0.18161535 1.62941189
v 0.01930186 -0.17955891 1.62539228
v 0.04211084 -0.17338928 1.61660523
v 0.04388691 -0.17722184 1.63053360
v 0.04949569 -0.16890228 1.62109219
v 0.01593666 -0.17974586 1.62567266
v 0.03229550 -0.17853064 1.61604437
v 0.02033014 -0.17890446 1.61866178
v 0.06535274 -0.37987847 0.03072855
v 0.06463960 -0.37624465 0.03119280
v 0.06060975 -0.37596487 0.02582398
v 0.08362249 -0.39093388 0.02164569
v 0.07965542 -0.38965638 0.02569261
v 0.07965581 -0.39158422 0.02459574
v 0.06550033 -0.40792961 0.01917394
v 0.06337085 -0.40627465 0.01734784
v 0.06628078 -0.40944631 0.01408031
v 0.08189099 -0.39792668 0.02109331
v 0.07918940 -0.39407292 0.02352061
v 0.07858012 -0.39508247 0.02297641
v 0.05985166 -0.39953846 0.01468441
v 0.05794376 -0.39428612 0.01436704
v 0.05991763 -0.39635632 0.00896407
v 0.05972394 -0.38255095 0.01009737
v 0.05835384 -0.38720153 0.00940396
v 0.05640155 -0.38635534 0.01504602
v 0.06554591 -0.38255663 0.02968390
v 0.06062229 -0.37976750 0.02485143
v 0.06083880 -0.37579501 0.01219727
v 0.06053308 -0.37892834 0.01080510
v 0.05859015 -0.37915007 0.01763122
v 0.05784313 -0.38219965 0.01656166
v 0.06558497 -0.38524745 0.02902771
v 0.06011771 -0.38293195 0.02441427
v 0.07988755 -0.38302179 0.00890105
v 0.08156242 -0.38750815 0.00870080
v 0.07659589 -0.38763697 0.00443208
v 0.07817305 -0.37986509 0.00971766
v 0.07354667 -0.38007468 0.00504130
v 0.07235381 -0.37712625 0.00646306
v 0.08206422 -0.40251820 0.01003552
v 0.07873486 -0.40378868 0.00624436
v 0.07890997 -0.39810213 0.00397754
v 0.07783506 -0.41160485 0.01638887
v 0.07799052 -0.40970860 0.01277718
v 0.08102525 -0.40845422 0.01424629
v 0.07426103 -0.38314791 0.00459561
v 0.08090362 -0.39943778 0.02159784
v 0.07789384 -0.39609832 0.02262644
v 0.08123686 -0.40701781 0.01887590
v 0.08010546 -0.40761029 0.01989287
v 0.07946303 -0.40907453 0.01896087
v 0.06822071 -0.41008581 0.01914853
v 0.06717862 -0.40871306 0.02012927
v 0.07831256 -0.37890357 0.02870132
v 0.08162165 -0.37924412 0.02464856
v 0.08078138 -0.37643880 0.02472071
v 0.06069294 -0.39081395 0.02231849
v 0.06232052 -0.39481458 0.02157521
v 0.06593906 -0.39270616 0.02546310
v 0.06451580 -0.40006970 0.02196151
v 0.06563846 -0.40147338 0.02191158
v 0.06728398 -0.39657638 0.02362207
v 0.07889309 -0.38214833 0.02779211
v 0.08240499 -0.38230799 0.02391558
v 0.07904911 -0.38503505 0.02740091
v 0.08301833 -0.38528483 0.02338800
v 0.06688098 -0.40167173 0.02217301
v 0.06825893 -0.39711763 0.02295641
v 0.07021764 -0.41223658 0.01618171
v 0.06739619 -0.41170288 0.01719455
v 0.06288605 -0.40358525 0.00959335
v 0.06432308 -0.39911901 0.00454820
v 0.06346201 -0.38330869 0.00449159
v 0.06339676 -0.38749121 0.00370090
v 0.06391371 -0.37593038 0.00760835
v 0.06395578 -0.37933433 0.00589546
v 0.08446416 -0.38728126 0.01296362
v 0.08199925 -0.37695921 0.01492845
v 0.08271501 -0.37937845 0.01450444
v 0.08338908 -0.40141746 0.01343109
v 0.08274850 -0.39697758 0.00931576
v 0.08035725 -0.40967823 0.01736137
v 0.08367692 -0.38225227 0.01366844
v 0.07760082 -0.41100376 0.01802509
v 0.07017808 -0.41145162 0.01790111
v 0.06005480 -0.38599340 0.02366062
v 0.06538088 -0.39031168 0.02662376
v 0.07261257 -0.38999152 0.02779267
v 0.10145003 -0.39765399 0.01725156
v 0.09857096 -0.39888896 0.02083912
v 0.09858807 -0.40054269 0.01993766
v 0.08896484 -0.40834223 0.01600420
v 0.08822618 -0.40746774 0.01506452
v 0.08880481 -0.40992782 0.01305505
v 0.09987668 -0.40439124 0.01744507
v 0.09845056 -0.40248920 0.01941542
v 0.09810535 -0.40311870 0.01867331
v 0.08702835 -0.40439553 0.00991924
v 0.08656351 -0.40313720 0.01431973
v 0.08631188 -0.39763137 0.01471250
v 0.10100741 -0.39439054 0.01758620
v 0.09866874 -0.39625088 0.02307770
v 0.07176671 -0.20456374 0.03478716
v 0.07077253 -0.20393660 0.02437950
v 0.07166469 -0.22774921 0.03449386
v 0.10073295 -0.40523236 0.00889381
v 0.09672082 -0.40755588 0.00587774
v 0.09625642 -0.39598391 0.00386209
v 0.09664342 -0.41183396 0.01362794
v 0.09690881 -0.41128907 0.01127614
v 0.09974235 -0.40946809 0.01259376
v 0.09902882 -0.40513608 0.01739971
v 0.09749689 -0.40375444 0.01814149
v 0.09915680 -0.41027798 0.01449502
v 0.09941218 -0.40806038 0.01529781
v 0.09873820 -0.40874278 0.01617827
v 0.09026429 -0.41039660 0.01582345
v 0.08996820 -0.40855619 0.01675522
v 0.07280674 -0.20627451 0.01858690
v 0.07189559 -0.22747914 0.02631537
v 0.08644064 -0.39571058 0.00753652
v 0.08684443 -0.39270100 0.01548764
v 0.09606095 -0.38847856 0.00600634
v 0.09941041 -0.38957514 0.00783941
v 0.08816940 -0.39868489 0.02099446
v 0.08824568 -0.40116712 0.01968487
v 0.09041634 -0.40074489 0.02091935
v 0.08907404 -0.40411884 0.01838842
v 0.08969256 -0.40466663 0.01794118
v 0.09090973 -0.40330145 0.01900790
v 0.09056617 -0.39635025 0.02377518
v 0.08831054 -0.39505668 0.02157243
v 0.09079266 -0.40531360 0.01763674
v 0.09133374 -0.40393973 0.01848058
v 0.09142027 -0.41174130 0.01398888
v 0.08970912 -0.41083009 0.01482437
v 0.08997684 -0.39578627 0.00394238
v 0.10178160 -0.40263710 0.01236303
v 0.10045775 -0.39609261 0.00687476
v 0.09793344 -0.41030996 0.01553857
v 0.09673354 -0.41112060 0.01467661
v 0.09152613 -0.41122101 0.01521752
v 0.08747337 -0.38967126 0.00868085
v 0.10108060 -0.39158522 0.01194654
v 0.01883450 -0.18666332 1.58734618
v 0.01902143 -0.18488722 1.58669183
v 0.02014320 -0.18413939 1.58659844
v 0.02294759 -0.17974586 1.60837903
v 0.02098448 -0.18236328 1.60538776
v 0.02771499 -0.18021326 1.60463991
v 0.01126266 -0.18815899 1.61398782
v 0.01032787 -0.19273948 1.61099644
v 0.01303877 -0.18918726 1.60940736
v 0.00714961 -0.20115259 1.60435943
v 0.00724305 -0.19900258 1.60828554
v 0.00397130 -0.20012433 1.60903338
v 0.01397355 -0.18498070 1.61221165
v 0.01621709 -0.18572853 1.60800516
v 0.00397130 -0.20348957 1.60454642
v 0.01705838 -0.18283068 1.60996822
v 0.01827364 -0.18460669 1.58248534
v 0.02332152 -0.17862412 1.61090294
v 0.02491065 -0.17853064 1.61258562
v 0.01986277 -0.17918499 1.61426820
v 0.00939310 -0.18722420 1.67624493
v 0.01939536 -0.18647636 1.67512322
v 0.02911719 -0.18413939 1.67287968
v 0.00705612 -0.19582429 1.57285695
v 0.01434748 -0.19227207 1.57220260
v 0.02126497 -0.18451331 1.57883961
v 0.00593435 -0.20891137 1.58566361
v 0.00677569 -0.20993965 1.58790715
v 0.02285411 -0.18685029 1.56061115
v 0.02593893 -0.18367200 1.56023728
v 0.02042363 -0.17806323 1.62137268
v 0.01976928 -0.17815671 1.62090521
v 0.01892800 -0.17843716 1.62053134
v 0.01761923 -0.17955891 1.61753995
v 0.01677795 -0.17909151 1.61969000
v 0.05781532 -0.16245212 1.61464217
v 0.01640402 -0.18713071 1.59762892
v 0.03874559 -0.18030674 1.66988841
v 0.02257368 -0.18348503 1.58865488
v 0.06791109 -0.12178874 1.59024407
v 0.05286095 -0.16703270 1.62109219
v 0.03079982 -0.17722184 1.61099644
v 0.07034155 -0.10374722 1.58893536
v 0.02285411 -0.17768932 1.62202703
v 0.04472825 -0.17245448 1.62342923
v 0.02350845 -0.17694149 1.62230841
v 0.04491518 -0.16899575 1.62380310
v 0.02350845 -0.17469798 1.62258789
v 0.04491518 -0.16899575 1.62380310
v 0.04706522 -0.16198482 1.62146617
v 0.02023670 -0.16048915 1.61539002
v 0.04584996 -0.15843252 1.62212052
v 0.01846057 -0.16076950 1.61735307
v 0.01874100 -0.15852608 1.61810092
v 0.01976928 -0.15572172 1.61940962
v 0.04743914 -0.17348276 1.66558832
v 0.01799316 -0.17899803 1.61987699
v 0.00696262 -0.18862630 1.52593130
v 0.01612359 -0.19741343 1.58865488
v 0.01266485 -0.20367653 1.58809402
v 0.06604147 -0.14805642 1.62015747
v 0.00612134 -0.18834595 1.53219444
v 0.01135615 -0.18507418 1.53378363
v 0.02509759 -0.18329798 1.58220486
v 0.01593666 -0.18161535 1.53584018
v 0.02219975 -0.17927847 1.53836409
v 0.02687371 -0.17647400 1.54182284
v 0.02173234 -0.18367200 1.59688108
v 0.01846057 -0.18656984 1.58482227
v 0.02967810 -0.17507190 1.54471972
v 0.03182809 -0.17544583 1.54845985
v 0.03248244 -0.17675453 1.55257294
v 0.03033245 -0.17955891 1.55724690
v 0.02827591 -0.18292407 1.56238732
v 0.02575194 -0.18470026 1.56771563
v 0.02397587 -0.18628932 1.56453726
v 0.02649978 -0.18320459 1.57594172
v 0.02818241 -0.18292407 1.57005255
v 0.03238894 -0.18086761 1.57257647
v 0.06211536 -0.15656303 1.65212731
v 0.05529136 -0.16553703 1.65951217
v 0.06594804 -0.14740206 1.64418160
v 0.06809802 -0.14235419 1.63520756
v 0.06118059 -0.14796294 1.58622446
v 0.05762834 -0.15319778 1.57921448
v 0.05809575 -0.14459769 1.57351219
v 0.06763066 -0.14300854 1.61856828
v 0.06865893 -0.13777371 1.61688560
v 0.06875237 -0.13926928 1.62604663
v 0.06688281 -0.14394333 1.61080956
v 0.06594804 -0.14674771 1.60389207
v 0.06660238 -0.14067156 1.60043332
v 0.06753716 -0.13796057 1.60809866
v 0.06417191 -0.15048688 1.59744193
v 0.06463933 -0.14413029 1.59332895
v 0.06164794 -0.15506727 1.59127240
v 0.05650662 -0.15983480 1.58650495
v 0.04220428 -0.15413256 1.53705539
v 0.00668220 -0.18329798 1.51592904
v 0.00425172 -0.19638506 1.61380083
v 0.03706296 -0.17488486 1.55799475
v 0.03369770 -0.17759584 1.55761987
v 0.03519334 -0.17432407 1.55191859
v 0.00976702 -0.19619820 1.60753769
v 0.01303877 -0.18357842 1.52144433
v 0.00686913 -0.18628932 1.52004213
v 0.03743682 -0.17123926 1.55098376
v 0.03379114 -0.17245439 1.54696415
v 0.02229325 -0.17451094 1.52854870
v 0.02294759 -0.17254787 1.52471609
v 0.02827591 -0.16815435 1.53004440
v 0.01752580 -0.17890446 1.52443572
v 0.01294528 -0.18058709 1.51742473
v 0.01799316 -0.17628714 1.52060299
v 0.03238894 -0.16871532 1.53873796
v 0.03341723 -0.16525659 1.53565319
v 0.03706296 -0.16544345 1.54219581
v 0.02762155 -0.17067838 1.53340965
v 0.00649526 -0.18049361 1.51340512
v 0.01285184 -0.17768932 1.51471383
v 0.05510443 -0.16488267 1.59519851
v 0.06127407 -0.13954981 1.58127103
v 0.06454584 -0.13646500 1.58893536
v 0.06033924 -0.16039567 1.59893763
v 0.06258278 -0.15516083 1.60370508
v 0.01257141 -0.19189816 1.60660297
v 0.01518882 -0.18797194 1.60548114
v 0.06435884 -0.15151515 1.60772468
v 0.06529368 -0.14927165 1.61352035
v 0.06875237 -0.13225834 1.60566813
v 0.06968721 -0.12627572 1.60370508
v 0.07062198 -0.12702356 1.61473567
v 0.06978064 -0.13244539 1.61567039
v 0.07052850 -0.12908014 1.62557927
v 0.06379798 -0.15366517 1.62165305
v 0.06417191 -0.15450648 1.62782270
v 0.06276971 -0.15431952 1.61632474
v 0.06183493 -0.15628259 1.61249213
v 0.06080665 -0.15918044 1.60940736
v 0.05323482 -0.16787401 1.60230288
v 0.06697630 -0.13356704 1.59697457
v 0.06781759 -0.12730403 1.59379631
v 0.00967353 -0.18554157 1.68166674
v 0.03014546 -0.18208284 1.67820799
v 0.04005428 -0.17768932 1.67502973
v 0.04930870 -0.17049143 1.67054276
v 0.05660007 -0.16123699 1.66334478
v 0.01986277 -0.18460669 1.68054502
v 0.06940673 -0.13272583 1.63670325
v 0.06875237 -0.13758665 1.63595540
v 0.06978064 -0.13412802 1.62557927
v 0.06678932 -0.14291506 1.64586417
v 0.06473276 -0.12992145 1.58351457
v 0.06108708 -0.13123007 1.57510049
v 0.03117374 -0.17712845 1.61277261
v 0.05295439 -0.15936740 1.57341881
v 0.05416965 -0.15244995 1.56584696
v 0.04024122 -0.17095882 1.55761987
v 0.03968036 -0.16750000 1.54995554
v 0.03575420 -0.16890228 1.54462712
v 0.02163889 -0.17656747 1.53340965
v 0.01210400 -0.18498070 1.52742699
v 0.01649752 -0.18049361 1.52995090
v 0.03098681 -0.17226752 1.54182284
v 0.02762155 -0.17385658 1.53808360
v 0.01808666 -0.17357624 1.51779860
v 0.01948885 -0.18404590 1.60323771
v 0.02463022 -0.18180241 1.60071380
v 0.02911719 -0.18142848 1.59688108
v 0.03706296 -0.17871760 1.59463765
v 0.03463248 -0.17862412 1.56491124
v 0.03070638 -0.18114806 1.56360253
v 0.02350845 -0.16974350 1.52191169
v 0.02911719 -0.16516301 1.52714651
v 0.03463248 -0.16198482 1.53284879
v 0.03893252 -0.16123699 1.53967279
v 0.04211084 -0.16207820 1.54902070
v 0.05454357 -0.14226061 1.55799475
v 0.05809575 -0.13394106 1.56631343
v 0.04379346 -0.16647173 1.69279071
v 0.06781759 -0.13356704 1.64950991
v 0.01603010 -0.18030674 1.61613787
v 0.01500182 -0.17993272 1.61969000
v 0.01789972 -0.18030674 1.61258562
v 0.05155219 -0.16469572 1.58136352
v 0.01761923 -0.18600897 1.60033982
v 0.01444097 -0.18956117 1.60258336
v 0.01219749 -0.19367417 1.60370508
v 0.00995395 -0.19769388 1.60417244
v 0.02397587 -0.18563495 1.57238959
v 0.05968489 -0.16404135 1.64707938
v 0.00883224 -0.00456590 1.58659844
v 0.00069955 -0.00325719 1.58697231
v 0.01780623 -0.00774415 1.58557011
v 0.01677795 -0.01157683 1.57706354
v 0.02621936 -0.01353988 1.58398092
v 0.03790425 -0.01531601 1.59248761
v 0.03491291 -0.02008340 1.58220486
v 0.04734565 -0.02541176 1.59061805
v 0.04454125 -0.02952480 1.58052229
v 0.05905449 -0.04084607 1.58975141
v 0.05656156 -0.04341845 1.58015489
v 0.06174144 -0.05037060 1.58781365
v 0.05987188 -0.05252065 1.57968095
v 0.06842085 -0.06337144 1.58246473
v 0.06520018 -0.06700994 1.58613097
v 0.06501319 -0.07009476 1.58108315
v 0.02434973 -0.01774642 1.57510049
v 0.00069955 -0.00783765 1.57902660
v 0.05154506 -0.04340324 1.57103040
v 0.01574968 -0.01671820 1.56827649
v 0.06407841 -0.07617091 1.57697005
v 0.03883902 -0.17460451 1.56528510
v 0.04304562 -0.16993054 1.56631343
v 0.04183035 -0.17385658 1.57519398
v 0.03696946 -0.17787629 1.57369829
v 0.03042589 -0.18180241 1.57940046
v 0.04360648 -0.16591094 1.55790125
v 0.04771957 -0.15198244 1.54958067
v 0.04669130 -0.16936967 1.57715704
v 0.04753258 -0.16497615 1.56883824
v 0.04136298 -0.17591322 1.59650721
v 0.04743914 -0.17245448 1.59865725
v 0.04472825 -0.17413711 1.60529426
v 0.04828043 -0.15983480 1.56023728
v 0.03809123 -0.17675453 1.60417244
v 0.04108256 -0.17525887 1.60922037
v 0.03379114 -0.17909151 1.60108767
v 0.03173459 -0.17768932 1.60875301
v 0.03921295 -0.17488486 1.61174428
v 0.03753032 -0.17525887 1.61473567
v 0.03790425 -0.17469798 1.61370734
v 0.03715639 -0.17703497 1.61641824
v 0.03753032 -0.17610018 1.61539002
v 0.03659554 -0.17918499 1.61847568
v 0.03687597 -0.17825010 1.61754096
v 0.03659554 -0.17993272 1.61950401
v 0.03538034 -0.15581518 1.61352035
v 0.03594119 -0.15833912 1.61230514
v 0.03631511 -0.16076950 1.61155729
v 0.03659554 -0.16338700 1.61108993
v 0.03678248 -0.16712618 1.61137042
v 0.03687597 -0.17180013 1.61277261
v 0.03622162 -0.17553921 1.61632474
v 0.03650205 -0.17600670 1.62118569
v 0.03650205 -0.17600670 1.62118569
v 0.03622162 -0.17853064 1.62118658
v 0.03182809 -0.17712845 1.62127918
v 0.03631511 -0.17983934 1.62090621
v 0.03210852 -0.17937195 1.62099970
v 0.03659554 -0.18021326 1.62034535
v 0.02182582 -0.17516538 1.62352272
v 0.02182582 -0.17516538 1.62352272
v 0.01659102 -0.16506963 1.62006398
v 0.04940220 -0.16880880 1.59033756
v 0.03939993 -0.17731540 1.58585060
v 0.04426082 -0.17338928 1.58669183
v 0.02201276 -0.18778508 1.56771563
v 0.02023670 -0.18937423 1.56313506
v 0.00528000 -0.19862866 1.56593946
v 0.01126266 -0.19647864 1.56481774
v 0.02014320 -0.18928074 1.56051765
v 0.01313227 -0.18984162 1.54743151
v 0.01603010 -0.18797194 1.55668504
v 0.01911493 -0.18937423 1.57173524
v 0.01752580 -0.19133720 1.56519161
v 0.03472598 -0.17993272 1.58360706
v 0.01369312 -0.18965457 1.55696552
v 0.01481489 -0.18647636 1.55640467
v 0.01462791 -0.19376774 1.56659381
v 0.01462791 -0.19442209 1.56360253
v 0.01229093 -0.18806551 1.55677853
v 0.01453447 -0.18554157 1.55724590
v 0.01116922 -0.18432635 1.56079814
v 0.01434748 -0.18320459 1.56098513
v 0.01490839 -0.18441983 1.56687429
v 0.01509532 -0.18470026 1.57201561
v 0.01537575 -0.18479374 1.57874611
v 0.01490839 -0.17488486 1.58772016
v 0.01640402 -0.16133047 1.59697457
v 0.02051713 -0.13992363 1.60230288
v 0.02042363 -0.11739522 1.59818978
v 0.01070180 -0.08729488 1.57435264
v 0.01070180 -0.08729488 1.57435264
v 0.00883224 -0.08738838 1.57435264
v 0.00256910 -0.08907101 1.57379178
v 0.01687145 -0.09991460 1.58715930
v 0.05818925 -0.16338700 1.60548114
v 0.02743457 -0.18862639 1.66128823
v 0.07772641 -0.06308382 1.63801195
v 0.07847421 -0.07224474 1.63436621
v 0.07838076 -0.06878605 1.63090758
v 0.06389148 -0.04672492 1.59622673
v 0.07108935 -0.05906422 1.60548114
v 0.06828501 -0.12188218 1.67091663
v 0.06987414 -0.12206917 1.65455773
v 0.07351982 -0.10842123 1.66072738
v 0.07492202 -0.10066246 1.66259694
v 0.07613723 -0.09224933 1.66343828
v 0.07763292 -0.09711021 1.65081861
v 0.07277198 -0.11552560 1.64128371
v 0.07408067 -0.10954295 1.64539681
v 0.07623073 -0.10356029 1.64857507
v 0.07847421 -0.09533415 1.64147070
v 0.07894162 -0.09019277 1.64240542
v 0.07445460 -0.10879510 1.62707485
v 0.07585680 -0.10477549 1.63436621
v 0.06735018 -0.07177738 1.58865488
v 0.07052850 -0.06654251 1.59987246
v 0.06875237 -0.06887949 1.59407668
v 0.06613496 -0.07972309 1.58089616
v 0.06641539 -0.07495565 1.58500926
v 0.06576104 -0.08598619 1.57781139
v 0.06566755 -0.09252976 1.57809176
v 0.07912855 -0.08467748 1.64165769
v 0.07894162 -0.08327528 1.65165995
v 0.07716550 -0.08262092 1.66222307
v 0.07847421 -0.09084712 1.65165995
v 0.07370681 -0.10748640 1.61323998
v 0.07763292 -0.08112529 1.63044011
v 0.07819378 -0.07617091 1.62847705
v 0.07669814 -0.06915998 1.60688334
v 0.07323939 -0.10225158 1.60052681
v 0.08501778 -0.07402086 1.62614013
v 0.08810260 -0.07252523 1.62782270
v 0.08772867 -0.06972083 1.62399008
v 0.07071542 -0.09589501 1.58136352
v 0.07277198 -0.08093830 1.58715930
v 0.07267853 -0.08402313 1.58248534
v 0.07492202 -0.10075590 1.60875301
v 0.07482852 -0.09869940 1.60753769
v 0.07538943 -0.09860590 1.61352035
v 0.07819378 -0.07785353 1.59099191
v 0.08258730 -0.07579699 1.59033756
v 0.08193295 -0.07934917 1.58687882
v 0.07791335 -0.09486673 1.63268364
v 0.07725899 -0.10047547 1.63875980
v 0.07426766 -0.10356029 1.61080956
v 0.08081118 -0.08776230 1.62903791
v 0.07978290 -0.09112755 1.62819668
v 0.08155903 -0.09122105 1.62698136
v 0.07651115 -0.08682753 1.57893310
v 0.07940904 -0.08551882 1.57921359
v 0.07931555 -0.08963192 1.58033530
v 0.07866119 -0.09467974 1.62698136
v 0.07894162 -0.09402539 1.62361611
v 0.07473503 -0.07140346 1.60005945
v 0.07763292 -0.08327528 1.58145701
v 0.08043726 -0.08262092 1.58127002
v 0.07548287 -0.10094289 1.61595088
v 0.07604378 -0.09785806 1.61810092
v 0.08426993 -0.07130996 1.61978349
v 0.08464386 -0.07271216 1.62352272
v 0.07838076 -0.07336651 1.62614013
v 0.07351982 -0.09682978 1.58800053
v 0.07426766 -0.09467974 1.58108315
v 0.07688507 -0.09290367 1.58304620
v 0.08034382 -0.07289910 1.60015283
v 0.08268080 -0.06990776 1.59949848
v 0.08268080 -0.07205781 1.59519851
v 0.08118510 -0.09346453 1.62109219
v 0.07735249 -0.09608193 1.62090521
v 0.07725899 -0.09122105 1.58575710
v 0.07520244 -0.09608193 1.60688334
v 0.07501552 -0.09776456 1.59959198
v 0.08548513 -0.07607742 1.59033756
v 0.08464386 -0.07888181 1.58781365
v 0.08398950 -0.09131454 1.62436395
v 0.07510895 -0.09430587 1.59089842
v 0.07557637 -0.09514715 1.60005945
v 0.08726126 -0.06785122 1.61922263
v 0.09258957 -0.07140346 1.62137268
v 0.08118510 -0.08570576 1.58070917
v 0.08034382 -0.08794930 1.58257884
v 0.07576330 -0.09608193 1.61174428
v 0.07660464 -0.09561458 1.61576389
v 0.09109393 -0.07822746 1.62950538
v 0.09240263 -0.07392737 1.62520529
v 0.08997216 -0.06766428 1.61127692
v 0.08856996 -0.06757079 1.60585512
v 0.08455035 -0.06813170 1.60660297
v 0.08660690 -0.07000126 1.59865725
v 0.08240037 -0.08187314 1.58239185
v 0.07464159 -0.09561458 1.58856150
v 0.08651341 -0.08860364 1.62698136
v 0.08978523 -0.08299485 1.63044011
v 0.08782212 -0.07701219 1.63165531
v 0.08286773 -0.09066013 1.62184004
v 0.08464386 -0.08776230 1.62417707
v 0.08828953 -0.07130996 1.60033982
v 0.08726126 -0.07364694 1.59660070
v 0.08866346 -0.07832090 1.62604663
v 0.07548287 -0.09402539 1.60632248
v 0.07585680 -0.09467974 1.61034209
v 0.08380252 -0.08187314 1.58641145
v 0.08081118 -0.09262324 1.61875527
v 0.07856770 -0.09449281 1.61828780
v 0.07931555 -0.08832316 1.58687882
v 0.07669814 -0.09056669 1.58865488
v 0.08613955 -0.07635785 1.59332895
v 0.08548513 -0.08019051 1.58930934
v 0.07548287 -0.09318410 1.59239411
v 0.07669814 -0.09318410 1.60062031
v 0.09212220 -0.06972083 1.61763345
v 0.08913087 -0.07271216 1.62034435
v 0.08183946 -0.08533183 1.58575710
v 0.07679158 -0.09421238 1.61389433
v 0.08903738 -0.07514263 1.62380310
v 0.08875695 -0.07000126 1.61090294
v 0.08894389 -0.07000126 1.60510727
v 0.07613723 -0.09355802 1.60922037
v 0.07557637 -0.09271668 1.60856602
v 0.07725899 -0.09281018 1.61165079
v 0.08286773 -0.08308835 1.59024407
v 0.08211989 -0.08402313 1.59286147
v 0.08090467 -0.08664053 1.59052455
v 0.08632648 -0.07579699 1.62240090
v 0.08623298 -0.07747962 1.62146617
v 0.08688733 -0.07551656 1.61838129
v 0.07482852 -0.09215583 1.59388980
v 0.07725899 -0.09047320 1.59089842
v 0.07679158 -0.09028626 1.59248761
v 0.08183946 -0.08981885 1.62062483
v 0.08043726 -0.08925799 1.61950312
v 0.08015683 -0.08682753 1.62258789
v 0.08735475 -0.07261867 1.60136815
v 0.08782212 -0.07355344 1.60248987
v 0.08632648 -0.07532956 1.59940499
v 0.07510895 -0.09252976 1.60557464
v 0.07492202 -0.09178190 1.60548114
v 0.08436343 -0.07691870 1.59529200
v 0.08464386 -0.07738612 1.59753543
v 0.08258730 -0.08103179 1.59454416
v 0.08034382 -0.09168841 1.61716609
v 0.08025032 -0.09112755 1.61660523
v 0.08688733 -0.07187082 1.61585738
v 0.08670041 -0.07346001 1.61931613
v 0.07922205 -0.08851015 1.58912235
v 0.08137209 -0.08570576 1.58856150
v 0.07623073 -0.08888407 1.60258336
v 0.07464159 -0.09131454 1.60566813
v 0.07361332 -0.09094062 1.59547888
v 0.07707207 -0.08907101 1.60211589
v 0.08511127 -0.08009701 1.62249439
v 0.08613955 -0.07822746 1.62053134
v 0.08866346 -0.07448828 1.60893989
v 0.08866346 -0.07411435 1.60473341
v 0.08828953 -0.07327301 1.60454642
v 0.08810260 -0.07439478 1.60277024
v 0.08557864 -0.07934917 1.62389659
v 0.08389601 -0.08262092 1.62399008
v 0.08268080 -0.08495790 1.59510501
v 0.07978290 -0.09037970 1.61595088
v 0.07922205 -0.09224933 1.61445518
v 0.08099818 -0.08869708 1.59351582
v 0.07482852 -0.08972535 1.59323545
v 0.07202418 -0.08280792 1.59688108
v 0.07090241 -0.08196658 1.59893763
v 0.07052850 -0.08486447 1.59893763
v 0.07482852 -0.08953842 1.60707033
v 0.07473503 -0.08832316 1.60688334
v 0.07557637 -0.08832316 1.60791167
v 0.08109166 -0.08187314 1.61183778
v 0.08324166 -0.08159265 1.61305299
v 0.08221338 -0.08290141 1.61352035
v 0.07024807 -0.08589274 1.60099418
v 0.07024807 -0.08701446 1.59781591
v 0.07566986 -0.07841439 1.60239637
v 0.07716550 -0.07804047 1.59996596
v 0.07884812 -0.07729262 1.60230288
v 0.08398950 -0.07934917 1.61090294
v 0.08389601 -0.08056444 1.61230514
v 0.08118510 -0.08084486 1.61127692
v 0.07856770 -0.07738612 1.60716382
v 0.07735249 -0.07757305 1.60604211
v 0.08015683 -0.07691870 1.60463991
v 0.07295896 -0.08112529 1.59753543
v 0.07202418 -0.08019051 1.59987246
v 0.07071542 -0.08626667 1.60295723
v 0.07211762 -0.08682753 1.60445292
v 0.07267853 -0.08822972 1.60454642
v 0.07959598 -0.07832090 1.60875301
v 0.08155903 -0.07701219 1.60650947
v 0.07791335 -0.08692101 1.61314648
v 0.07735249 -0.08589274 1.61165079
v 0.07810028 -0.08514490 1.61211826
v 0.07669814 -0.07794697 1.60426593
v 0.08464386 -0.07645133 1.60398556
v 0.08286773 -0.07776004 1.60847253
v 0.08567212 -0.07673176 1.60641598
v 0.08492428 -0.08112529 1.61567039
v 0.08352209 -0.08234049 1.61623125
v 0.07510895 -0.09056669 1.60753769
v 0.07623073 -0.08953842 1.60865952
v 0.07744593 -0.08879058 1.61024859
v 0.07791335 -0.08991235 1.61137042
v 0.07669814 -0.09047320 1.60950075
v 0.07772641 -0.08692101 1.59426367
v 0.07950248 -0.08598619 1.59529200
v 0.08651341 -0.07832090 1.61202477
v 0.08595255 -0.07981659 1.61436169
v 0.06996764 -0.08813623 1.59968547
v 0.07361332 -0.08925799 1.60379857
v 0.07838076 -0.08888407 1.61314648
v 0.07781985 -0.08785580 1.61183778
v 0.07875469 -0.08140572 1.59744193
v 0.08090467 -0.07888181 1.59968547
v 0.07380025 -0.08916450 1.60604211
v 0.07426766 -0.09037970 1.60585512
v 0.07108935 -0.08467748 1.59678758
v 0.07136978 -0.08822972 1.59482453
v 0.07492202 -0.07962960 1.59790941
v 0.07819378 -0.08336878 1.59622673
v 0.08155903 -0.08364920 1.61651173
v 0.08277429 -0.07738612 1.60192901
v 0.07781985 -0.08720144 1.61482916
v 0.07866119 -0.08579924 1.61370734
v 0.08277429 -0.08692101 1.62342923
v 0.07894162 -0.09365153 1.61641824
v 0.07931555 -0.09309061 1.61520303
v 0.07772641 -0.09355802 1.61267912
v 0.07753942 -0.09075363 1.60155503
v 0.02808891 -0.00914636 1.59370281
v 0.06983915 -0.06095573 1.58921763
v 0.00079303 0.00076242 1.59510501
v 0.07165026 -0.11552560 1.65782949
v 0.07623073 -0.09963418 1.62127918
v 0.07940904 -0.07514263 1.59585286
v 0.08660690 -0.07196432 1.59566587
v 0.08623298 -0.07411435 1.59809629
v 0.07090241 -0.08925799 1.59678758
v 0.08286773 -0.08177964 1.59632022
v 0.08539170 -0.07794697 1.59893763
v 0.08436343 -0.07897525 1.59977897
v 0.07912855 -0.08972535 1.61492255
v 0.07791335 -0.08785580 1.61707259
v 0.08800910 -0.07560999 1.61445518
v 0.08688733 -0.07663827 1.61791393
v 0.08698083 -0.07822746 1.61651173
v 0.08221338 -0.08748187 1.59388980
v 0.08109166 -0.08701446 1.59557237
v 0.07538943 -0.09206233 1.60809866
v 0.07510895 -0.09131454 1.60781817
v 0.07697856 -0.09131454 1.61015510
v 0.08137209 -0.08458404 1.59697457
v 0.08585906 -0.07981659 1.61856828
v 0.07249155 -0.08944493 1.59342233
v 0.07838076 -0.08841665 1.61884877
v 0.07838076 -0.08607967 1.61875527
v 0.08856996 -0.07551656 1.60342459
v 0.08707432 -0.07710569 1.60146154
v 0.07445460 -0.09094062 1.60585512
v 0.07716550 -0.09206233 1.61071607
v 0.07847421 -0.09075363 1.61258562
v 0.08688733 -0.07607742 1.60024633
v 0.08053075 -0.08916450 1.59117890
v 0.08342864 -0.08075137 1.59267460
v 0.08763518 -0.07177738 1.60426593
v 0.07679158 -0.08654710 1.61052908
v 0.07370681 -0.08766881 1.60585512
v 0.08062425 -0.08262092 1.61221165
v 0.08081118 -0.08411662 1.61370734
v 0.07436116 -0.09140799 1.59519851
v 0.08754169 -0.07187082 1.60959424
v 0.08576562 -0.07841439 1.62529879
v 0.08483078 -0.08215356 1.62567266
v 0.08894389 -0.07102953 1.61688560
v 0.08735475 -0.08252749 1.62632701
v 0.07380025 -0.07916224 1.60071380
v 0.07623073 -0.08748187 1.60922037
v 0.07445460 -0.08617317 1.60847253
v 0.07492202 -0.08514490 1.60950075
v 0.07454809 -0.08701446 1.60744431
v 0.07408067 -0.08701446 1.60622899
v 0.07183719 -0.08598619 1.60426593
v 0.07323939 -0.08673403 1.60538776
v 0.07099591 -0.08561231 1.60333121
v 0.07043499 -0.08458404 1.60220938
v 0.07034155 -0.08346227 1.60099418
v 0.07155676 -0.08131222 1.60099418
v 0.07389375 -0.07953616 1.60258336
v 0.07249155 -0.08009701 1.60127466
v 0.07576330 -0.07860133 1.60585512
v 0.07520244 -0.07906874 1.60417244
v 0.07595030 -0.07841439 1.60837903
v 0.07595030 -0.07850789 1.60735081
v 0.07632421 -0.07869482 1.60912688
v 0.08071775 -0.08000352 1.61034209
v 0.07697856 -0.08056444 1.61052908
v 0.07819378 -0.08168615 1.61099644
v 0.07828727 -0.08262092 1.61137042
v 0.07987641 -0.08364920 1.61239864
v 0.07819378 -0.08346227 1.61155729
v 0.07744593 -0.08449054 1.61146391
v 0.07632421 -0.08467748 1.61071607
v 0.07501552 -0.07934917 1.60650947
v 0.07492202 -0.08346227 1.61024859
v 0.08230687 -0.08346227 1.61987699
v 0.07464159 -0.08000352 1.60501378
v 0.07866119 -0.08551882 1.61595088
v 0.07333289 -0.08327528 1.60725732
v 0.07333289 -0.08262092 1.60856602
v 0.07361332 -0.08392969 1.60884639
v 0.07464159 -0.08215356 1.61015510
v 0.07370681 -0.08131222 1.60828554
v 0.07295896 -0.08421012 1.60538776
v 0.07333289 -0.08486447 1.60781817
v 0.07286547 -0.08598619 1.60510727
v 0.07193069 -0.08495790 1.60398556
v 0.07146327 -0.08383619 1.60314422
v 0.07277198 -0.08290141 1.60473341
v 0.07351982 -0.08187314 1.60678984
v 0.07342632 -0.08140572 1.60463991
v 0.07426766 -0.08028395 1.60660297
v 0.07342632 -0.08570576 1.60641598
v 0.07482852 -0.07925567 1.60781817
v 0.07454809 -0.08000352 1.60959424
v 0.07473503 -0.08093830 1.60996822
v 0.07426766 -0.08009701 1.60809866
v 0.07623073 -0.07953616 1.61006171
v 0.07482852 -0.07925567 1.60922037
v 0.07165026 -0.08271442 1.60267686
v 0.07323939 -0.08047094 1.60314422
v 0.07473503 -0.08916450 1.60351809
v 0.08464386 -0.08140572 1.61959650
v 0.08847652 -0.07532956 1.60576163
v 0.08314816 -0.08299485 1.62221402
v 0.07884812 -0.09140799 1.61352035
v 0.07931555 -0.08776230 1.59435717
v 0.08763518 -0.07458172 1.61501604
v 0.07828727 -0.08626667 1.62099870
v 0.07202418 -0.09019277 1.59547888
v 0.08221338 -0.08224706 1.59772242
v 0.08828953 -0.07551656 1.60912688
v 0.08604605 -0.07719919 1.60884639
v 0.08791561 -0.07673176 1.61342697
v 0.08772867 -0.08224706 1.63380536
v 0.08389601 -0.07776004 1.62987925
v 0.08202644 -0.07037519 1.60678984
v 0.08305472 -0.07065562 1.61417470
v 0.07464159 -0.09963418 1.59949848
v 0.07576330 -0.09037970 1.57883961
v 0.07763292 -0.08075137 1.58753317
v 0.07314589 -0.07635785 1.59043106
v 0.07735249 -0.09748413 1.62445745
v 0.07772641 -0.09066013 1.63352498
v 0.07146327 -0.08822972 1.57977444
v 0.07548287 -0.10365378 1.61997048
v 0.07884812 -0.07140346 1.62370960
v 0.07651115 -0.10178416 1.62632701
v 0.07389375 -0.07402086 1.59519851
v 0.07819378 -0.06925342 1.61426820
v 0.07183719 -0.09926026 1.58818752
v 0.07155676 -0.09196890 1.57865262
v 0.07716550 -0.09869940 1.63025323
v 0.07679158 -0.06495338 1.62184004
v 0.08847652 -0.07374044 1.60931387
v 0.08604605 -0.06691644 1.61314648
v 0.07856770 -0.07046868 1.61997048
v 0.08445692 -0.08851015 1.62997274
v 0.08221338 -0.08234049 1.63025323
v 0.07781985 -0.08617317 1.63287063
v 0.07193069 -0.07280565 1.69110814
v 0.07194178 -0.37688666 0.03316850
v 0.07809627 -0.37574893 0.02948215
v 0.07676723 -0.36986367 0.03260932
v 0.07982921 -0.37061252 0.02678066
v 0.05667445 -0.36362365 0.02056672
v 0.05465879 -0.35722210 0.02226834
v 0.05642935 -0.35640893 0.01453803
v 0.08024525 -0.36652906 0.03054191
v 0.07676076 -0.36488374 0.03474710
v 0.06014929 -0.35598004 0.00981822
v 0.06144084 -0.36177156 0.00951378
v 0.05760499 -0.36153718 0.01398409
v 0.07171857 -0.36716408 0.00788219
v 0.07324001 -0.36208993 0.00707451
v 0.07644674 -0.36544752 0.00940798
v 0.07967102 -0.36889794 0.01736957
v 0.08001982 -0.37081611 0.01596125
v 0.07533667 -0.36907621 0.01173019
v 0.05829651 -0.36463677 0.02846635
v 0.06263799 -0.36704331 0.03308029
v 0.06204594 -0.36115440 0.03604995
v 0.05885893 -0.34962794 0.01014122
v 0.07824983 -0.35811576 0.00536525
v 0.07896235 -0.36325964 0.00813661
v 0.08003676 -0.36661498 0.01619347
v 0.05676226 -0.35842789 0.03030772
v 0.06164277 -0.35405080 0.03904373
v 0.05354009 -0.34972049 0.02458622
v 0.05477168 -0.34925338 0.01604604
v 0.08203113 -0.36260688 0.03061183
v 0.07939021 -0.35583459 0.03810656
v 0.09507382 -0.38020770 0.00768128
v 0.09517075 -0.37843253 0.00773198
v 0.09873035 -0.37963169 0.00982508
v 0.08834558 -0.38781270 0.02312473
v 0.09096779 -0.38979417 0.02630556
v 0.09005534 -0.38637835 0.02771862
v 0.08764220 -0.38225592 0.01069673
v 0.08629027 -0.38460430 0.01674380
v 0.08569458 -0.38088627 0.01748234
v 0.10059386 -0.15645636 0.05173193
v 0.10049448 -0.15615265 0.03973402
v 0.08323647 -0.16213859 0.04083970
v 0.09921307 -0.15754390 0.02815751
v 0.08816311 -0.37586006 0.02654242
v 0.08766031 -0.38029839 0.02503001
v 0.09023570 -0.38111808 0.02984950
v 0.08721969 -0.37713010 0.01127938
v 0.08578006 -0.37858152 0.01849045
v 0.08547690 -0.37627093 0.01934460
v 0.08681061 -0.37533968 0.01090489
v 0.08972850 -0.37477423 0.00776112
v 0.09022345 -0.37618771 0.00804678
v 0.09800383 -0.37468374 0.01014641
v 0.09855722 -0.37720579 0.01001463
v 0.09488779 -0.37628082 0.00773415
v 0.10049308 -0.37597364 0.01505159
v 0.10027584 -0.37574564 0.02230674
v 0.09864911 -0.37594542 0.02844909
v 0.09984920 -0.38089618 0.02818052
v 0.10131691 -0.37895957 0.01478710
v 0.09050649 -0.37824604 0.00804768
v 0.08748602 -0.37946248 0.01108486
v 0.08758699 -0.38447782 0.02414626
v 0.08404767 -0.16235134 0.02743156
v 0.09816900 -0.16310479 0.01820539
v 0.08442036 -0.16786111 0.01867292
v 0.09860284 -0.16973844 0.01231433
v 0.10141909 -0.38095497 0.02137731
v 0.09950622 -0.38644622 0.02633564
v 0.10789794 -0.16545187 0.01784908
v 0.10910551 -0.16134233 0.02642446
v 0.10172888 -0.38146322 0.01410489
v 0.10149686 -0.38406380 0.01356899
v 0.09898059 -0.38195792 0.00944436
v 0.09808291 -0.38958030 0.02504015
v 0.10109069 -0.38716518 0.01969702
v 0.09069643 -0.38030435 0.00805665
v 0.07125428 -0.24736908 0.06213431
v 0.07243667 -0.26830217 0.06152319
v 0.07562646 -0.26902757 0.06910909
v 0.09946706 -0.36737806 0.02387553
v 0.09786211 -0.36487468 0.03029374
v 0.09778050 -0.36914452 0.02931376
v 0.08388898 -0.36764710 0.00756455
v 0.08766794 -0.36553614 0.00571198
v 0.08840916 -0.36902965 0.00665819
v 0.09392902 -0.36856767 0.00647777
v 0.09405801 -0.36517943 0.00582832
v 0.09707361 -0.36703919 0.00813426
v 0.09969795 -0.36922258 0.01459398
v 0.09999774 -0.37100683 0.01479033
v 0.09780069 -0.36959221 0.00892523
v 0.09046420 -0.36879174 0.03042768
v 0.09005580 -0.36460640 0.03116555
v 0.08703248 -0.36639027 0.02873904
v 0.10112192 -0.15898956 0.06324304
v 0.08483731 -0.16468963 0.05282072
v 0.08471801 -0.36982935 0.00845286
v 0.08398705 -0.37234498 0.01951019
v 0.08306330 -0.37091008 0.01860517
v 0.10081774 -0.36170564 0.02760880
v 0.09934020 -0.35656129 0.03335276
v 0.08165531 -0.36316111 0.00781310
v 0.08498524 -0.35915086 0.00512382
v 0.11090433 -0.16049569 0.03746876
v 0.07159527 -0.22829027 0.04236775
v 0.07115822 -0.22821473 0.05142053
v 0.07274629 -0.20615616 0.04610281
v 0.09630372 -0.35973688 0.00797447
v 0.09894105 -0.36430633 0.01022296
v 0.09970234 -0.36667799 0.01683752
v 0.08790725 -0.35751337 0.03459159
v 0.08444806 -0.36303502 0.02926201
v 0.08161715 -0.36752602 0.01818572
v 0.11379190 -0.39113243 0.02006242
v 0.11355437 -0.39251544 0.01947364
v 0.11678295 -0.39282506 0.01449011
v 0.10608361 -0.40131007 0.01438214
v 0.10564827 -0.40004895 0.01586992
v 0.10456232 -0.39911266 0.01308475
v 0.11560297 -0.39521121 0.01601490
v 0.11301228 -0.39435652 0.01861436
v 0.11252525 -0.39515427 0.01731564
v 0.10385983 -0.39726709 0.00823127
v 0.10280351 -0.39667275 0.01012612
v 0.10227666 -0.39131995 0.00950493
v 0.11428724 -0.38852547 0.02038798
v 0.11713602 -0.39057322 0.01425287
v 0.11539628 -0.39691579 0.00818402
v 0.11281009 -0.39863087 0.00647303
v 0.11294489 -0.39130340 0.00266839
v 0.11416526 -0.40133194 0.01452734
v 0.11206459 -0.40299662 0.01409034
v 0.11224276 -0.40176364 0.01073629
v 0.11249992 -0.39570551 0.01701782
v 0.11415048 -0.39644241 0.01656890
v 0.11470659 -0.39986469 0.01537425
v 0.11328954 -0.39961332 0.01635010
v 0.11308454 -0.40082192 0.01613987
v 0.10728537 -0.40128399 0.01634441
v 0.10694735 -0.40017551 0.01678603
v 0.10304375 -0.39112664 0.00644088
v 0.10276528 -0.38814921 0.00975594
v 0.11564111 -0.39084629 0.00564228
v 0.11304322 -0.38504057 0.00277437
v 0.10380515 -0.39089443 0.01633399
v 0.10403398 -0.39362224 0.01678670
v 0.10740007 -0.39233009 0.01991822
v 0.10754665 -0.39414881 0.01834296
v 0.10497877 -0.39484224 0.01685211
v 0.10603322 -0.39588163 0.01710190
v 0.10403679 -0.38848059 0.01686365
v 0.10756058 -0.39095333 0.02070122
v 0.10816427 -0.39516363 0.01788028
v 0.10699559 -0.39645391 0.01737514
v 0.10523678 -0.40035807 0.01110737
v 0.10780101 -0.40183551 0.01036705
v 0.10595956 -0.39149541 0.00326613
v 0.11683988 -0.39556613 0.00969999
v 0.11438353 -0.40020794 0.01163558
v 0.11526981 -0.39820460 0.01322159
v 0.11218705 -0.40220222 0.01551439
v 0.10817399 -0.40238891 0.01576138
v 0.10348647 -0.38672283 0.00617361
v 0.11574552 -0.38552086 0.00581049
v 0.11716668 -0.38675891 0.00921380
v 0.11220173 -0.37856639 0.00503406
v 0.11216873 -0.37681309 0.00575243
v 0.11579011 -0.37762607 0.00747751
v 0.10809537 -0.38450615 0.02368586
v 0.10727490 -0.38165083 0.02507230
v 0.10435938 -0.38075034 0.02066043
v 0.10460981 -0.37978322 0.00837273
v 0.10351423 -0.38205074 0.01195946
v 0.10332083 -0.37946593 0.01300100
v 0.10459617 -0.37379279 0.02237354
v 0.10435349 -0.37760495 0.02170442
v 0.10737352 -0.37692012 0.02625385
v 0.10408876 -0.37506530 0.00998299
v 0.10416279 -0.37646039 0.00974239
v 0.10328044 -0.37742922 0.01363552
v 0.10722564 -0.37423176 0.00720467
v 0.11545910 -0.37324761 0.00802739
v 0.11573309 -0.37576997 0.00791975
v 0.11221229 -0.37524031 0.00627039
v 0.11719463 -0.37270066 0.01399763
v 0.11750387 -0.37594868 0.01320566
v 0.11702656 -0.37251325 0.01965122
v 0.11467621 -0.37231197 0.02502460
v 0.11587490 -0.37629121 0.02366190
v 0.11742563 -0.37863013 0.01227829
v 0.10449175 -0.37803301 0.00919224
v 0.10717460 -0.37552121 0.00660285
v 0.11744263 -0.37688853 0.01900021
v 0.11581600 -0.38122428 0.02293958
v 0.11717781 -0.38103771 0.01156242
v 0.11735523 -0.38012750 0.01796123
v 0.11478969 -0.38427394 0.02189420
v 0.10712319 -0.37699743 0.00599491
v 0.10718068 -0.37857322 0.00556199
v 0.11568747 -0.36210004 0.02161560
v 0.11361560 -0.36064669 0.02587999
v 0.11387191 -0.36391026 0.02556145
v 0.10343057 -0.36876277 0.00893532
v 0.10605201 -0.36482476 0.00564774
v 0.10683864 -0.36801932 0.00603665
v 0.11461040 -0.36679250 0.00803392
v 0.11117233 -0.36738077 0.00624637
v 0.11160860 -0.36222641 0.00591078
v 0.11497909 -0.36271241 0.00907663
v 0.11680829 -0.36399980 0.01394508
v 0.11652439 -0.36614881 0.01389812
v 0.10755628 -0.36507959 0.02738314
v 0.10728743 -0.36175359 0.02864360
v 0.10417663 -0.36515102 0.02410559
v 0.10289278 -0.37100784 0.01463377
v 0.10237024 -0.36915201 0.01511622
v 0.11636613 -0.35666487 0.02408480
v 0.11407439 -0.35373870 0.02907435
v 0.10252009 -0.36441261 0.01037925
v 0.10356920 -0.35956666 0.00519253
v 0.11246823 -0.35425030 0.00506916
v 0.11564812 -0.35841734 0.00925559
v 0.11675697 -0.36115317 0.01554631
v 0.10585785 -0.35558500 0.03169504
v 0.10336981 -0.36130826 0.02674411
v 0.10150388 -0.36678249 0.01705376
v 0.12882335 -0.37941191 0.01821358
v 0.12850917 -0.38061433 0.01782523
v 0.13097571 -0.38089618 0.01488004
v 0.12111890 -0.38732511 0.01476754
v 0.12079798 -0.38575579 0.01541080
v 0.11990104 -0.38523034 0.01372216
v 0.12949322 -0.38280622 0.01616511
v 0.12781387 -0.38209412 0.01736672
v 0.12764682 -0.38272033 0.01651541
v 0.11814335 -0.38222985 0.01078210
v 0.11796406 -0.37896004 0.01090640
v 0.11872956 -0.37779517 0.00674828
v 0.12914604 -0.37802579 0.01870122
v 0.13160745 -0.37901790 0.01460624
v 0.12878007 -0.38517164 0.00572741
v 0.12871594 -0.37787538 0.00287772
v 0.13118801 -0.37800083 0.00650881
v 0.12747893 -0.38804304 0.01344257
v 0.12830268 -0.38768463 0.01103622
v 0.12949117 -0.38634434 0.01285563
v 0.12873062 -0.38345450 0.01602176
v 0.12718765 -0.38347124 0.01662400
v 0.12932263 -0.38511406 0.01525813
v 0.12830586 -0.38530475 0.01543365
v 0.12828679 -0.38670001 0.01520108
v 0.12174287 -0.38697579 0.01547627
v 0.12157525 -0.38576755 0.01571871
v 0.11832668 -0.37605730 0.01078387
v 0.12897068 -0.37219783 0.00370179
v 0.13147639 -0.37379632 0.00662380
v 0.11884772 -0.37940108 0.01569708
v 0.11891334 -0.38097993 0.01535720
v 0.12179605 -0.38042924 0.01831811
v 0.12221026 -0.38190529 0.01766988
v 0.12027010 -0.38258889 0.01584345
v 0.12105401 -0.38325784 0.01622284
v 0.11926370 -0.37792137 0.01617972
v 0.12172128 -0.37940790 0.01854633
v 0.12180559 -0.38400781 0.01622673
v 0.12267756 -0.38327214 0.01655135
v 0.12235656 -0.38814024 0.01388235
v 0.12036732 -0.38706441 0.01258813
v 0.12192422 -0.38562210 0.00564824
v 0.11951255 -0.38439042 0.00815093
v 0.13134028 -0.38389247 0.00930378
v 0.13189060 -0.37812750 0.01029289
v 0.12894282 -0.38685221 0.01410662
v 0.13000408 -0.38471498 0.01446148
v 0.12694078 -0.38761975 0.01481752
v 0.12108477 -0.37737977 0.00252157
v 0.11958929 -0.37355927 0.00587607
v 0.13177122 -0.37531238 0.01002137
v 0.13145498 -0.37036443 0.00749089
v 0.12892356 -0.36950395 0.00426493
v 0.12873324 -0.36551781 0.00535282
v 0.12253566 -0.37286706 0.02150997
v 0.12189318 -0.37010195 0.02278407
v 0.11977952 -0.36903581 0.01896555
v 0.11884286 -0.37121424 0.01136981
v 0.11828703 -0.36769850 0.01256758
v 0.11955535 -0.36632483 0.00771571
v 0.12016541 -0.36440130 0.02021297
v 0.11978522 -0.36632641 0.01905520
v 0.12194422 -0.36669780 0.02448893
v 0.11949684 -0.36521607 0.00813315
v 0.11837547 -0.36610711 0.01251898
v 0.11847138 -0.36479905 0.01255420
v 0.11950432 -0.36378049 0.00714760
v 0.12266504 -0.36314317 0.00464236
v 0.12258464 -0.36473773 0.00478400
v 0.13170121 -0.36275598 0.00931872
v 0.13209429 -0.36444663 0.00951010
v 0.12873539 -0.36449012 0.00538681
v 0.13278537 -0.36241833 0.01317914
v 0.13114229 -0.36270531 0.01913227
v 0.12949229 -0.36291787 0.02283533
v 0.13070276 -0.36684401 0.02269386
v 0.13277987 -0.36503426 0.01309260
v 0.13263263 -0.36772513 0.01245251
v 0.13176187 -0.36667050 0.00890161
v 0.12231880 -0.36595868 0.00495411
v 0.13173832 -0.36623649 0.01839990
v 0.13051401 -0.37007997 0.02156981
v 0.13185966 -0.37160622 0.01107589
v 0.13167484 -0.36957817 0.01763706
v 0.12929318 -0.37322023 0.02044437
v 0.12206116 -0.36920397 0.00411739
v 0.11988572 -0.36935794 0.00608412
v 0.13114818 -0.35232865 0.01928927
v 0.12926083 -0.35171608 0.02350974
v 0.12941358 -0.35609774 0.02306907
v 0.11924875 -0.35851782 0.00640606
v 0.12113414 -0.35583523 0.00436077
v 0.12199712 -0.35930378 0.00454625
v 0.12786379 -0.35746506 0.00513268
v 0.12780752 -0.35360977 0.00451483
v 0.13017590 -0.35322774 0.00695132
v 0.13208298 -0.35373934 0.01381036
v 0.13216159 -0.35672582 0.01361028
v 0.13083101 -0.35719154 0.00798322
v 0.12295108 -0.35765631 0.02535986
v 0.12276805 -0.35404699 0.02652848
v 0.11994283 -0.35828804 0.02203160
v 0.11963314 -0.36048564 0.00649509
v 0.11858599 -0.36228260 0.01281579
v 0.11837837 -0.36096549 0.01259593
v 0.13142123 -0.34685937 0.02357839
v 0.12906930 -0.34568657 0.02785763
v 0.11725886 -0.35683723 0.00945049
v 0.11830040 -0.35180133 0.00417684
v 0.12825762 -0.34574911 0.00436193
v 0.13019142 -0.34805516 0.00608941
v 0.13162502 -0.35009600 0.01397122
v 0.12121508 -0.34904650 0.02814346
v 0.11929652 -0.35518341 0.02435002
v 0.11764258 -0.35991935 0.01494751
v 0.14557109 -0.34679647 0.01794429
v 0.14645876 -0.34242033 0.01848259
v 0.14423620 -0.34322481 0.02315426
v 0.14832648 -0.33624956 0.01843250
v 0.14536347 -0.33653141 0.02431213
v 0.09461511 -0.40295297 0.01954396
v 0.09455715 -0.40367875 0.01886765
v 0.14561007 -0.32204728 0.02186255
v 0.14098556 -0.32127149 0.02698230
v 0.14374077 -0.34351683 0.00657065
v 0.14462320 -0.34712222 0.00806423
v 0.13933528 -0.34758747 0.00550192
v 0.13287212 -0.35026023 0.01320069
v 0.13430544 -0.34796485 0.00592437
v 0.13556891 -0.34966739 0.00641564
v 0.14706525 -0.34237397 0.01139064
v 0.14649261 -0.34679964 0.01232559
v 0.13460448 -0.35120810 0.01912150
v 0.13426851 -0.34916540 0.01959405
v 0.13287212 -0.35026023 0.01320069
v 0.13279323 -0.34702240 0.00580492
v 0.14280961 -0.33796492 0.00561554
v 0.14830525 -0.33621301 0.01167619
v 0.13397050 -0.34565536 0.02377345
v 0.13235453 -0.34980900 0.01372991
v 0.09325846 -0.40773911 0.00598333
v 0.09304996 -0.39587743 0.00367359
v 0.09453883 -0.39624143 0.02305965
v 0.12608693 -0.37041631 0.02353749
v 0.12657985 -0.36681579 0.02492899
v 0.09451855 -0.40877073 0.01729334
v 0.09457940 -0.38972603 0.02684039
v 0.09480768 -0.38678582 0.02842055
v 0.11134200 -0.37665858 0.02657651
v 0.11130666 -0.37219271 0.02729143
v 0.10825289 -0.37272760 0.02669285
v 0.11009340 -0.39415937 0.01849786
v 0.11010433 -0.39496920 0.01753121
v 0.09387999 -0.36351971 0.03199753
v 0.09407623 -0.36853663 0.03096870
v 0.09459875 -0.39881081 0.02156078
v 0.09356229 -0.35411129 0.03599942
v 0.13235453 -0.34980900 0.01372991
v 0.09411261 -0.41192303 0.01365613
v 0.09391231 -0.41137852 0.01134456
v 0.10967947 -0.37837832 0.00516461
v 0.10972312 -0.37680551 0.00568256
v 0.09106084 -0.37587625 0.02967092
v 0.09478169 -0.37581418 0.03038389
v 0.09444544 -0.40056439 0.02085852
v 0.09047663 -0.39889801 0.02163277
v 0.07433637 -0.17947402 0.03108136
v 0.07559069 -0.17947486 0.04233232
v 0.11094564 -0.38875514 0.02188980
v 0.11037038 -0.39105092 0.02064272
v 0.11954106 -0.17212525 0.02657127
v 0.12663024 -0.27270924 0.06360771
v 0.12826547 -0.25457483 0.07920692
v 0.12269878 -0.26211524 0.08170702
v 0.13720882 -0.20493878 0.08057303
v 0.13339813 -0.19353601 0.07948081
v 0.13291064 -0.19323753 0.09479887
v 0.13056048 -0.26577449 0.05931676
v 0.10148995 -0.29368961 0.07170382
v 0.10768967 -0.29213600 0.06962547
v 0.10566772 -0.27361964 0.08453776
v 0.12598440 -0.18459911 0.02719487
v 0.12074573 -0.17315727 0.03506971
v 0.11838042 -0.28395396 0.06812427
v 0.11608373 -0.26784178 0.08272753
v 0.11112297 -0.27161945 0.08373581
v 0.13596900 -0.20366905 0.09653188
v 0.13552619 -0.21796773 0.09620687
v 0.11302715 -0.28811116 0.06964860
v 0.10978024 -0.26037026 0.09953640
v 0.10022527 -0.26159045 0.10302327
v 0.12767544 -0.19175149 0.05103162
v 0.12246078 -0.17957844 0.05376525
v 0.12272767 -0.18380922 0.06726047
v 0.07724440 -0.29152407 0.06484092
v 0.08248277 -0.29111744 0.06848727
v 0.12200432 -0.25080735 0.09648271
v 0.06946133 -0.26837218 0.04121858
v 0.07170682 -0.26528222 0.03249024
v 0.07022974 -0.28616136 0.03042116
v 0.06621192 -0.28893508 0.03818674
v 0.06611813 -0.28956027 0.04577831
v 0.06840107 -0.27038703 0.04847193
v 0.13526109 -0.20573374 0.06602888
v 0.12959699 -0.19440069 0.06491386
v 0.14895569 -0.31277097 0.01831443
v 0.15040985 -0.31207313 0.01126478
v 0.14702610 -0.29075146 0.02005896
v 0.14433706 -0.31042221 0.02677180
v 0.14443906 -0.28895556 0.02813450
v 0.14212236 -0.26406803 0.03085287
v 0.14287992 -0.26329589 0.02442920
v 0.13782176 -0.23981139 0.03015439
v 0.06899613 -0.30722859 0.01705917
v 0.06263292 -0.30923522 0.02157956
v 0.08038416 -0.30678438 0.01421142
v 0.07536097 -0.28323405 0.02359704
v 0.08944367 -0.30643531 0.01156186
v 0.08334791 -0.28114825 0.01940823
v 0.09189783 -0.27872555 0.01630853
v 0.10006822 -0.27583295 0.01316337
v 0.09851693 -0.30509894 0.01016446
v 0.10788532 -0.27145194 0.01028608
v 0.10572334 -0.30198562 0.00889375
v 0.11442017 -0.26829571 0.00776057
v 0.11329067 -0.29883173 0.00637274
v 0.13730734 -0.23761397 0.02313716
v 0.14115008 -0.26113343 0.01854856
v 0.13935284 -0.25783717 0.01515239
v 0.13516283 -0.23416254 0.01789855
v 0.13381944 -0.26007805 0.00973588
v 0.13993905 -0.28645115 0.03470922
v 0.13622690 -0.28697660 0.03951901
v 0.13961955 -0.31166781 0.03079971
v 0.13208578 -0.28919952 0.04477884
v 0.13427927 -0.31058747 0.03524043
v 0.12803317 -0.29406036 0.04778398
v 0.11954610 -0.29567576 0.00387139
v 0.12043883 -0.26575317 0.00685526
v 0.12710156 -0.26262451 0.00797903
v 0.12477188 -0.29455393 0.00355063
v 0.09448854 -0.40561601 0.01805808
v 0.09254343 -0.37627633 0.00774930
v 0.09214226 -0.37458250 0.00746487
v 0.09449489 -0.37449667 0.00754588
v 0.09114681 -0.36517222 0.00579874
v 0.09120369 -0.36874725 0.00642590
v 0.07818425 -0.18345138 0.05493104
v 0.08045236 -0.18800737 0.06810198
v 0.08755935 -0.16929835 0.06473021
v 0.12444516 -0.29987720 0.04855791
v 0.12353421 -0.31695444 0.03896205
v 0.12821696 -0.31430711 0.03780022
v 0.13099712 -0.29379572 0.00284969
v 0.13804358 -0.29300854 0.00405014
v 0.14253536 -0.29171861 0.00717814
v 0.12871745 -0.19818268 0.01636748
v 0.12391102 -0.18531835 0.01514592
v 0.12536575 -0.18380005 0.02004626
v 0.14637959 -0.29162476 0.01257543
v 0.14702610 -0.29075146 0.02005896
v 0.11900141 -0.30455901 0.05119002
v 0.11896158 -0.32085963 0.04138684
v 0.11349491 -0.30836883 0.05369266
v 0.11377423 -0.32455682 0.04321456
v 0.10886424 -0.31010102 0.05544838
v 0.10424777 -0.32718573 0.04695512
v 0.10901259 -0.32593656 0.04564581
v 0.09856825 -0.32816146 0.04854042
v 0.10378906 -0.31100048 0.05746654
v 0.09213859 -0.32773316 0.05014347
v 0.09731928 -0.31152863 0.05962115
v 0.09057720 -0.31193200 0.06084912
v 0.08372362 -0.31290213 0.06037725
v 0.08547772 -0.32741718 0.05232600
v 0.11604840 -0.17573560 0.01436108
v 0.11825030 -0.17318904 0.01923104
v 0.13294709 -0.20480222 0.05220671
v 0.12163163 -0.17542581 0.04421168
v 0.12074573 -0.17315727 0.03506971
v 0.11090433 -0.16049569 0.03746876
v 0.07704977 -0.32637704 0.05252625
v 0.07604523 -0.31231648 0.05730562
v 0.07077420 -0.31290333 0.05276634
v 0.08087754 -0.26851783 0.07735809
v 0.07446168 -0.18174538 0.02057429
v 0.08548876 -0.17504872 0.01252077
v 0.06969584 -0.32567915 0.04886704
v 0.06555884 -0.31044773 0.04672758
v 0.09077768 -0.25253269 0.10799085
v 0.09590634 -0.25911270 0.10561713
v 0.09538865 -0.24830481 0.12483973
v 0.10718965 -0.17014929 0.01287229
v 0.06991961 -0.24984769 0.04667710
v 0.06986066 -0.26825197 0.05451895
v 0.06834095 -0.28812210 0.05305039
v 0.08557880 -0.23113315 0.12744041
v 0.09062819 -0.24219043 0.12631417
v 0.10078520 -0.16278696 0.07808872
v 0.10176617 -0.16524865 0.09007986
v 0.11218882 -0.17398212 0.08400502
v 0.07028038 -0.24813066 0.05411951
v 0.12687133 -0.18885999 0.04284209
v 0.12637765 -0.18654115 0.03498212
v 0.09590634 -0.25911270 0.10561713
v 0.08242567 -0.24513793 0.09593980
v 0.09077768 -0.25253269 0.10799085
v 0.08942372 -0.17263013 0.07871784
v 0.08097121 -0.19170578 0.08234287
v 0.08054786 -0.19346824 0.09589781
v 0.09116692 -0.17597192 0.09163601
v 0.10176617 -0.16524865 0.09007986
v 0.10126476 -0.16762806 0.11467957
v 0.08384530 -0.18837792 0.12061446
v 0.09292476 -0.17452851 0.11825869
v 0.08101054 -0.19793215 0.14333037
v 0.08112365 -0.21130986 0.14667786
v 0.07691594 -0.20286224 0.17703205
v 0.13416233 -0.21857814 0.03033251
v 0.13074809 -0.20028792 0.02898331
v 0.13098384 -0.20220527 0.03603397
v 0.13399257 -0.21593820 0.02405121
v 0.13033453 -0.19818688 0.02204804
v 0.13229873 -0.21412779 0.01749861
v 0.12410163 -0.18501445 0.09474859
v 0.12436589 -0.18481235 0.08084440
v 0.11251965 -0.16833719 0.07245080
v 0.10275079 -0.16729836 0.10206951
v 0.11257770 -0.17588657 0.11264546
v 0.09279266 -0.17758509 0.10522302
v 0.12398487 -0.18376836 0.11069090
v 0.13291064 -0.19323753 0.09479887
v 0.08507717 -0.23885828 0.11115307
v 0.12410163 -0.18501445 0.09474859
v 0.11325449 -0.17503714 0.09757820
v 0.09279266 -0.17758509 0.10522302
v 0.10275079 -0.16729836 0.10206951
v 0.10978024 -0.26037026 0.09953640
v 0.11519250 -0.25713757 0.09844223
v 0.08349417 -0.19150854 0.10795233
v 0.10112192 -0.15898956 0.06324304
v 0.13442789 -0.22025489 0.04424183
v 0.13153239 -0.20357428 0.04345136
v 0.10275079 -0.16729836 0.10206951
v 0.11325449 -0.17503714 0.09757820
v 0.12822162 -0.24392279 0.09419556
v 0.10473741 -0.26182406 0.10078651
v 0.10022527 -0.26159045 0.10302327
v 0.10037791 -0.27413712 0.08629106
v 0.10473741 -0.26182406 0.10078651
v 0.12200432 -0.25080735 0.09648271
v 0.07414888 -0.24750594 0.07173672
v 0.07259000 -0.22844170 0.07231825
v 0.14212236 -0.26406803 0.03085287
v 0.09443413 -0.41060825 0.01630068
v 0.07118039 -0.24867976 0.03956593
v 0.07223352 -0.24668389 0.03005944
v 0.13993776 -0.26380104 0.03705895
v 0.07799191 -0.24706210 0.08282419
v 0.07497980 -0.22887713 0.08446756
v 0.07825896 -0.22836355 0.09768336
v 0.08507717 -0.23885828 0.11115307
v 0.08111229 -0.22469889 0.11145734
v 0.08111229 -0.22469889 0.11145734
v 0.13779062 -0.26323213 0.04261475
v 0.13711337 -0.24096904 0.04256923
v 0.10078520 -0.16278696 0.07808872
v 0.06055331 -0.31211520 0.04090895
v 0.05802890 -0.32524716 0.03655956
v 0.06297158 -0.32452645 0.04272764
v 0.12802972 -0.21214473 0.01155000
v 0.12506727 -0.19837281 0.01104408
v 0.13098384 -0.20220527 0.03603397
v 0.12193347 -0.18679326 0.01179432
v 0.13401865 -0.21993220 0.03734088
v 0.13704690 -0.24113795 0.03637328
v 0.13401865 -0.21993220 0.03734088
v 0.13101993 -0.22979687 0.01342652
v 0.05892356 -0.30968241 0.02967750
v 0.05491409 -0.32593901 0.02657306
v 0.08214880 -0.21783406 0.12690160
v 0.13438874 -0.26393444 0.04992656
v 0.12637765 -0.18654115 0.03498212
v 0.13719338 -0.34941490 0.02412069
v 0.13660297 -0.34700792 0.02490899
v 0.13589655 -0.34191655 0.02654771
v 0.14324019 -0.34712785 0.02245339
v 0.14070101 -0.34479675 0.02566079
v 0.12495612 -0.38813520 0.01356381
v 0.12510363 -0.38786140 0.01093152
v 0.12476589 -0.38577448 0.01572416
v 0.12481674 -0.38457850 0.01632285
v 0.09050132 -0.38873815 0.00572753
v 0.09340466 -0.38864878 0.00566713
v 0.06160665 -0.32797275 0.00846495
v 0.05474437 -0.32629853 0.01484081
v 0.12203236 -0.27913959 0.06629917
v 0.13208298 -0.35373934 0.01381036
v 0.13162502 -0.35009600 0.01397122
v 0.07234333 -0.32936344 0.00457979
v 0.08371097 -0.33047930 0.00365337
v 0.09465708 -0.40212764 0.02003717
v 0.13851135 -0.24084554 0.05005673
v 0.10049448 -0.15615265 0.03973402
v 0.12806066 -0.38438304 0.01586101
v 0.13166297 -0.38201709 0.01196688
v 0.13189060 -0.37812750 0.01029289
v 0.13161156 -0.37705585 0.01467115
v 0.11832668 -0.37605730 0.01078387
v 0.11986020 -0.37320273 0.01769335
v 0.13185966 -0.37160622 0.01107589
v 0.13263263 -0.36772513 0.01245251
v 0.13277987 -0.36503426 0.01309260
v 0.13278537 -0.36241833 0.01317914
v 0.13110004 -0.35605024 0.01870022
v 0.11796406 -0.37896004 0.01090640
v 0.12181176 -0.37235900 0.00337679
v 0.12546830 -0.37227216 0.00334509
v 0.11828703 -0.36769850 0.01256758
v 0.11847138 -0.36479905 0.01255420
v 0.13216159 -0.35672582 0.01361028
v 0.12625941 -0.22987558 0.01045598
v 0.07593982 -0.21101597 0.08426405
v 0.07736787 -0.21144335 0.09709267
v 0.07999603 -0.20845463 0.11012489
v 0.08214880 -0.21783406 0.12690160
v 0.08149768 -0.20348528 0.12491143
v 0.07999603 -0.20845463 0.11012489
v 0.09222277 -0.32996207 0.00443649
v 0.10002139 -0.32792572 0.00458080
v 0.10885068 -0.32510703 0.00362930
v 0.11500694 -0.32263929 0.00214631
v 0.09550737 -0.29186228 0.07318051
v 0.07599030 -0.26138088 0.02455144
v 0.08365112 -0.25852929 0.01985308
v 0.09068908 -0.25335185 0.01556759
v 0.09742659 -0.24838932 0.01214584
v 0.11266977 -0.23651307 0.00840628
v 0.12048239 -0.23167701 0.00873640
v 0.10364184 -0.24310307 0.01028213
v 0.10056936 -0.17860991 0.00893877
v 0.08730722 -0.18324451 0.00852334
v 0.07671474 -0.22856014 0.01910323
v 0.07593380 -0.24458612 0.02295596
v 0.10777951 -0.17706591 0.00986866
v 0.08027417 -0.19626401 0.00954332
v 0.07665261 -0.18659649 0.01440281
v 0.11527598 -0.17982561 0.01081825
v 0.11774850 -0.21143353 0.00767503
v 0.11261911 -0.19419401 0.00709641
v 0.11950769 -0.19519452 0.00862653
v 0.10021919 -0.21953743 0.00779488
v 0.09245863 -0.22596141 0.01022380
v 0.08645892 -0.20699112 0.00827595
v 0.10991046 -0.21308073 0.00707768
v 0.08506029 -0.23301395 0.01466580
v 0.12314112 -0.21140446 0.00927492
v 0.09505530 -0.19957299 0.00684049
v 0.10638975 -0.19519526 0.00666303
v 0.08166818 -0.24477523 0.01982511
v 0.07662581 -0.21061662 0.01388748
v 0.07270784 -0.28948820 0.06013761
v 0.12075619 -0.31916577 0.00138910
v 0.12648600 -0.31727443 0.00039320
v 0.12434029 -0.35440968 0.00347379
v 0.12484151 -0.35829261 0.00489716
v 0.07432472 -0.41118688 0.01811458
v 0.07427920 -0.41197501 0.01649630
v 0.07415022 -0.41078914 0.01175905
v 0.07086703 -0.36339601 0.03821660
v 0.08001982 -0.37081611 0.01596125
v 0.07711780 -0.37708482 0.01055860
v 0.07209366 -0.38001654 0.03164300
v 0.07221803 -0.38261068 0.03088875
v 0.08446416 -0.38728126 0.01296362
v 0.07291650 -0.39192850 0.02695088
v 0.06669906 -0.39538714 0.02446324
v 0.07296414 -0.39483121 0.02422153
v 0.07381429 -0.40102813 0.02206419
v 0.07942024 -0.40009595 0.02179814
v 0.07385608 -0.40835925 0.02031454
v 0.07377239 -0.40982302 0.01933429
v 0.08382602 -0.39598287 0.01310474
v 0.05950163 -0.37497005 0.01844253
v 0.06804703 -0.37646611 0.00657583
v 0.07282936 -0.40495789 0.00521414
v 0.07153977 -0.39872136 0.00337394
v 0.06876402 -0.35339526 0.00746932
v 0.06685735 -0.36444897 0.00811131
v 0.06872495 -0.37986342 0.00462047
v 0.06899430 -0.38290916 0.00336926
v 0.06695797 -0.40480954 0.00675954
v 0.07000842 -0.41043708 0.01269227
v 0.06983085 -0.38748954 0.00323838
v 0.09281845 -0.37833149 0.00765715
v 0.08967585 -0.40719982 0.00687442
v 0.09093235 -0.41128728 0.01160532
v 0.09431215 -0.41112239 0.01488594
v 0.09808038 -0.40559776 0.01727864
v 0.09069610 -0.40267254 0.01979837
v 0.10108060 -0.39158522 0.01194654
v 0.09506605 -0.38105208 0.03037275
v 0.06712469 -0.35874039 0.00799653
v 0.13254991 -0.31615193 0.00000000
v 0.14097883 -0.31461008 0.00091824
v 0.11519250 -0.25713757 0.09844223
v 0.14816617 -0.31363265 0.00483537
v 0.15040985 -0.31207313 0.01126478
v 0.11076925 -0.35998825 0.02877670
v 0.11098481 -0.36351661 0.02798350
v 0.10451923 -0.36785077 0.02370447
v 0.11130358 -0.38165718 0.02500526
v 0.10444370 -0.38323558 0.01944389
v 0.10351423 -0.38205074 0.01195946
v 0.10780792 -0.38873263 0.02141085
v 0.10861278 -0.39562427 0.01763836
v 0.11023782 -0.39700591 0.01688856
v 0.11022426 -0.39961875 0.01670892
v 0.11029064 -0.40082398 0.01638140
v 0.11031578 -0.40248078 0.01557311
v 0.10800413 -0.40269758 0.01379431
v 0.11014378 -0.40258737 0.01032715
v 0.10227666 -0.39131995 0.00950493
v 0.10276528 -0.38814921 0.00975594
v 0.10640536 -0.38569015 0.00304520
v 0.10957225 -0.38550096 0.00277765
v 0.10332083 -0.37946593 0.01300100
v 0.10328044 -0.37742922 0.01363552
v 0.10349554 -0.37519610 0.01397288
v 0.10289278 -0.37100784 0.01463377
v 0.10349554 -0.37519610 0.01397288
v 0.10345861 -0.37073705 0.00924272
v 0.10237024 -0.36915201 0.01511622
v 0.10150388 -0.36678249 0.01705376
v 0.09970234 -0.36667799 0.01683752
v 0.09969795 -0.36922258 0.01459398
v 0.09959139 -0.36997229 0.02312133
v 0.09999774 -0.37100683 0.01479033
v 0.10131691 -0.37895957 0.01478710
v 0.10049308 -0.37597364 0.01505159
v 0.10172888 -0.38146322 0.01410489
v 0.10149686 -0.38406380 0.01356899
v 0.10141591 -0.38456449 0.02022483
v 0.09291546 -0.38029649 0.00767721
v 0.10179104 -0.39652702 0.01143900
v 0.10112313 -0.40100206 0.01669900
v 0.10178160 -0.40263710 0.01236303
v 0.10018731 -0.40738098 0.01450232
v 0.08631188 -0.39763137 0.01471250
v 0.08684443 -0.39270100 0.01548764
v 0.08629027 -0.38460430 0.01674380
v 0.08569458 -0.38088627 0.01748234
v 0.08547690 -0.37627093 0.01934460
v 0.08787198 -0.36956931 0.02865451
v 0.08398705 -0.37234498 0.01951019
v 0.08306330 -0.37091008 0.01860517
v 0.08161715 -0.36752602 0.01818572
v 0.08003676 -0.36661498 0.01619347
v 0.07967102 -0.36889794 0.01736957
v 0.08271501 -0.37937845 0.01450444
v 0.08199925 -0.37695921 0.01492845
v 0.08367692 -0.38225227 0.01366844
v 0.08289158 -0.39398951 0.02076229
v 0.08338908 -0.40141746 0.01343109
v 0.08382602 -0.39598287 0.01310474
v 0.08252969 -0.40507072 0.01648187
v 0.11485588 -0.39614610 0.01604838
v 0.11683988 -0.39556613 0.00969999
v 0.11719511 -0.39066111 0.00842434
v 0.11716668 -0.38675891 0.00921380
v 0.11725063 -0.38805677 0.01451447
v 0.11558250 -0.38004916 0.00722706
v 0.11717781 -0.38103771 0.01156242
v 0.11726951 -0.38252560 0.01695001
v 0.11742563 -0.37863013 0.01227829
v 0.11750387 -0.37594868 0.01320566
v 0.11719463 -0.37270066 0.01399763
v 0.10971686 -0.37384692 0.00672037
v 0.11205356 -0.37366143 0.00661829
v 0.11584377 -0.36479999 0.02123060
v 0.11652439 -0.36614881 0.01389812
v 0.11680829 -0.36399980 0.01394508
v 0.11675697 -0.36115317 0.01554631
v 0.11764258 -0.35991935 0.01494751
v 0.11837837 -0.36096549 0.01259593
v 0.11858599 -0.36228260 0.01281579
v 0.11990666 -0.36014426 0.02159744
v 0.12813993 -0.36279337 0.00502537
v 0.12616555 -0.35191107 0.02677508
v 0.12672737 -0.35636424 0.02563950
v 0.12530161 -0.36302295 0.00366730
v 0.13112846 -0.37347458 0.01670970
v 0.12186607 -0.37783810 0.01914930
v 0.12539668 -0.37964476 0.01981653
v 0.12507653 -0.38202447 0.01826295
v 0.12261035 -0.38244063 0.01686643
v 0.12501043 -0.38274705 0.01749359
v 0.12484058 -0.38688940 0.01549288
v 0.12319114 -0.38770670 0.01485725
v 0.12188374 -0.38815960 0.01166951
v 0.12501202 -0.37756991 0.00236333
v 0.12554112 -0.37826184 0.02041333
v 0.12568002 -0.37354665 0.02206030
v 0.12542061 -0.36602495 0.00393263
v 0.12530630 -0.36461434 0.00370780
v 0.12266363 -0.36360178 0.02415417
v 0.12657958 -0.36316896 0.02495646
v 0.12320778 -0.34626999 0.00346705
v 0.10642088 -0.39861385 0.00636901
v 0.10929639 -0.39139333 0.00279314
v 0.11120075 -0.38460973 0.02378939
v 0.10968153 -0.37532940 0.00629858
v 0.10877225 -0.36324067 0.00565292
v 0.07306694 -0.39620151 0.02322825
v 0.07316390 -0.39393716 0.02545441
v 0.07243511 -0.38539159 0.03012029
v 0.07119554 -0.36938477 0.03545416
v 0.07154484 -0.35199052 0.04398252
v 0.11008695 -0.39552351 0.01732644
v 0.09264996 -0.35354583 0.00483515
v 0.11023043 -0.40306655 0.01349561
v 0.12506961 -0.38780485 0.01487931
v 0.12524506 -0.38065088 0.01913900
v 0.11021800 -0.35220908 0.03114861
v 0.11021819 -0.39233728 0.01995588
v 0.10674095 -0.35330159 0.00503278
v 0.10956141 -0.39944301 0.00578815
v 0.12545081 -0.36908629 0.00317096
v 0.10899772 -0.36755678 0.00605309
v 0.12515084 -0.38598106 0.00498174
v 0.12527181 -0.34517226 0.02951753
v 0.13646874 -0.35311416 0.00594143
v 0.13437257 -0.35385975 0.00882042
v 0.12504586 -0.38337936 0.01681234
v 0.14056022 -0.34823820 0.02508907
v 0.13894341 -0.35291001 0.00526484
v 0.13676993 -0.35041084 0.00619311
v 0.05642684 -0.35187546 0.03299567
v 0.05768149 -0.33708202 0.03244060
v 0.06179403 -0.33636501 0.03877423
v 0.06994573 -0.33836997 0.04513733
v 0.07868771 -0.33992659 0.04639482
v 0.08713718 -0.34096082 0.04318876
v 0.09925589 -0.33966895 0.04011826
v 0.10469665 -0.33852205 0.03902870
v 0.11338984 -0.33527712 0.03650724
v 0.11932549 -0.33171003 0.03573704
v 0.12796045 -0.32554397 0.03256675
v 0.14973212 -0.32250019 0.00984988
v 0.05493003 -0.33784181 0.02448575
v 0.05387941 -0.33891196 0.01449591
v 0.06973485 -0.34114659 0.00469491
v 0.08023957 -0.34253399 0.00355246
v 0.08815052 -0.34284256 0.00389067
v 0.13683152 -0.32656261 0.00059757
v 0.13006476 -0.32888165 0.00044848
v 0.11869114 -0.33440215 0.00124847
v 0.11371758 -0.33652030 0.00339183
v 0.10691342 -0.33914127 0.00389313
v 0.14447178 -0.36564206 0.01375097
v 0.14251488 -0.36571488 0.01607702
v 0.14217779 -0.36634734 0.01542797
v 0.13491558 -0.37176259 0.01277785
v 0.13403033 -0.37118404 0.01231038
v 0.13458167 -0.37301494 0.01107523
v 0.08656351 -0.40313720 0.01431973
v 0.14296703 -0.36872312 0.01368472
v 0.14180051 -0.36687103 0.01431662
v 0.14140294 -0.36732906 0.01405413
v 0.08880481 -0.40992782 0.01305505
v 0.08822618 -0.40746774 0.01506452
v 0.13346002 -0.36991432 0.00789574
v 0.13268385 -0.36894616 0.00977877
v 0.13192546 -0.36551792 0.01080337
v 0.14272708 -0.36488318 0.01636798
v 0.09391231 -0.41137852 0.01134456
v 0.09093235 -0.41128728 0.01160532
v 0.14274605 -0.36958070 0.00569549
v 0.14311932 -0.36374751 0.00463690
v 0.14521400 -0.36449001 0.00715351
v 0.14087516 -0.37424653 0.01114705
v 0.14129750 -0.37400658 0.00952258
v 0.14302181 -0.37209615 0.01103299
v 0.14222098 -0.36919090 0.01373364
v 0.14102108 -0.36788685 0.01397473
v 0.14245777 -0.37241098 0.01210395
v 0.14263434 -0.37104049 0.01307310
v 0.14170292 -0.37113459 0.01315049
v 0.13604649 -0.37307589 0.01282410
v 0.13580167 -0.37196741 0.01325770
v 0.13285791 -0.36372684 0.00749657
v 0.13214870 -0.36328786 0.01123380
v 0.14339350 -0.36243627 0.00456291
v 0.14531037 -0.36299509 0.00719497
v 0.13297664 -0.36554166 0.01427911
v 0.13357584 -0.36757792 0.01359624
v 0.13592937 -0.36662919 0.01586513
v 0.09974235 -0.40946809 0.01259376
v 0.09690881 -0.41128907 0.01127614
v 0.13469002 -0.36916538 0.01344708
v 0.13527202 -0.36964138 0.01366255
v 0.13606976 -0.36760400 0.01422463
v 0.10018731 -0.40738098 0.01450232
v 0.13292616 -0.36443599 0.01478966
v 0.13597124 -0.36589725 0.01635528
v 0.13594741 -0.36993050 0.01387611
v 0.13623906 -0.36797146 0.01401000
v 0.13667542 -0.37462025 0.01140396
v 0.13524454 -0.37333501 0.01222769
v 0.13585700 -0.37048587 0.00522851
v 0.14444747 -0.36872582 0.00801764
v 0.14525531 -0.36526814 0.01087927
v 0.14331627 -0.37045464 0.01228258
v 0.14136443 -0.37242107 0.01247982
v 0.14049190 -0.37343700 0.01214596
v 0.13694389 -0.37390375 0.01234342
v 0.13542410 -0.36304034 0.00354227
v 0.13292933 -0.36259640 0.00724634
v 0.14560661 -0.36385705 0.01061416
v 0.14564802 -0.36208227 0.00785328
v 0.14352099 -0.36142090 0.00496124
v 0.14304192 -0.35799238 0.00596165
v 0.13643285 -0.36353606 0.01845924
v 0.13675169 -0.36181034 0.01999121
v 0.13395816 -0.36039580 0.01699409
v 0.13237015 -0.36189868 0.01163641
v 0.13283651 -0.35940998 0.01271154
v 0.13346787 -0.35860343 0.00808367
v 0.13456120 -0.35642762 0.01857608
v 0.13438378 -0.35817184 0.01759456
v 0.13639507 -0.35979549 0.02130956
v 0.13372391 -0.35610557 0.00889571
v 0.13323801 -0.35717675 0.01303277
v 0.13324837 -0.35605866 0.01316297
v 0.13392040 -0.35508078 0.00900669
v 0.13602966 -0.35411736 0.00519503
v 0.13572445 -0.35485568 0.00491521
v 0.14648962 -0.35626403 0.01003942
v 0.14648765 -0.35719826 0.01000850
v 0.14284084 -0.35531112 0.00691321
v 0.14699683 -0.35685492 0.01373108
v 0.14542648 -0.35747217 0.01835260
v 0.14378975 -0.35737343 0.02112607
v 0.14378695 -0.36079607 0.01997973
v 0.14662076 -0.35853688 0.01370768
v 0.14603802 -0.36054930 0.01237680
v 0.14634930 -0.35951852 0.00947389
v 0.14469799 -0.36152149 0.01640325
v 0.14503751 -0.35976783 0.01708942
v 0.14565727 -0.36275456 0.01120978
v 0.14273960 -0.36234166 0.01870457
v 0.14285065 -0.36362159 0.01780746
v 0.13562134 -0.35790169 0.00369621
v 0.13577747 -0.36069503 0.00330809
v 0.13310208 -0.36137557 0.00708425
v 0.13964535 -0.36246536 0.01981302
v 0.14017201 -0.36033785 0.02049540
v 0.13869196 -0.37469982 0.01085140
v 0.13853780 -0.37520150 0.00906436
v 0.13862858 -0.37160396 0.01340078
v 0.13839282 -0.37003146 0.01394292
v 0.14156812 -0.36965849 0.01377459
v 0.14405579 -0.36712165 0.01326833
v 0.14449720 -0.36760119 0.01077329
v 0.14525531 -0.36526814 0.01087927
v 0.14468500 -0.36434325 0.01405741
v 0.13327391 -0.36259200 0.01557200
v 0.13237015 -0.36189868 0.01163641
v 0.14469099 -0.36316587 0.01522259
v 0.14565727 -0.36275456 0.01120978
v 0.14603802 -0.36054930 0.01237680
v 0.14662076 -0.35853688 0.01370768
v 0.14699683 -0.35685492 0.01373108
v 0.14547414 -0.35403080 0.01893240
v 0.14323392 -0.35385769 0.02232384
v 0.06628078 -0.40944631 0.01408031
v 0.13192546 -0.36551792 0.01080337
v 0.13214870 -0.36328786 0.01123380
v 0.13559705 -0.36172601 0.00338325
v 0.13888621 -0.36132509 0.00236111
v 0.13283651 -0.35940998 0.01271154
v 0.13323801 -0.35717675 0.01303277
v 0.13324837 -0.35605866 0.01316297
v 0.14694186 -0.35406457 0.01420423
v 0.14651813 -0.35421788 0.01038671
v 0.14694186 -0.35406457 0.01420423
v 0.14267295 -0.35419626 0.00715257
v 0.13911159 -0.35383796 0.00503161
v 0.13335233 -0.35475369 0.01329129
v 0.13951419 -0.36353690 0.01828663
v 0.13614679 -0.36499386 0.01730894
v 0.13887817 -0.36575171 0.01742300
v 0.07415022 -0.41078914 0.01175905
v 0.07000842 -0.41043708 0.01269227
v 0.13835496 -0.36678007 0.01461766
v 0.13580719 -0.36723671 0.01444727
v 0.13841469 -0.36732822 0.01421872
v 0.13858576 -0.37280301 0.01289519
v 0.13850284 -0.37389327 0.01192726
v 0.13608883 -0.37466756 0.01004495
v 0.08102525 -0.40845422 0.01424629
v 0.07799052 -0.40970860 0.01277718
v 0.08252969 -0.40507072 0.01648187
v 0.13864259 -0.37057421 0.00489081
v 0.13891621 -0.36236515 0.00269943
v 0.13896510 -0.36490767 0.01734967
v 0.13907484 -0.36020379 0.00238211
v 0.13917076 -0.35466629 0.00462342
v 0.13449577 -0.35475536 0.01891903
v 0.13335233 -0.35475369 0.01329129
v 0.13674582 -0.35655017 0.02213825
v 0.14023932 -0.35684651 0.02238947
v 0.14051321 -0.35351396 0.02341546
v 0.13736792 -0.35330148 0.02284971
v 0.13862632 -0.36628761 0.01667593
v 0.13954935 -0.35771810 0.00355035
v 0.14259779 -0.35336169 0.00737460
v 0.13849873 -0.36779216 0.01410216
v 0.13348825 -0.35192912 0.01271640
v 0.13348825 -0.35192912 0.01271640
v 0.14649261 -0.34679964 0.01232559
v 0.14114036 -0.33775189 0.02754706
v 0.13520396 -0.32222218 0.03064264
v 0.13850883 -0.34964973 0.00569254
v 0.13785456 -0.34531220 0.00467301
v 0.14452385 -0.32434846 0.00385502
v 0.09362147 -0.34053260 0.04114013
v 0.10890350 -0.33689971 0.03778006
v 0.12353795 -0.32747170 0.03457494
v 0.14922930 -0.32142845 0.01706390
v 0.14973212 -0.32250019 0.00984988
v 0.05822875 -0.33984058 0.00836215
v 0.12480833 -0.33096257 0.00149101
v 0.09521599 -0.34114937 0.00314817
v 0.14830525 -0.33621301 0.01167619
v 0.13537830 -0.34080462 0.00428616
v 0.08213549 -0.21540864 0.01137393
v 0.08349417 -0.19150854 0.10795233
v 0.07725448 -0.18893216 0.17651783
v 0.07936363 -0.21627800 0.17985560
v 0.07691594 -0.20286224 0.17703205
v 0.08112365 -0.21130986 0.14667786
v 0.10523678 -0.40035807 0.01110737
v 0.10456232 -0.39911266 0.01308475
v 0.11014378 -0.40258737 0.01032715
v 0.10780101 -0.40183551 0.01036705
v 0.11224276 -0.40176364 0.01073629
v 0.11438353 -0.40020794 0.01163558
v 0.11526981 -0.39820460 0.01322159
v 0.12949117 -0.38634434 0.01285563
v 0.13166297 -0.38201709 0.01196688
v 0.12830268 -0.38768463 0.01103622
v 0.12510363 -0.38786140 0.01093152
v 0.12188374 -0.38815960 0.01166951
v 0.12036732 -0.38706441 0.01258813
v 0.11990104 -0.38523034 0.01372216
v 0.13458167 -0.37301494 0.01107523
v 0.13403033 -0.37118404 0.01231038
v 0.13608883 -0.37466756 0.01004495
v 0.13853780 -0.37520150 0.00906436
v 0.14129750 -0.37400658 0.00952258
v 0.14302181 -0.37209615 0.01103299
v 0.14449720 -0.36760119 0.01077329
v 0.02033014 -0.17647409 1.62277488
v 0.04267169 -0.17507190 1.62212052
v 0.00079303 -0.18881334 1.55705902
v 0.00079303 -0.18900021 1.55556333
v 0.00069955 -0.20003085 1.56341554
v -0.00416135 -0.19171120 1.55584470
v 0.00079303 -0.18900021 1.55556333
v -0.00705918 -0.18918726 1.55659154
v 0.00069955 -0.01316596 1.57014605
v -0.04360954 -0.16880880 1.62492481
v -0.02126804 -0.17469798 1.62268138
v -0.09575256 -0.02645847 1.46897352
v -0.07888786 0.00784455 1.45700441
v -0.04463781 0.01562567 1.43899470
v -0.17978306 -0.03729572 1.26696868
v -0.10226535 -0.39101044 0.80328864
v -0.11981167 -0.34929272 0.80743305
v -0.14049450 -0.33399279 0.84511995
v -0.10616811 -0.37566761 0.78524545
v -0.10468440 -0.37147570 0.77884418
v -0.11332104 -0.36935803 0.80665044
v -0.14446008 -0.31427962 0.84282671
v -0.13999991 -0.33382678 0.84200660
v -0.11353277 -0.34159144 0.77409695
v -0.13808938 -0.32260658 0.81623081
v -0.12447236 -0.32856539 0.79710741
v -0.13347786 -0.31691686 0.82547636
v -0.11976680 -0.31518395 0.79868294
v -0.10316714 -0.37491266 0.85841798
v -0.12949257 -0.35852735 0.87596066
v -0.13478892 -0.35851969 0.84684057
v -0.11526943 -0.37346363 0.82240614
v -0.12136922 -0.36824871 0.82962016
v -0.13388740 -0.34239818 0.82350462
v -0.14204832 -0.32146679 0.82126013
v -0.12776470 -0.32740309 0.80070355
v -0.13633973 -0.34981602 0.85457985
v -0.02052019 -0.17796975 1.55406852
v -0.02435286 -0.08579924 1.57023954
v -0.17381974 -0.26528886 0.93153173
v -0.15077937 -0.27620994 0.89476408
v -0.14421311 -0.30321534 0.92642117
v -0.16565340 -0.26611577 0.93852868
v -0.06356380 0.24740432 0.02833519
v -0.12109299 0.34367668 0.21056239
v -0.08041130 0.33173117 0.21861236
v -0.10135533 0.35258629 0.22939902
v -0.11246608 0.25270770 0.02347832
v -0.09849729 0.24706155 0.02080569
v -0.07552878 0.30518597 0.19883682
v -0.08228102 0.23651158 0.01243474
v -0.09631587 0.23744282 0.01167079
v -0.07857182 0.22508879 0.00652374
v -0.12699490 0.26100622 0.03003899
v -0.11375609 0.25777586 0.02722925
v -0.06006889 0.22508739 0.00994872
v -0.07127617 0.27236457 0.25795672
v -0.08924192 0.23170460 0.00827044
v -0.11546564 0.25377971 0.02551319
v 0.02229325 -0.17572625 1.62585964
v 0.08885942 -0.01781718 1.47056638
v 0.07984609 0.00736650 1.45743634
v 0.04622388 0.01562567 1.43899470
v 0.16983913 0.02811936 1.29407858
v 0.17999471 0.07320491 0.74574833
v 0.16766695 0.11974876 0.73736540
v 0.15934684 0.11633716 0.70877435
v 0.16979033 0.04907527 0.77159416
v 0.16671150 0.12026542 0.73525436
v 0.16625186 0.03607974 0.80615221
v 0.18341380 0.04930522 0.80436991
v 0.02593893 -0.08579924 1.57023954
v 0.17892784 0.05679260 0.85528128
v 0.16983913 0.02811936 1.29407858
v 0.19386056 0.09067701 0.89396737
v 0.19091896 0.08101791 0.89528610
v 0.08159558 -0.17790246 0.17609241
v 0.10179104 -0.39652702 0.01143900
v 0.01481489 -0.18647636 1.55640467
v 0.11719511 -0.39066111 0.00842434
v 0.14706525 -0.34237397 0.01139064
v 0.12822162 -0.24392279 0.09419556
v 0.13704690 -0.24113795 0.03637328
v 0.13177122 -0.37531238 0.01002137
v 0.11884286 -0.37121424 0.01136981
v 0.11814335 -0.38222985 0.01078210
v 0.11837547 -0.36610711 0.01251898
v 0.08111229 -0.22469889 0.11145734
v 0.10280351 -0.39667275 0.01012612
v 0.08578006 -0.37858152 0.01849045
v 0.14560661 -0.36385705 0.01061416
v 0.13268385 -0.36894616 0.00977877
v 0.13000408 -0.38471498 0.01446148
v 0.14331627 -0.37045464 0.01228258
f 1 2 3
f 4 5 6
f 7 1 4
f 8 4 9
f 10 8 11
f 12 7 8
f 13 10 14
f 15 12 10
f 16 13 17
f 18 15 13
f 19 16 20
f 21 18 16
f 22 19 23
f 24 21 19
f 25 22 26
f 27 24 22
f 25 28 29
f 27 25 30
f 30 29 31
f 32 30 33
f 34 35 36
f 37 34 38
f 39 40 41
f 40 42 43
f 44 45 41
f 41 43 46
f 47 44 48
f 49 48 46
f 50 3 51
f 52 6 5
f 53 52 54
f 55 56 51
f 57 53 58
f 59 55 60
f 61 57 62
f 59 63 64
f 65 66 67
f 68 69 70
f 71 67 72
f 73 68 74
f 75 72 76
f 77 73 78
f 79 36 35
f 80 46 81
f 46 43 82
f 82 83 84
f 85 31 29
f 86 29 28
f 28 26 87
f 26 23 88
f 23 20 89
f 20 17 90
f 14 11 91
f 92 9 6
f 93 6 52
f 11 9 92
f 53 57 94
f 52 53 95
f 90 96 97
f 65 71 98
f 98 71 75
f 75 99 100
f 101 102 103
f 61 104 66
f 69 105 64
f 94 101 106
f 106 103 107
f 103 108 109
f 108 110 111
f 110 112 113
f 114 115 116
f 117 118 119
f 120 119 121
f 122 116 118
f 123 114 122
f 124 122 117
f 125 117 120
f 126 120 127
f 128 123 124
f 129 130 131
f 132 124 125
f 125 126 133
f 126 134 131
f 135 128 132
f 136 137 131
f 138 132 139
f 140 139 133
f 133 131 137
f 141 142 143
f 144 143 142
f 145 144 146
f 147 148 149
f 150 151 152
f 153 154 155
f 151 156 157
f 155 150 158
f 156 159 160
f 97 161 162
f 163 164 165
f 162 161 166
f 167 168 164
f 169 165 170
f 171 166 168
f 172 170 106
f 159 97 173
f 115 114 174
f 114 123 175
f 123 128 176
f 128 135 177
f 178 179 180
f 181 182 179
f 183 184 185
f 186 184 183
f 187 185 182
f 188 174 189
f 190 191 192
f 192 193 194
f 195 196 191
f 193 197 198
f 197 199 200
f 201 200 199
f 202 201 183
f 201 202 203
f 204 181 178
f 205 178 189
f 206 190 207
f 208 207 194
f 209 195 190
f 210 194 198
f 211 187 181
f 212 213 195
f 214 198 200
f 215 183 187
f 174 175 216
f 175 176 217
f 177 218 217
f 219 202 215
f 220 215 211
f 221 211 204
f 217 218 222
f 223 205 224
f 221 225 226
f 216 217 224
f 227 219 220
f 228 224 222
f 229 220 221
f 230 223 228
f 231 228 232
f 233 234 235
f 234 236 237
f 236 238 239
f 240 209 206
f 241 208 210
f 242 206 208
f 214 203 243
f 244 212 209
f 210 214 245
f 245 243 246
f 247 245 248
f 241 247 249
f 243 203 202
f 227 246 243
f 250 251 252
f 253 254 252
f 233 251 255
f 256 257 258
f 259 260 261
f 262 263 264
f 265 266 267
f 268 265 269
f 270 271 269
f 272 269 271
f 273 263 274
f 275 276 274
f 276 277 278
f 279 264 263
f 280 274 263
f 281 282 283
f 277 270 267
f 284 285 286
f 287 288 289
f 290 291 292
f 284 293 294
f 295 296 292
f 297 298 291
f 299 300 294
f 295 291 298
f 301 302 298
f 303 304 300
f 305 298 302
f 306 307 308
f 309 310 311
f 312 313 314
f 315 316 317
f 318 315 319
f 313 312 320
f 293 284 320
f 299 293 321
f 303 299 322
f 303 323 324
f 308 324 310
f 311 318 325
f 325 319 326
f 319 317 327
f 328 329 330
f 331 327 317
f 266 265 332
f 268 333 334
f 333 335 336
f 337 325 289
f 338 339 340
f 341 342 302
f 343 302 342
f 344 345 318
f 344 311 310
f 346 347 323
f 312 348 349
f 315 318 345
f 349 350 321
f 351 352 348
f 347 353 324
f 316 315 354
f 355 310 324
f 350 346 322
f 356 342 357
f 358 359 360
f 361 362 363
f 307 304 303
f 309 337 364
f 351 314 317
f 313 286 331
f 316 365 352
f 366 367 361
f 368 369 370
f 371 357 372
f 347 373 374
f 354 345 375
f 376 355 353
f 377 375 345
f 348 378 379
f 379 380 350
f 377 344 355
f 381 352 365
f 380 382 346
f 352 381 378
f 382 373 347
f 383 365 354
f 381 383 384
f 383 385 386
f 387 384 388
f 384 386 389
f 379 378 381
f 385 375 377
f 376 389 386
f 389 376 374
f 388 389 373
f 390 388 382
f 387 390 380
f 367 391 392
f 392 393 362
f 359 394 395
f 396 372 357
f 395 397 398
f 397 399 400
f 401 402 403
f 402 404 405
f 404 406 407
f 408 409 410
f 411 412 410
f 413 414 415
f 416 413 417
f 418 419 420
f 421 422 423
f 397 395 394
f 399 397 424
f 401 399 425
f 404 402 426
f 406 404 427
f 428 429 430
f 431 418 432
f 433 423 434
f 435 420 419
f 436 437 438
f 439 440 441
f 442 443 444
f 445 446 447
f 448 449 450
f 451 452 453
f 454 455 456
f 457 453 458
f 459 456 460
f 461 458 462
f 463 460 464
f 465 462 466
f 467 468 464
f 469 452 444
f 452 469 470
f 453 470 471
f 462 458 471
f 462 472 473
f 449 439 474
f 459 437 475
f 437 459 463
f 463 468 370
f 370 468 467
f 432 420 476
f 477 433 478
f 479 432 480
f 435 363 476
f 481 476 363
f 480 476 481
f 482 480 483
f 484 485 482
f 485 484 486
f 487 483 488
f 483 481 489
f 490 491 492
f 493 489 481
f 494 486 484
f 399 401 495
f 414 411 496
f 402 401 497
f 478 434 431
f 440 442 498
f 455 451 457
f 456 457 461
f 460 461 465
f 464 465 499
f 485 478 479
f 500 501 477
f 502 484 487
f 500 486 494
f 469 503 504
f 504 505 471
f 506 503 469
f 507 508 509
f 433 477 501
f 510 511 473
f 505 510 472
f 512 513 514
f 515 516 517
f 518 519 520
f 521 522 523
f 524 525 526
f 527 528 508
f 529 530 516
f 531 532 533
f 523 530 529
f 525 509 508
f 534 522 521
f 519 518 535
f 516 536 537
f 538 539 530
f 539 536 516
f 507 533 540
f 534 541 542
f 543 526 544
f 545 518 546
f 518 545 547
f 542 538 523
f 528 527 548
f 526 508 528
f 549 512 550
f 544 528 551
f 549 552 553
f 536 554 555
f 538 556 557
f 539 557 554
f 527 540 558
f 559 560 542
f 561 562 544
f 545 563 564
f 565 566 547
f 560 556 538
f 567 568 551
f 568 567 569
f 570 551 568
f 571 553 572
f 554 573 574
f 556 575 576
f 557 576 573
f 567 548 558
f 559 577 578
f 579 561 570
f 565 564 580
f 581 582 566
f 583 584 585
f 560 578 575
f 581 580 586
f 587 588 582
f 589 590 584
f 578 591 592
f 593 594 595
f 596 568 595
f 590 589 597
f 598 572 599
f 573 600 601
f 597 602 603
f 575 592 604
f 576 604 600
f 567 605 606
f 577 607 591
f 608 579 596
f 600 609 610
f 602 606 611
f 592 612 613
f 604 613 609
f 569 606 602
f 607 614 615
f 608 616 617
f 618 587 586
f 587 618 619
f 611 606 605
f 591 615 612
f 594 593 620
f 616 595 594
f 605 558 621
f 622 599 623
f 617 594 624
f 558 540 625
f 626 623 627
f 609 628 629
f 533 630 625
f 612 631 632
f 613 632 628
f 593 602 597
f 614 633 634
f 635 617 636
f 618 637 638
f 639 640 619
f 532 641 630
f 615 634 631
f 624 620 642
f 643 644 642
f 636 624 644
f 494 645 646
f 647 627 648
f 628 649 650
f 502 651 645
f 631 652 653
f 632 653 649
f 620 597 589
f 633 654 655
f 656 636 657
f 658 639 638
f 639 658 659
f 660 651 502
f 634 655 652
f 649 661 662
f 663 488 664
f 652 665 666
f 653 666 661
f 667 642 589
f 654 668 669
f 670 671 657
f 672 658 673
f 658 672 674
f 488 489 675
f 655 669 665
f 676 643 667
f 677 657 644
f 678 675 489
f 679 680 648
f 681 672 682
f 672 681 683
f 684 685 665
f 686 677 643
f 687 679 688
f 661 689 690
f 685 691 666
f 666 691 689
f 667 583 692
f 668 693 684
f 670 677 686
f 694 686 695
f 696 697 676
f 692 585 698
f 681 699 700
f 681 701 702
f 683 702 703
f 686 676 697
f 704 687 705
f 706 707 690
f 708 709 691
f 709 706 689
f 710 692 711
f 693 712 713
f 708 685 684
f 703 702 701
f 714 695 715
f 239 238 716
f 717 492 718
f 719 720 721
f 722 723 392
f 724 430 409
f 723 725 393
f 726 727 728
f 729 730 731
f 732 733 734
f 735 734 736
f 737 736 738
f 739 738 740
f 741 742 740
f 743 741 744
f 745 746 747
f 748 747 749
f 750 749 751
f 752 751 753
f 754 755 753
f 756 754 757
f 731 758 759
f 760 761 762
f 763 764 765
f 764 766 767
f 768 769 767
f 770 771 772
f 773 771 774
f 768 773 775
f 776 777 775
f 774 771 770
f 768 772 771
f 778 779 777
f 780 781 782
f 777 783 784
f 785 774 786
f 754 756 787
f 755 754 788
f 755 789 790
f 765 767 791
f 792 793 730
f 794 235 795
f 735 747 746
f 737 749 747
f 739 751 749
f 742 753 751
f 741 757 753
f 741 743 796
f 734 797 798
f 799 800 801
f 740 802 799
f 738 803 802
f 736 798 803
f 797 804 805
f 806 807 800
f 798 805 808
f 803 808 809
f 802 809 806
f 804 810 811
f 806 812 813
f 805 811 814
f 808 814 815
f 809 815 812
f 810 816 817
f 812 818 819
f 811 817 820
f 814 820 821
f 815 821 818
f 816 822 823
f 818 824 825
f 817 823 826
f 820 826 827
f 821 827 824
f 822 828 829
f 824 830 831
f 823 829 832
f 826 832 833
f 827 833 830
f 834 835 836
f 837 838 839
f 840 836 841
f 842 841 843
f 844 843 837
f 845 846 847
f 847 848 849
f 850 851 852
f 853 854 855
f 856 852 846
f 855 854 857
f 858 859 860
f 859 861 862
f 863 864 865
f 858 866 867
f 868 869 870
f 861 256 871
f 872 259 873
f 863 872 874
f 869 875 876
f 877 878 758
f 734 733 879
f 804 797 879
f 804 880 881
f 816 810 881
f 822 816 882
f 828 822 883
f 884 885 886
f 154 153 887
f 888 889 890
f 891 892 887
f 196 195 213
f 893 890 889
f 885 893 894
f 160 173 186
f 158 152 193
f 107 116 115
f 895 191 196
f 169 180 179
f 109 111 119
f 167 182 185
f 157 160 199
f 107 109 118
f 895 158 192
f 172 188 180
f 163 179 182
f 173 162 184
f 188 172 896
f 152 157 197
f 171 185 184
f 111 113 121
f 759 758 897
f 878 898 897
f 769 899 791
f 784 899 769
f 779 900 783
f 901 902 903
f 904 905 906
f 907 906 905
f 905 904 908
f 909 910 911
f 912 913 914
f 915 780 916
f 766 915 772
f 774 785 778
f 917 918 919
f 920 917 786
f 916 782 920
f 921 914 922
f 923 907 911
f 924 925 926
f 927 730 793
f 928 929 930
f 789 931 932
f 789 788 933
f 788 787 934
f 935 936 937
f 938 939 940
f 935 941 942
f 938 943 759
f 936 943 944
f 945 946 940
f 947 853 948
f 949 947 950
f 867 866 951
f 849 848 952
f 953 857 851
f 954 897 955
f 956 957 958
f 959 960 946
f 961 962 963
f 964 965 966
f 967 964 968
f 969 970 971
f 972 969 973
f 972 974 975
f 976 977 975
f 978 828 979
f 980 981 875
f 982 983 984
f 985 980 869
f 986 987 988
f 989 985 868
f 981 986 990
f 991 992 993
f 956 994 995
f 996 956 997
f 998 999 1000
f 992 996 1001
f 994 1002 1003
f 958 856 845
f 948 855 1004
f 957 850 856
f 1005 953 850
f 1006 849 1007
f 1004 855 953
f 1008 1009 1010
f 1011 1012 260
f 795 1013 1014
f 1015 1016 254
f 253 795 1017
f 1018 261 260
f 875 990 1019
f 990 988 967
f 1020 1021 1022
f 1014 1013 1023
f 1024 716 1021
f 1015 1017 1025
f 1026 1027 1016
f 988 1028 964
f 1029 1030 863
f 1030 1031 872
f 1025 1017 1014
f 727 760 1032
f 1028 982 965
f 1033 923 1034
f 910 924 1034
f 1035 936 935
f 954 1036 939
f 729 935 1037
f 1038 944 943
f 1035 759 943
f 945 939 1036
f 959 945 1039
f 1040 976 960
f 1041 989 1042
f 1043 991 1044
f 950 948 1045
f 1046 1047 1031
f 1030 1029 1048
f 982 1049 1050
f 1047 1051 1011
f 1052 1053 1054
f 1055 842 844
f 1056 1057 1010
f 1058 1059 1060
f 1061 1012 1062
f 226 225 223
f 1053 1063 1064
f 1065 983 982
f 1012 1011 1051
f 1066 840 842
f 1067 849 1006
f 1031 1011 259
f 1068 1008 1069
f 1070 1071 839
f 978 834 840
f 1072 999 998
f 835 834 1073
f 1074 844 1071
f 1061 1069 1010
f 1075 1062 1051
f 204 205 223
f 393 492 491
f 492 393 725
f 717 1076 1077
f 717 1078 1079
f 1080 906 726
f 906 907 727
f 760 727 907
f 923 1033 761
f 764 763 1081
f 1082 765 1083
f 1032 762 1084
f 1085 1086 728
f 1086 1087 901
f 902 901 1087
f 1088 1089 1090
f 1091 908 904
f 1092 904 1080
f 1093 1080 903
f 1094 903 902
f 333 283 282
f 1095 928 1096
f 748 1096 930
f 750 1097 1096
f 914 913 781
f 914 780 915
f 766 764 922
f 1095 1097 790
f 752 790 1097
f 1041 1098 1099
f 1100 1043 1101
f 1045 1004 992
f 1063 1053 1102
f 1103 1102 1104
f 834 978 1105
f 1057 1018 1106
f 832 1055 1074
f 1069 1061 1107
f 987 1065 1028
f 829 1066 1055
f 845 1067 1108
f 830 1070 1109
f 828 978 1066
f 1002 1072 1110
f 833 1074 1070
f 1012 1061 1106
f 1052 1111 1107
f 1107 1062 1075
f 1112 1113 1114
f 1115 1116 1117
f 1118 1119 1116
f 1120 1121 1119
f 1122 1123 1121
f 51 3 1124
f 1125 78 1126
f 1127 1128 1129
f 78 74 1130
f 1131 1132 1133
f 1130 74 70
f 1134 1135 1136
f 1127 64 63
f 1137 1138 1135
f 63 60 1139
f 60 51 1140
f 1141 1142 1143
f 1144 1145 1146
f 1147 1148 1149
f 1112 2 1123
f 1150 1151 1147
f 1152 1117 1151
f 1153 1154 1155
f 1156 1157 1158
f 1159 1160 1161
f 1162 1113 1163
f 1164 1165 1166
f 1167 1155 1168
f 1169 1161 1170
f 1171 1163 1172
f 1173 1174 1129
f 1128 1164 1175
f 1176 1177 1178
f 1170 1179 1180
f 1181 1172 1182
f 1183 1129 1174
f 1184 1185 1186
f 1187 1182 1188
f 1189 1183 1190
f 1191 1114 1192
f 1193 1188 1160
f 1113 1162 1192
f 1194 1189 1195
f 1165 1191 1196
f 1197 1198 1199
f 1200 1201 1202
f 1203 1204 1205
f 1206 1207 1208
f 1209 1210 1211
f 1212 1213 1198
f 1202 1214 1215
f 1207 1216 1217
f 1210 1218 1219
f 1220 1221 1222
f 1220 1223 1213
f 1224 1225 1226
f 1217 1216 1227
f 1218 1228 1229
f 1230 1222 1221
f 1231 1232 1233
f 1228 1234 1235
f 1236 1230 1237
f 1238 1199 1239
f 1234 1206 1240
f 1241 1242 1239
f 1243 1244 1236
f 1245 1237 1246
f 1247 1238 1242
f 1248 1235 1240
f 1241 1249 1250
f 1251 1243 1245
f 1252 1197 1238
f 1253 1200 1254
f 1203 1255 1256
f 1257 1240 1208
f 1249 1241 1211
f 1212 1197 1252
f 1258 1254 1215
f 1259 1208 1217
f 1260 1211 1219
f 1261 1262 1221
f 1220 1212 1263
f 1264 1224 1265
f 1266 1217 1267
f 1268 1219 1229
f 1237 1221 1262
f 1231 1269 1270
f 1271 1229 1235
f 1249 1260 1272
f 1273 1263 1252
f 1274 1258 1275
f 1259 1266 1276
f 1272 1260 1268
f 1261 1277 1278
f 1277 1261 1263
f 1264 1279 1280
f 1276 1266 1281
f 1268 1271 1282
f 1246 1262 1278
f 1283 1270 1284
f 1271 1248 1285
f 1286 1246 1287
f 1247 1250 1288
f 1248 1257 1289
f 1249 1290 1288
f 1251 1286 1291
f 1292 1252 1247
f 1253 1258 1274
f 1293 1256 1294
f 1257 1259 1295
f 1296 1297 1288
f 1298 1291 1299
f 1300 1292 1301
f 1302 1274 1303
f 1304 1294 1305
f 1289 1295 1306
f 1290 1272 1307
f 1308 1273 1292
f 1274 1309 1310
f 1295 1276 1311
f 1272 1312 1313
f 1277 1314 1315
f 1314 1277 1273
f 1316 1280 1317
f 1311 1276 1318
f 1312 1282 1319
f 1320 1287 1278
f 1321 1322 1284
f 1282 1285 1323
f 1299 1291 1287
f 1301 1288 1297
f 1285 1289 1324
f 1319 1323 1325
f 1323 1324 1326
f 1324 1306 1327
f 1328 1329 1330
f 1331 1332 1299
f 1321 1333 1334
f 1335 1305 1336
f 1337 1303 1338
f 1296 1307 1339
f 1303 1310 1340
f 1341 1342 1343
f 1306 1311 1330
f 1320 1344 1345
f 1314 1346 1347
f 1315 1347 1344
f 1348 1317 1349
f 1308 1350 1346
f 1300 1343 1350
f 1341 1297 1351
f 1352 1351 1297
f 1307 1313 1353
f 1313 1319 1354
f 1333 1335 1355
f 1335 1333 1284
f 1304 1284 1270
f 1269 1203 1293
f 1356 1357 1353
f 1346 1358 1359
f 1350 1360 1358
f 1361 1362 1363
f 1364 1365 1366
f 1342 1367 1368
f 1329 1369 1370
f 1371 1372 1352
f 1343 1368 1360
f 1373 1374 1369
f 1375 1356 1354
f 1357 1371 1339
f 1376 1367 1342
f 1344 1377 1378
f 1379 1380 1355
f 1381 1375 1325
f 1345 1378 1382
f 1347 1359 1377
f 1363 1364 1338
f 1383 1381 1326
f 1372 1376 1351
f 1380 1384 1334
f 1370 1383 1327
f 1385 1386 1369
f 1387 1388 1356
f 1367 1389 1390
f 1391 1392 1382
f 1377 1393 1391
f 1394 1395 1380
f 1396 1387 1375
f 1397 1398 1376
f 1359 1399 1393
f 1400 1401 1364
f 1402 1396 1381
f 1358 1403 1399
f 1360 1404 1403
f 1395 1405 1384
f 1406 1402 1383
f 1407 1408 1371
f 1368 1390 1404
f 1409 1400 1363
f 1401 1410 1365
f 1386 1406 1370
f 1408 1397 1372
f 1388 1407 1357
f 1398 1389 1367
f 1393 1411 1412
f 1394 1413 1414
f 1396 1415 1416
f 1417 1418 1398
f 1399 1419 1411
f 1420 1421 1401
f 1402 1422 1415
f 1403 1423 1419
f 1404 1424 1423
f 1395 1414 1425
f 1406 1426 1422
f 1427 1428 1408
f 1390 1429 1424
f 1430 1420 1400
f 1421 1431 1410
f 1386 1432 1426
f 1428 1417 1397
f 1433 1427 1407
f 1398 1418 1434
f 1435 1432 1386
f 1416 1433 1388
f 1389 1434 1429
f 1391 1412 1436
f 1437 1438 1439
f 1440 1441 1442
f 1443 1444 1445
f 1446 1447 1448
f 1449 1450 1451
f 1452 1453 1454
f 1455 1456 1457
f 1458 1439 1459
f 1460 1461 1462
f 1447 1463 1464
f 1465 1466 1467
f 1468 1469 1470
f 1444 1443 1461
f 1456 1471 1472
f 1469 1473 1474
f 1475 1476 1464
f 1477 1468 1478
f 1441 1440 1438
f 1465 1479 1462
f 1476 1475 1480
f 1481 1472 1471
f 1474 1473 1482
f 1483 1484 1485
f 1442 1486 1480
f 1487 1445 1484
f 1488 1459 1451
f 1489 1482 1490
f 1417 1428 1467
f 1432 1491 1480
f 1421 1420 1471
f 1429 1443 1487
f 1428 1427 1454
f 1477 1471 1420
f 1475 1422 1426
f 1431 1421 1456
f 1424 1487 1483
f 1423 1483 1490
f 1440 1435 1425
f 1422 1475 1463
f 1438 1425 1414
f 1482 1411 1419
f 1466 1462 1418
f 1455 1451 1492
f 1416 1415 1463
f 1439 1414 1413
f 1473 1412 1411
f 1493 1494 1495
f 1496 955 897
f 1497 1498 1036
f 1499 1493 886
f 894 889 891
f 889 888 892
f 1500 892 888
f 1501 35 1502
f 1503 1502 35
f 1504 1503 34
f 1156 1185 1146
f 1505 1186 1185
f 1204 1203 1269
f 1506 934 787
f 1507 785 919
f 1508 778 785
f 1509 919 918
f 1510 756 796
f 813 819 1511
f 1109 839 1512
f 1513 807 813
f 839 838 1514
f 1515 1516 831
f 1517 800 807
f 1518 743 801
f 825 831 1516
f 1519 801 800
f 819 825 1520
f 1520 1516 1521
f 1511 1520 1522
f 1523 1511 1524
f 1513 1523 1525
f 1515 1512 1526
f 1527 1521 1516
f 1512 1514 1528
f 1526 1528 1529
f 1522 1521 1530
f 1531 1530 1521
f 1527 1526 1532
f 756 1510 1533
f 1534 796 743
f 1535 1536 900
f 1508 1535 779
f 1532 1529 1537
f 1531 1532 1538
f 1539 1540 1541
f 1542 1543 1544
f 1545 1546 1547
f 1548 1549 1540
f 1543 1550 1551
f 1552 1553 1549
f 1550 1554 1555
f 1556 1542 1557
f 1554 1558 1559
f 1560 1561 1562
f 1563 1564 1565
f 1558 1565 1564
f 1566 1562 1553
f 1567 1541 1568
f 1569 1570 1556
f 1570 1569 1546
f 1549 1571 1572
f 1544 1551 1573
f 1553 1574 1571
f 1551 1555 1575
f 1576 1557 1577
f 1555 1559 1578
f 1561 1579 1580
f 1581 1582 1564
f 1559 1564 1582
f 1562 1580 1574
f 1568 1541 1583
f 1569 1576 1584
f 1569 1585 1586
f 1540 1572 1583
f 1557 1544 1587
f 1546 1586 1588
f 1574 1589 1590
f 1573 1575 1591
f 1584 1577 1592
f 1575 1578 1593
f 1579 1594 1595
f 1596 1597 1582
f 1578 1582 1597
f 1580 1595 1589
f 1598 1583 1599
f 1585 1584 1600
f 1585 1601 1602
f 1583 1572 1603
f 1577 1587 1604
f 1602 1605 1588
f 1571 1590 1603
f 1587 1573 1606
f 1607 1608 1609
f 1610 1611 1612
f 1613 1614 1615
f 1616 1617 1618
f 1619 1620 1621
f 1622 1623 1624
f 1625 1626 1627
f 1628 1629 1630
f 1631 1632 1633
f 1634 1635 1636
f 1637 1638 1615
f 1639 1640 1641
f 1642 1643 1644
f 1645 1646 1647
f 1630 1629 1648
f 1649 1624 1623
f 1650 1612 1651
f 1652 1653 1654
f 1655 1656 1657
f 1658 1657 1656
f 1659 1660 1608
f 1661 1612 1611
f 1662 1663 1664
f 1665 1666 1667
f 1668 1669 1670
f 1671 1672 1673
f 1674 1664 1665
f 1675 1676 1677
f 1678 1676 1679
f 1680 1681 1682
f 1683 1684 1685
f 1686 1687 1688
f 1689 1690 1691
f 1692 1693 1694
f 1695 1688 1692
f 1688 1696 1697
f 1697 1698 1693
f 1608 1614 1613
f 1620 1616 1699
f 1626 1631 1700
f 1701 1702 1703
f 1660 1637 1614
f 1704 1705 1706
f 1707 1708 1709
f 1710 1711 1690
f 1687 1712 1696
f 1713 1670 1684
f 1681 1714 1715
f 1716 1677 1676
f 1717 1679 1676
f 1718 1719 1720
f 1721 1673 1672
f 1663 1686 1695
f 1722 1723 1669
f 1664 1695 1724
f 1725 1680 1726
f 1724 1694 1666
f 1727 1677 1672
f 1728 1662 1674
f 1729 1667 1730
f 1731 1732 1733
f 1734 1735 1736
f 1643 1737 1738
f 1661 1646 1645
f 1739 1658 1740
f 1741 1742 1743
f 1744 1647 1646
f 1742 1734 1745
f 1708 1746 1747
f 1748 1749 1750
f 1751 1752 1753
f 1754 1755 1756
f 1757 1758 1759
f 1760 1761 1762
f 1763 1764 1765
f 1766 1767 1768
f 1754 1769 1629
f 1770 1748 1771
f 1772 1770 1773
f 1743 1745 1637
f 1769 1756 1774
f 1767 1701 1775
f 1776 1777 1778
f 1779 1673 1780
f 1781 1743 1660
f 1782 1674 1729
f 1748 1613 1783
f 1784 1732 1731
f 1785 1773 1626
f 1771 1750 1632
f 1629 1769 1786
f 1787 1788 1758
f 1789 1762 1780
f 1755 1610 1650
f 1790 1778 1653
f 1791 1765 1635
f 1773 1771 1631
f 1612 1661 1792
f 1737 1640 1639
f 1745 1736 1638
f 1705 1766 1793
f 1794 1795 1777
f 1796 1646 1661
f 1795 1794 1739
f 1746 1704 1797
f 1798 1641 1764
f 1799 1609 1770
f 1609 1613 1748
f 1756 1650 1800
f 1801 1627 1802
f 1803 1804 1630
f 1700 1633 1805
f 1806 1630 1807
f 1627 1700 1808
f 1809 1654 1810
f 1702 1811 1812
f 1636 1813 1814
f 1815 1810 1761
f 1811 1784 1816
f 1814 1813 1788
f 1817 1802 1818
f 1819 1803 1806
f 1820 1808 1805
f 1821 1806 1822
f 1818 1802 1808
f 1752 1725 1823
f 1710 1718 1824
f 1825 1672 1677
f 1826 1827 1702
f 1828 1829 1705
f 1830 1831 1708
f 1824 1832 1833
f 1690 1834 1835
f 1711 1833 1834
f 1720 1836 1832
f 1831 1837 1746
f 1732 1838 1839
f 1766 1840 1841
f 1784 1842 1838
f 1767 1841 1826
f 1837 1828 1704
f 1829 1840 1766
f 1827 1843 1811
f 1811 1843 1842
f 1747 1797 1844
f 1845 1846 1709
f 1709 1747 1847
f 1816 1731 1848
f 1849 1850 1710
f 1706 1793 1851
f 1703 1812 1852
f 1853 1854 1719
f 1775 1703 1855
f 1797 1706 1856
f 1768 1775 1857
f 1850 1853 1718
f 1858 1849 1689
f 1812 1816 1859
f 1860 1848 1731
f 1793 1768 1861
f 1862 1863 1864
f 1865 1866 1697
f 1867 1868 1864
f 1712 1869 1865
f 1870 1679 1871
f 1714 1872 1873
f 1874 1875 1872
f 1876 1871 1679
f 1877 1870 1878
f 1866 1879 1698
f 1875 1880 1881
f 1882 1878 1881
f 1878 1871 1883
f 1883 1873 1872
f 1884 1866 1865
f 1884 1883 1871
f 1819 1728 1782
f 1820 1885 1730
f 1719 1886 1733
f 1887 1751 1888
f 1889 1759 1723
f 1890 1780 1762
f 1891 1782 1885
f 1892 1780 1673
f 1733 1839 1836
f 1854 1860 1886
f 1893 1894 1895
f 1896 1897 1898
f 1899 1900 1901
f 1902 1903 1904
f 1905 1906 1907
f 1908 1909 1910
f 1911 1912 1913
f 1914 1915 1916
f 1917 1918 1919
f 1920 1921 1922
f 1923 1900 1899
f 1924 1925 1926
f 1927 1928 1929
f 1930 1931 1932
f 1933 1916 1915
f 1934 1935 1910
f 1936 1898 1937
f 1938 1939 1940
f 1941 1942 1943
f 1944 1943 1942
f 1945 1946 1894
f 1947 1898 1897
f 1948 1949 1950
f 1951 1952 1953
f 1954 1955 1956
f 1957 1958 1959
f 1960 1950 1951
f 1961 1962 1963
f 1964 1962 1965
f 1966 1967 1968
f 1969 1970 1971
f 1972 1973 1974
f 1975 1976 1977
f 1978 1979 1980
f 1981 1974 1978
f 1982 1983 1978
f 1983 1984 1979
f 1894 1899 1985
f 1907 1902 1986
f 1913 1918 1917
f 1987 1988 1989
f 1946 1990 1899
f 1991 1992 1993
f 1994 1995 1996
f 1976 1997 1998
f 1973 1999 1982
f 2000 1956 1971
f 1967 2001 2002
f 2003 1963 1962
f 2004 1965 1962
f 2005 2006 2007
f 2008 1959 1958
f 1949 1972 1981
f 2009 2010 1955
f 1950 1981 2011
f 2012 1966 2013
f 2011 1980 1952
f 2014 1963 1958
f 1948 1960 2015
f 2016 2017 1953
f 2018 2019 2020
f 2021 2022 2023
f 1928 2024 2025
f 2026 1947 1931
f 2027 1944 2028
f 2029 2030 2031
f 1932 1931 2032
f 2030 2021 2033
f 1995 2034 2035
f 2036 2037 2038
f 2039 2040 2041
f 2042 2043 2044
f 2045 2046 2047
f 2048 2049 2050
f 2051 2052 2053
f 2054 2055 2056
f 1914 2042 2057
f 2058 2036 2059
f 2060 2058 2061
f 2031 2033 1990
f 2057 2044 2062
f 2056 2055 1987
f 2063 2064 2065
f 2066 1959 2067
f 2031 1946 1945
f 1960 2017 2016
f 1985 1901 2037
f 2068 2020 2019
f 2069 2061 1913
f 1918 2059 2038
f 1915 2057 2070
f 2071 2072 2047
f 2073 2050 2049
f 2043 1896 1936
f 2065 2064 1939
f 2053 2052 1921
f 2061 2059 1918
f 1898 1947 2026
f 2024 1925 1924
f 2023 1923 1990
f 1993 2054 2074
f 2075 2063 2076
f 1931 1947 2077
f 2075 2078 2027
f 2035 2034 1992
f 2079 1926 2051
f 2080 1895 2058
f 1895 1985 2036
f 2044 1936 2081
f 1911 2082 2083
f 2084 2085 1916
f 2086 1917 2087
f 2088 1916 1933
f 2082 1917 2086
f 2089 1940 2090
f 1988 2091 2092
f 1922 2093 2094
f 2095 2090 2048
f 2091 2068 2096
f 2093 2072 2071
f 2097 2098 2083
f 2099 2084 2088
f 2086 2100 2101
f 2102 2088 2103
f 2083 2086 2104
f 2040 2012 2105
f 1997 2005 2106
f 2107 1958 1963
f 1987 2108 2109
f 2110 2111 1993
f 2112 2113 1995
f 2106 2114 2115
f 1977 2116 2117
f 1998 2115 2116
f 2007 2118 2114
f 2113 2119 2034
f 2120 2020 2121
f 2122 2123 2055
f 2068 2124 2121
f 2055 2123 2108
f 2119 2110 1992
f 2111 2122 2054
f 2109 2125 2091
f 2091 2125 2124
f 2126 2035 1991
f 2127 2128 1996
f 2129 1996 2035
f 2096 2019 2130
f 2131 1997 1976
f 2132 2074 2133
f 2134 1989 2092
f 2135 2136 2006
f 2137 1989 2134
f 2138 1991 2132
f 2056 2137 2139
f 2131 2135 2005
f 2140 2141 1976
f 2092 2096 2142
f 2143 2130 2019
f 2074 2056 2144
f 2145 2146 2147
f 2148 2149 1983
f 2150 2151 2147
f 1999 2152 2148
f 2153 1965 2154
f 2001 2155 2156
f 2157 2158 2155
f 2159 2154 1965
f 2160 2153 2161
f 2149 2162 1984
f 2158 2163 2164
f 2165 2161 2164
f 2161 2154 2166
f 2166 2156 2155
f 2167 2149 2148
f 2166 2154 2159
f 2168 2015 2101
f 2016 2169 2170
f 2006 2018 2120
f 2171 2039 2172
f 2045 2173 2010
f 2174 2067 2049
f 2015 2016 2104
f 2073 2067 1959
f 2120 2175 2118
f 2136 2143 2018
f 2176 2177 2178
f 2179 2180 2181
f 2182 2183 2184
f 2185 2186 2187
f 2188 2189 2190
f 2191 2192 2193
f 2194 2195 2196
f 2197 2198 2199
f 2200 2201 2202
f 2203 2204 2205
f 2206 2184 2183
f 2207 2208 2209
f 2210 2211 2212
f 2213 2214 2215
f 2216 2199 2217
f 2218 2219 2193
f 2220 2181 2221
f 2222 2223 2224
f 2225 2226 2227
f 2228 2227 2226
f 2229 2178 2177
f 2230 2181 2180
f 2231 2232 2233
f 2234 2235 2236
f 2237 2238 2239
f 2240 2241 2242
f 2243 2233 2234
f 2244 2245 2246
f 2247 2245 2248
f 2249 2250 2251
f 2252 2253 2254
f 2255 2256 2257
f 2258 2259 2260
f 2261 2262 2263
f 2264 2257 2261
f 2257 2265 2266
f 2266 2267 2262
f 2268 2178 2183
f 2190 2185 2269
f 2195 2201 2200
f 2270 2271 2272
f 2273 2183 2178
f 2274 2275 2276
f 2277 2278 2279
f 2280 2281 2259
f 2256 2282 2265
f 2283 2239 2253
f 2250 2284 2285
f 2286 2246 2245
f 2287 2248 2245
f 2288 2289 2290
f 2291 2242 2241
f 2232 2255 2264
f 2292 2293 2238
f 2233 2264 2294
f 2295 2249 2296
f 2294 2263 2235
f 2297 2246 2241
f 2298 2231 2243
f 2299 2300 2236
f 2301 2302 2303
f 2304 2305 2306
f 2211 2307 2308
f 2309 2230 2214
f 2310 2228 2311
f 2312 2313 2314
f 2215 2214 2315
f 2313 2316 2306
f 2317 2279 2318
f 2319 2320 2321
f 2322 2323 2324
f 2325 2326 2327
f 2328 2329 2330
f 2331 2332 2333
f 2334 2335 2336
f 2337 2338 2339
f 2198 2325 2340
f 2341 2342 2320
f 2343 2344 2342
f 2314 2306 2273
f 2340 2327 2345
f 2339 2270 2346
f 2347 2348 2349
f 2350 2242 2351
f 2352 2314 2229
f 2353 2243 2300
f 2320 2182 2354
f 2355 2356 2302
f 2194 2343 2341
f 2201 2319 2357
f 2217 2199 2340
f 2358 2359 2329
f 2360 2333 2351
f 2326 2179 2220
f 2361 2349 2223
f 2336 2335 2204
f 2341 2319 2201
f 2181 2230 2309
f 2307 2208 2207
f 2305 2206 2273
f 2275 2338 2337
f 2362 2363 2348
f 2315 2214 2230
f 2363 2362 2310
f 2364 2318 2274
f 2365 2209 2334
f 2344 2176 2268
f 2342 2268 2182
f 2327 2220 2366
f 2367 2196 2368
f 2369 2197 2216
f 2200 2370 2371
f 2372 2216 2373
f 2196 2200 2374
f 2375 2224 2376
f 2272 2271 2377
f 2378 2205 2379
f 2380 2376 2332
f 2381 2377 2356
f 2382 2379 2359
f 2383 2368 2384
f 2385 2369 2372
f 2386 2374 2371
f 2387 2372 2388
f 2384 2368 2374
f 2322 2295 2389
f 2280 2288 2390
f 2391 2241 2246
f 2392 2393 2271
f 2394 2395 2275
f 2396 2397 2279
f 2390 2398 2399
f 2259 2400 2401
f 2281 2399 2400
f 2290 2402 2398
f 2397 2403 2318
f 2303 2302 2404
f 2338 2405 2406
f 2407 2404 2302
f 2406 2392 2270
f 2403 2394 2274
f 2395 2405 2338
f 2271 2393 2408
f 2408 2407 2356
f 2409 2364 2410
f 2411 2277 2317
f 2412 2317 2364
f 2413 2355 2301
f 2414 2415 2280
f 2416 2276 2337
f 2417 2272 2381
f 2418 2419 2289
f 2420 2346 2272
f 2421 2410 2276
f 2422 2346 2420
f 2415 2418 2288
f 2423 2414 2258
f 2381 2355 2413
f 2424 2301 2425
f 2426 2337 2422
f 2427 2428 2429
f 2265 2430 2431
f 2432 2433 2429
f 2282 2434 2430
f 2435 2436 2248
f 2284 2437 2438
f 2439 2440 2437
f 2287 2441 2442
f 2443 2444 2436
f 2431 2445 2267
f 2440 2446 2447
f 2443 2435 2447
f 2435 2442 2448
f 2448 2438 2437
f 2449 2431 2430
f 2449 2448 2442
f 2385 2298 2353
f 2386 2299 2450
f 2289 2425 2303
f 2451 2324 2387
f 2452 2330 2293
f 2453 2351 2333
f 2454 2353 2299
f 2455 2351 2242
f 2290 2303 2456
f 2419 2457 2425
f 2458 2459 2460
f 2461 2462 2463
f 2464 2465 2466
f 2467 2468 2469
f 2470 2471 2472
f 2473 2474 2475
f 2476 2477 2478
f 2479 2480 2481
f 2482 2483 2484
f 2485 2486 2487
f 2488 2466 2465
f 2489 2490 2491
f 2492 2493 2494
f 2495 2496 2497
f 2498 2481 2499
f 2500 2475 2501
f 2502 2463 2503
f 2504 2505 2506
f 2507 2508 2509
f 2510 2511 2512
f 2513 2514 2459
f 2515 2463 2462
f 2516 2517 2518
f 2519 2520 2521
f 2522 2523 2524
f 2525 2526 2527
f 2528 2518 2519
f 2529 2530 2531
f 2532 2530 2533
f 2534 2535 2536
f 2537 2532 2538
f 2539 2540 2541
f 2542 2543 2544
f 2545 2546 2547
f 2548 2541 2546
f 2541 2549 2550
f 2546 2550 2551
f 2459 2465 2464
f 2472 2471 2468
f 2477 2483 2482
f 2552 2553 2554
f 2555 2465 2459
f 2556 2557 2558
f 2559 2560 2561
f 2562 2563 2564
f 2540 2565 2549
f 2566 2524 2567
f 2535 2568 2569
f 2570 2531 2530
f 2571 2533 2530
f 2572 2573 2574
f 2575 2527 2526
f 2517 2539 2548
f 2576 2577 2523
f 2518 2548 2545
f 2578 2534 2579
f 2519 2545 2580
f 2581 2531 2526
f 2582 2516 2528
f 2583 2521 2584
f 2585 2586 2587
f 2588 2589 2590
f 2591 2494 2592
f 2515 2495 2593
f 2594 2595 2511
f 2596 2597 2598
f 2496 2495 2599
f 2600 2590 2598
f 2601 2561 2602
f 2603 2604 2605
f 2606 2607 2608
f 2609 2610 2611
f 2612 2613 2614
f 2615 2616 2617
f 2618 2619 2620
f 2621 2622 2623
f 2480 2609 2624
f 2625 2604 2603
f 2626 2625 2627
f 2590 2555 2514
f 2624 2611 2628
f 2629 2623 2553
f 2630 2631 2632
f 2633 2527 2634
f 2635 2598 2514
f 2636 2528 2583
f 2604 2464 2637
f 2638 2587 2586
f 2639 2627 2477
f 2483 2603 2640
f 2481 2624 2641
f 2642 2643 2613
f 2644 2617 2634
f 2610 2461 2502
f 2645 2632 2505
f 2646 2620 2486
f 2627 2603 2483
f 2463 2515 2647
f 2592 2490 2489
f 2589 2488 2555
f 2648 2558 2622
f 2649 2650 2631
f 2495 2515 2651
f 2650 2649 2595
f 2652 2602 2557
f 2653 2491 2619
f 2654 2460 2625
f 2460 2464 2604
f 2611 2502 2655
f 2656 2478 2657
f 2658 2479 2498
f 2659 2482 2660
f 2661 2498 2662
f 2478 2482 2659
f 2506 2663 2664
f 2665 2554 2666
f 2667 2487 2668
f 2663 2616 2615
f 2669 2666 2638
f 2670 2668 2643
f 2671 2657 2672
f 2658 2661 2673
f 2674 2659 2675
f 2673 2661 2676
f 2657 2659 2674
f 2607 2578 2677
f 2572 2678 2564
f 2679 2526 2531
f 2680 2681 2554
f 2557 2682 2683
f 2560 2684 2685
f 2678 2686 2687
f 2544 2688 2689
f 2564 2687 2690
f 2574 2691 2686
f 2561 2685 2692
f 2693 2587 2694
f 2622 2695 2696
f 2697 2694 2587
f 2623 2696 2680
f 2602 2692 2682
f 2558 2683 2695
f 2554 2681 2698
f 2698 2697 2638
f 2699 2652 2556
f 2700 2559 2601
f 2701 2601 2652
f 2702 2586 2703
f 2704 2705 2563
f 2706 2648 2621
f 2707 2665 2669
f 2708 2709 2573
f 2710 2552 2665
f 2711 2556 2648
f 2712 2629 2552
f 2705 2708 2572
f 2713 2714 2543
f 2715 2669 2702
f 2716 2703 2586
f 2717 2621 2629
f 2718 2542 2719
f 2549 2720 2721
f 2722 2723 2719
f 2565 2724 2720
f 2538 2533 2725
f 2726 2727 2569
f 2728 2726 2568
f 2729 2725 2533
f 2730 2538 2731
f 2550 2721 2732
f 2728 2733 2734
f 2735 2731 2734
f 2731 2725 2736
f 2734 2736 2727
f 2737 2721 2720
f 2736 2725 2729
f 2738 2582 2636
f 2739 2584 2672
f 2573 2585 2693
f 2740 2606 2741
f 2742 2614 2577
f 2743 2634 2617
f 2744 2636 2739
f 2745 2634 2527
f 2693 2746 2691
f 2709 2716 2585
f 2747 2748 2749
f 2750 2751 2752
f 2753 2754 2751
f 2755 2756 2757
f 2758 2759 2752
f 2760 2761 2747
f 2762 2763 2764
f 2765 2766 2767
f 2768 2769 2770
f 2766 2771 2772
f 2773 2764 2765
f 2774 2775 2776
f 2777 2775 2778
f 2779 2780 2781
f 2782 2783 2784
f 2785 2781 2786
f 2787 2788 2789
f 2790 2774 2791
f 2792 2786 2790
f 2786 2793 2794
f 2794 2795 2774
f 2748 2754 2753
f 2796 2797 2798
f 2788 2799 2800
f 2781 2801 2793
f 2802 2770 2783
f 2780 2803 2801
f 2804 2776 2775
f 2795 2778 2775
f 2805 2806 2807
f 2808 2772 2771
f 2763 2785 2792
f 2809 2810 2769
f 2764 2792 2811
f 2812 2779 2785
f 2811 2791 2766
f 2791 2776 2771
f 2813 2762 2773
f 2814 2767 2815
f 2816 2817 2818
f 2819 2762 2813
f 2820 2821 2822
f 2823 2824 2825
f 2751 2826 2827
f 2767 2772 2828
f 2829 2773 2814
f 2830 2831 2817
f 2761 2832 2748
f 2833 2826 2751
f 2834 2752 2827
f 2835 2836 2822
f 2837 2825 2828
f 2748 2832 2833
f 2838 2749 2839
f 2840 2750 2759
f 2841 2753 2750
f 2842 2843 2759
f 2749 2753 2841
f 2844 2747 2838
f 2798 2845 2846
f 2847 2757 2848
f 2849 2838 2824
f 2846 2845 2831
f 2850 2848 2836
f 2824 2839 2851
f 2852 2840 2843
f 2853 2841 2840
f 2854 2855 2843
f 2851 2839 2841
f 2819 2812 2763
f 2799 2805 2856
f 2857 2771 2776
f 2755 2847 2798
f 2856 2768 2802
f 2858 2789 2782
f 2800 2802 2782
f 2856 2807 2809
f 2818 2817 2821
f 2835 2821 2817
f 2798 2847 2850
f 2850 2835 2831
f 2859 2830 2816
f 2860 2861 2799
f 2862 2846 2863
f 2864 2865 2806
f 2866 2796 2862
f 2861 2864 2805
f 2867 2860 2788
f 2863 2846 2830
f 2868 2816 2869
f 2870 2871 2872
f 2793 2873 2874
f 2875 2872 2871
f 2876 2873 2793
f 2877 2778 2878
f 2879 2876 2801
f 2880 2879 2803
f 2881 2878 2778
f 2882 2877 2883
f 2874 2881 2795
f 2880 2872 2884
f 2875 2883 2884
f 2883 2878 2885
f 2885 2876 2879
f 2885 2874 2873
f 2885 2878 2881
f 2855 2813 2829
f 2886 2815 2851
f 2869 2818 2807
f 2887 2813 2855
f 2809 2820 2888
f 2815 2828 2825
f 2852 2829 2886
f 2889 2828 2772
f 2807 2818 2820
f 2890 2869 2806
f 1795 1607 1799
f 1783 1615 1611
f 2891 1619 2892
f 1617 1622 2893
f 1654 1625 1801
f 1633 1632 1628
f 2894 1659 1607
f 2895 1611 1615
f 1753 1823 1663
f 1666 1671 1779
f 1693 1675 1727
f 1726 1682 1687
f 1682 1715 1712
f 1698 1717 1675
f 1823 1726 1686
f 1694 1727 1671
f 1888 1753 1662
f 1656 1741 1781
f 1735 1744 1796
f 1749 1755 1754
f 1750 1754 1628
f 1778 1772 1785
f 1667 1779 1890
f 1740 1781 1659
f 1653 1785 1625
f 1749 1783 1610
f 1736 1796 2895
f 1777 1799 1772
f 1810 1801 1817
f 1633 1804 1803
f 1761 1817 2896
f 1805 1803 1819
f 1715 1873 1869
f 1879 1876 1717
f 1884 1869 1873
f 1884 1876 1879
f 1821 1888 1728
f 1730 1890 2896
f 2063 2075 1893
f 1900 1897 1896
f 2897 1906 1905
f 1903 1909 1908
f 2090 1940 1912
f 2087 1919 1914
f 2898 1945 1893
f 1923 2077 1897
f 2041 2105 1949
f 1952 1957 2066
f 1979 1961 2014
f 2013 1968 1973
f 1968 2002 1999
f 1984 2004 1961
f 2105 2013 1972
f 1980 2014 1957
f 2172 2041 1948
f 2029 2899 2028
f 2900 2032 2023
f 2038 2037 2043
f 1919 2038 2042
f 2064 2060 2069
f 2169 1953 2066
f 2899 1945 2898
f 1939 2069 1912
f 1901 1896 2043
f 2032 2077 1923
f 2064 2063 2080
f 2048 2090 1911
f 2100 2087 2085
f 2049 2048 2098
f 2101 2100 2084
f 2002 2156 2152
f 2162 2159 2004
f 2167 2152 2156
f 2167 2159 2162
f 2172 2168 2099
f 2170 2169 2174
f 2363 2177 2176
f 2354 2184 2180
f 2901 2189 2188
f 2186 2192 2191
f 2224 2194 2367
f 2370 2202 2198
f 2902 2903 2177
f 2904 2180 2184
f 2323 2389 2232
f 2235 2240 2350
f 2262 2244 2297
f 2296 2251 2256
f 2251 2285 2282
f 2267 2287 2244
f 2389 2296 2255
f 2263 2297 2240
f 2324 2323 2231
f 2226 2312 2352
f 2905 2315 2305
f 2357 2321 2326
f 2202 2357 2325
f 2349 2344 2343
f 2236 2350 2453
f 2311 2352 2903
f 2223 2343 2194
f 2321 2354 2179
f 2315 2904 2206
f 2348 2176 2344
f 2376 2367 2383
f 2371 2370 2197
f 2332 2383 2906
f 2371 2369 2385
f 2285 2438 2434
f 2445 2441 2287
f 2449 2434 2438
f 2449 2441 2445
f 2387 2324 2298
f 2384 2450 2453
f 2650 2458 2654
f 2637 2466 2462
f 2907 2470 2908
f 2909 2469 2474
f 2506 2476 2656
f 2660 2484 2480
f 2594 2513 2458
f 2651 2462 2466
f 2608 2677 2517
f 2520 2525 2633
f 2547 2529 2581
f 2579 2536 2540
f 2536 2569 2565
f 2551 2571 2529
f 2677 2579 2539
f 2580 2581 2525
f 2741 2608 2516
f 2509 2596 2635
f 2910 2599 2589
f 2640 2605 2610
f 2484 2640 2609
f 2632 2626 2639
f 2521 2633 2743
f 2510 2635 2513
f 2505 2639 2476
f 2605 2637 2461
f 2599 2651 2488
f 2631 2654 2626
f 2663 2656 2671
f 2675 2660 2479
f 2616 2671 2911
f 2744 2675 2658
f 2569 2727 2724
f 2732 2729 2571
f 2736 2737 2724
f 2737 2729 2732
f 2673 2741 2582
f 2584 2743 2911
f 1826 1634 2912
f 1639 1798 1829
f 2913 1644 1831
f 1832 1668 1713
f 1834 1683 2914
f 1833 1713 1683
f 1836 1722 1668
f 1644 1738 1837
f 1838 1757 1889
f 1840 1763 1791
f 1842 1787 1757
f 1841 1791 1634
f 1738 1639 1828
f 1829 1798 1763
f 2912 1814 1843
f 1843 1814 1787
f 1847 1844 2915
f 2916 1845 2917
f 2918 2917 1847
f 1859 1848 2919
f 2920 2921 1850
f 1856 1851 2922
f 1855 1852 2923
f 2924 2925 1854
f 2926 1857 1855
f 1844 1856 2927
f 1861 1857 2926
f 2921 2924 1853
f 2928 2920 1849
f 2923 1852 1859
f 2929 2919 1848
f 1851 1861 2930
f 1863 1862 1875
f 2931 1877 1882
f 1862 1868 1880
f 1867 1882 1880
f 1839 1889 1722
f 2925 2929 1860
f 2108 1920 2932
f 2110 1924 2079
f 2933 1929 2113
f 2114 1954 2000
f 2116 1970 1969
f 2115 2000 1970
f 2118 2009 1954
f 1929 2025 2119
f 2121 2046 2045
f 2122 2934 2053
f 2124 2071 2046
f 2123 2053 1920
f 2025 1924 2110
f 2079 2934 2122
f 2932 2094 2125
f 2125 2094 2071
f 2935 2126 2138
f 2936 2127 2129
f 2937 2129 2126
f 2142 2130 2938
f 2939 2940 2131
f 2941 2133 2942
f 2134 2943 2944
f 2945 2946 2136
f 2139 2134 2947
f 2138 2941 2948
f 2144 2139 2949
f 2940 2945 2135
f 2950 2939 2141
f 2943 2142 2951
f 2952 2938 2130
f 2133 2144 2953
f 2146 2145 2158
f 2954 2160 2165
f 2145 2151 2163
f 2150 2165 2163
f 2175 2045 2009
f 2946 2952 2143
f 2203 2378 2393
f 2207 2365 2395
f 2955 2212 2397
f 2398 2237 2283
f 2400 2252 2956
f 2399 2283 2252
f 2402 2292 2237
f 2212 2308 2403
f 2456 2404 2328
f 2957 2336 2406
f 2358 2328 2404
f 2406 2336 2203
f 2308 2207 2394
f 2365 2957 2405
f 2378 2382 2408
f 2382 2358 2407
f 2958 2409 2421
f 2959 2411 2412
f 2960 2412 2409
f 2413 2424 2961
f 2962 2963 2415
f 2416 2426 2964
f 2965 2417 2966
f 2967 2968 2419
f 2969 2420 2417
f 2970 2421 2416
f 2971 2972 2420
f 2963 2967 2418
f 2973 2962 2414
f 2966 2413 2974
f 2961 2424 2457
f 2964 2426 2972
f 2428 2427 2440
f 2432 2975 2444
f 2427 2433 2446
f 2432 2443 2446
f 2402 2456 2452
f 2968 2976 2457
f 2485 2667 2681
f 2682 2489 2653
f 2684 2492 2591
f 2686 2522 2566
f 2688 2537 2730
f 2687 2566 2977
f 2691 2576 2522
f 2685 2591 2978
f 2694 2612 2742
f 2695 2618 2646
f 2642 2612 2694
f 2696 2646 2485
f 2978 2489 2682
f 2653 2618 2695
f 2681 2667 2670
f 2698 2670 2642
f 2593 2699 2711
f 2700 2701 2497
f 2497 2701 2699
f 2979 2703 2740
f 2535 2534 2705
f 2503 2706 2717
f 2499 2707 2715
f 2578 2607 2709
f 2641 2710 2707
f 2647 2711 2706
f 2712 2710 2641
f 2534 2578 2708
f 2568 2535 2714
f 2715 2979 2676
f 2606 2740 2703
f 2655 2717 2712
f 2542 2718 2728
f 2722 2689 2730
f 2718 2723 2733
f 2722 2735 2733
f 2746 2742 2576
f 2607 2606 2716
f 2980 2981 2186
f 2982 2983 2984
f 2985 2468 2471
f 2986 2501 2987
f 2988 2989 1620
f 2990 2991 2992
f 2985 2993 2469
f 2994 2474 2469
f 2995 2996 2997
f 2986 2998 2995
f 2999 3000 3001
f 1619 2891 3002
f 3003 3004 2984
f 1902 1907 3005
f 3006 2992 3007
f 3008 3009 2997
f 2991 2990 3010
f 3011 3012 3013
f 3014 3015 1903
f 1616 1620 2989
f 3002 2891 3016
f 2987 2501 2475
f 2474 2994 3017
f 3018 3019 3020
f 2185 2190 3021
f 3022 3023 1617
f 3024 3011 3001
f 3025 3026 3027
f 3028 3008 2996
f 3029 3030 3031
f 3032 3003 2983
f 3033 3034 3035
f 3036 3037 3038
f 3039 3037 3040
f 3041 3042 3043
f 2192 2186 2981
f 3044 3038 3037
f 3039 3045 3046
f 3026 3047 3048
f 3049 3050 3051
f 3052 3040 3027
f 3053 3021 2190
f 3054 3055 3056
f 3057 3052 3048
f 3056 3035 3034
f 3047 3058 3059
f 3060 3061 3062
f 3063 3064 3065
f 3060 3066 3067
f 3064 3068 3069
f 3070 3069 3068
f 3071 3072 3073
f 3074 3070 3075
f 3076 3077 3073
f 3078 3079 3080
f 3081 3082 3083
f 3084 3085 3086
f 3087 3088 3089
f 3090 3083 3091
f 3092 3093 3094
f 1903 3015 3095
f 3096 3086 3097
f 3098 3099 3088
f 3084 3100 3082
f 3065 3069 3101
f 3094 3093 3102
f 3103 3104 3061
f 3079 3094 3105
f 3104 3106 3074
f 1699 1618 1735
f 2892 1621 1742
f 2893 1624 1647
f 3107 1642 2913
f 3108 1647 1624
f 2891 1655 3109
f 1621 1699 1734
f 3007 1707 1846
f 2992 1830 1707
f 3110 3018 1846
f 1655 2892 1741
f 1618 2893 1744
f 2991 2913 1830
f 3111 3110 1845
f 3112 3113 2128
f 1905 3114 2030
f 2900 1908 1935
f 3115 1932 1935
f 3116 2215 2219
f 3117 1927 2933
f 3118 2999 2277
f 3012 2396 2278
f 2984 1994 2128
f 3119 2269 2316
f 3120 2933 2112
f 2022 1904 1908
f 2191 2219 2215
f 1942 1941 1905
f 2188 3119 2313
f 3121 3112 2127
f 2984 3004 2112
f 2997 3009 2684
f 3114 1986 2021
f 2897 1941 3122
f 3123 2955 2396
f 1986 1904 2022
f 3124 3118 2411
f 3125 2997 2560
f 3126 2210 2955
f 2600 2467 2909
f 3127 2493 2492
f 2908 2472 2597
f 2304 2187 2191
f 3128 2901 2225
f 2269 2187 2304
f 2226 2225 2188
f 3013 2278 2277
f 2588 2909 2473
f 2597 2472 2467
f 3009 3129 2492
f 2986 3125 2559
f 2508 2908 2596
f 2501 2986 2700
f 3130 2907 2508
f 2910 2473 2500
f 2496 2500 3131
f 3132 1590 1589
f 1606 1591 3133
f 3134 1600 1592
f 1591 1593 3135
f 1594 3136 3137
f 3138 3139 1597
f 1593 1597 3139
f 1595 3137 3140
f 3141 1599 3142
f 3143 1601 1600
f 1601 3143 3144
f 1599 1603 3145
f 1592 1604 3146
f 1602 3144 3147
f 3145 1603 1590
f 1604 1606 3148
f 3135 3139 3149
f 3137 3150 3151
f 3152 3142 3153
f 3154 3143 3134
f 3143 3154 3155
f 3142 3145 3156
f 3157 3146 3158
f 3144 3155 3159
f 3156 3145 3132
f 3146 3148 3160
f 3161 3132 3140
f 3148 3133 3162
f 3163 3134 3157
f 3133 3135 3164
f 3136 3165 3150
f 3166 3149 3139
f 3167 3153 3168
f 3169 3154 3163
f 3154 3169 3170
f 3153 3156 3171
f 3172 3158 3173
f 3155 3170 3174
f 3171 3156 3161
f 3158 3160 3175
f 3176 3161 3151
f 3160 3162 3177
f 3163 3172 3178
f 3162 3164 3179
f 3165 3180 3181
f 3182 3183 3149
f 3164 3149 3183
f 3150 3181 3184
f 3168 3171 3185
f 3178 3173 3186
f 3170 3187 3188
f 3185 3171 3176
f 3173 3175 3189
f 3190 3176 3184
f 3175 3177 3191
f 3192 3178 3193
f 3177 3179 3194
f 3180 3195 3196
f 3197 3198 3183
f 3179 3183 3198
f 3181 3196 3199
f 3200 3168 3201
f 3202 3169 3192
f 3169 3202 3187
f 3203 3201 3204
f 3205 3202 3206
f 3202 3205 3207
f 3201 3185 3208
f 3193 3186 3209
f 3187 3207 3210
f 3208 3185 3190
f 3186 3189 3211
f 3212 3190 3199
f 3189 3191 3213
f 3214 3206 3193
f 3191 3194 3215
f 3195 3216 3217
f 3218 3219 3198
f 3194 3198 3219
f 3196 3217 3220
f 3221 3204 3208
f 3222 3209 3223
f 3207 3224 3225
f 3226 3208 3212
f 3209 3211 3227
f 3228 3212 3220
f 3211 3213 3229
f 3230 3214 3222
f 3213 3215 3231
f 3216 3232 3233
f 3234 3235 3219
f 3215 3219 3235
f 3217 3233 3236
f 3237 3204 3221
f 3238 3205 3214
f 3205 3238 3224
f 3239 3226 3228
f 3223 3227 3240
f 3241 3228 3236
f 3227 3229 3242
f 3243 3230 3244
f 3229 3231 3245
f 3232 3246 3247
f 3248 3249 3235
f 3231 3235 3249
f 3233 3247 3250
f 3251 3221 3252
f 3253 3238 3230
f 3238 3253 3254
f 3252 3221 3226
f 3255 3244 3223
f 3224 3254 3256
f 3257 3241 3250
f 3240 3242 3258
f 3259 3243 3255
f 3242 3245 3260
f 3246 3261 3262
f 3263 3264 3249
f 3245 3249 3264
f 3247 3262 3265
f 3266 3252 3267
f 3268 3253 3243
f 3253 3268 3269
f 3267 3252 3239
f 3270 3255 3271
f 3254 3269 3272
f 3273 3239 3241
f 3271 3240 3274
f 3275 3259 3270
f 3258 3260 3276
f 3261 3277 3278
f 3279 3280 3264
f 3260 3264 3280
f 3262 3278 3281
f 3282 3267 3283
f 3284 3268 3259
f 3268 3284 3285
f 3267 3273 3286
f 3287 3270 3288
f 3269 3285 3289
f 3286 3273 3257
f 3288 3274 3290
f 3291 3257 3265
f 3274 3258 3292
f 3293 3294 3280
f 3276 3280 3294
f 3278 3295 3296
f 3297 3283 3298
f 3299 3284 3275
f 3284 3299 3300
f 3283 3286 3301
f 3287 3302 3303
f 3285 3300 3304
f 3301 3286 3291
f 3302 3290 3305
f 3306 3291 3281
f 3290 3292 3307
f 3308 3275 3287
f 3292 3276 3309
f 3277 3310 3295
f 3311 3298 3312
f 3313 3299 3308
f 3299 3313 3314
f 3298 3301 3315
f 3316 3303 3317
f 3300 3314 3318
f 3301 3306 3319
f 3303 3305 3320
f 3319 3306 3296
f 3305 3307 3321
f 3322 3308 3316
f 3307 3309 3323
f 3310 3324 3325
f 3326 3327 3294
f 3309 3294 3327
f 3295 3325 3328
f 3312 3315 3329
f 3330 3317 3331
f 3314 3332 3333
f 3315 3319 3334
f 3317 3320 3335
f 3334 3319 3328
f 3320 3321 3336
f 3337 3322 3330
f 3321 3323 3338
f 3324 3339 3340
f 3341 3342 3327
f 3323 3327 3342
f 3325 3340 3343
f 3344 3312 3345
f 3346 3313 3322
f 3313 3346 3332
f 3347 3329 3334
f 3331 3335 3348
f 3349 3334 3343
f 3335 3336 3350
f 3337 3351 3352
f 3336 3338 3353
f 3339 3354 3355
f 3356 3357 3342
f 3338 3342 3357
f 3340 3355 3358
f 3359 3345 3360
f 3361 3346 3337
f 3346 3361 3362
f 3345 3329 3347
f 3351 3331 3363
f 3332 3362 3364
f 3365 3349 3358
f 3348 3350 3366
f 3367 3352 3368
f 3350 3353 3369
f 3354 3370 3371
f 3372 3373 3357
f 3353 3357 3373
f 3355 3371 3374
f 3375 3360 3376
f 3377 3361 3367
f 3361 3377 3378
f 3376 3360 3347
f 3352 3363 3379
f 3362 3378 3380
f 3381 3347 3349
f 3363 3348 3382
f 3383 3384 3368
f 3385 3366 3369
f 3386 3387 3388
f 3389 3390 3391
f 3369 3373 3391
f 3392 3388 3393
f 3394 3376 3395
f 3396 3377 3384
f 3396 3397 3398
f 3395 3376 3381
f 3368 3379 3399
f 3400 3398 3401
f 3402 3381 3365
f 3379 3382 3403
f 3404 3365 3374
f 3403 3382 3366
f 3106 3405 3070
f 3406 3092 3079
f 3407 3408 3102
f 3406 3078 3065
f 3409 3410 3101
f 3411 3412 3092
f 3405 3101 3069
f 3413 2993 2985
f 3414 3005 1907
f 1617 3023 3415
f 1906 2897 1623
f 3415 3414 1906
f 2985 3416 3417
f 3417 3416 3418
f 2189 2901 1910
f 3405 3106 3419
f 1909 3095 3053
f 3106 3104 3418
f 3420 3413 3421
f 3422 3420 3103
f 3418 3416 2471
f 3423 3418 2470
f 2470 2907 2193
f 3421 3417 3104
f 3424 3056 3055
f 3425 3426 3427
f 3428 3427 3429
f 2760 3430 3431
f 3432 2827 3433
f 3434 2755 2797
f 3435 3436 2797
f 2826 2833 3437
f 2827 2826 3438
f 2796 2866 3439
f 2833 2832 3440
f 2755 3434 3441
f 2832 2761 3431
f 3437 3440 3442
f 3442 3440 3431
f 3434 3443 3444
f 3445 3433 3446
f 3430 3447 3448
f 3443 3434 3436
f 3449 3450 3436
f 3435 3439 3451
f 3438 3437 3452
f 3433 3438 3453
f 3454 3453 3452
f 3446 3453 3454
f 3455 3452 3442
f 3456 3442 3448
f 3443 3457 3458
f 3459 3446 3460
f 3447 3461 3462
f 3443 3450 3463
f 3449 3464 3463
f 3464 3449 3451
f 3465 3457 3463
f 3466 3467 3463
f 3466 3464 3468
f 3469 3454 3455
f 3470 3460 3454
f 3455 3456 3471
f 3456 3462 3472
f 3457 3465 3473
f 3474 3460 3470
f 3475 3472 3462
f 3476 3477 3473
f 3478 3479 3470
f 3480 3481 3472
f 3465 3467 3482
f 3466 3483 3482
f 3483 3466 3484
f 3485 3469 3486
f 3487 3470 3469
f 3486 3471 3488
f 3471 3472 3481
f 3489 3490 3488
f 3488 3481 3491
f 3476 3492 3493
f 3494 3478 3487
f 3495 3491 3481
f 3492 3476 3482
f 3483 3496 3497
f 3496 3483 3498
f 3499 3485 3490
f 3500 3487 3485
f 3501 3502 3491
f 3503 3504 3491
f 3505 3506 3507
f 3506 3508 3509
f 3510 3511 3512
f 3513 3514 3506
f 3513 3515 3516
f 3515 3517 3518
f 3519 3520 3521
f 3517 3522 3523
f 3522 3524 3525
f 3526 3527 3525
f 3528 3525 3524
f 3529 1623 2897
f 1910 2901 3128
f 3110 3111 3117
f 3120 3004 3018
f 3004 3003 3019
f 3036 3019 3003
f 3045 3530 3531
f 3052 3057 3045
f 3532 3533 3493
f 3112 3121 3126
f 3012 3113 3112
f 2193 2907 3130
f 3118 3124 3127
f 3129 3009 2999
f 3009 3008 3000
f 3033 3000 3008
f 3047 3026 3534
f 3535 3058 3047
f 3056 3424 3534
f 3534 3026 3025
f 3113 3012 3011
f 3536 3031 3042
f 3098 3537 3077
f 3538 3062 3061
f 3093 3539 3540
f 3540 3541 3049
f 3542 3543 3411
f 3030 3029 3420
f 3544 3532 3492
f 3545 3546 3076
f 3547 3081 3090
f 3099 3098 3076
f 3537 3098 3087
f 3548 3090 3549
f 3100 3084 3096
f 3550 3087 3551
f 3085 3084 3081
f 3552 3096 3551
f 3031 3553 3554
f 3523 3525 3527
f 3043 3042 3554
f 3518 3523 3555
f 3544 3497 3496
f 3556 3557 3558
f 3559 3494 3500
f 3560 3500 3499
f 3489 3561 3562
f 3563 3521 3564
f 3565 3566 3567
f 3568 3569 3565
f 3570 3030 3422
f 3571 3572 3520
f 3573 3574 3575
f 3576 3577 3574
f 3578 3579 3577
f 3580 3581 3579
f 3582 3583 3581
f 3386 3370 3584
f 3585 3584 3370
f 3586 3587 3339
f 3588 3589 934
f 3589 3590 933
f 3590 3591 931
f 3592 932 931
f 3593 1095 932
f 3594 928 1095
f 3594 3595 929
f 3596 3597 925
f 3596 3598 792
f 3599 3598 910
f 3599 3600 3601
f 3602 3600 908
f 3603 264 329
f 3604 329 264
f 3605 3606 722
f 3607 3605 391
f 3608 3609 366
f 3610 3608 419
f 3611 3610 418
f 3611 3612 415
f 3612 434 423
f 3613 423 422
f 3614 524 543
f 3615 552 550
f 3616 3615 562
f 3617 3616 561
f 3618 599 572
f 3619 623 599
f 3619 635 656
f 3620 656 671
f 3621 688 648
f 3621 3622 705
f 3622 3623 3624
f 3623 714 3625
f 3626 687 704
f 3626 3627 679
f 3628 3627 682
f 3628 3629 647
f 3629 638 637
f 3630 637 586
f 3631 598 622
f 3632 571 598
f 3632 564 563
f 3633 3634 563
f 3633 3635 513
f 3636 3637 3638
f 3639 3636 427
f 3640 3639 426
f 3641 412 411
f 3641 425 424
f 3642 724 408
f 3643 3644 428
f 3645 719 3644
f 3646 3604 279
f 3647 332 3648
f 3649 3650 1561
f 3651 3650 1547
f 3651 3652 1594
f 3653 3136 1594
f 3654 3655 3583
f 3656 3657 3655
f 3658 918 3589
f 918 917 3590
f 917 920 3591
f 782 3592 3591
f 781 3593 3592
f 913 3594 3593
f 913 912 3595
f 1037 942 3597
f 924 910 3598
f 793 792 3598
f 909 908 3600
f 3659 3660 331
f 3661 3648 332
f 3662 334 3663
f 720 3606 3605
f 429 721 3605
f 409 430 3609
f 409 3608 3610
f 496 410 3610
f 434 3612 3611
f 417 415 3612
f 3664 417 3613
f 550 514 3614
f 562 3615 3665
f 553 552 3615
f 553 3616 3617
f 579 608 3618
f 635 3619 3618
f 623 3619 3620
f 627 3620 3666
f 670 3621 3666
f 694 3622 3621
f 694 714 3623
f 3667 3623 3668
f 699 3626 3669
f 699 682 3627
f 680 679 3627
f 673 638 3629
f 647 3629 3630
f 626 3630 3670
f 580 3631 3670
f 564 3632 3631
f 571 3632 3634
f 512 549 3634
f 546 520 3635
f 416 3637 3636
f 413 3636 3639
f 414 3639 3640
f 425 3641 3640
f 412 3641 3671
f 394 3642 3671
f 359 358 3643
f 358 3672 3645
f 3663 334 336
f 3673 3674 3675
f 3674 3676 3677
f 3676 3678 3679
f 3680 3681 3682
f 3681 3683 3684
f 3683 3685 3686
f 3687 3688 3686
f 3689 3690 3688
f 3691 3692 3690
f 3693 1547 3650
f 1579 1561 3650
f 1588 1605 3652
f 3147 3653 3652
f 3548 3694 3575
f 3547 3575 3574
f 3577 3086 3085
f 3579 3097 3086
f 3097 3579 3581
f 3354 3339 3587
f 3550 3581 3583
f 3583 3655 3077
f 3695 3656 3696
f 3697 3401 3698
f 3364 3380 3584
f 3699 3700 3701
f 1563 3701 3702
f 1581 3702 3703
f 1596 3703 3704
f 3138 3704 3705
f 3166 3705 3706
f 3182 3706 3707
f 3197 3707 3708
f 3218 3708 3709
f 3234 3709 3710
f 3248 3710 3711
f 3263 3711 3712
f 3279 3712 3713
f 3293 3713 3714
f 3326 3714 3715
f 3341 3715 3716
f 3356 3716 3717
f 3372 3717 3718
f 3719 3695 3720
f 3077 3655 3657
f 3419 3106 3423
f 3534 3024 3721
f 3722 2990 3723
f 3409 3419 2981
f 2980 3021 3410
f 2982 3025 3724
f 3410 3021 3053
f 3041 3028 3725
f 3006 3020 3723
f 3053 3095 3542
f 3543 3542 3095
f 3543 3015 3014
f 3014 3005 3412
f 3040 3032 3724
f 3000 3033 3721
f 2998 2987 3536
f 3092 3412 3005
f 3019 3036 3723
f 3414 3415 3093
f 3539 3093 3415
f 3539 3023 3022
f 3725 2996 2995
f 3022 2989 3541
f 3541 2989 2988
f 2988 3002 3050
f 3051 3050 3726
f 3722 3727 3728
f 3017 3029 3536
f 3029 3017 2994
f 2994 2993 3413
f 3729 3726 3050
f 3037 3036 3032
f 3034 3033 3028
f 3011 3024 3025
f 3489 3502 3501
f 3730 3731 3559
f 3732 3730 3560
f 3408 3733 3105
f 3549 3091 3734
f 3735 3073 3657
f 3732 3562 3561
f 3736 3737 3566
f 3733 3408 3407
f 3738 3734 3091
f 3734 3738 3730
f 3407 3051 3730
f 3733 3091 3083
f 3105 3083 3082
f 3739 3568 3740
f 3740 3567 3526
f 3741 3742 3743
f 3744 3741 3745
f 3744 3746 3747
f 3748 3747 3749
f 3750 3749 3751
f 3752 3751 3753
f 3572 3753 3754
f 3520 3754 3755
f 3756 3757 3742
f 3572 3571 3512
f 3758 3756 3741
f 3757 3756 3759
f 3516 3518 3760
f 3761 3514 3516
f 3762 3759 3756
f 3758 3763 3764
f 3763 3765 3766
f 3767 3768 3766
f 3763 3758 3744
f 3763 3748 3750
f 3752 3767 3765
f 3514 3761 3508
f 3768 3767 3511
f 3767 3752 3572
f 3030 3570 3553
f 3063 3080 3082
f 3100 3552 3064
f 3552 3089 3068
f 3075 3068 3089
f 3538 3075 3088
f 3062 3538 3099
f 3066 3062 3546
f 3570 3569 3568
f 3739 3554 3553
f 3054 3554 3739
f 3524 3522 3055
f 3055 3522 3517
f 3517 3515 3058
f 3515 3513 3059
f 3059 3513 3505
f 3530 3045 3057
f 3769 3010 2990
f 3044 3046 3728
f 3038 3044 3727
f 3051 3770 3731
f 3700 3771 3772
f 3701 3772 3773
f 3702 3773 3774
f 3565 3071 3735
f 3703 3774 3775
f 3704 3775 3776
f 3705 3776 3777
f 3706 3777 3778
f 3707 3778 3779
f 3708 3779 3780
f 3709 3780 3781
f 3710 3781 3782
f 3711 3782 3783
f 3712 3783 3784
f 3713 3784 3785
f 3714 3785 3786
f 3715 3786 3787
f 3716 3787 3788
f 3717 3788 3789
f 3521 3755 3790
f 3564 3790 3694
f 3067 3791 3569
f 3569 3791 3071
f 3791 3067 3066
f 3791 3545 3072
f 3792 3793 3310
f 3792 3794 3272
f 3795 3794 3261
f 3795 3796 3225
f 3797 3796 3232
f 3798 3797 3216
f 3799 3798 3195
f 3800 3799 3180
f 3289 3304 3793
f 3277 3261 3794
f 3256 3272 3794
f 3246 3232 3796
f 3210 3225 3796
f 3188 3210 3797
f 3174 3188 3798
f 3159 3174 3799
f 3793 3586 3324
f 3585 3587 3333
f 3653 3800 3165
f 3304 3318 3586
f 3147 3159 3800
f 3318 3333 3587
f 3732 3519 3563
f 3557 3801 3531
f 3530 3544 3558
f 3530 3507 3532
f 3507 3509 3533
f 3802 3512 3504
f 3571 3501 3504
f 3519 3561 3501
f 3803 3804 3805
f 3806 3807 3804
f 3808 3809 3807
f 3808 3751 3749
f 3810 3749 3747
f 3811 3747 3746
f 3812 3813 3746
f 3812 3814 3815
f 3816 3805 3426
f 3817 3383 3818
f 3819 3385 3820
f 3370 3386 3392
f 3821 3391 3373
f 3822 3820 3391
f 3371 3392 3823
f 3824 3395 3825
f 3397 3396 3383
f 3377 3396 3400
f 3825 3395 3402
f 3826 3818 3399
f 3378 3400 3697
f 3827 3402 3404
f 3828 3399 3403
f 3829 3404 3823
f 3830 3403 3385
f 3387 3386 3831
f 3380 3697 3831
f 3821 3718 3832
f 3718 3789 3833
f 3737 3736 3695
f 3834 3573 3835
f 3836 3810 3811
f 3694 3428 3835
f 3751 3808 3806
f 3790 3425 3428
f 3696 3656 3654
f 3755 3816 3425
f 3837 3580 3578
f 3838 3654 3582
f 3753 3806 3803
f 3839 3840 3813
f 3841 3578 3576
f 3842 3582 3580
f 3745 3743 3814
f 3809 3808 3810
f 3843 3576 3573
f 3736 3657 3656
f 3844 3811 3813
f 3754 3803 3816
f 3046 3531 3801
f 3845 3846 3847
f 3848 3849 3850
f 3851 3852 3853
f 3854 3853 3855
f 3856 3857 3858
f 3859 3860 3861
f 3862 3863 3860
f 3863 3862 3864
f 3865 3863 3866
f 3867 3868 3869
f 3865 3869 3870
f 3871 3872 3873
f 3874 3875 3876
f 3877 3878 3879
f 3864 3862 3880
f 3881 3873 3882
f 3883 3884 3878
f 3863 3865 3885
f 3872 3871 3886
f 3887 3880 3888
f 3889 3890 3869
f 3891 3874 3892
f 3875 3893 3894
f 3889 3894 3893
f 3871 3895 3896
f 3880 3897 3898
f 3899 3885 3870
f 3895 3871 3881
f 3900 3901 3902
f 3862 3859 3897
f 3903 3881 3904
f 1 50 5
f 2 1 7
f 1123 7 12
f 1121 12 15
f 1119 15 18
f 1117 1116 18
f 1151 1117 21
f 1151 24 27
f 1147 27 32
f 1148 32 3905
f 1141 37 3906
f 1138 39 45
f 1135 45 44
f 1136 44 47
f 5 50 56
f 54 56 55
f 62 58 55
f 62 59 105
f 66 69 68
f 67 68 73
f 76 72 73
f 104 105 69
f 1145 1504 37
f 168 93 3907
f 89 90 159
f 81 82 143
f 148 79 1501
f 96 91 161
f 98 3908 110
f 3908 100 112
f 17 14 96
f 87 88 151
f 57 61 101
f 3909 87 150
f 149 1501 3910
f 3911 85 86
f 102 98 108
f 91 92 166
f 92 93 168
f 61 65 102
f 165 95 94
f 88 89 156
f 42 83 82
f 164 3907 95
f 3912 81 144
f 154 86 3909
f 3913 3914 3915
f 3916 3917 3918
f 3919 3920 3921
f 3922 3923 3924
f 3925 3926 3927
f 3928 3929 3930
f 3931 3915 3932
f 3933 3934 3935
f 3936 3935 3929
f 3937 3932 3938
f 3939 3940 3941
f 3942 3943 3944
f 3945 3946 3947
f 3948 3949 3950
f 3944 3943 3940
f 3923 3951 3952
f 3953 3954 3955
f 3956 3957 3921
f 3958 3959 3960
f 3961 3962 3963
f 3964 3965 3966
f 3967 3958 3968
f 3969 3967 3970
f 3971 3972 3965
f 3973 3974 3919
f 3975 3925 3976
f 3977 3928 3978
f 3979 3933 3936
f 3980 3936 3928
f 3939 3981 3982
f 3983 3984 3944
f 3985 3986 3946
f 3955 3987 3948
f 3944 3939 3988
f 3989 3953 3990
f 3991 3973 3957
f 3992 3938 3993
f 3994 3995 3969
f 3996 3997 3998
f 3999 4000 4001
f 4002 4003 4004
f 4005 4006 4007
f 4008 3996 4009
f 4010 4011 4012
f 4013 4014 4015
f 4016 4017 4018
f 4003 4019 4020
f 4021 4022 4023
f 4024 4025 4001
f 4026 4012 4027
f 4006 4028 4029
f 4030 4031 4015
f 4032 4033 4034
f 4035 4036 4037
f 4038 4039 4034
f 4040 4041 4036
f 4042 4043 3999
f 4044 4006 4005
f 4045 4046 4014
f 4047 4048 4016
f 4049 4022 4021
f 4050 4042 4025
f 4044 4051 4028
f 4052 4030 4014
f 33 31 1502
f 4053 336 335
f 282 4054 4055
f 4056 4057 4058
f 4059 4060 4061
f 4062 4063 4064
f 4065 4059 4066
f 4067 4064 277
f 287 3663 4053
f 4068 4062 4067
f 4069 4067 276
f 4057 4065 4070
f 4071 364 289
f 4072 4073 4074
f 3692 4075 4076
f 3688 3690 4076
f 3686 3688 4077
f 4078 4079 3684
f 307 447 446
f 4080 447 307
f 4081 4082 364
f 300 304 341
f 300 301 297
f 294 297 290
f 4083 286 285
f 286 4083 4084
f 273 266 3647
f 4085 4086 3672
f 4083 292 330
f 4087 330 292
f 3905 33 1503
f 4088 47 49
f 4089 49 80
f 4090 80 3912
f 3910 1502 31
f 4091 145 4092
f 1493 1499 213
f 1494 1493 212
f 333 268 272
f 272 4093 4094
f 4079 4095 3682
f 4096 4054 282
f 265 268 3662
f 4097 867 955
f 3911 887 892
f 4098 887 153
f 4098 213 1499
f 4099 4100 4058
f 955 867 4101
f 146 142 4102
f 4103 1136 1131
f 1148 1144 4104
f 4105 1168 1177
f 1179 1184 4106
f 1214 1225 1224
f 1267 1227 1232
f 1275 1215 1224
f 1267 1231 1283
f 1309 1275 1264
f 1281 1283 1322
f 1309 1316 1348
f 1328 1318 1322
f 1321 1373 1329
f 1310 1348 1361
f 1349 4107 1362
f 1384 1374 1373
f 1405 1385 1374
f 4107 4108 1409
f 4108 4109 1430
f 1405 1425 1435
f 1436 1412 1473
f 1443 1429 1434
f 1433 1416 1447
f 1435 1440 1491
f 1413 1492 1451
f 4109 1436 1469
f 1430 4109 1468
f 4095 4110 4111
f 1144 3905 1504
f 1132 1131 47
f 1500 3910 85
f 4112 3912 145
f 4113 1079 1078
f 4099 4072 4102
f 4114 287 326
f 278 267 266
f 327 331 3660
f 4115 341 304
f 4116 3673 4117
f 4071 4055 4054
f 4115 357 342
f 1078 718 4118
f 4054 4096 4119
f 4120 4118 718
f 725 723 4121
f 4122 4121 723
f 4084 330 329
f 3659 4084 3604
f 3646 3648 3660
f 4114 3660 3648
f 3661 3663 287
f 4123 281 4094
f 288 4053 4055
f 4124 4122 722
f 3606 720 4125
f 4126 4125 720
f 4127 4126 719
f 3645 3672 4128
f 4086 4129 4128
f 4096 338 4130
f 4131 4132 4133
f 281 4123 338
f 4061 134 127
f 3679 4111 4110
f 4134 4135 3677
f 4066 4061 1089
f 4135 4136 3675
f 4136 4137 4117
f 4070 4066 1088
f 4138 4139 4140
f 4137 4141 4142
f 4143 4142 4141
f 4144 4145 4146
f 4145 4147 4148
f 4149 4148 4147
f 4150 4149 4138
f 4151 3601 3600
f 4152 4153 4154
f 130 4062 4068
f 129 4063 4062
f 4155 4156 4157
f 4158 4063 129
f 4159 4160 4161
f 4156 4162 4163
f 4164 4165 4166
f 4167 4168 4160
f 4165 4168 4167
f 4169 4162 4170
f 4171 4172 4161
f 4173 4164 4174
f 4160 4175 4176
f 4168 4177 4175
f 4178 4179 4149
f 4180 4139 4138
f 4179 4181 4148
f 4181 4182 4146
f 4183 4158 4060
f 4059 4065 4184
f 4182 4185 4143
f 4185 4116 4142
f 4186 4187 4188
f 4187 4189 4190
f 242 241 4191
f 240 242 4192
f 240 4193 4194
f 4195 1494 244
f 4195 4196 1495
f 4197 884 1495
f 4198 4186 4199
f 1021 4200 4201
f 716 4202 4200
f 4203 4204 238
f 4205 4206 234
f 4206 4203 236
f 238 4204 4202
f 4189 4207 4208
f 4207 4209 250
f 4209 255 251
f 4210 4211 4180
f 4211 4212 4139
f 4212 4213 4140
f 4214 4102 142
f 4215 4140 4216
f 4172 4152 4217
f 4218 4219 4156
f 4159 4217 4154
f 4219 4170 4162
f 4174 4166 4220
f 4167 4159 4221
f 4166 4167 4222
f 4223 4163 4162
f 4169 4174 4224
f 4165 4225 4177
f 4226 4184 4065
f 4227 4226 4057
f 339 4227 4056
f 4228 340 339
f 4229 4230 4231
f 4164 4232 4225
f 4233 4232 4164
f 4173 4170 4234
f 4235 4171 4176
f 4170 4219 4236
f 4151 4234 4236
f 4140 4213 4237
f 235 237 1013
f 1013 237 239
f 257 252 254
f 794 252 251
f 4208 250 257
f 1023 239 1024
f 4199 4188 859
f 4188 4190 861
f 4210 4199 858
f 4190 4208 256
f 4237 4213 878
f 4213 4212 898
f 1063 1020 4238
f 1103 1024 1020
f 1496 898 4212
f 4211 4210 4097
f 877 731 730
f 4232 1091 1092
f 4074 4239 4092
f 4239 1090 4240
f 4058 4070 4073
f 134 4061 4060
f 4215 4241 4242
f 4131 4231 4230
f 339 338 4123
f 4230 4229 4127
f 4229 4157 4126
f 4226 4227 4123
f 4243 4244 4184
f 4157 4163 4125
f 4163 4223 4124
f 4093 4244 4243
f 4223 4224 4122
f 4244 4245 4183
f 4121 4122 4224
f 4093 271 4245
f 4246 4245 271
f 4064 4246 270
f 4158 4183 4245
f 4246 4064 4063
f 4120 4121 4220
f 4118 4120 4222
f 4221 4154 4247
f 4153 4113 4247
f 4132 4129 4248
f 4111 3679 3678
f 966 4249 4250
f 4251 4252 961
f 4253 4251 4254
f 4255 4256 4253
f 4257 4255 4258
f 4259 4257 4260
f 4261 4259 4262
f 4261 4263 4264
f 4265 4266 4264
f 4258 4253 970
f 4252 4250 962
f 4263 4262 977
f 4263 976 1040
f 4254 961 4267
f 4260 4258 969
f 4260 972 977
f 970 4254 4268
f 959 4269 4265
f 4129 4132 4230
f 4270 4271 4272
f 4155 4231 4270
f 4271 4270 4231
f 4273 4274 4271
f 4275 4276 4218
f 4276 4236 4219
f 4225 1092 1093
f 4177 1093 1094
f 4175 1094 4277
f 4233 3602 1091
f 4234 4151 3602
f 4278 4235 4277
f 927 3601 4151
f 4241 4279 4280
f 4281 4282 4283
f 4236 4276 4284
f 4282 4100 4285
f 4286 4284 4216
f 4287 4282 4281
f 4100 4282 4287
f 4284 4279 4241
f 927 4286 4237
f 4279 4284 4276
f 4073 1088 4239
f 4275 4272 4280
f 4288 4283 884
f 885 884 4283
f 4285 4289 893
f 4289 4290 890
f 147 890 4290
f 4291 4292 148
f 79 148 4292
f 4293 4294 36
f 38 36 4294
f 3906 38 4295
f 4198 4180 4147
f 4145 4144 4186
f 4144 4141 4187
f 4189 4187 4141
f 4207 4189 4137
f 4209 4207 4136
f 255 4209 4135
f 1461 1434 1418
f 1394 4296 1492
f 1394 1379 4297
f 4297 1379 1336
f 4298 1336 1305
f 1294 4299 4300
f 1256 4301 4299
f 1255 4302 4301
f 1255 1205 4303
f 1157 4304 4305
f 4304 1157 1143
f 4306 4307 1142
f 4134 4110 4205
f 4206 4205 4110
f 4203 4206 4095
f 4204 4203 4079
f 4077 4202 4204
f 4076 4200 4202
f 4075 4201 4200
f 1446 1454 1427
f 4296 1410 1431
f 1392 1436 4109
f 4289 4285 4100
f 4099 4214 4290
f 4291 4290 4214
f 84 4292 4291
f 1089 127 121
f 1090 121 113
f 4240 113 112
f 1467 1454 1453
f 4308 1460 1479
f 1453 1444 1460
f 1452 1445 1444
f 1448 1484 1445
f 1464 1485 1484
f 1485 1464 1476
f 1486 1474 1489
f 1470 1474 1486
f 1478 1470 1442
f 1481 1478 1441
f 1458 1472 1481
f 1488 1457 1472
f 1457 1488 1450
f 4297 1365 1410
f 1365 4297 4298
f 4300 1337 1366
f 1337 4300 4299
f 4301 1253 1302
f 4302 1200 1253
f 1201 1200 4302
f 1153 4305 4304
f 1154 4304 4309
f 39 1138 4307
f 4306 4295 40
f 4295 4294 42
f 83 42 4294
f 4293 4292 84
f 4091 112 100
f 99 4090 4112
f 4090 99 76
f 4089 76 77
f 1125 1132 4088
f 1194 1178 1133
f 1178 1194 4310
f 1226 1244 1243
f 1243 1251 1279
f 1279 1251 1298
f 1332 1317 1280
f 1331 1349 1317
f 4107 1349 1331
f 1382 1392 4108
f 4311 4178 4150
f 4271 4274 4312
f 4272 4312 4313
f 4313 4311 4242
f 4129 4086 4314
f 4315 4314 4086
f 360 395 4316
f 438 370 369
f 3644 721 429
f 445 436 4317
f 437 436 4318
f 448 4319 4315
f 493 4320 491
f 362 491 4320
f 490 1077 678
f 3609 3607 367
f 4321 428 724
f 430 429 3607
f 359 4321 3642
f 4085 360 4322
f 403 405 4323
f 495 403 443
f 442 440 400
f 398 400 440
f 4316 398 439
f 4322 4316 449
f 4248 4314 4082
f 4319 4082 4314
f 4081 4119 4133
f 4119 4130 4273
f 4130 340 4274
f 340 4228 4312
f 4281 4313 4312
f 4311 4313 4281
f 4288 4197 4178
f 4324 372 369
f 4317 369 372
f 436 445 4325
f 446 445 396
f 4326 506 4327
f 498 444 452
f 4328 4329 4318
f 441 498 451
f 450 474 454
f 4329 450 475
f 474 441 455
f 4327 444 443
f 4330 534 4331
f 4330 4332 541
f 4332 4333 559
f 4333 4334 577
f 4334 4335 607
f 4335 4336 614
f 4336 4337 633
f 4337 4338 654
f 4338 4339 668
f 4339 4340 693
f 703 712 693
f 4319 448 4329
f 4082 4080 306
f 4319 4328 4080
f 4325 447 4080
f 697 4341 715
f 696 4342 4341
f 713 706 709
f 696 711 4343
f 698 4344 4343
f 674 683 4340
f 4339 4338 659
f 4338 4337 640
f 4337 4336 619
f 4336 4335 588
f 582 588 4335
f 4333 566 582
f 4332 547 566
f 4332 4330 535
f 4330 4345 4346
f 405 407 4326
f 4178 4197 4196
f 4181 4179 4196
f 4182 4181 4195
f 4185 4182 4194
f 4116 4185 4193
f 3673 4116 4192
f 4191 249 3674
f 249 248 3676
f 248 246 3678
f 3680 3678 246
f 227 229 3681
f 229 4347 3683
f 4347 226 3685
f 226 230 3687
f 231 3689 3687
f 4348 3691 3689
f 958 4349 1002
f 996 1005 957
f 999 1006 4350
f 992 1004 1005
f 4351 1045 991
f 1108 1006 999
f 4349 1108 1072
f 4352 950 4351
f 1043 1100 4353
f 1042 868 4354
f 1098 1042 4355
f 1027 4356 4357
f 4358 1048 1029
f 4359 4360 4361
f 4360 4362 4363
f 4364 4365 4357
f 4366 4358 4361
f 4367 4368 4363
f 4369 4370 4365
f 4366 4363 4368
f 4265 4371 4372
f 4373 4374 1060
f 1039 4375 4376
f 4371 4265 4269
f 1039 1036 1498
f 1099 1098 1060
f 862 871 4365
f 4357 4365 871
f 4367 4362 4377
f 4359 865 4378
f 4378 4377 4362
f 258 254 1016
f 860 862 4370
f 866 860 4379
f 4380 949 4352
f 4381 1099 4382
f 4101 951 4383
f 4384 4385 4386
f 1498 1497 4387
f 4388 4371 4376
f 4389 4390 4391
f 4392 4393 4394
f 4395 4368 4396
f 951 4379 4397
f 4398 4399 4400
f 4401 4402 4403
f 4400 4404 4405
f 1099 4374 4406
f 4402 4407 4408
f 4409 4389 4410
f 4411 4412 4384
f 4413 4352 4353
f 4414 4415 4416
f 4417 4418 4419
f 4420 4404 4421
f 4401 4416 4422
f 4423 4390 4424
f 4425 4426 4393
f 4427 4421 4404
f 4428 4415 4423
f 4412 4429 4430
f 4431 4432 4402
f 4433 4434 4389
f 4435 4436 4385
f 4437 4438 4439
f 4439 4418 4440
f 4432 4441 4407
f 4384 4430 4442
f 4415 4428 4422
f 4443 4427 4400
f 4417 4444 4440
f 4445 4446 4436
f 4434 4424 4390
f 4392 4407 4441
f 4447 4448 4427
f 4449 4450 4440
f 4445 4435 4451
f 4452 4453 4424
f 4425 4441 4454
f 4455 4421 4456
f 4457 4431 4422
f 4458 4424 4453
f 4459 4460 4426
f 4448 4456 4421
f 4461 4428 4458
f 4429 4462 4463
f 4431 4457 4464
f 4465 4452 4434
f 4451 4435 4442
f 4466 4437 4467
f 4467 4440 4450
f 4464 4454 4441
f 4430 4463 4468
f 4428 4461 4469
f 4470 4471 4472
f 4473 4474 4475
f 4476 4477 4478
f 4479 4480 4481
f 4482 4483 4484
f 4485 4486 4487
f 4471 4488 4489
f 4490 4491 4492
f 4483 4493 4494
f 4495 4496 4476
f 4497 4498 4473
f 4499 4500 4488
f 4501 4480 4500
f 4502 4503 4477
f 4504 4505 4506
f 4506 4486 4507
f 4508 4503 4502
f 4490 4474 4509
f 4510 4493 4511
f 4512 4498 4481
f 4513 4514 4515
f 4516 4517 4518
f 4519 4520 4521
f 4513 4522 4523
f 4524 4525 4526
f 4527 4528 4529
f 4530 4531 4532
f 4514 4533 4534
f 4529 4521 4520
f 4535 4536 4537
f 4538 4539 4531
f 4540 4541 4542
f 4543 4544 4532
f 4531 4545 4546
f 4539 4547 4545
f 4548 4549 4520
f 4550 4518 4551
f 4552 4553 4554
f 4555 4522 4515
f 4556 4527 4557
f 4536 4558 4559
f 4542 4560 4561
f 4562 4563 4525
f 4559 4564 4565
f 4522 4555 4566
f 4553 4561 4560
f 4563 4562 4567
f 4518 4565 4564
f 4568 4548 4519
f 4569 4524 4532
f 4570 4542 4571
f 4572 4484 4448
f 4484 4494 4456
f 4573 4456 4494
f 4465 4573 4574
f 4575 4472 4452
f 4472 4489 4453
f 4576 4453 4489
f 968 966 4252
f 4256 968 4251
f 1026 1025 1047
f 1046 1048 1027
f 1025 4577 1051
f 1111 1052 4578
f 4264 4266 1059
f 1104 1075 4577
f 1053 1052 4579
f 1102 4579 1075
f 965 1050 4249
f 1019 967 4256
f 876 1019 4255
f 870 876 4257
f 4354 870 4259
f 4355 4354 4261
f 1048 4358 4356
f 4358 4366 4364
f 4395 4369 4364
f 4372 4373 1059
f 4420 4409 4580
f 4393 4417 4581
f 4455 4433 4409
f 4426 4444 4417
f 4460 4449 4444
f 4573 4465 4433
f 4510 4470 4575
f 4491 4485 4582
f 4558 4536 4523
f 4583 4557 4520
f 4515 4534 4567
f 4524 4569 4584
f 4576 4585 4479
f 4586 4469 4461
f 4587 4588 4589
f 4590 4591 4511
f 4592 4593 4594
f 4512 4595 4596
f 4597 4598 4599
f 4596 4600 4509
f 4601 4594 4602
f 4501 4603 4604
f 4605 4590 4606
f 4607 4608 4507
f 4598 4609 4610
f 4611 4597 4612
f 4613 4589 4607
f 4498 4497 4586
f 4469 4586 4497
f 4614 4464 4457
f 4614 4475 4454
f 4459 4454 4475
f 4615 4492 4460
f 4616 4487 4486
f 4449 4460 4492
f 4541 4617 4560
f 4537 4565 4618
f 4615 4475 4474
f 4619 4519 4620
f 4480 4479 4585
f 4621 4616 4506
f 4582 4487 4450
f 4503 4622 4478
f 4450 4487 4616
f 4574 4494 4493
f 4585 4489 4488
f 4623 4616 4621
f 4624 4622 4503
f 4625 4463 4462
f 4478 4468 4463
f 4468 4478 4622
f 4626 4451 4622
f 4627 4526 4525
f 4550 4554 4628
f 4554 4560 4617
f 4536 4535 4629
f 4628 4617 4630
f 4517 4618 4565
f 4516 4628 4631
f 4632 4633 4517
f 4633 4634 4618
f 4635 4618 4634
f 4535 4635 4636
f 4637 4629 4535
f 4629 4637 4638
f 4638 4639 4514
f 4639 4640 4533
f 4627 4533 4640
f 4563 4534 4533
f 4641 4642 4526
f 4543 4526 4642
f 4643 4644 4544
f 4544 4644 4645
f 4530 4645 4646
f 4647 4529 4528
f 4648 4521 4529
f 4620 4521 4648
f 4649 4620 4650
f 4651 4652 4541
f 4652 4630 4617
f 4653 4654 4644
f 4655 4656 4630
f 4568 4657 4605
f 4658 4653 4643
f 4658 4642 4641
f 4619 4570 4657
f 4656 4659 4660
f 4661 4659 4662
f 4540 4649 4663
f 4664 4660 4665
f 4666 4667 4665
f 4668 4637 4669
f 4660 4670 4671
f 4649 4540 4570
f 4659 4661 4670
f 4670 4672 4673
f 4662 4659 4656
f 4630 4656 4664
f 4631 4664 4667
f 4633 4632 4667
f 4672 4674 4654
f 4675 4674 4661
f 4676 4665 4671
f 4650 4662 4655
f 4648 4677 4662
f 4661 4674 4672
f 4666 4636 4634
f 4646 4645 4678
f 4677 4648 4647
f 4678 4654 4674
f 4671 4673 4679
f 4645 4644 4654
f 4673 4658 4680
f 4672 4653 4658
f 4679 4638 4637
f 4676 4669 4636
f 4640 4639 4680
f 4639 4638 4679
f 4681 4499 4610
f 4501 4499 4681
f 4682 4502 4683
f 4504 4684 4685
f 4684 4507 4608
f 4686 4502 4682
f 4587 4509 4600
f 4687 4511 4591
f 4595 4512 4688
f 4587 4613 4491
f 4483 4606 4511
f 4496 4592 4601
f 4498 4512 4689
f 4612 4599 4471
f 4689 4509 4474
f 4476 4601 4683
f 4480 4501 4688
f 4690 4606 4483
f 4691 4507 4486
f 4599 4610 4488
f 4687 4612 4470
f 4613 4691 4485
f 4611 4591 4561
f 4597 4611 4553
f 4552 4551 4598
f 4551 4564 4609
f 4681 4609 4564
f 4681 4559 4558
f 4566 4604 4603
f 4604 4566 4555
f 4692 4596 4595
f 4692 4567 4600
f 4600 4567 4562
f 4584 4589 4588
f 4589 4584 4569
f 4546 4608 4607
f 4608 4546 4545
f 4693 4685 4545
f 4583 4594 4593
f 4549 4602 4594
f 4682 4602 4549
f 4694 4682 4548
f 4657 4571 4590
f 4571 4561 4591
f 4446 4695 4696
f 4697 4698 4439
f 4415 4414 4699
f 4700 4386 4701
f 4702 4703 4416
f 4704 4408 4407
f 4624 4572 4447
f 4410 4391 4397
f 4704 4394 4705
f 4706 4405 4404
f 4699 4391 4390
f 4398 4707 4708
f 4702 4403 4709
f 4707 4405 4396
f 4508 4482 4572
f 4698 4419 4418
f 4403 4408 4710
f 4580 4410 4711
f 4411 4700 4712
f 4436 4696 4386
f 4414 4703 4387
f 4581 4419 4406
f 4706 4580 4713
f 4394 4581 4714
f 4380 4413 4696
f 4715 4382 4698
f 4716 4383 4699
f 4717 4387 4703
f 4704 4388 4710
f 4718 4396 4405
f 4383 4397 4391
f 4382 4406 4419
f 4413 4701 4386
f 4719 4528 4538
f 1100 4712 4701
f 4482 4508 4686
f 4711 4397 4379
f 4371 4388 4705
f 4720 4721 4708
f 1498 4717 4709
f 4708 4396 4368
f 4690 4686 4694
f 4375 4709 4710
f 4713 4711 4370
f 4722 4723 4712
f 4716 4387 1497
f 4373 4714 4406
f 4718 4713 4369
f 4705 4714 4373
f 4675 4647 4719
f 4663 4655 4652
f 4539 4538 4528
f 4547 4539 4527
f 4556 4593 4693
f 4504 4693 4593
f 4592 4496 4505
f 4621 4505 4496
f 4466 4621 4495
f 4437 4466 4462
f 4429 4412 4438
f 4697 4438 4412
f 4697 4411 4723
f 4722 4381 4715
f 4722 1101 1041
f 989 1041 1101
f 1044 993 985
f 993 1001 980
f 4443 4445 4626
f 4445 4443 4399
f 4695 4446 4399
f 4695 4398 4721
f 4721 4720 949
f 947 949 4720
f 853 947 4377
f 854 853 4378
f 854 865 864
f 857 864 874
f 851 874 873
f 846 852 873
f 847 846 261
f 848 847 1018
f 952 848 1057
f 1001 997 981
f 997 995 986
f 995 1003 987
f 1065 987 1003
f 1110 998 983
f 4724 984 983
f 4725 4726 4727
f 3959 4727 4728
f 4729 4730 4731
f 4732 4728 4727
f 4733 4734 4735
f 4736 4737 4738
f 4739 4740 4741
f 4742 4743 4744
f 4729 4735 4745
f 4746 4747 4737
f 4736 4741 4748
f 4743 4749 4750
f 4751 4752 4730
f 4753 4732 4754
f 4755 4756 4757
f 4758 4759 4760
f 4761 4762 4763
f 4764 4765 4766
f 4767 4765 4764
f 4768 4769 4770
f 4771 4772 4773
f 4774 4775 4776
f 4777 4778 4779
f 4780 4781 4782
f 4783 4784 4785
f 4755 4786 4781
f 4780 4779 4756
f 4787 4774 4773
f 4773 4772 4763
f 4788 4770 4760
f 4789 4767 4790
f 4791 4789 4792
f 4793 4783 4794
f 4791 4795 4796
f 4789 4796 4797
f 4798 4799 4786
f 4800 4801 4793
f 4762 4761 4802
f 4803 4804 4805
f 4806 4807 4808
f 4809 4810 4811
f 4812 4813 4814
f 4815 4816 4817
f 4818 4819 4820
f 4821 4766 4822
f 4810 4809 4823
f 4824 4806 4825
f 4826 4809 4827
f 4767 4797 4828
f 4011 4010 4829
f 4830 4831 4813
f 4830 4812 4817
f 4832 4833 4819
f 4809 4826 4834
f 4835 4836 4837
f 4838 4839 4840
f 4841 4842 4843
f 4844 4845 4846
f 4847 4837 4848
f 4849 4850 4851
f 4852 4853 4854
f 4855 4856 4843
f 4857 4858 4859
f 4860 4838 4861
f 4845 4862 4863
f 4850 4864 4865
f 4866 4867 4868
f 4869 4870 4871
f 4872 4868 4873
f 4870 4874 4875
f 4876 4839 4838
f 4877 4845 4844
f 4878 4879 4850
f 4880 4853 4852
f 4881 4857 4852
f 4882 4883 4838
f 4877 4884 4862
f 4885 4864 4850
f 4886 4887 4888
f 4889 4890 4891
f 4892 4893 4894
f 4895 4896 4897
f 4898 4899 4900
f 4901 4902 4903
f 4904 4905 4906
f 4907 4908 4904
f 4909 4910 4911
f 4912 4907 4913
f 4913 4906 4887
f 4893 4914 4902
f 4901 4900 4894
f 4915 4897 4890
f 4916 4909 4917
f 4886 4918 4919
f 4920 4921 4922
f 4892 4923 4914
f 4924 4925 4926
f 4927 4928 4929
f 4930 4931 4932
f 4931 4930 4933
f 4934 4935 4936
f 4927 4937 4938
f 4939 4924 4940
f 4941 4927 4942
f 4943 4944 4932
f 4931 4945 4946
f 4947 4948 4935
f 4941 4949 4937
f 4950 4951 4952
f 4953 4954 4955
f 4956 4957 4958
f 4959 4960 4961
f 4962 4952 4963
f 4964 4965 4966
f 4967 4968 4969
f 4957 4970 4971
f 4972 4973 4974
f 4975 4953 4976
f 4959 4977 4978
f 4979 4980 4965
f 4981 4982 4983
f 4984 4985 4986
f 4987 4983 4988
f 4989 4990 4986
f 4991 4992 4954
f 4993 4994 4959
f 4995 4964 4996
f 4997 4967 4998
f 4999 4972 4998
f 4991 4953 4975
f 4994 5000 4977
f 5001 4979 4964
f 5002 5003 5004
f 5005 5006 5007
f 5008 5009 5010
f 5011 5012 5013
f 5014 5015 5016
f 5017 5018 5019
f 5020 5021 5022
f 5023 5024 5025
f 5026 5027 5028
f 5029 5024 5023
f 5022 5004 5003
f 5030 5017 5016
f 5015 5009 5008
f 5031 5013 5006
f 5032 5026 5033
f 5003 5002 5034
f 5035 5036 5037
f 5038 5039 5030
f 5040 5041 5042
f 5043 5044 5045
f 5046 5047 5048
f 5049 5050 5051
f 5052 5053 5054
f 5044 5043 5055
f 5056 5040 5057
f 5058 5043 5059
f 5060 5061 5047
f 5046 5051 5062
f 5063 5064 5053
f 5058 5065 5055
f 5066 5067 5068
f 5067 5066 5069
f 4020 5070 5071
f 5072 5073 5069
f 5074 5075 5076
f 5077 5078 5079
f 5080 5076 5075
f 5081 5068 5067
f 5082 5083 5084
f 5077 5085 5086
f 5080 5087 5088
f 5089 5090 5067
f 5091 5092 5083
f 5093 4829 5094
f 4015 5095 5096
f 5097 5098 5099
f 5013 5100 5101
f 4041 5102 5103
f 5097 4760 5104
f 4896 5105 5106
f 4843 5107 5108
f 4825 4808 5109
f 4748 4834 4826
f 4826 5110 4747
f 5111 4009 5112
f 5113 4825 5114
f 5115 4949 4941
f 4943 4946 5065
f 5058 5116 4944
f 4941 5117 4831
f 5056 5092 5091
f 5060 5062 5118
f 4018 4017 5119
f 4887 5120 5121
f 5109 5122 4769
f 4039 5112 5123
f 4764 5124 5125
f 4837 5126 5127
f 5128 5129 4828
f 5130 5131 5132
f 5133 5134 5135
f 5136 5132 5131
f 5137 5138 5139
f 5140 5141 5129
f 3860 3885 3899
f 5142 5143 5144
f 3857 5145 5135
f 5146 5147 5139
f 5148 5142 5139
f 5148 5149 5143
f 5150 3896 3895
f 5151 5152 5153
f 5154 5155 3897
f 4805 5156 5157
f 5158 3898 3897
f 5159 5160 5161
f 5160 5159 5162
f 5134 5152 5163
f 5164 5165 5166
f 5167 5166 5168
f 5169 5170 5171
f 5172 5173 5161
f 5174 5175 5173
f 5176 5177 5175
f 5178 5179 5177
f 5179 5178 5180
f 5181 5182 5183
f 5184 5185 5186
f 5187 5184 5188
f 5189 5190 5191
f 5192 5193 5190
f 5192 5194 5195
f 5196 5197 5182
f 5197 5196 5198
f 4040 5070 5102
f 4778 5199 5200
f 4811 5201 5202
f 5203 5204 5205
f 5206 5195 5194
f 5207 5198 5208
f 5209 5184 5187
f 5210 5185 5184
f 5211 5212 5213
f 5214 5215 5185
f 5215 5214 5216
f 5217 5218 5219
f 5220 5219 5218
f 5221 5222 5223
f 5223 5222 5224
f 5225 5226 5227
f 5226 5225 5228
f 5229 5230 5231
f 5213 5140 5128
f 5232 5233 5213
f 5234 5163 5152
f 5235 3846 5236
f 4792 4790 5125
f 5230 5229 5237
f 5238 5239 5237
f 3900 5157 5156
f 5240 4792 5241
f 5242 5243 5244
f 5245 5246 5247
f 4796 5248 5128
f 4795 5232 5248
f 5249 5162 5159
f 5250 5251 5252
f 5253 3847 3846
f 3877 5254 5255
f 5256 5257 5258
f 5250 5259 5260
f 5253 5235 5261
f 5235 5262 5263
f 5264 3902 3901
f 5265 3901 5266
f 4821 5205 5124
f 5204 5203 5267
f 5268 5267 5269
f 5267 5270 5271
f 5272 5273 3893
f 5274 5275 3874
f 5275 5272 3875
f 5276 5277 5278
f 5279 5280 5281
f 5280 5212 5282
f 5212 5211 5283
f 3870 3869 3890
f 5284 5285 5258
f 5286 5258 5257
f 5287 5288 5273
f 5289 5290 5275
f 5290 5287 5272
f 5291 3870 5292
f 3890 3893 5273
f 5254 5247 5293
f 3858 5135 5163
f 5292 5273 5288
f 5269 5271 5294
f 5295 5296 5297
f 5298 5269 5299
f 3847 5253 5153
f 3851 3854 5163
f 5257 5256 5300
f 5301 3851 5234
f 5302 5258 5285
f 3855 5131 5303
f 5138 5304 5305
f 5306 5245 5254
f 3903 5297 5307
f 5131 5130 5308
f 5286 5134 5133
f 5093 5260 5249
f 3850 4803 5260
f 5306 3879 5309
f 3904 3882 5310
f 3849 4804 4803
f 5311 5164 5167
f 4024 5312 5103
f 5313 5314 5315
f 5316 5167 5191
f 5317 4804 3849
f 5266 5317 5318
f 5319 5266 5320
f 5317 5266 3901
f 4804 5317 5156
f 5321 5322 5255
f 5323 5234 5151
f 5324 3852 5325
f 5134 5286 5153
f 5203 4822 5270
f 5243 5326 5327
f 5328 5283 5211
f 5329 5323 5261
f 5330 5211 5233
f 5212 5280 5140
f 5331 5281 5171
f 5324 5191 5190
f 5281 5282 5186
f 5316 5325 5332
f 5136 3855 3853
f 5188 5186 5282
f 5333 5301 5323
f 5334 5188 5283
f 5335 5327 5326
f 5322 5336 3883
f 5259 5162 5249
f 5162 5259 5252
f 5193 5136 5337
f 5280 5279 5141
f 5338 5084 5083
f 5092 5339 5340
f 4775 5199 5201
f 5341 5066 5342
f 4969 4968 5343
f 4990 5344 5345
f 4051 4044 5095
f 5346 5347 5348
f 5349 5172 5348
f 5193 5195 5132
f 5350 5132 5195
f 5185 5215 5171
f 5040 5056 5351
f 5206 5219 5144
f 5172 5349 5352
f 5353 5176 5174
f 4004 5071 5354
f 3852 5324 5337
f 5355 5236 3846
f 4970 4957 4974
f 4997 4974 4957
f 4962 5356 5357
f 5356 4962 5358
f 5359 5360 5361
f 5035 5362 5363
f 5033 5364 5362
f 5033 5028 5365
f 5028 5027 5042
f 4990 5366 4976
f 5367 4986 4976
f 5368 4983 4982
f 4988 4983 5368
f 5010 4978 4977
f 5000 5039 5038
f 5369 5370 5039
f 5371 5005 5361
f 5371 5372 5031
f 5373 5011 5031
f 5028 5041 5374
f 5020 5025 5050
f 5041 5040 5375
f 5187 5334 5376
f 3849 3848 5377
f 5318 5377 5378
f 5378 5379 5380
f 5381 5382 5383
f 5382 5276 5384
f 3852 3851 5301
f 5325 5301 5333
f 5146 5144 5219
f 5220 5223 5147
f 5147 5223 5227
f 5226 5385 5137
f 5386 5178 5176
f 5178 5386 5387
f 5388 5181 5180
f 5389 5196 5181
f 5385 5226 5231
f 5231 5230 5157
f 5390 5173 5175
f 5177 5391 5392
f 5391 5177 5179
f 5393 5182 5197
f 5394 5183 5182
f 5183 5394 5395
f 5396 5197 5207
f 5313 5161 5173
f 5397 4791 5240
f 4027 5314 5398
f 5232 4795 5399
f 5397 5399 4795
f 5400 5240 5401
f 5314 5313 5390
f 5233 5232 5402
f 5403 5404 5405
f 5406 5407 5408
f 5409 5393 5396
f 5410 5391 5395
f 5406 5394 5393
f 4012 5315 5314
f 5411 5405 5396
f 5394 5406 5412
f 5409 5405 5404
f 5407 5406 5409
f 5391 5410 5413
f 5402 5399 5404
f 5315 4012 4011
f 5328 5411 5376
f 5403 5330 5414
f 5392 5413 5398
f 5330 5403 5411
f 5415 5408 5407
f 5397 5400 5407
f 4027 5416 5417
f 5418 5417 5415
f 5419 5404 5399
f 4805 5420 5251
f 5420 5157 5230
f 5239 5238 5251
f 5421 5198 5196
f 5198 5421 5422
f 5059 5045 5423
f 3989 3950 5424
f 3949 5425 5424
f 5426 4744 4750
f 5426 4726 5427
f 5428 5429 3960
f 3984 3983 4740
f 5430 4725 3959
f 5431 5430 3958
f 5431 3995 3938
f 5432 3969 5433
f 5434 5435 3916
f 5436 3994 5432
f 5437 3964 5438
f 5437 5439 3971
f 5440 5439 3952
f 5441 3954 3953
f 5442 5443 3991
f 5440 3951 3954
f 3972 5444 3921
f 3965 3921 3920
f 3926 3963 3962
f 3986 3982 3981
f 3981 3941 3947
f 3992 3930 3929
f 3935 3931 3937
f 3934 3913 3931
f 4739 4738 3942
f 5445 3942 4738
f 4730 4743 4742
f 4743 4730 4752
f 3947 5446 5447
f 5448 5449 4737
f 5450 4738 4737
f 3933 3979 4734
f 4733 4731 3934
f 5445 3979 3980
f 5451 3980 3977
f 5452 3977 5453
f 5446 3947 3941
f 3925 3975 5453
f 5446 3975 5454
f 5424 5425 3974
f 5424 3973 3991
f 3975 5446 5455
f 3940 5452 5455
f 5202 4813 4831
f 5202 5201 4814
f 5456 4771 4776
f 5199 4775 4774
f 5200 4774 4787
f 5457 4787 4802
f 4008 5111 4801
f 5458 5095 4015
f 5095 4044 5459
f 5119 4043 4042
f 5460 5461 4042
f 5462 5460 4050
f 5103 4023 4022
f 4019 4003 4047
f 4041 5312 4001
f 4019 4023 5103
f 5102 5070 4020
f 5071 5070 4040
f 5071 4035 5463
f 5123 5112 4009
f 5099 5112 4039
f 5464 4008 4800
f 4030 4052 4799
f 4798 4757 4031
f 5104 4793 4801
f 5104 5465 4783
f 5465 5122 4784
f 4775 4811 4810
f 5199 4778 4814
f 4815 4814 4778
f 5109 4820 4819
f 5114 4819 4833
f 3943 5451 5452
f 3942 5445 5451
f 4734 5450 5449
f 5466 5209 5208
f 5467 5210 5209
f 5238 5244 5252
f 5468 5252 5244
f 5138 5137 5385
f 5304 5138 3902
f 5246 5245 3896
f 3886 3896 5245
f 3888 3898 5295
f 5296 5295 3898
f 5130 5143 5149
f 5350 5144 5143
f 5160 5468 5327
f 5335 5348 5161
f 5469 5214 5210
f 5214 5469 5470
f 4735 5449 5448
f 3979 5445 5450
f 3972 5440 5441
f 5471 4935 4948
f 5472 4936 4935
f 5473 4936 4896
f 5106 5105 4910
f 5474 5106 4909
f 5474 4916 4922
f 5475 5476 4873
f 5126 4872 5477
f 5126 4837 4836
f 5108 5107 4870
f 5107 5478 4874
f 5479 5478 4856
f 5480 4858 4857
f 5481 5482 4882
f 5482 5483 4883
f 5484 4876 4883
f 5485 4875 5479
f 4875 5485 4861
f 5486 4871 4861
f 5487 4868 4867
f 4868 5487 5488
f 5489 4863 4862
f 4884 4923 4892
f 5490 5121 4923
f 5491 4889 5476
f 5492 4915 4889
f 5493 4895 4915
f 5494 5473 4895
f 4938 4899 4898
f 4903 4929 4928
f 5473 5494 5495
f 5496 4947 4934
f 4824 4947 5496
f 4806 4824 5497
f 4807 4806 5498
f 4777 4782 4816
f 5499 5500 4785
f 4784 4808 4807
f 4794 4785 5500
f 4794 5501 5502
f 5503 5502 5504
f 5505 4802 4051
f 4051 4802 4761
f 5506 4029 4028
f 5507 3996 4008
f 3997 3996 5507
f 4048 4047 4003
f 4036 4001 4000
f 5508 4034 4033
f 5509 4034 5508
f 5510 5511 4758
f 5097 4038 5509
f 4801 5111 5099
f 5511 5512 4759
f 5512 5513 4788
f 5514 4768 4788
f 5515 5516 4768
f 5516 4820 4769
f 4808 4784 5122
f 5516 5515 5517
f 5518 4832 4818
f 4753 4832 5518
f 5519 5520 4732
f 4728 4732 5520
f 4731 4742 3913
f 5427 3914 3913
f 3968 3960 5429
f 3970 3968 5521
f 5522 5434 5433
f 3978 3930 3926
f 3930 3992 3963
f 3917 3916 5435
f 3987 3955 3923
f 3951 3923 3955
f 4855 4842 4859
f 4880 4859 4842
f 4835 4847 5523
f 5524 5523 4847
f 4918 4888 4865
f 4885 4919 4918
f 5525 4921 5526
f 4921 4920 5527
f 4920 4917 5528
f 4917 4911 5529
f 5530 5531 4929
f 4930 5532 4905
f 4908 4933 4930
f 4925 4924 5533
f 4924 4939 5534
f 5535 5534 4939
f 5535 5063 5052
f 5536 5537 5538
f 5049 5048 5021
f 5539 5053 5064
f 5540 5054 5053
f 5541 5423 5045
f 5018 5045 5044
f 5542 5014 5019
f 5100 5543 5027
f 5101 5100 5026
f 5101 5032 5037
f 5002 5544 4980
f 4979 5001 5034
f 5358 5036 5363
f 5545 4987 5546
f 5545 4952 4951
f 5547 5548 4985
f 5548 5549 4989
f 5344 5549 4971
f 5345 5344 4970
f 5345 4973 4972
f 5550 5551 5552
f 5553 4991 5552
f 5553 5343 4992
f 5554 4994 4993
f 5369 5554 4965
f 5361 5007 5546
f 4963 5037 5036
f 5555 5546 5007
f 5556 5030 5039
f 5556 5557 5017
f 5557 5541 5018
f 5011 5373 5537
f 5536 5054 5012
f 5543 5012 5054
f 5558 5423 5048
f 5559 5558 5047
f 5560 4877 5561
f 5490 5560 4851
f 4848 4922 4921
f 5476 4891 5477
f 5127 5477 4891
f 5121 5120 4914
f 5120 5562 4902
f 5562 5530 4903
f 4911 4925 5563
f 4910 4926 4925
f 5105 4896 4936
f 5564 5531 5532
f 5564 4932 4944
f 3989 5443 5442
f 3956 5444 5441
f 3971 5439 5440
f 3952 5439 5437
f 3924 5437 5565
f 3961 3993 3994
f 3967 3969 3995
f 3932 3915 5430
f 3915 3914 4725
f 4754 4727 4726
f 5566 4754 5426
f 3914 5427 4726
f 3938 3995 3994
f 4757 5505 5458
f 4756 5457 5505
f 4888 5121 5490
f 4874 5478 5479
f 4770 5465 5104
f 4769 5122 5465
f 4049 5460 5462
f 4779 5200 5457
f 5110 4827 5202
f 4018 5461 5460
f 4854 5484 5483
f 4887 4906 5562
f 5127 5567 4922
f 4999 4969 5553
f 4987 5545 5568
f 5569 4940 5471
f 4872 5126 5570
f 5571 4958 5548
f 5117 4942 5564
f 5572 4851 5560
f 4891 4890 5474
f 5105 5472 4926
f 4860 5485 5480
f 4940 4926 5472
f 4999 5551 5550
f 4858 5480 5479
f 5544 5004 5556
f 4881 5482 5481
f 4952 5545 5555
f 5116 5059 5558
f 5004 5022 5557
f 4884 4877 5560
f 5021 5541 5557
f 5573 5483 5482
f 4906 4905 5530
f 4942 4929 5531
f 5532 5531 5530
f 4843 4856 5478
f 4897 5106 5474
f 5012 5543 5100
f 5007 5006 5101
f 4965 5554 5574
f 5021 5048 5423
f 5555 5575 5037
f 5576 5057 5539
f 5544 5370 5369
f 5057 5042 5540
f 4975 5366 5345
f 5577 5578 5079
f 4971 5549 5548
f 5000 4994 5554
f 5027 5543 5540
f 4989 5549 5344
f 5340 5341 5579
f 5580 5581 5578
f 5569 5064 5063
f 4824 5113 4948
f 4753 5566 4833
f 5582 4749 4752
f 5073 5168 5166
f 5583 4750 4749
f 5584 5583 5243
f 5585 5566 5586
f 5587 4833 5566
f 5587 5229 5228
f 5588 5113 5589
f 5588 5225 5224
f 5590 5591 5592
f 5593 5591 5222
f 5593 5594 5064
f 5594 5595 5596
f 5597 5576 5596
f 5598 5470 5469
f 5599 4752 4751
f 5600 5601 5349
f 5602 5601 4745
f 5603 5353 5352
f 5604 5386 5353
f 5605 5467 5466
f 5606 5466 5422
f 5607 5116 5559
f 5607 5421 5389
f 5117 5608 5609
f 5610 5389 5388
f 5611 5388 5387
f 5604 5110 5609
f 5612 5613 5614
f 4033 4032 5463
f 5615 5616 5617
f 5618 4033 4037
f 5619 5620 5621
f 4005 5622 5623
f 5624 5625 5459
f 5626 5627 5628
f 5612 5629 5630
f 5096 5459 5625
f 5631 5632 5633
f 5634 5635 5636
f 5637 5638 5639
f 5620 5640 5641
f 5642 5643 5644
f 5645 5646 5617
f 5627 5647 5648
f 5649 5650 5632
f 5651 5652 5653
f 4013 5636 5635
f 5654 5655 5656
f 5657 4045 4013
f 5658 5653 5659
f 5660 5661 5655
f 4002 3997 5662
f 5663 5664 5615
f 5665 3998 3997
f 5666 5667 5627
f 3998 5665 5354
f 5668 5631 5669
f 5463 4032 5123
f 5670 5637 5642
f 5671 5643 5642
f 5672 5663 5646
f 5667 5673 5647
f 5674 5649 5631
f 5675 5676 5677
f 5678 5679 5680
f 5681 5682 5683
f 5684 5685 5686
f 5687 5688 5689
f 5690 5691 5692
f 5693 5694 5695
f 5696 5697 5698
f 5699 5700 5701
f 5702 5697 5696
f 5696 5695 5677
f 5681 5703 5690
f 5689 5688 5682
f 5704 5686 5679
f 5705 5706 5699
f 5676 5675 5707
f 5705 5708 5709
f 5710 5711 5703
f 5679 5686 5712
f 5565 5438 3961
f 5638 5713 5714
f 5661 5715 5716
f 5640 5620 5717
f 5670 5717 5620
f 3962 3961 5438
f 3927 3962 3966
f 5613 5612 5718
f 5718 5612 5719
f 5720 5721 5659
f 5708 5705 5722
f 5705 5723 5724
f 5723 5701 5725
f 5700 5726 5727
f 5661 5728 5617
f 5655 5617 5616
f 3976 3927 3920
f 5729 5730 5454
f 5731 5653 5652
f 5653 5731 5732
f 5683 5648 5647
f 5673 5711 5710
f 5733 5734 5711
f 5735 5678 5721
f 5736 5704 5678
f 5737 5684 5704
f 5701 5727 5738
f 5698 5739 5740
f 5740 5741 5694
f 5742 5580 5577
f 5691 5577 5743
f 5744 5687 5692
f 5712 5745 5700
f 5712 5699 5706
f 5746 5747 5706
f 5748 5650 5649
f 5674 5707 5675
f 5719 5708 5749
f 5750 5658 5751
f 5750 5629 5614
f 5447 5454 5730
f 5752 5753 5754
f 5755 5756 5654
f 5756 5757 5660
f 5715 5757 5641
f 5716 5715 5640
f 5716 5644 5643
f 5758 5759 5672
f 5759 5714 5663
f 5714 5713 5664
f 3945 5754 5753
f 5760 3985 3945
f 5761 5762 5667
f 5762 5632 5650
f 5721 5680 5751
f 5630 5709 5708
f 5763 5751 5680
f 5734 5764 5703
f 5765 5690 5703
f 5765 5742 5691
f 5684 5737 5766
f 5767 5768 5685
f 5745 5685 5768
f 5639 5714 5759
f 5658 5750 5769
f 5621 5756 5755
f 5671 5759 5758
f 5748 5677 5764
f 5629 5750 5763
f 5677 5695 5765
f 5694 5742 5765
f 5686 5685 5745
f 5680 5679 5747
f 5632 5762 5761
f 5741 5580 5742
f 5630 5763 5746
f 5748 5734 5733
f 5728 5716 5758
f 3922 3917 5770
f 5771 3918 3917
f 5641 5757 5756
f 3918 5771 5565
f 5673 5667 5762
f 5745 5772 5726
f 5660 5757 5715
f 5772 5768 5338
f 5579 5342 5726
f 5768 5767 5084
f 5773 5084 5767
f 5743 5079 5078
f 5342 5068 5727
f 5738 5727 5068
f 5774 5075 5740
f 5741 5740 5075
f 5775 5069 5066
f 5339 5775 5341
f 5776 5597 5194
f 5776 5192 5189
f 5072 5189 5168
f 5580 5741 5074
f 5079 5578 5581
f 5085 5079 5074
f 5776 5072 5775
f 5777 5469 5467
f 5346 5326 5582
f 5326 5243 5583
f 4750 5583 5584
f 5237 5585 5584
f 5229 5587 5585
f 5589 4833 5587
f 5225 5588 5778
f 4948 5113 5588
f 5224 5222 5591
f 5592 5591 5593
f 5221 5218 5594
f 5218 5217 5595
f 5217 5194 5597
f 5165 5779 5780
f 5347 5346 5599
f 4745 5601 5600
f 5349 5601 5602
f 5448 4747 5603
f 5110 5604 5603
f 5086 5781 5061
f 5061 5606 5782
f 5421 5607 5782
f 5116 5607 5610
f 4944 5610 5611
f 5608 5611 5783
f 5386 5604 5783
f 5576 5339 5092
f 5339 5576 5597
f 5784 5069 5073
f 5089 5784 5780
f 5777 5088 5087
f 5086 5085 5785
f 5088 5781 5785
f 5781 5605 5606
f 5088 5777 5605
f 5417 5786 5408
f 5398 5413 5410
f 5412 5408 5786
f 5416 5410 5786
f 5401 5241 4026
f 5125 4010 4026
f 5124 4829 4010
f 5205 5094 4829
f 5204 3848 5094
f 3848 5204 5268
f 5377 5268 5298
f 5379 5378 5298
f 5289 5274 5382
f 3891 5276 5382
f 3891 5787 5277
f 3884 3883 5336
f 5108 4869 4866
f 5570 4836 5788
f 4841 5788 4836
f 4867 4866 4869
f 4867 5486 4840
f 5789 5790 5791
f 5791 5792 5561
f 5793 5561 5792
f 5794 5572 5793
f 5572 5794 5795
f 5796 4878 4849
f 4880 4841 4835
f 4984 4981 5568
f 5568 4951 5571
f 4956 5571 4951
f 4997 4956 4950
f 5797 5798 5799
f 4996 4966 5800
f 5801 5800 4966
f 4993 5802 5801
f 5802 4993 5803
f 4961 5804 5805
f 4982 5367 4955
f 4981 4984 5367
f 5652 5651 5806
f 5652 5656 5616
f 5626 5807 5808
f 5809 5666 5626
f 5666 5809 5810
f 5811 5633 5761
f 5633 5811 5812
f 5812 5813 5814
f 5619 5613 5815
f 5816 5614 5613
f 5614 5816 5755
f 5755 5806 5651
f 2 1112 1124
f 1188 1115 1152
f 1182 1118 1115
f 1172 1120 1118
f 1163 1122 1120
f 1191 1140 1124
f 5817 1126 1189
f 64 1127 5818
f 1189 1126 1130
f 5819 1133 1178
f 1183 1130 5818
f 1134 4103 1168
f 1128 1127 5820
f 1137 1134 1155
f 1164 5820 1139
f 1139 1140 1191
f 5821 1143 1157
f 4104 1146 1185
f 5822 1149 1179
f 1113 1112 1122
f 1161 1150 5822
f 1160 1152 1150
f 5821 1146 1145
f 4103 5819 1177
f 1149 4104 1184
f 4309 1143 1142
f 1138 1137 4309
f 5817 1133 1132
f 5823 5824 5825
f 5826 5827 5828
f 5829 5830 5828
f 5830 5831 5832
f 5833 5834 5831
f 5835 5833 5830
f 5836 5837 5834
f 5838 5836 5833
f 5839 5840 5837
f 5841 5839 5836
f 5842 5843 5840
f 5844 5842 5839
f 5845 5846 5843
f 5847 5845 5842
f 5848 5849 5846
f 5850 5848 5845
f 5851 5849 5848
f 5852 5848 5850
f 5853 5851 5852
f 5854 5852 5855
f 5856 5857 5858
f 5859 5858 5860
f 5861 5862 5863
f 5864 5865 5862
f 5866 5867 5861
f 5868 5864 5861
f 5869 5867 5866
f 5869 5870 5868
f 5871 5825 5824
f 5872 5873 5827
f 5874 5875 5873
f 5876 5877 5871
f 5878 5879 5875
f 5880 5881 5877
f 5882 5883 5879
f 5884 5881 5880
f 5885 5886 5887
f 5888 5889 5890
f 5891 5885 5892
f 5893 5894 5889
f 5895 5891 5896
f 5897 5898 5894
f 5899 5900 5857
f 5901 5868 5870
f 5902 5864 5868
f 5902 5903 5904
f 5905 5906 5851
f 5906 5907 5849
f 5908 5846 5849
f 5909 5843 5846
f 5910 5840 5843
f 5911 5837 5840
f 5912 5831 5834
f 5913 5914 5826
f 5914 5915 5872
f 5913 5832 5831
f 5916 5878 5874
f 5917 5874 5872
f 5911 5918 5919
f 5920 5892 5887
f 5920 5921 5896
f 5922 5923 5896
f 5924 5925 5926
f 5886 5883 5882
f 5927 5890 5884
f 5916 5928 5925
f 5929 5926 5925
f 5930 5931 5926
f 5932 5933 5931
f 5934 5935 5933
f 5936 5937 5938
f 5939 5940 5941
f 5940 5942 5943
f 5937 5939 5944
f 5945 5946 5937
f 5946 5947 5939
f 5947 5948 5940
f 5948 5949 5942
f 5950 5951 5946
f 5952 5949 5953
f 5951 5954 5947
f 5954 5955 5948
f 5953 5949 5948
f 135 138 5951
f 5953 137 136
f 138 140 5954
f 140 5956 5955
f 137 5953 5955
f 5903 5957 5958
f 5957 5903 5959
f 5960 5959 5961
f 5962 5963 5964
f 5965 5966 5967
f 5968 5969 5970
f 5971 5972 5966
f 5973 5967 5970
f 5974 5918 5972
f 5975 5976 5919
f 5977 5978 5979
f 5975 5980 5981
f 5982 5977 5983
f 5978 5984 5928
f 5980 5982 5985
f 5925 5928 5984
f 5918 5974 5986
f 5987 5988 5989
f 5936 5989 5990
f 5945 5990 5991
f 5950 5991 177
f 5992 5993 5994
f 5995 5992 5996
f 5997 5998 5999
f 5997 6000 6001
f 5998 5995 6002
f 5988 5994 5993
f 6003 6004 6005
f 6006 6007 6005
f 6008 6003 6009
f 6010 6011 6007
f 6012 6013 6011
f 6013 6012 6014
f 6015 6016 5997
f 6014 6012 6017
f 6018 6019 5992
f 6019 6020 5993
f 6021 6022 6004
f 6022 6023 6006
f 6024 6021 6003
f 6023 6025 6010
f 6026 6018 5995
f 6027 6024 6008
f 6025 6017 6012
f 6016 6026 5998
f 5989 5993 6020
f 5990 6020 6028
f 6028 218 177
f 6029 6030 6016
f 6030 6031 6026
f 6031 6032 6018
f 6033 6034 6035
f 6036 6032 6031
f 6035 6028 6020
f 6037 6038 6030
f 6034 232 222
f 6038 6039 6031
f 6040 6041 6034
f 6041 4348 232
f 6042 6043 6044
f 6045 6046 6043
f 6047 6048 6046
f 6049 6050 6021
f 6051 6052 6023
f 6050 6051 6022
f 6053 6017 6025
f 6054 6049 6024
f 6055 6025 6023
f 6056 6053 6055
f 6057 6055 6052
f 6058 6052 6051
f 6015 6017 6053
f 6053 6056 6037
f 6059 6060 6061
f 6059 6062 6063
f 6064 6060 6044
f 6065 6066 6067
f 6068 6069 6070
f 6071 6072 262
f 6073 6074 6075
f 6076 6077 6074
f 6078 6075 6074
f 6077 6079 6080
f 6081 6072 6082
f 6081 6083 275
f 6083 6081 6084
f 6072 6071 6085
f 6072 6081 280
f 6086 6087 6088
f 6089 6084 6075
f 6090 6091 6092
f 6093 6094 6095
f 6096 6097 6098
f 6092 6091 6099
f 295 6097 6096
f 6097 6100 6101
f 6099 6102 6103
f 6100 6097 295
f 6100 6104 6105
f 6102 6106 6107
f 6104 6100 305
f 6108 6109 6110
f 6111 6112 6113
f 6114 6115 6116
f 6117 6118 6119
f 6120 6121 6118
f 6122 6116 6115
f 6123 6124 6122
f 6103 6125 6124
f 6107 6126 6125
f 6127 6126 6107
f 6112 6127 6108
f 6121 6120 6111
f 6094 6118 6121
f 6128 6119 6118
f 328 4087 6129
f 6119 6128 6130
f 6131 6073 6132
f 6076 6133 6134
f 6135 6134 6136
f 6095 6121 6137
f 6138 6139 6140
f 6104 6141 6142
f 6141 6104 343
f 6120 6143 6144
f 6144 6145 6112
f 6126 6146 6147
f 6116 6122 6148
f 6143 6120 6117
f 6124 6149 6148
f 6150 6116 6151
f 6127 6152 6146
f 6153 6117 6154
f 6145 6152 6127
f 6125 6147 6149
f 6155 6141 356
f 6156 6157 6158
f 6159 6160 6161
f 6107 6106 6109
f 6162 6137 6113
f 6119 6114 6150
f 6115 6114 6130
f 6154 6150 6163
f 6164 6165 6161
f 6166 6167 368
f 6168 6155 371
f 6146 6152 6169
f 6170 6143 6153
f 6171 6169 6152
f 6143 6170 6172
f 6151 6148 6173
f 6149 6174 6173
f 6172 6171 6145
f 6175 6176 6177
f 6147 6178 6174
f 6163 6151 6179
f 6146 6180 6178
f 6176 6181 6153
f 6182 6176 6175
f 6183 6181 6176
f 6184 6182 6185
f 6186 6183 6182
f 6175 6179 6173
f 6181 6183 6172
f 6183 6186 6171
f 6186 6180 6169
f 6184 6178 6180
f 6187 6174 6178
f 6185 6173 6174
f 6188 6161 6189
f 6160 6190 6189
f 6191 6192 6157
f 6193 6194 6155
f 6191 6195 6196
f 6197 6196 6198
f 6199 6200 6201
f 6202 6201 6203
f 6204 6203 6205
f 6206 6207 6208
f 6209 6210 6206
f 6211 6212 6213
f 6214 6215 6212
f 6216 6217 6218
f 6219 6220 6221
f 6192 6191 6197
f 6222 6223 6224
f 6199 6225 6223
f 6204 6226 6227
f 6228 6229 6226
f 6230 6231 6232
f 6233 6218 6234
f 6220 6235 6236
f 6217 6216 6165
f 6237 6238 6239
f 6240 6241 6242
f 6243 6244 6245
f 6246 6247 6248
f 6249 6250 6251
f 6252 6253 6254
f 6255 6256 6257
f 6258 6252 6259
f 6260 6255 6261
f 6262 6258 6263
f 6264 6260 6265
f 466 6262 6266
f 467 6267 6264
f 6243 6253 6268
f 6269 6268 6253
f 6270 6269 6252
f 6262 6271 6270
f 473 6271 6262
f 6272 6242 6250
f 6273 6238 6261
f 6265 6261 6238
f 6237 6166 6274
f 467 6274 6166
f 6275 6216 6233
f 6276 6277 6235
f 6278 6233 6279
f 6165 6216 6275
f 6159 6275 6280
f 6278 6281 6280
f 6282 6283 6281
f 6282 6277 6284
f 6285 6284 6277
f 6286 6281 6283
f 6287 6280 6281
f 6288 6289 6290
f 6280 6287 6291
f 6292 6293 6284
f 6222 6198 6200
f 6294 6213 6210
f 6202 6227 6225
f 6235 6279 6234
f 6295 6245 6241
f 6259 6254 6256
f 6263 6259 6255
f 6266 6263 6260
f 499 6266 6264
f 6277 6282 6279
f 6276 6296 6297
f 6293 6298 6283
f 6297 6299 6292
f 6268 6269 6300
f 6270 6301 6300
f 6268 6302 6303
f 6304 6305 6306
f 6296 6276 6220
f 473 511 6307
f 6271 6307 6301
f 6308 6309 6310
f 646 645 6292
f 6311 6312 6313
f 6314 6315 6316
f 6317 6318 6319
f 6305 6320 6321
f 6322 6323 6324
f 6325 6326 6327
f 6322 6328 6316
f 6305 6304 6318
f 6314 6329 6330
f 6331 6332 6333
f 6328 6334 6335
f 6324 6336 6334
f 6337 6325 6306
f 6330 6329 6338
f 6339 6317 6340
f 6341 6342 6312
f 6311 6333 6343
f 6316 6335 6338
f 6344 6321 6320
f 6320 6305 6317
f 6345 6346 6309
f 6347 6320 6339
f 6348 6346 6345
f 6336 6349 6350
f 6335 6334 6351
f 6334 6336 6352
f 6353 6337 6321
f 6338 6354 6355
f 6356 6357 6339
f 6358 6342 6341
f 6343 6359 6360
f 6335 6361 6354
f 6347 6362 6363
f 6364 6363 6362
f 6362 6347 6357
f 6365 6348 6366
f 6352 6350 6367
f 6361 6351 6368
f 6351 6352 6369
f 6363 6370 6353
f 6355 6354 6371
f 6372 6373 6357
f 6374 6358 6360
f 6359 6375 6376
f 6377 6378 585
f 6354 6361 6379
f 6380 6374 6376
f 6375 6381 6382
f 6383 6377 584
f 6371 6379 6384
f 6385 6386 6387
f 6385 6362 6373
f 590 6388 6389
f 6390 6365 6391
f 6369 6367 6392
f 603 6393 6389
f 6379 6368 6394
f 6368 6369 6395
f 6396 6370 6363
f 6397 6371 6398
f 6399 6400 6373
f 6395 6392 6401
f 6393 603 611
f 6384 6394 6402
f 6394 6395 6403
f 6393 6396 6364
f 6404 6398 6405
f 6406 6400 6399
f 6407 6408 6380
f 6382 6381 6409
f 6370 6396 611
f 6398 6384 6410
f 6411 6387 6386
f 6386 6385 6400
f 6370 6412 621
f 6413 6390 6414
f 6415 6386 6406
f 6353 621 625
f 6416 6413 6417
f 6403 6401 6418
f 625 630 6325
f 6410 6402 6419
f 6402 6403 6420
f 6389 6393 6387
f 6421 6405 6422
f 6423 6406 6424
f 6425 6408 6407
f 6409 6426 6427
f 6405 6410 6428
f 6415 6429 6430
f 6430 6429 6431
f 6429 6415 6423
f 6286 664 675
f 6432 6416 6433
f 6420 6418 6434
f 6428 6419 6435
f 6419 6420 6436
f 6383 6389 6411
f 6437 6422 6438
f 6439 6423 6440
f 6441 6442 6425
f 6427 6426 6443
f 660 6298 6293
f 6422 6428 6444
f 6436 6434 6445
f 6444 6435 6446
f 6435 6436 6447
f 6448 6377 6383
f 6449 6438 6450
f 6451 6452 6439
f 6453 6454 6442
f 6441 6443 6455
f 6438 6444 6456
f 6448 6431 6457
f 6452 6431 6429
f 1077 1076 6289
f 6458 6459 6432
f 6460 6461 6454
f 6453 6455 6462
f 6456 6463 6464
f 6465 6457 6431
f 6466 6467 6459
f 6447 6445 6468
f 6446 6469 6463
f 6446 6447 6470
f 6378 6377 6448
f 6471 6450 6464
f 6465 6452 6451
f 6472 6465 6473
f 6474 6475 6457
f 6378 6476 698
f 6477 6461 6460
f 6460 6462 6478
f 6479 6478 6462
f 6480 6457 6465
f 6481 6482 6467
f 6468 6483 6484
f 6469 6485 6486
f 6470 6484 6485
f 6475 6474 6476
f 6487 6464 6488
f 6464 6463 6486
f 6489 6478 6479
f 6490 6491 6492
f 6047 6493 6494
f 6495 6290 6289
f 6496 6497 6498
f 6189 6499 6500
f 6231 6208 6207
f 6499 6189 6190
f 6501 6502 6503
f 6504 6505 6506
f 6507 6508 6509
f 6510 6507 6511
f 6512 6510 6513
f 6514 6512 6515
f 6516 6517 6514
f 6518 6519 6517
f 6520 6521 6522
f 6523 6520 6524
f 6525 6523 6526
f 6527 6525 6528
f 6529 6530 6527
f 6531 6532 6530
f 6533 6534 6506
f 6535 6536 6537
f 6538 6539 6540
f 6541 6540 6542
f 6542 6543 6544
f 6545 6546 6547
f 6548 6549 6550
f 6544 6543 6551
f 6551 6552 6553
f 6545 6549 6548
f 6549 6547 6544
f 6552 6554 6555
f 6556 6557 6558
f 784 783 6552
f 6559 6548 6560
f 6529 6561 6562
f 6563 6564 6561
f 6565 6564 6563
f 6540 1083 791
f 6566 6504 6567
f 6568 6042 6569
f 6521 6520 6511
f 6520 6523 6513
f 6523 6525 6515
f 6525 6527 6570
f 6527 6530 6516
f 6516 6530 6532
f 6507 6510 6571
f 6519 6572 6573
f 6514 6517 6573
f 6512 6514 6574
f 6510 6512 6575
f 6576 6571 6577
f 6572 6578 6579
f 6571 6575 6580
f 6575 6574 6581
f 6574 6573 6579
f 6582 6577 6583
f 6579 6578 6584
f 6577 6580 6585
f 6580 6581 6586
f 6581 6579 6587
f 6588 6583 6589
f 6587 6584 6590
f 6583 6585 6591
f 6585 6586 6592
f 6586 6587 6593
f 6594 6589 6595
f 6593 6590 6596
f 6589 6591 6597
f 6591 6592 6598
f 6592 6593 6599
f 6600 6595 6601
f 6599 6596 6602
f 6595 6597 6603
f 6597 6598 6604
f 6598 6599 6605
f 6606 6607 6608
f 6609 6610 6611
f 6607 6612 6613
f 6612 6614 6615
f 6614 6609 6616
f 6617 6618 6619
f 6620 6621 6619
f 6622 6623 6624
f 6625 6626 6627
f 6623 6617 6628
f 6625 6629 6630
f 6631 6632 6633
f 6634 6633 6635
f 6636 6637 6638
f 6639 6632 6631
f 6640 6641 6642
f 6643 6635 6066
f 6644 6070 6645
f 6646 6645 6636
f 6641 6640 6647
f 6648 6506 6534
f 6507 6576 6649
f 6650 6649 6576
f 6651 6650 6582
f 6594 6652 6651
f 6600 6653 6652
f 6654 6655 6653
f 6656 6657 6658
f 6659 5968 6660
f 6661 6662 5963
f 6659 6663 6664
f 6665 6008 6666
f 6667 6668 6662
f 6668 6667 6669
f 5974 6013 6001
f 5973 6005 6007
f 5987 5938 5929
f 6666 6009 5969
f 5996 5994 5978
f 5930 5944 5941
f 5999 6002 5982
f 5971 6011 6013
f 5929 5938 5944
f 5969 6009 6005
f 5994 5988 5984
f 6002 5996 5977
f 5986 6001 6000
f 6670 5984 5988
f 5965 6007 6011
f 6000 5999 5980
f 5932 5941 5943
f 6533 6671 6672
f 6673 6534 6672
f 791 899 6543
f 784 6551 6543
f 783 900 6554
f 6674 6675 6676
f 6677 6678 6679
f 6678 6677 6680
f 6681 6679 6678
f 6682 6678 6683
f 6684 6685 6686
f 6546 6558 6687
f 6547 6687 6688
f 6555 6560 6548
f 6689 6559 6690
f 6691 6545 6559
f 6691 6556 6546
f 6685 6692 6693
f 6683 6680 6694
f 6695 6696 6697
f 6698 6567 6699
f 6700 6701 6702
f 6703 6704 6564
f 6564 6704 6705
f 6561 6705 6706
f 6707 6708 6709
f 6710 6711 6712
f 6713 6708 6707
f 6710 6671 6533
f 6714 6709 6715
f 6716 6717 6712
f 6718 6627 6719
f 6720 6719 6721
f 6722 6632 6639
f 6620 6723 6724
f 6629 6622 6725
f 6671 6726 6727
f 6728 6729 6730
f 6731 6716 6732
f 6733 6734 6735
f 6736 6737 6738
f 6739 6738 6740
f 6741 6742 6743
f 6744 6745 6742
f 6746 6745 6744
f 6747 6748 6746
f 6749 6750 6655
f 6751 6752 6753
f 6754 6755 6756
f 6641 6753 6757
f 6758 6759 6760
f 6642 6757 6761
f 6762 6760 6752
f 6763 6764 6765
f 6766 6729 6728
f 6767 6728 6768
f 6769 6770 6771
f 6772 6768 6764
f 6773 6774 6729
f 6730 6775 6617
f 6776 6625 6718
f 6777 6730 6623
f 6778 6777 6622
f 6779 6780 6723
f 6776 6778 6629
f 6781 6782 6783
f 6784 6070 6069
f 6568 6785 6786
f 6787 6063 6062
f 6785 6568 6063
f 6069 6068 6788
f 6751 6647 6789
f 6762 6789 6740
f 6790 4238 1022
f 6786 6791 6792
f 6493 6790 6793
f 6794 6785 6787
f 6795 6787 6796
f 6738 6797 6758
f 6798 6637 6636
f 6799 6636 6645
f 6794 6800 6786
f 6502 6501 6536
f 6737 6754 6797
f 6801 6694 6802
f 6801 6697 6803
f 6707 6714 6505
f 6671 6710 6717
f 6804 6707 6504
f 6711 6710 6805
f 6505 6714 6805
f 6806 6717 6716
f 6807 6716 6731
f 6808 6731 6748
f 6809 6761 6810
f 6811 6765 6812
f 6813 6718 6720
f 6814 6815 6816
f 6799 6816 6817
f 6818 6755 6754
f 6784 6819 6815
f 6820 4578 1054
f 6821 6822 6614
f 6781 6823 6824
f 6825 6826 6827
f 6828 6829 6830
f 6036 6040 6033
f 6831 1054 1064
f 6754 6832 6833
f 6834 6830 6819
f 6835 6821 6612
f 6779 6620 6618
f 6814 6645 6070
f 6836 6783 1068
f 6837 6838 6610
f 6749 6835 6607
f 6769 6839 6840
f 6841 6842 6843
f 6822 6837 6609
f 6828 6844 6781
f 6819 6830 6845
f 6018 6032 6033
f 6846 6290 6190
f 6847 6190 6290
f 6848 1079 4113
f 6849 6674 6503
f 6677 6503 6502
f 6535 6694 6680
f 6694 6535 6850
f 6541 6693 6692
f 6539 6851 1083
f 6536 1085 1084
f 1085 6536 6501
f 1086 6501 6676
f 6675 4278 1087
f 6852 6853 6854
f 6855 6856 6679
f 6856 6857 6849
f 6857 6858 6674
f 6858 6859 6675
f 6135 6860 6087
f 6861 6700 6862
f 6701 6700 6524
f 6700 6861 6526
f 6686 6558 6557
f 6687 6558 6686
f 6688 6687 6693
f 6863 6703 6565
f 6861 6565 6528
f 6810 6864 6865
f 6866 6812 6867
f 6764 6776 6813
f 6868 6869 6870
f 6869 6792 6791
f 6606 6843 6750
f 6844 6788 6823
f 6603 6604 6822
f 6836 6871 6829
f 6797 6833 6759
f 6601 6603 6821
f 6872 6618 6617
f 6605 6602 6838
f 6654 6601 6835
f 6873 6840 6774
f 6604 6605 6837
f 6834 6069 6844
f 6820 6874 6829
f 6845 6830 6829
f 6875 6876 6877
f 6878 6879 6880
f 6881 6878 6882
f 6883 6881 6884
f 6885 6883 6886
f 6876 5825 5871
f 6887 5894 5898
f 6888 6889 6890
f 6891 5889 5894
f 6892 6893 6894
f 6891 6889 5890
f 6895 6896 6897
f 6888 6898 5881
f 6899 6895 6900
f 6901 5877 5881
f 6902 5871 5877
f 6903 6904 6905
f 6906 6907 6908
f 6909 6910 6911
f 6875 6885 6912
f 6913 6914 6911
f 6879 6913 6915
f 6916 6917 6918
f 6919 6920 6921
f 6922 6923 6924
f 6925 6926 6927
f 6928 6929 6930
f 6917 6931 6932
f 6923 6933 6934
f 6926 6935 6936
f 6890 6937 6938
f 6939 6930 6940
f 6941 6942 6943
f 6944 6945 6934
f 6935 6946 6947
f 6937 6890 6948
f 6949 6950 6951
f 6946 6952 6953
f 6954 6948 6955
f 6956 6877 6957
f 6952 6922 6958
f 6959 6877 6956
f 6960 6955 6961
f 6962 6957 6929
f 6963 6964 6965
f 6966 6967 6968
f 6969 6970 6971
f 6972 6973 6974
f 6975 6976 6977
f 6978 6963 6979
f 6980 6981 6968
f 6982 6983 6973
f 6984 6985 6976
f 6986 6987 6988
f 6988 6978 6989
f 6990 6991 6992
f 6982 6993 6994
f 6995 6996 6985
f 6987 6986 6997
f 6998 6999 7000
f 7001 7002 6996
f 7003 6997 7004
f 6964 7005 7006
f 7007 6974 7002
f 7006 7005 7008
f 7009 7010 7004
f 7011 7003 7010
f 7012 7013 7005
f 7014 7007 7001
f 7008 7005 7013
f 7015 7016 7010
f 7017 7012 6964
f 7018 7019 6967
f 7020 6970 6969
f 7014 7021 6972
f 7022 7023 6975
f 7017 6963 6978
f 7019 7024 6980
f 7021 7025 6982
f 7023 7026 6984
f 6987 7027 7028
f 7029 6978 6988
f 7030 7031 6991
f 7025 7032 6993
f 7026 7033 6995
f 7027 6987 7003
f 7034 6999 6998
f 7033 7035 7001
f 7036 7023 7022
f 7037 7038 7017
f 7039 7040 7024
f 7041 7042 7025
f 7036 7043 7026
f 7028 7027 7044
f 7045 7037 7029
f 7046 7031 7030
f 7042 7047 7032
f 7048 7033 7026
f 7044 7027 7011
f 7049 7034 7050
f 7051 7035 7033
f 7052 7011 7016
f 7053 7013 7012
f 7054 7014 7035
f 7022 7013 7053
f 7055 7016 7015
f 7038 7056 7012
f 7039 7019 7018
f 7057 7020 7058
f 7041 7021 7014
f 7053 7059 7060
f 7061 7055 7062
f 7063 7064 7056
f 7065 7039 7066
f 7067 7057 7068
f 7069 7041 7054
f 7070 7036 7071
f 7072 7063 7038
f 7073 7040 7039
f 7074 7042 7041
f 7075 7043 7036
f 7045 7044 7076
f 7077 7072 7037
f 7078 7046 7079
f 7074 7080 7047
f 7081 7048 7043
f 7082 7076 7044
f 7083 7049 7084
f 7085 7051 7048
f 7061 7082 7052
f 7059 7053 7056
f 7086 7054 7051
f 7087 7085 7081
f 7085 7087 7088
f 7086 7088 7089
f 7090 7091 7080
f 7092 7093 7061
f 7094 7095 7083
f 7096 7097 7098
f 7099 7100 7101
f 7102 7070 7060
f 7065 7101 7103
f 7064 7063 7104
f 7090 7074 7069
f 7093 7105 7082
f 7077 7076 7106
f 7105 7106 7076
f 7107 7078 7108
f 7109 7110 7072
f 7110 7104 7063
f 7064 7111 7112
f 7113 7060 7059
f 7070 7102 7114
f 7114 7115 7081
f 7083 7095 7097
f 7049 7083 7096
f 7034 7049 7068
f 7058 6969 6999
f 7114 7116 7117
f 7109 7106 7118
f 7110 7109 7119
f 7120 7103 7121
f 7100 7122 7123
f 7111 7104 7124
f 7091 7090 7125
f 7113 7126 7127
f 7104 7110 7128
f 7094 7091 7129
f 7115 7117 7130
f 7102 7127 7116
f 7111 7131 7132
f 7105 7093 7133
f 7097 7134 7135
f 7087 7130 7136
f 7093 7092 7137
f 7106 7105 7138
f 7101 7123 7121
f 7088 7136 7139
f 7112 7132 7126
f 7095 7140 7134
f 7089 7139 7125
f 7129 7141 7142
f 7117 7143 7144
f 7131 7124 7145
f 7137 7146 7147
f 7138 7133 7147
f 7134 7148 7149
f 7130 7144 7150
f 7132 7151 7152
f 7118 7138 7153
f 7123 7154 7155
f 7136 7150 7156
f 7119 7118 7157
f 7128 7119 7158
f 7140 7159 7148
f 7139 7156 7160
f 7127 7161 7162
f 7124 7128 7163
f 7121 7155 7164
f 7122 7165 7154
f 7125 7160 7141
f 7126 7152 7161
f 7116 7162 7143
f 7131 7166 7151
f 7153 7147 7167
f 7149 7148 7168
f 7150 7144 7169
f 7151 7170 7171
f 7157 7153 7172
f 7154 7173 7174
f 7156 7150 7175
f 7158 7157 7176
f 7163 7158 7177
f 7148 7159 7178
f 7160 7156 7179
f 7161 7180 7181
f 7145 7163 7182
f 7155 7174 7183
f 7165 7184 7173
f 7141 7160 7185
f 7152 7171 7180
f 7162 7181 7186
f 7151 7166 7187
f 7141 7188 7189
f 7143 7186 7169
f 7166 7145 7190
f 7147 7146 7191
f 7192 7193 7194
f 7195 7196 7197
f 7198 7199 7200
f 7201 7202 7203
f 7204 7205 7206
f 7207 7208 7209
f 7210 7211 7212
f 7193 7213 7214
f 7215 7216 7217
f 7218 7219 7202
f 7220 7221 7222
f 7223 7224 7225
f 7226 7215 7227
f 7228 7229 7211
f 7230 7231 7224
f 7232 7219 7218
f 7233 7225 7234
f 7235 7192 7236
f 7217 7216 7220
f 7237 7238 7239
f 7229 7228 7240
f 7230 7241 7242
f 7243 7244 7245
f 7239 7238 7197
f 7199 7243 7246
f 7213 7205 7204
f 7241 7245 7244
f 7222 7180 7171
f 7188 7185 7239
f 7229 7174 7173
f 7190 7182 7199
f 7207 7181 7180
f 7174 7229 7234
f 7232 7239 7185
f 7211 7173 7184
f 7182 7177 7243
f 7177 7176 7244
f 7195 7236 7178
f 7179 7175 7219
f 7236 7194 7168
f 7242 7244 7176
f 7170 7217 7247
f 7248 7204 7212
f 7219 7175 7169
f 7194 7214 7249
f 7231 7242 7172
f 7250 6658 6657
f 7251 7252 6672
f 6726 6671 6806
f 7253 6668 6658
f 6668 7253 6664
f 6662 6664 6663
f 7254 5964 5963
f 5900 7255 7256
f 7257 5858 5857
f 7258 5860 5858
f 6906 6950 6921
f 6950 6949 7259
f 7260 7000 6999
f 7261 7262 6562
f 7263 7264 6690
f 7265 7263 6560
f 7264 7266 7267
f 7268 7269 6532
f 7270 6590 6584
f 7271 6610 6838
f 7272 7273 6584
f 7274 6611 6610
f 6602 7275 7276
f 7272 6578 6572
f 7277 7278 6519
f 7275 6602 6596
f 7278 7279 6572
f 7280 6596 6590
f 7281 7275 7280
f 7282 7280 7270
f 7283 7270 7273
f 7284 7271 7276
f 7275 7281 7285
f 7286 7274 7271
f 7287 7281 7282
f 7281 7287 7288
f 7289 7284 7285
f 6531 6562 7262
f 6518 6532 7269
f 900 1536 7290
f 7265 6555 6554
f 7291 7292 7289
f 7293 7289 7288
f 7294 7295 7296
f 7297 7298 7299
f 7300 7301 7302
f 7295 7303 7304
f 7305 7306 7298
f 7303 7307 7308
f 7309 7310 7306
f 7311 7299 7312
f 7313 7314 7310
f 7315 7316 7317
f 7318 7319 7320
f 7321 7320 7314
f 7316 7308 7307
f 7322 7294 7323
f 7324 7325 7312
f 7326 7300 7327
f 7328 7329 7303
f 7330 7305 7297
f 7329 7331 7307
f 7332 7309 7305
f 7333 7311 7325
f 7334 7313 7309
f 7335 7317 7336
f 7337 7318 7321
f 7338 7321 7313
f 7317 7307 7331
f 7322 7339 7340
f 7341 7325 7324
f 7324 7327 7342
f 7340 7328 7295
f 7343 7297 7311
f 7327 7302 7344
f 7345 7346 7331
f 7347 7332 7330
f 7348 7333 7341
f 7349 7334 7332
f 7350 7336 7351
f 7352 7337 7338
f 7353 7338 7334
f 7336 7331 7346
f 7339 7354 7355
f 7356 7341 7357
f 7357 7342 7358
f 7340 7355 7359
f 7360 7343 7333
f 7344 7361 7358
f 7359 7345 7329
f 7362 7330 7343
f 7363 7364 7365
f 7366 7367 7368
f 7369 7370 7371
f 7372 7373 7374
f 7375 7376 7377
f 7378 7379 7380
f 7381 7382 7383
f 7384 7385 7386
f 7387 7388 7389
f 7390 7391 7392
f 7393 7394 7371
f 7395 7396 7397
f 7398 7399 7400
f 7401 7402 7403
f 7404 7385 7384
f 7405 7406 7379
f 7407 7368 7367
f 7408 7409 7410
f 7411 7412 7413
f 7412 7411 7414
f 7415 7365 7364
f 7416 7368 7417
f 7418 7419 7420
f 7421 7422 7423
f 7424 7425 7426
f 7427 7428 7429
f 7419 7430 7423
f 7431 7432 7433
f 7434 7432 7435
f 7436 7437 7438
f 7439 7440 7441
f 7442 7443 7444
f 7445 7446 7447
f 7448 7449 7450
f 7443 7451 7450
f 7444 7450 7452
f 7449 7453 7452
f 7369 7394 7364
f 7454 7374 7376
f 7455 7389 7382
f 7456 7457 7458
f 7459 7364 7394
f 7460 7461 7462
f 7463 7464 7465
f 7446 7466 7467
f 7468 7444 7469
f 7440 7424 7470
f 7471 7438 7472
f 7432 7431 7473
f 7432 7434 7474
f 7475 7476 7477
f 7428 7427 7478
f 7479 7420 7443
f 7425 7480 7481
f 7420 7423 7451
f 7482 7483 7437
f 7422 7448 7451
f 7428 7431 7484
f 7485 7486 7419
f 7487 7421 7430
f 7488 7489 7490
f 7491 7492 7493
f 7494 7495 7399
f 7401 7496 7417
f 7497 7414 7498
f 7499 7500 7501
f 7502 7503 7496
f 7504 7501 7492
f 7505 7506 7464
f 7507 7508 7509
f 7510 7511 7512
f 7513 7514 7515
f 7516 7517 7518
f 7519 7520 7521
f 7522 7523 7524
f 7525 7526 7527
f 7385 7514 7513
f 7528 7509 7529
f 7530 7529 7531
f 7501 7459 7393
f 7532 7515 7514
f 7533 7458 7526
f 7534 7535 7536
f 7537 7427 7538
f 7500 7415 7459
f 7486 7539 7430
f 7509 7508 7370
f 7490 7489 7540
f 7382 7530 7541
f 7388 7507 7528
f 7542 7514 7385
f 7543 7518 7517
f 7537 7521 7520
f 7544 7515 7367
f 7535 7408 7545
f 7523 7390 7546
f 7389 7528 7530
f 7547 7417 7368
f 7395 7548 7495
f 7492 7393 7549
f 7550 7527 7461
f 7551 7534 7552
f 7503 7553 7417
f 7554 7555 7498
f 7556 7462 7506
f 7396 7522 7557
f 7529 7363 7558
f 7509 7369 7363
f 7559 7367 7515
f 7560 7381 7561
f 7562 7563 7384
f 7564 7387 7455
f 7565 7384 7563
f 7566 7455 7381
f 7409 7567 7568
f 7569 7570 7457
f 7571 7572 7392
f 7567 7519 7573
f 7574 7540 7570
f 7571 7543 7575
f 7576 7560 7577
f 7578 7579 7563
f 7580 7581 7564
f 7582 7563 7579
f 7576 7580 7566
f 7583 7512 7483
f 7467 7466 7476
f 7431 7428 7584
f 7457 7585 7586
f 7461 7587 7588
f 7464 7589 7590
f 7591 7592 7476
f 7593 7594 7446
f 7594 7591 7466
f 7592 7595 7477
f 7506 7596 7589
f 7597 7598 7489
f 7527 7526 7599
f 7540 7489 7598
f 7526 7458 7586
f 7462 7588 7596
f 7527 7600 7587
f 7570 7601 7585
f 7570 7540 7602
f 7603 7556 7505
f 7604 7605 7463
f 7606 7505 7463
f 7607 7490 7574
f 7608 7447 7467
f 7609 7550 7460
f 7610 7569 7456
f 7611 7475 7612
f 7613 7456 7533
f 7614 7460 7556
f 7615 7533 7525
f 7616 7467 7475
f 7617 7618 7447
f 7619 7574 7569
f 7620 7621 7490
f 7622 7525 7550
f 7623 7624 7625
f 7452 7626 7627
f 7625 7624 7628
f 7629 7469 7627
f 7630 7434 7631
f 7632 7472 7633
f 7634 7632 7635
f 7434 7630 7636
f 7637 7631 7638
f 7453 7639 7626
f 7640 7635 7641
f 7642 7643 7641
f 7637 7641 7644
f 7635 7633 7644
f 7645 7646 7627
f 7645 7636 7630
f 7578 7581 7486
f 7580 7576 7487
f 7612 7477 7488
f 7647 7579 7511
f 7480 7516 7648
f 7521 7537 7649
f 7581 7580 7539
f 7427 7537 7650
f 7595 7597 7488
f 7651 7612 7621
f 7652 7653 7654
f 7655 7656 7657
f 7658 7659 7660
f 7661 7662 7663
f 7664 7665 7666
f 7667 7668 7669
f 7670 7671 7672
f 7673 7674 7675
f 7676 7677 7678
f 7679 7680 7681
f 7660 7659 7682
f 7683 7684 7685
f 7686 7687 7688
f 7689 7690 7691
f 7692 7693 7674
f 7694 7695 7669
f 7696 7657 7656
f 7697 7698 7699
f 7700 7701 7702
f 7701 7700 7703
f 7704 7654 7653
f 7705 7657 7706
f 7707 7708 7709
f 7710 7711 7712
f 7713 7714 7715
f 7716 7717 7718
f 7708 7719 7712
f 7720 7721 7722
f 7723 7721 7724
f 7725 7726 7727
f 7728 7729 7730
f 7731 7732 7733
f 7734 7735 7736
f 7737 7738 7739
f 7732 7740 7739
f 7739 7741 7742
f 7738 7743 7741
f 7744 7660 7653
f 7745 7663 7666
f 7676 7746 7672
f 7747 7748 7749
f 7750 7653 7660
f 7751 7752 7753
f 7754 7755 7756
f 7757 7736 7758
f 7759 7733 7742
f 7730 7713 7760
f 7761 7727 7762
f 7721 7720 7763
f 7721 7723 7764
f 7765 7766 7767
f 7717 7716 7768
f 7769 7709 7732
f 7714 7770 7771
f 7709 7712 7740
f 7772 7773 7726
f 7711 7737 7740
f 7717 7720 7774
f 7775 7708 7707
f 7776 7777 7710
f 7778 7779 7780
f 7781 7782 7783
f 7784 7785 7687
f 7786 7689 7787
f 7788 7703 7789
f 7790 7791 7792
f 7793 7787 7691
f 7794 7792 7782
f 7795 7796 7755
f 7797 7798 7799
f 7800 7801 7802
f 7803 7804 7805
f 7806 7807 7808
f 7809 7810 7811
f 7812 7813 7814
f 7815 7816 7817
f 7675 7674 7804
f 7818 7799 7819
f 7820 7819 7821
f 7792 7750 7822
f 7823 7805 7804
f 7815 7824 7749
f 7825 7826 7827
f 7828 7716 7829
f 7704 7750 7792
f 7776 7719 7708
f 7798 7658 7744
f 7830 7780 7831
f 7672 7820 7832
f 7746 7678 7797
f 7833 7804 7674
f 7834 7835 7808
f 7836 7828 7810
f 7837 7805 7656
f 7825 7697 7838
f 7812 7679 7839
f 7746 7818 7820
f 7786 7706 7657
f 7683 7840 7785
f 7822 7682 7783
f 7841 7817 7753
f 7842 7827 7843
f 7844 7706 7787
f 7843 7845 7789
f 7795 7751 7846
f 7684 7847 7814
f 7819 7652 7848
f 7799 7744 7652
f 7849 7656 7805
f 7850 7671 7670
f 7851 7852 7673
f 7853 7854 7677
f 7692 7673 7852
f 7853 7676 7671
f 7698 7855 7856
f 7857 7858 7748
f 7859 7860 7681
f 7855 7861 7811
f 7862 7831 7858
f 7834 7863 7860
f 7864 7865 7850
f 7866 7867 7852
f 7868 7854 7853
f 7869 7852 7867
f 7870 7853 7850
f 7871 7802 7773
f 7872 7758 7766
f 7720 7717 7873
f 7749 7748 7874
f 7753 7875 7876
f 7755 7877 7878
f 7879 7880 7766
f 7881 7882 7736
f 7882 7879 7758
f 7880 7883 7767
f 7796 7884 7877
f 7779 7885 7886
f 7816 7887 7888
f 7831 7780 7886
f 7816 7749 7889
f 7846 7876 7884
f 7817 7888 7875
f 7858 7890 7874
f 7858 7831 7891
f 7892 7893 7751
f 7894 7895 7754
f 7895 7892 7795
f 7896 7830 7862
f 7757 7872 7897
f 7898 7841 7752
f 7899 7900 7857
f 7901 7765 7902
f 7899 7747 7824
f 7893 7903 7752
f 7904 7824 7815
f 7897 7872 7765
f 7905 7734 7757
f 7906 7862 7857
f 7907 7778 7830
f 7908 7815 7841
f 7909 7910 7911
f 7741 7912 7913
f 7911 7910 7914
f 7915 7742 7913
f 7916 7723 7917
f 7918 7762 7919
f 7920 7918 7921
f 7723 7916 7922
f 7923 7917 7924
f 7743 7925 7912
f 7926 7921 7927
f 7928 7929 7927
f 7923 7927 7930
f 7921 7919 7930
f 7931 7932 7913
f 7922 7916 7930
f 7868 7775 7933
f 7865 7777 7776
f 7902 7767 7779
f 7934 7867 7801
f 7770 7807 7806
f 7810 7828 7935
f 7870 7776 7775
f 7716 7828 7836
f 7883 7885 7779
f 7936 7902 7778
f 7937 7938 7939
f 7940 7941 7942
f 7943 7944 7945
f 7946 7947 7948
f 7949 7950 7951
f 7952 7953 7954
f 7955 7956 7957
f 7958 7959 7960
f 7961 7962 7963
f 7964 7965 7966
f 7967 7945 7968
f 7969 7970 7971
f 7972 7973 7974
f 7975 7976 7977
f 7978 7960 7959
f 7979 7980 7954
f 7981 7942 7941
f 7982 7983 7984
f 7985 7986 7987
f 7986 7985 7988
f 7989 7939 7990
f 7991 7942 7992
f 7993 7994 7995
f 7996 7997 7998
f 7999 8000 8001
f 8002 8003 8004
f 7994 8005 7998
f 8006 8007 8008
f 8009 8007 8010
f 8011 8012 8013
f 8014 8015 8016
f 8017 8018 8019
f 8020 8021 8022
f 8023 8024 8025
f 8018 8026 8025
f 8019 8025 8027
f 8024 8028 8027
f 7938 7943 7967
f 8029 7948 7951
f 7961 8030 7956
f 8031 8032 8033
f 7939 7967 8034
f 8035 8036 8037
f 8038 8039 8040
f 8021 8041 8042
f 8043 8019 8044
f 8015 7999 8045
f 8046 8013 8047
f 8007 8006 8048
f 8007 8009 8049
f 8050 8051 8052
f 8003 8002 8053
f 8054 7995 8018
f 8000 8055 8056
f 7995 7998 8026
f 8057 8058 8012
f 7997 8023 8026
f 8003 8006 8059
f 8060 8061 7994
f 8062 8063 7996
f 8064 8065 8066
f 8067 8068 8069
f 8070 8071 7973
f 8072 7975 8073
f 8074 7988 8075
f 8076 8077 8078
f 8079 8073 7977
f 8080 8078 8067
f 8039 8081 8082
f 8083 8084 8085
f 8086 8087 8088
f 8089 8090 8091
f 8092 8093 8094
f 8095 8096 8097
f 8098 8099 8100
f 8101 8102 8103
f 8104 7960 8090
f 8105 8083 8106
f 8107 8105 8108
f 8078 7990 8034
f 8109 8091 8090
f 8110 8033 8103
f 8111 8112 8113
f 8114 8002 8115
f 8077 8116 7990
f 8061 8062 8005
f 8106 8085 7944
f 8117 8066 8065
f 7957 7956 8105
f 8030 7963 8084
f 7978 8118 8090
f 8119 8094 8093
f 8114 8097 8096
f 8120 8091 7941
f 8112 7982 8121
f 8098 7964 8122
f 8030 8083 8105
f 8072 7992 7942
f 7969 8123 8071
f 8034 7968 8068
f 8101 8124 8036
f 8125 8111 8126
f 8079 8127 7992
f 8128 8129 8075
f 8081 8130 8037
f 7970 8131 8100
f 8132 8108 7938
f 8108 8106 7943
f 8133 7941 8091
f 8134 7955 8135
f 8136 8137 7959
f 8138 7962 7961
f 8139 7959 8137
f 8140 7961 7955
f 7983 8141 8142
f 8031 8143 8144
f 7965 8145 8146
f 8141 8095 8147
f 8143 8117 8148
f 8145 8119 8149
f 8150 8134 8151
f 8152 8153 8137
f 8154 8155 8138
f 8156 8137 8153
f 8150 8154 8140
f 8088 8087 8058
f 8042 8041 8051
f 8006 8003 8157
f 8032 8158 8159
f 8036 8160 8161
f 8040 8162 8163
f 8164 8165 8051
f 8166 8167 8021
f 8167 8164 8041
f 8165 8168 8052
f 8082 8169 8162
f 8064 8170 8171
f 8124 8103 8172
f 8065 8171 8173
f 8033 8159 8172
f 8037 8161 8169
f 8124 8174 8160
f 8032 8144 8175
f 8148 8173 8175
f 8176 8177 8130
f 8178 8179 8039
f 8179 8176 8081
f 8180 8181 8066
f 8182 8022 8042
f 8183 8184 8101
f 8185 8186 8143
f 8187 8050 8188
f 8189 8185 8031
f 8177 8183 8035
f 8189 8110 8102
f 8190 8042 8050
f 8191 8192 8022
f 8180 8117 8143
f 8193 8066 8181
f 8184 8194 8102
f 8195 8196 8197
f 8044 8027 8198
f 8197 8196 8199
f 8200 8044 8201
f 8202 8203 8009
f 8204 8047 8205
f 8206 8204 8207
f 8049 8009 8203
f 8208 8202 8209
f 8028 8210 8198
f 8211 8207 8212
f 8208 8213 8212
f 8202 8212 8214
f 8207 8205 8214
f 8215 8216 8201
f 8215 8217 8203
f 8152 8155 8061
f 8154 8150 8063
f 8188 8052 8064
f 8153 8086 8218
f 8055 8092 8219
f 8097 8114 8220
f 8155 8154 8062
f 8002 8114 8221
f 8052 8168 8170
f 8222 8188 8193
f 8223 8224 8225
f 8226 8227 8228
f 8229 8230 8231
f 8232 8233 8234
f 8235 8236 8237
f 8238 8239 8240
f 8241 8242 8243
f 8244 8245 8246
f 8247 8248 8249
f 8250 8251 8252
f 8253 8231 8254
f 8255 8256 8257
f 8258 8259 8260
f 8261 8262 8263
f 8264 8246 8245
f 8265 8240 8239
f 8266 8228 8227
f 8267 8268 8269
f 8270 8271 8272
f 8273 8272 8271
f 8274 8225 8224
f 8275 8228 8276
f 8277 8278 8279
f 8280 8281 8282
f 8283 8284 8285
f 8286 8287 8288
f 8278 8289 8282
f 8290 8291 8292
f 8293 8291 8294
f 8295 8296 8297
f 8298 8294 8299
f 8300 8301 8302
f 8303 8304 8305
f 8306 8307 8308
f 8301 8306 8309
f 8302 8309 8310
f 8309 8308 8311
f 8229 8253 8224
f 8235 8232 8312
f 8247 8313 8242
f 8314 8315 8316
f 8224 8253 8317
f 8318 8319 8320
f 8321 8322 8323
f 8324 8325 8326
f 8327 8302 8328
f 8329 8283 8330
f 8331 8297 8332
f 8291 8290 8333
f 8291 8293 8334
f 8335 8336 8337
f 8287 8286 8338
f 8339 8279 8301
f 8284 8340 8341
f 8279 8282 8306
f 8342 8343 8296
f 8282 8281 8307
f 8287 8290 8344
f 8345 8346 8278
f 8347 8280 8289
f 8348 8349 8350
f 8351 8352 8353
f 8259 8354 8355
f 8356 8263 8276
f 8357 8273 8358
f 8359 8360 8361
f 8362 8263 8262
f 8361 8351 8363
f 8322 8364 8365
f 8366 8367 8368
f 8369 8370 8371
f 8372 8373 8374
f 8375 8376 8377
f 8378 8379 8380
f 8381 8382 8383
f 8384 8385 8386
f 8387 8246 8373
f 8366 8388 8389
f 8390 8389 8391
f 8392 8317 8351
f 8393 8374 8373
f 8385 8314 8394
f 8395 8396 8397
f 8398 8286 8399
f 8360 8274 8392
f 8346 8400 8289
f 8388 8368 8230
f 8401 8350 8402
f 8242 8390 8403
f 8313 8249 8367
f 8404 8373 8246
f 8405 8377 8376
f 8398 8380 8379
f 8406 8374 8227
f 8396 8267 8407
f 8382 8250 8408
f 8313 8366 8390
f 8409 8276 8228
f 8255 8410 8355
f 8317 8254 8352
f 8319 8384 8411
f 8412 8395 8413
f 8414 8276 8263
f 8415 8357 8416
f 8364 8318 8417
f 8256 8381 8418
f 8389 8223 8419
f 8388 8229 8223
f 8420 8227 8374
f 8421 8241 8422
f 8423 8424 8245
f 8425 8426 8248
f 8427 8245 8424
f 8425 8247 8241
f 8428 8429 8269
f 8315 8430 8431
f 8251 8432 8433
f 8378 8434 8429
f 8430 8435 8402
f 8432 8405 8436
f 8437 8421 8438
f 8439 8424 8423
f 8440 8441 8426
f 8442 8424 8439
f 8440 8425 8421
f 8443 8371 8343
f 8326 8336 8335
f 8290 8287 8444
f 8316 8445 8446
f 8417 8320 8447
f 8448 8323 8449
f 8450 8451 8336
f 8452 8453 8305
f 8454 8450 8326
f 8451 8455 8337
f 8323 8365 8456
f 8349 8457 8458
f 8411 8386 8459
f 8350 8458 8460
f 8386 8394 8446
f 8365 8417 8461
f 8320 8411 8462
f 8316 8431 8463
f 8402 8460 8463
f 8464 8465 8318
f 8466 8467 8322
f 8467 8464 8364
f 8468 8401 8435
f 8469 8324 8470
f 8471 8472 8384
f 8473 8474 8430
f 8475 8335 8476
f 8477 8473 8315
f 8465 8471 8319
f 8478 8477 8314
f 8479 8470 8335
f 8480 8303 8481
f 8474 8482 8435
f 8483 8348 8401
f 8472 8478 8385
f 8484 8485 8304
f 8328 8310 8486
f 8304 8485 8487
f 8488 8328 8489
f 8490 8293 8298
f 8332 8491 8492
f 8493 8492 8494
f 8293 8490 8495
f 8496 8298 8497
f 8310 8311 8498
f 8494 8492 8499
f 8500 8501 8499
f 8496 8499 8502
f 8499 8492 8491
f 8503 8504 8489
f 8495 8490 8502
f 8505 8441 8346
f 8437 8347 8400
f 8476 8337 8349
f 8506 8439 8370
f 8340 8375 8507
f 8380 8398 8508
f 8441 8440 8400
f 8286 8398 8509
f 8455 8457 8349
f 8510 8476 8348
f 8511 8512 8513
f 8514 8515 8516
f 8517 8514 8518
f 8519 8520 8521
f 8522 8523 8516
f 8524 8525 8513
f 8526 8527 8528
f 8529 8530 8531
f 8532 8533 8534
f 8535 8536 8530
f 8527 8537 8531
f 8538 8539 8540
f 8541 8539 8542
f 8543 8544 8545
f 8546 8547 8548
f 8544 8549 8550
f 8551 8552 8553
f 8554 8540 8555
f 8549 8556 8555
f 8550 8555 8557
f 8540 8558 8557
f 8517 8559 8512
f 8560 8561 8562
f 8563 8553 8564
f 8545 8550 8565
f 8547 8532 8566
f 8567 8545 8568
f 8539 8538 8569
f 8539 8541 8558
f 8570 8571 8572
f 8536 8535 8573
f 8574 8528 8549
f 8533 8575 8576
f 8528 8531 8556
f 8577 8574 8544
f 8530 8554 8556
f 8536 8538 8554
f 8578 8579 8527
f 8580 8529 8537
f 8581 8582 8583
f 8578 8526 8584
f 8585 8586 8587
f 8588 8589 8590
f 8518 8516 8591
f 8592 8535 8529
f 8579 8593 8537
f 8594 8583 8582
f 8512 8595 8596
f 8518 8597 8598
f 8523 8599 8591
f 8600 8601 8587
f 8592 8590 8589
f 8512 8559 8598
f 8602 8511 8603
f 8604 8605 8515
f 8606 8604 8514
f 8607 8522 8515
f 8606 8517 8511
f 8525 8608 8603
f 8609 8610 8562
f 8520 8611 8612
f 8608 8588 8613
f 8609 8594 8614
f 8611 8600 8615
f 8616 8602 8613
f 8617 8618 8605
f 8619 8617 8604
f 8620 8607 8605
f 8616 8619 8606
f 8584 8526 8574
f 8621 8564 8571
f 8538 8536 8622
f 8562 8520 8519
f 8566 8534 8571
f 8552 8623 8548
f 8548 8566 8564
f 8571 8534 8576
f 8581 8585 8601
f 8582 8601 8600
f 8562 8610 8611
f 8614 8600 8611
f 8624 8625 8583
f 8626 8563 8621
f 8627 8609 8561
f 8628 8570 8629
f 8630 8631 8561
f 8632 8621 8570
f 8633 8551 8563
f 8627 8624 8594
f 8634 8583 8625
f 8635 8636 8637
f 8565 8557 8638
f 8636 8635 8639
f 8565 8640 8641
f 8642 8541 8643
f 8568 8641 8644
f 8645 8644 8646
f 8541 8642 8647
f 8648 8643 8649
f 8558 8647 8638
f 8646 8644 8650
f 8639 8635 8650
f 8648 8650 8651
f 8644 8641 8651
f 8651 8641 8640
f 8647 8642 8651
f 8618 8617 8579
f 8616 8580 8593
f 8572 8581 8634
f 8618 8578 8652
f 8576 8575 8586
f 8590 8592 8580
f 8617 8619 8593
f 8535 8592 8653
f 8572 8576 8585
f 8629 8634 8654
f 7558 7365 7554
f 7370 7366 7416
f 8655 7377 8656
f 8657 7380 7373
f 7561 7383 7410
f 7387 8658 7386
f 7555 7554 7365
f 7371 7416 7553
f 7512 7418 7479
f 7538 7429 7422
f 7484 7433 7449
f 7437 7442 7468
f 7438 7468 7629
f 7433 7474 7453
f 7483 7479 7442
f 7429 7484 7448
f 7511 7485 7418
f 7412 7497 7500
f 8659 7493 7503
f 7513 7544 7508
f 7386 7513 7507
f 7541 7531 7536
f 7649 7538 7421
f 7497 7555 7415
f 7383 7541 7545
f 7508 7544 7366
f 7493 7549 7553
f 7531 7558 7552
f 7577 7561 7568
f 7562 8658 7387
f 8660 7577 7573
f 7578 7562 7564
f 7472 7629 7646
f 7474 7636 7639
f 7633 7646 7645
f 7639 7636 7645
f 7579 7578 7485
f 8660 7649 7487
f 7827 7848 7654
f 7655 7705 7659
f 7664 8661 8662
f 7667 8663 7662
f 7856 7670 8664
f 7677 8665 7675
f 7845 7843 7654
f 7682 7659 7705
f 7802 7707 7769
f 7829 7718 7711
f 7774 7722 7738
f 7726 7731 7759
f 7727 7759 7915
f 7722 7764 7743
f 7773 7769 7731
f 7718 7774 7737
f 7801 7933 7707
f 7788 7791 7790
f 7783 7793 8666
f 7797 7803 7837
f 7678 7675 7803
f 7832 7821 7826
f 7777 7935 7829
f 7845 7704 7791
f 8664 7832 7838
f 7837 7655 7658
f 7682 7844 7793
f 7826 7821 7848
f 7811 8667 7670
f 7854 7851 8665
f 7810 7864 8667
f 7868 7866 7851
f 7762 7915 7932
f 7764 7922 7925
f 7919 7932 7931
f 7925 7922 7931
f 7866 7933 7801
f 7865 7864 7935
f 7937 7989 8128
f 7944 7940 7991
f 7949 8668 8669
f 7952 8670 7947
f 8135 7957 7984
f 7962 7958 8104
f 8129 8128 7989
f 7945 7991 8127
f 8087 7993 8054
f 8115 8004 7997
f 8059 8008 8024
f 8012 8017 8043
f 8013 8043 8200
f 8008 8049 8028
f 8058 8054 8017
f 8004 8059 8023
f 8086 8060 7993
f 8074 8077 8076
f 8068 8079 8671
f 8084 8089 8120
f 7963 8104 8089
f 8107 8132 8113
f 8220 8115 7996
f 8074 8129 8116
f 7957 8107 8121
f 8085 8120 7940
f 7968 8127 8079
f 8132 7937 8126
f 8151 8135 8142
f 8138 8136 7958
f 8672 8151 8147
f 8152 8136 8138
f 8047 8200 8216
f 8049 8217 8210
f 8205 8216 8215
f 8210 8217 8215
f 8153 8152 8060
f 8150 8672 8220
f 8419 8225 8415
f 8230 8226 8275
f 8673 8237 8674
f 8233 8238 8675
f 8422 8243 8269
f 8248 8244 8387
f 8357 8415 8225
f 8231 8275 8414
f 8371 8277 8339
f 8399 8288 8281
f 8344 8292 8308
f 8296 8300 8327
f 8297 8327 8488
f 8292 8334 8311
f 8343 8339 8300
f 8288 8344 8307
f 8370 8345 8277
f 8272 8273 8360
f 8352 8362 8676
f 8367 8372 8406
f 8249 8387 8372
f 8403 8391 8397
f 8508 8399 8280
f 8273 8357 8274
f 8243 8403 8407
f 8368 8406 8226
f 8254 8414 8362
f 8391 8419 8413
f 8438 8422 8429
f 8426 8423 8244
f 8677 8438 8434
f 8441 8505 8423
f 8332 8488 8504
f 8334 8495 8498
f 8502 8491 8504
f 8498 8495 8503
f 8439 8505 8345
f 8677 8508 8347
f 7586 7585 7391
f 7587 7396 7395
f 7589 7398 8678
f 7470 7426 7592
f 8679 7441 7594
f 7441 7470 7591
f 7426 7481 7595
f 7596 7494 7398
f 7648 7518 7598
f 7600 7599 7523
f 7602 7598 7518
f 7599 7586 7390
f 7588 7395 7494
f 7587 7600 7522
f 7601 7571 7391
f 7601 7602 7543
f 8680 7603 7606
f 8681 8682 7605
f 8682 8683 7606
f 8684 7607 7619
f 8685 7608 7616
f 8686 7609 7614
f 8687 7610 7613
f 8688 7611 7651
f 8689 8690 7613
f 8691 7614 7603
f 8689 7615 7622
f 8692 7616 7611
f 8693 7617 7608
f 8687 8694 7619
f 8695 7620 7607
f 8696 7622 7609
f 8697 7634 7640
f 7642 7638 8698
f 7623 7640 7643
f 7628 7624 7643
f 7481 7648 7597
f 8699 7651 7620
f 7889 7874 7680
f 7876 7875 7684
f 7877 7686 8700
f 7760 7715 7880
f 7728 8701 7882
f 8701 7760 7879
f 7715 7771 7883
f 7884 7784 7686
f 7806 7835 7886
f 7888 7887 7812
f 7891 7886 7835
f 7887 7889 7679
f 7876 7683 7784
f 7888 7847 7684
f 7890 7859 7680
f 7890 7891 7834
f 8702 8703 7893
f 8704 8705 7895
f 8705 8702 7892
f 8706 7896 7906
f 8707 8708 7897
f 8709 7898 7903
f 8710 7900 7899
f 8711 7901 7936
f 8712 7899 7904
f 8713 7903 7893
f 8714 7904 7908
f 8715 7897 7901
f 8716 7905 8708
f 8717 7906 7900
f 8718 7907 7896
f 8719 7908 7898
f 8720 7920 7926
f 7928 7924 8721
f 7909 7926 7929
f 7914 7910 7929
f 7771 7806 7885
f 8722 7936 7907
f 8158 7965 7964
f 8160 7970 7969
f 8162 7972 8723
f 8045 8001 8165
f 8724 8016 8167
f 8016 8045 8164
f 8001 8056 8168
f 8169 8070 7972
f 8170 8219 8094
f 8172 8098 8131
f 8171 8094 8119
f 8172 8159 7964
f 8161 7969 8070
f 8174 8131 7970
f 8175 8145 7965
f 8173 8119 8145
f 8725 8726 8177
f 8727 8728 8179
f 8728 8725 8176
f 8729 8181 8180
f 8730 8182 8190
f 8731 8184 8183
f 8732 8733 8186
f 8734 8187 8222
f 8735 8732 8185
f 8726 8736 8183
f 8737 8735 8189
f 8738 8190 8187
f 8739 8191 8182
f 8740 8180 8186
f 8741 8181 8729
f 8731 8737 8194
f 8742 8206 8211
f 8199 8208 8743
f 8195 8211 8213
f 8199 8196 8213
f 8168 8056 8219
f 8744 8222 8741
f 8445 8251 8250
f 8461 8447 8256
f 8745 8449 8259
f 8330 8285 8451
f 8497 8299 8453
f 8746 8330 8450
f 8285 8341 8455
f 8449 8456 8354
f 8507 8377 8458
f 8462 8459 8382
f 8458 8377 8405
f 8459 8446 8250
f 8461 8255 8354
f 8462 8381 8256
f 8445 8463 8432
f 8463 8460 8405
f 8356 8409 8465
f 8261 8467 8466
f 8261 8356 8464
f 8506 8468 8482
f 8331 8469 8479
f 8266 8420 8472
f 8264 8427 8474
f 8342 8475 8510
f 8404 8264 8473
f 8409 8266 8471
f 8404 8477 8478
f 8295 8479 8475
f 8493 8480 8747
f 8442 8482 8474
f 8369 8483 8468
f 8420 8393 8478
f 8303 8480 8494
f 8487 8500 8497
f 8484 8494 8501
f 8487 8485 8501
f 8341 8507 8457
f 8443 8510 8483
f 7947 8748 8749
f 8750 8751 8752
f 8753 8754 8236
f 8755 8265 8756
f 7376 8757 8758
f 8759 8760 8761
f 8234 8762 8753
f 8763 8762 8234
f 8764 8765 8766
f 8756 8767 8766
f 8768 8769 8770
f 8771 8656 7377
f 8772 8751 8750
f 8773 7666 7663
f 8760 8774 8775
f 8776 8765 8764
f 8777 8778 8779
f 8780 8770 8769
f 7662 8781 8782
f 8757 7376 7374
f 8771 8783 8784
f 8755 8785 8240
f 8675 8240 8785
f 8786 8775 8774
f 8787 7951 7948
f 7373 8788 8789
f 8790 8791 8770
f 8792 8793 8794
f 8795 8796 8765
f 8797 8798 8799
f 8800 8793 8751
f 8801 8791 8802
f 8803 8804 8805
f 8806 8807 8808
f 8809 8810 8811
f 8670 8812 8748
f 8813 8805 8814
f 8806 8814 8815
f 8816 8794 8817
f 8818 8819 8820
f 8807 8817 8794
f 8821 8668 7951
f 8822 8809 8823
f 8824 8825 8817
f 8826 8802 8823
f 8827 8817 8825
f 8828 8829 8830
f 8831 8832 8833
f 8830 8834 8835
f 8836 8837 8832
f 8837 8836 8838
f 8839 8840 8841
f 8842 8838 8843
f 8841 8844 8845
f 8846 8847 8848
f 8849 8850 8851
f 8852 8853 8854
f 8855 8856 8857
f 8850 8858 8859
f 8860 8861 8862
f 8863 8781 7662
f 8853 8856 8864
f 8865 8855 8866
f 8852 8849 8867
f 8868 8836 8831
f 8860 8869 8870
f 8871 8830 8829
f 8872 8860 8847
f 8843 8873 8874
f 8659 7372 7454
f 7504 7375 8655
f 7403 7378 8657
f 8678 7400 8778
f 7402 7405 7378
f 8875 7413 8656
f 7491 7454 7375
f 8876 7465 8775
f 7465 7590 8761
f 8877 7604 8876
f 7499 8655 7413
f 7502 8657 7372
f 7590 8678 8777
f 8878 8681 7604
f 8879 7894 8880
f 7794 7665 7664
f 8666 7691 7668
f 7690 7694 7668
f 7976 7979 7953
f 8700 7688 8881
f 8882 8178 8038
f 8883 8163 8884
f 8880 7756 8750
f 8885 8029 7950
f 7878 8700 8886
f 8887 8666 7667
f 7977 7953 7952
f 7701 7790 7664
f 8080 7950 7949
f 8888 8704 7894
f 8750 7756 7878
f 8764 8448 8745
f 7781 7745 7665
f 8889 7702 8662
f 8163 8723 8890
f 8887 7661 7745
f 8891 8727 8178
f 8767 8321 8448
f 8723 7974 8892
f 8363 8353 8233
f 8258 8893 8894
f 8895 8235 8673
f 8069 8671 7952
f 8896 8897 7987
f 8069 7946 8029
f 7986 8076 7949
f 8038 8883 8769
f 8353 8676 8238
f 8895 8363 8232
f 8898 8745 8258
f 8756 8466 8321
f 8359 8673 8899
f 8265 8900 8466
f 8901 8270 8899
f 8676 8262 8239
f 8900 8239 8262
f 8902 8903 7346
f 8904 7347 7362
f 8905 8906 7348
f 8907 7349 7347
f 8908 7351 8909
f 7353 8910 8911
f 8910 7353 7349
f 7351 7346 8903
f 8912 7355 7354
f 8913 8905 7356
f 8914 7358 8915
f 8916 7359 7355
f 8917 7360 7348
f 7358 7361 8918
f 8916 8902 7345
f 8919 7362 7360
f 8920 8910 8907
f 8909 8903 8921
f 8922 8912 8923
f 8924 8905 8913
f 8913 8915 8925
f 8922 8926 8916
f 8927 8917 8906
f 8915 8918 8928
f 8926 8929 8902
f 8930 8919 8917
f 8929 8921 8903
f 8931 8904 8919
f 8932 8906 8905
f 8933 8907 8904
f 8934 8909 8935
f 8910 8920 8936
f 8937 8922 8938
f 8939 8924 8940
f 8940 8925 8941
f 8942 8926 8922
f 8943 8927 8932
f 8925 8928 8944
f 8942 8945 8929
f 8946 8930 8927
f 8945 8947 8921
f 8948 8931 8930
f 8949 8932 8924
f 8950 8933 8931
f 8951 8935 8952
f 8920 8953 8954
f 8953 8920 8933
f 8935 8921 8947
f 8955 8956 8942
f 8957 8943 8949
f 8941 8944 8958
f 8956 8959 8945
f 8960 8946 8943
f 8959 8961 8947
f 8962 8948 8946
f 8963 8949 8939
f 8964 8950 8948
f 8965 8952 8966
f 8953 8967 8968
f 8967 8953 8950
f 8952 8947 8961
f 8955 8937 8969
f 8970 8971 8939
f 8972 8941 8973
f 8974 8955 8975
f 8976 8977 8971
f 8970 8973 8978
f 8974 8979 8956
f 8980 8981 8957
f 8973 8958 8982
f 8979 8983 8959
f 8984 8960 8957
f 8983 8985 8961
f 8986 8962 8960
f 8977 8980 8963
f 8987 8964 8962
f 8988 8966 8989
f 8967 8990 8991
f 8990 8967 8964
f 8966 8961 8985
f 8992 8993 8979
f 8994 8981 8980
f 8978 8982 8995
f 8993 8996 8983
f 8997 8984 8981
f 8996 8998 8985
f 8999 8986 8984
f 9000 9001 8980
f 9002 8987 8986
f 9003 8989 9004
f 8990 9005 9006
f 9005 8990 8987
f 8989 8985 8998
f 8992 8974 9007
f 9008 9000 8977
f 8976 8978 9009
f 9010 9011 8996
f 9012 9013 8997
f 9011 9014 8998
f 9013 9015 8999
f 9016 9017 9001
f 9018 9002 8999
f 9019 9004 9020
f 9005 9021 9022
f 9021 9005 9002
f 9004 8998 9014
f 9023 8992 9024
f 9025 9016 9000
f 9008 9009 9026
f 9023 9010 8993
f 9017 9012 8994
f 9009 8995 9027
f 9028 9029 9014
f 9030 9015 9013
f 9031 9032 9017
f 9033 9018 9015
f 9034 9020 9035
f 9021 9036 9037
f 9036 9021 9018
f 9020 9014 9029
f 9038 9023 9039
f 9040 9031 9016
f 9025 9026 9041
f 9038 9042 9010
f 9032 9043 9012
f 9026 9027 9044
f 9042 9028 9011
f 9045 9013 9012
f 9046 9047 9032
f 9048 9033 9030
f 9049 9035 9050
f 9036 9051 9052
f 9051 9036 9033
f 9035 9029 9053
f 9054 9038 9055
f 9056 9046 9031
f 9040 9041 9057
f 9058 9042 9038
f 9047 9059 9043
f 9041 9044 9060
f 9058 9061 9028
f 9062 9045 9043
f 9061 9053 9029
f 9063 9030 9045
f 9051 9064 9065
f 9064 9051 9048
f 9050 9053 9066
f 9067 9054 9068
f 9069 9070 9046
f 9056 9057 9071
f 9072 9058 9054
f 9073 9059 9047
f 9057 9060 9074
f 9072 9075 9061
f 9076 9062 9059
f 9075 9066 9053
f 9077 9063 9062
f 9070 9078 9047
f 9079 9048 9063
f 9080 9050 9081
f 9082 9067 9083
f 9084 9085 9070
f 9069 9071 9086
f 9087 9072 9067
f 9088 9073 9078
f 9071 9074 9089
f 9090 9075 9072
f 9091 9076 9073
f 9090 9092 9066
f 9093 9077 9076
f 9085 9094 9078
f 9095 9079 9077
f 9096 9081 9097
f 9064 9098 9099
f 9098 9064 9079
f 9081 9066 9092
f 9100 9087 9082
f 9101 9088 9094
f 9086 9089 9102
f 9103 9090 9087
f 9104 9091 9088
f 9103 9105 9092
f 9106 9093 9091
f 9107 9108 9094
f 9109 9095 9093
f 9110 9097 9111
f 9098 9112 9113
f 9112 9098 9095
f 9097 9092 9105
f 9114 9082 9115
f 9116 9107 9085
f 9084 9086 9117
f 9118 9119 9103
f 9120 9104 9101
f 9119 9121 9105
f 9122 9106 9104
f 9123 9124 9108
f 9125 9109 9106
f 9126 9111 9127
f 9112 9128 9129
f 9128 9112 9109
f 9111 9105 9121
f 9130 9114 9131
f 9132 9123 9107
f 9116 9117 9133
f 9118 9100 9114
f 9134 9101 9108
f 9117 9102 9135
f 9136 9137 9121
f 9138 9122 9120
f 9139 9140 9124
f 9138 9141 9125
f 9142 9127 9143
f 9128 9144 9145
f 9144 9128 9125
f 9127 9121 9137
f 9146 9130 9147
f 9148 9139 9123
f 9132 9133 9149
f 9150 9118 9130
f 9151 9134 9124
f 9133 9135 9152
f 9150 9136 9119
f 9153 9120 9134
f 9154 9155 9140
f 9156 9157 9141
f 9158 9159 9160
f 9161 9162 9163
f 9161 9144 9141
f 9159 9164 9165
f 9166 9146 9167
f 9168 9154 9139
f 9168 9169 9170
f 9171 9150 9146
f 9155 9172 9151
f 9169 9173 9174
f 9171 9175 9136
f 9172 9176 9153
f 9175 9164 9137
f 9176 9156 9138
f 8838 9177 8873
f 8847 8862 9178
f 8870 8869 9179
f 9178 9180 8831
f 9181 9177 8868
f 9182 9178 8862
f 8836 8868 9177
f 8753 8762 9183
f 9184 8661 7666
f 9185 8788 7373
f 8661 7380 7379
f 8661 9184 9185
f 8753 9186 9187
f 9188 8754 9187
f 8668 8663 7669
f 9177 9181 9189
f 8663 8668 8821
f 8873 8812 9188
f 9186 9183 9190
f 8871 9190 8834
f 9188 8237 8236
f 8237 9188 8812
f 8237 8670 7954
f 9186 8871 8874
f 9191 9192 9193
f 9194 9195 9196
f 9197 9194 9198
f 8524 8596 9199
f 9200 8591 8599
f 9201 9202 9203
f 9203 9202 9204
f 9205 8598 8597
f 9206 8597 8591
f 9207 8630 8560
f 9208 8595 8598
f 8519 9209 9210
f 9199 8596 8595
f 9211 9208 9205
f 9211 9212 9199
f 9201 9210 9213
f 9214 9200 9215
f 9216 9199 9212
f 9217 9218 9202
f 9202 9218 9219
f 9220 9207 9204
f 9221 9205 9206
f 9222 9206 9200
f 9223 9224 9221
f 9223 9222 9214
f 9224 9225 9211
f 9225 9226 9212
f 9217 9213 9227
f 9228 9214 9229
f 9230 9212 9226
f 9231 9232 9218
f 9219 9218 9232
f 9233 9234 9220
f 9235 9236 9232
f 9233 9232 9236
f 9237 9238 9234
f 9239 9240 9224
f 9241 9239 9223
f 9242 9225 9224
f 9243 9226 9225
f 9231 9227 9244
f 9241 9228 9245
f 9226 9243 9246
f 9244 9247 9248
f 9249 9250 9241
f 9243 9251 9252
f 9253 9236 9235
f 9237 9236 9253
f 9254 9255 9238
f 9256 9257 9240
f 9250 9256 9239
f 9258 9242 9240
f 9251 9243 9242
f 9259 9260 9258
f 9261 9251 9258
f 9248 9247 9262
f 9263 9264 9250
f 9251 9261 9265
f 9266 9267 9253
f 9254 9253 9267
f 9268 9269 9255
f 9270 9259 9257
f 9264 9270 9256
f 9261 9260 9271
f 9272 9265 9261
f 9273 9274 9275
f 9276 9277 9274
f 9278 9279 9280
f 9274 9281 9282
f 9282 9281 9283
f 9284 9283 9285
f 9286 9287 9288
f 9289 9285 9290
f 9291 9290 9292
f 9292 9293 9294
f 9295 9292 9296
f 7406 9297 8662
f 8896 8669 7669
f 8877 8886 8881
f 8886 8877 8786
f 9298 8786 9299
f 8803 8800 8772
f 9300 9301 9302
f 8807 8806 9302
f 9303 9266 9262
f 8879 8890 8892
f 8879 9304 8884
f 8901 8674 7954
f 8882 9305 8894
f 9305 8882 8768
f 8898 8768 9306
f 8801 8795 8776
f 9307 8816 8827
f 9192 9191 8827
f 8823 8802 9307
f 8792 8816 9307
f 8780 8884 9304
f 8810 8799 8798
f 8865 8845 8844
f 8829 8828 9308
f 9309 9310 8861
f 8820 9311 9309
f 9182 9312 9180
f 9190 8797 9313
f 9314 9267 9266
f 9315 9316 8845
f 9317 9318 8850
f 9319 9320 8845
f 9321 9322 8855
f 9318 9323 8858
f 9324 9325 8853
f 9322 8864 8856
f 9326 9317 8849
f 9325 8857 8856
f 8799 8810 9327
f 9290 9328 9293
f 8809 8822 9327
f 9285 9329 9328
f 9268 9267 9314
f 9330 9331 9269
f 9264 9263 9332
f 9270 9264 9333
f 9334 9335 9259
f 9323 9288 9287
f 9336 9337 9338
f 9336 9339 9340
f 8834 9313 9341
f 9342 9286 9343
f 9344 9345 9346
f 9345 9347 9348
f 9347 9349 9350
f 9349 9351 9352
f 9351 9353 9354
f 9355 9356 9158
f 9357 9142 9356
f 9358 9110 9126
f 9359 7261 6706
f 9360 6706 6705
f 9361 6705 6704
f 6704 6703 9362
f 6703 6863 9363
f 6863 6862 9364
f 9364 6862 6702
f 9365 6697 6696
f 9365 6804 6566
f 9366 6682 6803
f 9366 6698 9367
f 9368 6855 6681
f 3603 328 9369
f 9370 6085 6071
f 9371 9372 6500
f 9373 6188 9372
f 9374 6217 6164
f 9375 6218 6217
f 9376 6234 6218
f 9376 6210 6213
f 6221 6236 9377
f 9378 6221 9379
f 6340 6319 9380
f 6309 6346 9381
f 9382 6356 9383
f 9384 6372 6356
f 6365 6390 9385
f 6390 6413 9386
f 6440 6424 9386
f 9387 6440 9388
f 6432 6459 9389
f 9389 6459 6467
f 9390 6467 6482
f 6491 6490 9391
f 6481 6466 9392
f 9392 6466 6458
f 9393 6442 6454
f 9393 9394 6433
f 6408 6425 9395
f 6380 6408 9396
f 6414 6391 9397
f 6391 6366 9398
f 6342 6358 9398
f 9399 6312 6342
f 9399 6308 9400
f 9401 6226 6229
f 9402 6227 6226
f 9403 6225 6227
f 6209 9404 9405
f 6224 6223 9405
f 6208 6231 9406
f 6230 6497 9407
f 6497 6496 9408
f 6085 9370 9409
f 9410 9409 9411
f 9412 7315 7335
f 9413 7344 7302
f 9413 7350 8908
f 8908 8934 9414
f 9354 9353 9415
f 9416 9415 9417
f 7266 9359 9360
f 7267 9360 9361
f 6689 9361 9418
f 9418 9362 6556
f 9362 9363 6557
f 9363 9364 9419
f 9419 9364 9420
f 6804 9365 9421
f 6697 9365 9422
f 6698 9366 9422
f 6682 9366 9423
f 9424 6090 6130
f 9425 6133 6131
f 9426 6134 6133
f 9371 9427 9428
f 9429 9373 9371
f 6207 9374 9430
f 9375 9374 6207
f 6210 9376 9375
f 9376 9377 6236
f 6212 9379 9377
f 6215 9431 9379
f 6309 9432 9380
f 9432 9381 9383
f 6348 9382 9381
f 9384 9382 6348
f 6372 9384 9385
f 9385 9386 6424
f 9388 9386 6413
f 9433 9388 6416
f 9433 9389 6451
f 9389 9390 6473
f 6473 9390 9391
f 9434 9391 9435
f 9436 9392 6461
f 6461 9392 9437
f 9394 9393 9437
f 6442 9393 9395
f 9396 9395 6433
f 9438 9396 6417
f 9438 9397 6374
f 9397 9398 6358
f 9439 9398 6366
f 6308 9399 9439
f 6312 9399 9440
f 9401 9441 6214
f 9402 9401 6211
f 9403 9402 6294
f 9403 9405 6223
f 9442 9405 9404
f 9442 9406 6192
f 6157 9443 9407
f 6158 9407 9408
f 6136 6134 9426
f 9444 9445 9446
f 9447 9446 9448
f 9449 9448 9450
f 9451 9452 9453
f 9454 9453 9455
f 9456 9455 9457
f 9457 9458 9459
f 9458 9460 9461
f 7301 9412 9462
f 7350 9413 9462
f 7344 9413 9463
f 9463 9414 8918
f 9344 9464 9318
f 9345 9344 9317
f 9326 8854 9347
f 8854 8864 9349
f 9351 9349 8864
f 9142 9357 9465
f 9353 9351 9322
f 9353 9321 8844
f 9466 9467 9468
f 9173 9469 9470
f 9135 9357 9355
f 7319 7318 9471
f 7318 7337 9472
f 7337 7352 9473
f 9474 9473 7352
f 9475 9474 8911
f 9476 9475 8936
f 9477 9476 8954
f 9478 9477 8968
f 9479 9478 8991
f 9480 9479 9006
f 9481 9480 9022
f 9482 9481 9037
f 9483 9482 9052
f 9484 9483 9065
f 9485 9484 9099
f 9486 9485 9113
f 9487 9486 9129
f 9488 9487 9145
f 9489 9490 9467
f 9417 9415 8844
f 9189 8748 8812
f 8802 8791 8790
f 9491 8805 8804
f 9181 8749 8748
f 8749 9181 9492
f 8752 8751 8793
f 8821 8787 9492
f 8811 8798 8796
f 8804 8774 8760
f 8821 8868 9180
f 9312 8781 8863
f 8782 8781 9312
f 8782 9182 9493
f 8808 8794 8793
f 9306 8770 8791
f 9494 8796 8798
f 9184 8773 9493
f 9299 8774 8804
f 9184 8862 8861
f 9310 8788 9185
f 8789 8788 9310
f 8766 8765 8796
f 8789 9309 9311
f 8758 8757 9311
f 8758 8820 8819
f 8818 9495 9496
f 9491 9497 9498
f 8798 8797 8785
f 8763 8785 8797
f 8763 9190 9183
f 8819 9496 8783
f 8813 8808 8800
f 8826 8811 8795
f 8780 8752 8792
f 9259 9335 9271
f 9499 9333 9332
f 9500 9334 9333
f 8869 8860 8872
f 9501 8859 8858
f 8840 9502 9417
f 9335 9334 9500
f 9503 9504 9502
f 9179 8869 9505
f 8859 9501 9506
f 9501 9500 9499
f 9179 9506 9499
f 8851 8859 9505
f 8867 8851 8872
f 9337 9340 9507
f 9337 9296 9294
f 9508 9509 9510
f 9511 9512 9509
f 9513 9512 9511
f 9514 9513 9515
f 9516 9514 9517
f 9518 9516 9519
f 9520 9518 9521
f 9522 9520 9343
f 9523 9524 9525
f 9278 9342 9521
f 9508 9525 9526
f 9524 9527 9528
f 9283 9529 9329
f 9529 9283 9281
f 9530 9526 9525
f 9526 9530 9531
f 9532 9531 9533
f 9533 9534 9535
f 9511 9526 9532
f 9517 9515 9532
f 9536 9535 9519
f 9281 9274 9277
f 9534 9280 9279
f 9521 9519 9535
f 9313 8799 9537
f 8833 9324 8867
f 9324 8833 8832
f 9325 8832 8837
f 8842 8866 8857
f 9308 9319 8866
f 8828 9320 9319
f 9538 9315 9320
f 9340 9339 9341
f 9537 9327 9507
f 8822 9295 9507
f 9295 8822 9193
f 9192 9289 9291
f 9289 9192 9539
f 9284 9539 8825
f 9275 9282 8825
f 8824 9302 9301
f 8759 8779 9497
f 8814 9540 9498
f 9540 8814 8805
f 8818 9499 9541
f 9542 9471 9543
f 9471 9472 9544
f 9472 9473 9545
f 9336 9503 8840
f 9546 9545 9473
f 9547 9546 9474
f 9548 9547 9475
f 9549 9548 9476
f 9550 9549 9477
f 9551 9550 9478
f 9552 9551 9479
f 9553 9552 9480
f 9554 9553 9481
f 9555 9554 9482
f 9556 9555 9483
f 9557 9556 9484
f 9558 9557 9485
f 9559 9558 9486
f 9560 9559 9487
f 9561 9522 9288
f 9464 9561 9323
f 9339 9562 8835
f 8839 9562 9339
f 9538 8835 9562
f 9316 9315 9562
f 9563 9080 9096
f 9563 9060 9044
f 9564 9034 9049
f 9564 9027 8995
f 9565 9003 9019
f 9566 8988 9003
f 9567 8965 8988
f 9568 8951 8965
f 9060 9563 9569
f 9080 9563 9570
f 9027 9564 9570
f 9034 9564 9571
f 8982 9565 9571
f 8958 9566 9565
f 8944 9567 9566
f 8928 9568 9567
f 9569 9096 9110
f 9357 9135 9102
f 9414 8934 8951
f 9074 9569 9358
f 8918 9414 9568
f 9089 9358 9465
f 9500 9501 9287
f 9300 9572 9331
f 9330 9314 9301
f 9314 9303 9273
f 9273 9303 9573
f 9574 9272 9575
f 9575 9271 9342
f 9271 9335 9286
f 9576 9577 9578
f 9577 9579 9580
f 9579 9581 9582
f 9514 9516 9582
f 9513 9514 9583
f 9512 9513 9584
f 9585 9509 9512
f 9585 9586 9587
f 9195 9576 9588
f 9589 9590 9155
f 9591 9592 9157
f 9356 9143 9159
f 9144 9161 9593
f 9162 9161 9157
f 9143 9137 9164
f 9594 9166 9595
f 9596 9589 9154
f 9148 9149 9169
f 9594 9597 9171
f 9590 9598 9172
f 9149 9152 9173
f 9597 9599 9175
f 9598 9600 9176
f 9599 9165 9164
f 9600 9591 9156
f 9469 9158 9601
f 9152 9355 9469
f 9602 9488 9593
f 9603 9560 9488
f 9504 9489 9466
f 9604 9346 9605
f 9584 9583 9606
f 9604 9198 9464
f 9580 9582 9516
f 9198 9196 9561
f 9607 9416 9608
f 9196 9588 9522
f 9350 9352 9609
f 9354 9416 9607
f 9578 9580 9518
f 9586 9585 9610
f 9348 9350 9611
f 9352 9354 9612
f 9509 9585 9613
f 9583 9582 9581
f 9346 9348 9614
f 9502 9466 9608
f 9610 9584 9615
f 9588 9578 9520
f 9572 9300 8815
f 9616 9617 9618
f 9619 9620 9621
f 9622 9623 9624
f 9623 9625 9626
f 9627 9626 9625
f 9628 9629 9630
f 9631 9628 9632
f 9633 9634 9635
f 9634 9633 9636
f 9637 9638 9639
f 9636 9640 9641
f 9642 9643 9644
f 9645 9646 9647
f 9648 9649 9650
f 9635 9651 9652
f 9643 9653 9654
f 9655 9648 9656
f 9640 9636 9633
f 9657 9658 9659
f 9651 9660 9661
f 9638 9637 9662
f 9663 9647 9664
f 9665 9666 9646
f 9666 9665 9667
f 9642 9659 9668
f 9652 9661 9669
f 9641 9640 9670
f 9671 9672 9643
f 9673 9674 9675
f 9652 9676 9628
f 9672 9677 9653
f 5827 5824 5823
f 5829 5823 9678
f 5835 5829 6912
f 5838 5835 6886
f 5841 5838 6884
f 6880 5844 5841
f 6915 5847 5844
f 5850 5847 6915
f 5855 5850 6911
f 9679 5855 6910
f 9680 5860 6905
f 9681 5863 9682
f 5866 9681 6900
f 9683 5866 6897
f 9684 5824 5827
f 5876 9684 5873
f 5879 5880 5876
f 9685 5880 5879
f 5888 5927 5886
f 5893 5888 5885
f 5895 5897 5893
f 5927 9685 5883
f 6907 6905 5860
f 5985 5983 5915
f 5918 5911 5910
f 5903 5902 5901
f 9686 5964 5900
f 5976 5912 9687
f 5933 5921 5920
f 5935 5922 5921
f 5837 5911 9687
f 5966 5909 5908
f 5878 5916 5924
f 5967 5908 5907
f 5964 7254 7255
f 9688 6660 5906
f 5931 5920 9689
f 5981 5913 5912
f 5985 5914 5913
f 5882 5924 9689
f 5979 5928 5916
f 5972 5910 5909
f 5902 9690 5865
f 5983 5979 5917
f 5959 5901 9691
f 6660 5970 5907
f 9692 9693 9694
f 9695 9696 9697
f 9698 9699 9700
f 9701 9702 9703
f 9704 9705 9706
f 9707 9708 9709
f 9710 9692 9711
f 9712 9713 9714
f 9713 9707 9715
f 9716 9710 9717
f 9718 9719 9720
f 9721 9722 9723
f 9724 9725 9726
f 9727 9728 9729
f 9721 9718 9730
f 9731 9703 9732
f 9733 9734 9735
f 9736 9737 9698
f 9738 9739 9740
f 9741 9742 9743
f 9744 9745 9746
f 9747 9748 9739
f 9749 9750 9748
f 9745 9751 9752
f 9753 9754 9700
f 9755 9706 9756
f 9757 9758 9708
f 9759 9760 9713
f 9760 9757 9707
f 9761 9719 9718
f 9762 9763 9721
f 9764 9724 9765
f 9733 9766 9729
f 9767 9718 9721
f 9766 9735 9768
f 9769 9736 9754
f 9770 9741 9771
f 9772 9696 9749
f 9773 9774 9775
f 9776 9777 9778
f 9779 9780 9781
f 9782 9783 9784
f 9785 9786 9774
f 9787 9788 9789
f 9790 9791 9792
f 9793 9794 9795
f 9796 9781 9797
f 9798 9799 9800
f 9801 9802 9776
f 9788 9803 9804
f 9805 9784 9806
f 9792 9807 9808
f 9809 9810 9811
f 9812 9813 9814
f 9815 9816 9809
f 9813 9817 9818
f 9819 9820 9778
f 9782 9805 9821
f 9822 9790 9823
f 9799 9798 9795
f 9798 9824 9825
f 9826 9801 9820
f 9821 9805 9827
f 9823 9808 9828
f 7256 5853 5854
f 6860 6136 9829
f 6860 9830 9831
f 9832 9833 9834
f 9835 9836 9837
f 9838 9839 9840
f 9841 9837 9842
f 9843 6083 6089
f 9829 9426 6093
f 9843 9840 4068
f 4069 275 6083
f 9844 9842 9833
f 6095 6162 9845
f 9846 9847 9848
f 9849 4075 3692
f 9458 9850 9849
f 9457 9851 9850
f 9851 9457 9455
f 9852 6248 6109
f 9853 6110 6109
f 9854 9845 6162
f 6102 6105 6142
f 6101 6105 6102
f 6098 6101 6099
f 6091 6090 9855
f 6090 9424 9856
f 9410 6132 6082
f 9857 6158 9858
f 9855 9856 6129
f 4087 296 6096
f 7257 5854 9679
f 9859 9860 5869
f 9860 9861 5870
f 9691 5870 9861
f 7255 5905 5853
f 9862 5961 9863
f 7250 6027 6665
f 9864 6054 6027
f 6135 6086 6077
f 9865 6079 6077
f 9866 9455 9453
f 6087 9831 9867
f 6073 6131 6133
f 6727 6639 9868
f 6663 6659 9688
f 5968 6659 9869
f 7253 6665 9869
f 9870 9846 9832
f 9871 6639 6727
f 5960 9848 9847
f 6896 9872 6894
f 9873 6908 6910
f 6931 6941 9874
f 9875 6951 6945
f 6990 9876 6981
f 6993 6998 9877
f 7024 7030 6990
f 7050 6998 6993
f 7040 7079 7030
f 7084 7050 7032
f 7108 7079 7040
f 7080 9878 7084
f 7091 7094 9878
f 7120 7108 7073
f 7107 7120 9879
f 7094 9880 7140
f 9880 7142 7159
f 9881 9879 7164
f 9882 7164 7183
f 7159 7142 7189
f 7231 7167 7191
f 7198 7227 7187
f 7202 7169 7186
f 7189 7188 7196
f 7204 7248 7249
f 7224 7191 9883
f 7225 9883 7183
f 9884 9453 9452
f 7258 9679 6908
f 6893 9859 9683
f 7254 9688 5905
f 5961 9691 9885
f 9886 4153 4152
f 9847 9846 9870
f 9887 6128 6094
f 6132 6075 6084
f 6128 9887 9888
f 6194 9852 6106
f 9445 9444 9889
f 9831 9830 9845
f 6141 6155 6194
f 6848 9890 9891
f 9831 9854 9892
f 9893 6847 6495
f 6847 9893 9894
f 9895 6500 6499
f 9856 9370 9369
f 9424 9409 9370
f 9409 9424 9888
f 9887 9425 9411
f 9425 9887 6093
f 9865 6088 9896
f 9830 9829 9897
f 9898 9427 6500
f 9427 9898 9899
f 9900 6496 9428
f 9901 9408 6496
f 9408 9901 9902
f 9902 9903 9904
f 9867 9892 6139
f 9905 9906 9907
f 6138 9896 6088
f 5942 5949 9835
f 9450 9908 9909
f 9908 9450 9448
f 6853 9835 9841
f 9910 9448 9446
f 9911 9446 9445
f 6854 9841 9844
f 9912 9913 9914
f 9915 9916 9917
f 9916 9915 9918
f 9919 9920 9921
f 9922 9923 9920
f 9923 9922 9924
f 9925 9913 9912
f 9423 9367 9926
f 9927 4172 4171
f 4068 9840 9928
f 9840 9839 5952
f 9929 9930 9931
f 9932 9836 5952
f 9933 9934 9927
f 9935 9931 9936
f 9937 9938 9939
f 9940 9933 9941
f 9940 9942 9938
f 9943 9944 9945
f 6859 4235 4278
f 9946 9939 9944
f 9941 9927 9947
f 9942 9941 9948
f 9949 9925 9924
f 9912 9950 9951
f 9952 9924 9922
f 9953 9922 9919
f 9954 9837 9836
f 9837 9954 9955
f 9956 9919 9918
f 9957 9918 9915
f 9958 9959 9960
f 9961 9960 9962
f 6050 9963 9964
f 6049 9965 9963
f 9966 9965 6049
f 6054 9864 9967
f 9967 9864 6657
f 6657 6656 9968
f 9969 9970 9959
f 6793 1022 4201
f 6494 6793 9971
f 6048 9972 9973
f 6043 9974 9975
f 6046 9973 9974
f 6048 6494 9976
f 9977 9978 9979
f 6061 9980 9978
f 6060 6064 9980
f 9970 9969 9951
f 9981 9951 9950
f 9982 9950 9914
f 5957 9847 9983
f 9913 9984 9985
f 9986 9929 9935
f 9886 9934 9933
f 9987 9935 9988
f 9989 9937 9946
f 9990 9933 9940
f 9991 9940 9937
f 9992 9943 9988
f 9993 9946 9943
f 9938 9942 9994
f 9995 9833 9842
f 9996 9834 9833
f 9834 9996 9997
f 9997 6140 9998
f 9999 10000 9930
f 9939 9938 10001
f 9939 10002 10003
f 9944 10003 10004
f 9945 10004 10005
f 10005 10004 9926
f 10006 10007 9914
f 10008 6045 6042
f 10008 6792 6047
f 6062 6059 10009
f 6060 6059 6569
f 9977 6065 10009
f 6792 6869 6493
f 9959 6631 6634
f 9960 6634 6643
f 9970 9868 6631
f 9962 6643 6065
f 10006 6648 6673
f 10007 6673 7252
f 6868 1064 4238
f 6869 6868 6790
f 9982 7252 7251
f 9981 7251 9868
f 6648 6699 6567
f 10002 10001 6856
f 9862 10010 9848
f 10011 6852 10010
f 9832 9846 10012
f 9836 9835 5949
f 10013 9984 9913
f 10000 9999 9907
f 9997 9996 9896
f 9901 9930 10000
f 9930 9901 9900
f 9995 10014 9896
f 10014 9995 9955
f 9931 9900 9899
f 9936 9899 9898
f 6079 9865 10014
f 9992 9898 9895
f 10015 9955 9954
f 9894 9989 9993
f 6079 10015 10016
f 10017 6078 6080
f 9838 6089 6078
f 10016 9954 9932
f 9839 9838 10017
f 9893 9991 9989
f 9891 9990 9991
f 9990 9891 9890
f 10018 9903 9906
f 9452 9451 10019
f 6736 10020 10021
f 6733 10020 10022
f 10023 10022 10024
f 10025 10026 10024
f 10027 10028 10026
f 10029 10030 10028
f 10031 10032 10030
f 10033 10032 10031
f 10033 10034 10035
f 10026 6741 10036
f 10020 6733 10037
f 6747 10038 10030
f 6808 6747 10032
f 6734 6733 10023
f 10028 6744 6741
f 10038 6744 10028
f 10039 10023 10036
f 6808 10035 10040
f 9903 9902 10000
f 10041 10042 10043
f 9929 9986 10041
f 10044 9907 9999
f 10045 9907 10044
f 9986 10046 10042
f 10046 9986 9987
f 10001 9994 6857
f 9994 9948 6858
f 9948 9947 6859
f 10003 10002 6855
f 9368 9926 10004
f 6699 10047 9926
f 10048 10049 9984
f 10050 10051 10052
f 10053 10046 10005
f 10054 10052 10055
f 10047 10006 9985
f 10056 9998 10050
f 10057 9834 10056
f 10053 9985 9984
f 6699 6648 10006
f 10046 10053 10049
f 10010 6854 10012
f 10048 10043 10042
f 10051 9968 6656
f 6669 10055 10052
f 10055 6669 6667
f 10058 6667 6661
f 5962 10059 10060
f 10059 5962 9686
f 5899 10061 10062
f 10061 5899 5856
f 5859 10063 10064
f 9680 10065 10063
f 9923 9951 9969
f 9920 9969 9958
f 9921 9958 9961
f 9979 9917 9916
f 9978 9911 9917
f 9980 9910 9911
f 6064 9908 9910
f 7227 7217 7170
f 7248 10066 7149
f 7149 10066 10067
f 7098 7135 10067
f 7067 7098 10068
f 10069 10070 7057
f 10070 10071 7020
f 10071 10072 6970
f 6970 10072 10073
f 10074 10075 6920
f 6903 6920 10075
f 10065 9680 6904
f 9908 6064 9975
f 9974 9884 9909
f 9973 9866 9884
f 9972 9851 9866
f 9972 9976 9850
f 9976 9971 9849
f 9461 3691 4348
f 7181 7207 7203
f 7184 7165 10066
f 7146 9882 9883
f 10058 9870 10057
f 9870 10058 10060
f 10059 5958 9983
f 10059 10062 5904
f 5943 5942 6853
f 5934 5943 6852
f 5935 5934 10011
f 7208 7207 7222
f 7216 7215 7221
f 7215 7226 7208
f 7226 7200 7209
f 7200 7246 7201
f 7246 7245 7218
f 7237 7218 7245
f 7241 7230 7238
f 7223 7197 7238
f 7233 7235 7197
f 7240 7192 7235
f 7240 7228 7193
f 7228 7210 7213
f 7205 7213 7210
f 7165 7122 10067
f 10068 10067 7122
f 7100 7099 10069
f 10070 10069 7099
f 7066 7018 10071
f 7018 6966 10072
f 10076 10073 10072
f 10075 10074 6916
f 10077 10075 10078
f 5863 10065 10079
f 10065 5863 5862
f 10063 5862 5865
f 9690 10061 10064
f 10061 9690 5904
f 5922 5935 9863
f 9885 9861 5923
f 5895 5923 9861
f 5897 5895 9860
f 9859 6893 5898
f 6892 6943 6961
f 10080 6961 6943
f 7009 10081 6992
f 7009 6991 7031
f 7062 7015 7031
f 7046 7078 10082
f 7078 7107 7092
f 9881 7137 7092
f 7137 9881 9882
f 9925 9949 10083
f 10044 10043 10084
f 10085 10084 10043
f 10013 10083 10085
f 10086 9904 9903
f 10087 9857 9904
f 6195 6191 6156
f 6237 10088 6167
f 6497 6230 9429
f 10088 6239 6246
f 6238 6273 10089
f 6251 10090 10087
f 6291 6288 6846
f 10091 6846 6160
f 9430 6164 6188
f 6231 6230 9443
f 6232 9430 9373
f 9406 9443 6157
f 10090 6156 9857
f 6201 6244 10092
f 6200 6245 6244
f 6245 6200 6198
f 6196 6242 6241
f 6195 6250 6242
f 10090 6251 6250
f 10018 9854 10093
f 10086 10093 10094
f 9854 10018 9905
f 9892 9905 10045
f 6139 10045 10095
f 6140 10095 10084
f 10084 10085 10050
f 10083 10051 10050
f 10051 10083 9949
f 6167 6168 4324
f 10088 6193 6168
f 6239 10089 6247
f 6193 6246 9852
f 10096 6303 10097
f 6253 6243 6295
f 10098 6247 10089
f 6254 6295 6240
f 6257 6272 6249
f 6273 6249 10099
f 6256 6240 6272
f 6244 6243 10096
f 10100 6330 10101
f 10101 6330 10102
f 10103 10102 6355
f 10104 6355 6397
f 10105 6397 6404
f 10106 6404 6421
f 10107 6421 6437
f 10108 6437 6449
f 10109 6449 6471
f 10110 6471 6487
f 6487 10111 6479
f 10094 10098 10099
f 10093 6162 6110
f 9853 10098 10094
f 6247 10098 9853
f 6492 10112 6480
f 10112 10113 6474
f 6488 6486 6485
f 6474 10113 10114
f 10114 4344 698
f 6455 10110 10115
f 10110 6455 6443
f 10109 6443 6426
f 10108 6426 6409
f 10107 6409 6381
f 6375 10105 10106
f 6375 6359 10104
f 6359 6343 10103
f 10103 6343 6333
f 10101 6333 6332
f 6203 10092 10097
f 10116 9968 9949
f 9953 9967 10116
f 9956 9966 9967
f 9957 9965 9966
f 9889 9963 9965
f 9444 9964 9963
f 9964 9444 9447
f 6058 9447 9449
f 6057 9449 10019
f 9451 6037 6056
f 6037 9451 9454
f 6038 9454 9456
f 6039 9456 10117
f 6036 10117 9459
f 9459 9461 6041
f 6774 6775 6730
f 6768 6728 6777
f 6839 6771 6780
f 6764 6768 6778
f 6765 6813 10118
f 6839 6779 6872
f 6840 6872 6775
f 10119 10120 10118
f 10120 6867 6812
f 10121 6642 6809
f 6825 6809 10122
f 10123 6796 10124
f 10125 10126 6798
f 6637 6798 10126
f 10127 10126 10128
f 10124 10129 10130
f 10131 10128 10126
f 10128 10132 10133
f 10129 10134 10135
f 10132 10128 10131
f 10035 10034 10136
f 6826 10137 10138
f 6807 10040 10139
f 10140 10139 10040
f 6807 10141 10142
f 6865 10137 6826
f 6635 10134 10129
f 10124 6067 6066
f 10133 10143 10144
f 6637 10127 10145
f 10145 10127 10146
f 6067 10124 6796
f 6633 10147 10134
f 10147 6633 6632
f 10148 10149 10119
f 10150 6865 6864
f 10151 6722 9871
f 10152 10153 10154
f 10155 6726 10142
f 10156 10157 10139
f 10158 10159 10160
f 10161 10162 10163
f 10164 10132 10165
f 10166 10147 6722
f 10167 10168 10169
f 10170 10171 10172
f 10173 10174 10169
f 10175 10137 6865
f 10176 10177 10171
f 10178 10160 10179
f 10180 10181 10154
f 10149 10182 10120
f 10183 10184 10185
f 10186 10187 10188
f 10189 10174 10190
f 10191 10185 10172
f 10192 10159 10193
f 10162 10194 10195
f 10174 10189 10196
f 10197 10198 10193
f 10199 10154 10200
f 10171 10201 10202
f 10160 10203 10204
f 10205 10206 10153
f 10207 10208 10209
f 10210 10187 10209
f 10177 10211 10201
f 10154 10153 10206
f 10212 10185 10191
f 10169 10196 10213
f 10188 10187 10210
f 10214 10205 10215
f 10159 10192 10203
f 10211 10177 10163
f 10196 10216 10217
f 10210 10218 10219
f 10220 10205 10214
f 10192 10221 10222
f 10223 10211 10195
f 10224 10189 10225
f 10226 10227 10191
f 10221 10192 10198
f 10194 10228 10229
f 10189 10224 10216
f 10230 10231 10198
f 10232 10200 10233
f 10202 10201 10234
f 10203 10222 10235
f 10220 10236 10206
f 10237 10238 10208
f 10218 10210 10208
f 10211 10223 10234
f 10200 10206 10236
f 10197 10191 10227
f 10239 10240 10241
f 10242 10243 10244
f 10245 10246 10247
f 10248 10249 10250
f 10251 10252 10253
f 10254 10255 10256
f 10257 10258 10240
f 10259 10260 10261
f 10262 10263 10252
f 10264 10265 10247
f 10266 10267 10244
f 10268 10269 10258
f 10270 10268 10271
f 10272 10273 10246
f 10274 10275 10276
f 10277 10255 10276
f 10272 10278 10279
f 10280 10243 10261
f 10281 10263 10282
f 10283 10284 10250
f 10285 10286 10287
f 10288 10289 10290
f 10291 10292 10293
f 10287 10294 10295
f 10296 10297 10298
f 10299 10300 10301
f 10302 10303 10304
f 10305 10306 10286
f 10292 10291 10301
f 10307 10308 10309
f 10310 10302 10311
f 10312 10313 10314
f 10304 10303 10315
f 10311 10304 10316
f 10317 10311 10318
f 10292 10319 10320
f 10321 10288 10322
f 10323 10324 10325
f 10326 10327 10285
f 10328 10329 10300
f 10330 10309 10331
f 10332 10333 10312
f 10334 10335 10297
f 10336 10337 10331
f 10338 10295 10339
f 10333 10332 10324
f 10340 10305 10341
f 10337 10336 10288
f 10293 10320 10342
f 10343 10316 10304
f 10344 10312 10345
f 10346 10217 10216
f 10251 10216 10224
f 10347 10348 10262
f 10235 10349 10348
f 10349 10235 10222
f 10239 10222 10221
f 10231 10350 10257
f 10020 6736 6739
f 10022 6739 10351
f 6815 6794 6795
f 6816 6795 10123
f 6819 6800 6794
f 6871 1068 4578
f 10352 6827 10034
f 6800 6845 6791
f 6831 6870 6874
f 6870 6791 6845
f 6737 6736 10353
f 6789 10025 10351
f 6647 10027 10025
f 6640 10029 10027
f 10121 10031 10029
f 6825 10352 10031
f 6817 10123 10354
f 10125 10354 10130
f 10130 10135 10165
f 6827 10138 10136
f 10355 10179 10190
f 10356 10188 10162
f 10179 10204 10225
f 10188 10357 10194
f 10357 10219 10228
f 10204 10235 10347
f 10349 10241 10282
f 10358 10256 10260
f 10359 10339 10295
f 10329 10319 10292
f 10341 10305 10285
f 10298 10297 10335
f 10248 10350 10231
f 10230 10227 10249
f 10360 10361 10362
f 10281 10363 10364
f 10365 10366 10367
f 10283 10368 10369
f 10370 10371 10372
f 10280 10373 10369
f 10366 10273 10374
f 10270 10284 10375
f 10376 10364 10377
f 10277 10378 10379
f 10269 10380 10371
f 10381 10372 10382
f 10361 10383 10379
f 10384 10250 10249
f 10266 10249 10227
f 10226 10234 10267
f 10267 10234 10223
f 10229 10385 10242
f 10385 10229 10228
f 10255 10254 10386
f 10219 10358 10259
f 10333 10387 10313
f 10388 10336 10309
f 10243 10242 10385
f 10389 10293 10390
f 10391 10271 10350
f 10276 10386 10392
f 10358 10219 10218
f 10278 10246 10245
f 10386 10254 10218
f 10263 10262 10348
f 10258 10257 10350
f 10392 10386 10238
f 10278 10393 10394
f 10395 10233 10265
f 10233 10236 10245
f 10393 10245 10236
f 10396 10394 10393
f 10297 10296 10397
f 10398 10323 10322
f 10387 10333 10323
f 10330 10295 10294
f 10398 10399 10400
f 10336 10388 10289
f 10290 10401 10399
f 10401 10290 10289
f 10402 10289 10388
f 10308 10403 10404
f 10307 10405 10403
f 10307 10294 10406
f 10407 10406 10294
f 10407 10287 10286
f 10408 10286 10306
f 10397 10409 10410
f 10306 10305 10340
f 10409 10397 10296
f 10315 10411 10412
f 10411 10315 10303
f 10413 10414 10303
f 10415 10413 10302
f 10416 10301 10417
f 10301 10291 10418
f 10389 10419 10418
f 10420 10421 10419
f 10422 10314 10313
f 10423 10313 10387
f 10424 10411 10414
f 10425 10423 10400
f 10342 10426 10377
f 10427 10412 10411
f 10409 10412 10427
f 10428 10345 10390
f 10429 10430 10431
f 10432 10430 10433
f 10421 10420 10314
f 10434 10429 10435
f 10436 10437 10434
f 10438 10437 10405
f 10439 10440 10429
f 10345 10314 10420
f 10440 10433 10430
f 10441 10442 10440
f 10432 10425 10431
f 10435 10431 10400
f 10443 10435 10399
f 10402 10436 10443
f 10442 10424 10444
f 10445 10446 10433
f 10437 10438 10439
f 10425 10432 10419
f 10432 10446 10418
f 10442 10447 10433
f 10436 10402 10404
f 10415 10448 10449
f 10417 10418 10446
f 10449 10445 10447
f 10450 10441 10439
f 10413 10449 10444
f 10451 10427 10441
f 10427 10424 10442
f 10450 10438 10406
f 10437 10436 10403
f 10451 10408 10410
f 10450 10407 10408
f 10452 10380 10269
f 10452 10268 10270
f 10453 10374 10273
f 10454 10275 10274
f 10378 10277 10275
f 10453 10272 10455
f 10373 10280 10360
f 10363 10281 10456
f 10457 10375 10284
f 10260 10361 10360
f 10252 10263 10281
f 10458 10247 10366
f 10384 10244 10368
f 10240 10370 10381
f 10243 10280 10368
f 10247 10246 10273
f 10391 10250 10284
f 10252 10376 10459
f 10255 10277 10383
f 10258 10269 10370
f 10241 10381 10456
f 10256 10383 10361
f 10382 10324 10332
f 10372 10325 10324
f 10325 10372 10371
f 10321 10371 10380
f 10452 10331 10337
f 10359 10331 10452
f 10460 10375 10339
f 10326 10339 10375
f 10457 10369 10327
f 10327 10369 10373
f 10334 10341 10373
f 10461 10362 10335
f 10343 10335 10362
f 10379 10378 10316
f 10318 10316 10378
f 10462 10463 10318
f 10464 10367 10329
f 10367 10374 10319
f 10453 10320 10319
f 10426 10342 10320
f 10428 10377 10364
f 10344 10364 10363
f 10465 10215 10466
f 10209 10467 10468
f 10212 10193 10469
f 10182 10152 10181
f 10185 10184 10470
f 10177 10176 10471
f 10217 10346 10394
f 10166 10158 10178
f 10472 10161 10471
f 10174 10173 10473
f 10159 10158 10469
f 10474 10168 10167
f 10475 10170 10470
f 10164 10173 10168
f 10346 10253 10279
f 10187 10186 10467
f 10157 10176 10170
f 10476 10178 10355
f 10477 10181 10180
f 10215 10153 10152
f 10155 10184 10183
f 10175 10186 10356
f 10478 10355 10473
f 10479 10356 10161
f 10466 10149 10148
f 10467 10150 10480
f 10469 10151 10481
f 10184 10155 10482
f 10471 10176 10157
f 10173 10164 10483
f 10158 10166 10151
f 10186 10175 10150
f 10152 10182 10149
f 10448 10415 10310
f 6867 10120 10182
f 10455 10279 10253
f 10147 10166 10476
f 10140 10136 10472
f 10143 10133 10474
f 10142 10141 10475
f 10132 10164 10474
f 10459 10377 10426
f 10141 10139 10157
f 10134 10476 10478
f 10484 6867 10477
f 6726 10155 10481
f 10138 10137 10175
f 10135 10478 10483
f 10138 10479 10472
f 10448 10417 10445
f 10421 10422 10423
f 10317 10299 10416
f 10463 10328 10299
f 10328 10463 10462
f 10274 10365 10464
f 10365 10274 10485
f 10392 10264 10458
f 10237 10395 10264
f 10207 10232 10395
f 10232 10207 10486
f 10468 10180 10199
f 10487 10180 10468
f 10480 6864 10484
f 10484 6864 6810
f 6761 6811 6866
f 6811 6761 6757
f 6763 6757 6753
f 10396 10214 10213
f 10488 10213 10214
f 10489 10167 10488
f 10490 10167 10489
f 10490 10148 6721
f 6719 10144 10143
f 6627 10145 10144
f 6626 6638 10145
f 10491 6638 6626
f 6646 10491 6630
f 6644 6646 6725
f 6628 6068 6644
f 6619 6788 6068
f 6621 6823 6788
f 6724 6824 6823
f 6772 6753 6752
f 6767 6752 6760
f 6766 6760 6759
f 6833 6873 6773
f 6873 6833 6832
f 6832 6756 6770
f 10492 10493 10494
f 10495 10494 10493
f 10496 10497 10498
f 10499 10500 10494
f 10501 10502 10503
f 10504 10505 10506
f 10507 10508 10509
f 10510 10511 10512
f 10513 10501 10498
f 10505 10514 10515
f 10516 10507 10506
f 10517 10512 10518
f 10497 10519 10520
f 10521 10522 10500
f 10523 10524 10525
f 10526 10527 10528
f 10529 10530 10531
f 10532 10533 10534
f 10534 10533 10535
f 10536 10537 10538
f 10539 10540 10541
f 10542 10543 10544
f 10545 10546 10547
f 10546 10545 10548
f 10549 10550 10551
f 10525 10546 10552
f 10546 10525 10524
f 10539 10544 10553
f 10539 10554 10531
f 10537 10555 10528
f 10556 10535 10557
f 10558 10557 10559
f 10560 10551 10561
f 10559 10557 10562
f 10557 10535 10563
f 10564 10565 10566
f 10561 10567 10568
f 10554 10553 10569
f 10570 10571 10572
f 10573 10574 10575
f 10576 10577 10578
f 10579 10580 10581
f 10582 10583 10584
f 10585 10586 10587
f 10588 10532 10589
f 10590 10591 10592
f 10593 10594 10574
f 10595 10596 10577
f 10535 10533 10597
f 10598 10599 10600
f 10580 10601 10602
f 10602 10603 10582
f 10586 10604 10605
f 10576 10592 10606
f 10607 10608 10609
f 10610 10611 10612
f 10613 10614 10615
f 10616 10617 10618
f 10619 10607 10620
f 10621 10622 10623
f 10624 10625 10626
f 10615 10627 10628
f 10629 10630 10631
f 10632 10633 10611
f 10634 10618 10635
f 10636 10623 10637
f 10638 10639 10640
f 10641 10642 10643
f 10644 10638 10645
f 10646 10643 10647
f 10610 10648 10649
f 10616 10634 10650
f 10651 10621 10636
f 10624 10652 10653
f 10624 10631 10654
f 10655 10632 10610
f 10650 10634 10656
f 10636 10657 10658
f 10659 10660 10661
f 10662 10663 10664
f 10665 10666 10667
f 10668 10669 10670
f 10671 10672 10673
f 10672 10671 10674
f 10675 10676 10677
f 10675 10678 10679
f 10680 10681 10682
f 10676 10679 10683
f 10676 10661 10660
f 10684 10672 10685
f 10672 10684 10667
f 10669 10664 10663
f 10686 10682 10687
f 10661 10683 10688
f 10689 10687 10690
f 10691 10692 10665
f 10693 10694 10695
f 10696 10697 10698
f 10699 10700 10701
f 10702 10703 10704
f 10705 10706 10707
f 10708 10709 10696
f 10710 10711 10694
f 10712 10713 10697
f 10701 10714 10715
f 10716 10703 10702
f 10706 10717 10718
f 10709 10719 10712
f 10720 10721 10722
f 10723 10724 10725
f 10726 10727 10728
f 10729 10730 10731
f 10732 10720 10733
f 10734 10735 10736
f 10737 10738 10739
f 10740 10728 10741
f 10742 10743 10744
f 10745 10746 10724
f 10731 10730 10747
f 10735 10748 10749
f 10750 10751 10752
f 10753 10754 10755
f 10756 10750 10757
f 10755 10758 10759
f 10760 10723 10761
f 10762 10763 10731
f 10764 10736 10765
f 10766 10739 10767
f 10766 10744 10768
f 10745 10723 10760
f 10769 10731 10770
f 10736 10749 10771
f 10772 10773 10774
f 10775 10776 10777
f 10778 10779 10780
f 10781 10782 10783
f 10784 10785 10786
f 10787 10788 10789
f 10790 10791 10792
f 10791 10790 10793
f 10794 10795 10796
f 10791 10797 10798
f 10799 10774 10792
f 10784 10789 10800
f 10780 10779 10785
f 10782 10777 10776
f 10801 10796 10802
f 10799 10798 10803
f 10804 10802 10805
f 10800 10806 10807
f 10808 10809 10810
f 10811 10812 10813
f 10814 10815 10816
f 10817 10818 10819
f 10820 10821 10822
f 10823 10824 10825
f 10826 10827 10809
f 10828 10829 10812
f 10815 10830 10831
f 10832 10817 10816
f 10821 10833 10834
f 10825 10835 10828
f 10836 10837 10838
f 10837 10839 10840
f 10841 10842 9797
f 10840 10843 10844
f 10845 10846 10847
f 10848 10849 10850
f 10846 10845 10851
f 10837 10836 10852
f 10853 10854 10855
f 10856 10849 10848
f 10851 10845 10857
f 10858 10839 10837
f 10854 10859 10860
f 10599 9621 9620
f 10861 10862 9792
f 10527 9815 10863
f 10864 10865 10783
f 9817 9802 10866
f 10527 10867 10868
f 10869 10870 10871
f 10872 10873 10615
f 10574 10874 10875
f 10595 10606 10516
f 10595 10515 10514
f 9786 10863 10876
f 10594 10877 10874
f 10712 10719 10603
f 10715 10828 10835
f 10828 10715 10714
f 10712 10602 10601
f 10860 10859 10826
f 10831 10856 10878
f 9793 10879 10880
f 10881 10882 10660
f 10883 10884 10875
f 10885 10876 10886
f 10887 10888 10534
f 10889 10890 10607
f 10891 10563 10597
f 10892 10893 10894
f 10895 10896 10897
f 10893 10892 10898
f 10899 10900 10901
f 10902 10891 10903
f 9670 9640 9632
f 10904 10905 10906
f 10895 10907 10908
f 10901 10900 10909
f 10901 10906 10910
f 10910 10906 10905
f 9671 9668 10911
f 10912 10913 10914
f 9629 9628 9676
f 10572 10915 10916
f 9676 9669 10917
f 10918 10919 10920
f 10921 10922 10923
f 10924 10925 10896
f 10926 10927 10928
f 10929 10926 10930
f 10931 10932 10933
f 10934 10935 10920
f 10936 10934 10937
f 10938 10936 10939
f 10940 10941 10942
f 10941 10943 10944
f 10943 10945 10946
f 10947 10948 10949
f 10950 10949 10951
f 10952 10953 10954
f 10953 10955 10956
f 10956 10955 10957
f 10958 10946 10945
f 10959 10960 10961
f 10962 10842 9818
f 10963 10964 10965
f 10966 10967 10578
f 10968 10969 10970
f 10971 10972 10973
f 10974 10961 10960
f 10951 10949 10975
f 10949 10948 10976
f 10977 10978 10979
f 10980 10976 10948
f 10981 10980 10932
f 10982 10983 10972
f 10984 10985 10983
f 10985 10984 10986
f 10987 10988 10986
f 10989 10987 10990
f 10991 10989 10992
f 10993 10994 10995
f 10891 10902 10979
f 10996 10997 10979
f 10925 10924 10998
f 10999 11000 11001
f 10887 10556 10558
f 11002 10995 10994
f 11002 11003 11004
f 9675 9674 11005
f 11006 10558 11007
f 11008 11004 11009
f 11010 11011 11012
f 10562 10563 10891
f 11013 10562 10997
f 10918 10923 11014
f 10571 11015 11016
f 10913 10999 9617
f 11017 11018 9648
f 11019 11020 11021
f 11022 11015 10571
f 11023 10999 10913
f 11024 11000 10999
f 9674 9673 11025
f 11026 9674 11027
f 10589 10534 10888
f 11028 10970 10969
f 11029 11030 11031
f 11028 11031 11032
f 11033 9646 9666
f 11034 9664 9647
f 11035 9647 9646
f 11036 11037 11038
f 11039 11040 11041
f 11042 11043 11040
f 11044 10977 11043
f 9662 9637 9641
f 11045 11046 11021
f 11047 11021 11046
f 11048 11033 11049
f 11034 11035 11050
f 11050 11035 11033
f 11051 9641 11052
f 9662 11051 11049
f 11053 11010 11018
f 10924 10895 9625
f 11051 11054 11055
f 11031 11056 11057
f 11058 11059 9677
f 11030 11060 11056
f 10914 10913 9616
f 9622 10998 10924
f 11047 9616 11061
f 11062 11063 10998
f 11020 11064 11065
f 9626 9627 11066
f 11067 11068 11069
f 11018 11012 9649
f 11070 11058 9672
f 10893 11066 11071
f 11046 11045 10897
f 11014 11022 10599
f 11022 10570 9621
f 9649 9659 9658
f 9653 9661 9660
f 10570 11072 11073
f 10930 10928 11074
f 9801 11075 10866
f 11076 11077 10919
f 10952 10930 11078
f 11079 11080 11073
f 11026 11081 11080
f 11082 11083 11081
f 9674 11026 11079
f 11005 11079 11072
f 11084 11053 11017
f 10912 10998 11063
f 11085 11078 11086
f 10914 11046 10896
f 11087 10588 10970
f 11088 11089 11090
f 11091 11092 10977
f 11023 11063 11093
f 11092 11094 10978
f 10902 11040 11043
f 10933 11039 11095
f 10953 10952 11085
f 11039 10933 10947
f 11078 11074 11096
f 9624 9626 10898
f 10950 11044 11042
f 11097 11093 11063
f 11098 11091 11044
f 11099 11100 11089
f 11101 11017 9655
f 11015 11022 11014
f 10923 10922 11016
f 11102 10898 10955
f 11040 10902 11103
f 10854 10853 11104
f 11105 11106 10859
f 10967 10964 10543
f 11107 10838 11108
f 10737 11109 11110
f 11111 11112 10758
f 11113 11114 10862
f 11100 11099 10935
f 11115 11116 10935
f 10955 10898 10892
f 11117 10971 10957
f 10933 10932 10948
f 10808 11118 11119
f 10904 10982 10971
f 11120 11115 10934
f 10936 10938 11121
f 11122 10841 9781
f 11123 9624 11102
f 9617 11001 11124
f 11125 10743 10742
f 10767 10726 10740
f 11126 11127 10733
f 11128 10733 11127
f 11129 10756 11130
f 11131 11132 10804
f 11132 11133 10801
f 10801 11133 11134
f 10794 11135 10810
f 10724 10746 10758
f 10754 10725 10724
f 10751 10750 11136
f 10756 11129 11136
f 10770 10747 10778
f 10807 10806 11137
f 11138 11137 10806
f 11130 10777 11139
f 11139 10777 10782
f 10782 10781 11140
f 10794 11134 11141
f 10790 10819 10818
f 11135 11141 11118
f 10951 10960 11142
f 11073 11080 11143
f 11080 11081 11144
f 11083 11145 11144
f 11146 11147 11148
f 11037 11036 11147
f 11123 11086 11062
f 11086 11096 11097
f 10909 10984 10982
f 10984 10909 10900
f 10990 10986 10900
f 10992 10990 10899
f 10938 10942 11149
f 11150 11149 10942
f 10944 10946 11151
f 10946 10958 11152
f 10993 10992 11153
f 10993 9675 10916
f 11154 11155 10939
f 10940 10939 11155
f 11156 11157 10941
f 11158 11159 10959
f 11160 11158 10945
f 10943 10941 11157
f 11159 11142 10960
f 10919 11154 10937
f 11161 11162 11007
f 9804 11163 11164
f 11165 11013 10996
f 11013 11165 11161
f 11162 11166 11167
f 11077 11164 11154
f 11168 10996 10978
f 11169 11170 11171
f 11172 11173 11174
f 11175 11169 11159
f 11176 11173 11157
f 11172 11175 11158
f 11077 11076 9789
f 11159 11169 11177
f 11160 11157 11173
f 11170 11169 11175
f 11178 11179 11175
f 11156 11155 11180
f 11168 11171 11170
f 10598 9789 11076
f 11091 11098 11142
f 11094 11092 11171
f 11164 11180 11155
f 11177 11171 11092
f 11178 11174 11166
f 11161 11179 11178
f 11181 11163 9804
f 9803 11167 11166
f 11179 11161 11165
f 11182 10915 10572
f 10915 11003 10994
f 11182 11004 11003
f 10958 10961 11183
f 11184 11183 10961
f 10812 11185 11186
f 9768 11187 11188
f 11188 11189 9728
f 10518 10512 11190
f 11190 10512 10511
f 11191 10495 9740
f 11192 10509 10508
f 11193 9738 10493
f 11194 9747 9738
f 11194 9710 9716
f 9750 9749 9696
f 11195 9750 9695
f 11196 9697 9696
f 11197 9746 11198
f 11198 9746 9752
f 11199 11200 9732
f 9735 9734 11201
f 11202 9736 9769
f 11199 11201 9734
f 9698 9737 9751
f 9699 9698 9745
f 9742 9741 9705
f 9719 9761 11203
f 9719 9765 9726
f 9715 9709 9770
f 9717 9711 9714
f 9711 9694 11204
f 10509 11192 9723
f 10504 9723 11205
f 10510 10517 10497
f 10519 10497 10517
f 11206 11207 9726
f 11208 10514 10505
f 10505 10504 11209
f 9712 10503 10502
f 10503 9712 11204
f 9760 9759 11205
f 9757 9760 11210
f 9758 9757 11211
f 9720 9726 11207
f 9706 9708 9758
f 11212 9756 11207
f 11188 9753 11213
f 9769 9753 11188
f 11214 11207 9756
f 11214 11211 9730
f 10601 10580 10966
f 10966 10580 10579
f 10542 10541 10591
f 10544 10543 10964
f 10553 10544 10963
f 10569 10553 11215
f 9785 10568 10567
f 11114 9807 9792
f 11216 9821 10862
f 9819 11217 10880
f 11218 9826 9819
f 11075 9801 9826
f 9824 9800 10866
f 11219 9800 9799
f 9776 9802 9817
f 10866 9800 11219
f 10962 11219 9797
f 10841 9814 9818
f 11220 9814 10841
f 10885 9775 9774
f 10863 9815 10886
f 10568 9785 11221
f 9808 10566 10565
f 10566 9808 9807
f 10567 10561 10868
f 10868 10561 10551
f 11222 10551 10550
f 10590 10578 10543
f 10579 10965 10964
f 10584 10545 10965
f 10586 10585 10875
f 10604 10586 10874
f 11211 11210 9722
f 11210 11205 9723
f 11223 11209 10502
f 10974 10975 11224
f 10975 10976 11225
f 11004 11182 11016
f 10922 11088 11009
f 11069 9673 11153
f 11068 11025 9673
f 11011 10911 9668
f 9659 9649 11012
f 9661 9653 9677
f 11059 10917 9669
f 11226 10905 10894
f 10905 10904 11117
f 10921 11099 11088
f 11099 10921 10920
f 10976 10980 11227
f 11228 11227 10980
f 11208 11223 10501
f 11209 11205 9759
f 9751 9737 11201
f 10717 10706 11229
f 10706 10705 11230
f 11231 10668 10871
f 10869 10682 10681
f 11232 10687 10682
f 10690 10687 11232
f 10644 11233 11234
f 11235 10645 10890
f 10608 10607 10890
f 10872 10641 10646
f 10873 10646 11236
f 11237 10628 10627
f 10631 10630 11238
f 11239 10632 10655
f 11240 10655 11241
f 11241 10649 11242
f 11238 11237 10647
f 10611 10633 10647
f 10642 10612 10611
f 10639 10638 11243
f 11244 11243 10638
f 10656 10635 10666
f 10665 10692 11245
f 11246 11245 10692
f 11233 10664 11247
f 10664 10669 11248
f 10669 10668 11249
f 10668 11231 11250
f 10671 11251 10708
f 11252 10698 10674
f 11253 11250 11231
f 10707 10718 11254
f 10593 11255 11254
f 10573 11256 11255
f 11257 11258 11256
f 10545 10584 10583
f 11258 11257 10549
f 11257 10575 10550
f 10560 11259 11260
f 11261 11259 10560
f 11262 11261 11263
f 11264 11114 11113
f 10529 10569 11113
f 9827 9806 10530
f 9785 9773 11265
f 11266 11267 11265
f 11268 9779 9796
f 9777 9776 9813
f 9810 9809 11269
f 9816 11270 11269
f 11270 9816 10526
f 9816 9815 10527
f 10863 9786 10567
f 11271 10526 10555
f 11272 10555 10537
f 10537 10536 11273
f 10536 11274 11275
f 11274 10536 10883
f 10884 10550 10575
f 11276 11275 11274
f 10587 10605 11277
f 10521 11278 11277
f 11278 10521 10499
f 10495 11191 11279
f 10496 11204 9694
f 9694 9693 10511
f 9739 11280 11281
f 9748 11282 11280
f 11282 9748 9750
f 9708 9706 9705
f 9709 9705 9741
f 11283 11284 11285
f 11286 9701 9731
f 11200 9734 9733
f 10628 10630 10629
f 10653 10613 11287
f 10609 11288 11289
f 11290 11291 10620
f 11292 10657 10637
f 11292 10688 10658
f 11291 11290 11293
f 11294 11293 11295
f 10689 11295 11296
f 10686 11296 11297
f 11298 10674 10698
f 10699 10675 11299
f 10699 10704 10678
f 11300 11301 11302
f 10693 11302 11303
f 11304 10834 10710
f 10822 10834 11304
f 11305 11306 11307
f 10819 10790 11308
f 10833 10821 11309
f 10821 10820 11310
f 11311 10788 10813
f 10823 10813 10788
f 10787 10786 10824
f 10865 10796 10795
f 10864 10802 10796
f 10805 10802 10864
f 10772 10749 10748
f 10749 10772 10803
f 11131 11312 11128
f 11313 10757 11314
f 10721 10720 11314
f 11315 10753 11316
f 11317 11316 10759
f 11112 11125 10741
f 11111 10743 11125
f 10744 10743 11111
f 11318 10745 11319
f 11319 10760 11109
f 11109 10760 11320
f 10762 10769 11321
f 11138 10748 10735
f 11130 10756 11313
f 11312 10805 10732
f 11322 11323 10775
f 10806 10800 11324
f 11324 10800 10789
f 11325 10789 10788
f 10781 11307 11306
f 11307 10781 11326
f 11327 11310 10820
f 11185 10815 10814
f 11328 10830 10815
f 11329 10650 11330
f 11246 10637 10623
f 11294 10690 10619
f 11233 10644 11235
f 10889 11331 10662
f 10881 10692 10691
f 10882 10691 10685
f 11332 10685 10674
f 11301 11300 10680
f 11300 10695 10681
f 10870 11230 10705
f 11333 10701 10700
f 10714 10701 11333
f 11202 11187 9768
f 9736 11202 11201
f 11199 11334 9752
f 11198 11334 9732
f 11335 11198 9703
f 9743 11196 9772
f 9747 11194 11336
f 9710 11194 11193
f 9692 11193 10492
f 10500 11190 11337
f 10522 11338 11190
f 9693 10492 11337
f 9772 11336 9716
f 10523 9807 11114
f 11264 11215 10524
f 11246 10881 10659
f 11237 11339 11236
f 10868 11222 10538
f 11222 10884 10883
f 11075 11218 9825
f 11215 10963 10547
f 10596 11340 10966
f 11218 10879 9793
f 11341 11242 10626
f 10660 10882 11332
f 10690 11331 10889
f 10768 11342 11109
f 11343 11314 10757
f 10711 11344 11229
f 11345 10890 10645
f 10727 11315 11317
f 10713 11346 11333
f 10622 11347 11330
f 10662 11331 11232
f 10695 11230 10870
f 10632 11239 11238
f 10694 11229 11230
f 11318 11342 10768
f 10630 10628 11237
f 10773 11348 11324
f 11239 11240 10654
f 11322 11314 10720
f 10829 11328 11185
f 10774 11324 11325
f 11245 11246 11330
f 11325 11311 11308
f 11240 11341 10625
f 10677 11332 11298
f 10697 11333 11349
f 11298 11349 10700
f 10615 10873 11339
f 11232 10869 10670
f 10865 11327 11326
f 10775 11323 10864
f 11350 11321 10735
f 11308 11311 11186
f 10805 11323 11322
f 10827 11351 11309
f 11138 11348 10773
f 10809 11309 11310
f 10745 11318 11111
f 11352 11353 10850
f 11317 11354 10741
f 11137 11138 11321
f 10795 10810 11310
f 11112 11354 10759
f 11355 11108 11105
f 11356 11352 11357
f 10834 10833 10711
f 10593 10718 10717
f 10521 10605 10604
f 10519 11358 11359
f 10926 10929 10843
f 11358 10518 11360
f 11361 11008 11090
f 11338 10522 11362
f 10522 10604 11363
f 10991 10995 11363
f 10877 10594 11364
f 10987 10989 11364
f 11365 10717 11344
f 11366 10985 10988
f 11366 10711 10833
f 11367 10833 11351
f 11351 10827 11368
f 11227 11228 11369
f 10520 10519 11370
f 11371 11116 11115
f 11372 11208 10513
f 11120 11121 11373
f 11121 11149 11374
f 11224 11225 11375
f 11184 11224 11376
f 11328 10829 11377
f 11152 11183 11377
f 11340 11346 10713
f 11151 11152 11378
f 11150 11151 11379
f 11340 10596 11374
f 11380 11381 11382
f 9810 9812 11220
f 11383 11384 11385
f 11386 9777 9812
f 11387 11388 11389
f 9782 11390 11391
f 11390 9782 11216
f 11392 11393 11394
f 11395 11381 11380
f 10861 11396 11397
f 11398 11399 11400
f 11396 10861 9791
f 11401 11402 11403
f 11404 11389 11405
f 11406 11407 11408
f 11409 11410 11383
f 11411 11394 11412
f 11399 11413 11414
f 11415 11416 11417
f 9790 11418 11419
f 11420 11421 11422
f 9790 9822 11423
f 11424 11415 11425
f 11421 11426 11427
f 11267 11266 9779
f 11428 11429 11385
f 11266 9775 9780
f 11430 11392 11411
f 11122 9780 9775
f 11431 11400 11432
f 10885 9811 11220
f 11406 11403 11433
f 11406 11434 11435
f 11436 11409 11429
f 11437 11411 11438
f 11400 11414 11439
f 11440 11441 11442
f 11443 11444 11445
f 11446 11447 11448
f 11449 11450 11451
f 11452 11453 11454
f 11455 11456 11457
f 11458 11459 11460
f 11459 11458 11461
f 11462 11463 11464
f 11459 11465 11466
f 11459 11467 11442
f 11448 11452 11457
f 11452 11448 11447
f 11450 11445 11444
f 11468 11469 11464
f 11467 11466 11470
f 11468 11471 11472
f 11473 11474 11475
f 11444 11476 11477
f 11335 11196 9743
f 11478 11479 11402
f 11480 11481 11426
f 11482 11408 11407
f 11433 11387 11404
f 9742 9744 11197
f 9704 9699 9744
f 11483 11484 11485
f 11486 11380 11485
f 11424 11487 11488
f 11489 11490 11491
f 11468 11491 11492
f 11469 11492 11493
f 11494 11495 11463
f 11383 11410 11426
f 11384 11383 11421
f 9755 11496 9699
f 11496 9755 11212
f 11416 11415 11497
f 11498 11497 11415
f 11438 11412 11446
f 11475 11474 11499
f 11500 11499 11474
f 11487 11445 11501
f 11445 11450 11502
f 11450 11449 11503
f 11462 11493 11504
f 11505 11506 11461
f 11505 11458 11507
f 11508 11456 11352
f 11353 11352 11456
f 11455 11454 11509
f 11477 11464 11463
f 11471 11464 11477
f 11510 11472 11471
f 11414 11413 11441
f 11440 11470 11439
f 11490 11489 11486
f 11511 11425 11512
f 11382 11381 11512
f 11206 11513 11514
f 11513 11206 9725
f 11515 11516 11422
f 11517 11422 11427
f 11481 11482 11405
f 11480 11408 11482
f 11434 11408 11480
f 11518 11409 11436
f 11519 11436 11428
f 11478 11428 11520
f 9724 11521 11522
f 9724 9764 11523
f 11524 11430 11437
f 11413 11399 11525
f 11487 11424 11511
f 11489 11472 11395
f 11526 11510 11443
f 11527 11474 11473
f 11473 11457 11528
f 11528 11457 11456
f 11449 11529 11530
f 11529 11449 11531
f 11532 11533 11534
f 11519 11478 11401
f 11535 11512 11425
f 11515 11517 11389
f 11518 11519 11435
f 11441 11527 11536
f 11526 11512 11381
f 11442 11536 11528
f 11528 11508 11507
f 11451 11477 11532
f 11443 11510 11476
f 11524 11525 11399
f 11508 11356 11537
f 11395 11472 11510
f 11500 11527 11441
f 11518 11480 11410
f 11284 11283 9701
f 11283 9697 9702
f 11517 11538 11405
f 11335 9702 9697
f 11499 11500 11525
f 11495 11533 11532
f 11481 11538 11427
f 11533 11355 11104
f 11355 11533 11495
f 11534 11104 10853
f 11539 11530 11529
f 11540 10850 11353
f 11107 11495 11494
f 11504 10852 10836
f 11541 11506 11505
f 11537 10847 10846
f 10838 10840 11542
f 11108 11542 11106
f 11543 10956 10973
f 10954 10956 11543
f 10929 10954 10844
f 10847 11537 11356
f 11544 11357 10850
f 10849 11545 10847
f 11542 10844 11543
f 11225 11227 11546
f 11100 11370 11359
f 11089 11359 11360
f 11361 11360 10518
f 11361 11362 11002
f 11362 11363 10995
f 10877 11547 11363
f 11547 11364 10989
f 10717 11365 11364
f 10987 11365 11548
f 11366 11548 11344
f 10985 11366 11367
f 10983 11367 11549
f 10972 11549 11368
f 11550 11551 10927
f 11116 11371 11370
f 11371 11552 10513
f 11372 11552 11115
f 11208 11372 11373
f 11373 11374 10596
f 10856 10831 10830
f 11553 11376 10830
f 11553 11377 11183
f 11378 11377 10829
f 11379 11378 10714
f 11554 11379 11346
f 11554 11374 11149
f 10859 11106 10827
f 11368 10827 11106
f 10839 11550 10843
f 10858 11551 11550
f 11555 10857 11546
f 10856 11556 11545
f 11545 11556 10857
f 11376 11375 11556
f 11375 11546 10857
f 11174 11557 11181
f 11164 11163 11176
f 11173 11176 11557
f 11163 11181 11557
f 11167 9803 9788
f 9788 9787 10887
f 9787 10600 10888
f 10600 9620 10968
f 9620 9619 10969
f 11029 10969 9619
f 11030 11029 11143
f 11145 11060 11030
f 11558 11148 11147
f 11034 11147 11036
f 9664 11036 11559
f 11560 11561 11562
f 10872 11345 10640
f 11345 10872 10614
f 10613 10609 10608
f 10639 10642 10641
f 10612 10642 10639
f 11563 11564 10617
f 11563 10616 11329
f 11347 11565 11566
f 11347 10622 11567
f 11568 11567 10622
f 10621 10651 11569
f 10653 11288 10609
f 11343 10752 10753
f 11343 11315 10727
f 10726 10722 10721
f 10767 11126 10722
f 11570 10764 11571
f 10764 11570 11572
f 11573 11350 10734
f 11573 11574 10762
f 10763 10762 11574
f 11575 11576 10729
f 10725 10754 10751
f 10754 10753 10752
f 11416 11420 11516
f 11384 11420 11416
f 11392 11577 11578
f 11392 11430 11579
f 11580 11579 11430
f 11524 11398 11581
f 11582 11581 11398
f 11582 11431 11583
f 11484 11483 11387
f 11483 11382 11388
f 11515 11388 11382
f 11515 11535 11417
f 9678 5825 6876
f 6953 6958 6879
f 6947 6953 6878
f 6936 6947 6881
f 6927 6936 6883
f 6957 6877 6876
f 6955 6887 11584
f 5884 5890 6889
f 6955 6948 6891
f 6943 6892 9872
f 6948 6890 6889
f 6932 6896 6895
f 6940 6930 6898
f 6918 6895 6899
f 6930 6929 6901
f 6957 6902 6901
f 6920 6903 11585
f 6950 6906 9873
f 6934 6945 6909
f 6959 6927 6885
f 6924 6934 6914
f 6958 6924 6913
f 6907 6906 11585
f 9874 9872 6896
f 6951 9873 6909
f 6904 6903 10077
f 9682 10079 10077
f 6893 6892 11584
f 9460 3692 3691
f 222 218 6028
f 630 641 6326
f 645 651 6293
f 6298 660 664
f 678 6291 6287
f 678 1077 6288
f 6289 1076 1079
f 9890 4113 4153
f 9934 4152 4172
f 9947 4171 4235
f 9971 4201 4075
f 7292 7286 7284
f 6324 11586 6349
f 6323 11587 11586
f 50 1 3
f 9 4 6
f 8 7 4
f 11 8 9
f 14 10 11
f 10 12 8
f 17 13 14
f 13 15 10
f 20 16 17
f 16 18 13
f 23 19 20
f 19 21 16
f 26 22 23
f 22 24 19
f 28 25 26
f 25 27 22
f 30 25 29
f 32 27 30
f 33 30 31
f 3905 32 33
f 38 34 36
f 3906 37 38
f 45 39 41
f 41 40 43
f 48 44 41
f 48 41 46
f 49 47 48
f 80 49 46
f 56 50 51
f 54 52 5
f 58 53 54
f 60 55 51
f 62 57 58
f 63 59 60
f 104 61 62
f 105 59 64
f 71 65 67
f 74 68 70
f 75 71 72
f 78 73 74
f 99 75 76
f 1125 77 78
f 1501 79 35
f 3912 80 81
f 81 46 82
f 143 82 84
f 86 85 29
f 3909 86 28
f 3909 28 87
f 87 26 88
f 88 23 89
f 89 20 90
f 96 14 91
f 93 92 6
f 3907 93 52
f 91 11 92
f 95 53 94
f 3907 52 95
f 159 90 97
f 102 65 98
f 3908 98 75
f 3908 75 100
f 106 101 103
f 65 61 66
f 70 69 64
f 170 94 106
f 896 106 107
f 107 103 109
f 109 108 111
f 111 110 113
f 122 114 116
f 120 117 119
f 127 120 121
f 117 122 118
f 124 123 122
f 125 124 117
f 126 125 120
f 134 126 127
f 132 128 124
f 134 129 131
f 139 132 125
f 139 125 133
f 133 126 131
f 138 135 132
f 130 136 131
f 140 138 139
f 5956 140 133
f 5956 133 137
f 84 141 143
f 146 144 142
f 4092 145 146
f 888 147 149
f 158 150 152
f 895 153 155
f 152 151 157
f 895 155 158
f 157 156 160
f 173 97 162
f 169 163 165
f 171 162 166
f 163 167 164
f 172 169 170
f 167 171 168
f 896 172 106
f 160 159 173
f 188 115 174
f 174 114 175
f 175 123 176
f 176 128 177
f 189 178 180
f 178 181 179
f 187 183 185
f 201 186 183
f 181 187 182
f 180 188 189
f 207 190 192
f 207 192 194
f 190 195 191
f 194 193 198
f 198 197 200
f 186 201 199
f 215 202 183
f 200 201 203
f 205 204 178
f 216 205 189
f 208 206 207
f 210 208 194
f 206 209 190
f 214 210 198
f 204 211 181
f 209 212 195
f 203 214 200
f 211 215 187
f 189 174 216
f 216 175 217
f 176 177 217
f 220 219 215
f 221 220 211
f 225 221 204
f 224 217 222
f 228 223 224
f 4347 221 226
f 205 216 224
f 229 227 220
f 232 228 222
f 4347 229 221
f 231 230 228
f 4348 231 232
f 794 233 235
f 235 234 237
f 237 236 239
f 242 240 206
f 247 241 210
f 241 242 208
f 245 214 243
f 240 244 209
f 247 210 245
f 248 245 246
f 249 247 248
f 4191 241 249
f 219 243 202
f 219 227 243
f 257 250 252
f 794 253 252
f 4205 233 255
f 871 256 258
f 873 259 261
f 3603 262 264
f 269 265 267
f 272 268 269
f 267 270 269
f 4093 272 271
f 278 273 274
f 280 275 274
f 274 276 278
f 273 279 263
f 262 280 263
f 4094 281 283
f 278 277 267
f 313 284 286
f 326 287 289
f 4083 290 292
f 285 284 294
f 291 295 292
f 290 297 291
f 293 299 294
f 305 295 298
f 297 301 298
f 299 303 300
f 343 305 302
f 309 306 308
f 337 309 311
f 351 312 314
f 319 315 317
f 325 318 319
f 284 313 320
f 321 293 320
f 322 299 321
f 323 303 322
f 308 303 324
f 309 308 310
f 337 311 325
f 289 325 326
f 326 319 327
f 4087 328 330
f 314 331 317
f 3647 266 332
f 3662 268 334
f 334 333 336
f 364 337 289
f 4130 338 340
f 301 341 302
f 356 343 342
f 311 344 318
f 355 344 310
f 322 346 323
f 320 312 349
f 354 315 345
f 320 349 321
f 312 351 348
f 323 347 324
f 365 316 354
f 353 355 324
f 321 350 322
f 371 356 357
f 4085 358 360
f 435 361 363
f 308 307 303
f 306 309 364
f 316 351 317
f 314 313 331
f 351 316 352
f 435 366 361
f 11588 368 370
f 4324 371 372
f 353 347 374
f 385 354 375
f 374 376 353
f 344 377 345
f 349 348 379
f 349 379 350
f 376 377 355
f 383 381 365
f 350 380 346
f 348 352 378
f 346 382 347
f 385 383 354
f 387 381 384
f 384 383 386
f 390 387 388
f 388 384 389
f 387 379 381
f 386 385 377
f 377 376 386
f 373 389 374
f 382 388 373
f 380 390 382
f 379 387 380
f 361 367 392
f 361 392 362
f 360 359 395
f 4115 396 357
f 4316 395 398
f 398 397 400
f 495 401 403
f 403 402 405
f 405 404 407
f 412 408 410
f 496 411 410
f 417 413 415
f 3664 416 417
f 432 418 420
f 433 421 423
f 424 397 394
f 425 399 424
f 497 401 425
f 427 404 426
f 3638 406 427
f 724 428 430
f 479 431 432
f 478 433 434
f 366 435 419
f 4317 436 438
f 474 439 441
f 498 442 444
f 4325 445 447
f 4329 448 450
f 457 451 453
f 459 454 456
f 461 457 458
f 463 459 460
f 465 461 462
f 468 463 464
f 499 465 466
f 6267 467 464
f 4327 469 444
f 453 452 470
f 458 453 471
f 472 462 471
f 466 462 473
f 450 449 474
f 454 459 475
f 438 437 463
f 438 463 370
f 11588 370 467
f 480 432 476
f 485 477 478
f 482 479 480
f 420 435 476
f 4320 481 363
f 483 480 481
f 487 482 483
f 487 484 482
f 477 485 486
f 663 487 488
f 488 483 489
f 717 490 492
f 4320 493 481
f 502 494 484
f 400 399 495
f 415 414 496
f 426 402 497
f 479 478 431
f 441 440 498
f 456 455 457
f 460 456 461
f 464 460 465
f 6267 464 499
f 482 485 479
f 486 500 477
f 663 502 487
f 11589 500 494
f 470 469 504
f 470 504 471
f 4327 506 469
f 531 507 509
f 421 433 501
f 472 510 473
f 471 505 472
f 550 512 514
f 11590 515 517
f 546 518 520
f 11591 521 523
f 543 524 526
f 507 527 508
f 515 529 516
f 507 531 533
f 11591 523 529
f 526 525 508
f 4331 534 521
f 4346 519 535
f 517 516 537
f 523 538 530
f 530 539 516
f 527 507 540
f 522 534 542
f 562 543 544
f 563 545 546
f 535 518 547
f 522 542 523
f 551 528 548
f 544 526 528
f 552 549 550
f 570 544 551
f 571 549 553
f 537 536 555
f 539 538 557
f 536 539 554
f 548 527 558
f 541 559 542
f 570 561 544
f 565 545 564
f 545 565 547
f 542 560 538
f 548 567 551
f 595 568 569
f 596 570 568
f 598 571 572
f 555 554 574
f 557 556 576
f 554 557 573
f 605 567 558
f 560 559 578
f 596 579 570
f 581 565 580
f 565 581 566
f 692 583 585
f 556 560 575
f 587 581 586
f 581 587 582
f 583 589 584
f 575 578 592
f 569 593 595
f 616 596 595
f 6388 590 597
f 622 598 599
f 574 573 601
f 6388 597 603
f 576 575 604
f 573 576 600
f 569 567 606
f 578 577 591
f 616 608 596
f 601 600 610
f 603 602 611
f 604 592 613
f 600 604 609
f 593 569 602
f 591 607 615
f 635 608 617
f 637 618 586
f 588 587 619
f 6412 611 605
f 592 591 612
f 624 594 620
f 617 616 594
f 6412 605 621
f 626 622 623
f 636 617 624
f 621 558 625
f 647 626 627
f 610 609 629
f 540 533 625
f 613 612 632
f 609 613 628
f 620 593 597
f 615 614 634
f 656 635 636
f 639 618 638
f 618 639 619
f 533 532 630
f 612 615 631
f 644 624 642
f 667 643 642
f 657 636 644
f 11589 494 646
f 680 647 648
f 629 628 650
f 494 502 645
f 632 631 653
f 628 632 649
f 642 620 589
f 634 633 655
f 671 656 657
f 673 658 638
f 640 639 659
f 663 660 502
f 631 634 652
f 650 649 662
f 660 663 664
f 653 652 666
f 649 653 661
f 583 667 589
f 655 654 669
f 677 670 657
f 682 672 673
f 659 658 674
f 664 488 675
f 652 655 665
f 710 676 667
f 643 677 644
f 493 678 489
f 688 679 648
f 699 681 682
f 674 672 683
f 669 684 665
f 676 686 643
f 705 687 688
f 662 661 690
f 665 685 666
f 661 666 689
f 710 667 692
f 669 668 684
f 694 670 686
f 714 694 695
f 710 696 676
f 711 692 698
f 701 681 700
f 683 681 702
f 4340 683 703
f 695 686 697
f 3624 704 705
f 689 706 690
f 685 708 691
f 691 709 689
f 696 710 711
f 684 693 713
f 713 708 684
f 712 703 701
f 3625 714 715
f 1024 239 716
f 1078 717 718
f 3644 719 721
f 391 722 392
f 408 724 409
f 392 723 393
f 901 726 728
f 1035 729 731
f 735 732 734
f 737 735 736
f 739 737 738
f 742 739 740
f 744 741 740
f 801 743 744
f 748 745 747
f 750 748 749
f 752 750 751
f 755 752 753
f 757 754 753
f 796 756 757
f 1035 731 759
f 1032 760 762
f 1082 763 765
f 765 764 767
f 766 768 767
f 916 770 772
f 776 773 774
f 769 768 775
f 773 776 775
f 786 774 770
f 773 768 771
f 776 778 777
f 916 780 782
f 775 777 784
f 919 785 786
f 788 754 787
f 789 755 788
f 752 755 790
f 1083 765 791
f 729 792 730
f 253 794 795
f 732 735 746
f 735 737 747
f 737 739 749
f 739 742 751
f 742 741 753
f 757 741 796
f 736 734 798
f 744 799 801
f 744 740 799
f 740 738 802
f 738 736 803
f 798 797 805
f 799 806 800
f 803 798 808
f 802 803 809
f 799 802 806
f 805 804 811
f 807 806 813
f 808 805 814
f 809 808 815
f 806 809 812
f 811 810 817
f 813 812 819
f 814 811 820
f 815 814 821
f 812 815 818
f 817 816 823
f 819 818 825
f 820 817 826
f 821 820 827
f 818 821 824
f 823 822 829
f 825 824 831
f 826 823 832
f 827 826 833
f 824 827 830
f 840 834 836
f 1071 837 839
f 842 840 841
f 844 842 843
f 1071 844 837
f 1067 845 847
f 1067 847 849
f 856 850 852
f 948 853 855
f 845 856 846
f 953 855 857
f 866 858 860
f 860 859 862
f 4359 863 865
f 4097 858 867
f 4354 868 870
f 862 861 871
f 874 872 873
f 864 863 874
f 870 869 876
f 731 877 758
f 797 734 879
f 880 804 879
f 810 804 881
f 882 816 881
f 883 822 882
f 979 828 883
f 1495 884 886
f 3911 154 887
f 147 888 890
f 4098 891 887
f 4098 196 213
f 894 893 889
f 886 885 894
f 199 160 186
f 192 158 193
f 896 107 115
f 153 895 196
f 163 169 179
f 118 109 119
f 171 167 185
f 197 157 199
f 116 107 118
f 191 895 192
f 169 172 180
f 167 163 182
f 186 173 184
f 115 188 896
f 193 152 197
f 162 171 184
f 119 111 121
f 954 759 897
f 758 878 897
f 767 769 791
f 775 784 769
f 777 779 783
f 726 901 903
f 1080 904 906
f 911 907 905
f 909 905 908
f 905 909 911
f 921 912 914
f 772 915 916
f 768 766 772
f 776 774 778
f 786 917 919
f 770 920 786
f 770 916 920
f 1081 921 922
f 1034 923 911
f 1034 924 926
f 3601 927 793
f 1096 928 930
f 790 789 932
f 931 789 933
f 933 788 934
f 941 935 937
f 1038 938 940
f 1037 935 942
f 954 938 759
f 937 936 944
f 939 945 940
f 950 947 948
f 4352 949 950
f 4101 867 951
f 1007 849 952
f 850 953 851
f 1497 954 955
f 994 956 958
f 945 959 946
f 4267 961 963
f 968 964 966
f 4256 967 968
f 973 969 971
f 974 972 973
f 977 972 975
f 960 976 975
f 1105 978 979
f 869 980 875
f 1049 982 984
f 868 985 869
f 990 986 988
f 1042 989 868
f 875 981 990
f 1044 991 993
f 997 956 995
f 1001 996 997
f 4724 998 1000
f 993 992 1001
f 995 994 1003
f 4349 958 845
f 1045 948 1004
f 958 957 856
f 957 1005 850
f 4350 1006 1007
f 1005 1004 953
f 1069 1008 1010
f 259 1011 260
f 1017 795 1014
f 253 1015 254
f 1015 253 1017
f 1106 1018 260
f 876 875 1019
f 1019 990 967
f 4238 1020 1022
f 1104 1014 1023
f 1020 1024 1021
f 1026 1015 1025
f 1015 1026 1016
f 967 988 964
f 4359 1029 863
f 863 1030 872
f 4577 1025 1014
f 728 727 1032
f 964 1028 965
f 926 1033 1034
f 911 910 1034
f 729 1035 935
f 938 954 939
f 792 729 1037
f 938 1038 943
f 936 1035 943
f 1039 945 1036
f 4269 959 1039
f 959 1040 960
f 1098 1041 1042
f 1101 1043 1044
f 4351 950 1045
f 1030 1046 1031
f 1046 1030 1048
f 965 982 1050
f 1031 1047 1011
f 4578 1052 1054
f 1074 1055 844
f 1009 1056 1010
f 4355 1058 1060
f 1107 1061 1062
f 230 226 223
f 1054 1053 1064
f 1028 1065 982
f 1062 1012 1051
f 1055 1066 842
f 1108 1067 1006
f 872 1031 259
f 1111 1068 1069
f 1109 1070 839
f 1066 978 840
f 1110 1072 998
f 11592 835 1073
f 1070 1074 1071
f 1106 1061 1010
f 4577 1075 1051
f 225 204 223
f 362 393 491
f 718 492 725
f 490 717 1077
f 1076 717 1079
f 903 1080 726
f 726 906 727
f 923 760 907
f 760 923 761
f 922 764 1081
f 6851 1082 1083
f 1085 1032 1084
f 1032 1085 728
f 728 1086 901
f 4278 902 1087
f 4239 1088 1090
f 1092 1091 904
f 1093 1092 1080
f 1094 1093 903
f 4277 1094 902
f 335 333 282
f 1097 1095 1096
f 745 748 930
f 748 750 1096
f 780 914 781
f 922 914 915
f 915 766 922
f 932 1095 790
f 750 752 1097
f 4381 1041 1099
f 4722 1100 1101
f 991 1045 992
f 1103 1063 1102
f 1023 1103 1104
f 1073 834 1105
f 1010 1057 1106
f 833 832 1074
f 1111 1069 1107
f 988 987 1028
f 832 829 1055
f 4349 845 1108
f 831 830 1109
f 829 828 1066
f 1003 1002 1110
f 830 833 1070
f 260 1012 1106
f 4579 1052 1107
f 4579 1107 1075
f 1124 1112 1114
f 1152 1115 1117
f 1115 1118 1116
f 1118 1120 1119
f 1120 1122 1121
f 1140 51 1124
f 5817 1125 1126
f 5818 1127 1129
f 1126 78 1130
f 5819 1131 1133
f 5818 1130 70
f 4103 1134 1136
f 5820 1127 63
f 1134 1137 1135
f 5820 63 1139
f 1139 60 1140
f 5821 1141 1143
f 4104 1144 1146
f 5822 1147 1149
f 1122 1112 1123
f 5822 1150 1147
f 1150 1152 1151
f 1167 1153 1155
f 1505 1156 1158
f 1169 1159 1161
f 1171 1162 1163
f 1175 1164 1166
f 4105 1167 1168
f 11593 1169 1170
f 1181 1171 1172
f 1128 1173 1129
f 1173 1128 1175
f 11594 1176 1178
f 11593 1170 1180
f 1187 1181 1182
f 1190 1183 1174
f 4106 1184 1186
f 1193 1187 1188
f 1195 1189 1190
f 1196 1191 1192
f 1159 1193 1160
f 1114 1113 1192
f 4310 1194 1195
f 1166 1165 1196
f 1238 1197 1199
f 1254 1200 1202
f 1255 1203 1205
f 1240 1206 1208
f 1241 1209 1211
f 1197 1212 1198
f 1254 1202 1215
f 1208 1207 1217
f 1211 1210 1219
f 1223 1220 1222
f 1212 1220 1213
f 1265 1224 1226
f 1267 1217 1227
f 1219 1218 1229
f 1237 1230 1221
f 1269 1231 1233
f 1229 1228 1235
f 1245 1236 1237
f 1242 1238 1239
f 1235 1234 1240
f 1209 1241 1239
f 1245 1243 1236
f 1286 1245 1246
f 1250 1247 1242
f 1257 1248 1240
f 1242 1241 1250
f 1286 1251 1245
f 1247 1252 1238
f 1258 1253 1254
f 1293 1203 1256
f 1259 1257 1208
f 1260 1249 1211
f 1263 1212 1252
f 1275 1258 1215
f 1266 1259 1217
f 1268 1260 1219
f 1220 1261 1221
f 1261 1220 1263
f 1279 1264 1265
f 1281 1266 1267
f 1271 1268 1229
f 1246 1237 1262
f 1283 1231 1270
f 1248 1271 1235
f 1290 1249 1272
f 1292 1273 1252
f 1309 1274 1275
f 1295 1259 1276
f 1312 1272 1268
f 1262 1261 1278
f 1273 1277 1263
f 1316 1264 1280
f 1318 1276 1281
f 1312 1268 1282
f 1287 1246 1278
f 1322 1283 1284
f 1282 1271 1285
f 1291 1286 1287
f 1301 1247 1288
f 1285 1248 1289
f 1250 1249 1288
f 1298 1251 1291
f 1301 1292 1247
f 1302 1253 1274
f 1304 1293 1294
f 1289 1257 1295
f 1290 1296 1288
f 1332 1298 1299
f 1341 1300 1301
f 1337 1302 1303
f 1335 1304 1305
f 1324 1289 1306
f 1296 1290 1307
f 1300 1308 1292
f 1303 1274 1310
f 1306 1295 1311
f 1307 1272 1313
f 1278 1277 1315
f 1308 1314 1273
f 1348 1316 1317
f 1328 1311 1318
f 1313 1312 1319
f 1315 1320 1278
f 1333 1321 1284
f 1319 1282 1323
f 1320 1299 1287
f 1341 1301 1297
f 1323 1285 1324
f 1354 1319 1325
f 1325 1323 1326
f 1326 1324 1327
f 1311 1328 1330
f 1345 1331 1299
f 1373 1321 1334
f 1355 1335 1336
f 1366 1337 1338
f 1352 1296 1339
f 1338 1303 1340
f 1300 1341 1343
f 1327 1306 1330
f 1299 1320 1345
f 1315 1314 1347
f 1320 1315 1344
f 1361 1348 1349
f 1314 1308 1346
f 1308 1300 1350
f 1342 1341 1351
f 1296 1352 1297
f 1339 1307 1353
f 1353 1313 1354
f 1334 1333 1355
f 1304 1335 1284
f 1293 1304 1270
f 1270 1269 1293
f 1354 1356 1353
f 1347 1346 1359
f 1346 1350 1358
f 1340 1361 1363
f 1338 1364 1366
f 1343 1342 1368
f 1330 1329 1370
f 1339 1371 1352
f 1350 1343 1360
f 1329 1373 1369
f 1325 1375 1354
f 1353 1357 1339
f 1351 1376 1342
f 1345 1344 1378
f 1336 1379 1355
f 1326 1381 1325
f 1331 1345 1382
f 1344 1347 1377
f 1340 1363 1338
f 1327 1383 1326
f 1352 1372 1351
f 1355 1380 1334
f 1330 1370 1327
f 1374 1385 1369
f 1375 1387 1356
f 1368 1367 1390
f 1378 1391 1382
f 1378 1377 1391
f 1379 1394 1380
f 1381 1396 1375
f 1372 1397 1376
f 1377 1359 1393
f 1363 1400 1364
f 1383 1402 1381
f 1359 1358 1399
f 1358 1360 1403
f 1380 1395 1384
f 1370 1406 1383
f 1357 1407 1371
f 1360 1368 1404
f 1362 1409 1363
f 1364 1401 1365
f 1369 1386 1370
f 1371 1408 1372
f 1356 1388 1357
f 1376 1398 1367
f 1391 1393 1412
f 1395 1394 1414
f 1387 1396 1416
f 1397 1417 1398
f 1393 1399 1411
f 1400 1420 1401
f 1396 1402 1415
f 1399 1403 1419
f 1403 1404 1423
f 1405 1395 1425
f 1402 1406 1422
f 1407 1427 1408
f 1404 1390 1424
f 1409 1430 1400
f 1401 1421 1410
f 1406 1386 1426
f 1408 1428 1397
f 1388 1433 1407
f 1389 1398 1434
f 1385 1435 1386
f 1387 1416 1388
f 1390 1389 1429
f 1392 1391 1436
f 1458 1437 1439
f 1491 1440 1442
f 1487 1443 1445
f 1452 1446 1448
f 1455 1449 1451
f 1446 1452 1454
f 1449 1455 1457
f 1488 1458 1459
f 1479 1460 1462
f 1448 1447 1464
f 4308 1465 1467
f 1478 1468 1470
f 1460 1444 1461
f 1457 1456 1472
f 1470 1469 1474
f 1463 1475 1464
f 1481 1477 1478
f 1437 1441 1438
f 1466 1465 1462
f 1486 1476 1480
f 1477 1481 1471
f 1489 1474 1482
f 1490 1483 1485
f 1491 1442 1480
f 1483 1487 1484
f 1450 1488 1451
f 1485 1489 1490
f 1466 1417 1467
f 1426 1432 1480
f 1456 1421 1471
f 1424 1429 1487
f 1467 1428 1454
f 1430 1477 1420
f 1480 1475 1426
f 1455 1431 1456
f 1423 1424 1483
f 1419 1423 1490
f 1438 1440 1425
f 1415 1422 1463
f 1439 1438 1414
f 1490 1482 1419
f 1417 1466 1418
f 1431 1455 1492
f 1447 1416 1463
f 1459 1439 1413
f 1482 1473 1411
f 886 1493 1495
f 898 1496 897
f 954 1497 1036
f 894 1499 886
f 1499 894 891
f 891 889 892
f 149 1500 888
f 3910 1501 1502
f 34 1503 35
f 37 1504 34
f 5821 1156 1146
f 1156 1505 1185
f 1233 1204 1269
f 1533 1506 787
f 1509 1507 919
f 1507 1508 785
f 3658 1509 918
f 1534 1510 796
f 1523 813 1511
f 1515 1109 1512
f 1523 1513 813
f 1512 839 1514
f 1109 1515 831
f 1513 1517 807
f 1519 1518 801
f 1520 825 1516
f 1517 1519 800
f 1511 819 1520
f 1522 1520 1521
f 1524 1511 1522
f 1525 1523 1524
f 11595 1513 1525
f 1527 1515 1526
f 1515 1527 1516
f 1526 1512 1528
f 1532 1526 1529
f 11596 1522 1530
f 1527 1531 1521
f 1531 1527 1532
f 787 756 1533
f 1518 1534 743
f 779 1535 900
f 778 1508 779
f 1538 1532 1537
f 11597 1531 1538
f 1567 1539 1541
f 1557 1542 1544
f 3693 1545 1547
f 1539 1548 1540
f 1544 1543 1551
f 1548 1552 1549
f 1551 1550 1555
f 1576 1556 1557
f 1555 1554 1559
f 1566 1560 1562
f 3699 1563 1565
f 1559 1558 1564
f 1552 1566 1553
f 11598 1567 1568
f 1576 1569 1556
f 1545 1570 1546
f 1540 1549 1572
f 1587 1544 1573
f 1549 1553 1571
f 1573 1551 1575
f 1584 1576 1577
f 1575 1555 1578
f 1562 1561 1580
f 1563 1581 1564
f 1578 1559 1582
f 1553 1562 1574
f 1598 1568 1583
f 1585 1569 1584
f 1546 1569 1586
f 1541 1540 1583
f 1577 1557 1587
f 1547 1546 1588
f 1571 1574 1590
f 1606 1573 1591
f 1600 1584 1592
f 1591 1575 1593
f 1580 1579 1595
f 1581 1596 1582
f 1593 1578 1597
f 1574 1580 1589
f 3141 1598 1599
f 1601 1585 1600
f 1586 1585 1602
f 1599 1583 1603
f 1592 1577 1604
f 1586 1602 1588
f 1572 1571 1603
f 1604 1587 1606
f 1799 1607 1609
f 1650 1610 1612
f 1783 1613 1615
f 1699 1616 1618
f 2892 1619 1621
f 2893 1622 1624
f 1801 1625 1627
f 1804 1628 1630
f 1700 1631 1633
f 2912 1634 1636
f 1614 1637 1615
f 1798 1639 1641
f 2913 1642 1644
f 3108 1645 1647
f 1807 1630 1648
f 3529 1649 1623
f 1800 1650 1651
f 1809 1652 1654
f 3109 1655 1657
f 1740 1658 1656
f 1607 1659 1608
f 2895 1661 1611
f 1674 1662 1664
f 1729 1665 1667
f 1713 1668 1670
f 1779 1671 1673
f 1729 1674 1665
f 1727 1675 1677
f 1870 1678 1679
f 1726 1680 1682
f 2914 1683 1685
f 1695 1686 1688
f 11599 1689 1691
f 1724 1692 1694
f 1724 1695 1692
f 1692 1688 1697
f 1692 1697 1693
f 1609 1608 1613
f 1621 1620 1699
f 1627 1626 1700
f 1775 1701 1703
f 1608 1660 1614
f 1797 1704 1706
f 1846 1707 1709
f 1689 1710 1690
f 1688 1687 1696
f 1683 1713 1684
f 1682 1681 1715
f 1678 1716 1676
f 1675 1717 1676
f 1824 1718 1720
f 1825 1721 1672
f 1664 1663 1695
f 1668 1722 1669
f 1665 1664 1724
f 1823 1725 1726
f 1665 1724 1666
f 1671 1727 1672
f 1782 1728 1674
f 1885 1729 1730
f 1886 1731 1733
f 1745 1734 1736
f 1644 1643 1738
f 1792 1661 1645
f 2894 1739 1740
f 1781 1741 1743
f 1796 1744 1646
f 1743 1742 1745
f 1709 1708 1747
f 1771 1748 1750
f 1888 1751 1753
f 1769 1754 1756
f 1889 1757 1759
f 1789 1760 1762
f 1791 1763 1765
f 1793 1766 1768
f 1628 1754 1629
f 1773 1770 1771
f 1785 1772 1773
f 1660 1743 1637
f 1786 1769 1774
f 1768 1767 1775
f 1790 1776 1778
f 1890 1779 1780
f 1659 1781 1660
f 1885 1782 1729
f 1749 1748 1783
f 1816 1784 1731
f 1625 1785 1626
f 1631 1771 1632
f 1648 1629 1786
f 1757 1787 1758
f 1892 1789 1780
f 1756 1755 1650
f 1652 1790 1653
f 1634 1791 1635
f 1626 1773 1631
f 1651 1612 1792
f 1738 1737 1639
f 1637 1745 1638
f 1706 1705 1793
f 1776 1794 1777
f 2895 1796 1661
f 2894 1795 1739
f 1747 1746 1797
f 1763 1798 1764
f 1772 1799 1770
f 1770 1609 1748
f 1774 1756 1800
f 1817 1801 1802
f 1806 1803 1630
f 1808 1700 1805
f 1822 1806 1807
f 1802 1627 1808
f 1815 1809 1810
f 1703 1702 1812
f 2912 1636 1814
f 1760 1815 1761
f 1812 1811 1816
f 1787 1814 1788
f 2896 1817 1818
f 1821 1819 1806
f 1891 1820 1805
f 1887 1821 1822
f 1820 1818 1808
f 1753 1752 1823
f 1711 1710 1824
f 1716 1825 1677
f 1701 1826 1702
f 1704 1828 1705
f 1707 1830 1708
f 1711 1824 1833
f 1691 1690 1835
f 1690 1711 1834
f 1824 1720 1832
f 1708 1831 1746
f 1733 1732 1839
f 1767 1766 1841
f 1732 1784 1838
f 1701 1767 1826
f 1746 1837 1704
f 1705 1829 1766
f 1702 1827 1811
f 1784 1811 1842
f 1847 1747 1844
f 2917 1845 1709
f 2917 1709 1847
f 1859 1816 1848
f 1689 1849 1710
f 1856 1706 1851
f 1855 1703 1852
f 1718 1853 1719
f 1857 1775 1855
f 1844 1797 1856
f 1861 1768 1857
f 1710 1850 1718
f 11599 1858 1689
f 1852 1812 1859
f 1886 1860 1731
f 1851 1793 1861
f 1868 1862 1864
f 1696 1865 1697
f 2931 1867 1864
f 1696 1712 1865
f 1878 1870 1871
f 1715 1714 1873
f 1714 1874 1872
f 1717 1876 1679
f 1882 1877 1878
f 1697 1866 1698
f 1872 1875 1881
f 1880 1882 1881
f 1881 1878 1883
f 1881 1883 1872
f 1869 1884 1865
f 1876 1884 1871
f 1891 1819 1782
f 1818 1820 1730
f 1720 1719 1733
f 1821 1887 1888
f 1722 1889 1723
f 2896 1890 1762
f 1820 1891 1885
f 1721 1892 1673
f 1720 1733 1836
f 1719 1854 1886
f 2080 1893 1895
f 1936 1896 1898
f 1985 1899 1901
f 1986 1902 1904
f 3114 1905 1907
f 1935 1908 1910
f 2082 1911 1913
f 2085 1914 1916
f 2087 1917 1919
f 2932 1920 1922
f 1990 1923 1899
f 2079 1924 1926
f 2933 1927 1929
f 3115 1930 1932
f 11600 1933 1915
f 11601 1934 1910
f 2081 1936 1937
f 2089 1938 1940
f 3122 1941 1943
f 2028 1944 1942
f 1893 1945 1894
f 2077 1947 1897
f 1960 1948 1950
f 2017 1951 1953
f 2000 1954 1956
f 2066 1957 1959
f 2017 1960 1951
f 2014 1961 1963
f 2153 1964 1965
f 2013 1966 1968
f 11602 1969 1971
f 1981 1972 1974
f 11603 1975 1977
f 2011 1978 1980
f 2011 1981 1978
f 1974 1982 1978
f 1978 1983 1979
f 1895 1894 1985
f 3114 1907 1986
f 2082 1913 1917
f 2137 1987 1989
f 1894 1946 1899
f 2132 1991 1993
f 2128 1994 1996
f 1977 1976 1998
f 1974 1973 1982
f 1970 2000 1971
f 1968 1967 2002
f 1964 2003 1962
f 1961 2004 1962
f 2106 2005 2007
f 2107 2008 1958
f 1950 1949 1981
f 1954 2009 1955
f 1951 1950 2011
f 2105 2012 2013
f 1951 2011 1952
f 1957 2014 1958
f 2168 1948 2015
f 2169 2016 1953
f 2120 2018 2020
f 2033 2021 2023
f 1929 1928 2025
f 1930 2026 1931
f 2898 2027 2028
f 2899 2029 2031
f 2900 1932 2032
f 2031 2030 2033
f 1996 1995 2035
f 2059 2036 2038
f 2172 2039 2041
f 2057 2042 2044
f 2173 2045 2047
f 11604 2048 2050
f 2934 2051 2053
f 2074 2054 2056
f 1915 1914 2057
f 2061 2058 2059
f 2069 2060 2061
f 1946 2031 1990
f 2070 2057 2062
f 2137 2056 1987
f 2076 2063 2065
f 2174 2066 2067
f 2899 2031 1945
f 2015 1960 2016
f 2036 1985 2037
f 2096 2068 2019
f 1912 2069 1913
f 1919 1918 2038
f 11600 1915 2070
f 2046 2071 2047
f 2067 2073 2049
f 2044 2043 1936
f 1938 2065 1939
f 1920 2053 1921
f 1913 2061 1918
f 1937 1898 2026
f 2025 2024 1924
f 2033 2023 1990
f 2132 1993 2074
f 2078 2075 2076
f 2032 1931 2077
f 2898 2075 2027
f 1991 2035 1992
f 2934 2079 2051
f 2060 2080 2058
f 2058 1895 2036
f 2062 2044 2081
f 2098 1911 2083
f 2088 2084 1916
f 2100 2086 2087
f 2103 2088 1933
f 2083 2082 2086
f 2095 2089 2090
f 1989 1988 2092
f 2932 1922 2094
f 11604 2095 2048
f 2092 2091 2096
f 2094 2093 2071
f 2170 2097 2083
f 2102 2099 2088
f 2104 2086 2101
f 2171 2102 2103
f 2170 2083 2104
f 2041 2040 2105
f 1998 1997 2106
f 2003 2107 1963
f 1988 1987 2109
f 1992 2110 1993
f 1994 2112 1995
f 1998 2106 2115
f 11603 1977 2117
f 1977 1998 2116
f 2106 2007 2114
f 1995 2113 2034
f 2175 2120 2121
f 2054 2122 2055
f 2020 2068 2121
f 1987 2055 2108
f 2034 2119 1992
f 1993 2111 2054
f 1988 2109 2091
f 2068 2091 2124
f 2138 2126 1991
f 2129 2127 1996
f 2126 2129 2035
f 2142 2096 2130
f 2141 2131 1976
f 2941 2132 2133
f 2943 2134 2092
f 2005 2135 2006
f 2139 2137 2134
f 2941 2138 2132
f 2144 2056 2139
f 1997 2131 2005
f 1975 2140 1976
f 2943 2092 2142
f 2018 2143 2019
f 2133 2074 2144
f 2151 2145 2147
f 1982 2148 1983
f 2954 2150 2147
f 1982 1999 2148
f 2161 2153 2154
f 2002 2001 2156
f 2001 2157 2155
f 2004 2159 1965
f 2165 2160 2161
f 1983 2149 1984
f 2155 2158 2164
f 2163 2165 2164
f 2164 2161 2166
f 2164 2166 2155
f 2152 2167 2148
f 2167 2166 2159
f 2099 2168 2101
f 2104 2016 2170
f 2007 2006 2120
f 2102 2171 2172
f 2009 2045 2010
f 2097 2174 2049
f 2101 2015 2104
f 2008 2073 1959
f 2007 2120 2118
f 2006 2136 2018
f 2268 2176 2178
f 2220 2179 2181
f 2354 2182 2184
f 2269 2185 2187
f 3119 2188 2190
f 2219 2191 2193
f 2367 2194 2196
f 2216 2197 2199
f 2370 2200 2202
f 2378 2203 2205
f 2273 2206 2183
f 2365 2207 2209
f 2955 2210 2212
f 3116 2213 2215
f 2373 2216 2217
f 11605 2218 2193
f 2366 2220 2221
f 2375 2222 2224
f 11606 2225 2227
f 2311 2228 2226
f 2903 2229 2177
f 2904 2230 2180
f 2243 2231 2233
f 2300 2234 2236
f 2283 2237 2239
f 2350 2240 2242
f 2300 2243 2234
f 2297 2244 2246
f 2436 2247 2248
f 2296 2249 2251
f 2956 2252 2254
f 2264 2255 2257
f 11607 2258 2260
f 2294 2261 2263
f 2294 2264 2261
f 2261 2257 2266
f 2261 2266 2262
f 2182 2268 2183
f 3119 2190 2269
f 2196 2195 2200
f 2346 2270 2272
f 2229 2273 2178
f 2410 2274 2276
f 2317 2277 2279
f 2258 2280 2259
f 2257 2256 2265
f 2252 2283 2253
f 2251 2250 2285
f 2247 2286 2245
f 2244 2287 2245
f 2390 2288 2290
f 2391 2291 2241
f 2233 2232 2264
f 2237 2292 2238
f 2234 2233 2294
f 2389 2295 2296
f 2234 2294 2235
f 2240 2297 2241
f 2353 2298 2243
f 2450 2299 2236
f 2425 2301 2303
f 2316 2304 2306
f 2212 2211 2308
f 2213 2309 2214
f 2902 2310 2311
f 2352 2312 2314
f 2905 2215 2315
f 2314 2313 2306
f 2364 2317 2318
f 2357 2319 2321
f 2451 2322 2324
f 2340 2325 2327
f 2452 2328 2330
f 2360 2331 2333
f 2957 2334 2336
f 2422 2337 2339
f 2199 2198 2340
f 2319 2341 2320
f 2341 2343 2342
f 2229 2314 2273
f 11608 2340 2345
f 2422 2339 2346
f 2361 2347 2349
f 2453 2350 2351
f 2903 2352 2229
f 2299 2353 2300
f 2321 2320 2354
f 2301 2355 2302
f 2195 2194 2341
f 2202 2201 2357
f 11608 2217 2340
f 2328 2358 2329
f 2455 2360 2351
f 2327 2326 2220
f 2222 2361 2223
f 2203 2336 2204
f 2195 2341 2201
f 2221 2181 2309
f 2308 2307 2207
f 2306 2305 2273
f 2276 2275 2337
f 2347 2362 2348
f 2904 2315 2230
f 2902 2363 2310
f 2410 2364 2274
f 2957 2365 2334
f 2342 2344 2268
f 2320 2342 2182
f 2345 2327 2366
f 2383 2367 2368
f 2372 2369 2216
f 2374 2200 2371
f 2388 2372 2373
f 2368 2196 2374
f 2380 2375 2376
f 2381 2272 2377
f 2382 2378 2379
f 2331 2380 2332
f 2355 2381 2356
f 2358 2382 2359
f 2906 2383 2384
f 2387 2385 2372
f 2454 2386 2371
f 11609 2387 2388
f 2386 2384 2374
f 2323 2322 2389
f 2281 2280 2390
f 2286 2391 2246
f 2270 2392 2271
f 2274 2394 2275
f 2278 2396 2279
f 2281 2390 2399
f 2260 2259 2401
f 2259 2281 2400
f 2390 2290 2398
f 2279 2397 2318
f 2456 2303 2404
f 2339 2338 2406
f 2356 2407 2302
f 2339 2406 2270
f 2318 2403 2274
f 2275 2395 2338
f 2377 2271 2408
f 2377 2408 2356
f 2421 2409 2410
f 2412 2411 2317
f 2409 2412 2364
f 2424 2413 2301
f 2258 2414 2280
f 2426 2416 2337
f 2966 2417 2381
f 2288 2418 2289
f 2417 2420 2272
f 2416 2421 2276
f 2972 2422 2420
f 2280 2415 2288
f 11607 2423 2258
f 2966 2381 2413
f 2457 2424 2425
f 2972 2426 2422
f 2433 2427 2429
f 2266 2265 2431
f 2975 2432 2429
f 2265 2282 2430
f 2442 2435 2248
f 2285 2284 2438
f 2284 2439 2437
f 2248 2287 2442
f 2435 2443 2436
f 2266 2431 2267
f 2437 2440 2447
f 2446 2443 2447
f 2447 2435 2448
f 2447 2448 2437
f 2434 2449 2430
f 2441 2449 2442
f 2454 2385 2353
f 2384 2386 2450
f 2290 2289 2303
f 11609 2451 2387
f 2292 2452 2293
f 2906 2453 2333
f 2386 2454 2299
f 2291 2455 2242
f 2402 2290 2456
f 2289 2419 2425
f 2654 2458 2460
f 2502 2461 2463
f 2637 2464 2466
f 2909 2467 2469
f 2908 2470 2472
f 2500 2473 2475
f 2656 2476 2478
f 2498 2479 2481
f 2660 2482 2484
f 2667 2485 2487
f 2555 2488 2465
f 2653 2489 2491
f 2591 2492 2494
f 2593 2495 2497
f 2662 2498 2499
f 3131 2500 2501
f 2655 2502 2503
f 11610 2504 2506
f 2512 2507 2509
f 2509 2510 2512
f 2458 2513 2459
f 2651 2515 2462
f 2528 2516 2518
f 2583 2519 2521
f 2566 2522 2524
f 2633 2525 2527
f 2583 2528 2519
f 2581 2529 2531
f 2538 2532 2533
f 2579 2534 2536
f 2730 2537 2538
f 2548 2539 2541
f 2719 2542 2544
f 2580 2545 2547
f 2545 2548 2546
f 2546 2541 2550
f 2547 2546 2551
f 2460 2459 2464
f 2467 2472 2468
f 2478 2477 2482
f 2665 2552 2554
f 2514 2555 2459
f 2648 2556 2558
f 2601 2559 2561
f 11611 2562 2564
f 2541 2540 2549
f 2977 2566 2567
f 2536 2535 2569
f 2532 2570 2530
f 2529 2571 2530
f 2678 2572 2574
f 2679 2575 2526
f 2518 2517 2548
f 2522 2576 2523
f 2519 2518 2545
f 2677 2578 2579
f 2520 2519 2580
f 2525 2581 2526
f 2636 2582 2528
f 2739 2583 2584
f 2693 2585 2587
f 2600 2588 2590
f 2978 2591 2592
f 2647 2515 2593
f 2510 2594 2511
f 2635 2596 2598
f 2910 2496 2599
f 2597 2600 2598
f 2652 2601 2602
f 2640 2603 2605
f 2741 2606 2608
f 2624 2609 2611
f 2742 2612 2614
f 2644 2615 2617
f 2646 2618 2620
f 2629 2621 2623
f 2481 2480 2624
f 2627 2625 2603
f 2639 2626 2627
f 2598 2590 2514
f 2641 2624 2628
f 2552 2629 2553
f 2645 2630 2632
f 2743 2633 2634
f 2513 2635 2514
f 2739 2636 2583
f 2605 2604 2637
f 2702 2638 2586
f 2476 2639 2477
f 2484 2483 2640
f 2499 2481 2641
f 2612 2642 2613
f 2745 2644 2634
f 2611 2610 2502
f 2504 2645 2505
f 2485 2646 2486
f 2477 2627 2483
f 2503 2463 2647
f 2978 2592 2489
f 2590 2589 2555
f 2621 2648 2622
f 2630 2649 2631
f 2599 2495 2651
f 2594 2650 2595
f 2556 2652 2557
f 2618 2653 2619
f 2626 2654 2625
f 2625 2460 2604
f 2628 2611 2655
f 2671 2656 2657
f 2661 2658 2498
f 2675 2659 2660
f 2676 2661 2662
f 2657 2478 2659
f 11610 2506 2664
f 2669 2665 2666
f 2670 2667 2668
f 2664 2663 2615
f 2702 2669 2638
f 2642 2670 2643
f 2911 2671 2672
f 2738 2658 2673
f 2744 2674 2675
f 2740 2673 2676
f 2672 2657 2674
f 2608 2607 2677
f 2563 2572 2564
f 2570 2679 2531
f 2553 2680 2554
f 2558 2557 2683
f 2561 2560 2685
f 2564 2678 2687
f 2719 2544 2689
f 11611 2564 2690
f 2678 2574 2686
f 2602 2561 2692
f 2746 2693 2694
f 2623 2622 2696
f 2638 2697 2587
f 2553 2623 2680
f 2557 2602 2682
f 2622 2558 2695
f 2666 2554 2698
f 2666 2698 2638
f 2711 2699 2556
f 2701 2700 2601
f 2699 2701 2652
f 2979 2702 2703
f 2562 2704 2563
f 2717 2706 2621
f 2715 2707 2669
f 2572 2708 2573
f 2707 2710 2665
f 2706 2711 2648
f 2710 2712 2552
f 2563 2705 2572
f 2542 2713 2543
f 2979 2715 2702
f 2585 2716 2586
f 2712 2717 2629
f 2723 2718 2719
f 2550 2549 2721
f 2689 2722 2719
f 2549 2565 2720
f 2731 2538 2725
f 2568 2726 2569
f 2713 2728 2568
f 2571 2729 2533
f 2735 2730 2731
f 2551 2550 2732
f 2726 2728 2734
f 2733 2735 2734
f 2734 2731 2736
f 2726 2734 2727
f 2724 2737 2720
f 2737 2736 2729
f 2744 2738 2636
f 2674 2739 2672
f 2574 2573 2693
f 2673 2740 2741
f 2576 2742 2577
f 2911 2743 2617
f 2674 2744 2739
f 2575 2745 2527
f 2574 2693 2691
f 2573 2709 2585
f 2838 2747 2749
f 2759 2750 2752
f 2750 2753 2751
f 2847 2755 2757
f 2834 2758 2752
f 2844 2760 2747
f 2773 2762 2764
f 2814 2765 2767
f 2802 2768 2770
f 2767 2766 2772
f 2814 2773 2765
f 2791 2774 2776
f 2877 2777 2778
f 2785 2779 2781
f 11612 2782 2784
f 2792 2785 2786
f 2858 2787 2789
f 2811 2790 2791
f 2811 2792 2790
f 2790 2786 2794
f 2790 2794 2774
f 2749 2748 2753
f 2862 2796 2798
f 2789 2788 2800
f 2786 2781 2793
f 2782 2802 2783
f 2781 2780 2801
f 2777 2804 2775
f 2774 2795 2775
f 2856 2805 2807
f 2857 2808 2771
f 2764 2763 2792
f 2768 2809 2769
f 2765 2764 2811
f 2763 2812 2785
f 2765 2811 2766
f 2766 2791 2771
f 2829 2813 2773
f 2886 2814 2815
f 2869 2816 2818
f 2887 2819 2813
f 2888 2820 2822
f 2837 2823 2825
f 2752 2751 2827
f 2815 2767 2828
f 2886 2829 2814
f 2816 2830 2817
f 2747 2761 2748
f 2754 2833 2751
f 3432 2834 2827
f 2821 2835 2822
f 2889 2837 2828
f 2754 2748 2833
f 2824 2838 2839
f 2843 2840 2759
f 2840 2841 2750
f 2758 2842 2759
f 2839 2749 2841
f 2849 2844 2838
f 2862 2798 2846
f 2850 2847 2848
f 2823 2849 2824
f 2830 2846 2831
f 2835 2850 2836
f 2825 2824 2851
f 2855 2852 2843
f 2852 2853 2840
f 2842 2854 2843
f 2853 2851 2841
f 2762 2819 2763
f 2800 2799 2856
f 2804 2857 2776
f 2797 2755 2798
f 2800 2856 2802
f 11612 2858 2782
f 2789 2800 2782
f 2768 2856 2809
f 2820 2818 2821
f 2831 2835 2817
f 2845 2798 2850
f 2845 2850 2831
f 2868 2859 2816
f 2788 2860 2799
f 11613 2862 2863
f 2805 2864 2806
f 11613 2866 2862
f 2799 2861 2805
f 2787 2867 2788
f 2859 2863 2830
f 2890 2868 2869
f 2880 2870 2872
f 2794 2793 2874
f 2882 2875 2871
f 2801 2876 2793
f 2883 2877 2878
f 2803 2879 2801
f 2870 2880 2803
f 2795 2881 2778
f 2875 2882 2883
f 2794 2874 2795
f 2879 2880 2884
f 2872 2875 2884
f 2884 2883 2885
f 2884 2885 2879
f 2876 2885 2873
f 2874 2885 2881
f 2852 2855 2829
f 2853 2886 2851
f 2806 2869 2807
f 2854 2887 2855
f 2810 2809 2888
f 2851 2815 2825
f 2853 2852 2886
f 2808 2889 2772
f 2809 2807 2820
f 2865 2890 2806
f 1777 1795 1799
f 1610 1783 1611
f 1655 2891 2892
f 1618 1617 2893
f 1810 1654 1801
f 1804 1633 1628
f 1795 2894 1607
f 1638 2895 1615
f 1662 1753 1663
f 1667 1666 1779
f 1694 1693 1727
f 1686 1726 1687
f 1687 1682 1712
f 1693 1698 1675
f 1663 1823 1686
f 1666 1694 1671
f 1728 1888 1662
f 1740 1656 1781
f 1736 1735 1796
f 1750 1749 1754
f 1632 1750 1628
f 1653 1778 1785
f 1730 1667 1890
f 2894 1740 1659
f 1654 1653 1625
f 1755 1749 1610
f 1638 1736 2895
f 1778 1777 1772
f 1761 1810 1817
f 1805 1633 1803
f 1762 1761 2896
f 1891 1805 1819
f 1712 1715 1869
f 1698 1879 1717
f 1883 1884 1873
f 1866 1884 1879
f 1819 1821 1728
f 1818 1730 2896
f 2080 2063 1893
f 1901 1900 1896
f 1941 2897 1905
f 1904 1903 1908
f 1911 2090 1912
f 2085 2087 1914
f 2075 2898 1893
f 1900 1923 1897
f 1948 2041 1949
f 1953 1952 2066
f 1980 1979 2014
f 1972 2013 1973
f 1973 1968 1999
f 1979 1984 1961
f 1949 2105 1972
f 1952 1980 1957
f 2168 2172 1948
f 1942 2029 2028
f 2022 2900 2023
f 2042 2038 2043
f 1914 1919 2042
f 1939 2064 2069
f 2174 2169 2066
f 2028 2899 2898
f 1940 1939 1912
f 2037 1901 2043
f 2023 2032 1923
f 2060 2064 2080
f 2098 2048 1911
f 2084 2100 2085
f 2097 2049 2098
f 2099 2101 2084
f 1999 2002 2152
f 1984 2162 2004
f 2166 2167 2156
f 2149 2167 2162
f 2102 2172 2099
f 2097 2170 2174
f 2348 2363 2176
f 2179 2354 2180
f 2225 2901 2188
f 2187 2186 2191
f 2376 2224 2367
f 2197 2370 2198
f 2363 2902 2177
f 2206 2904 2184
f 2231 2323 2232
f 2236 2235 2350
f 2263 2262 2297
f 2255 2296 2256
f 2256 2251 2282
f 2262 2267 2244
f 2232 2389 2255
f 2235 2263 2240
f 2298 2324 2231
f 2311 2226 2352
f 2304 2905 2305
f 2325 2357 2326
f 2198 2202 2325
f 2223 2349 2343
f 2450 2236 2453
f 2902 2311 2903
f 2224 2223 2194
f 2326 2321 2179
f 2305 2315 2206
f 2349 2348 2344
f 2332 2376 2383
f 2369 2371 2197
f 2333 2332 2906
f 2454 2371 2385
f 2282 2285 2434
f 2267 2445 2287
f 2448 2449 2438
f 2431 2449 2445
f 2385 2387 2298
f 2906 2384 2453
f 2631 2650 2654
f 2461 2637 2462
f 2508 2907 2908
f 2473 2909 2474
f 2663 2506 2656
f 2479 2660 2480
f 2650 2594 2458
f 2488 2651 2466
f 2516 2608 2517
f 2521 2520 2633
f 2580 2547 2581
f 2539 2579 2540
f 2540 2536 2565
f 2547 2551 2529
f 2517 2677 2539
f 2520 2580 2525
f 2582 2741 2516
f 2510 2509 2635
f 2588 2910 2589
f 2609 2640 2610
f 2480 2484 2609
f 2505 2632 2639
f 2584 2521 2743
f 2594 2510 2513
f 2506 2505 2476
f 2610 2605 2461
f 2589 2599 2488
f 2632 2631 2626
f 2616 2663 2671
f 2658 2675 2479
f 2617 2616 2911
f 2738 2744 2658
f 2565 2569 2724
f 2551 2732 2571
f 2727 2736 2724
f 2721 2737 2732
f 2738 2673 2582
f 2672 2584 2911
f 1827 1826 2912
f 1828 1639 1829
f 1830 2913 1831
f 1833 1832 1713
f 1835 1834 2914
f 1834 1833 1683
f 1832 1836 1668
f 1831 1644 1837
f 1839 1838 1889
f 1841 1840 1791
f 1838 1842 1757
f 1826 1841 1634
f 1837 1738 1828
f 1840 1829 1763
f 1827 2912 1843
f 1842 1843 1787
f 11614 1847 2915
f 2918 2916 2917
f 11614 2918 1847
f 11615 1859 2919
f 1849 2920 1850
f 2927 1856 2922
f 11616 1855 2923
f 1853 2924 1854
f 11616 2926 1855
f 2915 1844 2927
f 2930 1861 2926
f 1850 2921 1853
f 1858 2928 1849
f 11615 2923 1859
f 1860 2929 1848
f 2922 1851 2930
f 1874 1863 1875
f 1867 2931 1882
f 1875 1862 1880
f 1868 1867 1880
f 1836 1839 1722
f 1854 2925 1860
f 2109 2108 2932
f 2111 2110 2079
f 2112 2933 2113
f 2115 2114 2000
f 2117 2116 1969
f 2116 2115 1970
f 2114 2118 1954
f 2113 1929 2119
f 2175 2121 2045
f 2123 2122 2053
f 2121 2124 2046
f 2108 2123 1920
f 2119 2025 2110
f 2111 2079 2122
f 2109 2932 2125
f 2124 2125 2071
f 11617 2935 2138
f 2937 2936 2129
f 2935 2937 2126
f 2951 2142 2938
f 2141 2939 2131
f 2948 2941 2942
f 2947 2134 2944
f 2135 2945 2136
f 2949 2139 2947
f 11617 2138 2948
f 2953 2144 2949
f 2131 2940 2135
f 2140 2950 2141
f 2944 2943 2951
f 2143 2952 2130
f 2942 2133 2953
f 2157 2146 2158
f 2150 2954 2165
f 2158 2145 2163
f 2151 2150 2163
f 2118 2175 2009
f 2136 2946 2143
f 2392 2203 2393
f 2394 2207 2395
f 2396 2955 2397
f 2399 2398 2283
f 2401 2400 2956
f 2400 2399 2252
f 2398 2402 2237
f 2397 2212 2403
f 2452 2456 2328
f 2405 2957 2406
f 2407 2358 2404
f 2392 2406 2203
f 2403 2308 2394
f 2395 2365 2405
f 2393 2378 2408
f 2408 2382 2407
f 2970 2958 2421
f 2960 2959 2412
f 2958 2960 2409
f 2974 2413 2961
f 2414 2962 2415
f 11618 2416 2964
f 11619 2965 2966
f 2418 2967 2419
f 2965 2969 2417
f 11618 2970 2416
f 2969 2971 2420
f 2415 2963 2418
f 2423 2973 2414
f 11619 2966 2974
f 2976 2961 2457
f 2971 2964 2972
f 2439 2428 2440
f 2443 2432 2444
f 2440 2427 2446
f 2433 2432 2446
f 2292 2402 2452
f 2419 2968 2457
f 2680 2485 2681
f 2683 2682 2653
f 2685 2684 2591
f 2687 2686 2566
f 2689 2688 2730
f 2690 2687 2977
f 2686 2691 2522
f 2692 2685 2978
f 2746 2694 2742
f 2696 2695 2646
f 2697 2642 2694
f 2680 2696 2485
f 2692 2978 2682
f 2683 2653 2695
f 2698 2681 2670
f 2697 2698 2642
f 2647 2593 2711
f 3131 2700 2497
f 2593 2497 2699
f 2676 2979 2740
f 2704 2535 2705
f 2655 2503 2717
f 2662 2499 2715
f 2708 2578 2709
f 2499 2641 2707
f 2503 2647 2706
f 2628 2712 2641
f 2705 2534 2708
f 2713 2568 2714
f 2662 2715 2676
f 2716 2606 2703
f 2628 2655 2712
f 2713 2542 2728
f 2735 2722 2730
f 2728 2718 2733
f 2723 2722 2733
f 2691 2746 2576
f 2709 2607 2716
f 2185 2980 2186
f 3113 2982 2984
f 3416 2985 2471
f 2998 2986 2987
f 1619 2988 1620
f 3006 2990 2992
f 2468 2985 2469
f 2993 2994 2469
f 3125 2995 2997
f 3125 2986 2995
f 3013 2999 3001
f 2988 1619 3002
f 2983 3003 2984
f 3014 1902 3005
f 3020 3006 3007
f 2996 3008 2997
f 3107 2991 3010
f 3001 3011 3013
f 1902 3014 1903
f 3022 1616 2989
f 3729 3002 3016
f 3017 2987 2475
f 2475 2474 3017
f 3007 3018 3020
f 2980 2185 3021
f 1616 3022 1617
f 3721 3024 3001
f 3724 3025 3027
f 3725 3028 2996
f 3536 3029 3031
f 3724 3032 2983
f 3721 3033 3035
f 3723 3036 3038
f 3052 3039 3040
f 3034 3041 3043
f 3423 2192 2981
f 3039 3044 3037
f 3044 3039 3046
f 3027 3026 3048
f 3407 3049 3051
f 3048 3052 3027
f 2189 3053 2190
f 3043 3054 3056
f 3059 3057 3048
f 3043 3056 3034
f 3048 3047 3059
f 3066 3060 3062
f 3078 3063 3065
f 3422 3060 3067
f 3065 3064 3069
f 3075 3070 3068
f 3735 3071 3073
f 3538 3074 3075
f 3072 3076 3073
f 3063 3078 3080
f 3090 3081 3083
f 3096 3084 3086
f 3551 3087 3089
f 3549 3090 3091
f 3079 3092 3094
f 1909 1903 3095
f 3551 3096 3097
f 3087 3098 3088
f 3081 3084 3082
f 3542 3065 3101
f 3408 3094 3102
f 3060 3103 3061
f 3080 3079 3105
f 3061 3104 3074
f 1734 1699 1735
f 1741 2892 1742
f 1744 2893 1647
f 2991 3107 2913
f 1649 3108 1624
f 3016 2891 3109
f 1742 1621 1734
f 3018 3007 1846
f 3007 2992 1707
f 1845 3110 1846
f 1656 1655 1741
f 1735 1618 1744
f 2992 2991 1830
f 2916 3111 1845
f 2127 3112 2128
f 2029 1905 2030
f 1932 2900 1935
f 1934 3115 1935
f 2218 3116 2219
f 3120 3117 2933
f 2411 3118 2277
f 3013 3012 2278
f 3113 2984 2128
f 2313 3119 2316
f 3004 3120 2112
f 2900 2022 1908
f 2905 2191 2215
f 2029 1942 1905
f 2312 2188 2313
f 2936 3121 2127
f 1994 2984 2112
f 2560 2997 2684
f 2030 3114 2021
f 11620 2897 3122
f 3012 3123 2396
f 2021 1986 2022
f 2959 3124 2411
f 2559 3125 2560
f 3123 3126 2955
f 2588 2600 2909
f 3129 3127 2492
f 2596 2908 2597
f 2905 2304 2191
f 11606 3128 2225
f 2316 2269 2304
f 2312 2226 2188
f 2999 3013 2277
f 2910 2588 2473
f 2600 2597 2467
f 2684 3009 2492
f 2700 2986 2559
f 2509 2508 2596
f 3131 2501 2700
f 2507 3130 2508
f 2496 2910 2500
f 2497 2496 3131
f 3140 3132 1589
f 3148 1606 3133
f 3157 3134 1592
f 3133 1591 3135
f 1595 1594 3137
f 1596 3138 1597
f 3135 1593 3139
f 1589 1595 3140
f 3152 3141 3142
f 3134 3143 1600
f 1602 1601 3144
f 3142 1599 3145
f 3157 1592 3146
f 1605 1602 3147
f 3132 3145 1590
f 3146 1604 3148
f 3164 3135 3149
f 3140 3137 3151
f 3167 3152 3153
f 3163 3154 3134
f 3144 3143 3155
f 3153 3142 3156
f 3172 3157 3158
f 3147 3144 3159
f 3161 3156 3132
f 3158 3146 3160
f 3151 3161 3140
f 3160 3148 3162
f 3172 3163 3157
f 3162 3133 3164
f 3137 3136 3150
f 3138 3166 3139
f 3200 3167 3168
f 3192 3169 3163
f 3155 3154 3170
f 3168 3153 3171
f 3178 3172 3173
f 3159 3155 3174
f 3176 3171 3161
f 3173 3158 3175
f 3184 3176 3151
f 3175 3160 3177
f 3192 3163 3178
f 3177 3162 3179
f 3150 3165 3181
f 3166 3182 3149
f 3179 3164 3183
f 3151 3150 3184
f 3201 3168 3185
f 3193 3178 3186
f 3174 3170 3188
f 3190 3185 3176
f 3186 3173 3189
f 3199 3190 3184
f 3189 3175 3191
f 3206 3192 3193
f 3191 3177 3194
f 3181 3180 3196
f 3182 3197 3183
f 3194 3179 3198
f 3184 3181 3199
f 3203 3200 3201
f 3206 3202 3192
f 3170 3169 3187
f 3237 3203 3204
f 3214 3205 3206
f 3187 3202 3207
f 3204 3201 3208
f 3222 3193 3209
f 3188 3187 3210
f 3212 3208 3190
f 3209 3186 3211
f 3220 3212 3199
f 3211 3189 3213
f 3222 3214 3193
f 3213 3191 3215
f 3196 3195 3217
f 3197 3218 3198
f 3215 3194 3219
f 3199 3196 3220
f 3226 3221 3208
f 3244 3222 3223
f 3210 3207 3225
f 3228 3226 3212
f 3223 3209 3227
f 3236 3228 3220
f 3227 3211 3229
f 3244 3230 3222
f 3229 3213 3231
f 3217 3216 3233
f 3218 3234 3219
f 3231 3215 3235
f 3220 3217 3236
f 3251 3237 3221
f 3230 3238 3214
f 3207 3205 3224
f 3241 3239 3228
f 3271 3223 3240
f 3250 3241 3236
f 3240 3227 3242
f 3255 3243 3244
f 3242 3229 3245
f 3233 3232 3247
f 3234 3248 3235
f 3245 3231 3249
f 3236 3233 3250
f 3266 3251 3252
f 3243 3253 3230
f 3224 3238 3254
f 3239 3252 3226
f 3271 3255 3223
f 3225 3224 3256
f 3265 3257 3250
f 3274 3240 3258
f 3270 3259 3255
f 3258 3242 3260
f 3247 3246 3262
f 3248 3263 3249
f 3260 3245 3264
f 3250 3247 3265
f 3282 3266 3267
f 3259 3268 3243
f 3254 3253 3269
f 3273 3267 3239
f 3288 3270 3271
f 3256 3254 3272
f 3257 3273 3241
f 3288 3271 3274
f 3287 3275 3270
f 3292 3258 3276
f 3262 3261 3278
f 3263 3279 3264
f 3276 3260 3280
f 3265 3262 3281
f 3297 3282 3283
f 3275 3284 3259
f 3269 3268 3285
f 3283 3267 3286
f 3302 3287 3288
f 3272 3269 3289
f 3291 3286 3257
f 3302 3288 3290
f 3281 3291 3265
f 3290 3274 3292
f 3279 3293 3280
f 3309 3276 3294
f 3281 3278 3296
f 3311 3297 3298
f 3308 3299 3275
f 3285 3284 3300
f 3298 3283 3301
f 3316 3287 3303
f 3289 3285 3304
f 3306 3301 3291
f 3303 3302 3305
f 3296 3306 3281
f 3305 3290 3307
f 3316 3308 3287
f 3307 3292 3309
f 3278 3277 3295
f 3344 3311 3312
f 3322 3313 3308
f 3300 3299 3314
f 3312 3298 3315
f 3330 3316 3317
f 3304 3300 3318
f 3315 3301 3319
f 3317 3303 3320
f 3328 3319 3296
f 3320 3305 3321
f 3330 3322 3316
f 3321 3307 3323
f 3295 3310 3325
f 3293 3326 3294
f 3323 3309 3327
f 3296 3295 3328
f 3345 3312 3329
f 3351 3330 3331
f 3318 3314 3333
f 3329 3315 3334
f 3331 3317 3335
f 3343 3334 3328
f 3335 3320 3336
f 3351 3337 3330
f 3336 3321 3338
f 3325 3324 3340
f 3326 3341 3327
f 3338 3323 3342
f 3328 3325 3343
f 3359 3344 3345
f 3337 3346 3322
f 3314 3313 3332
f 3349 3347 3334
f 3363 3331 3348
f 3358 3349 3343
f 3348 3335 3350
f 3367 3337 3352
f 3350 3336 3353
f 3340 3339 3355
f 3341 3356 3342
f 3353 3338 3357
f 3343 3340 3358
f 3375 3359 3360
f 3367 3361 3337
f 3332 3346 3362
f 3360 3345 3347
f 3352 3351 3363
f 3333 3332 3364
f 3374 3365 3358
f 3382 3348 3366
f 3384 3367 3368
f 3366 3350 3369
f 3355 3354 3371
f 3356 3372 3357
f 3369 3353 3373
f 3358 3355 3374
f 3394 3375 3376
f 3384 3377 3367
f 3362 3361 3378
f 3381 3376 3347
f 3368 3352 3379
f 3364 3362 3380
f 3365 3381 3349
f 3379 3363 3382
f 3818 3383 3368
f 3820 3385 3369
f 3392 3386 3388
f 3821 3389 3391
f 3820 3369 3391
f 3823 3392 3393
f 3824 3394 3395
f 3383 3396 3384
f 3400 3396 3398
f 3402 3395 3381
f 3818 3368 3399
f 3697 3400 3401
f 3404 3402 3365
f 3399 3379 3403
f 3823 3404 3374
f 3385 3403 3366
f 3074 3106 3070
f 3078 3406 3079
f 3049 3407 3102
f 3542 3406 3065
f 3405 3409 3101
f 3406 3411 3092
f 3070 3405 3069
f 3421 3413 2985
f 1906 3414 1907
f 1622 1617 3415
f 1622 1906 1623
f 1622 3415 1906
f 3421 2985 3417
f 3104 3417 3418
f 1909 2189 1910
f 3409 3405 3419
f 2189 1909 3053
f 3423 3106 3418
f 3103 3420 3421
f 3060 3422 3103
f 2470 3418 2471
f 2192 3423 2470
f 2192 2470 2193
f 3103 3421 3104
f 3535 3424 3055
f 3428 3425 3427
f 3835 3428 3429
f 2761 2760 3431
f 3445 3432 3433
f 3436 3434 2797
f 2796 3435 2797
f 3438 2826 3437
f 3433 2827 3438
f 3435 2796 3439
f 3437 2833 3440
f 2756 2755 3441
f 3440 2832 3431
f 3452 3437 3442
f 3448 3442 3431
f 3441 3434 3444
f 3459 3445 3446
f 3431 3430 3448
f 3450 3443 3436
f 3435 3449 3436
f 3449 3435 3451
f 3453 3438 3452
f 3446 3433 3453
f 3455 3454 3452
f 3460 3446 3454
f 3456 3455 3442
f 3462 3456 3448
f 3444 3443 3458
f 3474 3459 3460
f 3448 3447 3462
f 3457 3443 3463
f 3450 3449 3463
f 3468 3464 3451
f 3467 3465 3463
f 3464 3466 3463
f 3484 3466 3468
f 3486 3469 3455
f 3469 3470 3454
f 3486 3455 3471
f 3471 3456 3472
f 3458 3457 3473
f 3479 3474 3470
f 3461 3475 3462
f 3465 3476 3473
f 3487 3478 3470
f 3475 3480 3472
f 3476 3465 3482
f 3467 3466 3482
f 3498 3483 3484
f 3490 3485 3486
f 3485 3487 3469
f 3490 3486 3488
f 3488 3471 3481
f 3502 3489 3488
f 3502 3488 3491
f 3477 3476 3493
f 3500 3494 3487
f 3480 3495 3481
f 3497 3492 3482
f 3482 3483 3497
f 3556 3496 3498
f 3489 3499 3490
f 3499 3500 3485
f 3504 3501 3491
f 3495 3503 3491
f 3530 3505 3507
f 3507 3506 3509
f 3802 3510 3512
f 3505 3513 3506
f 3514 3513 3516
f 3516 3515 3518
f 3563 3519 3521
f 3518 3517 3523
f 3523 3522 3525
f 3528 3526 3525
f 3739 3528 3524
f 11620 3529 2897
f 11601 1910 3128
f 3120 3110 3117
f 3110 3120 3018
f 3018 3004 3019
f 3032 3036 3003
f 3046 3045 3531
f 3039 3052 3045
f 3492 3532 3493
f 3123 3112 3126
f 3123 3012 3112
f 11605 2193 3130
f 3129 3118 3127
f 3118 3129 2999
f 2999 3009 3000
f 3028 3033 3008
f 3424 3047 3534
f 3424 3535 3047
f 3035 3056 3534
f 3024 3534 3025
f 2982 3113 3011
f 3041 3536 3042
f 3076 3098 3077
f 3074 3538 3061
f 3102 3093 3540
f 3102 3540 3049
f 3406 3542 3411
f 3422 3030 3420
f 3497 3544 3492
f 3072 3545 3076
f 3548 3547 3090
f 3546 3099 3076
f 3550 3537 3087
f 3564 3548 3549
f 3552 3100 3096
f 3097 3550 3551
f 3547 3085 3081
f 3089 3552 3551
f 3042 3031 3554
f 3555 3523 3527
f 3054 3043 3554
f 3760 3518 3555
f 3558 3544 3496
f 3496 3556 3558
f 3560 3559 3500
f 3562 3560 3499
f 3499 3489 3562
f 3549 3563 3564
f 3740 3565 3567
f 3740 3568 3565
f 3067 3570 3422
f 3519 3571 3520
f 3835 3573 3575
f 3573 3576 3574
f 3576 3578 3577
f 3578 3580 3579
f 3580 3582 3581
f 3831 3386 3584
f 3354 3585 3370
f 3324 3586 3339
f 1506 3588 934
f 934 3589 933
f 933 3590 931
f 3591 3592 931
f 3592 3593 932
f 3593 3594 1095
f 928 3594 929
f 924 3596 925
f 1037 3596 792
f 909 3599 910
f 793 3599 3601
f 1091 3602 908
f 328 3603 329
f 279 3604 264
f 391 3605 722
f 367 3607 391
f 419 3608 366
f 418 3610 419
f 431 3611 418
f 496 3611 415
f 3613 3612 423
f 11621 3613 422
f 3665 3614 543
f 3665 3615 550
f 561 3616 562
f 579 3617 561
f 3617 3618 572
f 3618 3619 599
f 3620 3619 656
f 3666 3620 671
f 3666 3621 648
f 688 3621 705
f 705 3622 3624
f 3668 3623 3625
f 3669 3626 704
f 687 3626 679
f 673 3628 682
f 680 3628 647
f 3630 3629 637
f 3670 3630 586
f 3670 3631 622
f 3631 3632 598
f 3634 3632 563
f 546 3633 563
f 512 3633 513
f 427 3636 3638
f 426 3639 427
f 497 3640 426
f 3640 3641 411
f 3671 3641 424
f 3671 3642 408
f 4321 3643 428
f 3643 3645 3644
f 3647 3646 279
f 3646 3647 3648
f 1560 3649 1561
f 1588 3651 1547
f 1579 3651 1594
f 3652 3653 1594
f 3582 3654 3583
f 3654 3656 3655
f 3588 3658 3589
f 3589 918 3590
f 3590 917 3591
f 920 782 3591
f 782 781 3592
f 781 913 3593
f 3594 913 3595
f 3596 1037 3597
f 3596 924 3598
f 3599 793 3598
f 3599 909 3600
f 286 3659 331
f 3662 3661 332
f 3661 3662 3663
f 721 720 3605
f 3607 429 3605
f 3608 409 3609
f 410 409 3610
f 3611 496 3610
f 431 434 3611
f 3613 417 3612
f 11621 3664 3613
f 3665 550 3614
f 543 562 3665
f 3616 553 3615
f 572 553 3617
f 3617 579 3618
f 608 635 3618
f 627 623 3620
f 648 627 3666
f 671 670 3666
f 670 694 3621
f 3622 694 3623
f 11622 3667 3668
f 700 699 3669
f 3626 699 3627
f 3628 680 3627
f 3628 673 3629
f 626 647 3630
f 622 626 3670
f 586 580 3670
f 580 564 3631
f 549 571 3634
f 3633 512 3634
f 3633 546 3635
f 413 416 3636
f 414 413 3639
f 411 414 3640
f 497 425 3640
f 408 412 3671
f 424 394 3671
f 4321 359 3643
f 3643 358 3645
f 4053 3663 336
f 4117 3673 3675
f 3675 3674 3677
f 3677 3676 3679
f 4111 3680 3682
f 3682 3681 3684
f 3684 3683 3686
f 3685 3687 3686
f 3687 3689 3688
f 3689 3691 3690
f 3649 3693 3650
f 3651 1579 3650
f 3651 1588 3652
f 1605 3147 3652
f 3547 3548 3575
f 3085 3547 3574
f 3574 3577 3085
f 3577 3579 3086
f 3550 3097 3581
f 3585 3354 3587
f 3537 3550 3583
f 3537 3583 3077
f 3720 3695 3696
f 3831 3697 3698
f 3585 3364 3584
f 1563 3699 3701
f 1581 1563 3702
f 1596 1581 3703
f 3138 1596 3704
f 3166 3138 3705
f 3182 3166 3706
f 3197 3182 3707
f 3218 3197 3708
f 3234 3218 3709
f 3248 3234 3710
f 3263 3248 3711
f 3279 3263 3712
f 3293 3279 3713
f 3326 3293 3714
f 3341 3326 3715
f 3356 3341 3716
f 3372 3356 3717
f 3821 3372 3718
f 11623 3719 3720
f 3073 3077 3657
f 2981 3419 3423
f 3035 3534 3721
f 3038 3722 3723
f 2980 3409 2981
f 3409 2980 3410
f 2983 2982 3724
f 3101 3410 3053
f 3536 3041 3725
f 2990 3006 3723
f 3101 3053 3542
f 3015 3543 3095
f 3411 3543 3014
f 3411 3014 3412
f 3027 3040 3724
f 3001 3000 3721
f 3725 2998 3536
f 3414 3092 3005
f 3020 3019 3723
f 3092 3414 3093
f 3023 3539 3415
f 3540 3539 3022
f 2998 3725 2995
f 3540 3022 3541
f 3049 3541 2988
f 3049 2988 3050
f 3770 3051 3726
f 3769 3722 3728
f 2987 3017 3536
f 3420 3029 2994
f 3420 2994 3413
f 3002 3729 3050
f 3040 3037 3032
f 3041 3034 3028
f 2982 3011 3025
f 3561 3489 3501
f 3560 3730 3559
f 3562 3732 3560
f 3094 3408 3105
f 3563 3549 3734
f 3736 3735 3657
f 3519 3732 3561
f 3735 3736 3566
f 3738 3733 3407
f 3733 3738 3091
f 3732 3734 3730
f 3738 3407 3730
f 3105 3733 3083
f 3080 3105 3082
f 3528 3739 3740
f 3528 3740 3526
f 3745 3741 3743
f 3746 3744 3745
f 3748 3744 3747
f 3750 3748 3749
f 3752 3750 3751
f 3572 3752 3753
f 3520 3572 3754
f 3521 3520 3755
f 3741 3756 3742
f 3511 3572 3512
f 3744 3758 3741
f 11624 3757 3759
f 11625 3516 3760
f 11625 3761 3516
f 3758 3762 3756
f 3762 3758 3764
f 3764 3763 3766
f 3765 3767 3766
f 3748 3763 3744
f 3765 3763 3750
f 3750 3752 3765
f 3506 3514 3508
f 3510 3768 3511
f 3511 3767 3572
f 3031 3030 3553
f 3100 3063 3082
f 3063 3100 3064
f 3064 3552 3068
f 3088 3075 3089
f 3099 3538 3088
f 3546 3062 3099
f 3545 3066 3546
f 3553 3570 3568
f 3568 3739 3553
f 3524 3054 3739
f 3054 3524 3055
f 3535 3055 3517
f 3535 3517 3058
f 3058 3515 3059
f 3057 3059 3505
f 3505 3530 3057
f 3722 3769 2990
f 3727 3044 3728
f 3722 3038 3727
f 3730 3051 3731
f 3701 3700 3772
f 3702 3701 3773
f 3703 3702 3774
f 3566 3565 3735
f 3704 3703 3775
f 3705 3704 3776
f 3706 3705 3777
f 3707 3706 3778
f 3708 3707 3779
f 3709 3708 3780
f 3710 3709 3781
f 3711 3710 3782
f 3712 3711 3783
f 3713 3712 3784
f 3714 3713 3785
f 3715 3714 3786
f 3716 3715 3787
f 3717 3716 3788
f 3718 3717 3789
f 3564 3521 3790
f 3548 3564 3694
f 3570 3067 3569
f 3565 3569 3071
f 3545 3791 3066
f 3071 3791 3072
f 3277 3792 3310
f 3289 3792 3272
f 3246 3795 3261
f 3256 3795 3225
f 3216 3797 3232
f 3195 3798 3216
f 3180 3799 3195
f 3165 3800 3180
f 3792 3289 3793
f 3792 3277 3794
f 3795 3256 3794
f 3795 3246 3796
f 3797 3210 3796
f 3798 3188 3797
f 3799 3174 3798
f 3800 3159 3799
f 3310 3793 3324
f 3364 3585 3333
f 3136 3653 3165
f 3793 3304 3586
f 3653 3147 3800
f 3586 3318 3587
f 3734 3732 3563
f 3558 3557 3531
f 3531 3530 3558
f 3544 3530 3532
f 3532 3507 3533
f 3503 3802 3504
f 3512 3571 3504
f 3571 3519 3501
f 3816 3803 3805
f 3803 3806 3804
f 3806 3808 3807
f 3810 3808 3749
f 3811 3810 3747
f 3813 3811 3746
f 3745 3812 3746
f 3839 3812 3815
f 3425 3816 3426
f 3826 3817 3818
f 3822 3819 3820
f 3371 3370 3392
f 3372 3821 3373
f 3390 3822 3391
f 3374 3371 3823
f 11626 3824 3825
f 3817 3397 3383
f 3378 3377 3400
f 3827 3825 3402
f 3828 3826 3399
f 3380 3378 3697
f 3829 3827 3404
f 3830 3828 3403
f 3393 3829 3823
f 3819 3830 3385
f 3698 3387 3831
f 3584 3380 3831
f 3389 3821 3832
f 3832 3718 3833
f 3719 3737 3695
f 3429 3834 3835
f 3844 3836 3811
f 3575 3694 3835
f 3753 3751 3806
f 3694 3790 3428
f 3838 3696 3654
f 3790 3755 3425
f 3841 3837 3578
f 3842 3838 3582
f 3754 3753 3803
f 3812 3839 3813
f 3843 3841 3576
f 3837 3842 3580
f 3812 3745 3814
f 3836 3809 3810
f 3834 3843 3573
f 3695 3736 3656
f 3840 3844 3813
f 3755 3754 3816
f 3728 3046 3801
f 5300 3845 3847
f 5094 3848 3850
f 3854 3851 3853
f 3858 3854 3855
f 3855 3856 3858
f 5154 3859 3861
f 3859 3862 3860
f 3866 3863 3864
f 3867 3865 3866
f 3865 3867 3869
f 3885 3865 3870
f 3881 3871 3873
f 3892 3874 3876
f 5306 3877 3879
f 3887 3864 3880
f 3904 3881 3882
f 3877 3883 3878
f 3860 3863 3885
f 5309 3872 3886
f 5310 3887 3888
f 3868 3889 3869
f 5787 3891 3892
f 3876 3875 3894
f 3890 3889 3893
f 3886 3871 3896
f 3888 3880 3898
f 5291 3899 3870
f 3903 3895 3881
f 5385 3900 3902
f 3880 3862 3897
f 5295 3903 3904
f 4 1 5
f 1123 2 7
f 1121 1123 12
f 1119 1121 15
f 1116 1119 18
f 21 1117 18
f 24 1151 21
f 1147 1151 27
f 1148 1147 32
f 1144 1148 3905
f 1142 1141 3906
f 1135 1138 45
f 1136 1135 44
f 1131 1136 47
f 54 5 56
f 58 54 55
f 59 62 55
f 104 62 105
f 67 66 68
f 72 67 73
f 77 76 73
f 66 104 69
f 1141 1145 37
f 164 168 3907
f 156 89 159
f 144 81 143
f 149 148 1501
f 97 96 161
f 108 98 110
f 110 3908 112
f 90 17 96
f 150 87 151
f 94 57 101
f 155 3909 150
f 1500 149 3910
f 154 3911 86
f 103 102 108
f 161 91 166
f 166 92 168
f 101 61 102
f 170 165 94
f 151 88 156
f 43 42 82
f 165 164 95
f 145 3912 144
f 155 154 3909
f 3931 3913 3915
f 5432 3916 3918
f 3957 3919 3921
f 5771 3922 3924
f 3976 3925 3927
f 3978 3928 3930
f 3937 3931 3932
f 3936 3933 3935
f 3928 3936 3929
f 3992 3937 3938
f 3981 3939 3941
f 3984 3942 3944
f 5754 3945 3947
f 3990 3948 3950
f 3939 3944 3940
f 3924 3923 3952
f 3990 3953 3955
f 5444 3956 3921
f 3968 3958 3960
f 3993 3961 3963
f 5438 3964 3966
f 3970 3967 3968
f 5433 3969 3970
f 3964 3971 3965
f 3957 3973 3919
f 5454 3975 3976
f 5453 3977 3978
f 3980 3979 3936
f 3977 3980 3928
f 3988 3939 3982
f 11627 3983 3944
f 3945 3985 3946
f 3990 3955 3948
f 11627 3944 3988
f 3950 3989 3990
f 3956 3991 3957
f 3963 3992 3993
f 5432 3994 3969
f 4009 3996 3998
f 4025 3999 4001
f 5665 4002 4004
f 5622 4005 4007
f 5111 4008 4009
f 4026 4010 4012
f 5636 4013 4015
f 4021 4016 4018
f 4004 4003 4020
f 4047 4021 4023
f 5312 4024 4001
f 5418 4026 4027
f 4007 4006 4029
f 4014 4030 4015
f 4039 4032 4034
f 5463 4035 4037
f 5509 4038 4034
f 4035 4040 4036
f 4025 4042 3999
f 5459 4044 4005
f 4013 4045 4014
f 4021 4047 4016
f 4018 4049 4021
f 4024 4050 4025
f 4006 4044 4028
f 4046 4052 4014
f 1503 33 1502
f 4055 4053 335
f 335 282 4055
f 4100 4056 4058
f 4066 4059 4061
f 4067 4062 4064
f 4070 4065 4066
f 276 4067 277
f 288 287 4053
f 4069 4068 4067
f 275 4069 276
f 4058 4057 4070
f 288 4071 289
f 4102 4072 4074
f 3690 3692 4076
f 4077 3688 4076
f 4078 3686 4077
f 3686 4078 3684
f 304 307 446
f 306 4080 307
f 4071 4081 364
f 301 300 341
f 294 300 297
f 285 294 290
f 290 4083 285
f 3659 286 4084
f 279 273 3647
f 358 4085 3672
f 4084 4083 330
f 296 4087 292
f 1504 3905 1503
f 4089 4088 49
f 4090 4089 80
f 4112 4090 3912
f 85 3910 31
f 4240 4091 4092
f 212 1493 213
f 244 1494 212
f 283 333 272
f 283 272 4094
f 3684 4079 3682
f 281 4096 282
f 332 265 3662
f 1496 4097 955
f 1500 3911 892
f 196 4098 153
f 891 4098 1499
f 4072 4099 4058
f 1497 955 4101
f 4074 146 4102
f 5819 4103 1131
f 1149 1148 4104
f 1176 4105 1177
f 1180 1179 4106
f 1215 1214 1224
f 1231 1267 1232
f 1264 1275 1224
f 1281 1267 1283
f 1316 1309 1264
f 1318 1281 1322
f 1310 1309 1348
f 1321 1328 1322
f 1328 1321 1329
f 1340 1310 1361
f 1361 1349 1362
f 1334 1384 1373
f 1384 1405 1374
f 1362 4107 1409
f 1409 4108 1430
f 1385 1405 1435
f 1469 1436 1473
f 1461 1443 1434
f 1446 1433 1447
f 1432 1435 1491
f 1459 1413 1451
f 1468 4109 1469
f 1477 1430 1468
f 3682 4095 4111
f 1145 1144 1504
f 4088 1132 47
f 3911 1500 85
f 4091 4112 145
f 4247 4113 1078
f 4214 4099 4102
f 327 4114 326
f 273 278 266
f 4114 327 3660
f 446 4115 304
f 4142 4116 4117
f 4081 4071 4054
f 341 4115 342
f 4247 1078 4118
f 4081 4054 4119
f 725 4120 718
f 4120 725 4121
f 722 4122 723
f 3604 4084 329
f 3646 3659 3604
f 3659 3646 3660
f 3661 4114 3648
f 4114 3661 287
f 4243 4123 4094
f 4071 288 4055
f 3606 4124 722
f 4124 3606 4125
f 719 4126 720
f 3645 4127 719
f 4127 3645 4128
f 3672 4086 4128
f 4119 4096 4130
f 4273 4131 4133
f 4096 281 338
f 1089 4061 127
f 4134 3679 4110
f 3679 4134 3677
f 1088 4066 1089
f 3677 4135 3675
f 3675 4136 4117
f 4073 4070 1088
f 4215 4138 4140
f 4117 4137 4142
f 4144 4143 4141
f 4143 4144 4146
f 4146 4145 4148
f 4138 4149 4147
f 4215 4150 4138
f 3602 4151 3600
f 4217 4152 4154
f 136 130 4068
f 130 129 4062
f 4229 4155 4157
f 4060 4158 129
f 4217 4159 4161
f 4157 4156 4163
f 4174 4164 4166
f 4159 4167 4160
f 4166 4165 4167
f 4173 4169 4170
f 4176 4171 4161
f 4169 4173 4174
f 4161 4160 4176
f 4160 4168 4175
f 4150 4178 4149
f 4147 4180 4138
f 4149 4179 4148
f 4148 4181 4146
f 4059 4183 4060
f 4183 4059 4184
f 4146 4182 4143
f 4143 4185 4142
f 4199 4186 4188
f 4188 4187 4190
f 4192 242 4191
f 4193 240 4192
f 244 240 4194
f 4194 4195 244
f 1494 4195 1495
f 4196 4197 1495
f 4210 4198 4199
f 1022 1021 4201
f 1021 716 4200
f 236 4203 238
f 233 4205 234
f 234 4206 236
f 716 238 4202
f 4190 4189 4208
f 4208 4207 250
f 250 4209 251
f 4198 4210 4180
f 4180 4211 4139
f 4139 4212 4140
f 141 4214 142
f 4241 4215 4216
f 4161 4172 4217
f 4155 4218 4156
f 4221 4159 4154
f 4156 4219 4162
f 4224 4174 4220
f 4222 4167 4221
f 4220 4166 4222
f 4169 4223 4162
f 4223 4169 4224
f 4168 4165 4177
f 4057 4226 4065
f 4056 4227 4057
f 4287 339 4056
f 4287 4228 339
f 4155 4229 4231
f 4165 4164 4225
f 4173 4233 4164
f 4233 4173 4234
f 4277 4235 4176
f 4234 4170 4236
f 4286 4151 4236
f 4216 4140 4237
f 795 235 1013
f 1023 1013 239
f 258 257 254
f 233 794 251
f 256 4208 257
f 1103 1023 1024
f 858 4199 859
f 859 4188 861
f 4097 4210 858
f 861 4190 256
f 877 4237 878
f 878 4213 898
f 1064 1063 4238
f 1063 1103 1020
f 4211 1496 4212
f 1496 4211 4097
f 927 877 730
f 4225 4232 1092
f 146 4074 4092
f 4092 4239 4240
f 4072 4058 4073
f 129 134 4060
f 4150 4215 4242
f 4132 4131 4230
f 4227 339 4123
f 4128 4230 4127
f 4127 4229 4126
f 4243 4226 4123
f 4226 4243 4184
f 4126 4157 4125
f 4125 4163 4124
f 4094 4093 4243
f 4124 4223 4122
f 4184 4244 4183
f 4220 4121 4224
f 4244 4093 4245
f 270 4246 271
f 277 4064 270
f 4246 4158 4245
f 4158 4246 4063
f 4222 4120 4220
f 4221 4118 4222
f 4118 4221 4247
f 4154 4153 4247
f 4133 4132 4248
f 3680 4111 3678
f 4252 966 4250
f 4254 4251 961
f 970 4253 4254
f 4258 4255 4253
f 4260 4257 4258
f 4262 4259 4260
f 4263 4261 4262
f 1058 4261 4264
f 1040 4265 4264
f 969 4258 970
f 961 4252 962
f 976 4263 977
f 4264 4263 1040
f 4268 4254 4267
f 972 4260 969
f 4262 4260 977
f 971 970 4268
f 1040 959 4265
f 4128 4129 4230
f 4275 4270 4272
f 4218 4155 4270
f 4131 4271 4231
f 4131 4273 4271
f 4270 4275 4218
f 4218 4276 4219
f 4177 4225 1093
f 4175 4177 1094
f 4176 4175 4277
f 4232 4233 1091
f 4233 4234 3602
f 902 4278 4277
f 4286 927 4151
f 4242 4241 4280
f 4288 4281 4283
f 4286 4236 4284
f 4283 4282 4285
f 4237 4286 4216
f 4228 4287 4281
f 4056 4100 4287
f 4216 4284 4241
f 877 927 4237
f 4275 4279 4276
f 4074 4073 4239
f 4279 4275 4280
f 4197 4288 884
f 4285 885 4283
f 885 4285 893
f 893 4289 890
f 4291 147 4290
f 147 4291 148
f 4293 79 4292
f 79 4293 36
f 4295 38 4294
f 4306 3906 4295
f 4145 4198 4147
f 4198 4145 4186
f 4186 4144 4187
f 4137 4189 4141
f 4136 4207 4137
f 4135 4209 4136
f 4134 255 4135
f 1462 1461 1418
f 1413 1394 1492
f 4296 1394 4297
f 4298 4297 1336
f 4300 4298 1305
f 1305 1294 4300
f 1294 1256 4299
f 1256 1255 4301
f 4302 1255 4303
f 1158 1157 4305
f 4309 4304 1143
f 3906 4306 1142
f 255 4134 4205
f 4095 4206 4110
f 4079 4203 4095
f 4078 4204 4079
f 4078 4077 4204
f 4077 4076 4202
f 4076 4075 4200
f 1433 1446 1427
f 1492 4296 1431
f 4108 1392 4109
f 4099 4289 4100
f 4289 4099 4290
f 141 4291 4214
f 141 84 4291
f 1090 1089 121
f 4240 1090 113
f 4091 4240 112
f 4308 1467 1453
f 1465 4308 1479
f 4308 1453 1460
f 1453 1452 1444
f 1452 1448 1445
f 1448 1464 1484
f 1489 1485 1476
f 1476 1486 1489
f 1442 1470 1486
f 1441 1478 1442
f 1437 1481 1441
f 1437 1458 1481
f 1458 1488 1472
f 1449 1457 1450
f 4296 4297 1410
f 1366 1365 4298
f 4298 4300 1366
f 1302 1337 4299
f 4299 4301 1302
f 4301 4302 1253
f 4303 1201 4302
f 1154 1153 4304
f 1137 1154 4309
f 4306 39 4307
f 39 4306 40
f 40 4295 42
f 4293 83 4294
f 83 4293 84
f 4112 4091 100
f 100 99 4112
f 4089 4090 76
f 4088 4089 77
f 77 1125 4088
f 5817 1194 1133
f 11594 1178 4310
f 1265 1226 1243
f 1265 1243 1279
f 1280 1279 1298
f 1298 1332 1280
f 1332 1331 1317
f 1382 4107 1331
f 4107 1382 4108
f 4242 4311 4150
f 4272 4271 4312
f 4280 4272 4313
f 4280 4313 4242
f 4248 4129 4314
f 4085 4315 4086
f 4322 360 4316
f 4317 438 369
f 428 3644 429
f 396 445 4317
f 475 437 4318
f 4322 448 4315
f 490 493 491
f 363 362 4320
f 493 490 678
f 366 3609 367
f 3642 4321 724
f 3609 430 3607
f 394 359 3642
f 4315 4085 4322
f 443 403 4323
f 442 495 443
f 495 442 400
f 439 398 440
f 449 4316 439
f 448 4322 449
f 4081 4248 4082
f 4315 4319 4314
f 4248 4081 4133
f 4133 4119 4273
f 4273 4130 4274
f 4274 340 4312
f 4228 4281 4312
f 4288 4311 4281
f 4311 4288 4178
f 368 4324 369
f 396 4317 372
f 4318 436 4325
f 4115 446 396
f 4323 4326 4327
f 451 498 452
f 4325 4328 4318
f 455 441 451
f 475 450 454
f 4318 4329 475
f 454 474 455
f 4323 4327 443
f 4345 4330 4331
f 534 4330 541
f 541 4332 559
f 559 4333 577
f 577 4334 607
f 607 4335 614
f 614 4336 633
f 633 4337 654
f 654 4338 668
f 668 4339 693
f 4340 703 693
f 4328 4319 4329
f 364 4082 306
f 4082 4319 4080
f 4328 4325 4080
f 695 697 715
f 697 696 4341
f 708 713 709
f 4342 696 4343
f 711 698 4343
f 4339 674 4340
f 674 4339 659
f 659 4338 640
f 640 4337 619
f 619 4336 588
f 4334 582 4335
f 4334 4333 582
f 4333 4332 566
f 547 4332 535
f 535 4330 4346
f 4323 405 4326
f 4179 4178 4196
f 4195 4181 4196
f 4194 4182 4195
f 4193 4185 4194
f 4192 4116 4193
f 4191 3673 4192
f 3673 4191 3674
f 3674 249 3676
f 3676 248 3678
f 227 3680 246
f 3680 227 3681
f 3681 229 3683
f 3683 4347 3685
f 3685 226 3687
f 230 231 3687
f 231 4348 3689
f 994 958 1002
f 956 996 957
f 1000 999 4350
f 996 992 1005
f 1043 4351 991
f 1072 1108 999
f 1002 4349 1072
f 4353 4352 4351
f 4351 1043 4353
f 4355 1042 4354
f 1060 1098 4355
f 1016 1027 4357
f 4361 4358 1029
f 1029 4359 4361
f 4361 4360 4363
f 4356 4364 4357
f 4363 4366 4361
f 4362 4367 4363
f 4364 4369 4365
f 4395 4366 4368
f 4266 4265 4372
f 1059 4373 1060
f 4269 1039 4376
f 4376 4371 4269
f 4375 1039 1498
f 4374 1099 1060
f 4370 862 4365
f 258 4357 871
f 4720 4367 4377
f 4360 4359 4378
f 4360 4378 4362
f 4357 258 1016
f 4379 860 4370
f 951 866 4379
f 4413 4380 4352
f 4715 4381 4382
f 4716 4101 4383
f 4700 4384 4386
f 4717 1498 4387
f 4710 4388 4376
f 4410 4389 4391
f 4704 4392 4394
f 4718 4395 4396
f 4383 951 4397
f 4707 4398 4400
f 4702 4401 4403
f 4707 4400 4405
f 4382 1099 4406
f 4403 4402 4408
f 4580 4409 4410
f 4700 4411 4384
f 4701 4413 4353
f 4703 4414 4416
f 4581 4417 4419
f 4455 4420 4421
f 4431 4401 4422
f 4458 4423 4424
f 4392 4425 4393
f 4400 4427 4404
f 4458 4428 4423
f 4384 4412 4430
f 4401 4431 4402
f 4409 4433 4389
f 4442 4435 4385
f 4467 4437 4439
f 4467 4439 4440
f 4402 4432 4407
f 4385 4384 4442
f 4416 4415 4422
f 4399 4443 4400
f 4418 4417 4440
f 4435 4445 4436
f 4389 4434 4390
f 4425 4392 4441
f 4443 4447 4427
f 4444 4449 4440
f 4626 4445 4451
f 4434 4452 4424
f 4459 4425 4454
f 4573 4455 4456
f 4469 4457 4422
f 4576 4458 4453
f 4425 4459 4426
f 4427 4448 4421
f 4576 4461 4458
f 4430 4429 4463
f 4432 4431 4464
f 4433 4465 4434
f 4468 4451 4442
f 4623 4466 4467
f 4623 4467 4450
f 4432 4464 4441
f 4442 4430 4468
f 4422 4428 4469
f 4575 4470 4472
f 4614 4473 4475
f 4625 4476 4478
f 4586 4479 4481
f 4572 4482 4484
f 4582 4485 4487
f 4472 4471 4489
f 4615 4490 4492
f 4484 4483 4494
f 4625 4495 4476
f 4614 4497 4473
f 4610 4499 4488
f 4499 4501 4500
f 4683 4502 4477
f 4684 4504 4506
f 4684 4506 4507
f 4686 4508 4502
f 4587 4490 4509
f 4687 4510 4511
f 4688 4512 4481
f 4522 4513 4515
f 4550 4516 4518
f 4620 4519 4521
f 4629 4513 4523
f 4543 4524 4526
f 4557 4527 4529
f 4544 4530 4532
f 4515 4514 4534
f 4557 4529 4520
f 4635 4535 4537
f 4530 4538 4531
f 4570 4540 4542
f 4524 4543 4532
f 4532 4531 4546
f 4531 4539 4545
f 4519 4548 4520
f 4552 4550 4551
f 4550 4552 4554
f 4692 4555 4515
f 4583 4556 4557
f 4537 4536 4559
f 4571 4542 4561
f 4584 4562 4525
f 4537 4559 4565
f 4523 4522 4566
f 4554 4553 4560
f 4534 4563 4567
f 4551 4518 4564
f 4619 4568 4519
f 4546 4569 4532
f 4657 4570 4571
f 4447 4572 4448
f 4448 4484 4456
f 4574 4573 4494
f 4575 4465 4574
f 4465 4575 4452
f 4452 4472 4453
f 4585 4576 4489
f 4251 968 4252
f 4253 4256 4251
f 1046 1026 1047
f 1026 1046 1027
f 1047 1025 1051
f 1068 1111 4578
f 1058 4264 1059
f 1014 1104 4577
f 1102 1053 4579
f 1104 1102 1075
f 966 965 4249
f 4255 1019 4256
f 4257 876 4255
f 4259 870 4257
f 4261 4354 4259
f 1058 4355 4261
f 1027 1048 4356
f 4356 4358 4364
f 4366 4395 4364
f 4266 4372 1059
f 4706 4420 4580
f 4394 4393 4581
f 4420 4455 4409
f 4393 4426 4417
f 4426 4460 4444
f 4455 4573 4433
f 4574 4510 4575
f 4492 4491 4582
f 4566 4558 4523
f 4549 4583 4520
f 4692 4515 4567
f 4525 4524 4584
f 4461 4576 4479
f 4479 4586 4461
f 4613 4587 4589
f 4606 4590 4511
f 4601 4592 4594
f 4689 4512 4596
f 4612 4597 4599
f 4689 4596 4509
f 4683 4601 4602
f 4688 4501 4604
f 4690 4605 4606
f 4691 4607 4507
f 4599 4598 4610
f 4687 4611 4612
f 4691 4613 4607
f 4481 4498 4586
f 4457 4469 4497
f 4497 4614 4457
f 4464 4614 4454
f 4615 4459 4475
f 4459 4615 4460
f 4506 4616 4486
f 4582 4449 4492
f 4542 4541 4560
f 4635 4537 4618
f 4490 4615 4474
f 4649 4619 4620
f 4500 4480 4585
f 4505 4621 4506
f 4449 4582 4450
f 4477 4503 4478
f 4623 4450 4616
f 4510 4574 4493
f 4500 4585 4488
f 4466 4623 4621
f 4508 4624 4503
f 4495 4625 4462
f 4625 4478 4463
f 4451 4468 4622
f 4624 4626 4622
f 4563 4627 4525
f 4516 4550 4628
f 4628 4554 4617
f 4523 4536 4629
f 4631 4628 4630
f 4518 4517 4565
f 4632 4516 4631
f 4516 4632 4517
f 4517 4633 4618
f 4636 4635 4634
f 4669 4535 4636
f 4669 4637 4535
f 4513 4629 4638
f 4513 4638 4514
f 4514 4639 4533
f 4641 4627 4640
f 4627 4563 4533
f 4627 4641 4526
f 4643 4543 4642
f 4543 4643 4544
f 4530 4544 4645
f 4538 4530 4646
f 4719 4647 4528
f 4647 4648 4529
f 4650 4620 4648
f 4663 4649 4650
f 4540 4651 4541
f 4541 4652 4617
f 4643 4653 4644
f 4652 4655 4630
f 4694 4568 4605
f 4642 4658 4643
f 4680 4658 4641
f 4568 4619 4657
f 4664 4656 4660
f 4677 4661 4662
f 4651 4540 4663
f 4667 4664 4665
f 4676 4666 4665
f 4676 4668 4669
f 4665 4660 4671
f 4619 4649 4570
f 4660 4659 4670
f 4671 4670 4673
f 4655 4662 4656
f 4631 4630 4664
f 4632 4631 4667
f 4666 4633 4667
f 4653 4672 4654
f 4677 4675 4661
f 4668 4676 4671
f 4663 4650 4655
f 4650 4648 4662
f 4670 4661 4672
f 4633 4666 4634
f 4719 4646 4678
f 4675 4677 4647
f 4675 4678 4674
f 4668 4671 4679
f 4678 4645 4654
f 4679 4673 4680
f 4673 4672 4658
f 4668 4679 4637
f 4666 4676 4636
f 4641 4640 4680
f 4680 4639 4679
f 4609 4681 4610
f 4603 4501 4681
f 4602 4682 4683
f 4693 4504 4685
f 4685 4684 4608
f 4694 4686 4682
f 4588 4587 4600
f 4611 4687 4591
f 4604 4595 4688
f 4490 4587 4491
f 4493 4483 4511
f 4476 4496 4601
f 4473 4498 4689
f 4470 4612 4471
f 4473 4689 4474
f 4477 4476 4683
f 4481 4480 4688
f 4482 4690 4483
f 4485 4691 4486
f 4471 4599 4488
f 4510 4687 4470
f 4491 4613 4485
f 4553 4611 4561
f 4552 4597 4553
f 4597 4552 4598
f 4598 4551 4609
f 4559 4681 4564
f 4603 4681 4558
f 4558 4566 4603
f 4595 4604 4555
f 4555 4692 4595
f 4596 4692 4600
f 4588 4600 4562
f 4562 4584 4588
f 4607 4589 4569
f 4569 4546 4607
f 4685 4608 4545
f 4547 4693 4545
f 4556 4583 4593
f 4583 4549 4594
f 4548 4682 4549
f 4568 4694 4548
f 4605 4657 4590
f 4590 4571 4591
f 4436 4446 4696
f 4438 4697 4439
f 4423 4415 4699
f 4712 4700 4701
f 4401 4702 4416
f 4392 4704 4407
f 4626 4624 4447
f 4711 4410 4397
f 4388 4704 4705
f 4420 4706 4404
f 4423 4699 4390
f 4721 4398 4708
f 4717 4702 4709
f 4708 4707 4396
f 4624 4508 4572
f 4439 4698 4418
f 4709 4403 4710
f 4713 4580 4711
f 4723 4411 4712
f 4385 4436 4386
f 4716 4414 4387
f 4714 4581 4406
f 4718 4706 4713
f 4705 4394 4714
f 4695 4380 4696
f 4697 4715 4698
f 4414 4716 4699
f 4702 4717 4703
f 4408 4704 4710
f 4706 4718 4405
f 4699 4383 4391
f 4698 4382 4419
f 4696 4413 4386
f 4646 4719 4538
f 4353 1100 4701
f 4690 4482 4686
f 4370 4711 4379
f 4372 4371 4705
f 4367 4720 4708
f 4375 1498 4709
f 4367 4708 4368
f 4605 4690 4694
f 4376 4375 4710
f 4369 4713 4370
f 1100 4722 4712
f 4101 4716 1497
f 4374 4373 4406
f 4395 4718 4369
f 4372 4705 4373
f 4678 4675 4719
f 4651 4663 4652
f 4527 4539 4528
f 4556 4547 4527
f 4547 4556 4693
f 4592 4504 4593
f 4504 4592 4505
f 4495 4621 4496
f 4462 4466 4495
f 4429 4437 4462
f 4437 4429 4438
f 4411 4697 4412
f 4715 4697 4723
f 4723 4722 4715
f 4381 4722 1041
f 1044 989 1101
f 989 1044 985
f 985 993 980
f 4447 4443 4626
f 4446 4445 4399
f 4398 4695 4399
f 4380 4695 4721
f 4380 4721 949
f 4377 947 4720
f 4378 853 4377
f 865 854 4378
f 857 854 864
f 851 857 874
f 852 851 873
f 261 846 873
f 1018 847 261
f 1057 848 1018
f 1056 952 1057
f 980 1001 981
f 981 997 986
f 986 995 987
f 1110 1065 1003
f 1065 1110 983
f 998 4724 983
f 3959 4725 4727
f 3960 3959 4728
f 4733 4729 4731
f 4754 4732 4727
f 4729 4733 4735
f 4739 4736 4738
f 4736 4739 4741
f 5427 4742 4744
f 4751 4729 4745
f 4736 4746 4737
f 4746 4736 4748
f 4744 4743 4750
f 4729 4751 4730
f 5566 4753 4754
f 4798 4755 4757
f 5097 4758 4760
f 5506 4761 4763
f 4821 4764 4766
f 4790 4767 4764
f 4788 4768 4770
f 4776 4771 4773
f 4773 4774 4776
f 4780 4777 4779
f 4777 4780 4782
f 4794 4783 4785
f 4780 4755 4781
f 4755 4780 4756
f 4762 4787 4773
f 4762 4773 4763
f 4759 4788 4760
f 4792 4789 4790
f 5240 4791 4792
f 5503 4793 4794
f 4789 4791 4796
f 4767 4789 4797
f 4755 4798 4786
f 5503 4800 4793
f 4787 4762 4802
f 5250 4803 4805
f 4825 4806 4808
f 4827 4809 4811
f 4815 4812 4814
f 4812 4815 4817
f 5516 4818 4820
f 5203 4821 4822
f 5456 4810 4823
f 5113 4824 4825
f 5110 4826 4827
f 4765 4767 4828
f 5093 4011 4829
f 4812 4830 4813
f 5115 4830 4817
f 4818 4832 4819
f 4823 4809 4834
f 4847 4835 4837
f 4861 4838 4840
f 5788 4841 4843
f 5789 4844 4846
f 5525 4847 4848
f 5572 4849 4851
f 5573 4852 4854
f 4842 4855 4843
f 4852 4857 4859
f 5485 4860 4861
f 4846 4845 4863
f 4851 4850 4865
f 4872 4866 4868
f 5486 4869 4871
f 5477 4872 4873
f 4871 4870 4875
f 4883 4876 4838
f 5561 4877 4844
f 4849 4878 4850
f 4859 4880 4852
f 5573 4881 4852
f 4860 4882 4838
f 4845 4877 4862
f 4879 4885 4850
f 4918 4886 4888
f 5476 4889 4891
f 5489 4892 4894
f 4915 4895 4897
f 4901 4898 4900
f 4898 4901 4903
f 4913 4904 4906
f 4913 4907 4904
f 4917 4909 4911
f 4886 4912 4913
f 4886 4913 4887
f 4901 4893 4902
f 4893 4901 4894
f 4889 4915 4890
f 4920 4916 4917
f 4912 4886 4919
f 4916 4920 4922
f 4893 4892 4914
f 4940 4924 4926
f 4942 4927 4929
f 5532 4930 4932
f 4945 4931 4933
f 5473 4934 4936
f 4928 4927 4938
f 5569 4939 4940
f 5117 4941 4942
f 4931 4943 4932
f 4943 4931 4946
f 4934 4947 4935
f 4927 4941 4937
f 4962 4950 4952
f 4976 4953 4955
f 5571 4956 4958
f 5803 4959 4961
f 5358 4962 4963
f 4996 4964 4966
f 4998 4967 4969
f 4958 4957 4971
f 4998 4972 4974
f 5366 4975 4976
f 4960 4959 4978
f 4964 4979 4965
f 4987 4981 4983
f 5367 4984 4986
f 5546 4987 4988
f 4985 4989 4986
f 4953 4991 4954
f 5803 4993 4959
f 5799 4995 4996
f 4974 4997 4998
f 4969 4999 4998
f 5552 4991 4975
f 4959 4994 4977
f 4995 5001 4964
f 5544 5002 5004
f 5361 5005 5007
f 5038 5008 5010
f 5031 5011 5013
f 5019 5014 5016
f 5016 5017 5019
f 5023 5020 5022
f 5020 5023 5025
f 5033 5026 5028
f 5003 5029 5023
f 5023 5022 5003
f 5008 5030 5016
f 5016 5015 5008
f 5005 5031 5006
f 5035 5032 5033
f 5029 5003 5034
f 5032 5035 5037
f 5008 5038 5030
f 5057 5040 5042
f 5059 5043 5045
f 5049 5046 5048
f 5046 5049 5051
f 5536 5052 5054
f 5542 5044 5055
f 5576 5056 5057
f 5116 5058 5059
f 5046 5060 5047
f 5060 5046 5062
f 5052 5063 5053
f 5043 5058 5055
f 5342 5066 5068
f 5784 5067 5069
f 4004 4020 5071
f 5775 5072 5069
f 5785 5074 5076
f 5085 5077 5079
f 5774 5080 5075
f 5090 5081 5067
f 5773 5082 5084
f 5118 5077 5086
f 5076 5080 5088
f 5784 5089 5067
f 5082 5091 5083
f 3850 5093 5094
f 5636 4015 5096
f 4038 5097 5099
f 5006 5013 5101
f 5312 4041 5103
f 5098 5097 5104
f 4897 4896 5106
f 5788 4843 5108
f 5114 4825 5109
f 4746 4748 4826
f 4746 4826 4747
f 5099 5111 5112
f 5589 5113 5114
f 4830 5115 4941
f 5058 4943 5065
f 4943 5058 4944
f 4830 4941 4831
f 5351 5056 5091
f 5086 5060 5118
f 5461 4018 5119
f 4888 4887 5121
f 4820 5109 4769
f 4032 4039 5123
f 4790 4764 5125
f 4848 4837 5127
f 4797 5128 4828
f 5350 5130 5132
f 5145 5133 5135
f 3855 5136 5131
f 5147 5137 5139
f 5128 5140 5129
f 3861 3860 3899
f 5146 5142 5144
f 3858 3857 5135
f 5142 5146 5139
f 5305 5148 5139
f 5142 5148 5143
f 5307 5150 3895
f 5253 5151 5153
f 3859 5154 3897
f 5420 4805 5157
f 5155 5158 3897
f 5313 5159 5161
f 5468 5160 5162
f 5135 5134 5163
f 5167 5164 5166
f 5191 5167 5168
f 5215 5169 5171
f 5348 5172 5161
f 5172 5174 5173
f 5174 5176 5175
f 5176 5178 5177
f 5183 5179 5180
f 5180 5181 5183
f 5188 5184 5186
f 5334 5187 5188
f 5168 5189 5191
f 5189 5192 5190
f 5193 5192 5195
f 5181 5196 5182
f 5207 5197 5198
f 4041 4040 5102
f 4779 4778 5200
f 4827 4811 5202
f 4821 5203 5205
f 5217 5206 5194
f 5187 5207 5208
f 5208 5209 5187
f 5209 5210 5184
f 5233 5211 5213
f 5210 5214 5185
f 5169 5215 5216
f 5206 5217 5219
f 5221 5220 5218
f 5220 5221 5223
f 5227 5223 5224
f 5224 5225 5227
f 5231 5226 5228
f 5228 5229 5231
f 5248 5213 5128
f 5248 5232 5213
f 5151 5234 5152
f 5262 5235 5236
f 5241 4792 5125
f 5239 5230 5237
f 5242 5238 5237
f 3901 3900 5156
f 5401 5240 5241
f 5238 5242 5244
f 5254 5245 5247
f 4797 4796 5128
f 4796 4795 5248
f 5315 5249 5159
f 5259 5250 5252
f 5235 5253 3846
f 3883 3877 5255
f 5302 5256 5258
f 4803 5250 5260
f 5151 5253 5261
f 5261 5235 5263
f 5265 5264 3901
f 5319 5265 5266
f 4764 4821 5124
f 5268 5204 5267
f 5298 5268 5269
f 5269 5267 5271
f 3875 5272 3893
f 3891 5274 3874
f 3874 5275 3875
f 5384 5276 5278
f 5331 5279 5281
f 5281 5280 5282
f 5282 5212 5283
f 5292 3870 3890
f 5286 5284 5258
f 5153 5286 5257
f 5272 5287 5273
f 5274 5289 5275
f 5275 5290 5272
f 11628 5291 5292
f 5292 3890 5273
f 5255 5254 5293
f 3854 3858 5163
f 11628 5292 5288
f 5299 5269 5294
f 3903 5295 5297
f 11629 5298 5299
f 5257 3847 5153
f 5234 3851 5163
f 3847 5257 5300
f 5323 5301 5234
f 11630 5302 5285
f 3856 3855 5303
f 5139 5138 5305
f 3877 5306 5254
f 3895 3903 5307
f 5303 5131 5308
f 5284 5286 5133
f 4011 5093 5249
f 5093 3850 5260
f 3886 5306 5309
f 3888 3904 5310
f 3850 3849 4803
f 5316 5311 5167
f 5462 4024 5103
f 5159 5313 5315
f 5324 5316 5191
f 5318 5317 3849
f 5320 5266 5318
f 5380 5319 5320
f 5156 5317 3901
f 4805 4804 5156
f 5293 5321 5255
f 5261 5323 5151
f 5316 5324 5325
f 5152 5134 5153
f 5267 5203 5270
f 5244 5243 5327
f 5330 5328 5211
f 5263 5329 5261
f 5414 5330 5233
f 5213 5212 5140
f 5170 5331 5171
f 5337 5324 5190
f 5171 5281 5186
f 5311 5316 5332
f 5337 5136 3853
f 5283 5188 5282
f 5329 5333 5323
f 5328 5334 5283
f 5346 5335 5326
f 5255 5322 3883
f 5260 5259 5249
f 5468 5162 5252
f 5190 5193 5337
f 5140 5280 5141
f 5340 5338 5083
f 5083 5092 5340
f 4811 4775 5201
f 5579 5341 5342
f 5553 4969 5343
f 5366 4990 5345
f 5458 4051 5095
f 5335 5346 5348
f 5347 5349 5348
f 5136 5193 5132
f 5206 5350 5195
f 5186 5185 5171
f 5375 5040 5351
f 5350 5206 5144
f 5174 5172 5352
f 5352 5353 5174
f 5665 4004 5354
f 3853 3852 5337
f 3845 5355 3846
f 4973 4970 4974
f 4956 4997 4957
f 4950 4962 5357
f 11631 5356 5358
f 4988 5359 5361
f 5036 5035 5363
f 5035 5033 5362
f 5364 5033 5365
f 5041 5028 5042
f 4986 4990 4976
f 4955 5367 4976
f 11632 5368 4982
f 5359 4988 5368
f 5038 5010 4977
f 4977 5000 5038
f 5000 5369 5039
f 5360 5371 5361
f 5005 5371 5031
f 5372 5373 5031
f 5365 5028 5374
f 5049 5020 5050
f 5374 5041 5375
f 5207 5187 5376
f 5318 3849 5377
f 5320 5318 5378
f 5320 5378 5380
f 11633 5381 5383
f 5383 5382 5384
f 5325 3852 5301
f 5332 5325 5333
f 5220 5146 5219
f 5146 5220 5147
f 5137 5147 5227
f 5227 5226 5137
f 5353 5386 5176
f 5180 5178 5387
f 5387 5388 5180
f 5388 5389 5181
f 3900 5385 5231
f 3900 5231 5157
f 5392 5390 5175
f 5175 5177 5392
f 5395 5391 5179
f 5396 5393 5197
f 5393 5394 5182
f 5179 5183 5395
f 5376 5396 5207
f 5390 5313 5173
f 5400 5397 5240
f 5416 4027 5398
f 5402 5232 5399
f 4791 5397 4795
f 5415 5400 5401
f 5398 5314 5390
f 5414 5233 5402
f 5411 5403 5405
f 5412 5406 5408
f 5405 5409 5396
f 5412 5410 5395
f 5409 5406 5393
f 4027 4012 5314
f 5376 5411 5396
f 5395 5394 5412
f 5419 5409 5404
f 5419 5407 5409
f 5392 5391 5413
f 5403 5402 5404
f 5249 5315 4011
f 5334 5328 5376
f 5402 5403 5414
f 5390 5392 5398
f 5328 5330 5411
f 5400 5415 5407
f 5419 5397 5407
f 5418 4027 5417
f 5401 5418 5415
f 5397 5419 5399
f 5250 4805 5251
f 5239 5420 5230
f 5420 5239 5251
f 5389 5421 5196
f 5208 5198 5422
f 5558 5059 5423
f 5443 3989 5424
f 3950 3949 5424
f 5586 5426 4750
f 4744 5426 5427
f 4728 5428 3960
f 4739 3984 4740
f 3958 5430 3959
f 3967 5431 3958
f 3932 5431 3938
f 3916 5432 5433
f 5433 5434 3916
f 3918 5436 5432
f 5565 5437 5438
f 3964 5437 3971
f 3951 5440 3952
f 5442 5441 3953
f 3956 5442 3991
f 5441 5440 3954
f 3965 3972 3921
f 3966 3965 3920
f 3927 3926 3962
f 3946 3986 3981
f 3946 3981 3947
f 3937 3992 3929
f 3929 3935 3937
f 3935 3934 3931
f 3984 4739 3942
f 5450 5445 4738
f 4731 4730 4742
f 4749 4743 4752
f 5754 3947 5447
f 4747 5448 4737
f 5449 5450 4737
f 4733 3933 4734
f 3933 4733 3934
f 5451 5445 3980
f 5452 5451 3977
f 5455 5452 5453
f 5455 5446 3941
f 3978 3925 5453
f 5447 5446 5454
f 3973 5424 3974
f 5443 5424 3991
f 5453 3975 5455
f 3941 3940 5455
f 5609 5202 4831
f 4813 5202 4814
f 4810 5456 4776
f 5200 5199 4774
f 5457 5200 4787
f 5505 5457 4802
f 4800 4008 4801
f 4031 5458 4015
f 5096 5095 5459
f 5461 5119 4042
f 4050 5460 4042
f 4024 5462 4050
f 5462 5103 4022
f 4023 4019 4047
f 4036 4041 4001
f 5102 4019 5103
f 4019 5102 4020
f 4035 5071 4040
f 5354 5071 5463
f 3998 5123 4009
f 4038 5099 4039
f 5504 5464 4800
f 4798 4030 4799
f 4030 4798 4031
f 5098 5104 4801
f 4793 5104 4783
f 4783 5465 4784
f 4776 4775 4810
f 5201 5199 4814
f 4777 4815 4778
f 5114 5109 4819
f 5589 5114 4833
f 3940 3943 5452
f 3943 3942 5451
f 4735 4734 5449
f 5422 5466 5208
f 5466 5467 5209
f 5251 5238 5252
f 5327 5468 5244
f 3902 5138 5385
f 5264 5304 3902
f 5150 5246 3896
f 5306 3886 5245
f 3904 3888 5295
f 5158 5296 3898
f 5308 5130 5149
f 5130 5350 5143
f 5335 5160 5327
f 5160 5335 5161
f 5467 5469 5210
f 5216 5214 5470
f 4745 4735 5448
f 4734 3979 5450
f 5444 3972 5441
f 5592 5471 4948
f 5471 5472 4935
f 4895 5473 4896
f 4909 5106 4910
f 4916 5474 4909
f 5567 5474 4922
f 5488 5475 4873
f 5127 5126 5477
f 5570 5126 4836
f 4869 5108 4870
f 4870 5107 4874
f 4855 5479 4856
f 5481 5480 4857
f 4860 5481 4882
f 4882 5482 4883
f 5483 5484 4883
f 5480 5485 5479
f 4871 4875 4861
f 4840 5486 4861
f 11634 5487 4867
f 4873 4868 5488
f 4892 5489 4862
f 4862 4884 4892
f 4884 5490 4923
f 5475 5491 5476
f 5491 5492 4889
f 5492 5493 4915
f 5493 5494 4895
f 4928 4938 4898
f 4898 4903 4928
f 4934 5473 5495
f 5495 5496 4934
f 5497 4824 5496
f 5498 4806 5497
f 5499 4807 5498
f 4815 4777 4816
f 4807 5499 4785
f 4785 4784 4807
f 5501 4794 5500
f 5503 4794 5502
f 4800 5503 5504
f 5458 5505 4051
f 4028 4051 4761
f 4761 5506 4028
f 5464 5507 4008
f 5662 3997 5507
f 4002 4048 4003
f 4037 4036 4000
f 5618 5508 4033
f 5510 5509 5508
f 5509 5510 4758
f 4758 5097 5509
f 5098 4801 5099
f 4758 5511 4759
f 4759 5512 4788
f 5513 5514 4788
f 5514 5515 4768
f 4768 5516 4769
f 5109 4808 5122
f 4818 5516 5517
f 5517 5518 4818
f 5519 4753 5518
f 4753 5519 4732
f 5428 4728 5520
f 3934 4731 3913
f 4742 5427 3913
f 5521 3968 5429
f 5522 3970 5521
f 3970 5522 5433
f 3925 3978 3926
f 3926 3930 3963
f 5770 3917 5435
f 3922 3987 3923
f 3954 3951 3955
f 4858 4855 4859
f 4841 4880 4842
f 11635 4835 5523
f 5525 5524 4847
f 4864 4918 4865
f 4864 4885 4918
f 5524 5525 5526
f 5526 4921 5527
f 5527 4920 5528
f 5528 4917 5529
f 4903 5530 4929
f 4904 4930 4905
f 4904 4908 4930
f 5563 4925 5533
f 5533 4924 5534
f 5063 5535 4939
f 5538 5535 5052
f 5052 5536 5538
f 5020 5049 5021
f 5596 5539 5064
f 5539 5540 5053
f 5018 5541 5045
f 5019 5018 5044
f 5044 5542 5019
f 5026 5100 5027
f 5032 5101 5026
f 5575 5101 5037
f 4979 5002 4980
f 5002 4979 5034
f 11631 5358 5363
f 5555 5545 5546
f 5568 5545 4951
f 4984 5547 4985
f 4985 5548 4989
f 4970 5344 4971
f 4973 5345 4970
f 5550 5345 4972
f 4975 5550 5552
f 5551 5553 5552
f 4991 5553 4992
f 5574 5554 4993
f 4980 5369 4965
f 4988 5361 5546
f 5358 4963 5036
f 5575 5555 5007
f 5370 5556 5039
f 5030 5556 5017
f 5017 5557 5018
f 5536 5011 5537
f 5011 5536 5012
f 5540 5543 5054
f 5047 5558 5048
f 5061 5559 5047
f 5793 5560 5561
f 4865 5490 4851
f 5525 4848 4921
f 4873 5476 5477
f 5567 5127 4891
f 4923 5121 4914
f 4914 5120 4902
f 4902 5562 4903
f 5529 4911 5563
f 4911 4910 4925
f 5472 5105 4936
f 4932 5564 5532
f 5608 5564 4944
f 3953 3989 5442
f 5442 3956 5441
f 3972 3971 5440
f 3924 3952 5437
f 5771 3924 5565
f 5436 3961 3994
f 5431 3967 3995
f 5431 3932 5430
f 5430 3915 4725
f 5426 4754 4726
f 5586 5566 5426
f 4725 3914 4726
f 3993 3938 3994
f 4031 4757 5458
f 4757 4756 5505
f 4865 4888 5490
f 4875 4874 5479
f 4760 4770 5104
f 4770 4769 5465
f 4022 4049 5462
f 4756 4779 5457
f 5609 5110 5202
f 4049 4018 5460
f 5573 4854 5483
f 5120 4887 5562
f 4848 5127 4922
f 5551 4999 5553
f 4981 4987 5568
f 5592 5569 5471
f 4866 4872 5570
f 5547 5571 5548
f 5608 5117 5564
f 5793 5572 5560
f 5567 4891 5474
f 4910 5105 4926
f 5481 4860 5480
f 5471 4940 5472
f 4972 4999 5550
f 4855 4858 5479
f 5370 5544 5556
f 4857 4881 5481
f 4963 4952 5555
f 5559 5116 5558
f 5556 5004 5557
f 5490 4884 5560
f 5022 5021 5557
f 4881 5573 5482
f 5562 4906 5530
f 5564 4942 5531
f 4905 5532 5530
f 5107 4843 5478
f 4890 4897 5474
f 5013 5012 5100
f 5575 5007 5101
f 4966 4965 5574
f 5541 5021 5423
f 4963 5555 5037
f 5596 5576 5539
f 4980 5544 5369
f 5539 5057 5540
f 5550 4975 5345
f 5743 5577 5079
f 4958 4971 5548
f 5369 5000 5554
f 5042 5027 5540
f 4990 4989 5344
f 5338 5340 5579
f 5577 5580 5578
f 4939 5569 5063
f 4947 4824 4948
f 4832 4753 4833
f 5599 5582 4752
f 5780 5073 5166
f 5582 5583 4749
f 5242 5584 5243
f 5584 5585 5586
f 5585 5587 5566
f 5778 5587 5228
f 5778 5588 5589
f 5590 5588 5224
f 4948 5590 5592
f 5221 5593 5222
f 5569 5593 5064
f 5064 5594 5596
f 5595 5597 5596
f 5777 5598 5469
f 5600 5599 4751
f 5347 5600 5349
f 5448 5602 4745
f 5602 5603 5352
f 5603 5604 5353
f 5606 5605 5466
f 5782 5606 5422
f 5782 5607 5559
f 5610 5607 5389
f 4831 5117 5609
f 5611 5610 5388
f 5783 5611 5387
f 5783 5604 5609
f 5629 5612 5614
f 4037 4033 5463
f 5646 5615 5617
f 4000 5618 4037
f 5816 5619 5621
f 5624 4005 5623
f 4005 5624 5459
f 5807 5626 5628
f 5719 5612 5630
f 5634 5096 5625
f 5669 5631 5633
f 5096 5634 5636
f 5642 5637 5639
f 5621 5620 5641
f 5717 5642 5644
f 5728 5645 5617
f 5628 5627 5648
f 5631 5649 5632
f 5658 5651 5653
f 11636 4013 5635
f 5806 5654 5656
f 11636 5657 4013
f 5751 5658 5659
f 5654 5660 5655
f 4048 4002 5662
f 5646 5663 5615
f 4002 5665 3997
f 5626 5666 5627
f 5123 3998 5354
f 5814 5668 5669
f 5354 5463 5123
f 5717 5670 5642
f 5639 5671 5642
f 5645 5672 5646
f 5627 5667 5647
f 5668 5674 5631
f 5748 5675 5677
f 5721 5678 5680
f 5710 5681 5683
f 5704 5684 5686
f 5692 5687 5689
f 5689 5690 5692
f 5696 5693 5695
f 5693 5696 5698
f 5723 5699 5701
f 5676 5702 5696
f 5676 5696 5677
f 5689 5681 5690
f 5681 5689 5682
f 5678 5704 5679
f 5723 5705 5699
f 5702 5676 5707
f 5706 5705 5709
f 5681 5710 5703
f 5747 5679 5712
f 5436 5565 3961
f 5639 5638 5714
f 5728 5661 5716
f 5644 5640 5717
f 5619 5670 5620
f 3966 3962 5438
f 3920 3927 3966
f 5815 5613 5718
f 11637 5718 5719
f 5732 5720 5659
f 5749 5708 5722
f 5722 5705 5724
f 5724 5723 5725
f 5701 5700 5727
f 5655 5661 5617
f 5656 5655 5616
f 5729 3976 3920
f 3976 5729 5454
f 11638 5731 5652
f 5659 5653 5732
f 5710 5683 5647
f 5647 5673 5710
f 5673 5733 5711
f 5720 5735 5721
f 5735 5736 5678
f 5736 5737 5704
f 5725 5701 5738
f 5693 5698 5740
f 5693 5740 5694
f 5691 5742 5577
f 5692 5691 5743
f 5743 5744 5692
f 5699 5712 5700
f 5747 5712 5706
f 5709 5746 5706
f 5675 5748 5649
f 5649 5674 5675
f 11637 5719 5749
f 5763 5750 5751
f 5769 5750 5614
f 5752 5447 5730
f 5447 5752 5754
f 5806 5755 5654
f 5654 5756 5660
f 5640 5715 5641
f 5644 5716 5640
f 5758 5716 5643
f 5645 5758 5672
f 5672 5759 5663
f 5663 5714 5664
f 11639 3945 5753
f 11639 5760 3945
f 5666 5761 5667
f 5733 5762 5650
f 5659 5721 5751
f 5719 5630 5708
f 5746 5763 5680
f 5711 5734 5703
f 5764 5765 5703
f 5690 5765 5691
f 5767 5684 5766
f 5684 5767 5685
f 5772 5745 5768
f 5671 5639 5759
f 5651 5658 5769
f 5816 5621 5755
f 5643 5671 5758
f 5734 5748 5764
f 5630 5629 5763
f 5764 5677 5765
f 5695 5694 5765
f 5712 5686 5745
f 5746 5680 5747
f 5633 5632 5761
f 5694 5741 5742
f 5709 5630 5746
f 5650 5748 5733
f 5645 5728 5758
f 3987 3922 5770
f 3922 5771 3917
f 5621 5641 5756
f 5436 3918 5565
f 5733 5673 5762
f 5700 5745 5726
f 5661 5660 5715
f 5579 5772 5338
f 5772 5579 5726
f 5338 5768 5084
f 5766 5773 5767
f 5744 5743 5078
f 5726 5342 5727
f 5081 5738 5068
f 5739 5774 5740
f 5074 5741 5075
f 5341 5775 5066
f 5340 5339 5341
f 5192 5776 5194
f 5072 5776 5189
f 5073 5072 5168
f 5581 5580 5074
f 5074 5079 5581
f 5785 5085 5074
f 5339 5776 5775
f 5605 5777 5467
f 5599 5346 5582
f 5582 5326 5583
f 5586 4750 5584
f 5242 5237 5584
f 5237 5229 5585
f 5778 5589 5587
f 5228 5225 5778
f 5590 4948 5588
f 5590 5224 5591
f 5569 5592 5593
f 5593 5221 5594
f 5594 5218 5595
f 5595 5217 5597
f 5166 5165 5780
f 5600 5347 5599
f 4751 4745 5600
f 5352 5349 5602
f 5602 5448 5603
f 4747 5110 5603
f 5060 5086 5061
f 5559 5061 5782
f 5422 5421 5782
f 4944 5116 5610
f 5608 4944 5611
f 5609 5608 5783
f 5387 5386 5783
f 5056 5576 5092
f 5776 5339 5597
f 5780 5784 5073
f 5779 5089 5780
f 5598 5777 5087
f 5781 5086 5785
f 5076 5088 5785
f 5061 5781 5606
f 5781 5088 5605
f 5415 5417 5408
f 5416 5398 5410
f 5410 5412 5786
f 5417 5416 5786
f 5418 5401 4026
f 5241 5125 4026
f 5125 5124 4010
f 5124 5205 4829
f 5205 5204 5094
f 5377 3848 5268
f 5378 5377 5298
f 11629 5379 5298
f 5381 5289 5382
f 5274 3891 5382
f 5276 3891 5277
f 11640 3884 5336
f 5570 5108 4866
f 5108 5570 5788
f 4835 4841 4836
f 5486 4867 4869
f 11634 4867 4840
f 4844 5789 5791
f 4844 5791 5561
f 11641 5793 5792
f 11641 5794 5793
f 4849 5572 5795
f 5795 5796 4849
f 11635 4880 4835
f 5547 4984 5568
f 5547 5568 5571
f 4950 4956 4951
f 5357 4997 4950
f 4996 5797 5799
f 5797 4996 5800
f 5574 5801 4966
f 5574 4993 5801
f 5805 5802 5803
f 5803 4961 5805
f 11632 4982 4955
f 4982 4981 5367
f 5656 5652 5806
f 11638 5652 5616
f 11642 5626 5808
f 11642 5809 5626
f 5761 5666 5810
f 5810 5811 5761
f 5669 5633 5812
f 5669 5812 5814
f 5670 5619 5815
f 5619 5816 5613
f 5769 5614 5755
f 5769 5755 5651
f 3 2 1124
f 1160 1188 1152
f 1188 1182 1115
f 1182 1172 1118
f 1172 1163 1120
f 1114 1191 1124
f 1194 5817 1189
f 70 64 5818
f 1183 1189 1130
f 1177 5819 1178
f 1129 1183 5818
f 1155 1134 1168
f 1164 1128 5820
f 1154 1137 1155
f 1165 1164 1139
f 1165 1139 1191
f 1156 5821 1157
f 1184 4104 1185
f 1170 5822 1179
f 1163 1113 1122
f 1170 1161 5822
f 1161 1160 1150
f 1141 5821 1145
f 1168 4103 1177
f 1179 1149 1184
f 4307 4309 1142
f 4307 1138 4309
f 1125 5817 1132
f 9678 5823 5825
f 5832 5826 5828
f 5823 5829 5828
f 5828 5830 5832
f 5830 5833 5831
f 5829 5835 5830
f 5833 5836 5834
f 5835 5838 5833
f 5836 5839 5837
f 5838 5841 5836
f 5839 5842 5840
f 5841 5844 5839
f 5842 5845 5843
f 5844 5847 5842
f 5845 5848 5846
f 5847 5850 5845
f 5852 5851 5848
f 5855 5852 5850
f 5854 5853 5852
f 9679 5854 5855
f 5859 5856 5858
f 9680 5859 5860
f 9681 5861 5863
f 5861 5864 5862
f 9681 5866 5861
f 5867 5868 5861
f 9683 5869 5866
f 5867 5869 5868
f 9684 5871 5824
f 5826 5872 5827
f 5872 5874 5873
f 9684 5876 5871
f 5874 5878 5875
f 5876 5880 5877
f 5878 5882 5879
f 9685 5884 5880
f 5892 5885 5887
f 5927 5888 5890
f 5896 5891 5892
f 5888 5893 5889
f 5923 5895 5896
f 5893 5897 5894
f 5856 5899 5857
f 9691 5901 5870
f 5901 5902 5868
f 9690 5902 5904
f 5853 5905 5851
f 5851 5906 5849
f 5907 5908 5849
f 5908 5909 5846
f 5909 5910 5843
f 5910 5911 5840
f 9687 5912 5834
f 5832 5913 5826
f 5826 5914 5872
f 5912 5913 5831
f 5917 5916 5874
f 5915 5917 5872
f 9687 5911 5919
f 9689 5920 5887
f 5892 5920 5896
f 5921 5922 5896
f 9689 5924 5926
f 5887 5886 5882
f 9685 5927 5884
f 5924 5916 5925
f 6670 5929 5925
f 5929 5930 5926
f 5930 5932 5931
f 5932 5934 5933
f 5987 5936 5938
f 5944 5939 5941
f 5941 5940 5943
f 5938 5937 5944
f 5936 5945 5937
f 5937 5946 5939
f 5939 5947 5940
f 5940 5948 5942
f 5945 5950 5946
f 9928 5952 5953
f 5946 5951 5947
f 5947 5954 5948
f 5955 5953 5948
f 5950 135 5951
f 9928 5953 136
f 5951 138 5954
f 5954 140 5955
f 5956 137 5955
f 5904 5903 5958
f 5960 5957 5959
f 9862 5960 5961
f 9686 5962 5964
f 5973 5965 5967
f 6660 5968 5970
f 5965 5971 5966
f 5969 5973 5970
f 5971 5974 5972
f 5986 5975 5919
f 5983 5977 5979
f 5976 5975 5981
f 5985 5982 5983
f 5979 5978 5928
f 5981 5980 5985
f 6670 5925 5984
f 5919 5918 5986
f 5936 5987 5989
f 5945 5936 5990
f 5950 5945 5991
f 135 5950 177
f 5996 5992 5994
f 6002 5995 5996
f 6000 5997 5999
f 6014 5997 6001
f 5999 5998 6002
f 5989 5988 5993
f 6009 6003 6005
f 6004 6006 6005
f 6666 6008 6009
f 6006 6010 6007
f 6010 6012 6011
f 6001 6013 6014
f 6014 6015 5997
f 6015 6014 6017
f 5995 6018 5992
f 5992 6019 5993
f 6003 6021 6004
f 6004 6022 6006
f 6008 6024 6003
f 6006 6023 6010
f 5998 6026 5995
f 6665 6027 6008
f 6010 6025 6012
f 5997 6016 5998
f 5990 5989 6020
f 5991 5990 6028
f 5991 6028 177
f 6015 6029 6016
f 6016 6030 6026
f 6026 6031 6018
f 6019 6033 6035
f 6039 6036 6031
f 6019 6035 6020
f 6029 6037 6030
f 6035 6034 222
f 6030 6038 6031
f 6033 6040 6034
f 6034 6041 232
f 6569 6042 6044
f 6042 6045 6043
f 6045 6047 6046
f 6024 6049 6021
f 6022 6051 6023
f 6021 6050 6022
f 6055 6053 6025
f 6027 6054 6024
f 6052 6055 6023
f 6057 6056 6055
f 6058 6057 6052
f 9964 6058 6051
f 6029 6015 6053
f 6029 6053 6037
f 10009 6059 6061
f 6569 6059 6063
f 9975 6064 6044
f 10009 6065 6067
f 6644 6068 6070
f 3603 6071 262
f 6132 6073 6075
f 6073 6076 6074
f 6080 6078 6074
f 6074 6077 6080
f 6084 6081 6082
f 280 6081 275
f 6089 6083 6084
f 6082 6072 6085
f 262 6072 280
f 9865 6086 6088
f 6078 6089 6075
f 6115 6090 6092
f 9897 6093 6095
f 9855 6096 6098
f 6123 6092 6099
f 296 295 6096
f 6098 6097 6101
f 6123 6099 6103
f 305 6100 295
f 6101 6100 6105
f 6103 6102 6107
f 343 6104 305
f 6113 6108 6110
f 6137 6111 6113
f 6150 6114 6116
f 6154 6117 6119
f 6117 6120 6118
f 6092 6122 6115
f 6092 6123 6122
f 6123 6103 6124
f 6103 6107 6125
f 6108 6127 6107
f 6113 6112 6108
f 6137 6121 6111
f 6095 6094 6121
f 6094 6128 6118
f 9369 328 6129
f 6114 6119 6130
f 9410 6131 6132
f 6135 6076 6134
f 6860 6135 6136
f 6162 6095 6137
f 9997 6138 6140
f 6105 6104 6142
f 356 6141 343
f 6111 6120 6144
f 6111 6144 6112
f 6125 6126 6147
f 6151 6116 6148
f 6153 6143 6117
f 6122 6124 6148
f 6163 6150 6151
f 6126 6127 6146
f 6177 6153 6154
f 6112 6145 6127
f 6124 6125 6149
f 371 6155 356
f 9857 6156 6158
f 6165 6159 6161
f 6108 6107 6109
f 6110 6162 6113
f 6154 6119 6150
f 6090 6115 6130
f 6177 6154 6163
f 6188 6164 6161
f 11588 6166 368
f 4324 6168 371
f 6180 6146 6169
f 6181 6170 6153
f 6145 6171 6152
f 6144 6143 6172
f 6179 6151 6173
f 6148 6149 6173
f 6144 6172 6145
f 6163 6175 6177
f 6149 6147 6174
f 6175 6163 6179
f 6147 6146 6178
f 6177 6176 6153
f 6185 6182 6175
f 6182 6183 6176
f 6187 6184 6185
f 6184 6186 6182
f 6185 6175 6173
f 6170 6181 6172
f 6172 6183 6171
f 6171 6186 6169
f 6186 6184 6180
f 6184 6187 6178
f 6187 6185 6174
f 9372 6188 6189
f 6161 6160 6189
f 6156 6191 6157
f 6168 6193 6155
f 6197 6191 6196
f 6222 6197 6198
f 6202 6199 6201
f 6204 6202 6203
f 6228 6204 6205
f 9404 6206 6208
f 9404 6209 6206
f 6294 6211 6213
f 6211 6214 6212
f 6233 6216 6218
f 9378 6219 6221
f 6224 6192 6197
f 6197 6222 6224
f 6222 6199 6223
f 6202 6204 6227
f 6204 6228 6226
f 9429 6230 6232
f 6279 6233 6234
f 6221 6220 6236
f 6164 6217 6165
f 10088 6237 6239
f 6272 6240 6242
f 6295 6243 6245
f 9852 6246 6248
f 10099 6249 6251
f 6259 6252 6254
f 6261 6255 6257
f 6263 6258 6259
f 6265 6260 6261
f 6266 6262 6263
f 6274 6264 6265
f 499 466 6266
f 6274 467 6264
f 10096 6243 6268
f 6252 6269 6253
f 6258 6270 6252
f 6258 6262 6270
f 466 473 6262
f 6249 6272 6250
f 6257 6273 6261
f 6237 6265 6238
f 6265 6237 6274
f 11588 467 6166
f 6278 6275 6233
f 6220 6276 6235
f 6282 6278 6279
f 6159 6165 6275
f 10091 6159 6280
f 6275 6278 6280
f 6278 6282 6281
f 6283 6282 6284
f 6276 6285 6277
f 6298 6286 6283
f 6286 6287 6281
f 6846 6288 6290
f 10091 6280 6291
f 6285 6292 6284
f 6199 6222 6200
f 6209 6294 6210
f 6199 6202 6225
f 6236 6235 6234
f 6240 6295 6241
f 6255 6259 6256
f 6260 6263 6255
f 6264 6266 6260
f 6267 499 6264
f 6235 6277 6279
f 6285 6276 6297
f 6284 6293 6283
f 6285 6297 6292
f 6302 6268 6300
f 6269 6270 6300
f 10096 6268 6303
f 6327 6304 6306
f 6219 6296 6220
f 6271 473 6307
f 6270 6271 6301
f 9400 6308 6310
f 6299 646 6292
f 6331 6311 6313
f 6329 6314 6316
f 6340 6317 6319
f 6306 6305 6321
f 6328 6322 6324
f 6306 6325 6327
f 6315 6322 6316
f 6317 6305 6318
f 10100 6314 6330
f 6311 6331 6333
f 6316 6328 6335
f 6328 6324 6334
f 6321 6337 6306
f 10102 6330 6338
f 9383 6339 6340
f 6311 6341 6312
f 6341 6311 6343
f 6329 6316 6338
f 6347 6344 6320
f 6339 6320 6317
f 6308 6345 6309
f 6357 6347 6339
f 6366 6348 6345
f 6352 6336 6350
f 6361 6335 6351
f 6351 6334 6352
f 6344 6353 6321
f 10102 6338 6355
f 9383 6356 6339
f 6360 6358 6341
f 6341 6343 6360
f 6338 6335 6354
f 6344 6347 6363
f 6385 6364 6362
f 6373 6362 6357
f 6391 6365 6366
f 6369 6352 6367
f 6379 6361 6368
f 6368 6351 6369
f 6344 6363 6353
f 6397 6355 6371
f 6356 6372 6357
f 6376 6374 6360
f 6360 6359 6376
f 584 6377 585
f 6371 6354 6379
f 6382 6380 6376
f 6376 6375 6382
f 590 6383 584
f 6398 6371 6384
f 6364 6385 6387
f 6400 6385 6373
f 6383 590 6389
f 6414 6390 6391
f 6395 6369 6392
f 6388 603 6389
f 6384 6379 6394
f 6394 6368 6395
f 6364 6396 6363
f 6404 6397 6398
f 6372 6399 6373
f 6403 6395 6401
f 6396 6393 611
f 6410 6384 6402
f 6402 6394 6403
f 6387 6393 6364
f 6421 6404 6405
f 6424 6406 6399
f 6382 6407 6380
f 6407 6382 6409
f 6412 6370 611
f 6405 6398 6410
f 6415 6411 6386
f 6406 6386 6400
f 6353 6370 621
f 6417 6413 6414
f 6423 6415 6406
f 6337 6353 625
f 6433 6416 6417
f 6420 6403 6418
f 6337 625 6325
f 6428 6410 6419
f 6419 6402 6420
f 6411 6389 6387
f 6437 6421 6422
f 6440 6423 6424
f 6427 6425 6407
f 6407 6409 6427
f 6422 6405 6428
f 6411 6415 6430
f 6448 6430 6431
f 6439 6429 6423
f 6287 6286 675
f 9394 6432 6433
f 6436 6420 6434
f 6444 6428 6435
f 6435 6419 6436
f 6430 6383 6411
f 6449 6437 6438
f 9387 6439 6440
f 6427 6441 6425
f 6441 6427 6443
f 651 660 6293
f 6438 6422 6444
f 6447 6436 6445
f 6456 6444 6446
f 6446 6435 6447
f 6430 6448 6383
f 6471 6449 6450
f 9387 6451 6439
f 6441 6453 6442
f 6453 6441 6455
f 6450 6438 6456
f 6475 6448 6457
f 6439 6452 6429
f 6288 1077 6289
f 9394 6458 6432
f 6453 6460 6454
f 6460 6453 6462
f 6450 6456 6464
f 6452 6465 6431
f 6458 6466 6459
f 6470 6447 6468
f 6456 6446 6463
f 6469 6446 6470
f 6475 6378 6448
f 6487 6471 6464
f 6473 6465 6451
f 6490 6472 6473
f 6480 6474 6457
f 585 6378 698
f 6489 6477 6460
f 6489 6460 6478
f 10115 6479 6462
f 6472 6480 6465
f 6466 6481 6467
f 6470 6468 6484
f 6463 6469 6486
f 6469 6470 6485
f 6378 6475 6476
f 10111 6487 6488
f 6488 6464 6486
f 10111 6489 6479
f 6472 6490 6492
f 6048 6047 6494
f 6848 6495 6289
f 9428 6496 6498
f 9372 6189 6500
f 6232 6231 6207
f 6847 6499 6190
f 6676 6501 6503
f 6567 6504 6506
f 6511 6507 6509
f 6513 6510 6511
f 6515 6512 6513
f 6570 6514 6515
f 6570 6516 6514
f 6516 6518 6517
f 6524 6520 6522
f 6526 6523 6524
f 6528 6525 6526
f 6563 6527 6528
f 6563 6529 6527
f 6529 6531 6530
f 6505 6533 6506
f 6850 6535 6537
f 6541 6538 6540
f 6688 6541 6542
f 6688 6542 6544
f 6549 6545 6547
f 6553 6548 6550
f 6550 6544 6551
f 6550 6551 6553
f 6559 6545 6548
f 6550 6549 6544
f 6553 6552 6555
f 6546 6556 6558
f 6551 784 6552
f 6690 6559 6560
f 6531 6529 6562
f 6529 6563 6561
f 6528 6565 6563
f 6542 6540 791
f 6698 6566 6567
f 6063 6568 6569
f 6509 6521 6511
f 6511 6520 6513
f 6513 6523 6515
f 6515 6525 6570
f 6570 6527 6516
f 6518 6516 6532
f 6576 6507 6571
f 6517 6519 6573
f 6574 6514 6573
f 6575 6512 6574
f 6571 6510 6575
f 6582 6576 6577
f 6573 6572 6579
f 6577 6571 6580
f 6580 6575 6581
f 6581 6574 6579
f 6588 6582 6583
f 6587 6579 6584
f 6583 6577 6585
f 6585 6580 6586
f 6586 6581 6587
f 6594 6588 6589
f 6593 6587 6590
f 6589 6583 6591
f 6591 6585 6592
f 6592 6586 6593
f 6600 6594 6595
f 6599 6593 6596
f 6595 6589 6597
f 6597 6591 6598
f 6598 6592 6599
f 6654 6600 6601
f 6605 6599 6602
f 6601 6595 6603
f 6603 6597 6604
f 6604 6598 6605
f 6841 6606 6608
f 6616 6609 6611
f 6608 6607 6613
f 6613 6612 6615
f 6615 6614 6616
f 6628 6617 6619
f 6618 6620 6619
f 6725 6622 6624
f 6718 6625 6627
f 6624 6623 6628
f 6626 6625 6630
f 6634 6631 6633
f 6643 6634 6635
f 10491 6636 6638
f 9868 6639 6631
f 10121 6640 6642
f 6065 6643 6066
f 6646 6644 6645
f 10491 6646 6636
f 6751 6641 6647
f 6673 6648 6534
f 6508 6507 6649
f 6582 6650 6576
f 6588 6651 6582
f 6588 6594 6651
f 6594 6600 6652
f 6600 6654 6653
f 6669 6656 6658
f 9688 6659 6660
f 5962 6661 5963
f 9869 6659 6664
f 9869 6665 6666
f 6661 6667 6662
f 6658 6668 6669
f 5986 5974 6001
f 5965 5973 6007
f 6670 5987 5929
f 5968 6666 5969
f 5977 5996 5978
f 5932 5930 5941
f 5980 5999 5982
f 5974 5971 6013
f 5930 5929 5944
f 5973 5969 6005
f 5978 5994 5984
f 5982 6002 5977
f 5975 5986 6000
f 5987 6670 5988
f 5971 5965 6011
f 5975 6000 5980
f 5934 5932 5943
f 6534 6533 6672
f 7252 6673 6672
f 6542 791 6543
f 899 784 6543
f 6552 783 6554
f 6503 6674 6676
f 6849 6677 6679
f 6683 6678 6680
f 6682 6681 6678
f 6803 6682 6683
f 9419 6684 6686
f 6547 6546 6687
f 6544 6547 6688
f 6553 6555 6548
f 7267 6689 6690
f 6689 6691 6559
f 6545 6691 6546
f 6686 6685 6693
f 6801 6683 6694
f 6801 6695 6697
f 9367 6698 6699
f 6862 6700 6702
f 6565 6703 6564
f 6561 6564 6705
f 6562 6561 6706
f 6714 6707 6709
f 6717 6710 6712
f 6804 6713 6707
f 6805 6710 6533
f 6805 6714 6715
f 6732 6716 6712
f 6720 6718 6719
f 10119 6720 6721
f 9871 6722 6639
f 6621 6620 6724
f 6630 6629 6725
f 6672 6671 6727
f 6777 6728 6730
f 6748 6731 6732
f 10037 6733 6735
f 6739 6736 6738
f 10351 6739 6740
f 10036 6741 6743
f 6741 6744 6742
f 10038 6746 6744
f 10038 6747 6746
f 6654 6749 6655
f 6641 6751 6753
f 6832 6754 6756
f 6642 6641 6757
f 6762 6758 6760
f 6809 6642 6761
f 6751 6762 6752
f 6811 6763 6765
f 6767 6766 6728
f 6772 6767 6768
f 6839 6769 6771
f 6763 6772 6764
f 6766 6773 6729
f 6623 6730 6617
f 6813 6776 6718
f 6622 6777 6623
f 6629 6778 6622
f 6620 6779 6723
f 6625 6776 6629
f 6836 6781 6783
f 6834 6784 6069
f 10008 6568 6786
f 6796 6787 6062
f 6787 6785 6063
f 6844 6069 6788
f 6762 6751 6789
f 6758 6762 6740
f 6793 6790 1022
f 10008 6786 6792
f 6494 6493 6793
f 6795 6794 6787
f 10123 6795 6796
f 6740 6738 6758
f 6799 6798 6636
f 6814 6799 6645
f 6785 6794 6786
f 6535 6502 6536
f 6738 6737 6797
f 6695 6801 6802
f 6683 6801 6803
f 6504 6707 6505
f 6806 6671 6717
f 6566 6804 6504
f 6715 6711 6805
f 6533 6505 6805
f 6807 6806 6716
f 10040 6807 6731
f 6747 6808 6748
f 10122 6809 6810
f 6866 6811 6812
f 10118 6813 6720
f 6799 6814 6816
f 6798 6799 6817
f 6737 6818 6754
f 6814 6784 6815
f 6831 6820 1054
f 6612 6821 6614
f 6782 6781 6824
f 10352 6825 6827
f 6834 6828 6830
f 6032 6036 6033
f 6868 6831 1064
f 6797 6754 6833
f 6784 6834 6819
f 6607 6835 6612
f 6872 6779 6618
f 6784 6814 6070
f 6871 6836 1068
f 6609 6837 6610
f 6606 6749 6607
f 6873 6769 6840
f 6606 6841 6843
f 6614 6822 6609
f 6836 6828 6781
f 6800 6819 6845
f 6019 6018 6033
f 6160 6846 6190
f 6495 6847 6290
f 9890 6848 4113
f 6677 6849 6503
f 6680 6677 6502
f 6502 6535 6680
f 6802 6694 6850
f 6538 6541 6692
f 6540 6539 1083
f 6537 6536 1084
f 1086 1085 6501
f 1087 1086 6676
f 6676 6675 1087
f 10010 6852 6854
f 6681 6855 6679
f 6679 6856 6849
f 6849 6857 6674
f 6674 6858 6675
f 6086 6135 6087
f 6863 6861 6862
f 6522 6701 6524
f 6524 6700 6526
f 9419 6686 6557
f 6693 6687 6686
f 6541 6688 6693
f 6861 6863 6565
f 6526 6861 6528
f 10122 6810 6865
f 10484 6866 6867
f 6765 6764 6813
f 6831 6868 6870
f 6870 6869 6791
f 6749 6606 6750
f 6781 6844 6823
f 6821 6603 6822
f 6828 6836 6829
f 6758 6797 6759
f 6835 6601 6821
f 6775 6872 6617
f 6837 6605 6838
f 6749 6654 6835
f 6773 6873 6774
f 6822 6604 6837
f 6828 6834 6844
f 6871 6820 6829
f 6874 6845 6829
f 6959 6875 6877
f 6882 6878 6880
f 6884 6881 6882
f 6886 6883 6884
f 6912 6885 6886
f 6902 6876 5871
f 11584 6887 5898
f 6940 6888 6890
f 6887 6891 5894
f 9872 6892 6894
f 5889 6891 5890
f 6900 6895 6897
f 5884 6888 5881
f 9682 6899 6900
f 6898 6901 5881
f 6901 6902 5877
f 11585 6903 6905
f 9873 6906 6908
f 6914 6909 6911
f 9678 6875 6912
f 6915 6913 6911
f 6880 6879 6915
f 10078 6916 6918
f 7259 6919 6921
f 6958 6922 6924
f 6959 6925 6927
f 6939 6928 6930
f 6918 6917 6932
f 6924 6923 6934
f 6927 6926 6936
f 6940 6890 6938
f 6938 6939 6940
f 9874 6941 6943
f 6933 6944 6934
f 6936 6935 6947
f 6954 6937 6948
f 9875 6949 6951
f 6947 6946 6953
f 6960 6954 6955
f 6962 6956 6957
f 6953 6952 6958
f 6925 6959 6956
f 10080 6960 6961
f 6928 6962 6929
f 6979 6963 6965
f 10076 6966 6968
f 7260 6969 6971
f 7007 6972 6974
f 7008 6975 6977
f 6989 6978 6979
f 6967 6980 6968
f 6972 6982 6973
f 6975 6984 6976
f 11643 6986 6988
f 11643 6988 6989
f 9876 6990 6992
f 6983 6982 6994
f 6984 6995 6985
f 7003 6987 6997
f 9877 6998 7000
f 6995 7001 6996
f 7010 7003 7004
f 6965 6964 7006
f 7001 7007 7002
f 6977 7006 7008
f 10081 7009 7004
f 7016 7011 7010
f 6964 7012 7005
f 7035 7014 7001
f 7022 7008 7013
f 7009 7015 7010
f 6963 7017 6964
f 6966 7018 6967
f 7058 7020 6969
f 7007 7014 6972
f 7008 7022 6975
f 7029 7017 6978
f 6967 7019 6980
f 6972 7021 6982
f 6975 7023 6984
f 6988 6987 7028
f 7028 7029 6988
f 6990 7030 6991
f 6982 7025 6993
f 6984 7026 6995
f 7011 7027 7003
f 7050 7034 6998
f 6995 7033 7001
f 7071 7036 7022
f 7029 7037 7017
f 7019 7039 7024
f 7021 7041 7025
f 7023 7036 7026
f 7045 7028 7044
f 7028 7045 7029
f 7079 7046 7030
f 7025 7042 7032
f 7043 7048 7026
f 7052 7044 7011
f 7084 7049 7050
f 7048 7051 7033
f 7055 7052 7016
f 7056 7053 7012
f 7051 7054 7035
f 7071 7022 7053
f 7062 7055 7015
f 7017 7038 7012
f 7066 7039 7018
f 7068 7057 7058
f 7054 7041 7014
f 7071 7053 7060
f 10082 7061 7062
f 7038 7063 7056
f 7099 7065 7066
f 7096 7067 7068
f 7086 7069 7054
f 7060 7070 7071
f 7037 7072 7038
f 7065 7073 7039
f 7069 7074 7041
f 7070 7075 7036
f 7077 7045 7076
f 7045 7077 7037
f 7108 7078 7079
f 7042 7074 7047
f 7075 7081 7043
f 7052 7082 7044
f 9878 7083 7084
f 7081 7085 7048
f 7055 7061 7052
f 7064 7059 7056
f 7085 7086 7051
f 7115 7087 7081
f 7086 7085 7088
f 7069 7086 7089
f 7074 7090 7080
f 10082 7092 7061
f 9878 7094 7083
f 7067 7096 7098
f 7065 7099 7101
f 7113 7102 7060
f 7073 7065 7103
f 7111 7064 7104
f 7089 7090 7069
f 7061 7093 7082
f 7109 7077 7106
f 7082 7105 7076
f 7120 7107 7108
f 7077 7109 7072
f 7072 7110 7063
f 7059 7064 7112
f 7112 7113 7059
f 7075 7070 7114
f 7075 7114 7081
f 7096 7083 7097
f 7068 7049 7096
f 7058 7034 7068
f 7034 7058 6999
f 7115 7114 7117
f 7119 7109 7118
f 7128 7110 7119
f 9879 7120 7121
f 7101 7100 7123
f 7131 7111 7124
f 7129 7091 7125
f 7102 7113 7127
f 7124 7104 7128
f 9880 7094 7129
f 7087 7115 7130
f 7114 7102 7116
f 7112 7111 7132
f 7138 7105 7133
f 7098 7097 7135
f 7088 7087 7136
f 7133 7093 7137
f 7118 7106 7138
f 7103 7101 7121
f 7089 7088 7139
f 7113 7112 7126
f 7097 7095 7134
f 7090 7089 7125
f 9880 7129 7142
f 7130 7117 7144
f 7166 7131 7145
f 7133 7137 7147
f 7153 7138 7147
f 7135 7134 7149
f 7136 7130 7150
f 7126 7132 7152
f 7157 7118 7153
f 7121 7123 7155
f 7139 7136 7156
f 7158 7119 7157
f 7163 7128 7158
f 7134 7140 7148
f 7125 7139 7160
f 7116 7127 7162
f 7145 7124 7163
f 9879 7121 7164
f 7123 7122 7154
f 7129 7125 7141
f 7127 7126 7161
f 7117 7116 7143
f 7132 7131 7151
f 7172 7153 7167
f 7249 7149 7168
f 7175 7150 7169
f 7152 7151 7171
f 7176 7157 7172
f 7155 7154 7174
f 7179 7156 7175
f 7177 7158 7176
f 7182 7163 7177
f 7168 7148 7178
f 7185 7160 7179
f 7162 7161 7181
f 7190 7145 7182
f 7164 7155 7183
f 7154 7165 7173
f 7188 7141 7185
f 7161 7152 7180
f 7143 7162 7186
f 7170 7151 7187
f 7142 7141 7189
f 7144 7143 7169
f 7187 7166 7190
f 7167 7147 7191
f 7236 7192 7194
f 7235 7195 7197
f 7226 7198 7200
f 7209 7201 7203
f 7212 7204 7206
f 7203 7207 7209
f 7206 7210 7212
f 7194 7193 7214
f 7227 7215 7217
f 7201 7218 7202
f 7247 7220 7222
f 7233 7223 7225
f 7198 7226 7227
f 7210 7228 7211
f 7223 7230 7224
f 7237 7232 7218
f 7240 7233 7234
f 7195 7235 7236
f 7247 7217 7220
f 7232 7237 7239
f 7234 7229 7240
f 7231 7230 7242
f 7246 7243 7245
f 7196 7239 7197
f 7200 7199 7246
f 7214 7213 7204
f 7242 7241 7244
f 7247 7222 7171
f 7196 7188 7239
f 7211 7229 7173
f 7198 7190 7199
f 7222 7207 7180
f 7183 7174 7234
f 7179 7232 7185
f 7212 7211 7184
f 7199 7182 7243
f 7243 7177 7244
f 7189 7195 7178
f 7232 7179 7219
f 7178 7236 7168
f 7172 7242 7176
f 7171 7170 7247
f 7184 7248 7212
f 7202 7219 7169
f 7168 7194 7249
f 7167 7231 7172
f 9864 7250 6657
f 6727 7251 6672
f 10142 6726 6806
f 7250 7253 6658
f 6662 6668 6664
f 5963 6662 6663
f 6663 7254 5963
f 5857 5900 7256
f 7256 7257 5857
f 7257 7258 5858
f 11585 6906 6921
f 6921 6950 7259
f 6969 7260 6999
f 6706 7261 6562
f 6560 7263 6690
f 6555 7265 6560
f 6690 7264 7267
f 6531 7268 6532
f 7273 7270 6584
f 7276 7271 6838
f 6578 7272 6584
f 7271 7274 6610
f 6838 6602 7276
f 7279 7272 6572
f 6518 7277 6519
f 7280 7275 6596
f 6519 7278 6572
f 7270 7280 6590
f 7282 7281 7280
f 7283 7282 7270
f 11644 7283 7273
f 7285 7284 7276
f 7276 7275 7285
f 7284 7286 7271
f 11645 7287 7282
f 7285 7281 7288
f 7288 7289 7285
f 7268 6531 7262
f 7277 6518 7269
f 6554 900 7290
f 7290 7265 6554
f 7293 7291 7289
f 11646 7293 7288
f 7323 7294 7296
f 7311 7297 7299
f 7327 7300 7302
f 7296 7295 7304
f 7297 7305 7298
f 7304 7303 7308
f 7305 7309 7306
f 7325 7311 7312
f 7309 7313 7310
f 7335 7315 7317
f 7321 7318 7320
f 7313 7321 7314
f 7317 7316 7307
f 11647 7322 7323
f 7326 7324 7312
f 7324 7326 7327
f 7295 7328 7303
f 7343 7330 7297
f 7303 7329 7307
f 7330 7332 7305
f 7341 7333 7325
f 7332 7334 7309
f 7350 7335 7336
f 7338 7337 7321
f 7334 7338 7313
f 7336 7317 7331
f 7294 7322 7340
f 7357 7341 7324
f 7357 7324 7342
f 7294 7340 7295
f 7333 7343 7311
f 7342 7327 7344
f 7329 7345 7331
f 7362 7347 7330
f 7356 7348 7341
f 7347 7349 7332
f 8908 7350 7351
f 7353 7352 7338
f 7349 7353 7334
f 7351 7336 7346
f 7340 7339 7355
f 8914 7356 7357
f 8914 7357 7358
f 7328 7340 7359
f 7348 7360 7333
f 7342 7344 7358
f 7328 7359 7329
f 7360 7362 7343
f 7558 7363 7365
f 7416 7366 7368
f 7394 7369 7371
f 7454 7372 7374
f 8655 7375 7377
f 8657 7378 7380
f 7561 7381 7383
f 8658 7384 7386
f 7455 7387 7389
f 7546 7390 7392
f 7549 7393 7371
f 7548 7395 7397
f 8678 7398 7400
f 7496 7401 7403
f 7565 7404 7384
f 7378 7405 7379
f 7559 7407 7367
f 7545 7408 7410
f 8875 7411 7413
f 7497 7412 7414
f 7459 7415 7364
f 7553 7416 7417
f 7479 7418 7420
f 7430 7421 7423
f 7470 7424 7426
f 7538 7427 7429
f 7420 7419 7423
f 7484 7431 7433
f 7631 7434 7435
f 7471 7436 7438
f 8679 7439 7441
f 7468 7442 7444
f 7618 7445 7447
f 7451 7448 7450
f 7444 7443 7450
f 7469 7444 7452
f 7450 7449 7452
f 7363 7369 7364
f 7375 7454 7376
f 7381 7455 7382
f 7533 7456 7458
f 7393 7459 7394
f 7556 7460 7462
f 8876 7463 7465
f 7447 7446 7467
f 7629 7468 7469
f 7441 7440 7470
f 7632 7471 7472
f 7435 7432 7473
f 7433 7432 7474
f 7612 7475 7477
f 7584 7428 7478
f 7442 7479 7443
f 7426 7425 7481
f 7443 7420 7451
f 7436 7482 7437
f 7423 7422 7451
f 7429 7428 7484
f 7418 7485 7419
f 7539 7487 7430
f 7621 7488 7490
f 8659 7491 7493
f 7398 7494 7399
f 7547 7401 7417
f 7555 7497 7498
f 7504 7499 7501
f 7403 7502 7496
f 7491 7504 7492
f 7463 7505 7464
f 7528 7507 7509
f 7583 7510 7512
f 7544 7513 7515
f 7648 7516 7518
f 7573 7519 7521
f 7557 7522 7524
f 7550 7525 7527
f 7386 7385 7513
f 7530 7528 7529
f 7541 7530 7531
f 7492 7501 7393
f 7542 7532 7514
f 7525 7533 7526
f 7552 7534 7536
f 7649 7537 7538
f 7501 7500 7459
f 7419 7486 7430
f 7369 7509 7370
f 7574 7490 7540
f 7383 7382 7541
f 7389 7388 7528
f 7404 7542 7385
f 7575 7543 7517
f 7650 7537 7520
f 7366 7544 7367
f 7536 7535 7545
f 7524 7523 7546
f 7382 7389 7530
f 7407 7547 7368
f 7494 7395 7495
f 7493 7492 7549
f 7460 7550 7461
f 7554 7551 7552
f 7496 7503 7417
f 7551 7554 7498
f 7505 7556 7506
f 7397 7396 7557
f 7531 7529 7558
f 7529 7509 7363
f 7532 7559 7515
f 7577 7560 7561
f 8658 7562 7384
f 7566 7564 7455
f 7582 7565 7563
f 7560 7566 7381
f 7410 7409 7568
f 7456 7569 7457
f 7391 7571 7392
f 7568 7567 7573
f 7569 7574 7570
f 7572 7571 7575
f 8660 7576 7577
f 7562 7578 7563
f 7566 7580 7564
f 7647 7582 7579
f 7560 7576 7566
f 7482 7583 7483
f 7475 7467 7476
f 7473 7431 7584
f 7458 7457 7586
f 7462 7461 7588
f 7465 7464 7590
f 7466 7591 7476
f 7445 7593 7446
f 7446 7594 7466
f 7476 7592 7477
f 7464 7506 7589
f 7488 7597 7489
f 7600 7527 7599
f 7602 7540 7598
f 7599 7526 7586
f 7506 7462 7596
f 7461 7527 7587
f 7457 7570 7585
f 7601 7570 7602
f 7606 7603 7505
f 8876 7604 7463
f 7605 7606 7463
f 7619 7607 7574
f 7616 7608 7467
f 7614 7609 7460
f 7613 7610 7456
f 7651 7611 7612
f 7615 7613 7533
f 7603 7614 7556
f 7622 7615 7525
f 7611 7616 7475
f 7608 7617 7447
f 7610 7619 7569
f 7607 7620 7490
f 7609 7622 7550
f 8697 7623 7625
f 7469 7452 7627
f 8698 7625 7628
f 7646 7629 7627
f 7637 7630 7631
f 7635 7632 7633
f 7640 7634 7635
f 7474 7434 7636
f 7642 7637 7638
f 7452 7453 7626
f 7643 7640 7641
f 7637 7642 7641
f 7630 7637 7644
f 7641 7635 7644
f 7626 7645 7627
f 7644 7645 7630
f 7485 7578 7486
f 7539 7580 7487
f 7621 7612 7488
f 7510 7647 7511
f 7481 7480 7648
f 8660 7521 7649
f 7486 7581 7539
f 7478 7427 7650
f 7477 7595 7488
f 7620 7651 7621
f 7848 7652 7654
f 7705 7655 7657
f 7744 7658 7660
f 7745 7661 7663
f 8661 7664 7666
f 8663 7667 7669
f 8664 7670 7672
f 8665 7673 7675
f 7746 7676 7678
f 7839 7679 7681
f 7822 7660 7682
f 7840 7683 7685
f 8700 7686 7688
f 7787 7689 7691
f 7673 7692 7674
f 7668 7694 7669
f 7849 7696 7656
f 7838 7697 7699
f 8889 7700 7702
f 7788 7701 7703
f 7750 7704 7653
f 7844 7705 7706
f 7769 7707 7709
f 7719 7710 7712
f 7760 7713 7715
f 7829 7716 7718
f 7709 7708 7712
f 7774 7720 7722
f 7917 7723 7724
f 7761 7725 7727
f 8701 7728 7730
f 7759 7731 7733
f 7757 7734 7736
f 7740 7737 7739
f 7733 7732 7739
f 7733 7739 7742
f 7739 7738 7741
f 7652 7744 7653
f 7665 7745 7666
f 7671 7676 7672
f 7824 7747 7749
f 7822 7750 7660
f 7846 7751 7753
f 8880 7754 7756
f 7872 7757 7758
f 7915 7759 7742
f 8701 7730 7760
f 7918 7761 7762
f 7724 7721 7763
f 7722 7721 7764
f 7902 7765 7767
f 7873 7717 7768
f 7731 7769 7732
f 7715 7714 7771
f 7732 7709 7740
f 7725 7772 7726
f 7712 7711 7740
f 7718 7717 7774
f 7933 7775 7707
f 7719 7776 7710
f 7830 7778 7780
f 8887 7781 7783
f 7686 7784 7687
f 7706 7786 7787
f 7845 7788 7789
f 7794 7790 7792
f 8666 7793 7691
f 7781 7794 7782
f 7754 7795 7755
f 7818 7797 7799
f 7871 7800 7802
f 7837 7803 7805
f 7835 7806 7808
f 7861 7809 7811
f 7847 7812 7814
f 7841 7815 7817
f 7803 7675 7804
f 7820 7818 7819
f 7832 7820 7821
f 7782 7792 7822
f 7833 7823 7804
f 7816 7815 7749
f 7842 7825 7827
f 7935 7828 7829
f 7791 7704 7792
f 7775 7776 7708
f 7799 7798 7744
f 7862 7830 7831
f 8664 7672 7832
f 7818 7746 7797
f 7693 7833 7674
f 7863 7834 7808
f 7809 7836 7810
f 7655 7837 7656
f 7826 7825 7838
f 7813 7812 7839
f 7672 7746 7820
f 7696 7786 7657
f 7784 7683 7785
f 7782 7822 7783
f 7752 7841 7753
f 11648 7842 7843
f 7793 7844 7787
f 11648 7843 7789
f 7796 7795 7846
f 7685 7684 7814
f 7821 7819 7848
f 7819 7799 7652
f 7823 7849 7805
f 8667 7850 7670
f 8665 7851 7673
f 7676 7853 7677
f 7869 7692 7852
f 7850 7853 7671
f 7699 7698 7856
f 7747 7857 7748
f 7680 7859 7681
f 7856 7855 7811
f 7857 7862 7858
f 7859 7834 7860
f 8667 7864 7850
f 7851 7866 7852
f 7870 7868 7853
f 7934 7869 7867
f 7865 7870 7850
f 7772 7871 7773
f 7765 7872 7766
f 7763 7720 7873
f 7889 7749 7874
f 7846 7753 7876
f 7756 7755 7878
f 7758 7879 7766
f 7735 7881 7736
f 7736 7882 7758
f 7766 7880 7767
f 7755 7796 7877
f 7780 7779 7886
f 7817 7816 7888
f 7891 7831 7886
f 7887 7816 7889
f 7796 7846 7884
f 7753 7817 7875
f 7748 7858 7874
f 7890 7858 7891
f 7795 7892 7751
f 8880 7894 7754
f 7754 7895 7795
f 7906 7896 7862
f 8708 7757 7897
f 7903 7898 7752
f 7747 7899 7857
f 7936 7901 7902
f 7904 7899 7824
f 7751 7893 7752
f 7908 7904 7815
f 7901 7897 7765
f 8708 7905 7757
f 7900 7906 7857
f 7896 7907 7830
f 7898 7908 7841
f 8720 7909 7911
f 7742 7741 7913
f 8721 7911 7914
f 7932 7915 7913
f 7923 7916 7917
f 7921 7918 7919
f 7926 7920 7921
f 7764 7723 7922
f 7928 7923 7924
f 7741 7743 7912
f 7929 7926 7927
f 7923 7928 7927
f 7916 7923 7930
f 7927 7921 7930
f 7912 7931 7913
f 7931 7922 7930
f 7866 7868 7933
f 7870 7865 7776
f 7778 7902 7779
f 7800 7934 7801
f 7771 7770 7806
f 7864 7810 7935
f 7868 7870 7775
f 7768 7716 7836
f 7767 7883 7779
f 7907 7936 7778
f 7989 7937 7939
f 7991 7940 7942
f 7967 7943 7945
f 8029 7946 7948
f 8668 7949 7951
f 8670 7952 7954
f 8135 7955 7957
f 8104 7958 7960
f 8030 7961 7963
f 8122 7964 7966
f 8034 7967 7968
f 8123 7969 7971
f 8723 7972 7974
f 8073 7975 7977
f 8139 7978 7959
f 7953 7979 7954
f 8133 7981 7941
f 8121 7982 7984
f 8897 7985 7987
f 8074 7986 7988
f 8116 7989 7990
f 8127 7991 7992
f 8054 7993 7995
f 8005 7996 7998
f 8045 7999 8001
f 8115 8002 8004
f 7995 7994 7998
f 8059 8006 8008
f 8209 8009 8010
f 8046 8011 8013
f 8724 8014 8016
f 8043 8017 8019
f 8192 8020 8022
f 8026 8023 8025
f 8019 8018 8025
f 8044 8019 8027
f 8025 8024 8027
f 7939 7938 7967
f 7950 8029 7951
f 7955 7961 7956
f 8110 8031 8033
f 7990 7939 8034
f 8130 8035 8037
f 8883 8038 8040
f 8022 8021 8042
f 8200 8043 8044
f 8016 8015 8045
f 8204 8046 8047
f 8010 8007 8048
f 8008 8007 8049
f 8188 8050 8052
f 8157 8003 8053
f 8017 8054 8018
f 8001 8000 8056
f 8018 7995 8026
f 8011 8057 8012
f 7998 7997 8026
f 8004 8003 8059
f 7993 8060 7994
f 8005 8062 7996
f 8193 8064 8066
f 8885 8067 8069
f 7972 8070 7973
f 7992 8072 8073
f 8129 8074 8075
f 8080 8076 8078
f 8671 8079 7977
f 8885 8080 8067
f 8040 8039 8082
f 8106 8083 8085
f 8218 8086 8088
f 8120 8089 8091
f 8219 8092 8094
f 8147 8095 8097
f 8131 8098 8100
f 8124 8101 8103
f 8089 8104 8090
f 8108 8105 8106
f 8132 8107 8108
f 8067 8078 8034
f 8118 8109 8090
f 8102 8110 8103
f 8126 8111 8113
f 8220 8114 8115
f 8078 8077 7990
f 7994 8061 8005
f 7943 8106 7944
f 8148 8117 8065
f 8107 7957 8105
f 8083 8030 8084
f 7960 7978 8090
f 8149 8119 8093
f 8221 8114 8096
f 7940 8120 7941
f 8113 8112 8121
f 8099 8098 8122
f 7956 8030 8105
f 7981 8072 7942
f 8070 7969 8071
f 8067 8034 8068
f 8035 8101 8036
f 8128 8125 8126
f 8073 8079 7992
f 8125 8128 8075
f 8082 8081 8037
f 7971 7970 8100
f 7937 8132 7938
f 7938 8108 7943
f 8109 8133 8091
f 8151 8134 8135
f 7958 8136 7959
f 8140 8138 7961
f 8156 8139 8137
f 8134 8140 7955
f 7984 7983 8142
f 8032 8031 8144
f 7966 7965 8146
f 8142 8141 8147
f 8144 8143 8148
f 8146 8145 8149
f 8672 8150 8151
f 8136 8152 8137
f 8140 8154 8138
f 11649 8156 8153
f 8134 8150 8140
f 8057 8088 8058
f 8050 8042 8051
f 8048 8006 8157
f 8033 8032 8159
f 8037 8036 8161
f 8883 8040 8163
f 8041 8164 8051
f 8020 8166 8021
f 8021 8167 8041
f 8051 8165 8052
f 8040 8082 8162
f 8065 8064 8171
f 8174 8124 8172
f 8148 8065 8173
f 8103 8033 8172
f 8082 8037 8169
f 8036 8124 8160
f 8158 8032 8175
f 8144 8148 8175
f 8081 8176 8130
f 8038 8178 8039
f 8039 8179 8081
f 8117 8180 8066
f 8190 8182 8042
f 8035 8183 8101
f 8031 8185 8143
f 8222 8187 8188
f 8110 8189 8031
f 8130 8177 8035
f 8194 8189 8102
f 8187 8190 8050
f 8182 8191 8022
f 8186 8180 8143
f 8741 8193 8181
f 8101 8184 8102
f 8742 8195 8197
f 8201 8044 8198
f 11650 8197 8199
f 8216 8200 8201
f 8209 8202 8009
f 8207 8204 8205
f 8211 8206 8207
f 8217 8049 8203
f 8743 8208 8209
f 8027 8028 8198
f 8213 8211 8212
f 8202 8208 8212
f 8203 8202 8214
f 8212 8207 8214
f 8198 8215 8201
f 8214 8215 8203
f 8060 8152 8061
f 8062 8154 8063
f 8193 8188 8064
f 11649 8153 8218
f 8056 8055 8219
f 8672 8097 8220
f 8061 8155 8062
f 8053 8002 8221
f 8064 8052 8170
f 8741 8222 8193
f 8419 8223 8225
f 8275 8226 8228
f 8253 8229 8231
f 8312 8232 8234
f 8673 8235 8237
f 8675 8238 8240
f 8422 8241 8243
f 8387 8244 8246
f 8313 8247 8249
f 8408 8250 8252
f 8317 8253 8254
f 8410 8255 8257
f 8893 8258 8260
f 8356 8261 8263
f 8427 8264 8245
f 8900 8265 8239
f 8420 8266 8227
f 8407 8267 8269
f 8899 8270 8272
f 8358 8273 8271
f 8392 8274 8224
f 8414 8275 8276
f 8339 8277 8279
f 8289 8280 8282
f 8330 8283 8285
f 8399 8286 8288
f 8279 8278 8282
f 8344 8290 8292
f 8298 8293 8294
f 8331 8295 8297
f 8497 8298 8299
f 8327 8300 8302
f 8481 8303 8305
f 8309 8306 8308
f 8302 8301 8309
f 8328 8302 8310
f 8310 8309 8311
f 8223 8229 8224
f 8236 8235 8312
f 8241 8247 8242
f 8394 8314 8316
f 8392 8224 8317
f 8417 8318 8320
f 8448 8321 8323
f 8470 8324 8326
f 8488 8327 8328
f 8746 8329 8330
f 8493 8331 8332
f 8294 8291 8333
f 8292 8291 8334
f 8476 8335 8337
f 8444 8287 8338
f 8300 8339 8301
f 8285 8284 8341
f 8301 8279 8306
f 8295 8342 8296
f 8306 8282 8307
f 8288 8287 8344
f 8277 8345 8278
f 8400 8347 8289
f 8401 8348 8350
f 8363 8351 8353
f 8260 8259 8355
f 8409 8356 8276
f 8416 8357 8358
f 8895 8359 8361
f 8676 8362 8262
f 8895 8361 8363
f 8323 8322 8365
f 8388 8366 8368
f 8443 8369 8371
f 8406 8372 8374
f 8507 8375 8377
f 8434 8378 8380
f 8418 8381 8383
f 8411 8384 8386
f 8372 8387 8373
f 8390 8366 8389
f 8403 8390 8391
f 8361 8392 8351
f 8404 8393 8373
f 8386 8385 8394
f 8413 8395 8397
f 8508 8398 8399
f 8361 8360 8392
f 8278 8346 8289
f 8229 8388 8230
f 8435 8401 8402
f 8243 8242 8403
f 8366 8313 8367
f 8264 8404 8246
f 8436 8405 8376
f 8509 8398 8379
f 8226 8406 8227
f 8397 8396 8407
f 8383 8382 8408
f 8242 8313 8390
f 8266 8409 8228
f 8354 8255 8355
f 8351 8317 8352
f 8320 8319 8411
f 8415 8412 8413
f 8362 8414 8263
f 8412 8415 8416
f 8365 8364 8417
f 8257 8256 8418
f 8391 8389 8419
f 8389 8388 8223
f 8393 8420 8374
f 8438 8421 8422
f 8244 8423 8245
f 8247 8425 8248
f 8442 8427 8424
f 8421 8425 8241
f 8268 8428 8269
f 8316 8315 8431
f 8252 8251 8433
f 8428 8378 8429
f 8431 8430 8402
f 8433 8432 8436
f 8677 8437 8438
f 8505 8439 8423
f 8425 8440 8426
f 8506 8442 8439
f 8437 8440 8421
f 8342 8443 8343
f 8470 8326 8335
f 8333 8290 8444
f 8394 8316 8446
f 8461 8417 8447
f 8745 8448 8449
f 8326 8450 8336
f 8304 8452 8305
f 8325 8454 8326
f 8336 8451 8337
f 8449 8323 8456
f 8350 8349 8458
f 8462 8411 8459
f 8402 8350 8460
f 8459 8386 8446
f 8456 8365 8461
f 8447 8320 8462
f 8445 8316 8463
f 8431 8402 8463
f 8364 8464 8318
f 8321 8466 8322
f 8322 8467 8364
f 8482 8468 8435
f 8479 8469 8470
f 8319 8471 8384
f 8315 8473 8430
f 8510 8475 8476
f 8314 8477 8315
f 8318 8465 8319
f 8385 8478 8314
f 8475 8479 8335
f 8747 8480 8481
f 8430 8474 8435
f 8468 8483 8401
f 8384 8472 8385
f 8303 8484 8304
f 8489 8328 8486
f 8452 8304 8487
f 8504 8488 8489
f 8496 8490 8298
f 8493 8332 8492
f 8480 8493 8494
f 8334 8293 8495
f 8500 8496 8497
f 8486 8310 8498
f 8501 8494 8499
f 8496 8500 8499
f 8490 8496 8502
f 8502 8499 8491
f 8486 8503 8489
f 8503 8495 8502
f 8345 8505 8346
f 8440 8437 8400
f 8348 8476 8349
f 8369 8506 8370
f 8341 8340 8507
f 8677 8380 8508
f 8346 8441 8400
f 8338 8286 8509
f 8337 8455 8349
f 8483 8510 8348
f 8603 8511 8513
f 8518 8514 8516
f 8559 8517 8518
f 9209 8519 8521
f 8515 8522 8516
f 8596 8524 8513
f 8574 8526 8528
f 8537 8529 8531
f 8566 8532 8534
f 8529 8535 8530
f 8528 8527 8531
f 8554 8538 8540
f 8643 8541 8542
f 8567 8543 8545
f 8623 8546 8548
f 8545 8544 8550
f 8563 8551 8553
f 8556 8554 8555
f 8550 8549 8555
f 8565 8550 8557
f 8555 8540 8557
f 8511 8517 8512
f 9203 8560 8562
f 8621 8563 8564
f 8568 8545 8565
f 8548 8547 8566
f 8645 8567 8568
f 8542 8539 8569
f 8540 8539 8558
f 8629 8570 8572
f 8622 8536 8573
f 8544 8574 8549
f 8534 8533 8576
f 8549 8528 8556
f 8543 8577 8544
f 8531 8530 8556
f 8530 8536 8554
f 8526 8578 8527
f 8593 8580 8537
f 8634 8581 8583
f 8652 8578 8584
f 8601 8585 8587
f 8613 8588 8590
f 8597 8518 8591
f 8580 8592 8529
f 8527 8579 8537
f 8614 8594 8582
f 8513 8512 8596
f 8559 8518 8598
f 8516 8523 8591
f 8615 8600 8587
f 8653 8592 8589
f 8595 8512 8598
f 8613 8602 8603
f 8514 8604 8515
f 8517 8606 8514
f 8605 8607 8515
f 8602 8606 8511
f 8513 8525 8603
f 8561 8609 8562
f 8521 8520 8612
f 8603 8608 8613
f 8610 8609 8614
f 8612 8611 8615
f 8590 8616 8613
f 8604 8617 8605
f 8606 8619 8604
f 8618 8620 8605
f 8602 8616 8606
f 8577 8584 8574
f 8570 8621 8571
f 8569 8538 8622
f 9203 8562 8519
f 8564 8566 8571
f 8553 8552 8548
f 8553 8548 8564
f 8572 8571 8576
f 8582 8581 8601
f 8614 8582 8600
f 8520 8562 8611
f 8610 8614 8611
f 8594 8624 8583
f 8632 8626 8621
f 8631 8627 8561
f 11651 8628 8629
f 8560 8630 8561
f 8628 8632 8570
f 8626 8633 8563
f 8609 8627 8594
f 8654 8634 8625
f 8646 8635 8637
f 8640 8565 8638
f 8649 8636 8639
f 8568 8565 8641
f 8648 8642 8643
f 8645 8568 8644
f 8637 8645 8646
f 8558 8541 8647
f 8639 8648 8649
f 8557 8558 8638
f 8635 8646 8650
f 8648 8639 8650
f 8642 8648 8651
f 8650 8644 8651
f 8638 8651 8640
f 8638 8647 8651
f 8578 8618 8579
f 8619 8616 8593
f 8629 8572 8634
f 8620 8618 8652
f 8585 8576 8586
f 8616 8590 8580
f 8579 8617 8593
f 8573 8535 8653
f 8581 8572 8585
f 11651 8629 8654
f 7552 7558 7554
f 7371 7370 7416
f 7413 8655 8656
f 7372 8657 7373
f 7568 7561 7410
f 7388 7387 7386
f 7415 7555 7365
f 7549 7371 7553
f 7483 7512 7479
f 7421 7538 7422
f 7448 7484 7449
f 7438 7437 7468
f 7472 7438 7629
f 7449 7433 7453
f 7437 7483 7442
f 7422 7429 7448
f 7512 7511 7418
f 7499 7412 7500
f 7502 8659 7503
f 7507 7513 7508
f 7388 7386 7507
f 7545 7541 7536
f 7487 7649 7421
f 7500 7497 7415
f 7410 7383 7545
f 7370 7508 7366
f 7503 7493 7553
f 7536 7531 7552
f 7573 7577 7568
f 7564 7562 7387
f 7521 8660 7573
f 7581 7578 7564
f 7633 7472 7646
f 7453 7474 7639
f 7644 7633 7645
f 7626 7639 7645
f 7511 7579 7485
f 7576 8660 7487
f 7843 7827 7654
f 7658 7655 7659
f 7702 7664 8662
f 7661 7667 7662
f 7699 7856 8664
f 7678 7677 7675
f 7704 7845 7654
f 7844 7682 7705
f 7773 7802 7769
f 7710 7829 7711
f 7737 7774 7738
f 7727 7726 7759
f 7762 7727 7915
f 7738 7722 7743
f 7726 7773 7731
f 7711 7718 7737
f 7802 7801 7707
f 7701 7788 7790
f 8887 7783 8666
f 7798 7797 7837
f 7797 7678 7803
f 7838 7832 7826
f 7710 7777 7829
f 7788 7845 7791
f 7699 8664 7838
f 7798 7837 7658
f 7783 7682 7793
f 7827 7826 7848
f 7856 7811 7670
f 7677 7854 8665
f 7811 7810 8667
f 7854 7868 7851
f 7919 7762 7932
f 7743 7764 7925
f 7930 7919 7931
f 7912 7925 7931
f 7867 7866 7801
f 7777 7865 7935
f 8126 7937 8128
f 7945 7944 7991
f 7987 7949 8669
f 7946 7952 7947
f 8142 8135 7984
f 7963 7962 8104
f 8116 8129 7989
f 7968 7945 8127
f 8058 8087 8054
f 7996 8115 7997
f 8023 8059 8024
f 8013 8012 8043
f 8047 8013 8200
f 8024 8008 8028
f 8012 8058 8017
f 7997 8004 8023
f 8087 8086 7993
f 7986 8074 8076
f 8069 8068 8671
f 8085 8084 8120
f 8084 7963 8089
f 8121 8107 8113
f 8063 8220 7996
f 8077 8074 8116
f 7984 7957 8121
f 7944 8085 7940
f 8068 7968 8079
f 8113 8132 8126
f 8147 8151 8142
f 7962 8138 7958
f 8097 8672 8147
f 8155 8152 8138
f 8205 8047 8216
f 8028 8049 8210
f 8214 8205 8215
f 8198 8210 8215
f 8086 8153 8060
f 8063 8150 8220
f 8413 8419 8415
f 8231 8230 8275
f 8899 8673 8674
f 8234 8233 8675
f 8429 8422 8269
f 8249 8248 8387
f 8274 8357 8225
f 8254 8231 8414
f 8343 8371 8339
f 8280 8399 8281
f 8307 8344 8308
f 8297 8296 8327
f 8332 8297 8488
f 8308 8292 8311
f 8296 8343 8300
f 8281 8288 8307
f 8371 8370 8277
f 8359 8272 8360
f 8353 8352 8676
f 8368 8367 8406
f 8367 8249 8372
f 8407 8403 8397
f 8347 8508 8280
f 8360 8273 8274
f 8269 8243 8407
f 8230 8368 8226
f 8352 8254 8362
f 8397 8391 8413
f 8434 8438 8429
f 8248 8426 8244
f 8380 8677 8434
f 8426 8441 8423
f 8491 8332 8504
f 8311 8334 8498
f 8503 8502 8504
f 8486 8498 8503
f 8370 8439 8345
f 8437 8677 8347
f 7390 7586 7391
f 7588 7587 7395
f 7590 7589 8678
f 7591 7470 7592
f 7593 8679 7594
f 7594 7441 7591
f 7592 7426 7595
f 7589 7596 7398
f 7597 7648 7598
f 7522 7600 7523
f 7543 7602 7518
f 7523 7599 7390
f 7596 7588 7494
f 7396 7587 7522
f 7585 7601 7391
f 7571 7601 7543
f 8683 8680 7606
f 7604 8681 7605
f 7605 8682 7606
f 8694 8684 7619
f 8692 8685 7616
f 8691 8686 7614
f 8690 8687 7613
f 8699 8688 7651
f 7615 8689 7613
f 8680 8691 7603
f 8696 8689 7622
f 8688 8692 7611
f 8685 8693 7608
f 7610 8687 7619
f 8684 8695 7607
f 8686 8696 7609
f 7623 8697 7640
f 7628 7642 8698
f 7624 7623 7643
f 7642 7628 7643
f 7595 7481 7597
f 8695 8699 7620
f 7679 7889 7680
f 7683 7876 7684
f 7878 7877 8700
f 7879 7760 7880
f 7881 7728 7882
f 7882 8701 7879
f 7880 7715 7883
f 7877 7884 7686
f 7885 7806 7886
f 7847 7888 7812
f 7834 7891 7835
f 7812 7887 7679
f 7884 7876 7784
f 7875 7888 7684
f 7874 7890 7680
f 7859 7890 7834
f 7892 8702 7893
f 7894 8704 7895
f 7895 8705 7892
f 8717 8706 7906
f 8715 8707 7897
f 8713 8709 7903
f 8712 8710 7899
f 8722 8711 7936
f 8714 8712 7904
f 8703 8713 7893
f 8719 8714 7908
f 8711 8715 7901
f 8707 8716 8708
f 8710 8717 7900
f 8706 8718 7896
f 8709 8719 7898
f 7909 8720 7926
f 7914 7928 8721
f 7910 7909 7929
f 7928 7914 7929
f 7883 7771 7885
f 8718 8722 7907
f 8159 8158 7964
f 8161 8160 7969
f 8163 8162 8723
f 8164 8045 8165
f 8166 8724 8167
f 8167 8016 8164
f 8165 8001 8168
f 8162 8169 7972
f 8171 8170 8094
f 8174 8172 8131
f 8173 8171 8119
f 8098 8172 7964
f 8169 8161 8070
f 8160 8174 7970
f 8158 8175 7965
f 8175 8173 8145
f 8176 8725 8177
f 8178 8727 8179
f 8179 8728 8176
f 8740 8729 8180
f 8738 8730 8190
f 8736 8731 8183
f 8185 8732 8186
f 8744 8734 8222
f 8189 8735 8185
f 8177 8726 8183
f 8194 8737 8189
f 8734 8738 8187
f 8730 8739 8182
f 8733 8740 8186
f 11652 8741 8729
f 8184 8731 8194
f 8195 8742 8211
f 11650 8199 8743
f 8196 8195 8213
f 8208 8199 8213
f 8170 8168 8219
f 11652 8744 8741
f 8446 8445 8250
f 8255 8461 8256
f 8258 8745 8259
f 8450 8330 8451
f 8452 8497 8453
f 8454 8746 8450
f 8451 8285 8455
f 8259 8449 8354
f 8457 8507 8458
f 8381 8462 8382
f 8460 8458 8405
f 8382 8459 8250
f 8456 8461 8354
f 8447 8462 8256
f 8251 8445 8432
f 8432 8463 8405
f 8464 8356 8465
f 8900 8261 8466
f 8467 8261 8464
f 8442 8506 8482
f 8295 8331 8479
f 8471 8266 8472
f 8473 8264 8474
f 8443 8342 8510
f 8477 8404 8473
f 8465 8409 8471
f 8393 8404 8478
f 8342 8295 8475
f 8331 8493 8747
f 8427 8442 8474
f 8506 8369 8468
f 8472 8420 8478
f 8484 8303 8494
f 8452 8487 8497
f 8485 8484 8501
f 8500 8487 8501
f 8455 8341 8457
f 8369 8443 8483
f 7948 7947 8749
f 9304 8750 8752
f 8312 8753 8236
f 9494 8755 8756
f 7377 7376 8758
f 8777 8759 8761
f 8312 8234 8753
f 8675 8763 8234
f 8767 8764 8766
f 9494 8756 8766
f 9306 8768 8770
f 8758 8771 7377
f 9298 8772 8750
f 8782 8773 7663
f 8761 8760 8775
f 8898 8776 8764
f 8759 8777 8779
f 8884 8780 8769
f 7663 7662 8782
f 8789 8757 7374
f 8656 8771 8784
f 8265 8755 8240
f 8763 8675 8785
f 9299 8786 8774
f 8749 8787 7948
f 7374 7373 8789
f 8780 8790 8770
f 8816 8792 8794
f 8776 8795 8765
f 9313 8797 8799
f 8772 8800 8751
f 8826 8801 8802
f 8813 8803 8805
f 8813 8806 8808
f 8826 8809 8811
f 7947 8670 8748
f 8806 8813 8814
f 9302 8806 8815
f 8827 8816 8817
f 9179 8818 8820
f 8808 8807 8794
f 8787 8821 7951
f 9193 8822 8823
f 8807 8824 8817
f 8809 8826 8823
f 9539 8827 8825
f 9538 8828 8830
f 8848 8831 8833
f 9538 8830 8835
f 8831 8836 8832
f 8842 8837 8838
f 9316 8839 8841
f 9308 8842 8843
f 9316 8841 8845
f 8833 8846 8848
f 8867 8849 8851
f 9326 8852 8854
f 8866 8855 8857
f 8851 8850 8859
f 8847 8860 8862
f 8663 8863 7662
f 8854 8853 8864
f 9319 8865 8866
f 9324 8852 8867
f 9180 8868 8831
f 8861 8860 8870
f 8874 8871 8829
f 8846 8872 8847
f 8829 8843 8874
f 7491 8659 7454
f 7499 7504 8655
f 7502 7403 8657
f 8777 8678 8778
f 7403 7402 7378
f 8784 8875 8656
f 7504 7491 7375
f 8786 8876 8775
f 8775 7465 8761
f 8786 8877 8876
f 7412 7499 7413
f 8659 7502 7372
f 8761 7590 8777
f 8877 8878 7604
f 9304 8879 8880
f 7790 7794 7664
f 7667 8666 7668
f 7691 7690 7668
f 7977 7976 7953
f 8886 8700 8881
f 8768 8882 8038
f 8769 8883 8884
f 9304 8880 8750
f 8080 8885 7950
f 9298 7878 8886
f 7661 8887 7667
f 8671 7977 7952
f 7702 7701 7664
f 8076 8080 7949
f 8879 8888 7894
f 9298 8750 7878
f 8898 8764 8745
f 7794 7781 7665
f 9297 8889 8662
f 8884 8163 8890
f 7781 8887 7745
f 8882 8891 8178
f 8764 8767 8448
f 8890 8723 8892
f 8232 8363 8233
f 9305 8258 8894
f 8359 8895 8673
f 7946 8069 7952
f 8669 8896 7987
f 8885 8069 8029
f 7987 7986 7949
f 8768 8038 8769
f 8233 8353 8238
f 8235 8895 8232
f 9305 8898 8258
f 8767 8756 8321
f 8272 8359 8899
f 8756 8265 8466
f 8674 8901 8899
f 8238 8676 8239
f 8261 8900 8262
f 7345 8902 7346
f 8919 8904 7362
f 7356 8905 7348
f 8904 8907 7347
f 8934 8908 8909
f 7352 7353 8911
f 8907 8910 7349
f 8909 7351 8903
f 8923 8912 7354
f 8914 8913 7356
f 8913 8914 8915
f 8912 8916 7355
f 8906 8917 7348
f 8915 7358 8918
f 7359 8916 7345
f 8917 8919 7360
f 8933 8920 8907
f 8935 8909 8921
f 8938 8922 8923
f 8940 8924 8913
f 8940 8913 8925
f 8912 8922 8916
f 8932 8927 8906
f 8925 8915 8928
f 8916 8926 8902
f 8927 8930 8917
f 8902 8929 8903
f 8930 8931 8919
f 8924 8932 8905
f 8931 8933 8904
f 8951 8934 8935
f 8911 8910 8936
f 8969 8937 8938
f 8972 8939 8940
f 8972 8940 8941
f 8937 8942 8922
f 8949 8943 8932
f 8941 8925 8944
f 8926 8942 8929
f 8943 8946 8927
f 8929 8945 8921
f 8946 8948 8930
f 8939 8949 8924
f 8948 8950 8931
f 8965 8951 8952
f 8936 8920 8954
f 8950 8953 8933
f 8952 8935 8947
f 8937 8955 8942
f 8963 8957 8949
f 8973 8941 8958
f 8942 8956 8945
f 8957 8960 8943
f 8945 8959 8947
f 8960 8962 8946
f 8971 8963 8939
f 8962 8964 8948
f 8988 8965 8966
f 8954 8953 8968
f 8964 8967 8950
f 8966 8952 8961
f 8975 8955 8969
f 8972 8970 8939
f 8970 8972 8973
f 9007 8974 8975
f 8970 8976 8971
f 8976 8970 8978
f 8955 8974 8956
f 8963 8980 8957
f 8978 8973 8982
f 8956 8979 8959
f 8981 8984 8957
f 8959 8983 8961
f 8984 8986 8960
f 8971 8977 8963
f 8986 8987 8962
f 9003 8988 8989
f 8968 8967 8991
f 8987 8990 8964
f 8989 8966 8985
f 8974 8992 8979
f 9001 8994 8980
f 9009 8978 8995
f 8979 8993 8983
f 8994 8997 8981
f 8983 8996 8985
f 8997 8999 8984
f 8977 9000 8980
f 8999 9002 8986
f 9019 9003 9004
f 8991 8990 9006
f 9002 9005 8987
f 9004 8989 8998
f 9024 8992 9007
f 8976 9008 8977
f 9008 8976 9009
f 8993 9010 8996
f 8994 9012 8997
f 8996 9011 8998
f 8997 9013 8999
f 9000 9016 9001
f 9015 9018 8999
f 9034 9019 9020
f 9006 9005 9022
f 9018 9021 9002
f 9020 9004 9014
f 9039 9023 9024
f 9008 9025 9000
f 9025 9008 9026
f 8992 9023 8993
f 9001 9017 8994
f 9026 9009 9027
f 9011 9028 9014
f 9045 9030 9013
f 9016 9031 9017
f 9030 9033 9015
f 9049 9034 9035
f 9022 9021 9037
f 9033 9036 9018
f 9035 9020 9029
f 9055 9038 9039
f 9025 9040 9016
f 9040 9025 9041
f 9023 9038 9010
f 9017 9032 9012
f 9041 9026 9044
f 9010 9042 9011
f 9043 9045 9012
f 9031 9046 9032
f 9063 9048 9030
f 9080 9049 9050
f 9037 9036 9052
f 9048 9051 9033
f 9050 9035 9053
f 9068 9054 9055
f 9040 9056 9031
f 9056 9040 9057
f 9054 9058 9038
f 9032 9047 9043
f 9057 9041 9060
f 9042 9058 9028
f 9059 9062 9043
f 9028 9061 9029
f 9062 9063 9045
f 9052 9051 9065
f 9079 9064 9048
f 9081 9050 9066
f 9083 9067 9068
f 9056 9069 9046
f 9069 9056 9071
f 9067 9072 9054
f 9078 9073 9047
f 9071 9057 9074
f 9058 9072 9061
f 9073 9076 9059
f 9061 9075 9053
f 9076 9077 9062
f 9046 9070 9047
f 9077 9079 9063
f 9096 9080 9081
f 9115 9082 9083
f 9069 9084 9070
f 9084 9069 9086
f 9082 9087 9067
f 9094 9088 9078
f 9086 9071 9089
f 9087 9090 9072
f 9088 9091 9073
f 9075 9090 9066
f 9091 9093 9076
f 9070 9085 9078
f 9093 9095 9077
f 9110 9096 9097
f 9065 9064 9099
f 9095 9098 9079
f 9097 9081 9092
f 9114 9100 9082
f 9108 9101 9094
f 9117 9086 9102
f 9100 9103 9087
f 9101 9104 9088
f 9090 9103 9092
f 9104 9106 9091
f 9085 9107 9094
f 9106 9109 9093
f 9126 9110 9111
f 9099 9098 9113
f 9109 9112 9095
f 9111 9097 9105
f 9131 9114 9115
f 9084 9116 9085
f 9116 9084 9117
f 9100 9118 9103
f 9134 9120 9101
f 9103 9119 9105
f 9120 9122 9104
f 9107 9123 9108
f 9122 9125 9106
f 9142 9126 9127
f 9113 9112 9129
f 9125 9128 9109
f 9127 9111 9121
f 9147 9130 9131
f 9116 9132 9107
f 9132 9116 9133
f 9130 9118 9114
f 9124 9134 9108
f 9133 9117 9135
f 9119 9136 9121
f 9153 9138 9120
f 9123 9139 9124
f 9122 9138 9125
f 9356 9142 9143
f 9129 9128 9145
f 9141 9144 9125
f 9143 9127 9137
f 9167 9146 9147
f 9132 9148 9123
f 9148 9132 9149
f 9146 9150 9130
f 9140 9151 9124
f 9149 9133 9152
f 9118 9150 9119
f 9151 9153 9134
f 9139 9154 9140
f 9138 9156 9141
f 9601 9158 9160
f 9593 9161 9163
f 9157 9161 9141
f 9160 9159 9165
f 9595 9166 9167
f 9148 9168 9139
f 9596 9168 9170
f 9166 9171 9146
f 9140 9155 9151
f 9170 9169 9174
f 9150 9171 9136
f 9151 9172 9153
f 9136 9175 9137
f 9153 9176 9138
f 8843 8838 8873
f 8848 8847 9178
f 8820 8870 9179
f 8848 9178 8831
f 9492 9181 8868
f 9493 9182 8862
f 8838 8836 9177
f 9186 8753 9183
f 8773 9184 7666
f 7380 9185 7373
f 8662 8661 7379
f 7380 8661 9185
f 8754 8753 9187
f 8874 9188 9187
f 8669 8668 7669
f 8873 9177 9189
f 8863 8663 8821
f 8874 8873 9188
f 8871 9186 9190
f 8830 8871 8834
f 8754 9188 8236
f 8670 8237 8812
f 8674 8237 7954
f 9187 9186 8874
f 8823 9191 9193
f 9198 9194 9196
f 9604 9197 9198
f 9216 8524 9199
f 9215 9200 8599
f 8519 9201 9203
f 8560 9203 9204
f 9206 9205 8597
f 9200 9206 8591
f 9204 9207 8560
f 9205 9208 8598
f 9201 8519 9210
f 9208 9199 8595
f 9221 9211 9205
f 9208 9211 9199
f 9217 9201 9213
f 9229 9214 9215
f 9230 9216 9212
f 9201 9217 9202
f 9204 9202 9219
f 9219 9220 9204
f 9222 9221 9206
f 9214 9222 9200
f 9222 9223 9221
f 9228 9223 9214
f 9221 9224 9211
f 9211 9225 9212
f 9231 9217 9227
f 9245 9228 9229
f 11653 9230 9226
f 9217 9231 9218
f 9233 9219 9232
f 9219 9233 9220
f 9231 9235 9232
f 9237 9233 9236
f 9233 9237 9234
f 9223 9239 9224
f 9228 9241 9223
f 9240 9242 9224
f 9242 9243 9225
f 9235 9231 9244
f 11654 9241 9245
f 11653 9226 9246
f 9235 9244 9248
f 11654 9249 9241
f 9246 9243 9252
f 9248 9253 9235
f 9254 9237 9253
f 9237 9254 9238
f 9239 9256 9240
f 9241 9250 9239
f 9257 9258 9240
f 9258 9251 9242
f 9257 9259 9258
f 9260 9261 9258
f 9266 9248 9262
f 9249 9263 9250
f 9252 9251 9265
f 9248 9266 9253
f 9268 9254 9267
f 9254 9268 9255
f 9256 9270 9257
f 9250 9264 9256
f 9575 9261 9271
f 9575 9272 9261
f 9301 9273 9275
f 9273 9276 9274
f 9574 9278 9280
f 9275 9274 9282
f 9284 9282 9283
f 9289 9284 9285
f 9343 9286 9288
f 9291 9289 9290
f 9295 9291 9292
f 9296 9292 9294
f 9507 9295 9296
f 7379 7406 8662
f 7695 8896 7669
f 8878 8877 8881
f 9298 8886 8786
f 8772 9298 9299
f 9299 8803 8772
f 8815 9300 9302
f 8824 8807 9302
f 9573 9303 9262
f 8888 8879 8892
f 8890 8879 8884
f 7980 8901 7954
f 8891 8882 8894
f 8898 9305 8768
f 8776 8898 9306
f 9306 8801 8776
f 9191 9307 8827
f 9539 9192 8827
f 9191 8823 9307
f 8790 8792 9307
f 8752 8780 9304
f 8811 8810 8798
f 9321 8865 8844
f 8843 8829 9308
f 8870 9309 8861
f 8870 8820 9309
f 9178 9182 9180
f 8834 9190 9313
f 9303 9314 9266
f 9320 9315 8845
f 8849 9317 8850
f 8865 9319 8845
f 8865 9321 8855
f 8850 9318 8858
f 8852 9324 8853
f 8855 9322 8856
f 8852 9326 8849
f 8853 9325 8856
f 9537 8799 9327
f 9292 9290 9293
f 8810 8809 9327
f 9290 9285 9328
f 9330 9268 9314
f 9268 9330 9269
f 9333 9264 9332
f 9334 9270 9333
f 9270 9334 9259
f 8858 9323 9287
f 9503 9336 9338
f 9337 9336 9340
f 8835 8834 9341
f 9521 9342 9343
f 9604 9344 9346
f 9346 9345 9348
f 9348 9347 9350
f 9350 9349 9352
f 9352 9351 9354
f 9469 9355 9158
f 9355 9357 9356
f 9465 9358 9126
f 9360 9359 6706
f 9361 9360 6705
f 9418 9361 6704
f 9418 6704 9362
f 9362 6703 9363
f 9363 6863 9364
f 9420 9364 6702
f 9421 9365 6696
f 9422 9365 6566
f 9422 9366 6803
f 9423 9366 9367
f 9423 9368 6681
f 6071 3603 9369
f 9369 9370 6071
f 9427 9371 6500
f 9371 9373 9372
f 9430 9374 6164
f 9374 9375 6217
f 9375 9376 6218
f 9377 9376 6213
f 9379 6221 9377
f 9431 9378 9379
f 9432 6340 9380
f 9432 6309 9381
f 9381 9382 9383
f 9382 9384 6356
f 9384 6365 9385
f 9385 6390 9386
f 9388 6440 9386
f 9433 9387 9388
f 9433 6432 9389
f 9390 9389 6467
f 9391 9390 6482
f 9434 6491 9391
f 9436 6481 9392
f 9437 9392 6458
f 9437 9393 6454
f 9395 9393 6433
f 9396 6408 9395
f 9438 6380 9396
f 9438 6414 9397
f 9397 6391 9398
f 9439 6342 9398
f 9439 9399 6342
f 9440 9399 9400
f 9441 9401 6229
f 9401 9402 6226
f 9402 9403 6227
f 9403 6209 9405
f 9442 6224 9405
f 9442 6208 9406
f 9443 6230 9407
f 9407 6497 9408
f 9410 6085 9409
f 6131 9410 9411
f 9462 9412 7335
f 9462 9413 7302
f 9463 9413 8908
f 9463 8908 9414
f 9416 9354 9415
f 9608 9416 9417
f 7267 7266 9360
f 6689 7267 9361
f 6691 6689 9418
f 6691 9418 6556
f 6556 9362 6557
f 6557 9363 9419
f 6684 9419 9420
f 6713 6804 9421
f 6803 6697 9422
f 6566 6698 9422
f 6681 6682 9423
f 9888 9424 6130
f 9411 9425 6131
f 9425 9426 6133
f 6498 9371 9428
f 6498 9429 9371
f 6232 6207 9430
f 6206 9375 6207
f 6206 6210 9375
f 6234 9376 6236
f 6213 6212 9377
f 6212 6215 9379
f 6310 6309 9380
f 6340 9432 9383
f 6346 6348 9381
f 6365 9384 6348
f 6399 6372 9385
f 6399 9385 6424
f 6416 9388 6413
f 6432 9433 6416
f 9387 9433 6451
f 6451 9389 6473
f 6490 6473 9391
f 11655 9434 9435
f 6477 9436 6461
f 6454 6461 9437
f 6458 9394 9437
f 6425 6442 9395
f 6417 9396 6433
f 6414 9438 6417
f 6380 9438 6374
f 6374 9397 6358
f 6345 9439 6366
f 6345 6308 9439
f 6313 6312 9440
f 6211 9401 6214
f 6294 9402 6211
f 6209 9403 6294
f 6225 9403 6223
f 6208 9442 9404
f 6224 9442 6192
f 6158 6157 9407
f 9858 6158 9408
f 9829 6136 9426
f 9447 9444 9446
f 9449 9447 9448
f 10019 9449 9450
f 9454 9451 9453
f 9456 9454 9455
f 10117 9456 9457
f 10117 9457 9459
f 9459 9458 9461
f 7302 7301 9462
f 7335 7350 9462
f 7361 7344 9463
f 7361 9463 8918
f 9317 9344 9318
f 9326 9345 9317
f 9345 9326 9347
f 9347 8854 9349
f 9322 9351 8864
f 9126 9142 9465
f 9321 9353 9322
f 9415 9353 8844
f 9608 9466 9468
f 9174 9173 9470
f 9152 9135 9355
f 9542 7319 9471
f 9471 7318 9472
f 9472 7337 9473
f 8911 9474 7352
f 8936 9475 8911
f 8954 9476 8936
f 8968 9477 8954
f 8991 9478 8968
f 9006 9479 8991
f 9022 9480 9006
f 9037 9481 9022
f 9052 9482 9037
f 9065 9483 9052
f 9099 9484 9065
f 9113 9485 9099
f 9129 9486 9113
f 9145 9487 9129
f 9593 9488 9145
f 9466 9489 9467
f 8841 9417 8844
f 8873 9189 8812
f 9307 8802 8790
f 8759 9491 8804
f 9189 9181 8748
f 8787 8749 9492
f 8792 8752 8793
f 8868 8821 9492
f 8795 8811 8796
f 8759 8804 8760
f 8863 8821 9180
f 9180 9312 8863
f 9182 8782 9312
f 8773 8782 9493
f 8800 8808 8793
f 8801 9306 8791
f 8755 9494 8798
f 8862 9184 9493
f 8803 9299 8804
f 9185 9184 8861
f 8861 9310 9185
f 9309 8789 9310
f 9494 8766 8796
f 8757 8789 9311
f 8820 8758 9311
f 8771 8758 8819
f 8819 8818 9496
f 9540 9491 9498
f 8755 8798 8785
f 9190 8763 8797
f 8762 8763 9183
f 8771 8819 8783
f 8803 8813 8800
f 8801 8826 8795
f 8790 8780 8792
f 9260 9259 9271
f 9541 9499 9332
f 9499 9500 9333
f 9505 8869 8872
f 9287 9501 8858
f 8841 8840 9417
f 9286 9335 9500
f 8840 9503 9502
f 9506 9179 9505
f 9505 8859 9506
f 9506 9501 9499
f 8818 9179 9499
f 8872 8851 9505
f 8846 8867 8872
f 9296 9337 9507
f 9338 9337 9294
f 9523 9508 9510
f 9508 9511 9509
f 9515 9513 9511
f 9517 9514 9515
f 9519 9516 9517
f 9521 9518 9519
f 9343 9520 9521
f 9288 9522 9343
f 9508 9523 9525
f 9279 9278 9521
f 9511 9508 9526
f 9525 9524 9528
f 9285 9283 9329
f 11656 9529 9281
f 9528 9530 9525
f 9532 9526 9531
f 9536 9532 9533
f 9536 9533 9535
f 9515 9511 9532
f 9536 9517 9532
f 9517 9536 9519
f 11656 9281 9277
f 9535 9534 9279
f 9279 9521 9535
f 9341 9313 9537
f 8846 8833 8867
f 9325 9324 8832
f 8857 9325 8837
f 8837 8842 8857
f 8842 9308 8866
f 9308 8828 9319
f 8828 9538 9320
f 9537 9340 9341
f 9340 9537 9507
f 9327 8822 9507
f 9291 9295 9193
f 9193 9192 9291
f 9284 9289 9539
f 9282 9284 8825
f 8824 9275 8825
f 9275 8824 9301
f 9491 8759 9497
f 8815 8814 9498
f 9491 9540 8805
f 9495 8818 9541
f 11657 9542 9543
f 9543 9471 9544
f 9544 9472 9545
f 8839 9336 8840
f 9474 9546 9473
f 9475 9547 9474
f 9476 9548 9475
f 9477 9549 9476
f 9478 9550 9477
f 9479 9551 9478
f 9480 9552 9479
f 9481 9553 9480
f 9482 9554 9481
f 9483 9555 9482
f 9484 9556 9483
f 9485 9557 9484
f 9486 9558 9485
f 9487 9559 9486
f 9488 9560 9487
f 9323 9561 9288
f 9318 9464 9323
f 9341 9339 8835
f 9336 8839 9339
f 9315 9538 9562
f 8839 9316 9562
f 9569 9563 9096
f 9570 9563 9044
f 9570 9564 9049
f 9571 9564 8995
f 9571 9565 9019
f 9565 9566 9003
f 9566 9567 8988
f 9567 9568 8965
f 9074 9060 9569
f 9049 9080 9570
f 9044 9027 9570
f 9019 9034 9571
f 8995 8982 9571
f 8982 8958 9565
f 8958 8944 9566
f 8944 8928 9567
f 9358 9569 9110
f 9465 9357 9102
f 9568 9414 8951
f 9089 9074 9358
f 8928 8918 9568
f 9102 9089 9465
f 9286 9500 9287
f 9330 9300 9331
f 9300 9330 9301
f 9301 9314 9273
f 9276 9273 9573
f 9278 9574 9575
f 9278 9575 9342
f 9342 9271 9286
f 9588 9576 9578
f 9578 9577 9580
f 9580 9579 9582
f 9583 9514 9582
f 9584 9513 9583
f 9610 9512 9584
f 9610 9585 9512
f 9613 9585 9587
f 9196 9195 9588
f 9154 9589 9155
f 9156 9591 9157
f 9158 9356 9159
f 9145 9144 9593
f 9592 9162 9157
f 9159 9143 9164
f 11658 9594 9595
f 9168 9596 9154
f 9168 9148 9169
f 9166 9594 9171
f 9155 9590 9172
f 9169 9149 9173
f 9171 9597 9175
f 9172 9598 9176
f 9175 9599 9164
f 9176 9600 9156
f 9470 9469 9601
f 9173 9152 9469
f 9163 9602 9593
f 9602 9603 9488
f 9502 9504 9466
f 9197 9604 9605
f 9615 9584 9606
f 9344 9604 9464
f 9518 9580 9516
f 9464 9198 9561
f 9468 9607 9608
f 9561 9196 9522
f 9611 9350 9609
f 9612 9354 9607
f 9520 9578 9518
f 11659 9586 9610
f 9614 9348 9611
f 9609 9352 9612
f 9510 9509 9613
f 9606 9583 9581
f 9605 9346 9614
f 9417 9502 9608
f 11659 9610 9615
f 9522 9588 9520
f 9498 9572 8815
f 11061 9616 9618
f 11073 9619 9621
f 11123 9622 9624
f 9624 9623 9626
f 10908 9627 9625
f 9632 9628 9630
f 9633 9631 9632
f 9631 9633 9635
f 9639 9634 9636
f 9636 9637 9639
f 9637 9636 9641
f 9657 9642 9644
f 9663 9645 9647
f 9656 9648 9650
f 9631 9635 9652
f 9644 9643 9654
f 11560 9655 9656
f 9632 9640 9633
f 9642 9657 9659
f 9652 9651 9661
f 9667 9638 9662
f 11660 9663 9664
f 9645 9665 9646
f 9662 9666 9667
f 9671 9642 9668
f 9676 9652 9669
f 11052 9641 9670
f 9642 9671 9643
f 11153 9673 9675
f 9631 9652 9628
f 9643 9672 9653
f 5828 5827 5823
f 6912 5829 9678
f 6886 5835 6912
f 6884 5838 6886
f 6882 5841 6884
f 6882 6880 5841
f 6880 6915 5844
f 6911 5850 6915
f 6910 5855 6911
f 6908 9679 6910
f 6904 9680 6905
f 6900 9681 9682
f 6897 5866 6900
f 6894 9683 6897
f 5873 9684 5827
f 5875 5876 5873
f 5875 5879 5876
f 5883 9685 5879
f 5885 5888 5886
f 5891 5893 5885
f 5891 5895 5893
f 5886 5927 5883
f 7258 6907 5860
f 5914 5985 5915
f 5972 5918 5910
f 5959 5903 5901
f 5899 9686 5900
f 5919 5976 9687
f 5931 5933 5920
f 5933 5935 5921
f 5834 5837 9687
f 5967 5966 5908
f 5882 5878 5924
f 5970 5967 5907
f 5900 5964 7255
f 5905 9688 5906
f 5926 5931 9689
f 5976 5981 5912
f 5981 5985 5913
f 5887 5882 9689
f 5917 5979 5916
f 5966 5972 5909
f 5864 5902 5865
f 5915 5983 5917
f 5961 5959 9691
f 5906 6660 5907
f 9711 9692 9694
f 11283 9695 9697
f 9754 9698 9700
f 9731 9701 9703
f 9755 9704 9706
f 9715 9707 9709
f 9717 9710 9711
f 11204 9712 9714
f 9714 9713 9715
f 9770 9716 9717
f 9730 9718 9720
f 11192 9721 9723
f 9765 9724 9726
f 9766 9727 9729
f 9722 9721 9730
f 11200 9731 9732
f 9766 9733 9735
f 9754 9736 9698
f 10493 9738 9740
f 9771 9741 9743
f 11197 9744 9746
f 9738 9747 9739
f 9747 9749 9748
f 9746 9745 9752
f 11213 9753 9700
f 11212 9755 9756
f 9707 9757 9708
f 9712 9759 9713
f 9713 9760 9707
f 9767 9761 9718
f 11192 9762 9721
f 11203 9764 9765
f 11286 9733 9729
f 9763 9767 9721
f 9727 9766 9768
f 9753 9769 9754
f 9716 9770 9771
f 11336 9772 9749
f 11266 9773 9775
f 9820 9776 9778
f 9796 9779 9781
f 9805 9782 9784
f 9773 9785 9774
f 10598 9787 9789
f 9823 9790 9792
f 9798 9793 9795
f 11219 9796 9797
f 9824 9798 9800
f 9820 9801 9776
f 9789 9788 9804
f 9827 9805 9806
f 9823 9792 9808
f 10886 9809 9811
f 11220 9812 9814
f 10886 9815 9809
f 9814 9813 9818
f 11217 9819 9778
f 11216 9782 9821
f 11661 9822 9823
f 11268 9799 9795
f 9793 9798 9825
f 9819 9826 9820
f 11113 9821 9827
f 11661 9823 9828
f 7257 7256 5854
f 9830 6860 9829
f 6087 6860 9831
f 10057 9832 9834
f 9841 9835 9837
f 9843 9838 9840
f 9844 9841 9842
f 9838 9843 6089
f 9897 9829 6093
f 4069 9843 4068
f 9843 4069 6083
f 9832 9844 9833
f 9897 6095 9845
f 10012 9846 9848
f 9460 9849 3692
f 9460 9458 9849
f 9458 9457 9850
f 9866 9851 9455
f 6106 9852 6109
f 6248 9853 6109
f 10093 9854 6162
f 6106 6102 6142
f 6099 6101 6102
f 6091 6098 6099
f 6098 6091 9855
f 9855 6090 9856
f 6085 9410 6082
f 9904 9857 9858
f 6096 9855 6129
f 6129 4087 6096
f 7258 7257 9679
f 9683 9859 5869
f 5869 9860 5870
f 9885 9691 9861
f 7256 7255 5853
f 10011 9862 9863
f 7253 7250 6665
f 7250 9864 6027
f 6076 6135 6077
f 6086 9865 6077
f 9884 9866 9453
f 6088 6087 9867
f 6076 6073 6133
f 7251 6727 9868
f 7254 6663 9688
f 6666 5968 9869
f 6664 7253 9869
f 10057 9870 9832
f 6726 9871 6727
f 5957 5960 9847
f 6897 6896 6894
f 6909 9873 6910
f 6932 6931 9874
f 6944 9875 6945
f 6980 6990 6981
f 6994 6993 9877
f 6980 7024 6990
f 7032 7050 6993
f 7024 7040 7030
f 7047 7084 7032
f 7073 7108 7040
f 7047 7080 7084
f 7080 7091 9878
f 7103 7120 7073
f 9881 7107 9879
f 7095 7094 7140
f 7140 9880 7159
f 9882 9881 7164
f 9883 9882 7183
f 7178 7159 7189
f 7224 7231 7191
f 7190 7198 7187
f 7203 7202 7186
f 7195 7189 7196
f 7214 7204 7249
f 7225 7224 9883
f 7234 7225 7183
f 9909 9884 9452
f 6907 7258 6908
f 6894 6893 9683
f 7255 7254 5905
f 9863 5961 9885
f 9934 9886 4152
f 9983 9847 9870
f 6093 9887 6094
f 6082 6132 6084
f 6130 6128 9888
f 6142 6194 6106
f 9915 9445 9889
f 9854 9831 9845
f 6142 6141 6194
f 6495 6848 9891
f 9867 9831 9892
f 9891 9893 6495
f 6499 6847 9894
f 9894 9895 6499
f 6129 9856 9369
f 9856 9424 9370
f 9411 9409 9888
f 9888 9887 9411
f 9426 9425 6093
f 10014 9865 9896
f 9845 9830 9897
f 9895 9898 6500
f 9428 9427 9899
f 9899 9900 9428
f 9900 9901 6496
f 9858 9408 9902
f 9858 9902 9904
f 6138 9867 6139
f 10045 9905 9907
f 9867 6138 6088
f 6853 5942 9835
f 9452 9450 9909
f 9910 9908 9448
f 6854 6853 9841
f 9911 9910 9446
f 9917 9911 9445
f 10012 6854 9844
f 9950 9912 9914
f 9445 9915 9917
f 9921 9916 9918
f 9918 9919 9921
f 9919 9922 9920
f 9912 9923 9924
f 9924 9925 9912
f 9368 9423 9926
f 9947 9927 4171
f 136 4068 9928
f 9928 9840 5952
f 9935 9929 9931
f 9839 9932 5952
f 9941 9933 9927
f 9988 9935 9936
f 9946 9937 9939
f 9942 9940 9941
f 9937 9940 9938
f 9988 9943 9945
f 6675 6859 4278
f 9943 9946 9944
f 9948 9941 9947
f 9994 9942 9948
f 9952 9949 9924
f 9923 9912 9951
f 9953 9952 9922
f 9956 9953 9919
f 9932 9954 9836
f 9842 9837 9955
f 9957 9956 9918
f 9889 9957 9915
f 9961 9958 9960
f 9979 9961 9962
f 6051 6050 9964
f 6050 6049 9963
f 6054 9966 6049
f 9966 6054 9967
f 10116 9967 6657
f 10116 6657 9968
f 9958 9969 9959
f 9971 6793 4201
f 9976 6494 9971
f 6046 6048 9973
f 6044 6043 9975
f 6043 6046 9974
f 9972 6048 9976
f 9962 9977 9979
f 9977 6061 9978
f 6061 6060 9980
f 9981 9970 9951
f 9982 9981 9950
f 10007 9982 9914
f 5958 5957 9983
f 9914 9913 9985
f 9987 9986 9935
f 9990 9886 9933
f 9945 9987 9988
f 9993 9989 9946
f 9991 9990 9940
f 9989 9991 9937
f 9936 9992 9988
f 9992 9993 9943
f 10001 9938 9994
f 9955 9995 9842
f 9995 9996 9833
f 10056 9834 9997
f 10056 9997 9998
f 9929 9999 9930
f 10002 9939 10001
f 9944 9939 10003
f 9945 9944 10004
f 9987 9945 10005
f 10047 10005 9926
f 9985 10006 9914
f 6568 10008 6042
f 6045 10008 6047
f 6067 6062 10009
f 6044 6060 6569
f 6061 9977 10009
f 6047 6792 6493
f 9960 9959 6634
f 9962 9960 6643
f 9959 9970 6631
f 9977 9962 6065
f 10007 10006 6673
f 9982 10007 7252
f 6790 6868 4238
f 6493 6869 6790
f 9981 9982 7251
f 9970 9981 9868
f 6506 6648 6567
f 6855 10002 6856
f 5960 9862 9848
f 9862 10011 10010
f 9844 9832 10012
f 5952 9836 5949
f 9925 10013 9913
f 9906 10000 9907
f 6138 9997 9896
f 9902 9901 10000
f 9931 9930 9900
f 9996 9995 9896
f 10015 10014 9955
f 9936 9931 9899
f 9992 9936 9898
f 10015 6079 10014
f 9993 9992 9895
f 10016 10015 9954
f 9895 9894 9993
f 6080 6079 10016
f 10016 10017 6080
f 10017 9838 6078
f 10017 10016 9932
f 9932 9839 10017
f 9894 9893 9989
f 9893 9891 9991
f 9886 9990 9890
f 9905 10018 9906
f 9450 9452 10019
f 10353 6736 10021
f 10023 6733 10022
f 10036 10023 10024
f 10351 10025 10024
f 10025 10027 10026
f 10027 10029 10028
f 10029 10031 10030
f 10352 10033 10031
f 6808 10033 10035
f 10024 10026 10036
f 10021 10020 10037
f 10032 6747 10030
f 10033 6808 10032
f 10039 6734 10023
f 10026 10028 6741
f 10030 10038 10028
f 6743 10039 10036
f 6731 6808 10040
f 9906 9903 10000
f 10044 10041 10043
f 9999 9929 10041
f 10041 10044 9999
f 10095 10045 10044
f 10041 9986 10042
f 10005 10046 9987
f 6856 10001 6857
f 6857 9994 6858
f 6858 9948 6859
f 9368 10003 6855
f 10003 9368 10004
f 9367 6699 9926
f 10013 10048 9984
f 10054 10050 10052
f 10047 10053 10005
f 10057 10054 10055
f 10053 10047 9985
f 10054 10056 10050
f 10054 10057 10056
f 10049 10053 9984
f 10047 6699 10006
f 10042 10046 10049
f 9848 10010 10012
f 10049 10048 10042
f 10052 10051 6656
f 6656 6669 10052
f 10058 10055 6667
f 10060 10058 6661
f 6661 5962 10060
f 10062 10059 9686
f 9686 5899 10062
f 10064 10061 5856
f 5856 5859 10064
f 5859 9680 10063
f 9920 9923 9969
f 9921 9920 9958
f 9916 9921 9961
f 9961 9979 9916
f 9979 9978 9917
f 9978 9980 9911
f 9980 6064 9910
f 7187 7227 7170
f 7249 7248 7149
f 7135 7149 10067
f 10068 7098 10067
f 10069 7067 10068
f 7067 10069 7057
f 7057 10070 7020
f 7020 10071 6970
f 6971 6970 10073
f 6919 10074 6920
f 10077 6903 10075
f 10079 10065 6904
f 9909 9908 9975
f 9975 9974 9909
f 9974 9973 9884
f 9973 9972 9866
f 9851 9972 9850
f 9850 9976 9849
f 6041 9461 4348
f 7186 7181 7203
f 7248 7184 10066
f 7191 7146 9883
f 10055 10058 10057
f 9983 9870 10060
f 10060 10059 9983
f 5958 10059 5904
f 6852 5943 6853
f 10011 5934 6852
f 9863 5935 10011
f 7221 7208 7222
f 7220 7216 7221
f 7221 7215 7208
f 7208 7226 7209
f 7209 7200 7201
f 7201 7246 7218
f 7241 7237 7245
f 7237 7241 7238
f 7230 7223 7238
f 7223 7233 7197
f 7233 7240 7235
f 7192 7240 7193
f 7193 7228 7213
f 7206 7205 7210
f 10066 7165 10067
f 7100 10068 7122
f 10068 7100 10069
f 7066 10070 7099
f 10070 7066 10071
f 10071 7018 10072
f 6966 10076 10072
f 10078 10075 6916
f 6899 10077 10078
f 9682 5863 10079
f 10063 10065 5862
f 10064 10063 5865
f 5865 9690 10064
f 10062 10061 5904
f 9885 5922 9863
f 5922 9885 5923
f 9860 5895 9861
f 9859 5897 9860
f 5897 9859 5898
f 11584 6892 6961
f 6942 10080 6943
f 6991 7009 6992
f 7015 7009 7031
f 7046 7062 7031
f 7062 7046 10082
f 10082 7078 7092
f 7107 9881 7092
f 7146 7137 9882
f 10013 9925 10083
f 10095 10044 10084
f 10048 10085 10043
f 10048 10013 10085
f 10018 10086 9903
f 10086 10087 9904
f 10090 6195 6156
f 6166 6237 6167
f 6498 6497 9429
f 6193 10088 6246
f 6239 6238 10089
f 10094 6251 10087
f 10091 6291 6846
f 6159 10091 6160
f 9373 9430 6188
f 9406 6231 9443
f 9429 6232 9373
f 6192 9406 6157
f 10087 10090 9857
f 6203 6201 10092
f 6201 6200 6244
f 6241 6245 6198
f 6198 6196 6241
f 6196 6195 6242
f 6195 10090 6250
f 10086 10018 10093
f 10087 10086 10094
f 9892 9854 9905
f 6139 9892 10045
f 6140 6139 10095
f 9998 6140 10084
f 9998 10084 10050
f 10085 10083 10050
f 9968 10051 9949
f 368 6167 4324
f 6167 10088 6168
f 6246 6239 6247
f 6194 6193 9852
f 10092 10096 10097
f 6254 6253 6295
f 10099 10098 10089
f 6256 6254 6240
f 6273 6257 6249
f 10089 6273 10099
f 6257 6256 6272
f 10092 6244 10096
f 11662 10100 10101
f 10103 10101 10102
f 10104 10103 6355
f 10105 10104 6397
f 10106 10105 6404
f 10107 10106 6421
f 10108 10107 6437
f 10109 10108 6449
f 10110 10109 6471
f 10115 10110 6487
f 10115 6487 6479
f 6251 10094 10099
f 9853 10093 6110
f 10093 9853 10094
f 6248 6247 9853
f 6472 6492 6480
f 6480 10112 6474
f 6484 6488 6485
f 6476 6474 10114
f 6476 10114 698
f 6462 6455 10115
f 10109 10110 6443
f 10108 10109 6426
f 10107 10108 6409
f 10106 10107 6381
f 6381 6375 10106
f 10105 6375 10104
f 10104 6359 10103
f 10101 10103 6333
f 11662 10101 6332
f 6205 6203 10097
f 9952 10116 9949
f 9952 9953 10116
f 9953 9956 9967
f 9956 9957 9966
f 9957 9889 9965
f 9889 9444 9963
f 6058 9964 9447
f 6057 6058 9449
f 6056 6057 10019
f 10019 9451 6056
f 6038 6037 9454
f 6039 6038 9456
f 6036 6039 10117
f 6040 6036 9459
f 6040 9459 6041
f 6729 6774 6730
f 6778 6768 6777
f 6779 6839 6780
f 6776 6764 6778
f 6812 6765 10118
f 6840 6839 6872
f 6774 6840 6775
f 6720 10119 10118
f 10118 10120 6812
f 6825 10121 6809
f 6826 6825 10122
f 10354 10123 10124
f 6817 10125 6798
f 10127 6637 10126
f 10146 10127 10128
f 10354 10124 10130
f 10125 10131 10126
f 10146 10128 10133
f 10130 10129 10135
f 10165 10132 10131
f 10140 10035 10136
f 6827 6826 10138
f 10141 6807 10139
f 10035 10140 10040
f 6806 6807 10142
f 10122 6865 6826
f 6066 6635 10129
f 10129 10124 6066
f 10146 10133 10144
f 6638 6637 10145
f 10144 10145 10146
f 6062 6067 6796
f 6635 6633 10134
f 6722 10147 6632
f 6721 10148 10119
f 10480 10150 6864
f 10481 10151 9871
f 10181 10152 10154
f 10482 10155 10142
f 10140 10156 10139
f 10178 10158 10160
f 10471 10161 10163
f 10483 10164 10165
f 10151 10166 6722
f 10488 10167 10169
f 10470 10170 10172
f 10168 10173 10169
f 10150 10175 6865
f 10170 10176 10171
f 10355 10178 10179
f 10199 10180 10154
f 10119 10149 10120
f 10212 10183 10185
f 10356 10186 10188
f 10225 10189 10190
f 10202 10191 10172
f 10198 10192 10193
f 10163 10162 10195
f 10169 10174 10196
f 10212 10197 10193
f 10232 10199 10200
f 10172 10171 10202
f 10179 10160 10204
f 10215 10205 10153
f 10486 10207 10209
f 10208 10210 10209
f 10171 10177 10201
f 10200 10154 10206
f 10197 10212 10191
f 10488 10169 10213
f 10357 10188 10210
f 10465 10214 10215
f 10160 10159 10203
f 10195 10211 10163
f 10213 10196 10217
f 10357 10210 10219
f 10396 10220 10214
f 10203 10192 10222
f 10229 10223 10195
f 10347 10224 10225
f 10202 10226 10191
f 10231 10221 10198
f 10195 10194 10229
f 10196 10189 10216
f 10197 10230 10198
f 10395 10232 10233
f 10226 10202 10234
f 10204 10203 10235
f 10205 10220 10206
f 10207 10237 10208
f 10238 10218 10208
f 10201 10211 10234
f 10233 10200 10236
f 10230 10197 10227
f 10349 10239 10241
f 10267 10242 10244
f 10265 10245 10247
f 10391 10248 10250
f 10346 10251 10253
f 10358 10254 10256
f 10239 10257 10240
f 10385 10259 10261
f 10251 10262 10252
f 10458 10264 10247
f 10384 10266 10244
f 10271 10268 10258
f 10391 10270 10271
f 10278 10272 10246
f 10485 10274 10276
f 10275 10277 10276
f 10455 10272 10279
f 10360 10280 10261
f 10456 10281 10282
f 10384 10283 10250
f 10338 10285 10287
f 10322 10288 10290
f 10389 10291 10293
f 10338 10287 10295
f 10315 10296 10298
f 10416 10299 10301
f 10311 10302 10304
f 10285 10305 10286
f 10300 10292 10301
f 10330 10307 10309
f 10317 10310 10311
f 10345 10312 10314
f 10298 10304 10315
f 10318 10311 10316
f 10463 10317 10318
f 10293 10292 10320
f 10325 10321 10322
f 10322 10323 10325
f 10338 10326 10285
f 10299 10328 10300
f 10359 10330 10331
f 10344 10332 10312
f 10340 10334 10297
f 10309 10336 10331
f 10326 10338 10339
f 10323 10333 10324
f 10334 10340 10341
f 10321 10337 10288
f 10390 10293 10342
f 10298 10343 10304
f 10428 10344 10345
f 10251 10346 10216
f 10262 10251 10224
f 10224 10347 10262
f 10347 10235 10348
f 10239 10349 10222
f 10257 10239 10221
f 10221 10231 10257
f 10022 10020 6739
f 10024 10022 10351
f 6816 6815 6795
f 6817 6816 10123
f 6815 6819 6794
f 6820 6871 4578
f 10033 10352 10034
f 6786 6800 6791
f 6820 6831 6874
f 6874 6870 6845
f 6818 6737 10353
f 6740 6789 10351
f 6789 6647 10025
f 6647 6640 10027
f 6640 10121 10029
f 10121 6825 10031
f 10125 6817 10354
f 10131 10125 10130
f 10131 10130 10165
f 10034 6827 10136
f 10473 10355 10190
f 10161 10356 10162
f 10190 10179 10225
f 10162 10188 10194
f 10194 10357 10228
f 10225 10204 10347
f 10348 10349 10282
f 10259 10358 10260
f 10330 10359 10295
f 10300 10329 10292
f 10327 10341 10285
f 10343 10298 10335
f 10230 10248 10231
f 10248 10230 10249
f 10461 10360 10362
f 10376 10281 10364
f 10464 10365 10367
f 10457 10283 10369
f 10381 10370 10372
f 10368 10280 10369
f 10367 10366 10374
f 10460 10270 10375
f 10459 10376 10377
f 10383 10277 10379
f 10370 10269 10371
f 10456 10381 10382
f 10362 10361 10379
f 10266 10384 10249
f 10226 10266 10227
f 10266 10226 10267
f 10242 10267 10223
f 10223 10229 10242
f 10259 10385 10228
f 10276 10255 10386
f 10228 10219 10259
f 10312 10333 10313
f 10308 10388 10309
f 10261 10243 10385
f 10420 10389 10390
f 10248 10391 10350
f 10485 10276 10392
f 10254 10358 10218
f 10393 10278 10245
f 10238 10386 10218
f 10282 10263 10348
f 10271 10258 10350
f 10237 10392 10238
f 10279 10278 10394
f 10264 10395 10265
f 10265 10233 10245
f 10220 10393 10236
f 10220 10396 10393
f 10340 10297 10397
f 10290 10398 10322
f 10398 10387 10323
f 10307 10330 10294
f 10387 10398 10400
f 10288 10336 10289
f 10398 10290 10399
f 10402 10401 10289
f 10404 10402 10388
f 10388 10308 10404
f 10308 10307 10403
f 10405 10307 10406
f 10287 10407 10294
f 10408 10407 10286
f 10410 10408 10306
f 10306 10397 10410
f 10397 10306 10340
f 10412 10409 10296
f 10296 10315 10412
f 10414 10411 10303
f 10302 10413 10303
f 10310 10415 10302
f 10448 10416 10417
f 10417 10301 10418
f 10291 10389 10418
f 10389 10420 10419
f 10423 10422 10313
f 10400 10423 10387
f 10444 10424 10414
f 10431 10425 10400
f 10428 10342 10377
f 10424 10427 10411
f 10451 10409 10427
f 10342 10428 10390
f 10435 10429 10431
f 10446 10432 10433
f 10422 10421 10314
f 10443 10434 10435
f 10443 10436 10434
f 10406 10438 10405
f 10434 10439 10429
f 10390 10345 10420
f 10429 10440 10430
f 10439 10441 10440
f 10430 10432 10431
f 10399 10435 10400
f 10401 10443 10399
f 10401 10402 10443
f 10447 10442 10444
f 10447 10445 10433
f 10434 10437 10439
f 10421 10425 10419
f 10419 10432 10418
f 10440 10442 10433
f 10403 10436 10404
f 10413 10415 10449
f 10445 10417 10446
f 10444 10449 10447
f 10438 10450 10439
f 10414 10413 10444
f 10450 10451 10441
f 10441 10427 10442
f 10407 10450 10406
f 10405 10437 10403
f 10409 10451 10410
f 10451 10450 10408
f 10268 10452 10269
f 10460 10452 10270
f 10272 10453 10273
f 10462 10454 10274
f 10454 10378 10275
f 10426 10453 10455
f 10461 10373 10360
f 10382 10363 10456
f 10283 10457 10284
f 10261 10260 10360
f 10376 10252 10281
f 10365 10458 10366
f 10283 10384 10368
f 10241 10240 10381
f 10244 10243 10368
f 10366 10247 10273
f 10270 10391 10284
f 10253 10252 10459
f 10256 10255 10383
f 10240 10258 10370
f 10282 10241 10456
f 10260 10256 10361
f 10363 10382 10332
f 10382 10372 10324
f 10321 10325 10371
f 10337 10321 10380
f 10380 10452 10337
f 10460 10359 10452
f 10359 10460 10339
f 10457 10326 10375
f 10326 10457 10327
f 10341 10327 10373
f 10461 10334 10373
f 10334 10461 10335
f 10379 10343 10362
f 10343 10379 10316
f 10454 10318 10378
f 10454 10462 10318
f 10328 10464 10329
f 10329 10367 10319
f 10374 10453 10319
f 10453 10426 10320
f 10344 10428 10364
f 10332 10344 10363
f 10489 10465 10466
f 10486 10209 10468
f 10183 10212 10469
f 10477 10182 10181
f 10172 10185 10470
f 10163 10177 10471
f 10396 10217 10394
f 10476 10166 10178
f 10156 10472 10471
f 10190 10174 10473
f 10193 10159 10469
f 10490 10474 10167
f 10482 10475 10470
f 10474 10164 10168
f 10394 10346 10279
f 10209 10187 10467
f 10475 10157 10170
f 10478 10476 10355
f 10487 10477 10180
f 10466 10215 10152
f 10481 10155 10183
f 10479 10175 10356
f 10483 10478 10473
f 10472 10479 10161
f 10489 10466 10148
f 10468 10467 10480
f 10183 10469 10481
f 10470 10184 10482
f 10156 10471 10157
f 10473 10173 10483
f 10469 10158 10151
f 10467 10186 10150
f 10466 10152 10149
f 10416 10448 10310
f 10477 6867 10182
f 10459 10455 10253
f 10134 10147 10476
f 10156 10140 10472
f 10490 10143 10474
f 10482 10142 10475
f 10133 10132 10474
f 10455 10459 10426
f 10475 10141 10157
f 10135 10134 10478
f 10487 10484 10477
f 9871 6726 10481
f 10479 10138 10175
f 10165 10135 10483
f 10136 10138 10472
f 10449 10448 10445
f 10425 10421 10423
f 10310 10317 10416
f 10317 10463 10299
f 10464 10328 10462
f 10462 10274 10464
f 10458 10365 10485
f 10485 10392 10458
f 10392 10237 10264
f 10237 10207 10395
f 10199 10232 10486
f 10486 10468 10199
f 10480 10487 10468
f 10487 10480 10484
f 6866 10484 6810
f 6810 6761 6866
f 6763 6811 6757
f 6772 6763 6753
f 10217 10396 10213
f 10465 10488 10214
f 10465 10489 10488
f 10148 10490 10489
f 10143 10490 6721
f 6721 6719 10143
f 6719 6627 10144
f 6627 6626 10145
f 6630 10491 6626
f 6725 6646 6630
f 6624 6644 6725
f 6624 6628 6644
f 6628 6619 6068
f 6619 6621 6788
f 6621 6724 6823
f 6767 6772 6752
f 6766 6767 6760
f 6773 6766 6759
f 6759 6833 6773
f 6769 6873 6832
f 6769 6832 6770
f 11337 10492 10494
f 9740 10495 10493
f 10503 10496 10498
f 10495 10499 10494
f 10498 10501 10503
f 10509 10504 10506
f 10506 10507 10509
f 10517 10510 10512
f 10520 10513 10498
f 10506 10505 10515
f 10515 10516 10506
f 11358 10517 10518
f 10498 10497 10520
f 10499 10521 10500
f 10566 10523 10525
f 10555 10526 10528
f 10554 10529 10531
f 10589 10532 10534
f 10556 10534 10535
f 10883 10536 10538
f 10542 10539 10541
f 10539 10542 10544
f 10965 10545 10547
f 10552 10546 10548
f 10560 10549 10551
f 10564 10525 10552
f 10547 10546 10524
f 10554 10539 10553
f 10540 10539 10531
f 10538 10537 10528
f 10558 10556 10557
f 11007 10558 10559
f 11263 10560 10561
f 11013 10559 10562
f 10562 10557 10563
f 10525 10564 10566
f 11263 10561 10568
f 10529 10554 10569
f 11072 10570 10572
f 11257 10573 10575
f 10590 10576 10578
f 10584 10579 10581
f 10581 10582 10584
f 11274 10585 10587
f 10970 10588 10589
f 10576 10590 10592
f 10573 10593 10574
f 10576 10595 10577
f 10563 10535 10597
f 9787 10598 10600
f 10581 10580 10602
f 10581 10602 10582
f 10587 10586 10605
f 10595 10576 10606
f 10620 10607 10609
f 10648 10610 10612
f 11287 10613 10615
f 10634 10616 10618
f 11291 10619 10620
f 10636 10621 10623
f 10652 10624 10626
f 11287 10615 10628
f 10624 10629 10631
f 10610 10632 10611
f 10656 10634 10635
f 10657 10636 10637
f 10645 10638 10640
f 10646 10641 10643
f 11235 10644 10645
f 11236 10646 10647
f 11241 10610 10649
f 11329 10616 10650
f 11663 10651 10636
f 10629 10624 10653
f 10625 10624 10654
f 11241 10655 10610
f 11245 10650 10656
f 11663 10636 10658
f 11292 10659 10661
f 11233 10662 10664
f 10684 10665 10667
f 10871 10668 10670
f 11251 10671 10673
f 10685 10672 10674
f 11299 10675 10677
f 10676 10675 10679
f 10686 10680 10682
f 10661 10676 10683
f 10677 10676 10660
f 10691 10684 10685
f 10673 10672 10667
f 10670 10669 10663
f 10689 10686 10687
f 11292 10661 10688
f 11294 10689 10690
f 10684 10691 10665
f 11300 10693 10695
f 11252 10696 10698
f 10702 10699 10701
f 10699 10702 10704
f 11231 10705 10707
f 11252 10708 10696
f 10693 10710 10694
f 10696 10712 10697
f 10702 10701 10715
f 10715 10716 10702
f 10707 10706 10718
f 10696 10709 10712
f 10733 10720 10722
f 10761 10723 10725
f 10740 10726 10728
f 10763 10729 10731
f 11128 10732 10733
f 10764 10734 10736
f 10766 10737 10739
f 11125 10740 10741
f 10766 10742 10744
f 10723 10745 10724
f 10770 10731 10747
f 10736 10735 10749
f 10757 10750 10752
f 11316 10753 10755
f 11313 10756 10757
f 11316 10755 10759
f 11320 10760 10761
f 10769 10762 10731
f 11571 10764 10765
f 10742 10766 10767
f 10737 10766 10768
f 11319 10745 10760
f 11137 10769 10770
f 10765 10736 10771
f 10799 10772 10774
f 11130 10775 10777
f 10807 10778 10780
f 11326 10781 10783
f 10787 10784 10786
f 10784 10787 10789
f 11308 10790 10792
f 10797 10791 10793
f 10801 10794 10796
f 10799 10791 10798
f 10791 10799 10792
f 10780 10784 10800
f 10784 10780 10785
f 10783 10782 10776
f 10804 10801 10802
f 10772 10799 10803
f 11312 10804 10805
f 10780 10800 10807
f 11135 10808 10810
f 10823 10811 10813
f 10819 10814 10816
f 10816 10817 10819
f 11307 10820 10822
f 10811 10823 10825
f 10808 10826 10809
f 10811 10828 10812
f 10816 10815 10831
f 10831 10832 10816
f 10822 10821 10834
f 10811 10825 10828
f 11107 10836 10838
f 10838 10837 10840
f 9781 10841 9797
f 11542 10840 10844
f 11545 10845 10847
f 11540 10848 10850
f 11541 10846 10851
f 11664 10837 10852
f 11539 10853 10855
f 10878 10856 10848
f 11555 10851 10857
f 11664 10858 10837
f 10855 10854 10860
f 10600 10599 9620
f 9791 10861 9792
f 10867 10527 10863
f 10776 10864 10783
f 10962 9817 10866
f 10528 10527 10868
f 10670 10869 10871
f 10614 10872 10615
f 10575 10574 10875
f 10515 10595 10516
f 10596 10595 10514
f 9774 9786 10876
f 10574 10594 10874
f 10602 10712 10603
f 10716 10715 10835
f 10829 10828 10714
f 10713 10712 10601
f 11119 10860 10826
f 10832 10831 10878
f 9794 9793 10880
f 10659 10881 10660
f 10585 10883 10875
f 9811 10885 10886
f 10556 10887 10534
f 10619 10889 10607
f 10903 10891 10597
f 11117 10892 10894
f 10907 10895 10897
f 9626 10893 10898
f 11069 10899 10901
f 11103 10902 10903
f 9630 9670 9632
f 10909 10904 10906
f 9625 10895 10908
f 10906 10901 10909
f 11067 10901 10910
f 11226 10910 10905
f 11070 9671 10911
f 10925 10912 10914
f 11665 9629 9676
f 11005 10572 10916
f 11665 9676 10917
f 10921 10918 10920
f 10918 10921 10923
f 10895 10924 10896
f 10930 10926 10928
f 10952 10929 10930
f 11666 10931 10933
f 10937 10934 10920
f 10939 10936 10937
f 10940 10938 10939
f 10938 10940 10942
f 10942 10941 10944
f 10944 10943 10946
f 10950 10947 10949
f 11098 10950 10951
f 10929 10952 10954
f 10954 10953 10956
f 10973 10956 10957
f 10959 10958 10945
f 10958 10959 10961
f 9817 10962 9818
f 10547 10963 10965
f 10577 10966 10578
f 10589 10968 10970
f 10957 10971 10973
f 10951 10974 10960
f 10974 10951 10975
f 10975 10949 10976
f 11043 10977 10979
f 10932 10980 10948
f 10931 10981 10932
f 10971 10982 10972
f 10982 10984 10983
f 10988 10985 10986
f 10990 10987 10986
f 10992 10989 10990
f 10993 10991 10992
f 10991 10993 10995
f 10997 10891 10979
f 10978 10996 10979
f 10912 10925 10998
f 9617 10999 11001
f 11006 10887 10558
f 11003 11002 10994
f 11008 11002 11004
f 10916 9675 11005
f 11167 11006 11007
f 11090 11008 11009
f 11018 11010 11012
f 10997 10562 10891
f 10996 11013 10997
f 11076 10918 11014
f 11182 10571 11016
f 9616 10913 9617
f 9655 11017 9648
f 11047 11019 11021
f 10570 11022 10571
f 10912 11023 10913
f 11023 11024 10999
f 11027 9674 11025
f 11082 11026 11027
f 10968 10589 10888
f 11029 11028 10969
f 11028 11029 11031
f 11087 11028 11032
f 11049 11033 9666
f 11035 11034 9647
f 11033 11035 9646
f 11559 11036 11038
f 11095 11039 11041
f 11039 11042 11040
f 11042 11044 11043
f 11051 9662 9641
f 11065 11045 11021
f 10914 11047 11046
f 11055 11048 11049
f 11558 11034 11050
f 11048 11050 11033
f 11054 11051 11052
f 9666 9662 11049
f 11017 11053 11018
f 9623 10924 9625
f 11049 11051 11055
f 11032 11031 11057
f 9672 11058 9677
f 11031 11030 11056
f 11047 10914 9616
f 9623 9622 10924
f 11019 11047 11061
f 9622 11062 10998
f 11021 11020 11065
f 10893 9626 11066
f 10901 11067 11069
f 9648 11018 9649
f 9671 11070 9672
f 10894 10893 11071
f 10896 11046 10897
f 10598 11014 10599
f 10599 11022 9621
f 9650 9649 9658
f 9654 9653 9660
f 9621 10570 11073
f 11078 10930 11074
f 9802 9801 10866
f 10918 11076 10919
f 11085 10952 11078
f 11072 11079 11073
f 11079 11026 11080
f 11026 11082 11081
f 11005 9674 11079
f 10572 11005 11072
f 11101 11084 11017
f 11023 10912 11063
f 11123 11085 11086
f 10925 10914 10896
f 11028 11087 10970
f 11009 11088 11090
f 11044 11091 10977
f 11024 11023 11093
f 10977 11092 10978
f 10979 10902 11043
f 11666 10933 11095
f 11102 10953 11085
f 11042 11039 10947
f 11086 11078 11096
f 11102 9624 10898
f 10947 10950 11042
f 11062 11097 11063
f 10950 11098 11044
f 11088 11099 11089
f 11562 11101 9655
f 10923 11015 11014
f 11015 10923 11016
f 10953 11102 10955
f 11041 11040 11103
f 11105 10854 11104
f 10854 11105 10859
f 10578 10967 10543
f 11355 11107 11108
f 10738 10737 11110
f 10746 11111 10758
f 9821 11113 10862
f 11116 11100 10935
f 10934 11115 10935
f 10957 10955 10892
f 10892 11117 10957
f 10947 10933 10948
f 10826 10808 11119
f 11117 10904 10971
f 10936 11120 10934
f 11120 10936 11121
f 9780 11122 9781
f 11085 11123 11102
f 9618 9617 11124
f 10740 11125 10742
f 10742 10767 10740
f 10722 11126 10733
f 11667 11128 11127
f 11668 11129 11130
f 11312 11131 10804
f 10804 11132 10801
f 10794 10801 11134
f 10795 10794 10810
f 10755 10724 10758
f 10755 10754 10724
f 11669 10751 11136
f 10750 10756 11136
f 10807 10770 10778
f 10770 10807 11137
f 11348 11138 10806
f 11668 11130 11139
f 11670 11139 10782
f 11670 10782 11140
f 11135 10794 11141
f 10793 10790 10818
f 10808 11135 11118
f 11098 10951 11142
f 9619 11073 11143
f 11143 11080 11144
f 11081 11083 11144
f 11671 11146 11148
f 11146 11037 11147
f 9622 11123 11062
f 11062 11086 11097
f 10904 10909 10982
f 10986 10984 10900
f 10899 10990 10900
f 11153 10992 10899
f 11121 10938 11149
f 10944 11150 10942
f 11150 10944 11151
f 11151 10946 11152
f 9675 10993 11153
f 10994 10993 10916
f 10937 11154 10939
f 11156 10940 11155
f 10940 11156 10941
f 10945 11158 10959
f 10943 11160 10945
f 11160 10943 11157
f 10959 11159 10960
f 10920 10919 10937
f 10559 11161 11007
f 11077 9804 11164
f 11168 11165 10996
f 10559 11013 11161
f 11007 11162 11167
f 10919 11077 11154
f 11094 11168 10978
f 11177 11169 11171
f 11178 11172 11174
f 11158 11175 11159
f 11156 11176 11157
f 11160 11172 11158
f 9804 11077 9789
f 11142 11159 11177
f 11172 11160 11173
f 11179 11170 11175
f 11172 11178 11175
f 11176 11156 11180
f 11165 11168 11170
f 11014 10598 11076
f 11177 11091 11142
f 11168 11094 11171
f 11154 11164 11155
f 11091 11177 11092
f 11162 11178 11166
f 11162 11161 11178
f 9803 11181 9804
f 11181 9803 11166
f 11170 11179 11165
f 10571 11182 10572
f 10916 10915 10994
f 10915 11182 11003
f 11152 10958 11183
f 10974 11184 10961
f 10813 10812 11186
f 9727 9768 11188
f 9727 11188 9728
f 11338 10518 11190
f 11337 11190 10511
f 11281 11191 9740
f 9762 11192 10508
f 10492 11193 10493
f 11193 11194 9738
f 11336 11194 9716
f 9695 9750 9696
f 11285 11195 9695
f 9772 11196 9696
f 11335 11197 11198
f 11334 11198 9752
f 11334 11199 9732
f 11202 9735 11201
f 11187 11202 9769
f 11200 11199 9734
f 9745 9698 9751
f 9744 9699 9745
f 9704 9742 9705
f 9765 9719 11203
f 9720 9719 9726
f 9717 9715 9770
f 9715 9717 9714
f 9714 9711 11204
f 10504 10509 9723
f 11209 10504 11205
f 10496 10510 10497
f 11358 10519 10517
f 9725 11206 9726
f 11223 11208 10505
f 11223 10505 11209
f 9759 9712 10502
f 10496 10503 11204
f 11210 9760 11205
f 11211 9757 11210
f 11214 9758 11211
f 11214 9720 11207
f 9756 9706 9758
f 11206 11212 11207
f 11189 11188 11213
f 11187 9769 11188
f 9758 11214 9756
f 9720 11214 9730
f 11340 10601 10966
f 10967 10966 10579
f 10590 10542 10591
f 10963 10544 10964
f 11215 10553 10963
f 11264 10569 11215
f 9786 9785 10567
f 10862 11114 9792
f 10861 11216 10862
f 10879 9819 10880
f 10879 11218 9819
f 11218 11075 9826
f 11075 9824 10866
f 9796 11219 9799
f 9813 9776 9817
f 10962 10866 11219
f 10842 10962 9797
f 10842 10841 9818
f 11122 11220 10841
f 10876 10885 9774
f 10876 10863 10886
f 11262 10568 11221
f 9828 9808 10565
f 10523 10566 9807
f 10867 10567 10868
f 11222 10868 10551
f 10884 11222 10550
f 10542 10590 10543
f 10967 10579 10964
f 10579 10584 10965
f 10874 10586 10875
f 10877 10604 10874
f 9730 11211 9722
f 9722 11210 9723
f 10501 11223 10502
f 11184 10974 11224
f 11224 10975 11225
f 11009 11004 11016
f 11016 10922 11009
f 10899 11069 11153
f 11069 11068 9673
f 11012 11011 9668
f 9668 9659 11012
f 9669 9661 9677
f 9677 11059 9669
f 11071 11226 10894
f 10894 10905 11117
f 10922 10921 11088
f 10935 11099 10920
f 11225 10976 11227
f 10981 11228 10980
f 10513 11208 10501
f 10502 11209 9759
f 11199 9751 11201
f 11344 10717 11229
f 11229 10706 11230
f 10705 11231 10871
f 10870 10869 10681
f 10869 11232 10682
f 11331 10690 11232
f 11244 10644 11234
f 10889 11235 10890
f 11345 10608 10890
f 10873 10872 10646
f 11339 10873 11236
f 11339 11237 10627
f 11239 10631 11238
f 11240 11239 10655
f 11341 11240 11241
f 11341 11241 11242
f 10633 11238 10647
f 10643 10611 10647
f 10643 10642 10611
f 11672 10639 11243
f 10644 11244 10638
f 10665 10656 10666
f 10656 10665 11245
f 10881 11246 10692
f 11234 11233 11247
f 11247 10664 11248
f 11248 10669 11249
f 11249 10668 11250
f 11252 10671 10708
f 10671 11252 10674
f 10707 11253 11231
f 11253 10707 11254
f 10718 10593 11254
f 10593 10573 11255
f 10573 11257 11256
f 10548 10545 10583
f 11260 11258 10549
f 10549 11257 10550
f 10549 10560 11260
f 11263 11261 10560
f 10568 11262 11263
f 10569 11264 11113
f 9827 10529 11113
f 10529 9827 10530
f 11221 9785 11265
f 9773 11266 11265
f 9799 11268 9796
f 9812 9777 9813
f 11386 9810 11269
f 9809 9816 11269
f 11271 11270 10526
f 10526 9816 10527
f 10867 10863 10567
f 11272 11271 10555
f 11673 11272 10537
f 11673 10537 11273
f 11273 10536 11275
f 10585 11274 10883
f 10875 10884 10575
f 10587 11276 11274
f 11276 10587 11277
f 10605 10521 11277
f 11279 11278 10499
f 10499 10495 11279
f 10510 10496 9694
f 10510 9694 10511
f 9740 9739 11281
f 9739 9748 11280
f 11195 11282 9750
f 9709 9708 9705
f 9770 9709 9741
f 9695 11283 11285
f 9733 11286 9731
f 9731 11200 9733
f 11287 10628 10629
f 10629 10653 11287
f 10620 10609 11289
f 11289 11290 10620
f 10659 11292 10637
f 10657 11292 10658
f 11294 11291 11293
f 10689 11294 11295
f 10686 10689 11296
f 10680 10686 11297
f 11349 11298 10698
f 10700 10699 11299
f 10675 10699 10678
f 10693 11300 11302
f 10710 10693 11303
f 11303 11304 10710
f 11305 10822 11304
f 10822 11305 11307
f 10814 10819 11308
f 11351 10833 11309
f 11309 10821 11310
f 11186 11311 10813
f 10787 10823 10788
f 10823 10787 10824
f 11327 10865 10795
f 10865 10864 10796
f 11323 10805 10864
f 10773 10772 10748
f 10771 10749 10803
f 11667 11131 11128
f 11322 11313 11314
f 11343 10721 11314
f 11317 11315 11316
f 11354 11317 10759
f 11354 11112 10741
f 11112 11111 11125
f 11318 10744 11111
f 11342 11318 11319
f 11342 11319 11109
f 11110 11109 11320
f 11350 10762 11321
f 11321 11138 10735
f 10775 11130 11313
f 11128 11312 10732
f 11313 11322 10775
f 11348 10806 11324
f 11325 11324 10789
f 11311 11325 10788
f 11140 10781 11306
f 10820 11307 11326
f 11326 11327 10820
f 11186 11185 10814
f 11185 11328 10815
f 11347 11329 11330
f 11330 11246 10623
f 11291 11294 10619
f 10662 11233 11235
f 11235 10889 10662
f 10882 10881 10691
f 11332 10882 10685
f 11298 11332 10674
f 11297 11301 10680
f 10680 11300 10681
f 10871 10870 10705
f 11349 11333 10700
f 11346 10714 11333
f 9735 11202 9768
f 9737 9736 11201
f 9751 11199 9752
f 9703 11198 9732
f 9702 11335 9703
f 9771 9743 9772
f 9749 9747 11336
f 9692 9710 11193
f 9693 9692 10492
f 10494 10500 11337
f 10500 10522 11190
f 10511 9693 11337
f 9771 9772 9716
f 11264 10523 11114
f 10523 11264 10524
f 10637 11246 10659
f 10647 11237 11236
f 10528 10868 10538
f 10538 11222 10883
f 9824 11075 9825
f 10524 11215 10547
f 10577 10596 10966
f 9825 11218 9793
f 10625 11341 10626
f 10677 10660 11332
f 10619 10690 10889
f 10737 10768 11109
f 10752 11343 10757
f 10694 10711 11229
f 10640 11345 10645
f 10728 10727 11317
f 10697 10713 11333
f 10623 10622 11330
f 10663 10662 11232
f 10681 10695 10870
f 10633 10632 11238
f 10695 10694 11230
f 10744 11318 10768
f 11238 10630 11237
f 10774 10773 11324
f 10631 11239 10654
f 10732 11322 10720
f 10812 10829 11185
f 10792 10774 11325
f 10650 11245 11330
f 10792 11325 11308
f 10654 11240 10625
f 11299 10677 11298
f 10698 10697 11349
f 11299 11298 10700
f 10627 10615 11339
f 10663 11232 10670
f 10783 10865 11326
f 10776 10775 10864
f 10734 11350 10735
f 10814 11308 11186
f 10732 10805 11322
f 10809 10827 11309
f 10748 11138 10773
f 10810 10809 11310
f 10746 10745 11111
f 11357 11352 10850
f 10728 11317 10741
f 10769 11137 11321
f 11327 10795 11310
f 10758 11112 10759
f 11104 11355 11105
f 11544 11356 11357
f 10710 10834 10711
f 10594 10593 10717
f 10522 10521 10604
f 11370 10519 11359
f 11550 10926 10843
f 11359 11358 11360
f 11360 11361 11090
f 11361 11338 11362
f 11362 10522 11363
f 11547 10991 11363
f 11547 10877 11364
f 11365 10987 11364
f 11548 11365 11344
f 11548 11366 10988
f 11367 11366 10833
f 11549 11367 11351
f 11549 11351 11368
f 11546 11227 11369
f 11371 10520 11370
f 11552 11371 11115
f 11552 11372 10513
f 11372 11120 11373
f 11373 11121 11374
f 11376 11224 11375
f 11553 11184 11376
f 11553 11328 11377
f 11378 11152 11377
f 10601 11340 10713
f 11379 11151 11378
f 11554 11150 11379
f 11554 11340 11374
f 11483 11380 11382
f 9811 9810 11220
f 11429 11383 11385
f 9810 11386 9812
f 11404 11387 11389
f 9783 9782 11391
f 11397 11390 11216
f 11411 11392 11394
f 11486 11395 11380
f 11216 10861 11397
f 11431 11398 11400
f 11419 11396 9791
f 11406 11401 11403
f 11482 11404 11405
f 11434 11406 11408
f 11429 11409 11383
f 11438 11411 11412
f 11400 11399 11414
f 11425 11415 11417
f 9791 9790 11419
f 11516 11420 11422
f 11418 9790 11423
f 11511 11424 11425
f 11422 11421 11427
f 11268 11267 9779
f 11520 11428 11385
f 9779 11266 9780
f 11437 11430 11411
f 10885 11122 9775
f 11583 11431 11432
f 11122 10885 11220
f 11407 11406 11433
f 11401 11406 11435
f 11428 11436 11429
f 11499 11437 11438
f 11432 11400 11439
f 11467 11440 11442
f 11487 11443 11445
f 11475 11446 11448
f 11531 11449 11451
f 11455 11452 11454
f 11452 11455 11457
f 11507 11458 11460
f 11465 11459 11461
f 11469 11462 11464
f 11467 11459 11466
f 11460 11459 11442
f 11473 11448 11457
f 11453 11452 11447
f 11451 11450 11444
f 11471 11468 11464
f 11440 11467 11470
f 11489 11468 11472
f 11448 11473 11475
f 11451 11444 11477
f 11197 11335 9743
f 11401 11478 11402
f 11410 11480 11426
f 11404 11482 11407
f 11407 11433 11404
f 9743 9742 11197
f 9742 9704 9744
f 11380 11483 11485
f 11674 11486 11485
f 11498 11424 11488
f 11468 11489 11491
f 11469 11468 11492
f 11462 11469 11493
f 11462 11494 11463
f 11421 11383 11426
f 11420 11384 11421
f 9704 9755 9699
f 11514 11496 11212
f 11675 11416 11497
f 11424 11498 11415
f 11475 11438 11446
f 11438 11475 11499
f 11527 11500 11474
f 11488 11487 11501
f 11501 11445 11502
f 11502 11450 11503
f 11494 11462 11504
f 11458 11505 11461
f 11537 11505 11507
f 11356 11508 11352
f 11455 11353 11456
f 11353 11455 11509
f 11532 11477 11463
f 11476 11471 11477
f 11476 11510 11471
f 11440 11414 11441
f 11414 11440 11439
f 11674 11490 11486
f 11526 11511 11512
f 11535 11382 11512
f 11212 11206 11514
f 11522 11513 9725
f 11517 11515 11422
f 11538 11517 11427
f 11538 11481 11405
f 11481 11480 11482
f 11518 11434 11480
f 11519 11518 11436
f 11478 11519 11428
f 11479 11478 11520
f 9725 9724 11522
f 11521 9724 11523
f 11525 11524 11437
f 11500 11413 11525
f 11443 11487 11511
f 11486 11489 11395
f 11511 11526 11443
f 11536 11527 11473
f 11536 11473 11528
f 11508 11528 11456
f 11503 11449 11530
f 11534 11529 11531
f 11531 11532 11534
f 11435 11519 11401
f 11417 11535 11425
f 11388 11515 11389
f 11434 11518 11435
f 11442 11441 11536
f 11395 11526 11381
f 11460 11442 11528
f 11460 11528 11507
f 11531 11451 11532
f 11444 11443 11476
f 11398 11524 11399
f 11507 11508 11537
f 11526 11395 11510
f 11413 11500 11441
f 11409 11518 11410
f 11286 11284 9701
f 9701 11283 9702
f 11389 11517 11405
f 11196 11335 9697
f 11437 11499 11525
f 11463 11495 11532
f 11426 11481 11427
f 11534 11533 11104
f 11107 11355 11495
f 11529 11534 10853
f 10853 11539 11529
f 11509 11540 11353
f 10836 11107 11494
f 11494 11504 10836
f 10846 11541 11505
f 11505 11537 10846
f 11108 10838 11542
f 11105 11108 11106
f 11368 11543 10973
f 10844 10954 11543
f 10843 10929 10844
f 11544 10847 11356
f 10847 11544 10850
f 10850 10849 10847
f 11106 11542 11543
f 11375 11225 11546
f 11089 11100 11359
f 11090 11089 11360
f 11338 11361 10518
f 11008 11361 11002
f 11002 11362 10995
f 10604 10877 11363
f 10991 11547 10989
f 10594 10717 11364
f 10988 10987 11548
f 10711 11366 11344
f 10983 10985 11367
f 10972 10983 11549
f 10973 10972 11368
f 10926 11550 10927
f 11100 11116 11370
f 10520 11371 10513
f 11120 11372 11115
f 10514 11208 11373
f 10514 11373 10596
f 11556 10856 10830
f 11328 11553 10830
f 11184 11553 11183
f 10714 11378 10829
f 11346 11379 10714
f 11340 11554 11346
f 11150 11554 11149
f 10826 10859 10827
f 11543 11368 11106
f 10840 10839 10843
f 10839 10858 11550
f 11369 11555 11546
f 10849 10856 11545
f 10845 11545 10857
f 10830 11376 11556
f 11556 11375 10857
f 11166 11174 11181
f 11180 11164 11176
f 11174 11173 11557
f 11176 11163 11557
f 11006 11167 9788
f 11006 9788 10887
f 10887 9787 10888
f 10888 10600 10968
f 10968 9620 10969
f 11143 11029 9619
f 11144 11030 11143
f 11144 11145 11030
f 11034 11558 11147
f 9664 11034 11036
f 11660 9664 11559
f 9655 11560 11562
f 10641 10872 10640
f 10608 11345 10614
f 10614 10613 10608
f 10640 10639 10641
f 11672 10612 10639
f 10616 11563 10617
f 11566 11563 11329
f 11329 11347 11566
f 11565 11347 11567
f 10621 11568 10622
f 11568 10621 11569
f 10613 10653 10609
f 11315 11343 10753
f 10721 11343 10727
f 10727 10726 10721
f 10726 10767 10722
f 11676 11570 11571
f 10734 10764 11572
f 11572 11573 10734
f 11350 11573 10762
f 11575 10763 11574
f 10763 11575 10729
f 11669 10725 10751
f 10751 10754 10752
f 11417 11416 11516
f 11675 11384 11416
f 11393 11392 11578
f 11577 11392 11579
f 11524 11580 11430
f 11580 11524 11581
f 11431 11582 11398
f 11677 11582 11583
f 11433 11484 11387
f 11387 11483 11388
f 11535 11515 11382
f 11516 11515 11417
f 6875 9678 6876
f 6878 6953 6879
f 6881 6947 6878
f 6883 6936 6881
f 6885 6927 6883
f 6902 6957 6876
f 6961 6955 11584
f 6888 5884 6889
f 6887 6955 6891
f 9874 6943 9872
f 6891 6948 6889
f 6918 6932 6895
f 6888 6940 6898
f 10078 6918 6899
f 6898 6930 6901
f 6929 6957 6901
f 6921 6920 11585
f 6951 6950 9873
f 6914 6934 6909
f 6875 6959 6885
f 6913 6924 6914
f 6879 6958 6913
f 6905 6907 11585
f 6932 9874 6896
f 6945 6951 6909
f 10079 6904 10077
f 6899 9682 10077
f 5898 6893 11584
f 9461 9460 3691
f 6035 222 6028
f 6325 630 6326
f 6292 645 6293
f 6286 6298 664
f 675 678 6287
f 6291 678 6288
f 6848 6289 1079
f 9886 9890 4153
f 9927 9934 4172
f 6859 9947 4235
f 9849 9971 4075
f 7289 7292 7284
f 6336 6324 6349
f 6324 6323 11586

