# https://github.com/mikedh/trimesh

o v2_mhair02-mesh
v 0.06837844 -0.14254114 1.66605568
v 0.06912630 -0.13936285 1.65605342
v 0.07015457 -0.13609108 1.65801647
v 0.07968947 -0.05401634 1.65530557
v 0.07791335 -0.04672492 1.66540133
v 0.07800684 -0.05280108 1.66886008
v 0.04183035 -0.06551424 1.73186504
v 0.04005428 -0.07888181 1.73541728
v 0.04463475 -0.07944267 1.73270638
v 0.05781532 -0.15693694 1.67989067
v 0.05725441 -0.15740425 1.67886234
v 0.06155450 -0.15338464 1.67474924
v 0.03846510 -0.01456815 1.71214100
v 0.03332378 -0.01344638 1.71307572
v 0.03444550 -0.02298129 1.72261062
v 0.01060830 0.00749292 1.59762892
v 0.01191700 0.00861469 1.60566813
v 0.01855407 0.00702555 1.60454642
v 0.05809575 -0.02288779 1.69933434
v 0.05940446 -0.03204877 1.70597135
v 0.06417191 -0.03335744 1.70167126
v 0.07940904 -0.04906190 1.65240780
v 0.07772641 -0.04149011 1.66147522
v 0.05080439 -0.01858776 1.70699957
v 0.04687823 -0.01699863 1.70952359
v 0.04837392 -0.02718782 1.71662796
v 0.07641765 -0.04036835 1.67390801
v 0.07389375 -0.03541396 1.68045153
v 0.07464159 -0.04251839 1.68503199
v 0.07529595 -0.07224474 1.68456463
v 0.07716550 -0.07486221 1.67400140
v 0.07753942 -0.06747735 1.67316017
v 0.05940852 -0.02795673 1.59503492
v 0.05943120 -0.03336096 1.58256948
v 0.05205655 -0.02524148 1.58318550
v 0.08062425 -0.06373817 1.64147070
v 0.07950248 -0.05906422 1.65820346
v 0.05519793 -0.06766428 1.72036708
v 0.05416965 -0.08028395 1.72345196
v 0.05959145 -0.08009701 1.71765618
v 0.06566755 -0.06803821 1.70868225
v 0.06445234 -0.07981659 1.71073880
v 0.06875237 -0.07962960 1.70288647
v 0.06477171 -0.03460811 1.59431515
v 0.06320247 -0.04117414 1.58228342
v 0.08015683 -0.05990551 1.63922716
v 0.08006339 -0.07364694 1.63053360
v 0.07996989 -0.07159039 1.62875753
v 0.00079303 -0.00998770 1.71803016
v 0.00079303 -0.02092474 1.72560200
v 0.01070180 -0.02055081 1.72560200
v 0.07071542 -0.03120743 1.68587333
v 0.06697630 -0.02756174 1.69101465
v 0.06828501 -0.03569439 1.69681032
v 0.05052391 -0.00138758 1.66867309
v 0.05173918 -0.00484633 1.67671230
v 0.05622620 -0.00802458 1.67353403
v 0.04603695 -0.03532047 1.54341102
v 0.04407389 -0.03915314 1.53929881
v 0.03986730 -0.03391832 1.53864357
v 0.05127176 -0.04794019 1.54602843
v 0.05005655 -0.05046410 1.54126187
v 0.04734565 -0.04466837 1.54004577
v 0.05753128 -0.06280963 1.54863558
v 0.05501093 -0.06495338 1.54294455
v 0.05173918 -0.05710110 1.54191622
v 0.05304788 -0.01681164 1.60725732
v 0.05398266 -0.01288553 1.61772694
v 0.05846968 -0.01812034 1.61595088
v 0.00528000 0.01441041 1.61548352
v 0.00079303 0.01226037 1.61557690
v 0.00079303 0.01375606 1.62660749
v 0.06315288 -0.02829159 1.60430338
v 0.06295670 -0.02382258 1.61398782
v 0.06736026 -0.03057458 1.61211447
v 0.03416507 0.00450158 1.61894215
v 0.03472598 0.00543642 1.62539228
v 0.03781075 0.00347331 1.62473793
v 0.06921227 -0.04656841 1.59356352
v 0.07104628 -0.04166128 1.60202429
v 0.07486057 -0.05455391 1.60042206
v 0.04369997 -0.00624852 1.61024859
v 0.04538259 -0.00335063 1.62071833
v 0.04968262 -0.00802458 1.61931613
v 0.07221112 -0.03204877 1.62614013
v 0.07323939 -0.03092700 1.63380536
v 0.07688507 -0.04046184 1.62885103
v 0.04865435 0.00235160 1.65091210
v 0.04949569 0.00122983 1.66007302
v 0.05388916 -0.00166801 1.65792298
v 0.05706748 -0.00522024 1.64698599
v 0.05818925 -0.00578110 1.65558606
v 0.06230235 -0.01101592 1.65287516
v 0.00079303 0.01571911 1.65801647
v 0.00079303 0.01487777 1.66848621
v 0.00780397 0.01515826 1.66829922
v 0.06529368 -0.01653121 1.64175107
v 0.06641539 -0.01671820 1.64979028
v 0.07034155 -0.02288779 1.64586417
v 0.03724989 0.00945603 1.65483821
v 0.03818468 0.00870819 1.66455999
v 0.04211084 0.00693206 1.66353177
v 0.04528910 -0.00325719 1.69194948
v 0.04173691 -0.00138758 1.69363205
v 0.04482168 -0.00755722 1.70269959
v 0.07623073 -0.03438571 1.65231430
v 0.07707207 -0.03747051 1.65708175
v 0.07959598 -0.04569665 1.64894905
v 0.05388916 -0.00839851 1.68503199
v 0.05566529 -0.01503558 1.69251034
v 0.06015230 -0.01783992 1.68839724
v 0.06669582 -0.01998996 1.67353403
v 0.06239579 -0.01568992 1.67727326
v 0.06463933 -0.02092474 1.68437764
v 0.00079303 0.00618421 1.70054955
v 0.00079303 -0.00082672 1.70980396
v 0.00986052 -0.00082672 1.70886913
v 0.07071542 -0.02494434 1.66904707
v 0.07258504 -0.02952480 1.67493623
v 0.07566986 -0.03475961 1.66904707
v 0.00789740 -0.07719919 1.74420433
v 0.00079303 -0.07691870 1.74523255
v 0.00097999 -0.09103406 1.74607389
v 0.04332605 -0.09234276 1.73438895
v 0.06258278 -0.14702805 1.70877574
v 0.05529136 -0.15020643 1.71457141
v 0.05575878 -0.15525431 1.71017794
v 0.06903280 -0.13964320 1.66829922
v 0.07118284 -0.13197800 1.66026001
v 0.06875237 -0.14338246 1.68877111
v 0.06323713 -0.14805642 1.69615596
v 0.06520018 -0.15048688 1.69251034
v 0.04472825 -0.05205323 1.72784543
v 0.04024122 -0.05121194 1.72962161
v 0.05250886 -0.02099294 1.59588183
v 0.04594345 -0.02064431 1.58435490
v 0.04547609 -0.16189134 1.71933886
v 0.04052164 -0.16488267 1.72326497
v 0.04164341 -0.17058490 1.71840403
v 0.06763066 -0.13543672 1.69531473
v 0.06491975 -0.14001720 1.70428867
v 0.06389148 -0.14403681 1.70045605
v 0.07071542 -0.13169755 1.67381452
v 0.07221112 -0.12739751 1.66259694
v 0.07361332 -0.12244310 1.66549483
v 0.07445460 -0.08075137 1.68484500
v 0.07202418 -0.07991008 1.69437990
v 0.07118284 -0.08925799 1.69447339
v 0.06800458 -0.09000578 1.70354082
v 0.06118059 -0.14347594 1.71223438
v 0.05585227 -0.14609335 1.71821715
v 0.01210400 0.01113865 1.61557690
v 0.01257141 0.01263429 1.62642050
v 0.01818014 0.01104516 1.62623362
v 0.07423491 -0.04928505 1.60744888
v 0.07604378 -0.06177512 1.60333121
v 0.07396684 -0.05902633 1.59315132
v 0.07510895 -0.06542080 1.59772242
v 0.07538943 -0.04195748 1.62212052
v 0.07903512 -0.05682068 1.62127918
v 0.07931555 -0.04251839 1.64549030
v 0.07987641 -0.05822288 1.63623589
v 0.06314364 -0.11131906 1.71195401
v 0.06342407 -0.11991913 1.71101917
v 0.06716324 -0.11636694 1.70157777
v 0.07249155 -0.10365378 1.68278845
v 0.07239805 -0.11001036 1.68176023
v 0.07417418 -0.10720597 1.67082313
v 0.06583052 -0.06788325 1.57272423
v 0.07077092 -0.06491249 1.58163464
v 0.07034155 -0.07159039 1.58220486
v 0.05304788 -0.11505824 1.72606937
v 0.05388916 -0.12478008 1.72522803
v 0.05893705 -0.12309745 1.71905838
v 0.00154087 -0.15815218 1.73784769
v 0.00144739 -0.16637834 1.73466943
v 0.00724305 -0.16637834 1.73457594
v 0.01603010 -0.06308382 1.74074558
v 0.01715187 -0.04831411 1.73691297
v 0.00911267 -0.04831411 1.73738033
v 0.07436116 -0.07486221 1.59491802
v 0.07211762 -0.07635785 1.58940273
v 0.07333289 -0.06803821 1.59173976
v 0.03220201 -0.11748872 1.74392385
v 0.03201508 -0.12851917 1.74429783
v 0.03734339 -0.12758447 1.74018473
v 0.00116695 -0.17451103 1.73149117
v 0.00097999 -0.18226971 1.72793893
v 0.00724305 -0.18217632 1.72719108
v 0.02388238 0.00272553 1.69559511
v 0.01687145 0.00478201 1.69755816
v 0.01799316 -0.00204193 1.70699957
v 0.04837392 -0.11599303 1.73158466
v 0.04818693 -0.12580835 1.73027596
v 0.01995627 0.01422342 1.65726863
v 0.01397355 0.01497126 1.65764261
v 0.01453447 0.01441041 1.66764487
v 0.05856318 -0.09206233 1.71905838
v 0.00714961 -0.10571033 1.74635438
v 0.00126043 -0.10524292 1.74644787
v 0.00154087 -0.11842349 1.74523255
v 0.02004971 -0.09215583 1.74383035
v 0.02135841 -0.07794697 1.74149343
v 0.01490839 -0.07766655 1.74308262
v 0.01780623 -0.19096337 1.69531473
v 0.01210400 -0.19451557 1.69503425
v 0.01098223 -0.18647636 1.68232109
v 0.04285862 -0.12664963 1.73551077
v 0.03781075 -0.13665195 1.73878253
v 0.07623073 -0.07243173 1.60005945
v 0.07828727 -0.05738159 1.61669872
v 0.07922205 -0.06990776 1.61492255
v 0.07417418 -0.03074006 1.64081635
v 0.07520244 -0.03204877 1.64689250
v 0.07875469 -0.04102270 1.64034898
v 0.02519108 -0.17077186 1.72887376
v 0.02463022 -0.16310657 1.73373460
v 0.01892800 -0.16525659 1.73317374
v 0.03575420 -0.16740661 1.72616286
v 0.04024122 -0.15871305 1.72840629
v 0.02846284 -0.06383161 1.73691297
v 0.03079982 -0.04924889 1.73382809
v 0.02463022 -0.04850104 1.73588464
v 0.01818014 -0.11935827 1.74803695
v 0.01771273 -0.13085615 1.74869130
v 0.02257368 -0.13020180 1.74841092
v 0.02248018 0.00796033 1.61660523
v 0.02294759 0.00945603 1.62614013
v 0.02706064 0.00739948 1.62567266
v 0.03388464 0.00029505 1.69391254
v 0.02939762 0.00132333 1.69419291
v 0.03164116 -0.00456590 1.70400829
v 0.02509759 0.01347563 1.65680127
v 0.02603237 0.01300821 1.66661654
v 0.03033245 0.01179301 1.66596219
v 0.02958461 -0.09196890 1.74111945
v 0.03108024 -0.07850789 1.73803468
v 0.02659328 -0.07832090 1.73962387
v 0.02266711 -0.13954981 1.74700873
v 0.04828043 -0.16778053 1.68493849
v 0.04734565 -0.16806097 1.68232109
v 0.05201960 -0.16226526 1.68157324
v 0.04108256 -0.17525887 1.68998643
v 0.03781075 -0.17815671 1.69194948
v 0.03547377 -0.17628714 1.68391027
v 0.07024807 -0.13581064 1.64446197
v 0.07136978 -0.13207148 1.64623815
v 0.02500415 -0.18685029 1.69587559
v 0.02229325 -0.18329798 1.68316243
v 0.02818241 -0.18077413 1.68447113
v 0.00649526 -0.19507646 1.69475377
v 0.00023216 -0.19507646 1.69475377
v 0.00004520 -0.18834595 1.68213410
v 0.05294826 -0.03143342 1.56952067
v 0.04968262 -0.03532047 1.55836861
v 0.04584996 -0.02943136 1.55874248
v 0.05845753 -0.04601385 1.57011239
v 0.05661544 -0.04890962 1.56009799
v 0.05358428 -0.04158523 1.55879118
v 0.06234715 -0.05971322 1.57103976
v 0.06068035 -0.06351447 1.56258546
v 0.05913239 -0.05773590 1.56171893
v 0.03538034 -0.02457042 1.54827196
v 0.03538034 -0.02157909 1.56014379
v 0.04052164 -0.02485084 1.55967642
v 0.04575652 -0.03298353 1.54845985
v 0.04145643 -0.02784217 1.54752412
v 0.05816563 -0.06066449 1.55325059
v 0.05716098 -0.07869482 1.54780549
v 0.06052623 -0.07691870 1.55145023
v 0.05987188 -0.08131222 1.55201198
v 0.01528225 0.01254080 1.67783412
v 0.01603010 0.00964296 1.68792988
v 0.02266711 0.00749292 1.68615370
v 0.05192611 -0.04522928 1.55023502
v 0.07950248 -0.05654025 1.63333800
v 0.03902601 0.00599728 1.67446887
v 0.03996079 0.00244504 1.68409715
v 0.04351298 0.00057548 1.68269495
v 0.05949796 -0.00793115 1.66334478
v 0.06061973 -0.01157683 1.67044927
v 0.06491975 -0.01625078 1.66699052
v 0.00079303 0.01347563 1.67932970
v 0.00079303 0.01095167 1.69036029
v 0.00864525 0.01085817 1.68961245
v 0.06763066 -0.01849427 1.65680127
v 0.06903280 -0.02129866 1.66315790
v 0.07295896 -0.02700089 1.65848395
v 0.07791335 -0.03962050 1.63530105
v 0.07959598 -0.05625982 1.62969226
v 0.03126723 0.00870819 1.67549709
v 0.02696720 0.00982990 1.67605794
v 0.02808891 0.00581029 1.68512548
v 0.07940904 -0.06972083 1.62155956
v 0.07950248 -0.06944040 1.61875527
v 0.07950248 -0.05588590 1.62614013
v 0.07912855 -0.06981433 1.62436395
v 0.06164794 -0.08093830 1.55584470
v 0.06323713 -0.07766655 1.56528510
v 0.06435884 -0.08430356 1.56416339
v 0.07697856 -0.09982112 1.66016652
v 0.07482852 -0.10169073 1.67203834
v 0.07595030 -0.08907101 1.67381452
v 0.07810028 -0.08953842 1.66184909
v 0.07847421 -0.08411662 1.66259694
v 0.07968947 -0.08953842 1.64754685
v 0.08015683 -0.08523839 1.64792072
v 0.07464159 -0.11823650 1.65250118
v 0.07510895 -0.11346912 1.63249665
v 0.07613723 -0.10916902 1.63632927
v 0.07866119 -0.09851241 1.64577067
v 0.07632421 -0.10458856 1.65904481
v 0.08081118 -0.09066013 1.63324450
v 0.08099818 -0.08748187 1.63436621
v 0.07342632 -0.10720597 1.60361158
v 0.07623073 -0.10215809 1.61370734
v 0.07968947 -0.09570801 1.62978575
v 0.07800684 -0.10290593 1.64455547
v 0.06706975 -0.07420780 1.57435264
v 0.07006107 -0.07850789 1.58211137
v 0.06202187 -0.08701446 1.55490897
v 0.06208310 -0.07184653 1.56442515
v 0.06968721 -0.12449965 1.59931161
v 0.07034155 -0.11889086 1.59865725
v 0.07314589 -0.12253660 1.62548578
v 0.07277198 -0.12786481 1.64801421
v 0.07398724 -0.11842349 1.62866404
v 0.08127860 -0.08467748 1.63464670
v 0.08053075 -0.08103179 1.64745336
v 0.07884812 -0.07804047 1.66241006
v 0.07912855 -0.07215130 1.66212957
v 0.07651115 -0.08215356 1.67418838
v 0.01874100 0.01216687 1.63698373
v 0.06370450 -0.12758447 1.70952359
v 0.06426541 -0.13422140 1.70718656
v 0.06772410 -0.12973449 1.69802563
v 0.07174370 -0.11580609 1.68017104
v 0.07267853 -0.12122783 1.67876885
v 0.07380025 -0.11730172 1.66783186
v 0.05987188 -0.13104320 1.71746930
v 0.05445007 -0.13319323 1.72354546
v 0.05529136 -0.14011068 1.72074106
v 0.00172781 -0.14104548 1.74467169
v 0.00172781 -0.14964556 1.74065209
v 0.00714961 -0.14983252 1.74158693
v 0.06819152 -0.08149921 1.57491350
v 0.04398039 -0.14272810 1.72971499
v 0.04033471 -0.14506508 1.73560427
v 0.04005428 -0.15132819 1.73158466
v 0.02397587 -0.15572172 1.73896952
v 0.02332152 -0.14777598 1.74354998
v 0.01808666 -0.14899111 1.74336299
v 0.03463248 -0.15282385 1.73569776
v 0.04659780 -0.02559869 1.57023954
v 0.05722795 -0.03914684 1.56981698
v 0.05964945 -0.05313227 1.57019842
v 0.06418127 -0.04668369 1.58174118
v 0.06747944 -0.05447189 1.58218892
v 0.07370681 -0.11234735 1.66932744
v 0.07576330 -0.10888860 1.65736212
v 0.07716550 -0.10645812 1.64081635
v 0.07800684 -0.09935375 1.62137268
v 0.07894162 -0.09720370 1.62698136
v 0.01341270 -0.01531601 1.54733802
v 0.01416054 -0.01223118 1.56070565
v 0.02444323 -0.01634428 1.56079814
v 0.07866119 -0.06981433 1.61108993
v 0.07753942 -0.07093604 1.60557464
v 0.07725899 -0.06009249 1.61015510
v 0.07495523 -0.04614624 1.61446365
v 0.07142939 -0.03470166 1.61791950
v 0.08099818 -0.07205781 1.64539681
v 0.08071775 -0.07869482 1.63361848
v 0.08081118 -0.07589042 1.63249665
v 0.06763066 -0.02690739 1.62099870
v 0.07940904 -0.06560773 1.66016652
v 0.08109166 -0.06738385 1.64371424
v 0.07781985 -0.05999900 1.67138399
v 0.07604378 -0.06355118 1.68344280
v 0.07118284 -0.05803594 1.69886686
v 0.07426766 -0.06037292 1.69157550
v 0.07454809 -0.05102501 1.68886460
v 0.06361105 -0.04382709 1.70699957
v 0.06239579 -0.05541848 1.71186051
v 0.06716324 -0.05635332 1.70550387
v 0.05463701 -0.04195748 1.71588012
v 0.05286095 -0.05420328 1.72148891
v 0.05734791 -0.05495112 1.71672146
v 0.04295212 -0.03793787 1.72485416
v 0.02668671 -0.03457262 1.73111719
v 0.00995395 -0.03382484 1.73205203
v 0.05940446 -0.01456815 1.62576615
v 0.05099133 -0.00447240 1.62931839
v 0.03930644 0.00515594 1.63389885
v 0.03164116 0.00758641 1.63530105
v 0.03248244 0.00992339 1.64558380
v 0.03640861 0.00842776 1.64492944
v 0.02528457 -0.00391154 1.70484952
v 0.01930186 -0.01073549 1.71634748
v 0.00705612 0.01609303 1.63707712
v 0.00677569 0.01646696 1.62604663
v 0.06856544 -0.14553248 1.67474924
v 0.06772410 -0.14730849 1.67306667
v 0.06735018 -0.14431715 1.66455999
v 0.06847194 -0.14113895 1.65483821
v 0.07249155 -0.12693006 1.62417707
v 0.05033698 -0.06719687 1.72532152
v 0.04912177 -0.08009701 1.72849978
v 0.04603695 -0.06626208 1.72924763
v 0.06211536 -0.15282385 1.67559058
v 0.06678932 -0.14908469 1.67129049
v 0.06735018 -0.14291506 1.67680579
v 0.06781759 -0.14609335 1.68512548
v 0.06688281 -0.14899111 1.68176023
v 0.06398492 -0.15273028 1.68877111
v 0.04276519 -0.01568992 1.71111267
v 0.04407389 -0.02578568 1.71887150
v 0.04042821 -0.00680938 1.70316695
v 0.03603468 -0.00652895 1.70288647
v 0.02706064 -0.01185726 1.71485190
v 0.02780848 -0.02213995 1.72410631
v 0.06267621 -0.02485084 1.69550161
v 0.06828501 -0.13141712 1.60033982
v 0.06875237 -0.12861274 1.60024633
v 0.07174370 -0.13244539 1.62314874
v 0.05398266 -0.02083124 1.70316695
v 0.05566529 -0.03036614 1.70999095
v 0.05145875 -0.01232467 1.69652994
v 0.04921521 -0.00886592 1.70082992
v 0.07660464 -0.04700535 1.67811449
v 0.07314589 -0.07018819 1.69344506
v 0.06678006 -0.03904415 1.59476848
v 0.06061973 -0.06775778 1.71494528
v 0.06996764 -0.06887949 1.70148427
v 0.04725215 -0.01606379 1.59734855
v 0.04052164 -0.01540944 1.58557011
v 0.07173362 -0.03880473 1.60982792
v 0.01051486 -0.00970722 1.71756280
v 0.07183719 -0.03877921 1.69101465
v 0.06875237 -0.02503783 1.67989067
v 0.05501093 -0.00447240 1.66596219
v -0.00163738 -0.01232467 1.54266317
v 0.01285184 -0.01671820 1.54303804
v 0.01229093 -0.01905518 1.53883056
v -0.00126346 -0.01064205 1.54761850
v 0.04220428 -0.02933787 1.54210232
v 0.03640861 -0.02541176 1.54247719
v 0.03481942 -0.03008571 1.53892495
v 0.04874784 -0.03887271 1.54995554
v 0.04837392 -0.04167705 1.54509459
v 0.05496023 -0.05283445 1.55165872
v 0.05373193 -0.05455552 1.54690899
v 0.06080427 -0.06549975 1.55437609
v 0.05893705 -0.06990776 1.55004803
v 0.05613270 -0.07224474 1.54509459
v 0.05790876 -0.02195301 1.60566813
v 0.00640177 0.01179301 1.60520077
v 0.00079303 0.00917554 1.60463991
v 0.06763701 -0.03501508 1.60339384
v 0.03771731 -0.00035931 1.61295949
v 0.04089557 0.00066897 1.62258789
v 0.04837392 -0.01157683 1.60875301
v 0.04295212 -0.00858549 1.59818978
v 0.05286095 -0.00092021 1.64904254
v 0.05192611 -0.00194849 1.63941415
v 0.04771957 0.00151026 1.64119021
v 0.06136751 -0.01054856 1.64455547
v 0.06024581 -0.01185726 1.63548804
v 0.05613270 -0.00634196 1.63754459
v 0.00752348 0.01590604 1.65792298
v 0.01341270 0.01431692 1.64754685
v 0.00724305 0.01590604 1.64764035
v 0.00079303 0.01543869 1.64773384
v 0.06931328 -0.02298129 1.63829243
v 0.06847194 -0.02438348 1.62987925
v 0.06435884 -0.01793341 1.63287063
v 0.04491518 0.00515594 1.65268817
v 0.04547609 0.00394073 1.66203608
v 0.04379346 0.00431465 1.64277940
v 0.04117600 0.00758641 1.65390338
v 0.04884128 -0.00596810 1.68886460
v 0.04753258 -0.00166801 1.68017104
v 0.06220885 -0.07495565 1.55565682
v 0.05800226 -0.01195076 1.68101238
v 0.00920611 0.00599728 1.69961471
v 0.07445460 -0.03036614 1.66381226
v 0.00752348 -0.09150147 1.74579341
v 0.01397355 -0.09196890 1.74513906
v 0.04295212 -0.10468206 1.73560427
v 0.03986730 -0.09215583 1.73962387
v 0.05304788 -0.10430813 1.72625636
v 0.05314137 -0.09262324 1.72504104
v 0.04800000 -0.09271668 1.73018247
v 0.06239579 -0.15095427 1.70447566
v 0.05491744 -0.15983480 1.70456915
v 0.05875011 -0.15581518 1.69839950
v 0.06987414 -0.13599760 1.67091663
v 0.06828501 -0.13936285 1.67998405
v 0.06921979 -0.13581064 1.68316243
v 0.06744367 -0.14011068 1.69194948
v 0.03734339 -0.06504687 1.73336073
v 0.03594119 -0.05018367 1.73167816
v 0.03538034 -0.07869482 1.73681948
v 0.03304336 -0.06457946 1.73485642
v 0.03453900 -0.00765072 1.58613097
v 0.03547377 -0.00353762 1.60005945
v 0.00602785 0.01001688 1.59772242
v 0.05052391 -0.15871305 1.71494528
v 0.05061741 -0.16404135 1.70952359
v 0.04996305 -0.15347821 1.71933886
v 0.04510216 -0.15637607 1.72382583
v 0.06987414 -0.13094972 1.68606021
v 0.07127633 -0.12664963 1.67652542
v 0.06996764 -0.12524744 1.68830375
v 0.07305241 -0.09664285 1.68391027
v 0.07370681 -0.08888407 1.68465812
v 0.06735018 -0.09972762 1.70344744
v 0.06361105 -0.09112755 1.71195401
v 0.07052850 -0.09795155 1.69391254
v 0.06052623 -0.13786718 1.71503877
v 0.01799316 0.00964296 1.61548352
v -0.00023519 -0.00793115 1.56154598
v 0.06716324 -0.10842123 1.70260610
v 0.06987414 -0.11281470 1.69157550
v 0.07034155 -0.10580378 1.69288421
v 0.06314364 -0.10169073 1.71232787
v 0.07529595 -0.09561458 1.67306667
v 0.00079303 0.00767990 1.59211363
v 0.05865662 -0.11374954 1.71999321
v 0.05846968 -0.10346679 1.72018020
v 0.01266485 -0.15787173 1.73831517
v 0.00714961 -0.15824564 1.73840855
v 0.00855176 -0.06289683 1.74158693
v 0.00079303 -0.04803362 1.73794119
v 0.03304336 -0.10486899 1.74168042
v 0.03724989 -0.11674087 1.73999774
v 0.02846284 -0.10514942 1.74345648
v 0.02762155 -0.11814306 1.74616739
v 0.02724763 -0.12945406 1.74719560
v 0.01303877 -0.17432407 1.72952811
v 0.00761698 -0.17469798 1.73195853
v 0.01303877 -0.16637834 1.73392158
v 0.04771957 -0.10468206 1.73121068
v 0.04276519 -0.11627346 1.73579114
v 0.00714961 -0.11889086 1.74644787
v 0.00172781 -0.13010841 1.74485868
v 0.01285184 -0.11945177 1.74803695
v 0.00705612 -0.13048232 1.74635438
v 0.01322577 -0.10608426 1.74616739
v 0.02079755 0.01356907 1.66708401
v 0.01930186 0.01328864 1.64726637
v 0.01902143 -0.10599076 1.74560653
v 0.01948885 -0.17273493 1.72896726
v 0.02397587 -0.10552335 1.74476519
v 0.02519108 -0.09206233 1.74242827
v 0.04323255 -0.13553020 1.73392158
v 0.04874784 -0.13459532 1.72887376
v 0.04902827 -0.14141939 1.72494765
v 0.06968721 -0.13777371 1.64352725
v 0.06809802 -0.14235419 1.65399687
v 0.06772410 -0.14328888 1.65315553
v 0.01986277 -0.18030674 1.72522803
v 0.02285411 -0.06327076 1.73924989
v 0.02631285 -0.17834367 1.72466717
v 0.03136073 -0.16890228 1.72821941
v 0.03491291 -0.16011513 1.73130418
v 0.03210852 -0.17638061 1.72345196
v 0.03753032 -0.17357624 1.72148891
v 0.02313453 -0.11879742 1.74756958
v 0.01257141 -0.13085615 1.74756958
v 0.01771273 -0.14048460 1.74719560
v 0.03136073 0.00291246 1.61501604
v 0.03108024 0.00524943 1.62520529
v 0.03790425 -0.00045280 1.69400603
v 0.03631511 0.00394073 1.68465812
v 0.03248244 0.00487551 1.68475150
v 0.03332378 0.01113865 1.65558606
v 0.03425857 0.01029731 1.66540133
v 0.02434973 0.01226037 1.64670551
v 0.02939762 0.01254080 1.65633390
v 0.03781075 -0.10468206 1.73887602
v 0.03397813 -0.09196890 1.73962387
v 0.01229093 -0.14141939 1.74700873
v 0.01322577 -0.18161535 1.72606937
v 0.01313227 -0.18956117 1.72139541
v 0.01948885 -0.18769160 1.72055407
v 0.02743457 -0.13861492 1.74560653
v 0.03407157 -0.13889546 1.74439132
v 0.02836934 -0.14684119 1.74214778
v 0.03341723 -0.14534543 1.73878253
v 0.05267396 -0.16179776 1.68297544
v 0.05716098 -0.15908687 1.69353856
v 0.05332830 -0.16366744 1.69924084
v 0.04444782 -0.17142621 1.68736891
v 0.04295212 -0.17077186 1.68250808
v 0.04986955 -0.16834140 1.70428867
v 0.04613044 -0.16731312 1.71410405
v 0.04341954 -0.17507190 1.71354319
v 0.03407157 -0.18114806 1.69297770
v 0.03173459 -0.17881106 1.68456463
v 0.03799774 -0.17890446 1.71634748
v 0.02631285 -0.18544809 1.71961923
v 0.03248244 -0.18255024 1.71821715
v 0.00556043 -0.18741116 1.68204060
v 0.00714961 -0.19021554 1.72251712
v 0.00079303 -0.19012206 1.72307798
v 0.01715187 -0.18535462 1.68250808
v 0.04070864 -0.02064431 1.57154825
v 0.00060608 -0.00157456 1.57407216
v 0.01453447 -0.00409848 1.57257647
v 0.01388011 0.00711899 1.59005708
v 0.02163889 0.01132558 1.67689929
v 0.04650430 0.00169725 1.67110362
v 0.04276519 0.00403423 1.67325366
v 0.06342407 -0.01307247 1.66026001
v 0.00808439 0.01366256 1.67895583
v 0.07165026 -0.02438348 1.65259467
v 0.07940904 -0.07074910 1.62651400
v 0.03538034 0.00796033 1.67521672
v 0.07520244 -0.11309519 1.65577305
v 0.07370681 -0.12337788 1.65016426
v 0.07744593 -0.09486673 1.66128823
v 0.07922205 -0.09393195 1.64698599
v 0.08025032 -0.09365153 1.63221628
v 0.07136978 -0.11431040 1.59959198
v 0.06183493 -0.08785580 1.55304031
v 0.05846968 -0.08280792 1.54939368
v 0.08146553 -0.08177964 1.63492718
v 0.08071775 -0.07673176 1.64707938
v 0.01855407 -0.15712390 1.73850205
v 0.01257141 -0.14973904 1.74233477
v 0.02369539 -0.02382258 1.53920543
v 0.02397587 -0.02139215 1.54350451
v 0.06884587 -0.12328438 1.70026906
v 0.07108935 -0.11926478 1.69036029
v 0.00705612 -0.14104548 1.74541954
v 0.04566302 -0.14964556 1.72709759
v 0.05117832 -0.14777598 1.72242363
v 0.01976928 -0.02129866 1.72522803
v 0.01874100 -0.03410528 1.73195853
v 0.02949111 -0.15413256 1.73803468
v 0.03051939 -0.16142395 1.73336073
v 0.03528684 -0.01709207 1.57229609
v 0.06361105 -0.02055081 1.62352272
v 0.07632421 -0.05495112 1.68138625
v 0.07193069 -0.04784669 1.69531473
v 0.06828501 -0.04532272 1.70139089
v 0.05884360 -0.04298574 1.71158003
v 0.05220653 -0.02877701 1.71363658
v 0.05099133 -0.04055533 1.71952585
v 0.04893478 -0.05298807 1.72532152
v 0.04715872 -0.03915314 1.72251712
v 0.03949337 -0.02438348 1.72074106
v 0.03996079 -0.03532047 1.72924763
v 0.03323029 -0.03541396 1.72924763
v 0.01294528 0.01338214 1.63726410
v 0.00079303 -0.03317048 1.73364121
v 0.05566529 -0.00858549 1.62754233
v 0.04669130 -0.00082672 1.63100096
v 0.04024122 0.00693206 1.64399461
v 0.03575420 0.00739948 1.63464670
v 0.04267169 0.00244504 1.63259015
v 0.02780848 0.00926904 1.63586191
v 0.02855634 0.01113865 1.64614465
v 0.05921753 -0.15572172 1.68288194
v 0.02360195 0.01067124 1.63651626
v 0.00079303 0.01450385 1.63745109
v 0.06996764 -0.13674543 1.64399461
v 0.02416280 -0.01952254 1.54789899
v 0.03659554 0.00291246 1.61838129
v 0.03911945 -0.17348276 1.68316243
v 0.02463022 -0.00998770 1.57257647
v 0.04622388 -0.17208057 1.70905612
v 0.02659328 0.00571685 1.61632474
v 0.03033245 -0.18376546 1.69437990
v 0.02491065 -0.00092021 1.58753317
v 0.02724763 0.00151026 1.60314422
v 0.03145416 -0.18535462 1.70728005
v 0.04856085 -0.17142621 1.69980170
v 0.04519561 -0.17525887 1.70410179
v 0.07127633 -0.13553020 1.62296175
v 0.06921979 -0.13964320 1.64259241
v 0.01902143 -0.19264600 1.70886913
v 0.00658870 -0.19694603 1.70699957
v 0.03762382 -0.18152197 1.70830827
v 0.05155219 -0.16665877 1.69456689
v 0.05482400 -0.16086306 1.68802337
v 0.06725673 -0.13908241 1.60062031
v 0.06772410 -0.13459532 1.60043332
v 0.06566755 -0.15114123 1.67848847
v 0.06716324 -0.14843033 1.67194485
v 0.06800458 -0.14618683 1.66306441
v 0.06847194 -0.14543900 1.66390564
v 0.00051260 -0.19722647 1.70728005
v 0.02575194 -0.18890682 1.70840176
v 0.04295212 -0.17796975 1.70765392
v 0.01341270 -0.19526340 1.70793440
v 0.02528457 0.00496901 1.60931387
v 0.02210625 0.00665163 1.60978123
v 0.07146327 -0.13403454 1.62296175
v -0.06567066 -0.14216723 1.66717751
v -0.06931634 -0.13964320 1.66998179
v -0.07071854 -0.13609108 1.65979265
v -0.07810340 -0.05401634 1.65530557
v -0.07791641 -0.05906422 1.65820346
v -0.07642077 -0.05280108 1.66886008
v -0.04734871 -0.07888181 1.73401508
v -0.04239433 -0.07832090 1.73644550
v -0.04304868 -0.06514031 1.73279987
v -0.05725754 -0.14983252 1.67671230
v -0.05688361 -0.15039340 1.67596445
v -0.05520098 -0.15254341 1.68176023
v -0.03482254 -0.01494208 1.70989746
v -0.03594425 -0.02382258 1.71877801
v -0.03080288 -0.02279429 1.72055407
v -0.01706145 0.00702555 1.60454642
v -0.01033093 0.00861469 1.60566813
v -0.00911573 0.00749292 1.59762892
v -0.06193149 -0.03307701 1.70111040
v -0.05735098 -0.03102049 1.70559737
v -0.05557491 -0.02279429 1.69821251
v -0.07782297 -0.04906190 1.65240780
v -0.07632728 -0.04672492 1.66540133
v -0.04762914 -0.01849427 1.70531700
v -0.04884440 -0.02784217 1.71214100
v -0.04482481 -0.02625304 1.71485190
v -0.07483159 -0.04036835 1.67390801
v -0.07501857 -0.04700535 1.67811449
v -0.07305552 -0.04251839 1.68503199
v -0.07370988 -0.07224474 1.68456463
v -0.07445772 -0.06355118 1.68344280
v -0.07595335 -0.06747735 1.67316017
v -0.05788075 -0.02626212 1.59500595
v -0.05093037 -0.02080734 1.59578366
v -0.05060765 -0.02492278 1.58326495
v -0.07894468 -0.06373817 1.64147070
v -0.07959904 -0.06738385 1.64352725
v -0.06090321 -0.07972309 1.71859102
v -0.05641620 -0.07981659 1.72457367
v -0.05622926 -0.06729036 1.72120842
v -0.06791415 -0.07962960 1.70307346
v -0.06464240 -0.07962960 1.71129965
v -0.06492282 -0.06794471 1.70896262
v -0.06337352 -0.03206526 1.59434312
v -0.05813459 -0.03101080 1.58264704
v -0.07810340 -0.05990551 1.63904017
v -0.07847732 -0.07159039 1.62772920
v -0.07875775 -0.07364694 1.62913140
v -0.00864831 -0.02083124 1.72522803
v 0.00079303 -0.02092474 1.72560200
v 0.00079303 -0.00998770 1.71803016
v -0.06940984 -0.03111399 1.68596682
v -0.07015763 -0.03887271 1.69101465
v -0.06669895 -0.03550746 1.69662344
v -0.05464013 -0.00811808 1.67353403
v -0.05015311 -0.00484633 1.67671230
v -0.04884440 -0.00157456 1.66857959
v -0.04538566 -0.03569439 1.54415887
v -0.04164648 -0.03008571 1.54350451
v -0.04080520 -0.03326396 1.53873706
v -0.05024661 -0.04822062 1.54602843
v -0.04800306 -0.04158361 1.54509459
v -0.04678786 -0.04476187 1.54004577
v -0.05548838 -0.06166263 1.54966848
v -0.05220893 -0.05455178 1.54718480
v -0.05090095 -0.05691417 1.54285016
v -0.05716404 -0.01783992 1.61576389
v -0.05239659 -0.01288553 1.61772694
v -0.05146181 -0.01681164 1.60725732
v -0.00509613 0.01403649 1.61529653
v -0.00537656 0.01562562 1.62660749
v 0.00079303 0.01375606 1.62660749
v -0.06608700 -0.02987955 1.61202755
v -0.06155757 -0.02363564 1.61389433
v -0.06161150 -0.02760905 1.60430148
v -0.03613124 0.00207117 1.62501830
v -0.03295293 0.00375380 1.62576615
v -0.03248550 0.00263203 1.61940962
v -0.07330653 -0.05373385 1.60052302
v -0.06990328 -0.04028025 1.60199910
v -0.06782221 -0.04618897 1.59349153
v -0.04828349 -0.00793115 1.61922263
v -0.04370304 -0.00409848 1.62090521
v -0.04258127 -0.00652895 1.61024859
v -0.07529900 -0.04046184 1.62885103
v -0.07212074 -0.03064657 1.63371186
v -0.07127940 -0.03167484 1.62604663
v -0.05230309 -0.00166801 1.65792298
v -0.04809656 0.00141676 1.66007302
v -0.04697479 0.00216461 1.65091210
v -0.06165106 -0.01036156 1.65287516
v -0.05679011 -0.00568761 1.65558606
v -0.05548141 -0.00522024 1.64698599
v -0.00621790 0.01515826 1.66829922
v 0.00079303 0.01487777 1.66848621
v 0.00079303 0.01571911 1.65801647
v -0.06912936 -0.02270086 1.64586417
v -0.06482932 -0.01671820 1.64979028
v -0.06370761 -0.01653121 1.64175107
v -0.04015084 0.00627771 1.66343828
v -0.03641167 0.00842776 1.66455999
v -0.03566383 0.00936253 1.65483821
v -0.04332911 -0.00335063 1.69148201
v -0.04491824 -0.01054856 1.69839950
v -0.04117913 -0.00895942 1.70054955
v -0.07772948 -0.04251839 1.64549030
v -0.07800991 -0.04569665 1.64894905
v -0.07548600 -0.03747051 1.65708175
v -0.05613577 -0.01213769 1.68091889
v -0.05847275 -0.01774642 1.68802337
v -0.05342486 -0.01531601 1.69166900
v -0.06529674 -0.01989647 1.67353403
v -0.06744673 -0.02485084 1.67998405
v -0.06295977 -0.02092474 1.68428414
v -0.00827445 -0.00082672 1.70886913
v 0.00079303 -0.00082672 1.70980396
v 0.00079303 0.00618421 1.70054955
v -0.07342945 -0.03008571 1.66390564
v -0.07670120 -0.03382484 1.66932744
v -0.07109247 -0.02943136 1.67502973
v 0.00097999 -0.09103406 1.74607389
v 0.00079303 -0.07691870 1.74523255
v -0.00649833 -0.07710569 1.74429783
v -0.04557265 -0.09178190 1.73541728
v -0.04052477 -0.09150147 1.73840855
v -0.05379879 -0.15235646 1.71120616
v -0.05370529 -0.14936503 1.71522576
v -0.06146407 -0.14702805 1.70971047
v -0.07202725 -0.13197800 1.66203608
v -0.06725980 -0.14338246 1.69026680
v -0.06454889 -0.14618683 1.68634069
v -0.06221192 -0.15029992 1.69381904
v -0.03902907 -0.05027717 1.72971499
v -0.04370304 -0.05093151 1.72821941
v -0.04566609 -0.01606379 1.59734855
v -0.04435738 -0.02083124 1.58435490
v -0.04809656 -0.15927392 1.72102143
v -0.04762914 -0.16235873 1.71616060
v -0.04304868 -0.16665877 1.71971273
v -0.06660545 -0.13553020 1.69652994
v -0.06623152 -0.13992363 1.69316469
v -0.06398804 -0.14469117 1.70185825
v -0.07305552 -0.12244310 1.66699052
v -0.07286854 -0.12749100 1.66437311
v -0.07127940 -0.13179103 1.67559058
v -0.06987720 -0.08935143 1.69466038
v -0.07053155 -0.08000352 1.69437990
v -0.07296203 -0.08075137 1.68484500
v -0.06754023 -0.09000578 1.70391480
v -0.06361411 -0.09084712 1.71232787
v -0.05837925 -0.14347594 1.71251486
v -0.01659408 0.01104516 1.62623362
v -0.01098535 0.01263429 1.62642050
v -0.01051793 0.01113865 1.61557690
v -0.07557943 -0.06158813 1.60314422
v -0.07265084 -0.04923863 1.60745356
v -0.07259246 -0.05809182 1.59318776
v -0.07230768 -0.06794471 1.59183325
v -0.07352288 -0.06542080 1.59772242
v -0.07380337 -0.04195748 1.62212052
v -0.07670120 -0.05738159 1.61669872
v -0.07744905 -0.05682068 1.62127918
v -0.07744905 -0.05654025 1.63315101
v -0.07763598 -0.05822288 1.63595540
v -0.06660545 -0.11655388 1.70260610
v -0.06174450 -0.12010612 1.71167352
v -0.06193149 -0.11122558 1.71251486
v -0.07146634 -0.10365378 1.68372328
v -0.07417723 -0.10178416 1.67287968
v -0.07324245 -0.10720597 1.67194485
v -0.06763383 -0.06638784 1.57324764
v -0.06856850 -0.07355344 1.57482000
v -0.07099897 -0.07112303 1.58239185
v -0.05641620 -0.12300395 1.71915187
v -0.05062047 -0.12468658 1.72485416
v -0.05164875 -0.11487126 1.72625636
v -0.00378743 -0.16544355 1.73429556
v 0.00144739 -0.16637834 1.73466943
v 0.00154087 -0.15815218 1.73784769
v -0.00752660 -0.04822062 1.73747383
v -0.01547231 -0.04822062 1.73719334
v -0.01481796 -0.06299033 1.74093257
v -0.07155983 -0.07617091 1.58949622
v -0.07296203 -0.07476871 1.59491802
v -0.02977466 -0.11739522 1.74326950
v -0.03519641 -0.11664738 1.73953038
v -0.03416813 -0.12749100 1.73953038
v -0.00462871 -0.18021326 1.72728458
v 0.00097999 -0.18226971 1.72793893
v 0.00116695 -0.17451103 1.73149117
v -0.02304415 -0.00419197 1.70400829
v -0.01612666 -0.00213542 1.70671919
v -0.01547231 0.00496901 1.69774515
v -0.04762914 -0.11608651 1.73233251
v -0.01837020 0.01422342 1.65726863
v -0.01921149 0.01356907 1.66708401
v -0.01294840 0.01441041 1.66764487
v -0.06118364 -0.09178190 1.72083455
v -0.05501400 -0.09215583 1.72588238
v 0.00154087 -0.11842349 1.74523255
v 0.00126043 -0.10524292 1.74644787
v -0.00462871 -0.10571033 1.74644787
v -0.01949191 -0.09196890 1.74401734
v -0.01276141 -0.09187540 1.74513906
v -0.01416361 -0.07757305 1.74354998
v -0.01706145 -0.18741116 1.69755816
v -0.01902456 -0.18582201 1.68278845
v -0.01388318 -0.18600897 1.68232109
v -0.03893558 -0.13543672 1.73308024
v -0.03351379 -0.13646500 1.73775420
v -0.07464466 -0.07243173 1.60005945
v -0.07707512 -0.06981433 1.61108993
v -0.07763598 -0.06990776 1.61492255
v -0.07716863 -0.04102270 1.64034898
v -0.07501857 -0.03139441 1.64689250
v -0.07314897 -0.03036614 1.64081635
v -0.01491145 -0.16385441 1.73251939
v -0.02080061 -0.16207830 1.73308024
v -0.02182890 -0.16852836 1.72821941
v -0.03622468 -0.16516301 1.72672372
v -0.03426163 -0.15899349 1.73167816
v -0.04117913 -0.15740425 1.72924763
v -0.02285717 -0.04850104 1.73560427
v -0.02921375 -0.04887496 1.73364121
v -0.02846590 -0.06364468 1.73747383
v -0.01519188 -0.11935827 1.74738259
v -0.02014627 -0.11879742 1.74682174
v -0.01930498 -0.13020180 1.74784996
v -0.02547457 0.00739948 1.62567266
v -0.02136153 0.00945603 1.62614013
v -0.02089411 0.00796033 1.61660523
v -0.03201814 0.00010806 1.69353856
v -0.03323336 -0.00708981 1.70148427
v -0.02865289 -0.00606153 1.70213873
v -0.02874638 0.01179301 1.66605568
v -0.02444630 0.01300821 1.66661654
v -0.02351152 0.01347563 1.65680127
v -0.03033552 -0.09159497 1.74168042
v -0.02528764 -0.09178190 1.74280213
v -0.02743768 -0.07794697 1.74037172
v -0.01453753 -0.13094972 1.74822393
v -0.01930498 -0.14029755 1.74747609
v -0.02874638 -0.12851917 1.74354998
v -0.05202267 -0.15600215 1.68549935
v -0.04996612 -0.16076950 1.68652768
v -0.05071397 -0.16030219 1.68895810
v -0.04622700 -0.16759357 1.69419291
v -0.04445088 -0.16535007 1.68774289
v -0.04108563 -0.16862184 1.68736891
v -0.07174682 -0.13207148 1.64764035
v -0.06959677 -0.13599760 1.64577067
v -0.06847500 -0.13908241 1.65773610
v -0.03426163 -0.18647636 1.69522124
v -0.03239206 -0.17965238 1.68400377
v -0.02575506 -0.18283068 1.68428414
v -0.00547005 -0.18984162 1.69587559
v -0.00808746 -0.18722420 1.68147975
v 0.00004520 -0.18834595 1.68213410
v -0.05197079 -0.03057012 1.56961138
v -0.04547915 -0.02550520 1.57042653
v -0.04557265 -0.02905744 1.55883508
v -0.05742687 -0.04518655 1.56995159
v -0.05618909 -0.03730330 1.56993945
v -0.05259679 -0.04144119 1.55889582
v -0.06174673 -0.05858332 1.57092944
v -0.05884483 -0.05296712 1.57017134
v -0.05853916 -0.05608542 1.56193111
v -0.04071170 -0.02410306 1.55977081
v -0.03585076 -0.02073781 1.56014379
v -0.03678559 -0.02344865 1.54836635
v -0.04173998 -0.02756174 1.54808497
v -0.06088444 -0.06206808 1.56349689
v -0.05663945 -0.05938911 1.55393681
v -0.05996843 -0.07804047 1.54986204
v -0.05940752 -0.08206007 1.55145023
v -0.06034236 -0.08056438 1.55434901
v -0.02108104 0.00749292 1.68615370
v -0.01444404 0.00964296 1.68792988
v -0.01369619 0.01254080 1.67783412
v -0.04921833 -0.03494654 1.55836861
v -0.04566609 -0.03289005 1.54873933
v -0.05547797 -0.04836593 1.56014847
v -0.05099439 -0.04541622 1.55032941
v -0.04183347 0.00048199 1.68269495
v -0.03828123 0.00235160 1.68400377
v -0.03734645 0.00571685 1.67437537
v -0.06333369 -0.01625078 1.66699052
v -0.06062279 -0.01008113 1.67082313
v -0.05763146 -0.00821158 1.66334478
v -0.00705918 0.01095167 1.68961245
v 0.00079303 0.01095167 1.69036029
v 0.00079303 0.01347563 1.67932970
v -0.07155983 -0.02690739 1.65848395
v -0.06763372 -0.02120517 1.66315790
v -0.06641852 -0.01821384 1.65680127
v -0.07632728 -0.03962050 1.63530105
v -0.07791641 -0.05588590 1.62614013
v -0.07782297 -0.05625982 1.62959888
v -0.02968116 0.00870819 1.67549709
v -0.03080288 0.00468858 1.68465812
v -0.02650285 0.00581029 1.68512548
v -0.07800991 -0.06944040 1.61866178
v -0.07782297 -0.06972083 1.62127918
v -0.07763598 -0.06981433 1.62389659
v -0.07100220 -0.06275274 1.58204406
v -0.06155757 -0.08028395 1.55799374
v -0.06258584 -0.08598619 1.55911546
v -0.06436197 -0.08402313 1.56565908
v -0.07539250 -0.10468206 1.65979265
v -0.07791641 -0.08421012 1.66278392
v -0.07698163 -0.08963192 1.66212957
v -0.07735555 -0.08953842 1.67437537
v -0.08146865 -0.08570576 1.64661202
v -0.07847732 -0.08953842 1.64595766
v -0.07492509 -0.10916902 1.63642276
v -0.07408379 -0.11356255 1.63287063
v -0.07399031 -0.11823650 1.65371650
v -0.07567293 -0.09982112 1.66072738
v -0.07735555 -0.09841892 1.64492944
v -0.07978602 -0.08729494 1.63128145
v -0.07959904 -0.09047320 1.63034661
v -0.07445772 -0.10253201 1.61380083
v -0.07127940 -0.10823424 1.60379857
v -0.07670120 -0.10290593 1.64427509
v -0.07847732 -0.09570801 1.62754233
v -0.06922286 -0.08093830 1.57547436
v -0.07081198 -0.07804047 1.58220486
v -0.06239886 -0.08654710 1.55696552
v -0.06466707 -0.07044054 1.56560114
v -0.06520325 -0.07701219 1.56659381
v -0.06782066 -0.12459309 1.59893763
v -0.07109247 -0.12693006 1.62445745
v -0.07193375 -0.12253660 1.62585964
v -0.07268160 -0.11842349 1.62903791
v -0.07240117 -0.12777143 1.64922942
v -0.07922511 -0.08093830 1.64605116
v -0.08015995 -0.08449054 1.63174881
v -0.07557943 -0.07486221 1.67400140
v -0.07754249 -0.07215130 1.66212957
v -0.07520552 -0.08215356 1.67418838
v -0.07726206 -0.07804047 1.66241006
v -0.01715493 0.01216687 1.63698373
v -0.01135922 0.01338214 1.63726410
v -0.06632502 -0.12973449 1.69914735
v -0.06211843 -0.13431497 1.70784091
v -0.06165106 -0.12777143 1.70999095
v -0.07118591 -0.11580609 1.68157324
v -0.07333595 -0.11244083 1.67072964
v -0.07296203 -0.11730172 1.66914056
v -0.05660318 -0.13104320 1.71746930
v -0.05716404 -0.13777371 1.71513227
v -0.05146181 -0.13992363 1.72046058
v -0.00350700 -0.14983252 1.74149343
v 0.00172781 -0.14964556 1.74065209
v 0.00172781 -0.14104548 1.74467169
v -0.04127256 -0.15123471 1.73261288
v -0.03463555 -0.14384985 1.73364121
v -0.04061821 -0.14244766 1.72924763
v -0.01491145 -0.14899111 1.74308262
v -0.02014627 -0.14777598 1.74308262
v -0.01986584 -0.15553476 1.73831517
v -0.03398120 -0.15282385 1.73607163
v -0.03061595 -0.14534543 1.73831517
v -0.06254182 -0.03804140 1.58198522
v -0.06638202 -0.05298706 1.58234226
v -0.06282676 -0.04575549 1.58160946
v -0.07492509 -0.10888860 1.65839045
v -0.07614034 -0.10655161 1.64081635
v -0.07763598 -0.09711021 1.62520529
v -0.07660771 -0.09935375 1.62062483
v -0.01622016 -0.01410074 1.54743062
v -0.02640941 -0.01821384 1.54817847
v -0.02519415 -0.01531601 1.56098513
v -0.07567293 -0.06009249 1.61015510
v -0.07022205 -0.03437595 1.61782891
v -0.07950560 -0.07579699 1.63062709
v -0.07959904 -0.07860133 1.63137494
v -0.07959904 -0.07205781 1.64483595
v -0.06632502 -0.02672046 1.62090521
v -0.06202498 -0.02055081 1.62352272
v -0.07782297 -0.06560773 1.66016652
v -0.07632728 -0.05999900 1.67138399
v -0.07333595 -0.05093151 1.68895810
v -0.07370988 -0.06046636 1.69185599
v -0.06969027 -0.05803594 1.69896036
v -0.06202498 -0.04317274 1.70699957
v -0.06688587 -0.04504230 1.70139089
v -0.06576411 -0.05625982 1.70569086
v -0.05249009 -0.04046184 1.71559963
v -0.05707055 -0.04177054 1.71167352
v -0.05641620 -0.05420328 1.71709532
v -0.04033777 -0.03634874 1.72410631
v -0.04473131 -0.03737702 1.72204976
v -0.02407243 -0.03429223 1.73008897
v -0.03052245 -0.03466612 1.72821941
v -0.00818095 -0.03401180 1.73177154
v -0.01659408 -0.03373136 1.73205203
v -0.05781840 -0.01456815 1.62576615
v -0.05370529 -0.00905286 1.62763571
v -0.04921833 -0.00484633 1.62941189
v -0.04510523 -0.00120065 1.63100096
v -0.03753338 0.00412767 1.63408584
v -0.03388770 0.00599728 1.63492718
v -0.03005509 0.00758641 1.63530105
v -0.03482254 0.00842776 1.64492944
v -0.02397893 -0.01251161 1.71307572
v -0.01678102 -0.01120290 1.71531926
v 0.00079303 0.01450385 1.63745109
v -0.06454889 -0.14487812 1.67577757
v -0.06688587 -0.14272810 1.67830148
v -0.06071629 -0.14628031 1.67334704
v -0.06370761 -0.14384985 1.66540133
v -0.05192923 -0.07953616 1.72990198
v -0.05174224 -0.06672950 1.72625636
v -0.05211616 -0.05317500 1.72195627
v -0.04753570 -0.06579472 1.73027596
v -0.05922059 -0.14730849 1.67203834
v -0.05875318 -0.14786946 1.67138399
v -0.06249235 -0.14908469 1.68269495
v -0.05931409 -0.15254341 1.68998643
v -0.04332911 -0.01718556 1.70746704
v -0.04061821 -0.02485084 1.71709532
v -0.03902907 -0.01597035 1.70886913
v -0.02986810 -0.01400730 1.71101917
v -0.02453979 -0.02232694 1.72233014
v -0.06520325 -0.02756174 1.69064078
v -0.06034236 -0.02503783 1.69466038
v -0.06735329 -0.13169755 1.59968547
v -0.06997070 -0.13403454 1.62324224
v -0.07025112 -0.13253878 1.62342923
v -0.05295750 -0.02943136 1.70896262
v -0.05108789 -0.02073781 1.70176475
v -0.07614034 -0.04149011 1.66147522
v -0.07511208 -0.03438571 1.68101238
v -0.07155983 -0.07018819 1.69344506
v -0.06544741 -0.03776481 1.59471610
v -0.06716630 -0.12889309 1.59968547
v -0.06080972 -0.06757079 1.71559963
v -0.06118364 -0.05504462 1.71195401
v -0.06856850 -0.06878605 1.70148427
v -0.04033777 -0.01054856 1.59875064
v -0.03902907 -0.01540944 1.58557011
v -0.07227720 -0.03660031 1.60940357
v -0.01706145 -0.02157909 1.72410631
v -0.00883530 -0.00914636 1.71793666
v -0.05342486 -0.00447240 1.66596219
v -0.00191781 -0.01410074 1.53752186
v -0.01640709 -0.01783992 1.53883056
v -0.01640709 -0.01540944 1.54303804
v -0.00163738 -0.01232467 1.54266317
v -0.03697253 -0.02587912 1.54387938
v -0.03650517 -0.02905744 1.53901844
v -0.04865741 -0.03859222 1.54986204
v -0.04435738 -0.03877921 1.53929881
v -0.05376608 -0.05233204 1.55150907
v -0.04884440 -0.05083803 1.54135447
v -0.05897175 -0.06572947 1.55617377
v -0.05815013 -0.06761764 1.55145023
v -0.05426620 -0.06392510 1.54481322
v -0.05641620 -0.02185952 1.60566813
v -0.00518962 0.01141908 1.60520077
v 0.00079303 0.01226037 1.61557690
v -0.06650593 -0.03342765 1.60333121
v -0.03921600 -0.00035931 1.62286837
v -0.03603775 -0.00194849 1.61323998
v -0.04884440 -0.00942679 1.60800516
v -0.05127488 -0.00082672 1.64904254
v -0.05034004 -0.00185499 1.63941415
v -0.04604001 0.00132333 1.64119021
v -0.06239886 -0.00839851 1.64418160
v -0.05865974 -0.01185726 1.63548804
v -0.05445314 -0.00652895 1.63754459
v -0.00593742 0.01590604 1.65792298
v -0.01238749 0.01497126 1.65764261
v -0.00565699 0.01525169 1.64773384
v -0.06791415 -0.02288779 1.63819894
v -0.06707286 -0.02419649 1.62987925
v -0.06314670 -0.01765299 1.63287063
v -0.04379652 0.00375380 1.66203608
v -0.04304868 0.00478201 1.65268817
v -0.04211390 0.00412767 1.64287290
v -0.03940300 0.00730598 1.65390338
v -0.04875091 -0.01279204 1.69522124
v -0.04734871 -0.00578110 1.68839724
v -0.05295750 -0.00765072 1.68521898
v -0.04575958 -0.00194849 1.68007755
v -0.03958993 -0.00194849 1.69297770
v -0.06176957 -0.07368561 1.55778525
v -0.06080972 -0.01568992 1.67727326
v -0.06922286 -0.02494434 1.66904707
v -0.00771354 0.00609078 1.69970821
v -0.00575048 -0.09150147 1.74570002
v -0.01089185 -0.10599076 1.74598040
v -0.04304868 -0.10430813 1.73560427
v -0.03772037 -0.10430813 1.73887602
v -0.05342486 -0.10393421 1.72681721
v -0.04828349 -0.10430813 1.73177154
v -0.05024661 -0.09215583 1.73121068
v -0.05249009 -0.15459996 1.70662570
v -0.06165106 -0.15086079 1.70559737
v -0.05576184 -0.15151515 1.70036256
v -0.06267934 -0.14749554 1.69774515
v -0.07062505 -0.13609108 1.67278619
v -0.06847500 -0.13945633 1.68166674
v -0.06922286 -0.13581064 1.68475150
v -0.03435513 -0.04962281 1.73149117
v -0.03828123 -0.06476645 1.73420207
v -0.03360727 -0.06429903 1.73560427
v -0.03743995 -0.07822746 1.73794119
v -0.03257900 -0.00923985 1.58659844
v -0.05052704 -0.15833912 1.71186051
v -0.05136832 -0.15572172 1.71662796
v -0.04697479 -0.15506727 1.72513453
v -0.04304868 -0.16254569 1.72448018
v -0.06950329 -0.13094972 1.68755590
v -0.06249235 -0.13983025 1.70484952
v -0.07155983 -0.12674313 1.67820799
v -0.06950329 -0.12534094 1.68970594
v -0.07184026 -0.12122783 1.68026454
v -0.07137289 -0.09654935 1.68437764
v -0.06866200 -0.09785806 1.69428640
v -0.07380337 -0.09561458 1.67362753
v -0.07389681 -0.08925799 1.68503199
v -0.06623152 -0.09963418 1.70391480
v -0.06267934 -0.10150374 1.71288873
v -0.05267702 -0.14525204 1.71793666
v -0.01640709 0.00964296 1.61548352
v -0.06015537 -0.07598392 1.55360027
v -0.05576184 -0.07121647 1.54705765
v -0.00126346 -0.01064205 1.54761850
v -0.01472447 -0.01148333 1.56079814
v -0.06894243 -0.11290820 1.69269733
v -0.06567066 -0.10842123 1.70326045
v -0.06847500 -0.10580378 1.69363205
v -0.07109247 -0.10991687 1.68278845
v -0.00453527 0.01020381 1.59781591
v 0.00079303 0.00917554 1.60463991
v -0.05753797 -0.11365604 1.72055407
v -0.05837925 -0.10309287 1.72064757
v -0.00883530 -0.15777815 1.73812818
v -0.00911573 -0.16497615 1.73326723
v -0.00360044 -0.15787173 1.73803468
v 0.00079303 -0.04803362 1.73794119
v -0.00715268 -0.06252291 1.74354998
v 0.00079303 -0.06224248 1.74420433
v -0.03239206 -0.10458856 1.74149343
v -0.02743768 -0.10496249 1.74326950
v -0.02482022 -0.11814306 1.74541954
v -0.01005051 -0.17292189 1.73036934
v -0.01023750 -0.17918499 1.72597587
v -0.00406785 -0.17273493 1.73046284
v -0.02220281 0.00272553 1.69550161
v -0.04071170 -0.11599303 1.73523029
v -0.04482481 -0.12571486 1.72980849
v -0.02762461 0.00113633 1.69400603
v -0.01182663 0.01431692 1.64754685
v 0.00172781 -0.13010841 1.74485868
v -0.00406785 -0.11889086 1.74626088
v -0.00378743 -0.13038885 1.74598040
v -0.00977008 -0.11945177 1.74756958
v -0.01771579 0.01328864 1.64726637
v -0.01706145 -0.10589726 1.74532604
v -0.02248324 -0.10542985 1.74448470
v -0.02145497 -0.07776004 1.74214778
v -0.04613351 -0.14141939 1.72485416
v -0.04463781 -0.13440845 1.72821941
v -0.05062047 -0.13300626 1.72317148
v -0.07716863 -0.03326396 1.65240780
v -0.06847500 -0.13786718 1.64492944
v -0.06782066 -0.13973677 1.64399461
v -0.06632502 -0.14291506 1.65455773
v -0.01752886 -0.17273493 1.72878027
v -0.02229631 -0.06317726 1.73953038
v -0.02510065 -0.17834367 1.72466717
v -0.03080288 -0.16142395 1.73401508
v -0.03295293 -0.16890228 1.72924763
v -0.04043127 -0.17357624 1.72289110
v -0.00920922 -0.13094972 1.74738259
v -0.01416361 -0.14085852 1.74710222
v -0.02949418 0.00524943 1.62520529
v -0.03734645 -0.00783765 1.70129739
v -0.03594425 -0.00063974 1.69363205
v -0.03267250 0.01029731 1.66540133
v -0.03173772 0.01113865 1.65558606
v -0.03089638 0.00992339 1.64558380
v -0.02781155 0.01254080 1.65633390
v -0.02276367 0.01226037 1.64670551
v -0.03528990 -0.09150147 1.74037172
v -0.00874181 -0.14151288 1.74672824
v -0.01668758 -0.18441983 1.72018020
v -0.01051793 -0.18656984 1.72130192
v -0.02388545 -0.12945406 1.74644787
v -0.02837247 -0.13768023 1.74186730
v -0.02528764 -0.14674771 1.74168042
v -0.02510065 -0.13973677 1.74672824
v -0.05576184 -0.15216950 1.68278845
v -0.05482706 -0.15338464 1.69624946
v -0.05146181 -0.15665650 1.70195174
v -0.04734871 -0.16291961 1.68699504
v -0.04921833 -0.16067611 1.70756042
v -0.04669436 -0.16497615 1.71195401
v -0.04547915 -0.17497842 1.71485190
v -0.04435738 -0.17254787 1.69540823
v -0.03856166 -0.17348276 1.68634069
v -0.03884214 -0.17890446 1.71709532
v -0.03173772 -0.18255024 1.71831053
v -0.02510065 -0.18554157 1.71952585
v -0.01107879 -0.18900021 1.69624946
v -0.00490920 -0.18787855 1.72251712
v 0.00079303 -0.19012206 1.72307798
v -0.02659634 -0.18825247 1.69643645
v -0.01818321 -0.18030674 1.72504104
v -0.03968343 -0.02055081 1.57173524
v -0.03444861 -0.01671820 1.57229609
v -0.00023519 -0.00793115 1.56154598
v -0.01369619 -0.00475283 1.57266996
v 0.00060608 -0.00157456 1.57407216
v -0.01238749 0.00422116 1.59061805
v -0.02005283 0.01132558 1.67689929
v -0.04482481 0.00151026 1.67110362
v -0.04089864 0.00366030 1.67325366
v -0.06445540 -0.01110941 1.66044700
v -0.00649833 0.01366256 1.67895583
v -0.07025112 -0.02419649 1.65259467
v -0.02538113 0.00982990 1.67605794
v -0.03463555 0.00366030 1.68456463
v -0.03360727 0.00739948 1.67502973
v -0.07800991 -0.07074910 1.62585964
v -0.07473815 -0.11309519 1.65698826
v -0.07333595 -0.12337788 1.65137947
v -0.07604686 -0.09486673 1.66166221
v -0.07791641 -0.09393195 1.64567729
v -0.07913168 -0.09355802 1.62959888
v -0.06950329 -0.11487126 1.59893763
v -0.06258584 -0.08729488 1.55490897
v -0.07941211 -0.07663827 1.64605116
v -0.08034688 -0.08168615 1.63230967
v -0.00883530 -0.14983252 1.74205429
v -0.01453753 -0.15693694 1.73812818
v -0.02678327 -0.01989647 1.54369240
v -0.02678327 -0.02232694 1.53929881
v -0.06716630 -0.12328438 1.70129739
v -0.06969027 -0.11926478 1.69157550
v -0.00313308 -0.14160626 1.74682174
v -0.05080746 -0.15235646 1.72046058
v -0.05211616 -0.14786946 1.72363884
v -0.02743768 -0.15403909 1.73794119
v -0.07595335 -0.07093604 1.60557464
v -0.07337361 -0.04605018 1.61447290
v -0.07473815 -0.05495112 1.68138625
v -0.07109247 -0.04775319 1.69550161
v -0.04875091 -0.03877921 1.71915187
v -0.03575732 -0.03532047 1.72616286
v 0.00079303 -0.03317048 1.73364121
v -0.03856166 0.00665163 1.64408810
v -0.04099213 0.00169725 1.63268364
v -0.02622242 0.00926904 1.63586191
v -0.05931409 -0.15067384 1.67914282
v -0.02201588 0.01067124 1.63651626
v 0.00079303 0.01543869 1.64773384
v -0.00547005 0.01525169 1.63735760
v -0.06912936 -0.13702587 1.64539681
v -0.03482254 0.00113633 1.61884877
v -0.03921600 -0.12655620 1.73476293
v -0.04847048 -0.16310657 1.69166900
v -0.02379195 -0.00970722 1.57257647
v -0.04744220 -0.14945860 1.72831291
v -0.04809656 -0.05195979 1.72569539
v -0.02351152 -0.00278978 1.58790715
v -0.02500722 0.00571685 1.61632474
v -0.03257900 -0.07813396 1.73906301
v -0.04155299 -0.17722184 1.69540823
v -0.03388770 -0.00512675 1.60043332
v -0.02566156 0.00151026 1.60314422
v -0.02697027 0.01113865 1.64614465
v -0.03276599 -0.17638061 1.72410631
v 0.00079303 0.00767990 1.59211363
v -0.03772037 -0.18180241 1.70858875
v -0.04819005 -0.16254569 1.70363431
v -0.06987720 -0.13553020 1.62333573
v -0.02500722 -0.18900021 1.70840176
v -0.00500263 -0.19245904 1.70709306
v -0.04379652 -0.17843716 1.70830827
v -0.05108789 -0.15861957 1.69783865
v -0.05650968 -0.15160863 1.68568634
v -0.05258358 -0.15562824 1.68680805
v -0.06660545 -0.14198017 1.65539907
v -0.06585760 -0.13917589 1.60005945
v -0.06997070 -0.13852154 1.62361611
v -0.06295977 -0.14543900 1.66381226
v -0.06324020 -0.14469117 1.66465348
v 0.00023216 -0.19507646 1.69475377
v -0.03108336 -0.18554157 1.70746704
v -0.04566609 -0.16750000 1.70765392
v -0.05351836 -0.15441290 1.69138863
v -0.01126577 -0.18984162 1.70802790
v -0.02052019 0.00665163 1.60978123
v -0.02369851 0.00496901 1.60940736
v -0.02977466 0.00291246 1.61501604
v -0.06735329 -0.14085852 1.65642740
v -0.06651195 -0.13478237 1.59968547
v -0.01659408 -0.18694377 1.70868225
v 0.00051260 -0.19722647 1.70728005
v 0.02004971 -0.07130996 1.74261514
v 0.01490839 -0.05373585 1.74027822
v 0.00593435 -0.05840987 1.74308262
v 0.01201050 -0.07430129 1.74467169
v 0.01733880 -0.08925799 1.74570002
v 0.02369539 -0.08645360 1.74364347
v 0.02565850 -0.10449507 1.74579341
v 0.03192159 -0.10038203 1.74317600
v 0.03762382 -0.11300169 1.74139994
v 0.03968036 -0.10776689 1.73962387
v 0.04304562 -0.11300169 1.73747383
v 0.01126266 -0.04345317 1.73719334
v 0.01051486 -0.04625756 1.73831517
v 0.02668671 -0.05083803 1.73700646
v 0.00958003 -0.05915765 1.74224128
v -0.00191781 -0.07962960 1.74672824
v 0.00097999 -0.08065787 1.74700873
v -0.01145270 -0.09187540 1.74691523
v -0.00911573 -0.09290367 1.74710222
v -0.01491145 -0.09645586 1.74672824
v -0.01322883 -0.09813849 1.74700873
v -0.01930498 -0.10374722 1.74644787
v 0.02864982 -0.04803362 1.73719334
v 0.04734565 -0.05663374 1.72859328
v 0.04828043 -0.05373585 1.72924763
v 0.05407616 -0.05859680 1.72317148
v 0.05575878 -0.05635332 1.72298449
v 0.06604147 -0.06037292 1.71055181
v -0.00051567 -0.05794244 1.74401734
v -0.02052019 -0.07187082 1.74308262
v -0.01650059 -0.07663827 1.74467169
v -0.03089638 -0.07617091 1.74083908
v -0.02865289 -0.08084486 1.74224128
v -0.04192691 -0.08103179 1.73868903
v -0.03865515 -0.08533183 1.74018473
v -0.04884440 -0.08449054 1.73513679
v -0.04884440 -0.08860364 1.73504341
v 0.03051939 -0.06420553 1.73784769
v 0.04379346 -0.07159039 1.73373460
v 0.04528910 -0.06785122 1.73279987
v 0.05314137 -0.07420780 1.72597587
v 0.05435659 -0.07215130 1.72541502
v 0.05790876 -0.07448828 1.72120842
v 0.05865662 -0.07317958 1.72120842
v 0.06379798 -0.07458172 1.71466491
v 0.00546699 -0.04952932 1.74009123
v 0.00724305 -0.04205097 1.73728684
v -0.00462871 -0.04663148 1.73896952
v -0.00490920 -0.05111845 1.74083908
v -0.01622016 -0.04822062 1.73878253
v -0.01631365 -0.05167937 1.73953038
v -0.02547457 -0.04775319 1.73635211
v -0.02762461 -0.05102501 1.73635211
v -0.03482254 -0.04494885 1.73167816
v -0.03641167 -0.04737928 1.73177154
v -0.04145955 -0.04307924 1.72812592
v 0.01724536 -0.03158135 1.73233251
v 0.01939536 -0.02625304 1.72990198
v 0.00322345 -0.03036614 1.73317374
v 0.00238216 -0.03541396 1.73756732
v -0.00771354 -0.03139441 1.73242589
v -0.01650059 -0.02999222 1.73167816
v -0.01762236 -0.03223570 1.73504341
v -0.02482022 -0.02774873 1.72793893
v -0.02743768 -0.02840309 1.73018247
v -0.03669210 -0.02363564 1.72055407
v 0.00574742 -0.02905744 1.73177154
v 0.01004745 -0.02120517 1.72784543
v -0.00135695 -0.02073781 1.72737807
v -0.00397436 -0.02559869 1.72971499
v -0.01107879 -0.01840077 1.72504104
v -0.01902456 -0.01587686 1.72074106
v -0.02098761 -0.01896168 1.72279761
v -0.02472679 -0.01400730 1.71672146
v -0.02697027 -0.01625078 1.71765618
v -0.02968116 -0.01157683 1.71092568
v -0.03098986 -0.01400730 1.71307572
v 0.01631053 -0.05364242 1.73999774
v 0.03201508 -0.06018594 1.73681948
v 0.02369539 -0.06121421 1.74027822
v 0.02939762 -0.06831863 1.73887602
v 0.03154766 -0.06570123 1.73756732
v 0.03687597 -0.07617091 1.73756732
v 0.03781075 -0.07299259 1.73653899
v 0.04454125 -0.08149921 1.73485642
v 0.04519561 -0.07869482 1.73429556
v 0.04986955 -0.08252749 1.73027596
v 0.04968262 -0.07972309 1.73027596
v 0.05631964 -0.08159265 1.72373233
v 0.05613270 -0.08047094 1.72391932
v 0.06164794 -0.08000352 1.71784317
v 0.06127407 -0.07934917 1.71821715
v 0.02986503 -0.06738385 1.73859554
v 0.03089331 -0.07532956 1.73934339
v 0.03276287 -0.07308608 1.73822167
v 0.03678248 -0.08486447 1.73953038
v 0.03837166 -0.08308835 1.73896952
v 0.04304562 -0.09131454 1.73756732
v 0.04444782 -0.08879058 1.73532378
v 0.04977612 -0.09337104 1.73093031
v 0.05622620 -0.09252976 1.72419981
v 0.05603921 -0.09150147 1.72438668
v 0.06146101 -0.09103406 1.71821715
v 0.06118059 -0.09028626 1.71859102
v 0.01275834 -0.09187540 1.74691523
v 0.01201050 -0.10982338 1.74841092
v 0.01855407 -0.10692554 1.74747609
v 0.01818014 -0.12010612 1.74971963
v 0.02378888 -0.11767565 1.74878479
v 0.02500415 -0.12683663 1.74925215
v 0.02808891 -0.12319094 1.74654125
v 0.03416507 -0.13132364 1.74513906
v 0.03435205 -0.12711708 1.74439132
v 0.04070864 -0.13057572 1.73887602
v 0.03706296 -0.05682068 1.73345422
v 0.04398039 -0.06065335 1.73149117
v 0.04547609 -0.05579240 1.72980849
v 0.04912177 -0.06261640 1.72812592
v 0.04986955 -0.05822288 1.72700409
v 0.05360873 -0.06327076 1.72373233
v 0.05388916 -0.06084028 1.72317148
v 0.06118059 -0.06429903 1.71634748
v 0.04369997 -0.04625756 1.72868677
v 0.05089784 -0.04719234 1.72419981
v 0.05043047 -0.04476187 1.72382583
v 0.05463701 -0.04737928 1.72018020
v 0.05445007 -0.04504230 1.71980622
v 0.06024581 -0.04784669 1.71419754
v 0.06678932 -0.05093151 1.70728005
v 0.06632195 -0.04990324 1.70699957
v 0.05631964 -0.05560547 1.72036708
v 0.06202187 -0.05551198 1.71466491
v 0.06136751 -0.05345542 1.71466491
v 0.06585453 -0.05551198 1.70999095
v 0.06529368 -0.05364242 1.71045831
v 0.06968721 -0.05569896 1.70447566
v 0.06968721 -0.05364242 1.70400829
v 0.07426766 -0.05579240 1.69550161
v 0.05501093 -0.07121647 1.72223675
v 0.06323713 -0.07299259 1.71503877
v 0.06202187 -0.07168389 1.71644097
v 0.06613496 -0.07317958 1.71129965
v 0.06604147 -0.07168389 1.71139315
v 0.06959371 -0.07243173 1.70550387
v 0.06950021 -0.07074910 1.70569086
v 0.07351982 -0.07084260 1.69793214
v 0.06491975 -0.08215356 1.71316921
v 0.06819152 -0.08196658 1.70746704
v 0.06772410 -0.08000352 1.70858875
v 0.07108935 -0.08149921 1.70185825
v 0.07090241 -0.07850789 1.70260610
v 0.07398724 -0.07925567 1.69447339
v 0.07333289 -0.07626435 1.69690381
v 0.07688507 -0.07374044 1.68540586
v 0.04809350 -0.08626667 1.73214552
v 0.05314137 -0.08776230 1.72728458
v 0.05332830 -0.08626667 1.72691071
v 0.05753489 -0.08785580 1.72261062
v 0.06155450 -0.08692101 1.71793666
v 0.06090016 -0.08579924 1.71887150
v 0.06491975 -0.08477097 1.71326271
v 0.06463933 -0.08392969 1.71363658
v 0.06529368 -0.07542306 1.71251486
v 0.07006107 -0.07439478 1.70456915
v 0.06978064 -0.07271216 1.70513001
v 0.07286547 -0.07336651 1.69858649
v 0.07249155 -0.07196432 1.69961471
v 0.07538943 -0.06990776 1.69241684
v 0.07510895 -0.06887949 1.69344506
v 0.07753942 -0.06542080 1.68475150
v 0.07744593 -0.06439253 1.68540586
v 0.05875011 -0.06560773 1.71905838
v 0.06510669 -0.06560773 1.71195401
v 0.06463933 -0.06355118 1.71223438
v 0.06921979 -0.06467295 1.70597135
v 0.06875237 -0.06196205 1.70653220
v 0.07277198 -0.06121421 1.69998869
v 0.07230461 -0.05999900 1.70082992
v 0.07557637 -0.05691417 1.69269733
v 0.07548287 -0.05663374 1.69269733
v 0.05865662 -0.06411210 1.71887150
v 0.04986955 -0.06411210 1.72765855
v 0.05005655 -0.06560773 1.72765855
v -0.00827445 -0.04635100 1.73850205
v -0.02986810 -0.04046184 1.73242589
v -0.02874638 -0.05102501 1.73597813
v -0.04566609 -0.03289005 1.72120842
v -0.04781613 -0.04233140 1.72401282
v -0.05333137 -0.03195527 1.71279535
v -0.05585534 -0.03840529 1.71382357
v -0.05884666 -0.03485310 1.70503651
v -0.06006187 -0.03747051 1.70494302
v -0.06847500 -0.03466612 1.69587559
v -0.03164422 -0.05130544 1.73485642
v -0.04127256 -0.04887496 1.73018247
v -0.04379652 -0.05495112 1.73111719
v -0.04977918 -0.04653799 1.72401282
v -0.05062047 -0.05261414 1.72569539
v -0.05492056 -0.04550971 1.71765618
v -0.05688361 -0.05083803 1.71774967
v -0.06221192 -0.04494885 1.70999095
v -0.06333369 -0.04850104 1.70971047
v -0.06754023 -0.04448144 1.70326045
v -0.03229857 -0.05682068 1.73579114
v -0.02276367 -0.05700767 1.73953038
v -0.02182890 -0.05420328 1.73896952
v -0.03547690 -0.06588816 1.73719334
v -0.03454206 -0.06355118 1.73625862
v -0.04688135 -0.06626208 1.73289337
v -0.04725522 -0.06803821 1.73242589
v -0.05370529 -0.06570123 1.72634974
v -0.05800538 -0.06467295 1.72092805
v -0.05847275 -0.06682294 1.72111493
v -0.06137063 -0.06485988 1.71690845
v -0.06118364 -0.06626208 1.71756280
v -0.06482932 -0.06560773 1.71195401
v -0.06482932 -0.06682294 1.71223438
v -0.01967890 -0.06046636 1.74111945
v -0.04043127 -0.07299259 1.73756732
v -0.03846822 -0.06710342 1.73653899
v -0.04398347 -0.06775778 1.73494992
v -0.04519872 -0.07532956 1.73625862
v -0.05099439 -0.06850557 1.73008897
v -0.05258358 -0.07532956 1.73074332
v -0.05650968 -0.06990776 1.72448018
v -0.05800538 -0.07589042 1.72448018
v -0.06239886 -0.07028169 1.71718882
v -0.06697937 -0.06822514 1.70877574
v -0.06744673 -0.07159039 1.70802790
v 0.00574742 -0.08252749 1.74663475
v 0.00602785 -0.09505367 1.74766308
v 0.01322577 -0.09570801 1.74710222
v 0.00565392 -0.10870167 1.74803695
v 0.01144964 -0.10786032 1.74813044
v 0.00724305 -0.11748872 1.74822393
v 0.01201050 -0.11608651 1.74915866
v 0.01004745 -0.12515400 1.74887829
v 0.01257141 -0.12365831 1.74962613
v 0.01257141 -0.12823883 1.74943914
v -0.00014175 -0.07785353 1.74682174
v -0.00266566 -0.09103406 1.74747609
v 0.00369087 -0.09084712 1.74756958
v -0.00444178 -0.10776689 1.74803695
v 0.00256910 -0.10580378 1.74803695
v -0.00444178 -0.11674087 1.74803695
v 0.00397130 -0.11337561 1.74794345
v 0.00023216 -0.12403223 1.74906528
v 0.00733655 -0.12038655 1.74813044
v 0.00565392 -0.12945406 1.74766308
v 0.00976702 -0.12655620 1.74878479
v 0.01079529 -0.13356704 1.74869130
v 0.01313227 -0.13123007 1.74943914
v 0.01649752 -0.13655848 1.74943914
v -0.01949191 -0.07570349 1.74392385
v -0.02958767 -0.08804273 1.74308262
v -0.02070718 -0.09196890 1.74541954
v -0.03407470 -0.09477324 1.74252165
v -0.02893332 -0.09767112 1.74411084
v -0.04015084 -0.10197115 1.73962387
v -0.03687903 -0.10552335 1.74111945
v -0.04473131 -0.11141256 1.73579114
v -0.02295066 -0.08103179 1.74383035
v -0.03557033 -0.09150147 1.74196079
v -0.03192465 -0.09673629 1.74317600
v -0.04557265 -0.09664285 1.73681948
v -0.04389002 -0.10141024 1.73738033
v -0.05398572 -0.09926026 1.72915413
v -0.05417271 -0.10356029 1.72859328
v -0.06137063 -0.09991460 1.72018020
v -0.03547690 -0.06691644 1.73653899
v -0.03454206 -0.06168162 1.73541728
v -0.04473131 -0.06102728 1.73242589
v -0.04706829 -0.06579472 1.73139767
v -0.05323793 -0.05981201 1.72494765
v -0.05950102 -0.05831637 1.71728231
v -0.05950102 -0.06205555 1.71774967
v -0.06464240 -0.05728810 1.71045831
v -0.06539024 -0.05943808 1.70961697
v -0.06754023 -0.05616633 1.70625172
v -0.02566156 -0.06682294 1.74018473
v -0.05249009 -0.03429223 1.71494528
v -0.05641620 -0.03092700 1.70914961
v -0.05922059 -0.03634874 1.70924311
v -0.05903366 -0.02756174 1.70279308
v -0.06230541 -0.03232919 1.70316695
v -0.06080972 -0.02447692 1.69681032
v -0.06389454 -0.02812266 1.69662344
v -0.06267934 -0.02017690 1.68839724
v -0.06576411 -0.02438348 1.68942546
v -0.06305326 -0.01662471 1.68063852
v -0.06623152 -0.02148560 1.68260157
v -0.06969027 -0.06766428 1.70307346
v -0.07202725 -0.06046636 1.69867999
v -0.07230768 -0.06270990 1.69821251
v -0.07314897 -0.05495112 1.69615596
v -0.07445772 -0.05579240 1.69391254
v -0.07436423 -0.04943582 1.69157550
v -0.07455116 -0.04401403 1.68718203
v -0.07511208 -0.04541622 1.68577983
v -0.07660771 -0.03391832 1.68147975
v -0.07679470 -0.03513353 1.68101238
v -0.06688587 -0.06850557 1.70905612
v -0.06604459 -0.06934691 1.71083229
v -0.06875549 -0.05579240 1.70382130
v -0.07025112 -0.05027717 1.70017557
v -0.07146634 -0.05289457 1.69877348
v -0.07221418 -0.04364016 1.69456689
v -0.07314897 -0.04653799 1.69381904
v -0.07268160 -0.03728352 1.68951895
v -0.07314897 -0.03980749 1.68886460
v -0.07006420 -0.02690739 1.68269495
v -0.07062505 -0.02756174 1.68166674
v -0.04632044 -0.02513133 1.71541275
v -0.04800306 -0.02101824 1.71008445
v -0.05015311 -0.02148560 1.71083229
v -0.04940527 -0.01765299 1.70531700
v -0.05174224 -0.01840077 1.70587785
v -0.05071397 -0.01316596 1.69681032
v -0.05314443 -0.01400730 1.69765166
v -0.05220966 -0.00765072 1.68914509
v -0.05464013 -0.00942679 1.69092115
v -0.05370529 -0.00559417 1.68166674
v -0.05622926 -0.00624852 1.68269495
v -0.05435964 -0.00512675 1.67316017
v -0.05641620 -0.00484633 1.67390801
v -0.05753797 -0.00596810 1.66502746
v -0.05922059 -0.00522024 1.66633617
v -0.07539250 -0.04831411 1.68531247
v -0.07520552 -0.04934239 1.68764939
v -0.07623378 -0.03747051 1.68185373
v -0.07417723 -0.03083356 1.67867535
v -0.07716863 -0.03298353 1.67577757
v -0.07118591 -0.02494434 1.67147748
v -0.07277509 -0.02728132 1.66951443
v -0.06819458 -0.01924211 1.66502746
v -0.06931634 -0.02027038 1.66241006
v -0.06473588 -0.01026813 1.65605342
v -0.00986358 -0.07776004 1.74570002
v -0.01220056 -0.10038203 1.74719560
v -0.00500263 -0.09682978 1.74766308
v -0.01304184 -0.11029079 1.74803695
v -0.00733961 -0.11094515 1.74850431
v -0.01696800 -0.12674313 1.74934565
v -0.01304184 -0.12749100 1.74962613
v -0.02126804 -0.13534325 1.74869130
v -0.01893106 -0.13824110 1.74897178
v -0.02725070 -0.14169983 1.74654125
v -0.00238523 -0.02055081 1.72700409
v 0.00369087 -0.01952254 1.72663022
v -0.00855488 -0.01232467 1.72195627
v -0.01266791 -0.01335295 1.72457367
v -0.01350926 -0.01054856 1.71868451
v -0.01846364 -0.01082899 1.72018020
v -0.01752886 -0.00821158 1.71457141
v -0.02238981 -0.00793115 1.71559963
v -0.02070718 -0.00615503 1.71027132
v -0.02463329 -0.00522024 1.71111267
v -0.02444630 -0.00288327 1.70456915
v -0.07436423 -0.07991008 1.68690155
v -0.07399031 -0.08065787 1.68802337
v -0.07473815 -0.07056212 1.68858423
v -0.07585986 -0.06990776 1.68456463
v -0.07604686 -0.06280334 1.68587333
v -0.07614034 -0.05569896 1.68400377
v -0.07670120 -0.05560547 1.68091889
v -0.07604686 -0.04812712 1.68213410
v -0.07679470 -0.04775319 1.67867535
v -0.07567293 -0.04205097 1.68091889
v -0.07557943 -0.08748187 1.68568634
v -0.07539250 -0.08093830 1.68278845
v -0.07567293 -0.08131222 1.68119937
v -0.07604686 -0.07607742 1.68082539
v -0.07632728 -0.07663827 1.67914282
v -0.07679470 -0.06953385 1.67858197
v -0.04276825 -0.08318183 1.73775420
v -0.04117913 -0.07719919 1.73681948
v -0.05099439 -0.07906874 1.73317374
v -0.05052704 -0.08579924 1.73373460
v -0.05548141 -0.08065787 1.72859328
v -0.05454663 -0.08757537 1.72962161
v -0.05931409 -0.08187314 1.72438668
v -0.06482932 -0.08243399 1.71475840
v -0.06436197 -0.08682753 1.71513227
v 0.02472366 -0.03008571 1.73111719
v 0.03407157 -0.02915093 1.72803242
v 0.03126723 -0.02391606 1.72616286
v 0.04500868 -0.02859002 1.72195627
v 0.04070864 -0.02279429 1.72130192
v 0.05005655 -0.02737481 1.71765618
v 0.04762607 -0.02326172 1.71681495
v 0.05445007 -0.02466391 1.71008445
v 0.05332830 -0.02251387 1.71008445
v 0.01173007 -0.02036388 1.72728458
v 0.01920843 -0.01793341 1.72476066
v 0.01359963 -0.01363338 1.72204976
v 0.02696720 -0.01578336 1.72111493
v 0.02182582 -0.01101592 1.71821715
v 0.03360421 -0.01400730 1.71625398
v 0.03192159 -0.01157683 1.71447792
v 0.03678248 -0.00970722 1.70961697
v -0.00621790 -0.00877243 1.71971273
v -0.00023519 -0.01269854 1.72204976
v 0.00499957 -0.00437890 1.71485190
v 0.00873875 0.00048199 1.71017794
v 0.00247560 0.00188419 1.70905612
v 0.01079529 0.00375380 1.70513001
v 0.00714961 0.00506250 1.70428867
v 0.01500182 0.00693206 1.69867999
v 0.01210400 0.00777340 1.69858649
v -0.06763372 -0.09178190 1.70737355
v -0.06950329 -0.08505140 1.70372781
v -0.07137289 -0.08636010 1.70120390
v -0.07090548 -0.07888181 1.69961471
v -0.07286854 -0.07925567 1.69755816
v -0.07221418 -0.07261867 1.69615596
v -0.06922286 -0.09430587 1.70606484
v -0.06847500 -0.09645586 1.70400829
v -0.06613803 -0.09972762 1.70886913
v -0.06688587 -0.09804499 1.71073880
v -0.06295977 -0.10150374 1.71625398
v -0.07137289 -0.10225158 1.70223212
v -0.06782066 -0.09832547 1.70484952
v -0.06950329 -0.09271668 1.69952122
v -0.07090548 -0.08664053 1.69550161
v -0.07473815 -0.09028626 1.69288421
v -0.07324245 -0.07972309 1.69082766
v -0.07726206 -0.08486447 1.68933208
v -0.06903592 -0.10486899 1.69839950
v -0.06632502 -0.10767338 1.70503651
v -0.06856850 -0.10664512 1.70830827
v -0.06239886 -0.10963644 1.71260836
v -0.05108789 -0.12375180 1.72728458
v -0.05211616 -0.11487126 1.72849978
v -0.05688361 -0.11468432 1.72326497
v -0.06127714 -0.10991687 1.71774967
v -0.06417497 -0.11851693 1.71073880
v -0.06305326 -0.10617769 1.71494528
v -0.06632502 -0.11300169 1.70625172
v -0.04594652 -0.12010612 1.73317374
v -0.03940300 -0.11178649 1.73868903
v -0.04052477 -0.11113208 1.73794119
v -0.02949418 -0.11889086 1.74504567
v -0.03220508 -0.12403223 1.74280213
v -0.03033552 -0.12664963 1.74401734
v -0.03706602 -0.12936058 1.73812818
v -0.03538340 -0.13188442 1.73906301
v -0.04286175 -0.13263235 1.73223901
v -0.05146181 -0.13123007 1.72345196
v -0.05230309 -0.13225834 1.72373233
v -0.02538113 -0.11945177 1.74691523
v -0.02182890 -0.11169299 1.74700873
v -0.02734419 -0.11169299 1.74551303
v -0.01827670 -0.10066246 1.74635438
v -0.02136153 -0.10103638 1.74598040
v 0.05145875 -0.09337104 1.72924763
v 0.05071091 -0.09505367 1.73008897
v 0.05660007 -0.09748413 1.72251712
v 0.05688055 -0.09598850 1.72214326
v 0.06090016 -0.09748413 1.71774967
v 0.06090016 -0.09608193 1.71774967
v 0.06491975 -0.09654935 1.71298222
v 0.06548061 -0.09542758 1.71204750
v 0.06865893 -0.09514715 1.70569086
v 0.06033924 -0.10318636 1.72046058
v 0.06435884 -0.10141024 1.71373007
v 0.06426541 -0.10010155 1.71382357
v 0.06763066 -0.10038203 1.70709306
v 0.06753716 -0.09832547 1.70746704
v 0.07062198 -0.09682978 1.70008218
v 0.07043499 -0.09570801 1.70082992
v 0.07230461 -0.09299717 1.69578210
v -0.01154620 -0.00110715 1.71045831
v -0.01033093 -0.00232236 1.71223438
v -0.00762004 0.00216461 1.70793440
v -0.00977008 0.00244504 1.70690607
v -0.00434828 0.00637120 1.70279308
v -0.00023519 0.00908210 1.69690381
v -0.00406785 0.01011038 1.69596909
v 0.00331694 0.01235387 1.69157550
v -0.00173088 0.01300821 1.68961245
v 0.00509307 -0.00007887 1.71101917
v 0.01584317 -0.00531368 1.71373007
v 0.01818014 -0.00054629 1.70793440
v 0.02678021 -0.01045506 1.71597361
v 0.02743457 -0.00540718 1.70896262
v 0.03612812 -0.01176376 1.71242137
v 0.03463248 -0.00802458 1.70858875
v 0.04697173 -0.00680938 1.70316695
v 0.06005882 -0.11019730 1.72046058
v 0.06529368 -0.11019730 1.71148664
v 0.06491975 -0.10776689 1.71223438
v 0.06828501 -0.10786032 1.70484952
v 0.06819152 -0.10533641 1.70541049
v 0.07024807 -0.10412115 1.69933434
v 0.07043499 -0.10187767 1.69998869
v 0.07202418 -0.09963418 1.69531473
v 0.05921753 -0.11487126 1.72532152
v 0.05678705 -0.11739522 1.72448018
v 0.06220885 -0.11758215 1.71531926
v 0.06491975 -0.11505824 1.71634748
v 0.06669582 -0.11505824 1.70774741
v 0.06884587 -0.11365604 1.70943009
v 0.06884587 -0.11206692 1.70279308
v 0.07127633 -0.11066472 1.70391480
v 0.07080892 -0.10627119 1.69746467
v 0.05753489 -0.11113208 1.72354546
v 0.04940220 -0.11057122 1.73223901
v 0.04912177 -0.11281470 1.73270638
v 0.07323939 -0.05644676 1.69849300
v 0.07492202 -0.05401634 1.69372555
v 0.07380025 -0.05093151 1.69606258
v 0.07641765 -0.05130544 1.68923858
v 0.07492202 -0.04765976 1.69185599
v 0.07725899 -0.04681842 1.68325592
v 0.07819378 -0.04177054 1.67559058
v 0.07735249 -0.04223796 1.68054502
v 0.05622620 -0.03363788 1.71344970
v 0.06146101 -0.03307701 1.70699957
v 0.05977839 -0.02774873 1.70961697
v 0.06660238 -0.03148791 1.69933434
v 0.06491975 -0.02541176 1.70045605
v 0.07006107 -0.02980528 1.69082766
v 0.06875237 -0.02372913 1.69138863
v 0.07351982 -0.03045963 1.68101238
v 0.07295896 -0.02419649 1.67970368
v 0.07520244 -0.03008571 1.67213184
v 0.07464159 -0.02419649 1.67110362
v 0.07510895 -0.02728132 1.66091437
v -0.06931634 -0.11384298 1.69933434
v -0.06950329 -0.10795381 1.69503425
v -0.07174682 -0.11318863 1.68821025
v -0.07081198 -0.10178416 1.69073416
v -0.07352288 -0.10823424 1.68428414
v -0.07324245 -0.09496022 1.68568634
v -0.07585986 -0.10412115 1.68119937
v -0.06978371 -0.12010612 1.69456689
v -0.06847500 -0.12721046 1.69858649
v -0.06623152 -0.12281703 1.70550387
v -0.06660545 -0.13235191 1.70223212
v -0.01799628 0.00655813 1.69652994
v -0.01154620 0.01048424 1.69251034
v -0.01463102 0.00992339 1.69176249
v -0.00705918 0.01310171 1.68849073
v -0.00986358 0.01282128 1.68736891
v 0.00013868 0.01207344 1.68110588
v -0.00462871 0.01487777 1.68147975
v 0.00359737 0.01506476 1.67811449
v 0.00172781 0.01497126 1.67820799
v -0.01799628 0.00982990 1.68886460
v -0.01350926 0.01235387 1.68615370
v -0.01640709 0.01207344 1.68475150
v -0.00855488 0.01487777 1.68297544
v -0.01276141 0.01375606 1.68166674
v -0.00098303 0.01553212 1.67811449
v -0.00565699 0.01599954 1.67605794
v 0.00771047 0.01412998 1.67353403
v 0.00462565 0.01412998 1.67194485
v 0.00490608 0.00982990 1.69662344
v 0.00556043 0.00880162 1.69867999
v 0.01088879 0.00926904 1.69634295
v 0.01799316 0.00861469 1.69288421
v 0.01509532 0.01123210 1.68942546
v 0.02378888 0.00805383 1.68858423
v 0.01967578 0.00861469 1.68484500
v 0.02836934 0.00786684 1.68465812
v -0.00060911 0.00908210 1.69867999
v 0.00023216 0.00852119 1.69989519
v 0.01808666 0.00394073 1.70120390
v 0.02649978 0.00188419 1.69849300
v 0.02182582 0.00609078 1.69512774
v 0.03276287 0.00207117 1.69494076
v 0.02715414 0.00618421 1.69176249
v 0.03724989 0.00263203 1.69129513
v 0.03042589 0.00637120 1.68699504
v 0.04145643 0.00291246 1.68643419
v 0.01724536 0.00515594 1.69821251
v 0.01070180 0.00524943 1.70307346
v 0.01154314 0.00347331 1.70513001
v 0.00471914 0.00459508 1.70522350
v 0.00471914 0.00328638 1.70690607
v 0.00004520 0.00440815 1.70578436
v 0.04491518 0.00337987 1.67746014
v 0.04164341 0.00618421 1.67577757
v 0.05631964 -0.00391154 1.66839272
v 0.06192842 -0.00830507 1.66306441
v 0.05697398 -0.00241585 1.65876432
v 0.06370450 -0.01026813 1.65913830
v 0.05968489 -0.00493982 1.65324902
v 0.06585453 -0.01288553 1.65287516
v 0.06669582 -0.01475509 1.64577067
v 0.06342407 -0.01204419 1.64399461
v -0.00967659 -0.14487812 1.74784996
v -0.01603317 -0.14198017 1.74672824
v -0.01893106 -0.14721511 1.74476519
v -0.02463329 -0.15226298 1.73990424
v -0.01837020 -0.15759129 1.73999774
v -0.03388770 -0.15590866 1.73476293
v -0.03024202 -0.16226526 1.73420207
v -0.04940527 -0.15759129 1.72391932
v -0.04884440 -0.16123699 1.72522803
v -0.00303958 -0.14581291 1.74607389
v -0.00247872 -0.13945633 1.74794345
v -0.00640483 -0.13796057 1.75000000
v -0.00275915 -0.12973449 1.74747609
v -0.04660086 -0.16703270 1.71559963
v -0.05071397 -0.16142395 1.71438442
v -0.04856397 -0.16469572 1.70765392
v -0.05361186 -0.15656303 1.71204750
v -0.05155531 -0.15955436 1.70840176
v -0.05679011 -0.15067384 1.70924311
v -0.05837925 -0.14955208 1.70671919
v -0.04538566 -0.17021099 1.70587785
v -0.04258127 -0.17666105 1.70111040
v -0.04043127 -0.17292189 1.71503877
v -0.03856166 -0.18105458 1.69737128
v -0.03248550 -0.17787629 1.71335620
v -0.03809429 -0.17460451 1.71288873
v -0.02379195 -0.18348503 1.71251486
v -0.02323109 -0.17423049 1.72606937
v -0.04005735 -0.17778280 1.70344744
v -0.02341808 -0.18339155 1.70326045
v -0.04136606 -0.17937195 1.69437990
v -0.02444630 -0.18114806 1.69092115
v 0.07052850 -0.11991913 1.69774515
v 0.07099591 -0.12421922 1.69251034
v 0.07230461 -0.11421690 1.68821025
v 0.07230461 -0.11131906 1.69222985
v 0.07361332 -0.10571033 1.68531247
v 0.07380025 -0.10477549 1.68839724
v 0.07445460 -0.09897983 1.68475150
v 0.07464159 -0.09869940 1.68690155
v 0.07510895 -0.09215583 1.68587333
v 0.06893936 -0.11487126 1.70223212
v 0.06333057 -0.12393874 1.71457141
v 0.06585453 -0.12777143 1.70774741
v 0.07249155 -0.08944493 1.69129513
v 0.07464159 -0.09879284 1.68054502
v 0.07641765 -0.08869708 1.67708627
v 0.07482852 -0.08271442 1.68531247
v 0.07772641 -0.08009701 1.67474924
v 0.07651115 -0.07794697 1.68082539
v 0.07838076 -0.07355344 1.67465575
v 0.07735249 -0.07271216 1.67876885
v 0.07894162 -0.06682294 1.67615144
v 0.06632195 -0.09832547 1.70213873
v 0.07155676 -0.10571033 1.68746240
v 0.07548287 -0.13123007 1.67119711
v 0.07772641 -0.10916902 1.65511870
v 0.07875469 -0.10776689 1.66755137
v 0.08006339 -0.09851241 1.65147296
v 0.08137209 -0.09645586 1.66278392
v 0.08202644 -0.08701446 1.64595766
v 0.08314816 -0.08570576 1.65904481
v 0.08296123 -0.07149696 1.64511632
v 0.08398950 -0.07112303 1.65745562
v 0.07183719 -0.12992145 1.69241684
v 0.05968489 -0.15815218 1.70372781
v 0.05996531 -0.15918044 1.69447339
v -0.07632728 -0.09972762 1.66998179
v -0.07585986 -0.09954069 1.67287968
v -0.07782297 -0.08215356 1.67138399
v -0.07866426 -0.08196658 1.66801874
v -0.07800991 -0.07336651 1.67035577
v -0.07847732 -0.07130996 1.66783186
v -0.07829034 -0.06504687 1.66998179
v -0.07857077 -0.06429903 1.66792524
v -0.07819684 -0.05560547 1.66942093
v -0.07838383 -0.05513805 1.66708401
v -0.07772948 -0.04597713 1.66886008
v 0.08155903 -0.06514031 1.65717513
v 0.08296123 -0.07177738 1.64436859
v 0.07688507 -0.06345775 1.64137720
v 0.08165252 -0.05869030 1.63866630
v 0.07716550 -0.05326849 1.64595766
v 0.08127860 -0.05523155 1.63576841
v 0.08109166 -0.05055760 1.64090984
v 0.08053075 -0.05046410 1.63212279
v 0.08043726 -0.04803362 1.63427283
v 0.06753716 -0.07420780 1.66577531
v 0.07305241 -0.08187314 1.65053812
v 0.07959598 -0.06177512 1.67119711
v 0.08118510 -0.07065562 1.65773610
v 0.08155903 -0.06121421 1.65689476
v 0.07987641 -0.05214673 1.66671003
v 0.08146553 -0.05326849 1.65567955
v 0.06557410 -0.07280565 1.67830148
v 0.07127633 -0.07991008 1.66371876
v 0.03659554 -0.17189361 1.72634974
v 0.02883676 -0.17610018 1.72915413
v 0.03668904 -0.18077413 1.71606710
v 0.01864751 -0.17768932 1.72896726
v 0.02799548 -0.18778508 1.71915187
v 0.01088879 -0.18619592 1.72793893
v 0.01406705 -0.19245904 1.71793666
v -0.00388092 -0.18984162 1.72167578
v -0.00032868 -0.19227207 1.71531926
v 0.04519561 -0.17563277 1.70905612
v 0.05071091 -0.17021099 1.70363431
v 0.04369997 -0.16759357 1.72064757
v 0.05370223 -0.16516301 1.70503651
v 0.05248702 -0.16432180 1.70961697
v -0.08081431 -0.06308382 1.64305977
v -0.08072080 -0.06289683 1.64549030
v -0.07931861 -0.04906190 1.63726410
v -0.07754249 -0.04261188 1.62913140
v -0.08006645 -0.04541622 1.62810318
v -0.07511208 -0.04092926 1.62081182
v -0.07819684 -0.04420101 1.62127918
v -0.07491913 -0.04386453 1.61319317
v -0.07744905 -0.04672492 1.61408132
v -0.07408379 -0.04522928 1.60875301
v 0.07398724 -0.02728132 1.63847931
v 0.07510895 -0.03148791 1.63165531
v 0.07239805 -0.02728132 1.63006624
v 0.07520244 -0.03419876 1.62670099
v 0.07314589 -0.03055307 1.62492481
v 0.07576330 -0.03840529 1.62099870
v 0.07380025 -0.03447919 1.61987699
v 0.07615991 -0.04346670 1.61539180
v 0.07526557 -0.04117191 1.61475428
v -0.07249461 -0.03111399 1.63212279
v -0.05828581 -0.03775094 1.63670325
v -0.05875318 -0.02344865 1.62782270
v -0.05772490 -0.01746599 1.61903565
v -0.06780901 -0.02677317 1.61831967
v -0.05585534 -0.01699863 1.60959424
v -0.06697937 -0.02812266 1.61323998
v -0.05711623 -0.02017148 1.60304415
v -0.06707999 -0.02951143 1.60893900
v -0.05978434 -0.02523624 1.59658198
v 0.05052391 0.00468858 1.65156645
v 0.05248702 0.00169725 1.65147296
v 0.05145875 0.00160376 1.64474246
v 0.05323482 -0.00045280 1.64053586
v 0.04912177 0.00309939 1.63745109
v 0.05781532 -0.00587460 1.63642276
v 0.05295439 -0.00138758 1.63296413
v 0.05875011 -0.01026813 1.62614013
v -0.00238523 0.01637347 1.63408584
v 0.00593435 0.01609303 1.62726184
v 0.00144739 0.01824303 1.62184004
v 0.01285184 0.01366256 1.62081182
v 0.00789740 0.01506476 1.61557690
v 0.01864751 0.01095167 1.61333347
v 0.01397355 0.01347563 1.60987472
v 0.02790198 0.00263203 1.60015283
v 0.02668671 0.00487551 1.59818978
v 0.07576330 -0.13123007 1.68232109
v 0.07473503 -0.10599076 1.67932970
v 0.07735249 -0.09383845 1.67344054
v 0.07875469 -0.08374270 1.67129049
v 0.07996989 -0.07037519 1.66857959
v 0.06211536 -0.15572172 1.68568634
v 0.07239805 -0.10356029 1.69129513
v 0.07333289 -0.09813849 1.68886460
v 0.07576330 -0.09159497 1.68643419
v 0.06856544 -0.13141712 1.70054955
v 0.06613496 -0.11094515 1.70943009
v 0.06856544 -0.10842123 1.70372781
v 0.07333289 -0.10589726 1.69783865
v 0.04613044 -0.06439253 1.73083682
v 0.05454357 -0.07009476 1.72391932
v 0.05837618 -0.07196432 1.72036708
v 0.06454584 -0.07402086 1.71466491
v 0.01818014 -0.05121194 1.73915640
v 0.03313679 -0.05644676 1.73476293
v 0.01210400 -0.04055533 1.73616512
v 0.02977154 -0.04597713 1.73513679
v 0.04762607 -0.05139888 1.72775194
v 0.05557179 -0.05467069 1.72111493
v 0.06772410 -0.05887723 1.71027132
v -0.01238749 -0.15114123 1.74476519
v -0.00547005 -0.15301082 1.74214778
v -0.01135922 -0.16058263 1.73794119
v -0.02388545 -0.16656529 1.73121068
v -0.04538566 -0.16282613 1.72485416
v -0.01070486 -0.13571716 1.74906528
v -0.00360044 -0.12749100 1.74775657
v -0.07314897 -0.09589501 1.69652994
v -0.07305552 -0.09299717 1.68858423
v -0.07548600 -0.08879058 1.68568634
v -0.06539024 -0.10393421 1.70980396
v -0.06202498 -0.10935601 1.71335620
v -0.07081198 -0.08729494 1.69802563
v -0.07221418 -0.07944267 1.69512774
v -0.07333595 -0.07028169 1.69437990
v -0.06539024 -0.09598850 1.71167352
v -0.06267934 -0.10122331 1.71700183
v -0.04725522 -0.02615955 1.71541275
v -0.05005961 -0.02335521 1.70980396
v -0.05146181 -0.02073781 1.70475614
v -0.05323793 -0.01653121 1.69709080
v -0.05473357 -0.01307247 1.69129513
v -0.05622926 -0.00895942 1.68306893
v -0.05594883 -0.00699631 1.67409489
v -0.05847275 -0.00708981 1.66708401
v -0.00827445 -0.02139215 1.72747156
v -0.01575274 -0.01746599 1.72307798
v -0.02173545 -0.01438117 1.71821715
v -0.02538113 -0.01120290 1.71354319
v -0.02650285 -0.00802458 1.70896262
v -0.02697027 -0.00148108 1.70559737
v 0.01509532 -0.03672266 1.73476293
v 0.00135391 -0.04223796 1.73803468
v -0.00846138 -0.03522697 1.73635211
v -0.01790279 -0.03644224 1.73448244
v -0.02827897 -0.03111399 1.72896726
v -0.03818779 -0.02382258 1.72289110
v -0.03753338 -0.02625304 1.72195627
v 0.05332830 -0.03111399 1.71578662
v 0.05510443 -0.02466391 1.70933660
v 0.06015230 -0.02195301 1.69914735
v 0.06398492 -0.02045732 1.69036029
v 0.06837844 -0.02055081 1.67727326
v 0.06996764 -0.02073781 1.66951443
v 0.07548287 -0.02298129 1.65979265
v 0.04725215 0.00571685 1.65184683
v 0.04837392 0.00506250 1.64371424
v 0.04388691 0.00655813 1.64296639
v 0.04678479 0.00113633 1.62987925
v 0.05725441 -0.00821158 1.62380310
v 0.05426309 -0.00793115 1.62193354
v -0.00687225 0.01553212 1.63202929
v -0.00360044 0.01384950 1.61716609
v 0.00864525 0.01300821 1.60697683
v 0.02416280 0.00403423 1.59697457
v -0.08072080 -0.06317726 1.64062936
v -0.08165559 -0.05111845 1.63520756
v -0.07838383 -0.04915539 1.62754233
v -0.07707512 -0.04859453 1.62221402
v -0.07642077 -0.05027717 1.61576389
v -0.07716863 -0.04971626 1.60772468
v 0.06239579 -0.08636010 1.55705991
v -0.00191781 -0.01410074 1.53752186
v 0.00079303 -0.06224248 1.74420433
v 0.07090241 -0.13852154 1.62314874
v -0.06847500 -0.11898435 1.59809629
v 0.04388691 -0.11057122 1.73691297
v 0.01659102 -0.06364468 1.74242827
v -0.01799628 -0.10458856 1.74672824
v 0.00453215 -0.06476645 1.74429783
v -0.04304868 -0.04448144 1.72803242
v -0.01322883 -0.02260736 1.72756506
v 0.02621936 -0.05897072 1.73878253
v 0.03276287 -0.06672950 1.73709985
v 0.04968262 -0.09066013 1.73074332
v 0.01986277 -0.09252976 1.74560653
v 0.04126950 -0.12964101 1.73859554
v 0.03809123 -0.05298807 1.73261288
v 0.06155450 -0.06364468 1.71578662
v 0.04332605 -0.04485537 1.72849978
v 0.06033924 -0.04597713 1.71354319
v 0.05603921 -0.05420328 1.72064757
v 0.07426766 -0.05476413 1.69540823
v 0.05454357 -0.06990776 1.72233014
v 0.07333289 -0.06981433 1.69793214
v 0.06473276 -0.08037744 1.71354319
v 0.07772641 -0.06915998 1.68344280
v 0.04809350 -0.08467748 1.73195853
v 0.05753489 -0.08654710 1.72261062
v 0.06510669 -0.07383392 1.71279535
v -0.00995707 -0.05410978 1.74168042
v -0.06866200 -0.03522697 1.69587559
v -0.06875549 -0.04579014 1.70176475
v -0.05407922 -0.06775778 1.72663022
v -0.01902456 -0.05887723 1.74074558
v -0.06370761 -0.07560999 1.71634748
v 0.01603010 -0.08318183 1.74513906
v 0.01453447 -0.12795839 1.74990651
v 0.00593435 -0.07719919 1.74616739
v 0.01799316 -0.13571716 1.74953264
v -0.00883530 -0.07439478 1.74513906
v -0.04407695 -0.11290820 1.73588464
v -0.01771579 -0.08495790 1.74532604
v -0.06109015 -0.10215809 1.71971273
v -0.05370529 -0.06383161 1.72578888
v -0.06782066 -0.05710110 1.70569086
v -0.02453979 -0.06401860 1.73962387
v -0.05632270 -0.04018141 1.71438442
v -0.07006420 -0.06934691 1.70269959
v -0.07501857 -0.05083803 1.68979944
v -0.07015763 -0.05840987 1.70223212
v -0.07614034 -0.03943357 1.67951669
v -0.06464240 -0.01148333 1.65296865
v -0.00098303 -0.07383392 1.74644787
v -0.02538113 -0.14356942 1.74532604
v -0.07642077 -0.06439253 1.68288194
v -0.07735555 -0.03513353 1.67633843
v -0.07585986 -0.08841665 1.68465812
v -0.07735555 -0.06654251 1.67652542
v -0.05912709 -0.08851015 1.72485416
v 0.01976928 -0.02541176 1.72943462
v 0.00546699 -0.01718556 1.72494765
v 0.03594119 -0.00821158 1.70802790
v -0.00154394 -0.00241585 1.71326271
v -0.05688361 -0.12459309 1.72055407
v -0.04921833 -0.11515174 1.73270638
v -0.04230084 -0.13581064 1.73195853
v 0.06865893 -0.09439931 1.70578436
v 0.05987188 -0.10112981 1.72092805
v 0.07258504 -0.09196890 1.69531473
v -0.00687225 0.00721249 1.70157777
v 0.00668220 0.00468858 1.70475614
v 0.04482168 -0.00512675 1.70167126
v 0.05959145 -0.10814075 1.72083455
v 0.07193069 -0.09832547 1.69512774
v 0.06968721 -0.05336199 1.70400829
v 0.07679158 -0.04298574 1.68409715
v -0.06370761 -0.13123007 1.70896262
v -0.01855713 0.00702555 1.69484726
v -0.01893106 0.00982990 1.68802337
v 0.00967353 0.01095167 1.69325818
v 0.02463022 0.01057774 1.68017104
v 0.03481942 0.00777340 1.68101238
v -0.00032868 0.00328638 1.70718656
v 0.05342180 -0.00157456 1.66951443
v 0.06155450 -0.00746372 1.64969689
v -0.04071170 -0.16647173 1.72532152
v 0.07884812 -0.06551424 1.67699278
v -0.07791641 -0.04607057 1.66755137
v 0.07595030 -0.05728810 1.64969689
v 0.07996989 -0.04653799 1.66278392
v 0.07165026 -0.02363564 1.63689024
v -0.06875549 -0.02615955 1.62623362
v -0.06592145 -0.03301799 1.60039498
v 0.07090241 -0.10823424 1.69606258
v 0.07492202 -0.09084712 1.68671456
v 0.06323713 -0.11113208 1.71522576
v 0.07099591 -0.10477549 1.69718429
v 0.04884128 -0.11496475 1.73317374
v 0.06435884 -0.07355344 1.71382357
v 0.02004971 -0.04868798 1.73831517
v 0.06725673 -0.05803594 1.70830827
v -0.00453527 -0.12534094 1.74803695
v -0.07099897 -0.09804499 1.69232335
v -0.06165106 -0.10907558 1.71401056
v -0.07155983 -0.06785122 1.69232335
v -0.06230541 -0.10094289 1.71774967
v -0.04809656 -0.02718782 1.71531926
v -0.02743768 -0.00391154 1.70363431
v -0.00892879 -0.04083576 1.73625862
v 0.05033698 -0.02859002 1.71793666
v 0.07155676 -0.02120517 1.65839045
v 0.04360648 0.00468858 1.63474019
v -0.01126577 0.01478433 1.62997274
v 0.00238216 0.01328864 1.61099644
v -0.07941211 -0.05373585 1.63324450
v -0.07614034 -0.05485762 1.60763119
f 1 2 3
f 4 5 6
f 7 8 9
f 10 11 12
f 13 14 15
f 16 17 18
f 19 20 21
f 22 23 5
f 24 25 26
f 27 28 29
f 30 31 32
f 33 34 35
f 36 4 37
f 38 39 40
f 41 42 43
f 44 45 34
f 4 36 46
f 36 47 48
f 49 50 51
f 52 53 54
f 55 56 57
f 58 59 60
f 61 62 63
f 64 65 66
f 67 68 69
f 70 71 72
f 73 74 75
f 76 77 78
f 79 80 81
f 82 83 84
f 85 86 87
f 88 89 90
f 91 92 93
f 94 95 96
f 97 98 99
f 100 101 102
f 103 104 105
f 106 107 108
f 109 110 111
f 112 113 114
f 115 116 117
f 118 119 120
f 121 122 123
f 124 9 8
f 125 126 127
f 128 3 129
f 130 131 132
f 7 133 134
f 135 35 136
f 137 138 139
f 140 141 142
f 143 144 145
f 146 147 148
f 149 43 42
f 150 151 126
f 152 153 154
f 81 155 156
f 157 81 158
f 159 87 160
f 161 108 162
f 163 164 165
f 166 167 168
f 169 170 171
f 172 173 174
f 175 176 177
f 178 179 180
f 181 182 183
f 184 185 186
f 187 188 189
f 190 191 192
f 193 194 173
f 195 196 197
f 198 40 39
f 199 200 201
f 202 203 204
f 205 206 207
f 208 186 209
f 210 181 158
f 211 160 212
f 213 214 215
f 216 217 218
f 219 138 220
f 221 222 223
f 224 225 226
f 227 228 229
f 230 231 232
f 233 234 235
f 236 237 238
f 239 226 225
f 209 186 185
f 240 241 242
f 243 244 245
f 2 246 247
f 248 249 250
f 251 252 253
f 254 255 256
f 257 258 259
f 260 261 262
f 263 264 265
f 256 266 267
f 268 262 261
f 269 270 271
f 272 273 274
f 266 256 255
f 275 259 258
f 215 161 276
f 277 278 279
f 280 281 282
f 283 284 285
f 286 287 288
f 289 215 290
f 291 292 293
f 294 295 296
f 297 294 290
f 183 171 170
f 298 299 300
f 301 302 168
f 303 304 305
f 304 306 307
f 308 309 310
f 311 301 312
f 306 313 314
f 309 315 316
f 317 311 318
f 319 171 320
f 171 183 182
f 321 271 298
f 319 299 322
f 323 324 325
f 326 325 327
f 328 329 307
f 31 330 331
f 330 31 332
f 326 129 3
f 333 154 153
f 334 335 336
f 337 338 339
f 340 341 342
f 343 344 345
f 346 300 299
f 347 348 349
f 350 351 352
f 353 349 348
f 354 136 35
f 355 34 45
f 356 357 358
f 359 360 312
f 360 361 318
f 361 362 363
f 364 365 366
f 367 368 369
f 155 370 369
f 159 370 371
f 372 373 374
f 375 75 74
f 376 372 377
f 378 376 37
f 379 32 378
f 380 381 382
f 383 384 385
f 386 387 388
f 389 134 133
f 390 223 222
f 391 180 179
f 392 69 68
f 393 84 83
f 394 78 77
f 395 396 397
f 398 192 399
f 400 401 72
f 402 1 128
f 403 404 1
f 404 405 2
f 406 247 246
f 407 408 39
f 387 407 38
f 133 7 409
f 410 12 411
f 412 413 414
f 413 132 415
f 25 416 417
f 105 418 416
f 419 232 14
f 14 420 421
f 232 398 420
f 422 21 54
f 114 111 422
f 111 110 19
f 423 424 425
f 426 427 20
f 110 428 426
f 429 105 25
f 5 27 430
f 23 120 27
f 119 28 27
f 431 30 379
f 147 146 30
f 146 332 31
f 45 44 432
f 424 323 406
f 433 40 42
f 384 433 41
f 388 38 433
f 434 43 147
f 380 434 431
f 385 41 434
f 435 136 436
f 47 36 377
f 80 437 155
f 399 438 51
f 192 117 438
f 116 49 438
f 28 52 439
f 119 440 52
f 440 114 53
f 441 57 281
f 90 441 280
f 89 55 441
f 442 443 444
f 445 364 443
f 267 446 447
f 446 60 448
f 266 58 446
f 449 450 58
f 450 63 59
f 275 61 450
f 451 452 61
f 452 66 62
f 268 64 452
f 453 454 64
f 454 455 65
f 456 69 74
f 33 456 73
f 135 67 456
f 152 70 401
f 457 70 152
f 457 458 71
f 459 75 437
f 432 459 80
f 44 73 459
f 460 461 83
f 86 213 289
f 462 84 68
f 435 462 67
f 463 82 462
f 107 23 22
f 464 90 92
f 465 464 91
f 466 88 464
f 467 93 98
f 468 467 97
f 469 91 467
f 470 96 197
f 471 472 470
f 472 473 94
f 474 99 213
f 475 474 86
f 476 97 474
f 477 478 89
f 479 477 88
f 397 100 480
f 481 428 110
f 482 481 109
f 278 104 103
f 483 270 454
f 113 484 111
f 57 484 113
f 56 109 484
f 118 112 440
f 282 112 118
f 282 281 113
f 485 117 192
f 285 485 191
f 284 115 485
f 486 120 23
f 288 486 107
f 287 118 486
f 487 123 200
f 488 487 199
f 204 121 487
f 489 124 490
f 491 492 493
f 492 39 408
f 494 127 495
f 131 494 496
f 142 125 494
f 497 129 144
f 498 497 143
f 412 128 497
f 498 130 413
f 499 500 130
f 500 142 131
f 501 134 502
f 503 501 504
f 8 7 501
f 505 506 463
f 16 507 457
f 127 508 509
f 126 510 508
f 511 220 138
f 512 140 500
f 336 140 512
f 336 335 141
f 513 145 339
f 514 512 513
f 499 143 513
f 515 516 148
f 303 516 515
f 332 146 516
f 517 149 518
f 519 148 149
f 148 147 43
f 141 150 125
f 335 520 150
f 520 342 151
f 17 152 521
f 270 269 455
f 87 289 296
f 108 22 46
f 445 522 365
f 523 165 524
f 517 523 525
f 526 163 523
f 166 302 527
f 519 525 166
f 525 524 167
f 507 528 458
f 529 174 164
f 530 529 163
f 491 172 529
f 531 532 177
f 345 532 531
f 344 175 532
f 533 180 534
f 122 121 533
f 204 178 533
f 535 184 536
f 537 538 184
f 538 539 185
f 540 541 189
f 542 177 541
f 177 176 187
f 227 521 154
f 273 191 190
f 543 193 172
f 489 544 193
f 544 208 194
f 231 190 398
f 293 274 190
f 471 196 195
f 530 198 492
f 526 518 198
f 518 42 40
f 545 201 546
f 547 545 548
f 549 199 545
f 233 195 550
f 551 195 233
f 552 202 488
f 553 218 542
f 554 555 202
f 555 238 203
f 556 209 348
f 341 557 558
f 173 194 557
f 160 296 295
f 214 106 161
f 559 560 561
f 562 553 540
f 563 223 179
f 564 216 553
f 565 219 566
f 567 568 219
f 568 139 138
f 203 563 178
f 549 547 224
f 238 221 563
f 552 224 569
f 547 570 225
f 571 225 570
f 76 572 573
f 104 574 418
f 278 575 574
f 576 293 231
f 577 578 101
f 396 577 100
f 579 233 580
f 537 236 555
f 581 490 582
f 490 8 503
f 352 571 583
f 584 585 586
f 351 239 571
f 587 588 185
f 589 590 588
f 590 348 209
f 591 242 11
f 496 592 415
f 496 495 593
f 240 594 595
f 495 509 596
f 597 139 598
f 483 322 299
f 244 599 600
f 139 568 601
f 564 602 603
f 251 604 207
f 189 605 585
f 189 188 606
f 205 607 249
f 562 586 602
f 608 265 264
f 522 609 610
f 354 256 265
f 355 259 255
f 356 262 258
f 169 322 261
f 609 528 611
f 262 268 451
f 453 261 322
f 197 272 612
f 259 275 449
f 157 170 358
f 270 483 298
f 613 482 56
f 478 613 55
f 101 277 614
f 615 282 287
f 93 615 286
f 92 280 615
f 616 285 273
f 96 616 272
f 95 283 616
f 617 288 106
f 99 617 214
f 98 286 617
f 48 618 162
f 292 612 274
f 234 550 612
f 277 619 575
f 101 578 619
f 235 234 292
f 618 297 276
f 145 308 620
f 144 621 308
f 622 527 302
f 527 622 304
f 622 623 306
f 621 327 309
f 623 622 301
f 623 624 313
f 327 625 315
f 624 623 311
f 626 627 271
f 625 327 325
f 247 406 325
f 628 629 329
f 330 329 629
f 305 307 329
f 621 144 129
f 357 432 79
f 630 352 631
f 632 633 447
f 263 447 633
f 634 336 514
f 165 634 635
f 164 334 634
f 167 337 359
f 524 635 337
f 635 514 338
f 340 520 335
f 174 340 334
f 173 341 340
f 636 345 631
f 570 548 636
f 548 546 343
f 511 637 349
f 126 151 638
f 342 558 638
f 218 630 531
f 639 640 390
f 217 350 630
f 641 353 590
f 642 566 353
f 566 220 349
f 643 505 436
f 444 443 633
f 136 354 608
f 34 355 254
f 357 356 257
f 260 358 170
f 339 620 360
f 620 310 361
f 310 316 362
f 368 210 156
f 370 159 211
f 370 155 437
f 475 375 644
f 85 371 375
f 371 437 75
f 629 628 373
f 331 629 372
f 32 331 376
f 645 378 6
f 382 645 430
f 381 379 645
f 646 382 29
f 647 646 439
f 647 385 380
f 21 383 647
f 20 648 383
f 648 388 384
f 427 386 648
f 649 650 386
f 650 651 387
f 417 389 652
f 653 654 389
f 502 134 389
f 421 390 655
f 640 179 223
f 551 333 656
f 51 391 640
f 50 657 391
f 657 534 180
f 468 392 658
f 476 644 392
f 644 74 69
f 465 393 659
f 469 658 393
f 658 68 84
f 660 394 661
f 466 659 662
f 659 83 461
f 395 661 77
f 229 663 395
f 663 664 396
f 665 10 410
f 579 666 333
f 666 228 154
f 472 400 667
f 656 400 472
f 153 401 400
f 425 246 668
f 409 9 408
f 24 649 427
f 669 633 443
f 670 78 461
f 480 102 478
f 103 429 428
f 493 408 9
f 508 137 597
f 194 208 556
f 594 243 671
f 264 263 669
f 366 672 643
f 614 279 482
f 558 347 637
f 662 461 78
f 651 409 407
f 428 429 24
f 660 480 477
f 279 103 481
f 543 493 124
f 510 511 137
f 581 536 544
f 536 186 208
f 557 556 347
f 509 597 673
f 365 610 672
f 505 643 672
f 102 614 613
f 510 638 637
f 26 652 650
f 652 133 651
f 479 662 394
f 416 13 653
f 674 229 573
f 574 230 419
f 580 235 578
f 582 503 237
f 599 675 250
f 610 611 676
f 506 505 676
f 619 291 576
f 418 419 13
f 504 502 222
f 237 504 221
f 677 572 460
f 554 569 538
f 569 226 539
f 565 642 217
f 567 565 216
f 575 576 230
f 664 580 577
f 535 582 236
f 587 539 226
f 351 589 587
f 567 603 601
f 677 676 611
f 578 235 291
f 16 611 528
f 350 641 589
f 642 641 350
f 15 655 654
f 655 222 502
f 228 666 663
f 666 579 664
f 678 675 599
f 679 680 243
f 681 559 682
f 683 205 248
f 684 251 206
f 685 599 244
f 686 679 594
f 665 687 591
f 668 405 560
f 688 689 681
f 690 410 691
f 692 561 560
f 411 692 693
f 684 694 252
f 678 695 248
f 680 696 244
f 687 686 240
f 697 206 205
f 420 399 639
f 674 698 699
f 572 677 698
f 521 227 699
f 506 460 82
f 670 460 572
f 698 677 18
f 691 693 404
f 693 560 405
f 689 423 700
f 414 415 665
f 700 668 559
f 603 678 685
f 596 673 680
f 586 683 695
f 605 684 697
f 601 685 696
f 593 596 679
f 592 687 665
f 246 2 405
f 402 414 690
f 605 606 694
f 602 695 678
f 673 598 696
f 592 593 686
f 585 697 683
f 701 702 703
f 704 705 706
f 707 708 709
f 710 711 712
f 713 714 715
f 716 717 718
f 719 720 721
f 722 704 723
f 724 725 726
f 727 728 729
f 730 731 732
f 733 734 735
f 736 737 705
f 738 739 740
f 741 742 743
f 744 733 745
f 746 736 704
f 747 748 736
f 749 750 751
f 752 753 754
f 755 756 757
f 758 759 760
f 761 762 763
f 764 765 766
f 767 768 769
f 770 771 772
f 773 774 775
f 776 777 778
f 779 780 781
f 782 783 784
f 785 786 787
f 788 789 790
f 791 792 793
f 794 795 796
f 797 798 799
f 800 801 802
f 803 804 805
f 806 807 808
f 809 810 811
f 812 813 814
f 815 816 817
f 818 819 820
f 821 822 823
f 824 825 708
f 826 827 828
f 829 703 702
f 830 831 832
f 833 834 709
f 734 835 836
f 837 838 839
f 840 841 842
f 843 844 845
f 846 847 848
f 849 850 742
f 851 828 827
f 852 853 854
f 855 856 779
f 857 858 859
f 860 861 862
f 806 863 864
f 865 866 867
f 868 869 870
f 871 872 873
f 874 875 876
f 877 878 879
f 880 881 882
f 858 883 884
f 885 886 887
f 888 889 890
f 891 892 893
f 894 876 875
f 895 896 897
f 898 899 739
f 900 901 902
f 903 904 905
f 906 907 908
f 909 910 887
f 859 884 911
f 861 912 913
f 914 915 916
f 917 918 919
f 920 921 922
f 923 924 925
f 926 927 928
f 929 930 931
f 932 933 934
f 935 936 937
f 938 939 940
f 941 928 942
f 943 887 910
f 944 945 946
f 947 948 949
f 950 951 952
f 953 954 955
f 956 957 958
f 959 960 961
f 962 963 964
f 965 966 967
f 968 969 970
f 961 968 971
f 972 967 973
f 974 975 976
f 977 978 979
f 980 961 981
f 982 964 983
f 863 806 914
f 984 985 986
f 987 988 989
f 990 991 992
f 993 994 995
f 996 997 998
f 999 1000 1001
f 997 1002 1003
f 998 1003 1004
f 1005 873 858
f 1006 1007 1008
f 1009 870 869
f 1010 1011 1012
f 1013 1014 1011
f 1015 1016 1017
f 1009 1018 1019
f 1020 1021 1014
f 1022 1023 1016
f 1024 1019 1025
f 872 1026 1027
f 883 858 873
f 1006 976 1028
f 1029 1030 872
f 1031 1032 1033
f 1034 1033 1035
f 1013 1036 1037
f 1038 732 1039
f 1040 1038 1041
f 703 829 1035
f 1042 1043 853
f 1044 1045 1046
f 1047 1048 1049
f 1050 1051 1052
f 1053 1054 1055
f 1030 1008 1026
f 1056 1057 1058
f 1059 1060 1061
f 1062 1063 1057
f 735 836 960
f 1064 745 963
f 1065 1066 966
f 1009 1067 1048
f 1024 1068 1067
f 1069 1070 1068
f 1071 1072 1073
f 912 861 1074
f 856 855 1074
f 860 787 1075
f 1076 1077 1078
f 1079 1080 774
f 737 1078 1081
f 705 1081 1082
f 1082 732 731
f 1083 1084 1085
f 1086 1087 1088
f 1089 1090 1091
f 1092 1093 834
f 1094 1095 924
f 1096 1097 881
f 1098 1099 768
f 1100 1101 783
f 1102 1103 777
f 1104 1103 1105
f 1106 1107 892
f 1108 772 771
f 1109 1110 702
f 1111 1109 701
f 1112 701 952
f 951 950 1032
f 739 1113 1114
f 740 1114 1115
f 1116 709 834
f 1117 1118 711
f 1110 1109 1119
f 831 1119 1120
f 1121 726 1122
f 805 1121 1123
f 933 713 1124
f 715 1125 1106
f 934 1124 1106
f 1126 754 719
f 814 1126 1127
f 810 1127 721
f 1128 1129 1130
f 720 1131 1132
f 811 721 1132
f 804 724 1121
f 723 706 728
f 1133 723 727
f 727 1134 820
f 1135 1084 731
f 847 1135 730
f 848 730 1038
f 1136 744 1064
f 1137 1130 1032
f 742 738 1138
f 743 1138 1139
f 1138 740 1091
f 847 741 1140
f 1135 1140 1085
f 1140 743 1088
f 835 1141 1142
f 748 1076 737
f 856 1143 780
f 1107 1144 749
f 1107 1145 815
f 1145 751 816
f 729 753 752
f 820 1134 752
f 813 752 1126
f 988 755 1146
f 989 1146 788
f 1146 757 789
f 1147 1148 1149
f 1150 1149 1071
f 971 970 1151
f 759 1151 1152
f 981 971 759
f 1153 981 758
f 762 758 1154
f 983 1153 762
f 1155 983 761
f 765 761 1156
f 973 1155 765
f 1157 973 764
f 1158 764 1159
f 774 767 1160
f 775 1160 733
f 1160 769 734
f 853 771 770
f 854 770 1161
f 1161 770 1162
f 1143 773 1163
f 780 1163 1136
f 1163 775 744
f 783 1164 1165
f 996 916 786
f 768 782 1166
f 769 1166 835
f 1166 784 1141
f 722 1133 808
f 792 788 1167
f 793 1167 1168
f 1167 790 1169
f 798 791 1170
f 799 1170 1171
f 1170 793 1172
f 897 794 1173
f 1174 1173 1175
f 1175 1173 796
f 916 797 1176
f 786 1176 1177
f 1176 799 1178
f 789 1179 1180
f 790 1180 1181
f 1182 802 1105
f 811 1183 1184
f 1185 1184 1186
f 803 1187 985
f 1188 1157 1158
f 1189 814 810
f 1189 809 755
f 809 1185 756
f 1190 820 813
f 1190 812 987
f 987 812 1189
f 892 815 1191
f 893 1191 990
f 1191 817 991
f 1133 819 818
f 808 818 993
f 818 1190 994
f 901 821 1192
f 1193 902 1192
f 904 1192 823
f 1194 1195 825
f 1196 1197 1198
f 899 1198 1113
f 1199 826 1200
f 1201 1200 1202
f 1200 828 842
f 844 829 1203
f 845 1203 1204
f 1203 702 1110
f 1204 1110 831
f 1205 1204 830
f 841 830 1202
f 1206 833 1207
f 1208 1207 1209
f 1207 709 708
f 1210 1142 1141
f 718 717 1161
f 826 1199 1211
f 827 826 1212
f 1213 837 1214
f 1215 1205 841
f 1215 840 1044
f 1044 840 1216
f 1049 843 1217
f 1218 1219 1217
f 1217 845 1205
f 1220 1221 846
f 1222 1220 1223
f 1223 848 1040
f 1224 1225 850
f 1221 1224 849
f 846 849 741
f 1216 842 828
f 1045 1216 851
f 1051 851 1226
f 1227 854 717
f 1228 1158 1229
f 997 996 785
f 746 722 807
f 1230 1071 1231
f 1232 865 1233
f 1234 1233 1224
f 1233 867 1225
f 1220 1222 869
f 1221 1220 868
f 1234 868 1235
f 1236 1161 1237
f 866 874 1238
f 867 1238 1239
f 1238 876 1196
f 1240 1241 877
f 1240 1242 1053
f 1242 879 1054
f 1243 880 1244
f 822 1245 1244
f 1244 882 905
f 1246 1195 886
f 1247 1246 885
f 1248 885 943
f 1249 1250 888
f 1241 1249 1251
f 1251 890 878
f 931 930 852
f 1252 893 978
f 1197 1196 876
f 1194 1197 894
f 1253 894 1254
f 1255 934 891
f 1001 1255 1252
f 895 1174 1256
f 1239 1196 899
f 1225 1239 898
f 850 898 738
f 1257 900 1258
f 1259 1258 1260
f 1258 902 1193
f 937 936 896
f 937 895 1261
f 1262 1193 904
f 1249 1241 917
f 1263 1262 903
f 939 903 1264
f 1057 910 909
f 1265 1266 1267
f 1267 1266 1254
f 1002 997 862
f 806 1268 915
f 1269 1270 1271
f 1250 1249 1272
f 881 923 1273
f 1272 919 1274
f 1275 921 920
f 1276 920 1277
f 920 1214 839
f 882 1273 1264
f 1193 1262 926
f 1273 925 940
f 1262 1263 927
f 1260 926 941
f 1278 941 1279
f 778 777 1280
f 1187 805 1281
f 985 1187 1282
f 1000 932 1255
f 801 1283 1284
f 802 1284 1285
f 1286 937 1287
f 1247 1263 939
f 1195 1246 1288
f 825 1288 1209
f 1289 1279 1059
f 1290 1291 1250
f 1279 942 1060
f 1292 943 1293
f 1294 1295 1293
f 1063 1293 910
f 1296 712 944
f 832 1120 1297
f 1201 1297 1298
f 946 945 1299
f 1199 1298 1300
f 1301 1302 839
f 1188 1006 1030
f 1303 949 1304
f 1302 1305 1277
f 1306 1307 1274
f 1308 908 957
f 1291 1309 888
f 1309 1310 889
f 1311 955 907
f 1307 1290 1312
f 1313 1314 969
f 1315 1231 1316
f 960 1313 968
f 963 959 980
f 966 962 982
f 871 965 972
f 1317 1316 1318
f 967 982 1155
f 1029 972 1157
f 1319 979 897
f 964 980 1153
f 1065 1005 857
f 1228 976 1006
f 756 1186 1320
f 757 1320 1179
f 1321 986 801
f 995 994 987
f 995 1322 791
f 1322 989 792
f 978 990 1323
f 979 1323 794
f 1323 992 795
f 1268 993 1324
f 915 1324 797
f 1324 995 798
f 747 746 864
f 1325 1001 977
f 936 1325 1319
f 986 985 1326
f 801 986 1327
f 935 999 1325
f 1328 864 863
f 1329 1017 843
f 1017 1330 844
f 869 1222 1331
f 1011 1331 1222
f 1014 1332 1331
f 1016 1034 1330
f 1018 1331 1332
f 1021 1333 1332
f 1023 1334 1034
f 1019 1332 1333
f 976 975 1335
f 1033 1034 1334
f 1033 1032 950
f 1036 1336 1337
f 1336 1036 1041
f 1036 1013 1010
f 829 844 1330
f 781 1136 1066
f 1338 1059 1339
f 1151 1340 1341
f 970 1072 1340
f 1218 1044 1342
f 1343 1342 865
f 1342 1046 866
f 1235 870 1048
f 1232 1235 1047
f 1343 1047 1219
f 1045 1051 1050
f 1046 1050 874
f 1050 1267 875
f 1338 1053 1344
f 1289 1344 1259
f 1259 1344 1055
f 1213 922 1056
f 1345 1346 1226
f 1346 1265 1052
f 1240 1339 917
f 1144 1125 1094
f 1339 1061 918
f 1347 1294 1063
f 1275 1347 1062
f 921 1062 1056
f 1142 1210 1314
f 1148 1341 1340
f 836 1142 1313
f 745 735 959
f 1066 1064 962
f 1005 1065 965
f 1067 1329 1049
f 1068 1015 1329
f 1070 1022 1015
f 1348 1074 855
f 1349 1074 861
f 1349 1075 1143
f 1177 1178 1080
f 787 1177 1079
f 1075 1079 773
f 1077 1337 1336
f 1078 1336 1039
f 1081 1039 732
f 706 1082 1350
f 728 1350 1083
f 1350 731 1084
f 729 1083 1351
f 753 1351 1087
f 1087 1351 1085
f 719 754 1087
f 720 719 1086
f 1090 1086 1139
f 1131 720 1090
f 725 1131 1089
f 1352 1089 1115
f 1122 726 1093
f 714 1122 1092
f 1353 1092 833
f 1125 715 1095
f 1097 1094 923
f 1261 1256 1043
f 749 1144 1097
f 750 749 1096
f 1354 1096 880
f 1171 1172 1099
f 1178 1171 1098
f 1080 1098 767
f 1168 1169 1101
f 1172 1168 1100
f 1099 1100 782
f 1355 1105 1103
f 1169 1181 1356
f 1101 1356 1164
f 777 1103 1104
f 929 1280 1104
f 1357 1104 1285
f 1358 710 1296
f 1287 1261 1042
f 1359 1042 852
f 1360 1108 1361
f 1256 1175 1361
f 1043 1361 771
f 1362 951 1130
f 1113 707 1116
f 1131 725 724
f 1149 1340 1072
f 1164 776 1363
f 1179 800 1182
f 1184 1183 804
f 1198 824 707
f 1212 1211 838
f 1266 909 1364
f 1365 1299 948
f 969 1073 1072
f 1314 1366 1073
f 1186 984 1321
f 1367 1058 1265
f 1356 1102 776
f 1114 1116 1368
f 1183 1132 724
f 1180 1182 1355
f 1184 803 984
f 1197 1194 824
f 1345 1212 837
f 1195 1194 1253
f 886 1253 1364
f 1058 909 1266
f 1211 1300 1301
f 1231 1073 1366
f 1210 1369 1366
f 1320 1321 800
f 1213 1367 1346
f 726 725 1352
f 1093 1352 1368
f 1181 1355 1102
f 1123 1122 714
f 1280 929 1370
f 1282 1281 933
f 1283 935 1286
f 1288 938 1371
f 1372 1304 954
f 1316 1366 1369
f 1373 1374 1369
f 1327 1326 1000
f 1281 1123 713
f 924 1206 1208
f 925 1208 1371
f 1374 1373 1165
f 1263 1247 1248
f 927 1248 1292
f 919 918 1275
f 1274 919 1276
f 1326 1282 932
f 1284 1286 1375
f 1246 1247 938
f 928 1292 1295
f 1060 942 1295
f 1305 1306 1376
f 1318 1369 1374
f 1283 1327 999
f 718 1236 1377
f 1061 1060 1294
f 918 1061 1347
f 715 714 1353
f 1095 1353 1206
f 930 929 1357
f 1359 1357 1375
f 1378 1372 953
f 1379 1365 947
f 1270 1269 1380
f 1381 1311 906
f 1308 956 1382
f 1383 1303 1372
f 1384 946 1365
f 1385 1296 1386
f 1362 1269 1387
f 1388 1389 1380
f 1111 1117 710
f 1390 1391 1387
f 1118 1117 1391
f 1382 956 1392
f 1393 953 1311
f 1394 947 1303
f 1395 1386 946
f 906 1308 1396
f 1125 1144 1107
f 1397 1398 1370
f 1398 1374 1399
f 1227 716 1397
f 784 1165 1373
f 1363 778 1399
f 1398 1397 716
f 1117 1111 1112
f 1391 1112 1400
f 1401 1380 1129
f 1119 1358 1385
f 1269 1362 1129
f 1378 1393 1306
f 1300 1379 1394
f 1307 1381 1402
f 1396 1382 1309
f 1383 1378 1305
f 1298 1384 1379
f 1120 1385 1395
f 951 1362 1400
f 1109 1111 1358
f 1382 1403 1310
f 1393 1381 1307
f 1394 1383 1302
f 1297 1395 1384
f 1402 1396 1291
f 1404 1405 1406
f 1407 1408 1409
f 1409 1408 1410
f 1411 1410 1412
f 1413 1412 1414
f 1415 1416 1417
f 1418 1419 1420
f 1419 1421 1422
f 1421 1423 1424
f 1424 1423 1425
f 1426 1417 1427
f 1428 1427 1429
f 1430 1429 1431
f 1432 1433 1434
f 1433 1435 1436
f 1435 1437 1438
f 1437 1439 1440
f 1441 1442 1443
f 1443 1442 1444
f 1445 1444 1446
f 1447 1446 1448
f 1449 1450 1451
f 1452 1451 1453
f 1454 1453 1455
f 1456 1455 1457
f 1458 1457 1459
f 1460 1461 1462
f 1463 1462 1464
f 1464 1465 1466
f 1466 1465 1467
f 1468 1467 1469
f 1470 1471 1472
f 1473 1472 1474
f 1474 1475 1476
f 1475 1477 1478
f 1477 1479 1480
f 1481 1441 1482
f 1483 1484 1485
f 1484 1486 1487
f 1486 1488 1489
f 1488 1490 1491
f 1490 1492 1493
f 1492 1494 1495
f 1496 1497 1498
f 1497 1499 1500
f 1500 1499 1501
f 1502 1501 1503
f 1503 1504 1505
f 1504 1506 1507
f 1508 1509 1510
f 1510 1509 1511
f 1512 1511 1513
f 1514 1513 1515
f 1516 1515 1517
f 1518 1519 1520
f 1519 1521 1522
f 1522 1521 1523
f 1524 1523 1525
f 1526 1527 1528
f 1527 1529 1530
f 1530 1529 1531
f 1531 1532 1533
f 1534 1535 1536
f 1535 1537 1538
f 1537 1539 1540
f 1540 1539 1541
f 1542 1543 1544
f 1543 1545 1546
f 1546 1545 1547
f 1548 1547 1549
f 1550 1551 1552
f 1551 1553 1554
f 1553 1555 1556
f 1556 1555 1557
f 1558 1559 1560
f 1560 1559 1561
f 1561 1562 1563
f 1562 1564 1565
f 1566 1567 1568
f 1567 1569 1570
f 1569 1571 1572
f 1571 1573 1574
f 1575 1576 1577
f 1576 1578 1579
f 1578 1580 1581
f 1580 1582 1583
f 1584 1585 1586
f 1587 1588 1589
f 1588 1590 1591
f 1590 1592 1593
f 1593 1592 1594
f 1595 1594 1596
f 1597 1598 1599
f 1598 1600 1601
f 1600 1602 1603
f 1603 1602 1604
f 1605 1604 1606
f 1607 1608 1609
f 1610 1611 1612
f 1613 1612 1614
f 1614 1615 1616
f 1615 1617 1618
f 1617 1619 1620
f 1611 1610 1621
f 1622 1623 1624
f 1625 1624 1626
f 1627 1626 1628
f 1629 1628 1630
f 1630 1631 1632
f 1633 1634 1635
f 1634 1636 1637
f 1636 1638 1639
f 1638 1640 1641
f 1641 1640 1642
f 1643 1644 1645
f 1644 1646 1647
f 1646 1648 1649
f 1649 1648 1650
f 1651 1650 1652
f 1653 1652 1654
f 1655 1654 1656
f 1657 1658 1659
f 1658 1660 1661
f 1660 1662 1663
f 1663 1662 1664
f 1665 1666 1667
f 1666 1668 1669
f 1669 1668 1670
f 1671 1670 1672
f 1673 1674 1675
f 1676 1675 1677
f 1677 1678 1679
f 1678 1680 1681
f 1681 1680 1682
f 1674 1673 1683
f 1684 1685 1686
f 1685 1687 1688
f 1687 1689 1690
f 1689 1691 1692
f 1691 1693 1694
f 1695 1696 1697
f 1696 1698 1699
f 1699 1698 1700
f 1700 1701 1702
f 1701 1703 1704
f 1705 1706 1707
f 1707 1708 1709
f 1708 1710 1711
f 1710 1712 1713
f 1712 1714 1715
f 1716 1717 1718
f 1717 1719 1720
f 1719 1721 1722
f 1721 1723 1724
f 1723 1725 1726
f 1725 1727 1728
f 1727 1729 1730
f 1731 1732 1733
f 1733 1734 1735
f 1734 1736 1737
f 1737 1736 1738
f 1739 1738 1740
f 1741 1742 1743
f 1742 1744 1745
f 1744 1746 1747
f 1747 1746 1748
f 1749 1748 1750
f 1751 1752 1753
f 1754 1753 1755
f 1756 1755 1757
f 1758 1757 1759
f 1760 1759 1761
f 1762 1763 1764
f 1765 1764 1766
f 1766 1767 1768
f 1768 1767 1769
f 1770 1769 1771
f 1772 1773 1774
f 1774 1773 1775
f 1776 1775 1777
f 1778 1779 1780
f 1781 1780 1782
f 1783 1782 1784
f 1784 1785 1786
f 1787 1788 1789
f 1788 1790 1791
f 1790 1792 1793
f 1792 1794 1795
f 1796 1797 1798
f 1797 1799 1800
f 1799 1801 1802
f 1802 1801 1803
f 1804 1805 1806
f 1806 1807 1808
f 1807 1809 1810
f 1809 1811 1812
f 1813 1814 1815
f 1815 1814 1816
f 1817 1816 1818
f 1819 1820 1821
f 1822 1821 1823
f 1824 1825 1826
f 1826 1827 1828
f 1827 1829 1830
f 1824 1831 1832
f 1833 1832 1834
f 1835 1836 1837
f 1837 1838 1839
f 1838 1840 1841
f 1836 1835 1842
f 1842 1843 1844
f 1845 1846 1847
f 1846 1848 1849
f 1849 1848 1850
f 1850 1851 1852
f 1853 1854 1855
f 1854 1856 1857
f 1858 1859 1860
f 1861 1860 1862
f 1863 1862 1864
f 1865 1864 1866
f 1867 1868 1869
f 1869 1868 1870
f 1871 1870 1872
f 1873 1872 1874
f 1875 1876 1877
f 1878 1877 1879
f 1879 1880 1881
f 1880 1882 1883
f 1884 1885 1886
f 1885 1887 1888
f 1887 1889 1890
f 1890 1889 1891
f 1892 1893 1894
f 1894 1893 1895
f 1896 1895 1897
f 1898 1897 1899
f 1900 1901 1902
f 1903 1902 1904
f 1905 1904 1906
f 1907 1906 1908
f 1909 1910 1911
f 1912 1913 1914
f 1913 1915 1916
f 1916 1915 1917
f 1917 1918 1919
f 1920 1921 1922
f 1921 1923 1924
f 1923 1925 1926
f 1925 1927 1928
f 1928 1927 1929
f 1930 1929 1931
f 1932 1933 1934
f 1933 1935 1936
f 1935 1937 1938
f 1939 1940 1941
f 1941 1940 1942
f 1943 1944 1945
f 1944 1946 1947
f 1946 1948 1949
f 1948 1950 1951
f 1952 1953 1954
f 1953 1955 1956
f 1955 1957 1958
f 1957 1959 1960
f 1961 1962 1963
f 1963 1964 1965
f 1964 1966 1967
f 1967 1966 1968
f 1961 1969 1970
f 1971 1972 1973
f 1972 1974 1975
f 1974 1976 1977
f 1977 1976 1978
f 1971 1979 1980
f 1981 1980 1982
f 1983 1982 1984
f 1978 1985 1986
f 1987 1988 1989
f 1989 1988 1990
f 1991 1990 1992
f 1992 1993 1994
f 1995 1996 1997
f 1997 1998 1999
f 1998 2000 2001
f 2000 2002 2003
f 1995 2004 2005
f 2006 2005 2007
f 2008 2009 2010
f 2009 2011 2012
f 2011 2013 2014
f 2015 2016 2017
f 2016 2018 2019
f 2020 2021 2022
f 2023 2024 2021
f 2023 2025 2026
f 2027 2028 2029
f 2030 2029 2031
f 2032 2031 2033
f 2034 2033 2035
f 2036 2037 2038
f 2039 2040 2041
f 2042 2041 2043
f 2044 2043 2045
f 2046 2045 2047
f 2039 2048 2049
f 2050 2051 2052
f 2051 2053 2054
f 2053 2055 2056
f 2055 2057 2058
f 2059 2060 2061
f 2062 2063 2064
f 2065 2064 2066
f 2067 2066 2068
f 2069 2068 2070
f 2071 2070 2072
f 2073 2074 2075
f 2075 2076 2077
f 2076 2078 2079
f 2078 2080 2081
f 2073 2082 2083
f 2084 2085 2086
f 2087 2086 2088
f 2084 2089 2090
f 2091 2092 2093
f 2092 2094 2095
f 2094 2096 2097
f 2096 2098 2099
f 2100 2101 2102
f 2101 2103 2104
f 2105 2106 2107
f 2107 2108 2109
f 2108 2110 2111
f 2111 2110 2112
f 2113 2112 2114
f 2115 2116 2117
f 2116 2118 2119
f 2118 2120 2121
f 2120 2122 2123
f 2124 2125 2126
f 2126 2127 2128
f 2127 2129 2130
f 2130 2129 2131
f 2132 2131 2133
f 2134 2135 2136
f 2136 2137 2138
f 2137 2139 2140
f 2140 2139 2141
f 2142 2143 2144
f 2143 2145 2146
f 2145 2147 2148
f 2147 2149 2150
f 2151 2052 2152
f 2052 2054 2153
f 2054 2056 2154
f 2056 2058 2155
f 2151 2061 2156
f 2036 2027 2030
f 2030 2032 2157
f 2032 2034 2158
f 2158 2034 2159
f 2027 2038 2160
f 1909 1900 1903
f 1903 1905 2161
f 2161 1905 1907
f 2162 1907 2163
f 1901 1900 1911
f 1482 1443 2164
f 2164 1443 1445
f 2165 1445 1447
f 2166 1447 2167
f 2168 1482 2169
f 2170 1415 1426
f 2171 1426 1428
f 2172 1428 1430
f 2173 1430 2174
f 1995 2175 2176
f 2175 1999 2177
f 1999 2001 2178
f 2001 2003 2179
f 1995 2006 2180
f 2180 2006 2181
f 1831 1824 2182
f 2182 1828 2183
f 1828 1830 2184
f 1825 1824 1833
f 2185 1833 2186
f 1819 1815 2187
f 2187 1815 1817
f 2188 1817 2189
f 1819 1822 2190
f 2190 1822 2191
f 2192 1718 2193
f 1718 1720 2194
f 1720 1722 2195
f 1722 1724 2196
f 1724 1726 2197
f 1726 1728 2198
f 1728 1730 2199
f 2200 1751 1754
f 2201 1754 1756
f 2202 1756 1758
f 2203 1758 1760
f 2204 1760 2205
f 2206 1460 1463
f 2207 1463 2208
f 2208 1466 2209
f 1466 1468 2210
f 1468 2211 2212
f 2213 1922 2214
f 1922 1924 2215
f 1924 1926 2216
f 2216 1926 1928
f 2217 1928 1930
f 2218 1930 2219
f 2220 2134 2221
f 2222 2221 2138
f 2138 2140 2223
f 2140 2224 2225
f 2226 2144 2227
f 2227 2144 2146
f 2146 2148 2228
f 2148 2150 2229
f 2230 2105 2231
f 2231 2109 2232
f 2109 2111 2233
f 2233 2111 2113
f 2234 2113 2235
f 128 1 3
f 37 4 6
f 409 7 9
f 410 10 12
f 653 13 15
f 611 16 18
f 422 19 21
f 4 22 5
f 649 24 26
f 430 27 29
f 379 30 32
f 135 33 35
f 377 36 37
f 433 38 40
f 434 41 43
f 33 44 34
f 22 4 46
f 46 36 48
f 438 49 51
f 439 52 54
f 441 55 57
f 446 58 60
f 450 61 63
f 452 64 66
f 456 67 69
f 401 70 72
f 459 73 75
f 670 76 78
f 157 79 81
f 462 82 84
f 159 85 87
f 464 88 90
f 467 91 93
f 470 94 96
f 474 97 99
f 480 100 102
f 429 103 105
f 161 106 108
f 484 109 111
f 440 112 114
f 485 115 117
f 486 118 120
f 487 121 123
f 490 124 8
f 494 125 127
f 497 128 129
f 413 130 132
f 501 7 134
f 435 135 136
f 597 137 139
f 500 140 142
f 513 143 145
f 516 146 148
f 518 149 42
f 125 150 126
f 521 152 154
f 158 81 156
f 183 157 158
f 211 159 160
f 276 161 162
f 523 163 165
f 302 166 168
f 319 169 171
f 529 172 174
f 532 175 177
f 533 178 180
f 158 181 183
f 536 184 186
f 541 187 189
f 398 190 192
f 172 193 173
f 550 195 197
f 492 198 39
f 545 199 201
f 488 202 204
f 607 205 207
f 556 208 209
f 156 210 158
f 367 211 212
f 289 213 215
f 553 216 218
f 566 219 220
f 563 221 223
f 569 224 226
f 674 227 229
f 419 230 232
f 580 233 235
f 555 236 238
f 571 239 225
f 588 209 185
f 591 240 242
f 671 243 245
f 3 2 247
f 675 248 250
f 604 251 253
f 354 254 256
f 355 257 259
f 356 260 262
f 267 263 265
f 265 256 267
f 453 268 261
f 627 269 271
f 612 272 274
f 449 266 255
f 451 275 258
f 290 215 276
f 614 277 279
f 615 280 282
f 616 283 285
f 617 286 288
f 296 289 290
f 576 291 293
f 290 294 296
f 276 297 290
f 157 183 170
f 2236 298 300
f 312 301 168
f 332 303 305
f 305 304 307
f 620 308 310
f 318 311 312
f 307 306 314
f 310 309 316
f 363 317 318
f 346 319 320
f 320 171 182
f 2236 321 298
f 169 319 322
f 406 323 325
f 621 326 327
f 314 328 307
f 32 31 331
f 305 330 332
f 247 326 3
f 656 333 153
f 634 334 336
f 359 337 339
f 520 340 342
f 636 343 345
f 319 346 299
f 637 347 349
f 630 350 352
f 590 353 348
f 254 354 35
f 257 355 45
f 260 356 358
f 168 359 312
f 312 360 318
f 318 361 363
f 669 364 366
f 211 367 369
f 156 155 369
f 85 159 371
f 377 372 374
f 644 375 74
f 37 376 377
f 6 378 37
f 645 379 378
f 646 380 382
f 647 383 385
f 648 386 388
f 652 389 133
f 655 390 222
f 640 391 179
f 658 392 68
f 659 393 83
f 661 394 77
f 661 395 397
f 420 398 399
f 667 400 72
f 412 402 128
f 402 403 1
f 1 404 2
f 425 406 246
f 38 407 39
f 388 387 38
f 651 133 409
f 691 410 411
f 402 412 414
f 414 413 415
f 26 25 417
f 25 105 416
f 13 419 14
f 15 14 421
f 14 232 420
f 53 422 54
f 53 114 422
f 422 111 19
f 700 423 425
f 19 426 20
f 19 110 426
f 24 429 25
f 6 5 430
f 5 23 27
f 120 119 27
f 381 431 379
f 431 147 30
f 30 146 31
f 357 45 432
f 425 424 406
f 41 433 42
f 385 384 41
f 384 388 433
f 431 434 147
f 381 380 431
f 380 385 434
f 463 435 436
f 374 47 377
f 81 80 155
f 639 399 51
f 399 192 438
f 117 116 438
f 29 28 439
f 28 119 52
f 52 440 53
f 280 441 281
f 92 90 280
f 90 89 441
f 2237 442 444
f 442 445 443
f 263 267 447
f 447 446 448
f 267 266 446
f 266 449 58
f 58 450 59
f 449 275 450
f 275 451 61
f 61 452 62
f 451 268 452
f 268 453 64
f 64 454 65
f 73 456 74
f 44 33 73
f 33 135 456
f 153 152 401
f 17 457 152
f 70 457 71
f 80 459 437
f 79 432 80
f 432 44 459
f 82 460 83
f 87 86 289
f 67 462 68
f 135 435 67
f 435 463 462
f 108 107 22
f 91 464 92
f 469 465 91
f 465 466 464
f 97 467 98
f 476 468 97
f 468 469 467
f 196 470 197
f 196 471 470
f 470 472 94
f 86 474 213
f 85 475 86
f 475 476 474
f 88 477 89
f 466 479 88
f 660 397 480
f 109 481 110
f 56 482 109
f 279 278 103
f 453 483 454
f 114 113 111
f 281 57 113
f 57 56 484
f 119 118 440
f 287 282 118
f 112 282 113
f 191 485 192
f 273 285 191
f 285 284 485
f 107 486 23
f 106 288 107
f 288 287 486
f 199 487 200
f 549 488 199
f 488 204 487
f 581 489 490
f 543 491 493
f 493 492 408
f 496 494 495
f 132 131 496
f 131 142 494
f 143 497 144
f 499 498 143
f 498 412 497
f 412 498 413
f 498 499 130
f 130 500 131
f 504 501 502
f 237 503 504
f 503 8 501
f 436 505 463
f 17 16 457
f 495 127 509
f 127 126 508
f 137 511 138
f 499 512 500
f 514 336 512
f 140 336 141
f 338 513 339
f 338 514 513
f 512 499 513
f 519 515 148
f 527 303 515
f 303 332 516
f 526 517 518
f 517 519 149
f 149 148 43
f 142 141 125
f 141 335 150
f 150 520 151
f 18 17 521
f 454 270 455
f 160 87 296
f 162 108 46
f 364 445 365
f 525 523 524
f 519 517 525
f 517 526 523
f 515 166 527
f 515 519 166
f 166 525 167
f 457 507 458
f 163 529 164
f 526 530 163
f 530 491 529
f 542 531 177
f 631 345 531
f 345 344 532
f 2238 533 534
f 2238 122 533
f 121 204 533
f 581 535 536
f 535 537 184
f 184 538 185
f 584 540 189
f 540 542 541
f 541 177 187
f 228 227 154
f 274 273 190
f 491 543 172
f 543 489 193
f 193 544 194
f 232 231 398
f 231 293 190
f 551 471 195
f 491 530 492
f 530 526 198
f 198 518 40
f 548 545 546
f 570 547 548
f 547 549 545
f 234 233 550
f 579 551 233
f 549 552 488
f 540 553 542
f 552 554 202
f 202 555 203
f 347 556 348
f 342 341 558
f 341 173 557
f 212 160 295
f 215 214 161
f 682 559 561
f 584 562 540
f 178 563 179
f 562 564 553
f 642 565 566
f 565 567 219
f 219 568 138
f 204 203 178
f 552 549 224
f 203 238 563
f 554 552 569
f 224 547 225
f 583 571 570
f 77 76 573
f 105 104 418
f 104 278 574
f 230 576 231
f 100 577 101
f 397 396 100
f 664 579 580
f 554 537 555
f 535 581 582
f 582 490 503
f 631 352 583
f 562 584 586
f 352 351 571
f 539 587 185
f 587 589 588
f 588 590 209
f 10 591 11
f 132 496 415
f 592 496 593
f 241 240 595
f 593 495 596
f 673 597 598
f 298 483 299
f 245 244 600
f 598 139 601
f 567 564 603
f 206 251 207
f 584 189 585
f 605 189 606
f 248 205 249
f 564 562 602
f 643 608 264
f 365 522 610
f 608 354 265
f 254 355 255
f 257 356 258
f 260 169 261
f 610 609 611
f 258 262 451
f 483 453 322
f 550 197 612
f 255 259 449
f 79 157 358
f 271 270 298
f 55 613 56
f 89 478 55
f 102 101 614
f 286 615 287
f 98 93 286
f 93 92 615
f 272 616 273
f 197 96 272
f 96 95 616
f 214 617 106
f 213 99 214
f 99 98 617
f 46 48 162
f 293 292 274
f 292 234 612
f 278 277 575
f 277 101 619
f 291 235 292
f 162 618 276
f 339 145 620
f 145 144 308
f 301 622 302
f 303 527 304
f 304 622 306
f 308 621 309
f 311 623 301
f 306 623 313
f 309 327 315
f 317 624 311
f 321 626 271
f 324 625 325
f 326 247 325
f 328 628 329
f 331 330 629
f 330 305 329
f 326 621 129
f 358 357 79
f 531 630 631
f 448 632 447
f 669 263 633
f 635 634 514
f 524 165 635
f 165 164 634
f 168 167 359
f 167 524 337
f 337 635 338
f 334 340 335
f 164 174 334
f 174 173 340
f 583 636 631
f 583 570 636
f 636 548 343
f 220 511 349
f 510 126 638
f 151 342 638
f 542 218 531
f 421 639 390
f 218 217 630
f 589 641 590
f 641 642 353
f 353 566 349
f 608 643 436
f 632 444 633
f 436 136 608
f 35 34 254
f 45 357 257
f 169 260 170
f 359 339 360
f 360 620 361
f 361 310 362
f 369 368 156
f 369 370 211
f 371 370 437
f 476 475 644
f 475 85 375
f 375 371 75
f 372 629 373
f 376 331 372
f 378 32 376
f 430 645 6
f 29 382 430
f 382 381 645
f 439 646 29
f 54 647 439
f 646 647 380
f 54 21 647
f 21 20 383
f 383 648 384
f 20 427 648
f 427 649 386
f 386 650 387
f 26 417 652
f 417 653 389
f 654 502 389
f 15 421 655
f 390 640 223
f 471 551 656
f 639 51 640
f 51 50 391
f 391 657 180
f 469 468 658
f 468 476 392
f 392 644 69
f 466 465 659
f 465 469 393
f 393 658 84
f 397 660 661
f 479 466 662
f 662 659 461
f 573 395 77
f 573 229 395
f 395 663 396
f 690 665 410
f 551 579 333
f 333 666 154
f 473 472 667
f 471 656 472
f 656 153 400
f 700 425 668
f 407 409 408
f 426 24 427
f 364 669 443
f 460 670 461
f 477 480 478
f 481 103 428
f 124 493 9
f 509 508 597
f 557 194 556
f 595 594 671
f 366 264 669
f 264 366 643
f 613 614 482
f 638 558 637
f 394 662 78
f 387 651 407
f 426 428 24
f 479 660 477
f 482 279 481
f 489 543 124
f 508 510 137
f 489 581 544
f 544 536 208
f 558 557 347
f 596 509 673
f 366 365 672
f 676 505 672
f 478 102 613
f 511 510 637
f 649 26 650
f 650 652 651
f 660 479 394
f 417 416 653
f 572 674 573
f 418 574 419
f 577 580 578
f 236 582 237
f 600 599 250
f 672 610 676
f 677 506 676
f 575 619 576
f 416 418 13
f 221 504 222
f 238 237 221
f 506 677 460
f 537 554 538
f 538 569 539
f 216 565 217
f 564 567 216
f 574 575 230
f 396 664 577
f 537 535 236
f 239 587 226
f 239 351 587
f 568 567 601
f 18 677 611
f 619 578 291
f 507 16 528
f 351 350 589
f 217 642 350
f 653 15 654
f 654 655 502
f 229 228 663
f 663 666 664
f 685 678 599
f 594 679 243
f 2239 681 682
f 695 683 248
f 697 684 206
f 696 685 244
f 240 686 594
f 10 665 591
f 559 668 560
f 2239 688 681
f 403 690 691
f 693 692 560
f 691 411 693
f 251 684 252
f 675 678 248
f 243 680 244
f 591 687 240
f 683 697 205
f 421 420 639
f 227 674 699
f 674 572 698
f 18 521 699
f 463 506 82
f 76 670 572
f 699 698 18
f 403 691 404
f 404 693 405
f 681 689 700
f 690 414 665
f 681 700 559
f 601 603 685
f 679 596 680
f 602 586 695
f 585 605 697
f 598 601 696
f 686 593 679
f 415 592 665
f 668 246 405
f 403 402 690
f 684 605 694
f 603 602 678
f 680 673 696
f 687 592 686
f 586 585 683
f 952 701 703
f 723 704 706
f 1116 707 709
f 1296 710 712
f 1124 713 715
f 1318 716 718
f 1127 719 721
f 1133 722 723
f 1121 724 726
f 1134 727 729
f 1038 730 732
f 745 733 735
f 704 736 705
f 1138 738 740
f 1140 741 743
f 1064 744 745
f 722 746 704
f 746 747 736
f 1145 749 751
f 1126 752 754
f 1146 755 757
f 1154 758 760
f 1156 761 763
f 1159 764 766
f 1160 767 769
f 1162 770 772
f 1163 773 775
f 1363 776 778
f 857 779 781
f 1166 782 784
f 860 785 787
f 1167 788 790
f 1170 791 793
f 1173 794 796
f 1176 797 799
f 1182 800 802
f 1187 803 805
f 1268 806 808
f 1185 809 811
f 1189 812 814
f 1191 815 817
f 1190 818 820
f 1192 821 823
f 707 824 708
f 1200 826 828
f 1203 829 702
f 1202 830 832
f 1207 833 709
f 735 734 836
f 1214 837 839
f 1216 840 842
f 1217 843 845
f 1223 846 848
f 741 849 742
f 1226 851 827
f 1227 852 854
f 859 855 779
f 779 857 859
f 785 860 862
f 807 806 864
f 1233 865 867
f 1235 868 870
f 1005 871 873
f 1238 874 876
f 1242 877 879
f 1244 880 882
f 859 858 884
f 943 885 887
f 1251 888 890
f 1252 891 893
f 1254 894 875
f 1174 895 897
f 738 898 739
f 1258 900 902
f 1264 903 905
f 1308 906 908
f 1364 909 887
f 855 859 911
f 862 861 913
f 996 914 916
f 1272 917 919
f 1214 920 922
f 1273 923 925
f 941 926 928
f 1370 929 931
f 1255 932 934
f 1286 935 937
f 1371 938 940
f 1279 941 942
f 1293 943 910
f 1386 944 946
f 1303 947 949
f 703 950 952
f 1311 953 955
f 1392 956 958
f 980 959 961
f 982 962 964
f 972 965 967
f 971 968 970
f 981 961 971
f 1157 972 973
f 1228 974 976
f 1319 977 979
f 1153 980 981
f 1155 982 983
f 998 863 914
f 1321 984 986
f 1322 987 989
f 1323 990 992
f 1324 993 995
f 914 996 998
f 1325 999 1001
f 998 997 1003
f 863 998 1004
f 857 1005 858
f 1030 1006 1008
f 1018 1009 869
f 1040 1010 1012
f 1010 1013 1011
f 1329 1015 1017
f 1024 1009 1019
f 1013 1020 1014
f 1015 1022 1016
f 1069 1024 1025
f 873 872 1027
f 1027 883 873
f 1007 1006 1028
f 871 1029 872
f 2240 1031 1033
f 1330 1034 1035
f 1020 1013 1037
f 1041 1038 1039
f 1010 1040 1041
f 950 703 1035
f 852 1042 853
f 1342 1044 1046
f 1219 1047 1049
f 1267 1050 1052
f 1344 1053 1055
f 872 1030 1026
f 1367 1056 1058
f 1339 1059 1061
f 1056 1062 1057
f 959 735 960
f 962 1064 963
f 965 1065 966
f 870 1009 1048
f 1009 1024 1067
f 1024 1069 1068
f 1231 1071 1073
f 1348 912 1074
f 1349 856 1074
f 1349 860 1075
f 737 1076 1078
f 773 1079 774
f 705 737 1081
f 706 705 1082
f 1350 1082 731
f 1351 1083 1085
f 1139 1086 1088
f 1115 1089 1091
f 833 1092 834
f 923 1094 924
f 880 1096 881
f 767 1098 768
f 782 1100 783
f 776 1102 777
f 1285 1104 1105
f 891 1106 892
f 1361 1108 771
f 701 1109 702
f 1112 1111 701
f 1400 1112 952
f 1130 951 1032
f 740 739 1114
f 1091 740 1115
f 1368 1116 834
f 710 1117 711
f 831 1110 1119
f 832 831 1120
f 1123 1121 1122
f 1281 805 1123
f 934 933 1124
f 1124 715 1106
f 891 934 1106
f 1127 1126 719
f 810 814 1127
f 811 810 721
f 1137 1128 1130
f 721 720 1132
f 1183 811 1132
f 805 804 1121
f 727 723 728
f 819 1133 727
f 819 727 820
f 730 1135 731
f 848 847 730
f 1040 848 1038
f 1066 1136 1064
f 1031 1137 1032
f 743 742 1138
f 1088 743 1139
f 1139 1138 1091
f 1135 847 1140
f 1084 1135 1085
f 1085 1140 1088
f 836 835 1142
f 736 748 737
f 779 856 780
f 1145 1107 749
f 892 1107 815
f 815 1145 816
f 1134 729 752
f 813 820 752
f 814 813 1126
f 989 988 1146
f 792 989 788
f 788 1146 789
f 1150 1147 1149
f 1230 1150 1071
f 759 971 1151
f 760 759 1152
f 758 981 759
f 762 1153 758
f 763 762 1154
f 761 983 762
f 765 1155 761
f 766 765 1156
f 764 973 765
f 1158 1157 764
f 1229 1158 1159
f 775 774 1160
f 744 775 733
f 733 1160 734
f 854 853 770
f 717 854 1161
f 1237 1161 1162
f 780 1143 1163
f 781 780 1136
f 1136 1163 744
f 784 783 1165
f 785 996 786
f 769 768 1166
f 734 769 835
f 835 1166 1141
f 807 722 808
f 793 792 1167
f 1172 793 1168
f 1168 1167 1169
f 799 798 1170
f 1178 799 1171
f 1171 1170 1172
f 1174 897 1173
f 1256 1174 1175
f 1360 1175 796
f 786 916 1176
f 787 786 1177
f 1177 1176 1178
f 790 789 1180
f 1169 790 1181
f 1355 1182 1105
f 1185 811 1184
f 756 1185 1186
f 984 803 985
f 1228 1188 1158
f 809 1189 810
f 988 1189 755
f 755 809 756
f 812 1190 813
f 994 1190 987
f 988 987 1189
f 893 892 1191
f 978 893 990
f 990 1191 991
f 808 1133 818
f 1268 808 993
f 993 818 994
f 902 901 1192
f 904 1193 1192
f 905 904 823
f 824 1194 825
f 899 1196 1198
f 739 899 1113
f 1201 1199 1200
f 832 1201 1202
f 1202 1200 842
f 845 844 1203
f 1205 845 1204
f 1204 1203 1110
f 830 1204 831
f 841 1205 830
f 842 841 1202
f 1208 1206 1207
f 1371 1208 1209
f 1209 1207 708
f 1373 1210 1141
f 1236 718 1161
f 1212 826 1211
f 1345 827 1212
f 922 1213 1214
f 840 1215 841
f 1218 1215 1044
f 1045 1044 1216
f 1219 1049 1217
f 1215 1218 1217
f 1215 1217 1205
f 1223 1220 846
f 1012 1222 1223
f 1012 1223 1040
f 849 1224 850
f 846 1221 849
f 847 846 741
f 851 1216 828
f 1051 1045 851
f 1052 1051 1226
f 716 1227 717
f 974 1228 1229
f 862 997 785
f 864 746 807
f 1315 1230 1231
f 1234 1232 1233
f 1221 1234 1224
f 1224 1233 1225
f 868 1220 869
f 1234 1221 868
f 1232 1234 1235
f 1377 1236 1237
f 867 866 1238
f 1225 867 1239
f 1239 1238 1196
f 1242 1240 877
f 1338 1240 1053
f 1053 1242 1054
f 1245 1243 1244
f 823 822 1244
f 823 1244 905
f 885 1246 886
f 1248 1247 885
f 1292 1248 943
f 1251 1249 888
f 877 1241 1251
f 877 1251 878
f 1227 931 852
f 977 1252 978
f 894 1197 876
f 1253 1194 894
f 1364 1253 1254
f 1252 1255 891
f 977 1001 1252
f 1261 895 1256
f 898 1239 899
f 850 1225 898
f 742 850 738
f 1259 1257 1258
f 1278 1259 1260
f 1260 1258 1193
f 895 937 896
f 1287 937 1261
f 903 1262 904
f 1272 1249 917
f 939 1263 903
f 940 939 1264
f 1058 1057 909
f 1052 1265 1267
f 875 1267 1254
f 913 1002 862
f 914 806 915
f 1387 1269 1271
f 1312 1250 1272
f 882 881 1273
f 1312 1272 1274
f 1276 1275 920
f 1376 1276 1277
f 1277 920 839
f 905 882 1264
f 1260 1193 926
f 1264 1273 940
f 926 1262 927
f 1278 1260 941
f 1289 1278 1279
f 1399 778 1280
f 1282 1187 1281
f 1326 985 1282
f 1001 1000 1255
f 802 801 1284
f 1105 802 1285
f 1375 1286 1287
f 938 1247 939
f 825 1195 1288
f 708 825 1209
f 1338 1289 1059
f 1312 1290 1250
f 1059 1279 1060
f 1295 1292 1293
f 1063 1294 1293
f 1057 1063 910
f 1386 1296 944
f 1201 832 1297
f 1199 1201 1298
f 1365 946 1299
f 1211 1199 1300
f 838 1301 839
f 1029 1188 1030
f 1372 1303 1304
f 839 1302 1277
f 1376 1306 1274
f 956 1308 957
f 1250 1291 888
f 888 1309 889
f 906 1311 907
f 1274 1307 1312
f 968 1313 969
f 1317 1315 1316
f 961 960 968
f 964 963 980
f 967 966 982
f 1029 871 972
f 1377 1317 1318
f 973 967 1155
f 1188 1029 1157
f 896 1319 897
f 983 964 1153
f 781 1065 857
f 1188 1228 1006
f 757 756 1320
f 789 757 1179
f 800 1321 801
f 1322 995 987
f 798 995 791
f 791 1322 792
f 979 978 1323
f 897 979 794
f 794 1323 795
f 915 1268 1324
f 916 915 797
f 797 1324 798
f 1328 747 864
f 1319 1325 977
f 896 936 1319
f 1327 986 1326
f 1283 801 1327
f 936 935 1325
f 1004 1328 863
f 1049 1329 843
f 843 1017 844
f 1018 869 1331
f 1012 1011 1222
f 1011 1014 1331
f 1017 1016 1330
f 1019 1018 1332
f 1014 1021 1332
f 1016 1023 1034
f 1025 1019 1333
f 1028 976 1335
f 2240 1033 1334
f 1035 1033 950
f 1037 1036 1337
f 1039 1336 1041
f 1041 1036 1010
f 1035 829 1330
f 1065 781 1066
f 1240 1338 1339
f 1152 1151 1341
f 1151 970 1340
f 1343 1218 1342
f 1232 1343 865
f 865 1342 866
f 1047 1235 1048
f 1343 1232 1047
f 1218 1343 1219
f 1046 1045 1050
f 866 1046 874
f 874 1050 875
f 1289 1338 1344
f 1278 1289 1259
f 1257 1259 1055
f 1367 1213 1056
f 827 1345 1226
f 1226 1346 1052
f 1241 1240 917
f 1097 1144 1094
f 917 1339 918
f 1062 1347 1063
f 921 1275 1062
f 922 921 1056
f 1313 1142 1314
f 1149 1148 1340
f 960 836 1313
f 963 745 959
f 966 1066 962
f 871 1005 965
f 1048 1067 1049
f 1067 1068 1329
f 1068 1070 1015
f 911 1348 855
f 860 1349 861
f 856 1349 1143
f 1079 1177 1080
f 1075 787 1079
f 1143 1075 773
f 1078 1077 1336
f 1081 1078 1039
f 1082 1081 732
f 728 706 1350
f 729 728 1083
f 1083 1350 1084
f 753 729 1351
f 754 753 1087
f 1088 1087 1085
f 1086 719 1087
f 1090 720 1086
f 1091 1090 1139
f 1089 1131 1090
f 1352 725 1089
f 1368 1352 1115
f 1092 1122 1093
f 1353 714 1092
f 1206 1353 833
f 1094 1125 1095
f 881 1097 923
f 1042 1261 1043
f 1096 749 1097
f 1354 750 1096
f 1243 1354 880
f 1098 1171 1099
f 1080 1178 1098
f 774 1080 767
f 1100 1168 1101
f 1099 1172 1100
f 768 1099 782
f 1102 1355 1103
f 1101 1169 1356
f 783 1101 1164
f 1280 777 1104
f 1357 929 1104
f 1375 1357 1285
f 1385 1358 1296
f 1359 1287 1042
f 930 1359 852
f 1175 1360 1361
f 1043 1256 1361
f 853 1043 771
f 1129 1362 1130
f 1114 1113 1116
f 1132 1131 724
f 1071 1149 1072
f 1165 1164 1363
f 1180 1179 1182
f 803 1184 804
f 1113 1198 707
f 837 1212 838
f 1254 1266 1364
f 947 1365 948
f 970 969 1072
f 969 1314 1073
f 1320 1186 1321
f 1346 1367 1265
f 1164 1356 776
f 1115 1114 1368
f 804 1183 724
f 1181 1180 1355
f 1186 1184 984
f 1198 1197 824
f 1213 1345 837
f 886 1195 1253
f 887 886 1364
f 1265 1058 1266
f 838 1211 1301
f 1316 1231 1366
f 1314 1210 1366
f 1179 1320 800
f 1345 1213 1346
f 1093 726 1352
f 834 1093 1368
f 1356 1181 1102
f 713 1123 714
f 1399 1280 1370
f 932 1282 933
f 1284 1283 1286
f 1209 1288 1371
f 953 1372 954
f 1318 1316 1369
f 1210 1373 1369
f 999 1327 1000
f 933 1281 713
f 925 924 1208
f 940 925 1371
f 1399 1374 1165
f 927 1263 1248
f 928 927 1292
f 1276 919 1275
f 1376 1274 1276
f 1000 1326 932
f 1285 1284 1375
f 1288 1246 938
f 942 928 1295
f 1294 1060 1295
f 1277 1305 1376
f 716 1318 1374
f 935 1283 999
f 1318 718 1377
f 1347 1061 1294
f 1275 918 1347
f 1095 715 1353
f 924 1095 1206
f 1359 930 1357
f 1287 1359 1375
f 1393 1378 953
f 1394 1379 947
f 1389 1270 1380
f 1402 1381 906
f 1396 1308 1382
f 1378 1383 1372
f 1379 1384 1365
f 1395 1385 1386
f 1400 1362 1387
f 1401 1388 1380
f 1358 1111 710
f 1271 1390 1387
f 1390 1118 1391
f 1403 1382 1392
f 1381 1393 1311
f 1383 1394 1303
f 1384 1395 946
f 1402 906 1396
f 1106 1125 1107
f 931 1397 1370
f 1370 1398 1399
f 931 1227 1397
f 1141 784 1373
f 1165 1363 1399
f 1374 1398 716
f 1391 1117 1112
f 1387 1391 1400
f 1128 1401 1129
f 1120 1119 1385
f 1380 1269 1129
f 1305 1378 1306
f 1301 1300 1394
f 1290 1307 1402
f 1291 1396 1309
f 1302 1383 1305
f 1300 1298 1379
f 1297 1120 1395
f 952 951 1400
f 1119 1109 1358
f 1309 1382 1310
f 1306 1393 1307
f 1301 1394 1302
f 1298 1297 1384
f 1290 1402 1291
f 1407 1404 1406
f 1404 1407 1409
f 1411 1409 1410
f 1413 1411 1412
f 2241 1413 1414
f 1426 1415 1417
f 2242 1418 1420
f 1420 1419 1422
f 1422 1421 1424
f 2243 1424 1425
f 1428 1426 1427
f 1430 1428 1429
f 2174 1430 1431
f 2244 1432 1434
f 1434 1433 1436
f 1436 1435 1438
f 1438 1437 1440
f 1482 1441 1443
f 1445 1443 1444
f 1447 1445 1446
f 2167 1447 1448
f 1452 1449 1451
f 1454 1452 1453
f 1456 1454 1455
f 1458 1456 1457
f 2245 1458 1459
f 1463 1460 1462
f 2208 1463 1464
f 2208 1464 1466
f 1468 1466 1467
f 2211 1468 1469
f 1473 1470 1472
f 2246 1473 1474
f 2246 1474 1476
f 1476 1475 1478
f 1478 1477 1480
f 2168 1481 1482
f 2247 1483 1485
f 1485 1484 1487
f 1487 1486 1489
f 1489 1488 1491
f 1491 1490 1493
f 1493 1492 1495
f 2248 1496 1498
f 1498 1497 1500
f 1502 1500 1501
f 2249 1502 1503
f 2249 1503 1505
f 1505 1504 1507
f 2250 1508 1510
f 1512 1510 1511
f 1514 1512 1513
f 1516 1514 1515
f 2251 1516 1517
f 2252 1518 1520
f 1520 1519 1522
f 1524 1522 1523
f 2253 1524 1525
f 2254 1526 1528
f 1528 1527 1530
f 2255 1530 1531
f 2255 1531 1533
f 2256 1534 1536
f 1536 1535 1538
f 1538 1537 1540
f 2257 1540 1541
f 2258 1542 1544
f 1544 1543 1546
f 1548 1546 1547
f 2259 1548 1549
f 2260 1550 1552
f 1552 1551 1554
f 1554 1553 1556
f 2261 1556 1557
f 2262 1558 1560
f 2263 1560 1561
f 2263 1561 1563
f 1563 1562 1565
f 2264 1566 1568
f 1568 1567 1570
f 1570 1569 1572
f 1572 1571 1574
f 1584 1575 1577
f 1577 1576 1579
f 1579 1578 1581
f 1581 1580 1583
f 1575 1584 1586
f 2265 1587 1589
f 1589 1588 1591
f 1591 1590 1593
f 1595 1593 1594
f 2266 1595 1596
f 1607 1597 1599
f 1599 1598 1601
f 1601 1600 1603
f 1605 1603 1604
f 2267 1605 1606
f 1597 1607 1609
f 1613 1610 1612
f 2268 1613 1614
f 2268 1614 1616
f 1616 1615 1618
f 1618 1617 1620
f 2269 1611 1621
f 1625 1622 1624
f 1627 1625 1626
f 1629 1627 1628
f 2270 1629 1630
f 2270 1630 1632
f 2271 1633 1635
f 1635 1634 1637
f 1637 1636 1639
f 1639 1638 1641
f 2272 1641 1642
f 2273 1643 1645
f 1645 1644 1647
f 1647 1646 1649
f 1651 1649 1650
f 1653 1651 1652
f 1655 1653 1654
f 2274 1655 1656
f 2275 1657 1659
f 1659 1658 1661
f 1661 1660 1663
f 2276 1663 1664
f 2277 1665 1667
f 1667 1666 1669
f 1671 1669 1670
f 2278 1671 1672
f 1676 1673 1675
f 2279 1676 1677
f 2279 1677 1679
f 1679 1678 1681
f 2280 1681 1682
f 2281 1674 1683
f 2282 1684 1686
f 1686 1685 1688
f 1688 1687 1690
f 1690 1689 1692
f 1692 1691 1694
f 2283 1695 1697
f 1697 1696 1699
f 2284 1699 1700
f 2284 1700 1702
f 1702 1701 1704
f 2285 1705 1707
f 2285 1707 1709
f 1709 1708 1711
f 1711 1710 1713
f 1713 1712 1715
f 2192 1716 1718
f 1718 1717 1720
f 1720 1719 1722
f 1722 1721 1724
f 1724 1723 1726
f 1726 1725 1728
f 1728 1727 1730
f 2286 1731 1733
f 2286 1733 1735
f 1735 1734 1737
f 1739 1737 1738
f 2287 1739 1740
f 2288 1741 1743
f 1743 1742 1745
f 1745 1744 1747
f 1749 1747 1748
f 2289 1749 1750
f 1754 1751 1753
f 1756 1754 1755
f 1758 1756 1757
f 1760 1758 1759
f 2205 1760 1761
f 1765 1762 1764
f 2290 1765 1766
f 2290 1766 1768
f 1770 1768 1769
f 2291 1770 1771
f 2292 1772 1774
f 1776 1774 1775
f 2293 1776 1777
f 1781 1778 1780
f 1783 1781 1782
f 2294 1783 1784
f 2294 1784 1786
f 2295 1787 1789
f 1789 1788 1791
f 1791 1790 1793
f 1793 1792 1795
f 2296 1796 1798
f 1798 1797 1800
f 1800 1799 1802
f 2297 1802 1803
f 2298 1804 1806
f 2298 1806 1808
f 1808 1807 1810
f 1810 1809 1812
f 1819 1813 1815
f 1817 1815 1816
f 2189 1817 1818
f 1822 1819 1821
f 2191 1822 1823
f 2182 1824 1826
f 2182 1826 1828
f 1828 1827 1830
f 1833 1824 1832
f 2186 1833 1834
f 2299 1835 1837
f 2299 1837 1839
f 1839 1838 1841
f 2300 1836 1842
f 2300 1842 1844
f 1853 1845 1847
f 1847 1846 1849
f 2301 1849 1850
f 2301 1850 1852
f 1845 1853 1855
f 1855 1854 1857
f 1861 1858 1860
f 1863 1861 1862
f 1865 1863 1864
f 2302 1865 1866
f 2303 1867 1869
f 1871 1869 1870
f 1873 1871 1872
f 2304 1873 1874
f 1878 1875 1877
f 2305 1878 1879
f 2305 1879 1881
f 1881 1880 1883
f 2306 1884 1886
f 1886 1885 1888
f 1888 1887 1890
f 2307 1890 1891
f 2308 1892 1894
f 1896 1894 1895
f 1898 1896 1897
f 2309 1898 1899
f 1903 1900 1902
f 1905 1903 1904
f 1907 1905 1906
f 2163 1907 1908
f 1900 1909 1911
f 2310 1912 1914
f 1914 1913 1916
f 2311 1916 1917
f 2311 1917 1919
f 2213 1920 1922
f 1922 1921 1924
f 1924 1923 1926
f 1926 1925 1928
f 1930 1928 1929
f 2219 1930 1931
f 1939 1932 1934
f 1934 1933 1936
f 1936 1935 1938
f 1932 1939 1941
f 2312 1941 1942
f 2313 1943 1945
f 1945 1944 1947
f 1947 1946 1949
f 1949 1948 1951
f 2314 1952 1954
f 1954 1953 1956
f 1956 1955 1958
f 1958 1957 1960
f 2315 1961 1963
f 2315 1963 1965
f 1965 1964 1967
f 2316 1967 1968
f 1962 1961 1970
f 1979 1971 1973
f 1973 1972 1975
f 1975 1974 1977
f 2317 1977 1978
f 1981 1971 1980
f 1983 1981 1982
f 2318 1983 1984
f 2317 1978 1986
f 2319 1987 1989
f 1991 1989 1990
f 2320 1991 1992
f 2320 1992 1994
f 2175 1995 1997
f 2175 1997 1999
f 1999 1998 2001
f 2001 2000 2003
f 2006 1995 2005
f 2181 2006 2007
f 2015 2008 2010
f 2010 2009 2012
f 2012 2011 2014
f 2008 2015 2017
f 2017 2016 2019
f 2321 2020 2022
f 2020 2023 2021
f 2024 2023 2026
f 2030 2027 2029
f 2032 2030 2031
f 2034 2032 2033
f 2159 2034 2035
f 2027 2036 2038
f 2042 2039 2041
f 2044 2042 2043
f 2046 2044 2045
f 2322 2046 2047
f 2040 2039 2049
f 2151 2050 2052
f 2052 2051 2054
f 2054 2053 2056
f 2056 2055 2058
f 2151 2059 2061
f 2065 2062 2064
f 2067 2065 2066
f 2069 2067 2068
f 2071 2069 2070
f 2323 2071 2072
f 2324 2073 2075
f 2324 2075 2077
f 2077 2076 2079
f 2079 2078 2081
f 2074 2073 2083
f 2087 2084 2086
f 2325 2087 2088
f 2085 2084 2090
f 2100 2091 2093
f 2093 2092 2095
f 2095 2094 2097
f 2097 2096 2099
f 2091 2100 2102
f 2102 2101 2104
f 2231 2105 2107
f 2231 2107 2109
f 2109 2108 2111
f 2113 2111 2112
f 2235 2113 2114
f 2326 2115 2117
f 2117 2116 2119
f 2119 2118 2121
f 2121 2120 2123
f 2327 2124 2126
f 2327 2126 2128
f 2128 2127 2130
f 2132 2130 2131
f 2328 2132 2133
f 2221 2134 2136
f 2221 2136 2138
f 2138 2137 2140
f 2224 2140 2141
f 2226 2142 2144
f 2144 2143 2146
f 2146 2145 2148
f 2148 2147 2150
f 2059 2151 2152
f 2152 2052 2153
f 2153 2054 2154
f 2154 2056 2155
f 2050 2151 2156
f 2329 2036 2030
f 2329 2030 2157
f 2157 2032 2158
f 2330 2158 2159
f 2028 2027 2160
f 2331 1909 1903
f 2331 1903 2161
f 2162 2161 1907
f 2332 2162 2163
f 2333 1901 1911
f 2169 1482 2164
f 2165 2164 1445
f 2166 2165 1447
f 2334 2166 2167
f 2335 2168 2169
f 2171 2170 1426
f 2172 2171 1428
f 2173 2172 1430
f 2336 2173 2174
f 2004 1995 2176
f 2176 2175 2177
f 2177 1999 2178
f 2178 2001 2179
f 1996 1995 2180
f 2337 2180 2181
f 2338 1831 2182
f 2338 2182 2183
f 2183 1828 2184
f 2185 1825 1833
f 2339 2185 2186
f 1820 1819 2187
f 2188 2187 1817
f 2340 2188 2189
f 1813 1819 2190
f 2341 2190 2191
f 2342 2192 2193
f 2193 1718 2194
f 2194 1720 2195
f 2195 1722 2196
f 2196 1724 2197
f 2197 1726 2198
f 2198 1728 2199
f 2201 2200 1754
f 2202 2201 1756
f 2203 2202 1758
f 2204 2203 1760
f 2343 2204 2205
f 2207 2206 1463
f 2344 2207 2208
f 2344 2208 2209
f 2209 1466 2210
f 2210 1468 2212
f 2345 2213 2214
f 2214 1922 2215
f 2215 1924 2216
f 2217 2216 1928
f 2218 2217 1930
f 2346 2218 2219
f 2222 2220 2221
f 2347 2222 2138
f 2347 2138 2223
f 2223 2140 2225
f 2348 2226 2227
f 2349 2227 2146
f 2349 2146 2228
f 2228 2148 2229
f 2350 2230 2231
f 2350 2231 2232
f 2232 2109 2233
f 2234 2233 2113
f 2351 2234 2235

