# https://github.com/mikedh/trimesh

o v2_Teeth_Base-mesh
v 0.00116695 -0.17881098 1.54659029
v 0.00331694 -0.17890446 1.54640330
v 0.00322345 -0.18002630 1.54808587
v 0.00518650 -0.17862412 1.54640330
v 0.00537349 -0.17983926 1.54808587
v 0.00649526 -0.17843716 1.54715114
v 0.00668220 -0.17927847 1.54864672
v 0.00743004 -0.17796975 1.54724464
v 0.00761698 -0.17909151 1.54939457
v 0.00845832 -0.17750226 1.54724464
v 0.00873875 -0.17881098 1.54892721
v 0.01032787 -0.17684791 1.54761850
v 0.01135615 -0.17787619 1.54958156
v 0.01154314 -0.17638061 1.54836635
v 0.01247791 -0.17722184 1.55023591
v 0.01416054 -0.17563277 1.54892721
v 0.01472140 -0.17694149 1.55079677
v 0.01509532 -0.17479138 1.54911420
v 0.01556274 -0.17581964 1.55060989
v 0.01659102 -0.17282831 1.54976855
v 0.01752580 -0.17376320 1.55135762
v 0.01668445 -0.17151961 1.55032941
v 0.01771273 -0.17301537 1.55210547
v 0.01799316 -0.17002403 1.55098376
v 0.01892800 -0.17170665 1.55275982
v 0.01892800 -0.16908915 1.55079677
v 0.01958234 -0.17067838 1.55229246
v 0.02051713 -0.16703270 1.55191859
v 0.02182582 -0.16843478 1.55341417
v 0.02089105 -0.16628486 1.55360116
v 0.02154540 -0.16721966 1.55425551
v 0.02117148 -0.16525659 1.55350767
v 0.02229325 -0.16619138 1.55490987
v 0.02229325 -0.16376083 1.55350767
v 0.02341496 -0.16516301 1.55519035
v 0.02313453 -0.16198482 1.55406852
v 0.02434973 -0.16291961 1.55593820
v 0.02322802 -0.16086306 1.55425551
v 0.02631285 -0.16217178 1.55649905
v 0.02444323 -0.15908687 1.55453600
v 0.02565850 -0.16048915 1.55687292
v 0.02519108 -0.15787173 1.55537723
v 0.02575194 -0.15852608 1.55659255
v 0.02603237 -0.15497379 1.55640556
v 0.02678021 -0.15534770 1.55752727
v 0.02612586 -0.15338464 1.55715340
v 0.02696720 -0.15375865 1.55902296
v 0.02565850 -0.15188906 1.55752727
v 0.02818241 -0.15282385 1.55920995
v 0.02621936 -0.15039340 1.55780776
v 0.02743457 -0.15132809 1.55986431
v 0.02752806 -0.14637379 1.55920995
v 0.02967810 -0.14684119 1.56051866
v 0.02715414 -0.14403681 1.56005118
v 0.02986503 -0.14478465 1.56173386
v 0.02042363 -0.15123471 1.56023817
v 0.01752580 -0.14973904 1.55593820
v 0.01752580 -0.15151515 1.55584470
v 0.02921068 -0.14730849 1.56229472
v 0.02949111 -0.14786946 1.56360342
v 0.02836934 -0.15188906 1.56266870
v 0.00976702 -0.18086752 1.55191859
v 0.00799090 -0.18086752 1.55266633
v 0.00808439 -0.18105458 1.55126424
v 0.01846057 -0.17338928 1.55360116
v 0.01874100 -0.17423049 1.55519035
v 0.01874100 -0.17525887 1.55406852
v 0.02434973 -0.16693922 1.55818162
v 0.02266711 -0.16815435 1.55836861
v 0.02425630 -0.16768705 1.55640556
v 0.02902375 -0.14590640 1.56350993
v 0.02790198 -0.14599978 1.56491213
v 0.01229093 -0.17909151 1.55163811
v 0.01229093 -0.17909151 1.55275982
v 0.01920843 -0.17366972 1.55537723
v 0.02621936 -0.16413475 1.55902296
v 0.02547151 -0.16628486 1.55649905
v 0.00313001 -0.18142848 1.55154461
v 0.00144739 -0.18124144 1.55257294
v 0.00135391 -0.18086752 1.55070327
v 0.01313227 -0.17853054 1.55266633
v 0.01331920 -0.17862412 1.55416202
v 0.02051713 -0.17292189 1.55519035
v 0.01911493 -0.17273493 1.55388165
v 0.02649978 -0.16273255 1.55808813
v 0.02584543 -0.16273255 1.55995780
v 0.02752806 -0.15422604 1.56107951
v 0.02827591 -0.15628259 1.55939683
v 0.00537349 -0.18077413 1.55004892
v 0.00565392 -0.18133500 1.55163811
v 0.01388011 -0.17834367 1.55434901
v 0.02332152 -0.17030447 1.55621857
v 0.02145191 -0.17254787 1.55388165
v 0.02593893 -0.16142385 1.55846211
v 0.02537801 -0.16217178 1.56014468
v 0.02687371 -0.15394561 1.56313606
v 0.02706064 -0.15469334 1.56313606
v 0.00724305 -0.18096109 1.55117075
v 0.00724305 -0.18096109 1.55275982
v 0.01687145 -0.17768932 1.55322730
v 0.01462791 -0.17834367 1.55257294
v 0.02276061 -0.16843478 1.55603158
v 0.02248018 -0.16871532 1.55799475
v 0.02659328 -0.16002167 1.55995780
v 0.02724763 -0.15329116 1.56126650
v 0.01874100 -0.17479138 1.55313380
v 0.00462565 -0.17563277 1.55313380
v 0.00294302 -0.17507190 1.55275982
v 0.00284953 -0.17572625 1.55285332
v 0.01864751 -0.15927392 1.56005118
v 0.01846057 -0.15983480 1.55949033
v 0.02014320 -0.16104993 1.56089252
v 0.01799316 -0.16665877 1.55892947
v 0.01724536 -0.16572390 1.55799475
v 0.01724536 -0.16740652 1.55715340
v 0.01406705 -0.17236100 1.55500336
v 0.01369312 -0.17142613 1.55434901
v 0.01238443 -0.17245439 1.55388165
v 0.02089105 -0.14674771 1.56350993
v 0.01911493 -0.14646727 1.56220123
v 0.01920843 -0.14936503 1.56173386
v 0.00724305 -0.17591322 1.55388165
v 0.00752348 -0.17395015 1.55332068
v 0.00630827 -0.17516529 1.55388165
v 0.01930186 -0.16198482 1.55958382
v 0.01724536 -0.16320004 1.55855560
v 0.01911493 -0.16460224 1.55949033
v 0.01518882 -0.16899575 1.55612507
v 0.01472140 -0.16824792 1.55584470
v 0.01434748 -0.16918261 1.55528384
v 0.01163657 -0.17516529 1.55490987
v 0.01144964 -0.17376320 1.55406852
v 0.01079529 -0.17413701 1.55397514
v 0.02117148 -0.15142167 1.56248171
v 0.01892800 -0.15226298 1.56136000
v 0.02304104 -0.15347821 1.56341644
v 0.00556043 -0.17525887 1.55378815
v 0.00490608 -0.17638061 1.55313380
v 0.02079755 -0.15843252 1.56136000
v 0.02004971 -0.15768467 1.56051866
v 0.01864751 -0.16535007 1.55874248
v 0.01397355 -0.17002403 1.55519035
v 0.02219975 -0.14562586 1.56294907
v 0.01014094 -0.17507190 1.55388165
v 0.00986052 -0.17413701 1.55332068
v 0.00172781 -0.17544583 1.55229246
v 0.01182357 -0.17245439 1.55434901
v 0.02219975 -0.15039340 1.56294907
v 0.00556043 -0.17638061 1.55425551
v 0.02079755 -0.15394561 1.56126650
v 0.01995627 -0.15394561 1.56173386
v 0.01659102 -0.17142613 1.55640556
v 0.01995627 -0.15357169 1.55986431
v 0.01743230 -0.15375865 1.55556422
v 0.00135391 -0.17787619 1.54313154
v 0.00322345 -0.17694149 1.54322503
v 0.00509307 -0.17675453 1.54322503
v 0.00621478 -0.17656747 1.54359890
v 0.00658870 -0.17619356 1.54397277
v 0.00780397 -0.17553921 1.54415976
v 0.00986052 -0.17451094 1.54453374
v 0.01088879 -0.17451094 1.54518809
v 0.01266485 -0.17320223 1.54556196
v 0.01322577 -0.17208057 1.54584244
v 0.01453447 -0.17058490 1.54668367
v 0.01509532 -0.16965012 1.54715114
v 0.01649752 -0.16759357 1.54752501
v 0.01715187 -0.16647173 1.54789899
v 0.01864751 -0.16450876 1.54874022
v 0.01948885 -0.16366744 1.54939457
v 0.01986277 -0.16254569 1.54986204
v 0.02051713 -0.16133047 1.55051639
v 0.02135841 -0.15992827 1.55107725
v 0.02145191 -0.15927392 1.55145112
v 0.02201276 -0.15777815 1.55163811
v 0.02294759 -0.15628259 1.55191859
v 0.02434973 -0.15385213 1.55313380
v 0.02472366 -0.15207602 1.55360116
v 0.02434973 -0.15020643 1.55406852
v 0.02397587 -0.14871068 1.55490987
v 0.02491065 -0.14506508 1.55565771
v 0.02509759 -0.14272810 1.55649905
v 0.00528000 -0.17105230 1.54892721
v 0.00509307 -0.16880871 1.55051639
v 0.00471914 -0.16946306 1.55023591
v 0.00668220 -0.17021099 1.54930107
v 0.00546699 -0.16806097 1.55070327
v 0.01462791 -0.14263453 1.54808587
v 0.01416054 -0.14450420 1.54911420
v 0.02107798 -0.14459759 1.55089026
v 0.00228867 -0.16778043 1.54902070
v 0.00331694 -0.17264145 1.54827286
v 0.01014094 -0.16591094 1.55023591
v 0.01023438 -0.16320004 1.55163811
v 0.00612134 -0.16591094 1.55098376
v 0.01098223 -0.16469572 1.55014242
v 0.01032787 -0.16235864 1.55163811
v 0.00210174 -0.17301537 1.54789899
v 0.00191475 -0.16852836 1.54892721
v 0.00200824 -0.16899575 1.54855334
v 0.00845832 -0.16843478 1.54986204
v 0.00602785 -0.16656529 1.55098376
v 0.00574742 -0.16721966 1.55089026
v 0.00911267 -0.16731312 1.55004892
v 0.01182357 -0.15805860 1.55201198
v 0.01088879 -0.15983480 1.55154461
v 0.01257141 -0.16198482 1.55023591
v 0.01649752 -0.15983480 1.55257294
v 0.01201050 -0.15740425 1.55201198
v 0.00761698 -0.16927619 1.54958156
v 0.01378662 -0.15170202 1.55117075
v 0.01303877 -0.15375865 1.55107725
v 0.01818014 -0.15516083 1.55238595
v 0.01472140 -0.16404127 1.55154461
v 0.01060830 -0.16058263 1.55154461
v 0.01042137 -0.16151741 1.55154461
v 0.02079755 -0.14656075 1.55145112
v 0.01397355 -0.14599978 1.54958156
v 0.01397355 -0.14805642 1.54967505
v 0.01285184 -0.15469334 1.55145112
v 0.01257141 -0.15534770 1.55163811
v 0.01771273 -0.15703032 1.55247945
v 0.01378662 -0.14917817 1.55014242
v 0.01995627 -0.15039340 1.55210547
v 0.01724536 -0.15805860 1.55257294
v 0.01229093 -0.15600205 1.55173160
v 0.01219749 -0.15665641 1.55191859
v 0.01677795 -0.15880653 1.55257294
v 0.00714961 -0.17170665 1.55042290
v 0.00574742 -0.17254787 1.55004892
v 0.00453215 -0.17180003 1.54855334
v 0.01556274 -0.16039557 1.55388165
v 0.01640402 -0.15768467 1.55472288
v 0.01593666 -0.15908687 1.55434901
v 0.01771273 -0.14796284 1.55593820
v 0.02061062 -0.14908469 1.55173160
v 0.01958234 -0.15170202 1.55238595
v 0.01369312 -0.15039340 1.55051639
v 0.01266485 -0.16675216 1.55210547
v 0.01425398 -0.16478910 1.55163811
v 0.01705838 -0.15516083 1.55537723
v 0.01799316 -0.15609553 1.55247945
v 0.01659102 -0.15637597 1.55500336
v 0.02154540 -0.14525195 1.55677943
v 0.01359963 -0.16469572 1.55257294
v 0.01313227 -0.16572390 1.55238595
v 0.01920843 -0.15291734 1.55257294
v 0.00817789 -0.17123926 1.55060989
v 0.01500182 -0.16161089 1.55369466
v 0.01565618 -0.16189134 1.55182510
v 0.01444097 -0.16282613 1.55313380
v 0.01032787 -0.16983698 1.55098376
v 0.00920611 -0.17058490 1.55079677
v 0.00275609 -0.17404363 1.54948806
v 0.00144739 -0.17301537 1.54771200
v 0.00144739 -0.17423049 1.54948806
v 0.01201050 -0.16768705 1.55163811
v 0.01135615 -0.16908915 1.55126424
v 0.00481264 -0.17357624 1.54967505
v 0.02163889 -0.14375637 1.55621857
v 0.02154540 -0.14263453 1.55004892
v 0.01603010 -0.16235864 1.55705991
v 0.00518650 -0.17413701 1.55145112
v 0.00724305 -0.17292189 1.55163811
v 0.02089105 -0.14506508 1.56089252
v 0.00387780 -0.17423049 1.54958156
v 0.00406479 -0.17423049 1.55135762
v 0.01163657 -0.17039795 1.55294681
v 0.01275834 -0.16946306 1.55350767
v 0.00172781 -0.17488486 1.55126424
v 0.00855176 -0.17245439 1.55182510
v 0.00976702 -0.17180003 1.55219896
v 0.01528225 -0.16535007 1.55603158
v 0.01967578 -0.15618911 1.55930345
v 0.01369312 -0.16787401 1.55472288
v 0.02126497 -0.14684119 1.55724690
v 0.02079755 -0.14964547 1.56051866
v 0.01808666 -0.14599978 1.56051866
v 0.01761923 -0.15890001 1.55799475
v 0.01331920 -0.16843478 1.55406852
v 0.01743230 -0.15974122 1.55771426
v 0.00724305 -0.15805860 1.55135762
v 0.00724305 -0.15871295 1.55145112
v 0.00799090 -0.15646955 1.55182510
v 0.00322345 -0.16609780 1.55107725
v 0.00322345 -0.16684564 1.55098376
v 0.00799090 -0.15216950 1.55023591
v 0.00799090 -0.15319778 1.55070327
v 0.00724305 -0.15936730 1.55145112
v 0.00724305 -0.16030219 1.55145112
v 0.00864525 -0.14656075 1.54874022
v 0.00864525 -0.14768240 1.54939457
v 0.00864525 -0.14450420 1.54845985
v 0.00799090 -0.15394561 1.55107725
v 0.00799090 -0.15469334 1.55135762
v 0.00322345 -0.16301309 1.55089026
v 0.00864525 -0.14871068 1.54976855
v 0.00864525 -0.14973904 1.55014242
v 0.00799090 -0.15525431 1.55154461
v 0.00799090 -0.15581518 1.55173160
v 0.00322345 -0.16750000 1.55089026
v 0.00322345 -0.16824792 1.55070327
v 0.00864525 -0.14254114 1.54761850
v 0.00322345 -0.16890228 1.55023591
v 0.00322345 -0.16376083 1.55089026
v 0.00322345 -0.16460224 1.55098376
v 0.00322345 -0.16974350 1.54995554
v 0.00126043 -0.16880871 1.54855334
v 0.00322345 -0.16535007 1.55098376
v 0.00116695 -0.17965238 1.54817936
v 0.00069955 -0.17965238 1.54836635
v 0.00088651 -0.17871760 1.54677716
v 0.00079303 -0.17292189 1.54780549
v 0.00079303 -0.17413701 1.54948806
v 0.00088651 -0.17825010 1.54313154
v 0.00079303 -0.18086752 1.55107725
v 0.00088651 -0.17581964 1.55135762
v 0.00088651 -0.17619356 1.55238595
v 0.00135391 -0.17937195 1.55332068
v 0.00069955 -0.17918489 1.55332068
v 0.00079303 -0.18114806 1.55285332
v 0.02771499 -0.15955436 1.55827512
v 0.02799548 -0.15170202 1.56126650
v 0.00986052 -0.18086752 1.55079677
v 0.02649978 -0.16385441 1.55734039
v 0.00331694 -0.18096109 1.55004892
v 0.02369539 -0.16983698 1.55481637
v 0.01621709 -0.17694149 1.55238595
v 0.00565392 -0.18002630 1.55247945
v 0.00294302 -0.18002630 1.55210547
v 0.02388238 -0.16151741 1.56070565
v 0.02369539 -0.16198482 1.56061215
v 0.03042589 -0.13655838 1.56771652
v 0.02967810 -0.13702587 1.56837087
v 0.02967810 -0.13945633 1.56650131
v 0.02135841 -0.16843478 1.55855560
v 0.02173234 -0.17021099 1.55734039
v 0.01743230 -0.17423049 1.55519035
v 0.01509532 -0.17675453 1.55481637
v 0.02762155 -0.14684119 1.56397740
v 0.02612586 -0.15142167 1.56285558
v 0.00911267 -0.18021317 1.55322730
v 0.00714961 -0.17918489 1.55388165
v 0.02519108 -0.16404127 1.56023817
v 0.02388238 -0.16703270 1.55902296
v 0.02986503 -0.13478237 1.56051866
v 0.03061288 -0.13543672 1.56332305
v 0.02855634 -0.13805414 1.56220123
v 0.01939536 -0.17236100 1.55612507
v 0.01733880 -0.17273493 1.55621857
v 0.01266485 -0.17694149 1.55500336
v 0.01219749 -0.17712845 1.55490987
v 0.02603237 -0.15338464 1.56294907
v 0.02481716 -0.15394561 1.56266870
v 0.00677569 -0.17937195 1.55388165
v 0.02472366 -0.15964784 1.56014468
v 0.02154540 -0.16815435 1.55883597
v 0.02201276 -0.13496933 1.56117301
v 0.02350845 -0.13113668 1.55182510
v 0.02322802 -0.13478237 1.55406852
v 0.01724536 -0.17292189 1.55621857
v 0.02528457 -0.14581291 1.56509912
v 0.01163657 -0.17881098 1.55360116
v 0.03108024 -0.13581064 1.56547298
v 0.03051939 -0.13926928 1.56547298
v 0.02659328 -0.15618911 1.56238822
v 0.01574968 -0.12721046 1.54266406
v 0.00976702 -0.12730403 1.54116848
v 0.00976702 -0.13076277 1.54331842
v 0.00088651 -0.17778280 1.55350767
v 0.00069955 -0.17918489 1.55332068
v 0.00135391 -0.17937195 1.55332068
v 0.00294302 -0.18002630 1.55210547
v 0.02023670 -0.16058263 1.56107951
v 0.02369539 -0.16198482 1.56061215
v 0.02593893 -0.13702587 1.56874485
v 0.02846284 -0.13852154 1.56668830
v 0.02135841 -0.16843478 1.55855560
v 0.01780623 -0.16787401 1.55734039
v 0.01509532 -0.17675453 1.55481637
v 0.02762155 -0.14684119 1.56397740
v 0.00630827 -0.17638061 1.55444250
v 0.00714961 -0.17918489 1.55388165
v 0.02808891 -0.15674989 1.56107951
v 0.02004971 -0.16245212 1.56023817
v 0.02388238 -0.16703270 1.55902296
v 0.02341496 -0.13870849 1.56603395
v 0.02519108 -0.13702587 1.56799701
v 0.02322802 -0.13627794 1.56509912
v 0.01939536 -0.17236100 1.55612507
v 0.01126266 -0.17535235 1.55490987
v 0.01219749 -0.17712845 1.55490987
v 0.02322802 -0.15291734 1.56350993
v 0.02481716 -0.15394561 1.56266870
v 0.00677569 -0.17937195 1.55388165
v 0.02388238 -0.16151741 1.56070565
v 0.02154540 -0.16815435 1.55883597
v 0.01818014 -0.16609780 1.55920995
v 0.02958461 -0.13852154 1.56360342
v 0.01612359 -0.17198709 1.55612507
v 0.01743230 -0.17423049 1.55519035
v 0.02528457 -0.14581291 1.56509912
v 0.02248018 -0.14571943 1.56472525
v 0.01163657 -0.17881098 1.55360116
v 0.00191475 -0.17750226 1.55332068
v 0.02182582 -0.12936058 1.54668367
v 0.02201276 -0.13235191 1.54836635
v 0.01593666 -0.13123007 1.54425325
v 0.02612586 -0.15142167 1.56285558
v 0.02659328 -0.15618911 1.56238822
v 0.02846284 -0.13852154 1.56668830
v 0.02593893 -0.13702587 1.56874485
v 0.01733880 -0.17273493 1.55621857
v 0.02911719 -0.14525195 1.56388391
v 0.02790198 -0.14534543 1.56509912
v 0.02537801 -0.14141939 1.55705991
v 0.02734113 -0.14300854 1.56033167
v 0.02098448 -0.14328888 1.56079903
v 0.02238668 -0.14085852 1.55631206
v 0.03023896 -0.14413029 1.56210773
v 0.01472140 -0.13964320 1.54649679
v 0.00864525 -0.13945633 1.54537497
v 0.02565850 -0.14497151 1.56556648
v 0.02219975 -0.14515856 1.56491213
v 0.02219975 -0.14469117 1.56350993
v 0.02210625 -0.13898894 1.54986204
v 0.02565850 -0.14497151 1.56556648
v 0.03079982 -0.14328888 1.56407079
v 0.02995853 -0.14338246 1.56528611
v 0.02593893 -0.13880197 1.55790125
v 0.02771499 -0.14039112 1.56107951
v 0.02107798 -0.14151288 1.56107951
v 0.02294759 -0.13814762 1.55519035
v 0.02893025 -0.14104548 1.56238822
v 0.01518882 -0.13543672 1.54500110
v 0.00929960 -0.13478237 1.54444024
v 0.02752806 -0.14272810 1.56537960
v 0.02257368 -0.14282158 1.56481863
v 0.02163889 -0.14254114 1.56304257
v 0.02182582 -0.13609108 1.54939457
v 0.02752806 -0.14272810 1.56537960
v 0.02659328 -0.13665195 1.55864910
v 0.01752580 -0.13739979 1.56070565
v 0.02257368 -0.13842806 1.56407079
v 0.01537575 -0.12403223 1.54191622
v 0.00976702 -0.12393874 1.53855097
v 0.03061288 -0.13450194 1.56724916
v 0.02995853 -0.13478237 1.56874485
v 0.03005197 -0.13123007 1.56238822
v 0.03042589 -0.13403454 1.56556648
v 0.02902375 -0.13571716 1.56986657
v 0.02229325 -0.13169755 1.56023817
v 0.02369539 -0.12823883 1.55060989
v 0.02752806 -0.13618456 1.57033304
v 0.02565850 -0.13543672 1.56921222
v 0.02163889 -0.12562136 1.54509459
v 0.02369539 -0.13440845 1.56631433
v 0.02752806 -0.13618456 1.57033304
v 0.01752580 -0.16450876 1.55687292
v 0.00593435 -0.17385658 1.55154461
v 0.01079529 -0.17123926 1.55257294
v 0.00303652 -0.17553921 1.55126424
v 0.01565618 -0.16768705 1.55547072
v 0.01976928 -0.15777815 1.55883597
v 0.02079755 -0.14852382 1.56070565
v 0.01836709 -0.16198482 1.55790125
v 0.03051939 -0.12889309 1.56556648
v 0.03005197 -0.13216486 1.56752953
v 0.02986503 -0.13328671 1.56874485
v 0.02939762 -0.13422140 1.56958608
v 0.02883676 -0.13468889 1.57024043
v 0.02762155 -0.13534325 1.57070691
v 0.02575194 -0.13459532 1.57023954
v 0.01976928 -0.13225834 1.57332431
v 0.01986277 -0.12618228 1.57154825
v 0.02098448 -0.12655620 1.56995906
v 0.02219975 -0.12683663 1.56285558
v 0.02219975 -0.12636921 1.55883597
v 0.02163889 -0.12216267 1.54453374
v 0.01537575 -0.11935827 1.54042064
v 0.00415823 -0.17759584 1.56836998
v 0.00481264 -0.17796975 1.56855686
v 0.00509307 -0.17694149 1.56930471
v 0.00172781 -0.18385894 1.56967869
v 0.00172781 -0.18385894 1.56790251
v 0.00359737 -0.18432635 1.56808950
v 0.00537349 -0.18432635 1.56818299
v 0.00518650 -0.18395234 1.57014605
v 0.00771047 -0.18348503 1.56752864
v 0.00752348 -0.18339155 1.56967869
v 0.00892568 -0.18301763 1.56752864
v 0.00855176 -0.18301763 1.56986556
v 0.01088879 -0.18292407 1.56836998
v 0.01042137 -0.18264372 1.57051992
v 0.01219749 -0.18226971 1.56865036
v 0.01406705 -0.18058709 1.56818299
v 0.01322577 -0.18049369 1.57061341
v 0.01593666 -0.17937195 1.56855686
v 0.01472140 -0.17899803 1.57098739
v 0.01724536 -0.17862412 1.56930471
v 0.01556274 -0.17806323 1.57164174
v 0.01818014 -0.17731540 1.56977218
v 0.01874100 -0.17535235 1.56995906
v 0.01771273 -0.17535235 1.57210910
v 0.01930186 -0.17432407 1.56986556
v 0.01827364 -0.17432407 1.57229609
v 0.02061062 -0.17338928 1.57023954
v 0.01883450 -0.17348276 1.57276345
v 0.02107798 -0.17198709 1.57042653
v 0.01930186 -0.17180013 1.57295044
v 0.02117148 -0.17002403 1.57051992
v 0.01976928 -0.17030447 1.57266996
v 0.02173234 -0.16918261 1.57080040
v 0.02313453 -0.16778053 1.57117438
v 0.02051713 -0.16768705 1.57360480
v 0.02341496 -0.16665877 1.57164174
v 0.02098448 -0.16665877 1.57388517
v 0.02332152 -0.16469572 1.57145475
v 0.02154540 -0.16488267 1.57388517
v 0.02285411 -0.16357396 1.57182873
v 0.02191932 -0.16385441 1.57397866
v 0.02397587 -0.16207830 1.57266996
v 0.02556500 -0.16002175 1.57332431
v 0.02434973 -0.16020871 1.57547436
v 0.02575194 -0.15731086 1.57351130
v 0.02453673 -0.15796521 1.57575484
v 0.02537801 -0.15534779 1.57369829
v 0.02406931 -0.15590866 1.57584833
v 0.02575194 -0.15273028 1.57491350
v 0.02509759 -0.15301082 1.57631570
v 0.02621936 -0.15001938 1.57528737
v 0.02575194 -0.15058036 1.57659607
v 0.02649978 -0.14768240 1.57482000
v 0.02519108 -0.14833676 1.57697005
v 0.01827364 -0.15805869 1.57313743
v 0.01752580 -0.15871305 1.57341781
v 0.01818014 -0.15618911 1.57425915
v 0.02668671 -0.15207602 1.57266996
v 0.02893025 -0.15207602 1.57182873
v 0.02715414 -0.14945860 1.57201561
v 0.01042137 -0.18348503 1.56528510
v 0.01060830 -0.18301763 1.56360253
v 0.01266485 -0.18301763 1.56453726
v 0.01958234 -0.17535235 1.56780913
v 0.01920843 -0.17712845 1.56771563
v 0.01930186 -0.17703497 1.56659381
v 0.02481716 -0.16890228 1.56865036
v 0.02434973 -0.16862184 1.56734165
v 0.02537801 -0.16750000 1.56846348
v 0.02696720 -0.14740206 1.57285695
v 0.02724763 -0.14955208 1.57304394
v 0.01350619 -0.18226971 1.56593946
v 0.01163657 -0.18311111 1.56593946
v 0.02033014 -0.17413711 1.56790251
v 0.02126497 -0.17553921 1.56650031
v 0.02631285 -0.16647173 1.56958519
v 0.02416280 -0.16750000 1.56883735
v 0.00163435 -0.18376546 1.56491124
v 0.00163435 -0.18385894 1.56304168
v 0.00359737 -0.18404590 1.56397640
v 0.01490839 -0.18077413 1.56593946
v 0.01434748 -0.18226971 1.56481774
v 0.02322802 -0.17348276 1.56874385
v 0.02201276 -0.17432407 1.56640693
v 0.02425630 -0.16432180 1.56958519
v 0.02584543 -0.16619138 1.56865036
v 0.02818241 -0.15927392 1.57126776
v 0.02631285 -0.15693694 1.57145475
v 0.00359737 -0.18441983 1.56556559
v 0.00584086 -0.18376546 1.56416339
v 0.01780623 -0.18011978 1.56668730
v 0.01631053 -0.18002630 1.56453726
v 0.02229325 -0.17180013 1.56836998
v 0.02341496 -0.17320223 1.56752864
v 0.02434973 -0.16320004 1.56949170
v 0.02416280 -0.16385441 1.56827649
v 0.02593893 -0.15478692 1.57173524
v 0.02603237 -0.15572172 1.56977218
v 0.00817789 -0.18376546 1.56500473
v 0.00574742 -0.18423287 1.56565908
v 0.01761923 -0.17965238 1.56500473
v 0.01808666 -0.17843716 1.56612644
v 0.02416280 -0.17002403 1.56846348
v 0.02248018 -0.17151961 1.56724816
v 0.02444323 -0.16301309 1.56836998
v 0.02706064 -0.16189134 1.56902433
v 0.02790198 -0.15422604 1.57014605
v 0.02388238 -0.16974358 1.56724816
v 0.01799316 -0.17862412 1.56724816
v 0.00808439 -0.18357851 1.56341554
v 0.00378436 -0.17974586 1.56603295
v 0.00350388 -0.17881106 1.56565908
v 0.00471914 -0.17871760 1.56547209
v 0.02004971 -0.16310657 1.56865036
v 0.01892800 -0.16291961 1.57005255
v 0.01902143 -0.16217178 1.57061341
v 0.01752580 -0.16908923 1.56808950
v 0.01677795 -0.16871532 1.56865036
v 0.01752580 -0.16759357 1.56893084
v 0.01416054 -0.17553921 1.56556559
v 0.01303877 -0.17479146 1.56631343
v 0.01444097 -0.17366972 1.56687429
v 0.02173234 -0.15170202 1.57229609
v 0.02014320 -0.15226298 1.57360480
v 0.02051713 -0.14983252 1.57379178
v 0.00799090 -0.17927847 1.56425688
v 0.00696262 -0.17825010 1.56481774
v 0.00929960 -0.17759584 1.56537860
v 0.01948885 -0.16394789 1.56902433
v 0.01892800 -0.16581738 1.56865036
v 0.01836709 -0.16553703 1.56921121
v 0.01696489 -0.17067838 1.56771563
v 0.01668445 -0.17170665 1.56650031
v 0.01556274 -0.17114578 1.56790251
v 0.01088879 -0.17628714 1.56519161
v 0.01107572 -0.17638061 1.56556559
v 0.01210400 -0.17544583 1.56575258
v 0.02126497 -0.15553476 1.57042653
v 0.01995627 -0.15637607 1.57192211
v 0.02042363 -0.15497387 1.57229609
v 0.00546699 -0.18030674 1.56547209
v 0.00593435 -0.17862412 1.56472425
v 0.01986277 -0.16020871 1.57051992
v 0.01677795 -0.16179776 1.56958519
v 0.01883450 -0.16740661 1.56780913
v 0.01846057 -0.16796749 1.56771563
v 0.01603010 -0.17301537 1.56640693
v 0.01546925 -0.17423049 1.56640693
v 0.02313453 -0.14740206 1.57266996
v 0.02201276 -0.14964556 1.57313743
v 0.01014094 -0.17843716 1.56491124
v 0.01023438 -0.17703497 1.56565908
v 0.00238216 -0.18002630 1.56509823
v 0.00200824 -0.17815671 1.56621994
v 0.01874100 -0.16394789 1.56958519
v 0.01603010 -0.17011751 1.56818299
v 0.01331920 -0.17610018 1.56500473
v 0.02182582 -0.15459996 1.57089389
v 0.00677569 -0.18002630 1.56425688
v 0.02023670 -0.15796521 1.57070691
v 0.01948885 -0.15777815 1.57145475
v 0.01780623 -0.16693922 1.56902433
v 0.01509532 -0.17236100 1.56752864
v 0.01116922 -0.17778280 1.56528510
v 0.01799316 -0.16020871 1.57248308
v 0.01733880 -0.16020871 1.57295044
v 0.00397130 -0.18563495 1.57182873
v 0.00350388 -0.18404590 1.57014605
v 0.00528000 -0.18535462 1.57229609
v 0.00677569 -0.18516766 1.57238959
v 0.00986052 -0.18432635 1.57238959
v 0.01126266 -0.18367200 1.57266996
v 0.01173007 -0.18180241 1.57070691
v 0.01219749 -0.18292407 1.57285695
v 0.01574968 -0.18077413 1.57313743
v 0.01780623 -0.17834367 1.57369829
v 0.01677795 -0.17666105 1.57210910
v 0.01846057 -0.17731540 1.57388517
v 0.02033014 -0.17535235 1.57435264
v 0.02079755 -0.17432407 1.57453963
v 0.02201276 -0.17198709 1.57491350
v 0.02266711 -0.17058490 1.57482000
v 0.01995627 -0.16890228 1.57295044
v 0.01836709 -0.16899575 1.57743741
v 0.01948885 -0.16665877 1.57790477
v 0.02004971 -0.16525659 1.57799827
v 0.02042363 -0.16413475 1.57827875
v 0.02285411 -0.16226526 1.57472651
v 0.02229325 -0.16105002 1.57874611
v 0.01892800 -0.16039567 1.57136126
v 0.02238668 -0.15712390 1.57958745
v 0.02257368 -0.15375865 1.58014831
v 0.02294759 -0.15160863 1.58061567
v 0.02322802 -0.14964556 1.58089616
v 0.01294528 -0.15974132 1.57650269
v 0.01687145 -0.16338700 1.57201561
v 0.01668445 -0.16413475 1.57173524
v 0.01247791 -0.16329352 1.57556785
v 0.00752348 -0.17591322 1.56883735
v 0.00668220 -0.17638061 1.56865036
v 0.00649526 -0.17516538 1.57061341
v 0.01724536 -0.16151741 1.57248308
v 0.01285184 -0.16114350 1.57622220
v 0.01827364 -0.15469344 1.57453963
v 0.01406705 -0.15488040 1.57743741
v 0.01444097 -0.15375865 1.57762440
v 0.01827364 -0.15310430 1.57500699
v 0.01528225 -0.15114123 1.57827875
v 0.01705838 -0.16254569 1.57210910
v 0.01266485 -0.16273265 1.57575484
v 0.01285184 -0.16207830 1.57594172
v 0.01303877 -0.15815218 1.57668956
v 0.01378662 -0.15590866 1.57734392
v 0.00967353 -0.17404363 1.56958519
v 0.00892568 -0.17469798 1.56921121
v 0.00948659 -0.17198709 1.57192211
v 0.01023438 -0.17329580 1.56995906
v 0.00939310 -0.17123926 1.57201561
v 0.00219517 -0.17796975 1.56855686
v 0.00443871 -0.17703497 1.56911783
v 0.01518882 -0.16628486 1.57313743
v 0.01556274 -0.16675225 1.57089389
v 0.01154314 -0.16553703 1.57463301
v 0.00827133 -0.17525887 1.56893084
v 0.00668220 -0.17460451 1.57098739
v 0.00677569 -0.17395015 1.57126776
v 0.00584086 -0.17684801 1.56846348
v 0.00499957 -0.17731540 1.56846348
v 0.00584086 -0.17600670 1.57005255
v 0.00621478 -0.17553921 1.57033304
v 0.01406705 -0.16871532 1.57164174
v 0.01350619 -0.16974358 1.57136126
v 0.01135615 -0.16693922 1.57407216
v 0.01135615 -0.16619138 1.57435264
v 0.01864751 -0.15067384 1.57566134
v 0.01584317 -0.14945860 1.57837225
v 0.00556043 -0.17647409 1.56967869
v 0.01294528 -0.17077186 1.57089389
v 0.01070180 -0.17245448 1.57014605
v 0.01116922 -0.16899575 1.57323082
v 0.01135615 -0.16787401 1.57369829
v 0.01098223 -0.16965012 1.57285695
v 0.01219749 -0.16394789 1.57528737
v 0.00144739 -0.17796975 1.56846348
v 0.00387780 -0.17684801 1.56949170
v 0.01659102 -0.16619138 1.57051992
v 0.01631053 -0.16712618 1.57023954
v 0.00546699 -0.17778280 1.56621994
v 0.00733655 -0.17703497 1.56650031
v 0.00640177 -0.17750236 1.56621994
v 0.01939536 -0.15067384 1.57510049
v 0.01883450 -0.14871068 1.57594172
v 0.00443871 -0.17806323 1.56631343
v 0.01126266 -0.17479146 1.56715477
v 0.01191700 -0.17413711 1.56771563
v 0.00331694 -0.17825010 1.56650031
v 0.00210174 -0.17843716 1.56659381
v 0.00817789 -0.17656747 1.56668730
v 0.01042137 -0.17553921 1.56678080
v 0.01518882 -0.16983698 1.56958519
v 0.01593666 -0.16834140 1.57005255
v 0.01780623 -0.16198482 1.57201561
v 0.01341270 -0.17217406 1.56827649
v 0.01472140 -0.17067838 1.56921121
v 0.01902143 -0.15301082 1.57463301
v 0.01883450 -0.15516083 1.57425915
v 0.01761923 -0.16301309 1.57154825
v 0.01733880 -0.16404135 1.57117438
v 0.01266485 -0.17329580 1.56818299
v 0.01864751 -0.15665650 1.57369829
v 0.01696489 -0.16525659 1.57089389
v 0.00873875 -0.16506963 1.57510049
v 0.00873875 -0.16581738 1.57482000
v 0.00724305 -0.16525659 1.57528737
v 0.00873875 -0.16441528 1.57528737
v 0.00724305 -0.16460224 1.57556785
v 0.00434522 -0.17226752 1.57182873
v 0.00425172 -0.17273493 1.57154825
v 0.00331694 -0.17217406 1.57201561
v 0.00958003 -0.15927392 1.57687655
v 0.00948659 -0.16030219 1.57668956
v 0.00789740 -0.15992827 1.57706354
v 0.00864525 -0.16647173 1.57453963
v 0.00864525 -0.16731312 1.57416565
v 0.00724305 -0.16675225 1.57463301
v 0.00724305 -0.16600442 1.57500699
v 0.01014094 -0.15347821 1.57781139
v 0.01014094 -0.15431952 1.57771789
v 0.00845832 -0.15413256 1.57781139
v 0.01014094 -0.15179558 1.57818526
v 0.00845832 -0.15329124 1.57790477
v 0.00948659 -0.16105002 1.57650269
v 0.00948659 -0.16170438 1.57631570
v 0.00789740 -0.16133047 1.57668956
v 0.00789740 -0.16067611 1.57687655
v 0.00855176 -0.16806097 1.57379178
v 0.00331694 -0.16955664 1.57351130
v 0.01004745 -0.15525431 1.57762440
v 0.00958003 -0.15749781 1.57706354
v 0.00789740 -0.15712390 1.57725042
v 0.00845832 -0.15488040 1.57781139
v 0.00948659 -0.16235873 1.57612871
v 0.00948659 -0.16291961 1.57594172
v 0.00789740 -0.16245212 1.57631570
v 0.00789740 -0.16198482 1.57659607
v 0.00724305 -0.16404135 1.57575484
v 0.00415823 -0.17329580 1.57126776
v 0.00397130 -0.17395015 1.57098739
v 0.00331694 -0.17338928 1.57136126
v 0.00331694 -0.17264145 1.57173524
v 0.01051486 -0.14917817 1.57865262
v 0.00845832 -0.15151515 1.57827875
v 0.00387780 -0.17479146 1.57061341
v 0.00331694 -0.17423049 1.57089389
v 0.00453215 -0.17067838 1.57266996
v 0.00453215 -0.17123926 1.57238959
v 0.00331694 -0.17077186 1.57285695
v 0.00331694 -0.17021099 1.57313743
v 0.00369087 -0.17563277 1.57014605
v 0.00331694 -0.17675453 1.56958519
v 0.00331694 -0.17535235 1.57033304
v 0.00443871 -0.17170665 1.57210910
v 0.00331694 -0.17170665 1.57229609
v 0.00331694 -0.17123926 1.57257647
v 0.00789740 -0.15890001 1.57715704
v 0.00126043 -0.18404590 1.56967869
v 0.00079303 -0.18432635 1.56977218
v 0.00079303 -0.18367200 1.56790251
v 0.02117148 -0.13711935 1.57566134
v 0.02163889 -0.13898894 1.57640919
v 0.01546925 -0.13768023 1.57874611
v 0.00359737 -0.18610245 1.57182873
v 0.00079303 -0.18647636 1.57192211
v 0.00116695 -0.18404590 1.56481774
v 0.00116695 -0.18376546 1.56790251
v 0.00144739 -0.17843716 1.56659381
v 0.00154087 -0.17899803 1.56593946
v 0.00069955 -0.17899803 1.56593946
v 0.00154087 -0.18133500 1.56397640
v 0.00116695 -0.18376546 1.56304168
v 0.00079303 -0.18367200 1.56304168
v 0.02724763 -0.16235873 1.57023954
v 0.02285411 -0.15890001 1.57902660
v 0.00079303 -0.18395234 1.56472425
v 0.00415823 -0.18273720 1.56435038
v 0.01995627 -0.16320004 1.56855686
v 0.02014320 -0.16273265 1.56865036
v 0.02780848 -0.14235419 1.57369829
v 0.02893025 -0.14011068 1.57323082
v 0.02743457 -0.14011068 1.57388517
v 0.01715187 -0.16965012 1.56808950
v 0.01855407 -0.16815435 1.56743515
v 0.01556274 -0.17647409 1.56519161
v 0.01705838 -0.17497842 1.56584596
v 0.02229325 -0.15151515 1.57201561
v 0.00995395 -0.18096109 1.56304168
v 0.02173234 -0.16609790 1.56855686
v 0.02640629 -0.14319549 1.57781139
v 0.02687371 -0.14104548 1.57781139
v 0.02696720 -0.14198017 1.58164400
v 0.01864751 -0.17348276 1.56593946
v 0.01911493 -0.17142621 1.56780913
v 0.01313227 -0.17703497 1.56444387
v 0.01341270 -0.17694149 1.56444387
v 0.02154540 -0.15562824 1.57070691
v 0.02500415 -0.15385213 1.57080040
v 0.00593435 -0.18255024 1.56406990
v 0.02332152 -0.16067611 1.56949170
v 0.02098448 -0.16796749 1.56743515
v 0.02201276 -0.14272810 1.57472651
v 0.02051713 -0.14328888 1.57668956
v 0.02135841 -0.14029755 1.57668956
v 0.02229325 -0.14973904 1.57248308
v 0.02313453 -0.14740206 1.57126776
v 0.01042137 -0.17881106 1.56472425
v 0.01173007 -0.17815671 1.56519161
v 0.00228867 -0.18152197 1.56425688
v 0.02219975 -0.16460224 1.56883735
v 0.02827591 -0.14254114 1.57444614
v 0.02734113 -0.14057808 1.57594172
v 0.00752348 -0.18189589 1.56304168
v 0.02790198 -0.15871305 1.57014605
v 0.01154314 -0.14375637 1.57949396
v 0.00929960 -0.14366280 1.57968095
v 0.00967353 -0.14001720 1.57921359
v 0.01584317 -0.17348276 1.56584596
v 0.02425630 -0.15777815 1.57023954
v 0.00154087 -0.17983934 1.56509823
v 0.00154087 -0.18133500 1.56397640
v 0.00088651 -0.18068065 1.56369603
v 0.00415823 -0.18273720 1.56435038
v 0.02014320 -0.16273265 1.56865036
v 0.01995627 -0.16320004 1.56855686
v 0.02369539 -0.14188679 1.57388517
v 0.02734113 -0.14011068 1.57238959
v 0.01855407 -0.16815435 1.56743515
v 0.01715187 -0.16965012 1.56808950
v 0.01556274 -0.17647409 1.56519161
v 0.02229325 -0.14973904 1.57248308
v 0.02229325 -0.15151515 1.57201561
v 0.01042137 -0.17881106 1.56472425
v 0.00995395 -0.18096109 1.56304168
v 0.02173234 -0.16609790 1.56855686
v 0.02210625 -0.14160626 1.57379178
v 0.01724536 -0.14216723 1.57584833
v 0.01864751 -0.14020417 1.57566134
v 0.01911493 -0.17142621 1.56780913
v 0.01864751 -0.17348276 1.56593946
v 0.01313227 -0.17703497 1.56444387
v 0.02154540 -0.15562824 1.57070691
v 0.00593435 -0.18255024 1.56406990
v 0.02715414 -0.14282158 1.57640919
v 0.01584317 -0.17348276 1.56584596
v 0.01705838 -0.17497842 1.56584596
v 0.00228867 -0.18152197 1.56425688
v 0.02219975 -0.16460224 1.56883735
v 0.01920843 -0.14721511 1.57622220
v 0.01574968 -0.14833676 1.57855923
v 0.01556274 -0.14684119 1.57912009
v 0.01341270 -0.17694149 1.56444387
v 0.02500415 -0.15385213 1.57080040
v 0.00752348 -0.18189589 1.56304168
v 0.02332152 -0.16067611 1.56949170
v 0.02098448 -0.16796749 1.56743515
v 0.02369539 -0.14188679 1.57388517
v 0.02416280 -0.14001720 1.57407216
v 0.01173007 -0.17815671 1.56519161
v 0.02425630 -0.15777815 1.57023954
v 0.00069955 -0.17974586 1.56500473
v 0.02893025 -0.14740206 1.57154825
v 0.02883676 -0.14618683 1.57201561
v 0.02528457 -0.14674771 1.57743741
v 0.02360195 -0.14786946 1.58117664
v 0.02061062 -0.14786946 1.57388517
v 0.02958461 -0.14628031 1.57369829
v 0.02687371 -0.14628031 1.57510049
v 0.00883224 -0.14899111 1.57893310
v 0.00883224 -0.14786946 1.57912009
v 0.01060830 -0.14805642 1.57883961
v 0.02649978 -0.14599978 1.57145475
v 0.01705838 -0.14758902 1.57453963
v 0.01696489 -0.14609335 1.57500699
v 0.02332152 -0.14665414 1.57295044
v 0.01612359 -0.14394333 1.57930697
v 0.01649752 -0.14057808 1.57874611
v 0.02313453 -0.14740206 1.57126776
v 0.02762155 -0.14422377 1.57332431
v 0.02575194 -0.14506508 1.57771789
v 0.02416280 -0.14628031 1.58136352
v 0.02089105 -0.14637379 1.57416565
v 0.02004971 -0.14506508 1.57687655
v 0.02790198 -0.14450420 1.57416565
v 0.00883224 -0.14646727 1.57949396
v 0.01079529 -0.14656075 1.57930697
v 0.02332152 -0.14413029 1.57360480
v 0.01724536 -0.14375637 1.57566134
v 0.02154540 -0.14375637 1.57379178
v 0.02678021 -0.14487812 1.57622220
v 0.02332152 -0.14413029 1.57360480
v 0.02500415 -0.14403681 1.58164400
v 0.02163889 -0.14441073 1.57482000
v 0.00967353 -0.13758665 1.57902660
v 0.01238443 -0.13768023 1.57893310
v 0.02949111 -0.13786718 1.57416565
v 0.02762155 -0.13824110 1.57547436
v 0.02818241 -0.13870849 1.57781139
v 0.02883676 -0.13786718 1.57341781
v 0.01780623 -0.13870849 1.57603521
v 0.02734113 -0.14011068 1.57238959
v 0.02556500 -0.13805414 1.57379178
v 0.02061062 -0.13534325 1.57491350
v 0.01472140 -0.13534325 1.57781139
v 0.02406931 -0.13824110 1.57472651
v 0.02762155 -0.13814762 1.57295044
v 0.00069955 -0.17843716 1.56659381
v 0.00088651 -0.17796975 1.56846348
v 0.01640402 -0.14057808 1.57659607
v 0.02304104 -0.13618456 1.57444614
v 0.03033245 -0.13693230 1.57538086
v 0.03061288 -0.13553020 1.57491350
v 0.03136073 -0.13524967 1.57622220
v 0.02565850 -0.13739979 1.57332431
v 0.02425630 -0.13730631 1.57425915
v 0.02444323 -0.13637152 1.57379178
v 0.02883676 -0.13711935 1.57323082
v 0.02762155 -0.13749326 1.57276345
v 0.02762155 -0.13674543 1.57248308
v 0.02958461 -0.13693230 1.57379178
v 0.02967810 -0.13599760 1.57341781
v 0.02893025 -0.13637152 1.57304394
v 0.00967353 -0.13506281 1.57799827
v 0.00967353 -0.13253878 1.57697005
v 0.01210400 -0.13281931 1.57678306
v 0.03229550 -0.13646500 1.58024181
v 0.03126723 -0.13683891 1.57659607
v 0.02285411 -0.13749326 1.57510049
v 0.01976928 -0.13225834 1.57332431
v 0.01388011 -0.13291269 1.57678306
v 0.02762155 -0.13749326 1.57276345
v 0.02575194 -0.13665195 1.57295044
v 0.02893025 -0.13534325 1.57164174
v 0.02967810 -0.13487585 1.57192211
v 0.00967353 -0.13020180 1.57668956
v 0.03126723 -0.13328671 1.57444614
v 0.03192159 -0.13141712 1.57725042
v 0.02322802 -0.13422140 1.57145475
v 0.01481489 -0.12515400 1.57360480
v 0.01313227 -0.12160176 1.57080040
v 0.01976928 -0.12225611 1.56883735
v 0.02584543 -0.13524967 1.57154825
v 0.02762155 -0.13553020 1.57173524
v 0.03051939 -0.13431497 1.57285695
v 0.02444323 -0.13487585 1.57154825
v 0.02762155 -0.13553020 1.57173524
v 0.02444323 -0.13487585 1.57154825
v 0.02322802 -0.13422140 1.57145475
v 0.03192159 -0.13141712 1.57725042
v 0.03126723 -0.13328671 1.57444614
v 0.03051939 -0.13431497 1.57285695
v 0.02967810 -0.13487585 1.57192211
v 0.02762155 -0.13534325 1.57070691
v 0.02762155 -0.13553020 1.57173524
v 0.02584543 -0.13524967 1.57154825
v 0.02893025 -0.13534325 1.57164174
v 0.02762155 -0.13553020 1.57173524
v 0.02369539 -0.12487352 1.55042290
v 0.02294759 -0.12664963 1.56593946
v 0.01303877 -0.12926710 1.57472651
v 0.01331920 -0.12515400 1.57351130
v 0.00976702 -0.11954521 1.53827059
v 0.02322802 -0.12674313 1.56799600
v 0.02369539 -0.11963870 1.55004892
v 0.02163889 -0.11702129 1.54453374
v 0.01126266 -0.12141483 1.57080040
v 0.02341496 -0.12206917 1.55790125
v 0.02154540 -0.12253660 1.56752864
v 0.02276061 -0.12263003 1.56556559
v 0.02304104 -0.12309745 1.56360253
v 0.02360195 -0.12300395 1.56098602
v 0.01537575 -0.11515169 1.54004666
v 0.00976702 -0.11533867 1.53789661
v 0.01219749 -0.14020417 1.57902660
v 0.01201050 -0.13515629 1.57790477
v 0.01303877 -0.12926710 1.57472651
v 0.00967353 -0.12244310 1.57323082
v 0.00967353 -0.12122783 1.57089389
v 0.03257593 -0.13898894 1.58033530
v -0.01294840 -0.12954744 1.57472651
v -0.01818321 -0.13225834 1.57332431
v -0.01827670 -0.12618228 1.57154825
v 0.02762155 -0.13814762 1.57295044
v 0.01154314 -0.12842578 1.57295044
v 0.01154314 -0.12618228 1.57220260
v 0.00967353 -0.12478008 1.57201561
v 0.00967353 -0.12908014 1.57323082
v 0.01154314 -0.12842578 1.57295044
v 0.01098223 -0.12833231 1.57108088
v 0.01098223 -0.12664963 1.57070691
v 0.00967353 -0.12590185 1.57051992
v 0.00967353 -0.12908014 1.57136126
v 0.01098223 -0.12833231 1.57108088
v 0.01098223 -0.12889309 1.56949170
v 0.01088879 -0.12655620 1.56893084
v 0.00967353 -0.12627572 1.56883735
v 0.00967353 -0.12954744 1.56986556
v 0.01098223 -0.12889309 1.56949170
v 0.01060830 -0.12870622 1.56827649
v 0.01023438 -0.12730403 1.56799600
v 0.00967353 -0.12749100 1.56780913
v 0.00967353 -0.12898666 1.56808950
v 0.01060830 -0.12870622 1.56827649
v 0.00041912 -0.17881098 1.54659029
v 0.00041912 -0.17965238 1.54817936
v -0.00163738 -0.18002630 1.54799237
v -0.00173088 -0.17890446 1.54640330
v -0.00378743 -0.17983926 1.54808587
v -0.00509613 -0.17927847 1.54864672
v -0.00490920 -0.17843716 1.54715114
v -0.00603091 -0.17909151 1.54939457
v -0.00584398 -0.17796975 1.54724464
v -0.00715268 -0.17881098 1.54892721
v -0.00977008 -0.17787619 1.54958156
v -0.00874181 -0.17684791 1.54761850
v -0.01089185 -0.17722184 1.55023591
v -0.00995707 -0.17638061 1.54836635
v -0.01313533 -0.17694149 1.55079677
v -0.01257447 -0.17563277 1.54892721
v -0.01397667 -0.17581964 1.55060989
v -0.01593973 -0.17376320 1.55135762
v -0.01500495 -0.17282831 1.54976855
v -0.01612666 -0.17301537 1.55210547
v -0.01734193 -0.17170665 1.55275982
v -0.01640709 -0.17002403 1.55098376
v -0.01799628 -0.17067838 1.55229246
v -0.02023976 -0.16843478 1.55341417
v -0.01893106 -0.16703270 1.55191859
v -0.01995933 -0.16721966 1.55425551
v -0.01930498 -0.16628486 1.55360116
v -0.02070718 -0.16619138 1.55490987
v -0.02182890 -0.16516301 1.55519035
v -0.02070718 -0.16376083 1.55350767
v -0.02276367 -0.16291961 1.55593820
v -0.02472679 -0.16217178 1.55649905
v -0.02164195 -0.16086306 1.55425551
v -0.02407243 -0.16048915 1.55687292
v -0.02285717 -0.15908687 1.55453600
v -0.02416587 -0.15852608 1.55659255
v -0.02519415 -0.15534770 1.55752727
v -0.02444630 -0.15497379 1.55640556
v -0.02538113 -0.15375865 1.55902296
v -0.02453979 -0.15338464 1.55715340
v -0.02659634 -0.15282385 1.55920995
v -0.02407243 -0.15188906 1.55752727
v -0.02584850 -0.15132809 1.55986431
v -0.02809204 -0.14684119 1.56051866
v -0.02594199 -0.14637379 1.55920995
v -0.02827897 -0.14478465 1.56173386
v -0.01883756 -0.15123471 1.56023817
v -0.01837020 -0.15357169 1.55986431
v -0.01593973 -0.15151515 1.55584470
v -0.02762461 -0.14730849 1.56229472
v -0.02640941 -0.15170202 1.56126650
v -0.02678327 -0.15188906 1.56266870
v -0.00649833 -0.18105458 1.55126424
v -0.00640483 -0.18086752 1.55266633
v -0.00818095 -0.18086752 1.55191859
v -0.01687451 -0.17338928 1.55360116
v -0.01715493 -0.17479138 1.55313380
v -0.01715493 -0.17525887 1.55406852
v -0.02267024 -0.16768705 1.55640556
v -0.02108104 -0.16815435 1.55836861
v -0.02276367 -0.16693922 1.55818162
v -0.02743768 -0.14590640 1.56350993
v -0.02790504 -0.14786946 1.56360342
v -0.01070486 -0.17909151 1.55163811
v -0.00827445 -0.18086752 1.55079677
v -0.01715493 -0.17423049 1.55519035
v -0.01762236 -0.17366972 1.55537723
v -0.02388545 -0.16628486 1.55649905
v -0.02463329 -0.16413475 1.55902296
v 0.00023216 -0.18086752 1.55070327
v 0.00013868 -0.18124144 1.55257294
v -0.00154394 -0.18142848 1.55154461
v -0.01154620 -0.17853054 1.55266633
v -0.01070486 -0.17909151 1.55275982
v -0.01752886 -0.17273493 1.55388165
v -0.01893106 -0.17292189 1.55519035
v -0.02491372 -0.16273255 1.55808813
v -0.02491372 -0.16385441 1.55734039
v -0.02668984 -0.15628259 1.55939683
v -0.00378743 -0.18077413 1.55004892
v -0.00173088 -0.18096109 1.55004892
v -0.01173313 -0.17862412 1.55416202
v -0.01229404 -0.17834367 1.55434901
v -0.01986584 -0.17254787 1.55388165
v -0.02173545 -0.17030447 1.55621857
v -0.02435286 -0.16142385 1.55846211
v -0.02425936 -0.16273255 1.55995780
v -0.02594199 -0.15422604 1.56107951
v -0.02547457 -0.15469334 1.56313606
v -0.02528764 -0.15394561 1.56313606
v -0.00565699 -0.18096109 1.55117075
v -0.00406785 -0.18133500 1.55163811
v -0.01304184 -0.17834367 1.55257294
v -0.01528538 -0.17768932 1.55322730
v -0.02117454 -0.16843478 1.55603158
v -0.02210932 -0.16983698 1.55481637
v -0.02379195 -0.16217178 1.56014468
v -0.02500722 -0.16002167 1.55995780
v -0.02566156 -0.15329116 1.56126650
v -0.02089411 -0.16871532 1.55799475
v -0.01463102 -0.17694149 1.55238595
v -0.00565699 -0.18096109 1.55275982
v -0.00126346 -0.17572625 1.55285332
v -0.00135695 -0.17507190 1.55275982
v -0.00303958 -0.17563277 1.55313380
v -0.01855713 -0.16104993 1.56089252
v -0.01687451 -0.15983480 1.55949033
v -0.01706145 -0.15927392 1.56005118
v -0.01640709 -0.16665877 1.55892947
v -0.01622016 -0.16787401 1.55734039
v -0.01565930 -0.16740652 1.55715340
v -0.01248098 -0.17236100 1.55500336
v -0.01023750 -0.17245439 1.55434901
v -0.01079836 -0.17245439 1.55388165
v -0.01930498 -0.14674771 1.56350993
v -0.02061368 -0.15039340 1.56294907
v -0.01762236 -0.14936503 1.56173386
v -0.00565699 -0.17591322 1.55388165
v -0.00472221 -0.17638061 1.55444250
v -0.00472221 -0.17516529 1.55388165
v -0.01752886 -0.16460224 1.55949033
v -0.01565930 -0.16320004 1.55855560
v -0.01771579 -0.16198482 1.55958382
v -0.01360275 -0.16899575 1.55612507
v -0.01500495 -0.17142613 1.55640556
v -0.01276141 -0.16918261 1.55528384
v -0.01005051 -0.17516529 1.55490987
v -0.00967659 -0.17535235 1.55490987
v -0.00920922 -0.17413701 1.55397514
v -0.02145497 -0.15347821 1.56341644
v -0.01734193 -0.15226298 1.56136000
v -0.01958541 -0.15142167 1.56248171
v -0.00332001 -0.17638061 1.55313380
v -0.00397436 -0.17525887 1.55378815
v -0.01921149 -0.15843252 1.56136000
v -0.01865063 -0.16058263 1.56107951
v -0.01565930 -0.16572390 1.55799475
v -0.01706145 -0.16535007 1.55874248
v -0.01210706 -0.17142613 1.55434901
v -0.01238749 -0.17002403 1.55519035
v -0.01752886 -0.14646727 1.56220123
v -0.02061368 -0.14562586 1.56294907
v -0.00855488 -0.17507190 1.55388165
v -0.00593742 -0.17395015 1.55332068
v -0.00032868 -0.17750226 1.55332068
v -0.00014175 -0.17544583 1.55229246
v -0.01846364 -0.16245212 1.56023817
v -0.01313533 -0.16824792 1.55584470
v -0.00986358 -0.17376320 1.55406852
v -0.02164195 -0.15291734 1.56350993
v -0.00397436 -0.17638061 1.55425551
v -0.01837020 -0.15394561 1.56173386
v -0.01921149 -0.15394561 1.56126650
v -0.01659408 -0.16609780 1.55920995
v -0.01453753 -0.17198709 1.55612507
v -0.00827445 -0.17413701 1.55332068
v -0.01808972 -0.15618911 1.55930345
v -0.01584624 -0.15375865 1.55556422
v 0.00023216 -0.17787619 1.54313154
v -0.00163738 -0.17694149 1.54322503
v -0.00360044 -0.17862412 1.54640330
v -0.00462871 -0.17656747 1.54359890
v -0.00500263 -0.17619356 1.54397277
v -0.00687225 -0.17750226 1.54724464
v -0.00621790 -0.17553921 1.54415976
v -0.00827445 -0.17451094 1.54453374
v -0.00930272 -0.17451094 1.54518809
v -0.01107879 -0.17320223 1.54556196
v -0.01350926 -0.17479138 1.54911420
v -0.01294840 -0.17058490 1.54668367
v -0.01509838 -0.17151961 1.55032941
v -0.01350926 -0.16965012 1.54715114
v -0.01491145 -0.16759357 1.54752501
v -0.01734193 -0.16908915 1.55079677
v -0.01706145 -0.16450876 1.54874022
v -0.01790279 -0.16366744 1.54939457
v -0.01958541 -0.16525659 1.55350767
v -0.01827670 -0.16254569 1.54986204
v -0.01893106 -0.16133047 1.55051639
v -0.02154847 -0.16198482 1.55406852
v -0.01977234 -0.15992827 1.55107725
v -0.02042670 -0.15777815 1.55163811
v -0.02360501 -0.15787173 1.55537723
v -0.02136153 -0.15628259 1.55191859
v -0.02276367 -0.15385213 1.55313380
v -0.01846364 -0.15768467 1.56051866
v -0.02313759 -0.15207602 1.55360116
v -0.02276367 -0.15020643 1.55406852
v -0.02463329 -0.15039340 1.55780776
v -0.02332458 -0.14506508 1.55565771
v -0.02556807 -0.14403681 1.56005118
v -0.00369393 -0.17105230 1.54892721
v -0.00294609 -0.17180003 1.54855334
v -0.00313308 -0.16946306 1.55023591
v -0.00509613 -0.17021099 1.54930107
v -0.00350700 -0.16880871 1.55051639
v -0.01949191 -0.14459759 1.55089026
v -0.01257447 -0.14450420 1.54911420
v -0.01304184 -0.14263453 1.54808587
v -0.00173088 -0.17264145 1.54827286
v -0.00070260 -0.16778043 1.54902070
v -0.00855488 -0.16591094 1.55023591
v -0.00752660 -0.16731312 1.55004892
v -0.00453527 -0.16591094 1.55098376
v -0.00939616 -0.16469572 1.55014242
v -0.00864831 -0.16320004 1.55163811
v -0.00051567 -0.17301537 1.54789899
v 0.00013868 -0.17301537 1.54771200
v -0.00042217 -0.16899575 1.54855334
v -0.00032868 -0.16852836 1.54892721
v -0.00687225 -0.16843478 1.54986204
v -0.00603091 -0.16927619 1.54958156
v -0.00416135 -0.16721966 1.55089026
v -0.00444178 -0.16656529 1.55098376
v -0.01098535 -0.16198482 1.55023591
v -0.00930272 -0.15983480 1.55154461
v -0.01023750 -0.15805860 1.55201198
v -0.01491145 -0.15983480 1.55257294
v -0.01407011 -0.16189134 1.55182510
v -0.00388092 -0.16806097 1.55070327
v -0.01659408 -0.15516083 1.55238595
v -0.01145270 -0.15375865 1.55107725
v -0.01220056 -0.15170202 1.55117075
v -0.01313533 -0.16404127 1.55154461
v -0.01266791 -0.16478910 1.55163811
v -0.00883530 -0.16151741 1.55154461
v -0.00902223 -0.16058263 1.55154461
v -0.01921149 -0.14656075 1.55145112
v -0.01902456 -0.14908469 1.55173160
v -0.01238749 -0.14805642 1.54967505
v -0.01238749 -0.14599978 1.54958156
v -0.01612666 -0.15703032 1.55247945
v -0.01098535 -0.15534770 1.55163811
v -0.01126577 -0.15469334 1.55145112
v -0.01640709 -0.15609553 1.55247945
v -0.00874181 -0.16235864 1.55163811
v -0.01837020 -0.15039340 1.55210547
v -0.01220056 -0.14917817 1.55014242
v -0.01565930 -0.15805860 1.55257294
v -0.01519188 -0.15880653 1.55257294
v -0.01061142 -0.15665641 1.55191859
v -0.01070486 -0.15600205 1.55173160
v -0.01042443 -0.15740425 1.55201198
v -0.00556355 -0.17170665 1.55042290
v -0.00416135 -0.17254787 1.55004892
v -0.00322657 -0.17357624 1.54967505
v -0.01397667 -0.16039557 1.55388165
v -0.01341576 -0.16161089 1.55369466
v -0.01481796 -0.15768467 1.55472288
v -0.01435060 -0.15908687 1.55434901
v -0.01612666 -0.14796284 1.55593820
v -0.01593973 -0.14973904 1.55593820
v -0.01799628 -0.15170202 1.55238595
v -0.01762236 -0.15291734 1.55257294
v -0.01107879 -0.16675216 1.55210547
v -0.01042443 -0.16768705 1.55163811
v -0.01547231 -0.15516083 1.55537723
v -0.01500495 -0.15637597 1.55500336
v -0.01995933 -0.14525195 1.55677943
v -0.01967890 -0.14684119 1.55724690
v -0.01201356 -0.16469572 1.55257294
v -0.01154620 -0.16572390 1.55238595
v -0.00659182 -0.17123926 1.55060989
v -0.01285490 -0.16282613 1.55313380
v -0.00874181 -0.16983698 1.55098376
v -0.00762004 -0.17058490 1.55079677
v -0.00117002 -0.17404363 1.54948806
v 0.00013868 -0.17423049 1.54948806
v -0.00977008 -0.16908915 1.55126424
v -0.00229173 -0.17423049 1.54958156
v -0.02005283 -0.14375637 1.55621857
v -0.01444404 -0.16235864 1.55705991
v -0.01593973 -0.16450876 1.55687292
v -0.00360044 -0.17413701 1.55145112
v -0.00565699 -0.17292189 1.55163811
v -0.00434828 -0.17385658 1.55154461
v -0.01930498 -0.14506508 1.56089252
v -0.01650059 -0.14599978 1.56051866
v -0.00247872 -0.17423049 1.55135762
v -0.01005051 -0.17039795 1.55294681
v -0.00920922 -0.17123926 1.55257294
v -0.01117228 -0.16946306 1.55350767
v -0.00014175 -0.17488486 1.55126424
v -0.00145045 -0.17553921 1.55126424
v -0.00696569 -0.17245439 1.55182510
v -0.00818095 -0.17180003 1.55219896
v -0.01210706 -0.15039340 1.55051639
v -0.01369619 -0.16535007 1.55603158
v -0.01407011 -0.16768705 1.55547072
v -0.01818321 -0.15777815 1.55883597
v -0.01210706 -0.16787401 1.55472288
v -0.01173313 -0.16843478 1.55406852
v -0.01921149 -0.14964547 1.56051866
v -0.01921149 -0.14852382 1.56070565
v -0.01603317 -0.15890001 1.55799475
v -0.01584624 -0.15974122 1.55771426
v -0.01678102 -0.16198482 1.55790125
v 0.00724305 -0.15871295 1.55145112
v 0.00724305 -0.15805860 1.55135762
v 0.00322345 -0.16684564 1.55098376
v 0.00322345 -0.16609780 1.55107725
v 0.00799090 -0.15319778 1.55070327
v 0.00799090 -0.15216950 1.55023591
v 0.00724305 -0.16030219 1.55145112
v 0.00724305 -0.15936730 1.55145112
v 0.00864525 -0.14768240 1.54939457
v 0.00864525 -0.14656075 1.54874022
v 0.00864525 -0.14450420 1.54845985
v 0.00799090 -0.15469334 1.55135762
v 0.00799090 -0.15394561 1.55107725
v 0.00322345 -0.16301309 1.55089026
v 0.00864525 -0.14973904 1.55014242
v 0.00864525 -0.14871068 1.54976855
v 0.00799090 -0.15581518 1.55173160
v 0.00799090 -0.15525431 1.55154461
v 0.00799090 -0.15646955 1.55182510
v 0.00322345 -0.16824792 1.55070327
v 0.00322345 -0.16750000 1.55089026
v 0.00864525 -0.14254114 1.54761850
v 0.00322345 -0.16890228 1.55023591
v 0.00322345 -0.16460224 1.55098376
v 0.00322345 -0.16376083 1.55089026
v 0.00126043 -0.16880871 1.54855334
v 0.00322345 -0.16974350 1.54995554
v 0.00322345 -0.16535007 1.55098376
v 0.00088651 -0.17871760 1.54677716
v 0.00079303 -0.17413701 1.54948806
v 0.00088651 -0.17825010 1.54313154
v 0.00069955 -0.17965238 1.54836635
v 0.00088651 -0.17619356 1.55238595
v 0.00088651 -0.17581964 1.55135762
v 0.00023216 -0.17937195 1.55332068
v 0.00079303 -0.18114806 1.55285332
v 0.00079303 -0.17292189 1.54780549
v -0.02612893 -0.15955436 1.55827512
v 0.00079303 -0.18086752 1.55107725
v -0.00135695 -0.18002630 1.55210547
v -0.00406785 -0.18002630 1.55247945
v -0.02210932 -0.16198482 1.56061215
v -0.02809204 -0.13945633 1.56650131
v -0.02809204 -0.13702587 1.56837087
v -0.02883983 -0.13655838 1.56771652
v -0.02014627 -0.17021099 1.55734039
v -0.01350926 -0.17675453 1.55481637
v -0.02453979 -0.15142167 1.56285558
v -0.00556355 -0.17918489 1.55388165
v -0.00752660 -0.18021317 1.55322730
v -0.02229631 -0.16703270 1.55902296
v -0.02360501 -0.16404127 1.56023817
v -0.02697027 -0.13805414 1.56220123
v -0.02902681 -0.13543672 1.56332305
v -0.02827897 -0.13478237 1.56051866
v -0.01575274 -0.17273493 1.55621857
v -0.01780929 -0.17236100 1.55612507
v -0.01061142 -0.17712845 1.55490987
v -0.01107879 -0.17694149 1.55500336
v -0.02323109 -0.15394561 1.56266870
v -0.02444630 -0.15338464 1.56294907
v -0.02229631 -0.16151741 1.56070565
v -0.02313759 -0.15964784 1.56014468
v -0.01977234 -0.16843478 1.55855560
v -0.02164195 -0.13478237 1.55406852
v -0.02192238 -0.13113668 1.55182510
v -0.02042670 -0.13496933 1.56117301
v -0.01584624 -0.17423049 1.55519035
v -0.02631591 -0.14599978 1.56491213
v -0.02603549 -0.14684119 1.56397740
v -0.01005051 -0.17881098 1.55360116
v -0.02893332 -0.13926928 1.56547298
v -0.02949418 -0.13581064 1.56547298
v -0.00518962 -0.17937195 1.55388165
v -0.02500722 -0.15618911 1.56238822
v -0.01995933 -0.16815435 1.55883597
v 0.00976702 -0.13076277 1.54331842
v 0.00976702 -0.12730403 1.54116848
v -0.01416361 -0.12721046 1.54266406
v -0.01565930 -0.17292189 1.55621857
v -0.02650285 -0.15674989 1.56107951
v 0.00023216 -0.17937195 1.55332068
v 0.00069955 -0.17918489 1.55332068
v 0.00088651 -0.17778280 1.55350767
v -0.00135695 -0.18002630 1.55210547
v -0.02210932 -0.16198482 1.56061215
v -0.02687677 -0.13852154 1.56668830
v -0.02435286 -0.13702587 1.56874485
v -0.01977234 -0.16843478 1.55855560
v -0.02014627 -0.17021099 1.55734039
v -0.01350926 -0.17675453 1.55481637
v -0.02603549 -0.14684119 1.56397740
v -0.02453979 -0.15142167 1.56285558
v -0.00556355 -0.17918489 1.55388165
v -0.02229631 -0.16703270 1.55902296
v -0.02182890 -0.13870849 1.56603395
v -0.02098761 -0.13842806 1.56407079
v -0.02164195 -0.13627794 1.56509912
v -0.01780929 -0.17236100 1.55612507
v -0.01575274 -0.17273493 1.55621857
v -0.01061142 -0.17712845 1.55490987
v -0.02323109 -0.15394561 1.56266870
v -0.00518962 -0.17937195 1.55388165
v -0.00406785 -0.18002630 1.55247945
v -0.02229631 -0.16151741 1.56070565
v -0.01995933 -0.16815435 1.55883597
v -0.02799854 -0.13852154 1.56360342
v -0.01584624 -0.17423049 1.55519035
v -0.02369851 -0.14581291 1.56509912
v -0.01005051 -0.17881098 1.55360116
v -0.00752660 -0.18021317 1.55322730
v -0.02360501 -0.16404127 1.56023817
v -0.02042670 -0.13235191 1.54836635
v -0.02023976 -0.12936058 1.54668367
v -0.01435060 -0.13123007 1.54425325
v -0.01107879 -0.17694149 1.55500336
v -0.02444630 -0.15338464 1.56294907
v -0.02500722 -0.15618911 1.56238822
v -0.02313759 -0.15964784 1.56014468
v -0.02687677 -0.13852154 1.56668830
v -0.02360501 -0.13702587 1.56799701
v -0.01565930 -0.17292189 1.55621857
v -0.02631591 -0.14534543 1.56509912
v -0.02753113 -0.14525195 1.56388391
v -0.02575506 -0.14300854 1.56033167
v -0.02379195 -0.14141939 1.55705991
v -0.02080061 -0.14085852 1.55631206
v -0.01939842 -0.14328888 1.56079903
v 0.00864525 -0.13945633 1.54537497
v -0.01313533 -0.13964320 1.54649679
v -0.02369851 -0.14581291 1.56509912
v -0.02407243 -0.14497151 1.56556648
v -0.02089411 -0.14571943 1.56472525
v -0.02061368 -0.14469117 1.56350993
v -0.02865289 -0.14413029 1.56210773
v -0.01995933 -0.14263453 1.55004892
v -0.02052019 -0.13898894 1.54986204
v -0.02061368 -0.14515856 1.56491213
v -0.02837247 -0.14338246 1.56528611
v -0.02612893 -0.14039112 1.56107951
v -0.02136153 -0.13814762 1.55519035
v -0.01949191 -0.14151288 1.56107951
v -0.02921375 -0.14328888 1.56407079
v 0.00929960 -0.13478237 1.54444024
v -0.01360275 -0.13543672 1.54500110
v -0.02594199 -0.14272810 1.56537960
v -0.02005283 -0.14254114 1.56304257
v -0.02098761 -0.14282158 1.56481863
v -0.02734419 -0.14104548 1.56238822
v -0.02023976 -0.13609108 1.54939457
v -0.02407243 -0.14497151 1.56556648
v -0.02500722 -0.13665195 1.55864910
v -0.01593973 -0.13739979 1.56070565
v -0.02594199 -0.14272810 1.56537960
v 0.00976702 -0.12393874 1.53855097
v -0.01378968 -0.12403223 1.54191622
v -0.02837247 -0.13478237 1.56874485
v -0.02902681 -0.13450194 1.56724916
v -0.02883983 -0.13403454 1.56556648
v -0.02846590 -0.13123007 1.56238822
v -0.02743768 -0.13571716 1.56986657
v -0.02210932 -0.12823883 1.55060989
v -0.02070718 -0.13169755 1.56023817
v -0.02435286 -0.13702587 1.56874485
v -0.02407243 -0.13543672 1.56921222
v -0.02005283 -0.12562136 1.54509459
v -0.02210932 -0.13440845 1.56631433
v -0.02594199 -0.13618456 1.57033304
v -0.02893332 -0.12889309 1.56556648
v -0.02827897 -0.13328671 1.56874485
v -0.02846590 -0.13216486 1.56752953
v -0.02725070 -0.13468889 1.57024043
v -0.02781155 -0.13422140 1.56958608
v -0.02603549 -0.13534325 1.57070691
v -0.02416587 -0.13459532 1.57023954
v -0.02603549 -0.13534325 1.57070691
v -0.02594199 -0.13618456 1.57033304
v -0.02164195 -0.13422140 1.57145475
v -0.01939842 -0.12655620 1.56995906
v -0.02061368 -0.12636921 1.55883597
v -0.02061368 -0.12683663 1.56285558
v -0.01378968 -0.11935827 1.54042064
v -0.02005283 -0.12216267 1.54453374
v -0.00257216 -0.17759584 1.56836998
v -0.00397436 -0.17647409 1.56967869
v -0.00350700 -0.17694149 1.56930471
v -0.00014175 -0.18385894 1.56967869
v -0.00191781 -0.18404590 1.57014605
v -0.00201131 -0.18432635 1.56808950
v -0.00360044 -0.18395234 1.57014605
v -0.00378743 -0.18432635 1.56818299
v -0.00593742 -0.18339155 1.56967869
v -0.00612440 -0.18348503 1.56752864
v -0.00696569 -0.18301763 1.56986556
v -0.00733961 -0.18301763 1.56752864
v -0.00883530 -0.18264372 1.57051992
v -0.00930272 -0.18292407 1.56836998
v -0.01014400 -0.18180241 1.57070691
v -0.01061142 -0.18226971 1.56865036
v -0.01163970 -0.18049369 1.57061341
v -0.01248098 -0.18058709 1.56818299
v -0.01313533 -0.17899803 1.57098739
v -0.01435060 -0.17937195 1.56855686
v -0.01397667 -0.17806323 1.57164174
v -0.01565930 -0.17862412 1.56930471
v -0.01519188 -0.17666105 1.57210910
v -0.01659408 -0.17731540 1.56977218
v -0.01612666 -0.17535235 1.57210910
v -0.01715493 -0.17535235 1.56995906
v -0.01668758 -0.17432407 1.57229609
v -0.01771579 -0.17432407 1.56986556
v -0.01724843 -0.17348276 1.57276345
v -0.01902456 -0.17338928 1.57023954
v -0.01771579 -0.17180013 1.57295044
v -0.01949191 -0.17198709 1.57042653
v -0.01818321 -0.17030447 1.57266996
v -0.01958541 -0.17002403 1.57051992
v -0.01837020 -0.16890228 1.57295044
v -0.02014627 -0.16918261 1.57080040
v -0.01893106 -0.16768705 1.57360480
v -0.02154847 -0.16778053 1.57117438
v -0.01939842 -0.16665877 1.57388517
v -0.02182890 -0.16665877 1.57164174
v -0.01995933 -0.16488267 1.57388517
v -0.02173545 -0.16469572 1.57145475
v -0.02033325 -0.16385441 1.57397866
v -0.02126804 -0.16357396 1.57182873
v -0.02126804 -0.16226526 1.57472651
v -0.02238981 -0.16207830 1.57266996
v -0.02276367 -0.16020871 1.57547436
v -0.02397893 -0.16002175 1.57332431
v -0.02295066 -0.15796521 1.57575484
v -0.02416587 -0.15731086 1.57351130
v -0.02248324 -0.15590866 1.57584833
v -0.02379195 -0.15534779 1.57369829
v -0.02351152 -0.15301082 1.57631570
v -0.02416587 -0.15273028 1.57491350
v -0.02416587 -0.15058036 1.57659607
v -0.02463329 -0.15001938 1.57528737
v -0.02360501 -0.14833676 1.57697005
v -0.02491372 -0.14768240 1.57482000
v -0.01659408 -0.15618911 1.57425915
v -0.01593973 -0.15871305 1.57341781
v -0.01668758 -0.15805869 1.57313743
v -0.02556807 -0.14945860 1.57201561
v -0.02734419 -0.15207602 1.57182873
v -0.02510065 -0.15207602 1.57266996
v -0.01107879 -0.18301763 1.56453726
v -0.00902223 -0.18301763 1.56360253
v -0.00883530 -0.18348503 1.56528510
v -0.01799628 -0.17535235 1.56780913
v -0.01967890 -0.17553921 1.56650031
v -0.01771579 -0.17703497 1.56659381
v -0.02379195 -0.16750000 1.56846348
v -0.02276367 -0.16862184 1.56734165
v -0.02323109 -0.16890228 1.56865036
v -0.02538113 -0.14740206 1.57285695
v -0.02734419 -0.14740206 1.57154825
v -0.01192013 -0.18226971 1.56593946
v -0.01276141 -0.18226971 1.56481774
v -0.01874407 -0.17413711 1.56790251
v -0.02042670 -0.17432407 1.56640693
v -0.02472679 -0.16647173 1.56958519
v -0.02425936 -0.16619138 1.56865036
v -0.00201131 -0.18404590 1.56397640
v -0.00004828 -0.18385894 1.56304168
v -0.00004828 -0.18376546 1.56491124
v -0.01332233 -0.18077413 1.56593946
v -0.01472447 -0.18002630 1.56453726
v -0.02164195 -0.17348276 1.56874385
v -0.02182890 -0.17320223 1.56752864
v -0.02267024 -0.16432180 1.56958519
v -0.02257674 -0.16385441 1.56827649
v -0.02472679 -0.15693694 1.57145475
v -0.02659634 -0.15927392 1.57126776
v -0.00425479 -0.18376546 1.56416339
v -0.00201131 -0.18441983 1.56556559
v -0.01622016 -0.18011978 1.56668730
v -0.01603317 -0.17965238 1.56500473
v -0.02070718 -0.17180013 1.56836998
v -0.02089411 -0.17151961 1.56724816
v -0.02276367 -0.16320004 1.56949170
v -0.02285717 -0.16301309 1.56836998
v -0.02435286 -0.15478692 1.57173524
v -0.02631591 -0.15422604 1.57014605
v -0.02444630 -0.15572172 1.56977218
v -0.00659182 -0.18376546 1.56500473
v -0.00649833 -0.18357851 1.56341554
v -0.01650059 -0.17843716 1.56612644
v -0.02257674 -0.17002403 1.56846348
v -0.02229631 -0.16974358 1.56724816
v -0.02547457 -0.16189134 1.56902433
v -0.01640709 -0.17862412 1.56724816
v -0.00313308 -0.17871760 1.56547209
v -0.00191781 -0.17881106 1.56565908
v -0.00219830 -0.17974586 1.56603295
v -0.01743536 -0.16217178 1.57061341
v -0.01734193 -0.16291961 1.57005255
v -0.01846364 -0.16310657 1.56865036
v -0.01593973 -0.16759357 1.56893084
v -0.01519188 -0.16871532 1.56865036
v -0.01593973 -0.16908923 1.56808950
v -0.01285490 -0.17366972 1.56687429
v -0.01145270 -0.17479146 1.56631343
v -0.01257447 -0.17553921 1.56556559
v -0.01893106 -0.14983252 1.57379178
v -0.01855713 -0.15226298 1.57360480
v -0.02014627 -0.15170202 1.57229609
v -0.00771354 -0.17759584 1.56537860
v -0.00537656 -0.17825010 1.56481774
v -0.00640483 -0.17927847 1.56425688
v -0.01790279 -0.16394789 1.56902433
v -0.01715493 -0.16394789 1.56958519
v -0.01678102 -0.16553703 1.56921121
v -0.01537882 -0.17067838 1.56771563
v -0.01444404 -0.17011751 1.56818299
v -0.01397667 -0.17114578 1.56790251
v -0.01051793 -0.17544583 1.56575258
v -0.00948965 -0.17638061 1.56556559
v -0.00930272 -0.17628714 1.56519161
v -0.01883756 -0.15497387 1.57229609
v -0.01837020 -0.15637607 1.57192211
v -0.01967890 -0.15553476 1.57042653
v -0.00434828 -0.17862412 1.56472425
v -0.00388092 -0.18030674 1.56547209
v -0.01827670 -0.16020871 1.57051992
v -0.01734193 -0.16039567 1.57136126
v -0.01724843 -0.16740661 1.56780913
v -0.01622016 -0.16693922 1.56902433
v -0.01444404 -0.17301537 1.56640693
v -0.01350926 -0.17236100 1.56752864
v -0.02154847 -0.14740206 1.57266996
v -0.01547231 -0.14758902 1.57453963
v -0.00864831 -0.17703497 1.56565908
v -0.00855488 -0.17843716 1.56491124
v -0.00042217 -0.17815671 1.56621994
v -0.00079610 -0.18002630 1.56509823
v -0.01173313 -0.17610018 1.56500473
v -0.00518962 -0.18002630 1.56425688
v -0.01790279 -0.15777815 1.57145475
v -0.01865063 -0.15796521 1.57070691
v -0.01734193 -0.16581738 1.56865036
v -0.01509838 -0.17170665 1.56650031
v -0.01575274 -0.16020871 1.57295044
v -0.01640709 -0.16020871 1.57248308
v -0.00238523 -0.18563495 1.57182873
v -0.00369393 -0.18535462 1.57229609
v -0.00518962 -0.18516766 1.57238959
v -0.00462871 -0.18376546 1.57388517
v -0.00827445 -0.18432635 1.57238959
v -0.00967659 -0.18367200 1.57266996
v -0.01061142 -0.18292407 1.57285695
v -0.01416361 -0.18077413 1.57313743
v -0.01145270 -0.17927847 1.57519398
v -0.01622016 -0.17834367 1.57369829
v -0.01687451 -0.17731540 1.57388517
v -0.01874407 -0.17535235 1.57435264
v -0.01921149 -0.17432407 1.57453963
v -0.01481796 -0.17338928 1.57659607
v -0.02042670 -0.17198709 1.57491350
v -0.02108104 -0.17058490 1.57482000
v -0.01678102 -0.16899575 1.57743741
v -0.01734193 -0.16768705 1.57781139
v -0.01790279 -0.16665877 1.57790477
v -0.01846364 -0.16525659 1.57799827
v -0.01883756 -0.16413475 1.57827875
v -0.01939842 -0.16273265 1.57883961
v -0.02070718 -0.16105002 1.57874611
v -0.02080061 -0.15712390 1.57958745
v -0.02098761 -0.15375865 1.58014831
v -0.02136153 -0.15160863 1.58061567
v -0.02164195 -0.14964556 1.58089616
v -0.01145270 -0.15815218 1.57668956
v -0.01135922 -0.15974132 1.57650269
v -0.01528538 -0.16338700 1.57201561
v -0.01107879 -0.16273265 1.57575484
v -0.01089185 -0.16329352 1.57556785
v -0.00593742 -0.17591322 1.56883735
v -0.00509613 -0.17460451 1.57098739
v -0.00490920 -0.17516538 1.57061341
v -0.01126577 -0.16114350 1.57622220
v -0.01285490 -0.15375865 1.57762440
v -0.01248098 -0.15488040 1.57743741
v -0.01668758 -0.15469344 1.57453963
v -0.01369619 -0.15114123 1.57827875
v -0.01668758 -0.15310430 1.57500699
v -0.01547231 -0.16254569 1.57210910
v -0.01126577 -0.16207830 1.57594172
v -0.01565930 -0.16151741 1.57248308
v -0.01220056 -0.15590866 1.57734392
v -0.00808746 -0.17404363 1.56958519
v -0.00780703 -0.17123926 1.57201561
v -0.00790052 -0.17198709 1.57192211
v -0.00864831 -0.17329580 1.56995906
v -0.00939616 -0.16965012 1.57285695
v -0.00322657 -0.17796975 1.56855686
v -0.00285265 -0.17703497 1.56911783
v -0.01360275 -0.16628486 1.57313743
v -0.01061142 -0.16394789 1.57528737
v -0.00995707 -0.16553703 1.57463301
v -0.00668526 -0.17525887 1.56893084
v -0.00518962 -0.17395015 1.57126776
v -0.00733961 -0.17469798 1.56921121
v -0.00425479 -0.17684801 1.56846348
v -0.00462871 -0.17553921 1.57033304
v -0.00425479 -0.17600670 1.57005255
v -0.00509613 -0.17638061 1.56865036
v -0.01248098 -0.16871532 1.57164174
v -0.00977008 -0.16619138 1.57435264
v -0.00977008 -0.16693922 1.57407216
v -0.01425710 -0.14945860 1.57837225
v -0.01706145 -0.15067384 1.57566134
v -0.00341350 -0.17731540 1.56846348
v -0.01135922 -0.17077186 1.57089389
v -0.00977008 -0.16787401 1.57369829
v -0.00958315 -0.16899575 1.57323082
v -0.01192013 -0.16974358 1.57136126
v -0.00911573 -0.17245448 1.57014605
v -0.00060911 -0.17796975 1.56855686
v -0.00229173 -0.17684801 1.56949170
v -0.01500495 -0.16619138 1.57051992
v -0.01397667 -0.16675225 1.57089389
v -0.00388092 -0.17778280 1.56621994
v -0.00575048 -0.17703497 1.56650031
v -0.01724843 -0.14871068 1.57594172
v -0.01780929 -0.15067384 1.57510049
v -0.00285265 -0.17806323 1.56631343
v -0.00967659 -0.17479146 1.56715477
v -0.01033093 -0.17413711 1.56771563
v -0.00173088 -0.17825010 1.56650031
v -0.00659182 -0.17656747 1.56668730
v -0.00883530 -0.17553921 1.56678080
v -0.01360275 -0.16983698 1.56958519
v -0.01435060 -0.16834140 1.57005255
v -0.01182663 -0.17217406 1.56827649
v -0.01313533 -0.17067838 1.56921121
v -0.01743536 -0.15301082 1.57463301
v -0.01603317 -0.16301309 1.57154825
v -0.01622016 -0.16198482 1.57201561
v -0.01107879 -0.17329580 1.56818299
v -0.01724843 -0.15516083 1.57425915
v -0.01509838 -0.16413475 1.57173524
v -0.01575274 -0.16404135 1.57117438
v -0.00715268 -0.16506963 1.57510049
v 0.00724305 -0.16460224 1.57556785
v 0.00724305 -0.16525659 1.57528737
v -0.00715268 -0.16441528 1.57528737
v 0.00724305 -0.16404135 1.57575484
v -0.00275915 -0.17226752 1.57182873
v 0.00331694 -0.17170665 1.57229609
v 0.00331694 -0.17217406 1.57201561
v 0.00789740 -0.15890001 1.57715704
v 0.00789740 -0.15992827 1.57706354
v -0.00790052 -0.16030219 1.57668956
v -0.00705918 -0.16647173 1.57453963
v 0.00724305 -0.16600442 1.57500699
v 0.00724305 -0.16675225 1.57463301
v -0.00855488 -0.15347821 1.57781139
v 0.00845832 -0.15329124 1.57790477
v 0.00845832 -0.15413256 1.57781139
v -0.00855488 -0.15179558 1.57818526
v 0.00845832 -0.15151515 1.57827875
v -0.00790052 -0.16105002 1.57650269
v 0.00789740 -0.16067611 1.57687655
v 0.00789740 -0.16133047 1.57668956
v -0.00705918 -0.16731312 1.57416565
v 0.00331694 -0.16955664 1.57351130
v -0.00846138 -0.15525431 1.57762440
v 0.00845832 -0.15488040 1.57781139
v 0.00789740 -0.15712390 1.57725042
v -0.00790052 -0.16235873 1.57612871
v 0.00789740 -0.16198482 1.57659607
v 0.00789740 -0.16245212 1.57631570
v -0.00790052 -0.16170438 1.57631570
v -0.00790052 -0.16291961 1.57594172
v -0.00257216 -0.17329580 1.57126776
v 0.00331694 -0.17264145 1.57173524
v 0.00331694 -0.17338928 1.57136126
v -0.00266566 -0.17273493 1.57154825
v -0.00892879 -0.14917817 1.57865262
v 0.00883224 -0.14899111 1.57893310
v -0.00238523 -0.17395015 1.57098739
v 0.00331694 -0.17423049 1.57089389
v -0.00294609 -0.17067838 1.57266996
v 0.00331694 -0.17021099 1.57313743
v 0.00331694 -0.17077186 1.57285695
v -0.00210480 -0.17563277 1.57014605
v 0.00331694 -0.17535235 1.57033304
v 0.00331694 -0.17675453 1.56958519
v -0.00229173 -0.17479146 1.57061341
v -0.00285265 -0.17170665 1.57210910
v 0.00331694 -0.17123926 1.57257647
v -0.00294609 -0.17123926 1.57238959
v -0.00799396 -0.15749781 1.57706354
v 0.00079303 -0.18367200 1.56790251
v 0.00079303 -0.18432635 1.56977218
v 0.00032564 -0.18404590 1.56967869
v -0.01958541 -0.13711935 1.57566134
v -0.01313533 -0.13534325 1.57781139
v -0.01388318 -0.13768023 1.57874611
v 0.00079303 -0.18647636 1.57192211
v 0.00041912 -0.18404590 1.56481774
v 0.00079303 -0.18395234 1.56472425
v 0.00013868 -0.17843716 1.56659381
v 0.00069955 -0.17843716 1.56659381
v 0.00069955 -0.17899803 1.56593946
v 0.00004520 -0.18133500 1.56397640
v 0.00088651 -0.18068065 1.56369603
v 0.00079303 -0.18367200 1.56304168
v -0.02566156 -0.16235873 1.57023954
v -0.02566156 -0.14955208 1.57304394
v -0.01005051 -0.18311111 1.56593946
v -0.01762236 -0.17712845 1.56771563
v -0.02257674 -0.16750000 1.56883735
v -0.00014175 -0.18385894 1.56790251
v -0.02126804 -0.15890001 1.57902660
v -0.00416135 -0.18423287 1.56565908
v 0.00041912 -0.18376546 1.56304168
v -0.00434828 -0.18255024 1.56406990
v -0.00257216 -0.18273720 1.56435038
v -0.01855713 -0.16273265 1.56865036
v -0.01837020 -0.16320004 1.56855686
v -0.02584850 -0.14011068 1.57388517
v -0.02734419 -0.14011068 1.57323082
v -0.02622242 -0.14235419 1.57369829
v -0.01696800 -0.16815435 1.56743515
v -0.01556581 -0.16965012 1.56808950
v -0.01547231 -0.17497842 1.56584596
v -0.01397667 -0.17647409 1.56519161
v -0.02070718 -0.14973904 1.57248308
v -0.02070718 -0.15151515 1.57201561
v -0.00883530 -0.17881106 1.56472425
v -0.00836789 -0.18096109 1.56304168
v -0.02061368 -0.16460224 1.56883735
v -0.02014627 -0.16609790 1.56855686
v -0.02538113 -0.14198017 1.58164400
v -0.02528764 -0.14104548 1.57781139
v -0.02482022 -0.14319549 1.57781139
v -0.01752886 -0.17142621 1.56780913
v -0.01706145 -0.17348276 1.56593946
v -0.01182663 -0.17694149 1.56444387
v -0.01154620 -0.17703497 1.56444387
v -0.02341808 -0.15385213 1.57080040
v -0.01995933 -0.15562824 1.57070691
v -0.00593742 -0.18189589 1.56304168
v -0.02173545 -0.16067611 1.56949170
v -0.01939842 -0.16796749 1.56743515
v -0.02042670 -0.14272810 1.57472651
v -0.01481796 -0.14057808 1.57659607
v -0.01977234 -0.14029755 1.57668956
v -0.01425710 -0.17348276 1.56584596
v -0.02154847 -0.14740206 1.57126776
v -0.01014400 -0.17815671 1.56519161
v -0.00070260 -0.18152197 1.56425688
v -0.02575506 -0.14057808 1.57594172
v -0.02668984 -0.14254114 1.57444614
v -0.02631591 -0.15871305 1.57014605
v -0.02267024 -0.15777815 1.57023954
v -0.00995707 -0.14375637 1.57949396
v -0.01061142 -0.14020417 1.57902660
v 0.00967353 -0.14001720 1.57921359
v 0.00004520 -0.17983934 1.56509823
v 0.00069955 -0.17974586 1.56500473
v 0.00088651 -0.18068065 1.56369603
v -0.00257216 -0.18273720 1.56435038
v -0.01855713 -0.16273265 1.56865036
v -0.01519188 -0.16179776 1.56958519
v -0.02575506 -0.14011068 1.57238959
v -0.01696800 -0.16815435 1.56743515
v -0.01687451 -0.16796749 1.56771563
v -0.01388318 -0.17423049 1.56640693
v -0.01397667 -0.17647409 1.56519161
v -0.02070718 -0.14973904 1.57248308
v -0.02042670 -0.14964556 1.57313743
v -0.00883530 -0.17881106 1.56472425
v -0.02014627 -0.16609790 1.56855686
v -0.02052019 -0.14160626 1.57379178
v -0.02257674 -0.14001720 1.57407216
v -0.01706145 -0.14020417 1.57566134
v -0.01752886 -0.17142621 1.56780913
v -0.01154620 -0.17703497 1.56444387
v -0.02023976 -0.15459996 1.57089389
v -0.01995933 -0.15562824 1.57070691
v -0.00434828 -0.18255024 1.56406990
v -0.02556807 -0.14282158 1.57640919
v -0.01425710 -0.17348276 1.56584596
v -0.00958315 -0.17778280 1.56528510
v -0.00070260 -0.18152197 1.56425688
v -0.01837020 -0.16320004 1.56855686
v -0.01762236 -0.14721511 1.57622220
v -0.01846364 -0.14506508 1.57687655
v -0.01397667 -0.14684119 1.57912009
v -0.01556581 -0.16965012 1.56808950
v -0.01182663 -0.17694149 1.56444387
v -0.02070718 -0.15151515 1.57201561
v -0.00593742 -0.18189589 1.56304168
v -0.02173545 -0.16067611 1.56949170
v -0.01939842 -0.16796749 1.56743515
v -0.02210932 -0.14188679 1.57388517
v -0.02575506 -0.14011068 1.57238959
v -0.01014400 -0.17815671 1.56519161
v -0.02799854 -0.14628031 1.57369829
v -0.02725070 -0.14618683 1.57201561
v -0.02201588 -0.14786946 1.58117664
v -0.02369851 -0.14674771 1.57743741
v -0.01902456 -0.14786946 1.57388517
v -0.01930498 -0.14637379 1.57416565
v -0.02528764 -0.14628031 1.57510049
v -0.00902223 -0.14805642 1.57883961
v 0.00883224 -0.14786946 1.57912009
v -0.02491372 -0.14599978 1.57145475
v -0.02173545 -0.14665414 1.57295044
v -0.01537882 -0.14609335 1.57500699
v -0.01893106 -0.14328888 1.57668956
v -0.01491145 -0.14057808 1.57874611
v -0.02154847 -0.14740206 1.57126776
v -0.02491372 -0.14599978 1.57145475
v -0.02631591 -0.14450420 1.57416565
v -0.02603549 -0.14422377 1.57332431
v -0.02257674 -0.14628031 1.58136352
v -0.02416587 -0.14506508 1.57771789
v -0.02005283 -0.14441073 1.57482000
v -0.02519415 -0.14487812 1.57622220
v -0.00920922 -0.14656075 1.57930697
v 0.00883224 -0.14646727 1.57949396
v -0.02173545 -0.14413029 1.57360480
v -0.01995933 -0.14375637 1.57379178
v -0.01565930 -0.14375637 1.57566134
v -0.01453753 -0.14394333 1.57930697
v -0.02173545 -0.14413029 1.57360480
v -0.02341808 -0.14403681 1.58164400
v 0.00929960 -0.14366280 1.57968095
v -0.02210932 -0.14188679 1.57388517
v -0.01565930 -0.14216723 1.57584833
v -0.02005283 -0.13898894 1.57640919
v -0.01079836 -0.13768023 1.57893310
v 0.00967353 -0.13758665 1.57902660
v -0.02603549 -0.13824110 1.57547436
v -0.02790504 -0.13786718 1.57416565
v -0.03098986 -0.13898894 1.58033530
v -0.02659634 -0.13870849 1.57781139
v -0.02725070 -0.13786718 1.57341781
v -0.01622016 -0.13870849 1.57603521
v -0.02603549 -0.13814762 1.57295044
v -0.02397893 -0.13805414 1.57379178
v -0.01902456 -0.13534325 1.57491350
v -0.01229404 -0.13291269 1.57678306
v -0.02248324 -0.13824110 1.57472651
v -0.02603549 -0.13814762 1.57295044
v -0.01706145 -0.15665650 1.57369829
v -0.01472447 -0.16712618 1.57023954
v -0.00481570 -0.17750236 1.56621994
v -0.00051567 -0.17843716 1.56659381
v -0.01537882 -0.16525659 1.57089389
v 0.00013868 -0.17796975 1.56846348
v 0.00088651 -0.17796975 1.56846348
v -0.02145497 -0.13618456 1.57444614
v -0.02977466 -0.13524967 1.57622220
v -0.02902681 -0.13553020 1.57491350
v -0.02874638 -0.13693230 1.57538086
v -0.02407243 -0.13739979 1.57332431
v -0.02416587 -0.13665195 1.57295044
v -0.02285717 -0.13637152 1.57379178
v -0.02725070 -0.13711935 1.57323082
v -0.02734419 -0.13637152 1.57304394
v -0.02603549 -0.13674543 1.57248308
v -0.02809204 -0.13599760 1.57341781
v -0.02799854 -0.13693230 1.57379178
v -0.01042443 -0.13515629 1.57790477
v -0.01051793 -0.13281931 1.57678306
v 0.00967353 -0.13253878 1.57697005
v -0.03070943 -0.13646500 1.58024181
v -0.03033552 -0.13403454 1.58005482
v -0.02267024 -0.13730631 1.57425915
v -0.01818321 -0.13225834 1.57332431
v -0.01294840 -0.12954744 1.57472651
v -0.02603549 -0.13749326 1.57276345
v -0.02603549 -0.13674543 1.57248308
v -0.02809204 -0.13487585 1.57192211
v -0.02734419 -0.13534325 1.57164174
v -0.01145270 -0.12926710 1.57472651
v 0.00967353 -0.13020180 1.57668956
v -0.03033552 -0.13141712 1.57725042
v -0.02968116 -0.13328671 1.57444614
v -0.02285717 -0.13487585 1.57154825
v -0.02164195 -0.13422140 1.57145475
v -0.01322883 -0.12515400 1.57360480
v -0.01818321 -0.12225611 1.56883735
v -0.02603549 -0.13553020 1.57173524
v -0.02425936 -0.13524967 1.57154825
v -0.02893332 -0.13431497 1.57285695
v -0.02603549 -0.13553020 1.57173524
v -0.02285717 -0.13487585 1.57154825
v -0.02968116 -0.13328671 1.57444614
v -0.03033552 -0.13141712 1.57725042
v -0.02893332 -0.13431497 1.57285695
v -0.02809204 -0.13487585 1.57192211
v -0.02425936 -0.13524967 1.57154825
v -0.02734419 -0.13534325 1.57164174
v -0.02603549 -0.13553020 1.57173524
v -0.02210932 -0.12487352 1.55042290
v -0.02136153 -0.12664963 1.56593946
v -0.01145270 -0.12926710 1.57472651
v 0.00976702 -0.11954521 1.53827059
v -0.02164195 -0.12674313 1.56799600
v -0.02005283 -0.11702129 1.54453374
v -0.02210932 -0.11963870 1.55004892
v -0.01173313 -0.12515400 1.57351130
v -0.01154620 -0.12160176 1.57080040
v -0.02182890 -0.12206917 1.55790125
v -0.02117454 -0.12263003 1.56556559
v -0.01995933 -0.12253660 1.56752864
v -0.02201588 -0.12300395 1.56098602
v -0.02145497 -0.12309745 1.56360253
v -0.01378968 -0.11515169 1.54004666
v 0.00976702 -0.11533867 1.53789661
v -0.02126804 -0.13749326 1.57510049
v -0.00715268 -0.16581738 1.57482000
v -0.00799396 -0.15927392 1.57687655
v -0.00855488 -0.15431952 1.57771789
v -0.00696569 -0.16806097 1.57379178
v 0.00041912 -0.18376546 1.56790251
v -0.01416361 -0.14833676 1.57855923
v -0.00201131 -0.18610245 1.57182873
v 0.00004520 -0.17899803 1.56593946
v 0.00004520 -0.18133500 1.56397640
v 0.00967353 -0.12244310 1.57323082
v -0.00967659 -0.12141483 1.57080040
v -0.02968116 -0.13683891 1.57659607
v -0.02603549 -0.13749326 1.57276345
v 0.00967353 -0.13506281 1.57799827
v -0.00995707 -0.12618228 1.57220260
v -0.00995707 -0.12842578 1.57295044
v 0.00967353 -0.12478008 1.57201561
v -0.00995707 -0.12842578 1.57295044
v -0.00939616 -0.12664963 1.57070691
v -0.00939616 -0.12833231 1.57108088
v 0.00967353 -0.12590185 1.57051992
v 0.00967353 -0.12908014 1.57323082
v -0.00939616 -0.12833231 1.57108088
v -0.00930272 -0.12655620 1.56893084
v -0.00939616 -0.12889309 1.56949170
v 0.00967353 -0.12627572 1.56883735
v -0.00939616 -0.12889309 1.56949170
v 0.00967353 -0.12954744 1.56986556
v -0.00864831 -0.12730403 1.56799600
v -0.00902223 -0.12870622 1.56827649
v 0.00967353 -0.12749100 1.56780913
v -0.00902223 -0.12870622 1.56827649
v 0.00967353 -0.12898666 1.56808950
v 0.01453447 -0.12954744 1.57472651
v 0.02378888 -0.13768023 1.56930571
v 0.02248018 -0.13936285 1.56883824
v 0.02341496 -0.14011068 1.56911872
v 0.02556500 -0.14609335 1.56781002
v 0.02416280 -0.14571943 1.56734266
v 0.02397587 -0.14590640 1.56650131
v 0.02163889 -0.14207375 1.56781002
v 0.02229325 -0.14487812 1.56668830
v 0.02285411 -0.14422377 1.56781002
v 0.02219975 -0.14422377 1.56519261
v 0.02406931 -0.14562586 1.56509912
v 0.02425630 -0.14450420 1.56379041
v 0.02191932 -0.14328888 1.56117301
v 0.02547151 -0.14478465 1.56145338
v 0.02117148 -0.14216723 1.56612734
v 0.02163889 -0.14207375 1.56360342
v 0.02687371 -0.13814762 1.56266870
v 0.02930418 -0.13786709 1.56528611
v 0.02790198 -0.13945633 1.56435127
v 0.02790198 -0.14123234 1.56397740
v 0.02640629 -0.14104548 1.56023817
v 0.02687371 -0.13917589 1.56126650
v 0.02986503 -0.13973677 1.56752953
v 0.02584543 -0.14235419 1.56033167
v 0.02958461 -0.14169983 1.56687518
v 0.02696720 -0.14394324 1.56107951
v 0.02855634 -0.14366280 1.56360342
v 0.02827591 -0.14459759 1.56612734
v 0.02967810 -0.14160626 1.56874485
v 0.02893025 -0.13936285 1.57052092
v 0.03014546 -0.13964320 1.56977307
v 0.02902375 -0.13749326 1.56939921
v 0.02565850 -0.14506508 1.56332305
v 0.02556500 -0.14553248 1.56369692
v 0.02621936 -0.14599978 1.56528611
v 0.02855634 -0.14487812 1.56771652
v 0.02874327 -0.14151288 1.56967958
v 0.02967810 -0.14160626 1.56874485
v 0.02659328 -0.13852154 1.56958608
v 0.02864982 -0.13814762 1.57033393
v 0.02780848 -0.14459759 1.56874485
v 0.02593893 -0.13749326 1.56986657
v 0.02453673 -0.13842806 1.56986657
v 0.02621936 -0.14656075 1.56696868
v 0.02855634 -0.14487812 1.56771652
v 0.02556500 -0.14057798 1.56883824
v 0.02472366 -0.14272810 1.56799701
v 0.02519108 -0.13721274 1.56921222
v 0.02304104 -0.14188679 1.56827738
v 0.02500415 -0.13796057 1.56809050
v 0.02378888 -0.13768023 1.56930571
v 0.02519108 -0.13721274 1.56921222
v 0.02163889 -0.13973677 1.56650131
v 0.02248018 -0.13936285 1.56883824
v 0.02734113 -0.13749326 1.56294907
v 0.02378888 -0.13796057 1.56220123
v 0.02621936 -0.13805414 1.56491213
v 0.02163889 -0.14207375 1.56781002
v 0.02481716 -0.13964320 1.56435127
v 0.02219975 -0.13926928 1.56107951
v 0.02182582 -0.14123234 1.56107951
v 0.02706064 -0.13730631 1.56911872
v 0.02855634 -0.13758665 1.56762303
v 0.02696720 -0.13758665 1.56781002
v 0.02827591 -0.13749326 1.56341644
v 0.02734113 -0.13721274 1.56547298
v 0.02902375 -0.13749326 1.56939921
v 0.02874327 -0.13777371 1.56762303
v 0.02855634 -0.13758665 1.56762303
v 0.02827591 -0.13749326 1.56341644
v 0.02836934 -0.13739979 1.56547298
v 0.02836934 -0.13739979 1.56547298
v 0.03014546 -0.13964320 1.56977307
v 0.02706064 -0.13730631 1.56911872
v 0.02724763 -0.13749326 1.57005356
v 0.01631053 -0.17600670 1.55995780
v 0.01677795 -0.17395015 1.55892947
v 0.01434748 -0.17525887 1.55864910
v 0.01303877 -0.17843716 1.55846211
v 0.01285184 -0.17796975 1.55874248
v 0.01266485 -0.17740888 1.55762077
v 0.01331920 -0.17581964 1.55836861
v 0.01247791 -0.17647400 1.55790125
v 0.01285184 -0.17750226 1.55874248
v 0.01210400 -0.17600670 1.55715340
v 0.01247791 -0.17694149 1.55677943
v 0.01257141 -0.17516529 1.55275982
v 0.01313227 -0.17591322 1.55247945
v 0.01219749 -0.17628714 1.55537723
v 0.01266485 -0.17488486 1.55734039
v 0.01229093 -0.17591322 1.55593820
v 0.01210400 -0.17376320 1.55603158
v 0.01771273 -0.17385658 1.55322730
v 0.01855407 -0.17516529 1.55603158
v 0.01855407 -0.17619356 1.55416202
v 0.01705838 -0.17694149 1.55360116
v 0.01537575 -0.17469798 1.55107725
v 0.01733880 -0.17460451 1.55173160
v 0.01836709 -0.17675453 1.55603158
v 0.01462791 -0.17740888 1.55388165
v 0.01416054 -0.17553921 1.55117075
v 0.01677795 -0.17768932 1.55565771
v 0.01303877 -0.17600670 1.55201198
v 0.01472140 -0.17815663 1.55575121
v 0.01789972 -0.17656747 1.55799475
v 0.01799316 -0.17591322 1.55939683
v 0.01677795 -0.17684791 1.55977081
v 0.01294528 -0.17712845 1.55481637
v 0.01631053 -0.17778280 1.55799475
v 0.01649752 -0.17666105 1.56014468
v 0.01472140 -0.17871760 1.55780776
v 0.01565618 -0.17778280 1.55949033
v 0.01789972 -0.17525887 1.55958382
v 0.01303877 -0.17843716 1.55734039
v 0.01453447 -0.17843716 1.55930345
v 0.01518882 -0.17750226 1.55995780
v 0.01771273 -0.17469798 1.55977081
v 0.01789972 -0.17376320 1.55892947
v 0.01406705 -0.17731540 1.55949033
v 0.01425398 -0.17796975 1.55967732
v 0.01752580 -0.17310875 1.55790125
v 0.01631053 -0.17310875 1.55762077
v 0.01677795 -0.17395015 1.55892947
v 0.01434748 -0.17525887 1.55864910
v 0.01425398 -0.17451094 1.55752727
v 0.01434748 -0.17525887 1.55864910
v 0.01603010 -0.17217396 1.55360116
v 0.01444097 -0.17151961 1.55332068
v 0.01537575 -0.17198709 1.55640556
v 0.01425398 -0.17451094 1.55752727
v 0.01331920 -0.17581964 1.55836861
v 0.01369312 -0.17320223 1.55603158
v 0.01331920 -0.17282831 1.55257294
v 0.01154314 -0.17292189 1.55285332
v 0.01818014 -0.17469798 1.55855560
v 0.01808666 -0.17423049 1.55762077
v 0.01715187 -0.17301537 1.55369466
v 0.01687145 -0.17254787 1.55677943
v 0.01341270 -0.17825010 1.55640556
v 0.01846057 -0.17563277 1.55827512
v 0.01846057 -0.17544583 1.55705991
v 0.01789972 -0.17376320 1.55659255
v 0.01369312 -0.17320223 1.55603158
v 0.01490839 -0.17684791 1.55967732
v 0.01182357 -0.17750226 1.55790125
v 0.00976702 -0.17796975 1.55780776
v 0.01042137 -0.17918489 1.55911646
v 0.00724305 -0.18086752 1.55808813
v 0.00705612 -0.18049361 1.55836861
v 0.00686913 -0.18002630 1.55715340
v 0.00789740 -0.17871760 1.55771426
v 0.00677569 -0.17927847 1.55734039
v 0.00705612 -0.18011978 1.55836861
v 0.00658870 -0.17862412 1.55659255
v 0.00686913 -0.17955881 1.55631206
v 0.00630827 -0.17787619 1.55528384
v 0.00649526 -0.17722184 1.55229246
v 0.00686913 -0.17806323 1.55210547
v 0.00789740 -0.17871760 1.55771426
v 0.00696262 -0.17694149 1.55547072
v 0.01313227 -0.17740888 1.55219896
v 0.01313227 -0.17834367 1.55537723
v 0.01229093 -0.17909151 1.55360116
v 0.01042137 -0.17993272 1.55304031
v 0.01051486 -0.17853054 1.55014242
v 0.01210400 -0.17787619 1.55079677
v 0.01285184 -0.17983926 1.55528384
v 0.00911267 -0.17890446 1.55042290
v 0.01088879 -0.18049361 1.55509686
v 0.00789740 -0.17937195 1.55135762
v 0.00911267 -0.18077413 1.55322730
v 0.00920611 -0.18114806 1.55500336
v 0.01107572 -0.18030674 1.55724690
v 0.01313227 -0.17871760 1.55864910
v 0.01247791 -0.17927847 1.55911646
v 0.01266485 -0.17946543 1.55734039
v 0.00752348 -0.18030674 1.55425551
v 0.00677569 -0.17946543 1.55481637
v 0.00911267 -0.18096109 1.55705991
v 0.01107572 -0.18011978 1.55902296
v 0.01229093 -0.17890446 1.55958382
v 0.00948659 -0.18077413 1.55883597
v 0.01210400 -0.17843716 1.55930345
v 0.01313227 -0.17815663 1.55883597
v 0.00724305 -0.18086752 1.55687292
v 0.01070180 -0.17974586 1.55939683
v 0.01303877 -0.17778280 1.55883597
v 0.01285184 -0.17712845 1.55790125
v 0.00920611 -0.17983926 1.55911646
v 0.00939310 -0.18040022 1.55930345
v 0.01247791 -0.17628714 1.55696641
v 0.01135615 -0.17600670 1.55677943
v 0.01182357 -0.17750226 1.55790125
v 0.00976702 -0.17796975 1.55780776
v 0.00920611 -0.17647400 1.55659255
v 0.00976702 -0.17796975 1.55780776
v 0.01210400 -0.17563277 1.55275982
v 0.01060830 -0.17497842 1.55238595
v 0.01116922 -0.17544583 1.55556422
v 0.00743004 -0.17750226 1.55668593
v 0.00976702 -0.17796975 1.55780776
v 0.00808439 -0.17581964 1.55519035
v 0.00808439 -0.17581964 1.55519035
v 0.00780397 -0.17451094 1.55191859
v 0.00649526 -0.17553921 1.55210547
v 0.01303877 -0.17778280 1.55771426
v 0.01294528 -0.17731540 1.55677943
v 0.01285184 -0.17675453 1.55575121
v 0.01285184 -0.17656747 1.55275982
v 0.00752348 -0.18077413 1.55584470
v 0.01322577 -0.17862412 1.55752727
v 0.01341270 -0.17871760 1.55631206
v 0.01210400 -0.17553921 1.55584470
v 0.00593435 -0.17974586 1.55762077
v 0.00378436 -0.17946543 1.55762077
v 0.00387780 -0.18058709 1.55892947
v 0.00088651 -0.18124144 1.55808813
v 0.00088651 -0.18086752 1.55836861
v 0.00088651 -0.18040022 1.55724690
v 0.00238216 -0.17946543 1.55762077
v 0.00116695 -0.17965238 1.55734039
v 0.00107347 -0.18049361 1.55827512
v 0.00107347 -0.17955881 1.55659255
v 0.00088651 -0.18040022 1.55640556
v 0.00135391 -0.17843716 1.55210547
v 0.00135391 -0.17937195 1.55191859
v 0.00088651 -0.17993272 1.55481637
v 0.00238216 -0.17946543 1.55762077
v 0.00088651 -0.17890446 1.55519035
v 0.00200824 -0.17759584 1.55537723
v 0.00649526 -0.17974586 1.55182510
v 0.00714961 -0.18096109 1.55500336
v 0.00602785 -0.18114806 1.55332068
v 0.00434522 -0.18142848 1.55285332
v 0.00415823 -0.18030674 1.54986204
v 0.00593435 -0.17993272 1.55032941
v 0.00630827 -0.18189579 1.55509686
v 0.00266259 -0.18030674 1.55023591
v 0.00453215 -0.18217623 1.55490987
v 0.00172781 -0.18021317 1.55126424
v 0.00275609 -0.18170893 1.55313380
v 0.00275609 -0.18208284 1.55490987
v 0.00453215 -0.18198937 1.55705991
v 0.00696262 -0.18114806 1.55836861
v 0.00612134 -0.18152187 1.55883597
v 0.00630827 -0.18161535 1.55705991
v 0.00126043 -0.18077413 1.55425551
v 0.00602785 -0.18114806 1.55920995
v 0.00256910 -0.18198937 1.55705991
v 0.00415823 -0.18170893 1.55874248
v 0.00593435 -0.18068065 1.55892947
v 0.00705612 -0.18068065 1.55846211
v 0.00088651 -0.18124144 1.55696641
v 0.00238216 -0.18180241 1.55874248
v 0.00387780 -0.18133500 1.55920995
v 0.00705612 -0.18030674 1.55855560
v 0.00696262 -0.17974586 1.55762077
v 0.00228867 -0.18086752 1.55892947
v 0.00228867 -0.18142848 1.55920995
v 0.00668220 -0.17871760 1.55668593
v 0.00556043 -0.17825010 1.55649905
v 0.00593435 -0.17974586 1.55762077
v 0.00387780 -0.18058709 1.55892947
v 0.00378436 -0.17946543 1.55762077
v 0.00359737 -0.17787619 1.55640556
v 0.00378436 -0.17946543 1.55762077
v 0.00621478 -0.17759584 1.55229246
v 0.00537349 -0.17656747 1.55210547
v 0.00546699 -0.17656747 1.55528384
v 0.00210174 -0.17834367 1.55649905
v 0.00378436 -0.17946543 1.55762077
v 0.00369087 -0.17675453 1.55509686
v 0.00369087 -0.17675453 1.55509686
v 0.00369087 -0.17638061 1.55173160
v 0.00219517 -0.17628714 1.55201198
v 0.00705612 -0.18030674 1.55743378
v 0.00686913 -0.17974586 1.55649905
v 0.00649526 -0.17881098 1.55229246
v 0.00658870 -0.17825010 1.55565771
v 0.00107347 -0.18124144 1.55584470
v 0.00705612 -0.18105458 1.55724690
v 0.00705612 -0.18105458 1.55603158
v 0.00705612 -0.17955881 1.55547072
v 0.00359737 -0.17787619 1.55640556
v 0.01818014 -0.16927619 1.56098602
v 0.01724536 -0.17039795 1.56089252
v 0.01780623 -0.17086524 1.56107951
v 0.01855407 -0.17395015 1.55995780
v 0.01780623 -0.17348266 1.55986431
v 0.01733880 -0.17366972 1.55911646
v 0.01649752 -0.17161317 1.56051866
v 0.01649752 -0.17301537 1.55949033
v 0.01705838 -0.17301537 1.56023817
v 0.01603010 -0.17245439 1.55780776
v 0.01705838 -0.17348266 1.55808813
v 0.01771273 -0.17086524 1.55481637
v 0.01855407 -0.17217396 1.55472288
v 0.01715187 -0.17264145 1.55640556
v 0.01603010 -0.17095882 1.55874248
v 0.01687145 -0.17198709 1.55649905
v 0.01705838 -0.17067838 1.55668593
v 0.02070406 -0.16768705 1.55593820
v 0.02163889 -0.16824792 1.55790125
v 0.02276061 -0.16993054 1.55724690
v 0.02154540 -0.17170665 1.55677943
v 0.02107798 -0.17086524 1.55397514
v 0.02248018 -0.16946306 1.55481637
v 0.02229325 -0.16852836 1.55977081
v 0.02135841 -0.17208057 1.55369466
v 0.02285411 -0.17067838 1.55986431
v 0.02014320 -0.17254787 1.55444250
v 0.02061062 -0.17320223 1.55640556
v 0.02098448 -0.17432407 1.55911646
v 0.02191932 -0.17310875 1.55986431
v 0.02238668 -0.17114568 1.56164037
v 0.02126497 -0.17011741 1.56154688
v 0.02107798 -0.17095882 1.56182736
v 0.02238668 -0.17114568 1.56164037
v 0.01883450 -0.17310875 1.55631206
v 0.01902143 -0.17413701 1.55808813
v 0.02126497 -0.17301537 1.56126650
v 0.02023670 -0.17432407 1.56051866
v 0.02126497 -0.17301537 1.56126650
v 0.01958234 -0.16993054 1.56107951
v 0.02023670 -0.17208057 1.56136000
v 0.01930186 -0.17357624 1.56079903
v 0.01930186 -0.16899575 1.56136000
v 0.01864751 -0.16946306 1.56117301
v 0.01911493 -0.17432407 1.55977081
v 0.01883450 -0.17105230 1.56079903
v 0.01808666 -0.17245439 1.56033167
v 0.01948885 -0.16824792 1.56098602
v 0.01724536 -0.17189361 1.56061215
v 0.01808666 -0.16787401 1.55977081
v 0.01818014 -0.16927619 1.56098602
v 0.01948885 -0.16824792 1.56098602
v 0.01733880 -0.16983698 1.55920995
v 0.01724536 -0.17039795 1.56089252
v 0.01958234 -0.16675216 1.55640556
v 0.01883450 -0.16684564 1.55584470
v 0.01818014 -0.16693922 1.55780776
v 0.01827364 -0.16899575 1.55734039
v 0.01864751 -0.16862184 1.55481637
v 0.01789972 -0.16955664 1.55481637
v 0.02089105 -0.16843478 1.56107951
v 0.02117148 -0.16768705 1.55977081
v 0.02014320 -0.16684564 1.55668593
v 0.01967578 -0.16684564 1.55818162
v 0.02089105 -0.16843478 1.56107951
v 0.02182582 -0.16936967 1.56117301
v 0.02098448 -0.16740652 1.55827512
v 0.02117148 -0.16768705 1.55977081
v 0.01948885 -0.16740652 1.55958382
v 0.02098448 -0.16740652 1.55827512
v 0.02023670 -0.16918261 1.56145338
v 0.02089105 -0.16843478 1.56107951
v 0.02182582 -0.16936967 1.56117301
v 0.02098448 -0.16404127 1.56388391
v 0.02023670 -0.16525659 1.56360342
v 0.02098448 -0.16553703 1.56350993
v 0.02322802 -0.16899575 1.56145338
v 0.02266711 -0.16862184 1.56164037
v 0.02154540 -0.16834140 1.56136000
v 0.01976928 -0.16628486 1.56285558
v 0.01911493 -0.16750000 1.56117301
v 0.01986277 -0.16768705 1.56201435
v 0.02107798 -0.16852836 1.56051866
v 0.01892800 -0.16712608 1.55986431
v 0.02079755 -0.16815435 1.55939683
v 0.02070406 -0.16591094 1.55687292
v 0.02173234 -0.16684564 1.55659255
v 0.02154540 -0.16778043 1.55818162
v 0.01930186 -0.16572390 1.56107951
v 0.01902143 -0.16637834 1.55827512
v 0.02023670 -0.16516301 1.55920995
v 0.02397587 -0.16161089 1.55883597
v 0.02425630 -0.16207820 1.56061215
v 0.02565850 -0.16338690 1.55986431
v 0.02584543 -0.16478910 1.55911646
v 0.02584543 -0.16385441 1.55677943
v 0.02575194 -0.16263917 1.55762077
v 0.02509759 -0.16385441 1.56220123
v 0.02453673 -0.16619138 1.55846211
v 0.02425630 -0.16497615 1.55631206
v 0.02378888 -0.16628486 1.55659255
v 0.02472366 -0.16740652 1.56126650
v 0.02556500 -0.16572390 1.56229472
v 0.02537801 -0.16441518 1.56379041
v 0.02434973 -0.16394789 1.56388391
v 0.02472366 -0.16488267 1.56407079
v 0.02537801 -0.16441518 1.56379041
v 0.02304104 -0.16731312 1.55799475
v 0.02304104 -0.16843478 1.55939683
v 0.02556500 -0.16647173 1.56388391
v 0.02472366 -0.16806097 1.56313606
v 0.02556500 -0.16647173 1.56388391
v 0.02294759 -0.16413475 1.56369692
v 0.02472366 -0.16806097 1.56313606
v 0.02463022 -0.16609780 1.56369692
v 0.02257368 -0.16535007 1.56322956
v 0.02191932 -0.16338690 1.56397740
v 0.02163889 -0.16404127 1.56397740
v 0.02388238 -0.16778043 1.56322956
v 0.02173234 -0.16263917 1.56313606
v 0.02033014 -0.16647173 1.56285558
v 0.02182582 -0.16684564 1.56238822
v 0.02051713 -0.16282613 1.56248171
v 0.02098448 -0.16404127 1.56388391
v 0.02173234 -0.16263917 1.56313606
v 0.01986277 -0.16422831 1.56182736
v 0.02023670 -0.16525659 1.56360342
v 0.02201276 -0.16114350 1.55911646
v 0.02126497 -0.16114350 1.55846211
v 0.02163889 -0.16207820 1.56089252
v 0.01976928 -0.16628486 1.56285558
v 0.02089105 -0.16348038 1.55995780
v 0.02182582 -0.16273255 1.55752727
v 0.02107798 -0.16441518 1.55687292
v 0.02350845 -0.16245212 1.56332305
v 0.02341496 -0.16207820 1.56201435
v 0.02191932 -0.16198482 1.56210773
v 0.02285411 -0.16142385 1.55939683
v 0.02201276 -0.16142385 1.56098602
v 0.02350845 -0.16245212 1.56332305
v 0.02444323 -0.16329352 1.56341644
v 0.02444323 -0.16245212 1.56220123
v 0.02285411 -0.16142385 1.55939683
v 0.02322802 -0.16170429 1.56089252
v 0.02341496 -0.16207820 1.56201435
v 0.02322802 -0.16170429 1.56089252
v 0.02350845 -0.16245212 1.56332305
v 0.02332152 -0.16338690 1.56407079
v 0.02444323 -0.16329352 1.56341644
v 0.02285411 -0.15618911 1.56584696
v 0.02210625 -0.15497379 1.56547298
v 0.02145191 -0.15712390 1.56537960
v 0.02434973 -0.16263917 1.56472525
v 0.02294759 -0.16235864 1.56416428
v 0.02304104 -0.16254569 1.56294907
v 0.02051713 -0.15983480 1.56463176
v 0.02107798 -0.16179776 1.56304257
v 0.02126497 -0.16179776 1.56444477
v 0.02126497 -0.16095654 1.56126650
v 0.02332152 -0.16198482 1.56117301
v 0.02117148 -0.16030219 1.55930345
v 0.02126497 -0.15861957 1.55724690
v 0.02444323 -0.15964784 1.55780776
v 0.02042363 -0.15936730 1.56248171
v 0.02201276 -0.15871295 1.55995780
v 0.02537801 -0.15413256 1.55986431
v 0.02537801 -0.15413256 1.56164037
v 0.02724763 -0.15562824 1.56145338
v 0.02678021 -0.15712390 1.56089252
v 0.02640629 -0.15656303 1.55734039
v 0.02621936 -0.15488040 1.55855560
v 0.02556500 -0.15441290 1.56341644
v 0.02640629 -0.15908687 1.56023817
v 0.02584543 -0.15787173 1.55705991
v 0.02687371 -0.15759129 1.56360342
v 0.02612586 -0.15918044 1.55771426
v 0.02687371 -0.15992827 1.56313606
v 0.02668671 -0.15581518 1.56379041
v 0.02715414 -0.15618911 1.56547298
v 0.02593893 -0.15534770 1.56594046
v 0.02640629 -0.15656303 1.56622083
v 0.02715414 -0.15618911 1.56547298
v 0.02528457 -0.16076950 1.55977081
v 0.02313453 -0.16114350 1.55949033
v 0.02565850 -0.16179776 1.56164037
v 0.02687371 -0.15796521 1.56500562
v 0.02687371 -0.15796521 1.56500562
v 0.02444323 -0.15609553 1.56537960
v 0.02678021 -0.16048915 1.56444477
v 0.02640629 -0.15833904 1.56575347
v 0.02406931 -0.15777815 1.56519261
v 0.02360195 -0.15497379 1.56565997
v 0.02509759 -0.16273255 1.56360342
v 0.02603237 -0.16095654 1.56528611
v 0.02332152 -0.15983480 1.56481863
v 0.02285411 -0.15441290 1.56509912
v 0.02210625 -0.15768467 1.56565997
v 0.02154540 -0.15955436 1.56509912
v 0.02154540 -0.15450648 1.56388391
v 0.02210625 -0.15497379 1.56547298
v 0.02285411 -0.15441290 1.56509912
v 0.02089105 -0.15712390 1.56341644
v 0.02145191 -0.15712390 1.56537960
v 0.02276061 -0.15338464 1.55995780
v 0.02191932 -0.15347821 1.55911646
v 0.02163889 -0.15385213 1.56145338
v 0.02051713 -0.15983480 1.56463176
v 0.02079755 -0.15553476 1.56042516
v 0.02079755 -0.15469334 1.55771426
v 0.02070406 -0.15674989 1.55724690
v 0.02434973 -0.15441290 1.56463176
v 0.02434973 -0.15394561 1.56304257
v 0.02285411 -0.15394561 1.56322956
v 0.02406931 -0.15366507 1.56033167
v 0.02276061 -0.15347821 1.56173386
v 0.02434973 -0.15441290 1.56463176
v 0.02584543 -0.15478692 1.56500562
v 0.02406931 -0.15366507 1.56033167
v 0.02425630 -0.15385213 1.56173386
v 0.02434973 -0.15394561 1.56304257
v 0.02425630 -0.15385213 1.56173386
v 0.02678021 -0.16048915 1.56444477
v 0.02434973 -0.15441290 1.56463176
v 0.02463022 -0.15497379 1.56565997
v 0.02584543 -0.15478692 1.56500562
v 0.02444323 -0.14693457 1.56743604
v 0.02369539 -0.14599978 1.56696868
v 0.02266711 -0.14796284 1.56687518
v 0.02621936 -0.15450648 1.56528611
v 0.02575194 -0.15422604 1.56622083
v 0.02434973 -0.15385213 1.56565997
v 0.02135841 -0.15058036 1.56612734
v 0.02229325 -0.15310430 1.56500562
v 0.02266711 -0.15263681 1.56594046
v 0.02416280 -0.15422604 1.56481863
v 0.02360195 -0.15282385 1.56397740
v 0.02425630 -0.15394561 1.56341644
v 0.02397587 -0.15263681 1.56210773
v 0.02201276 -0.15179558 1.55930345
v 0.02519108 -0.15301072 1.55967732
v 0.02117148 -0.15067374 1.56425778
v 0.02182582 -0.15048688 1.56164037
v 0.02836934 -0.14674771 1.56051866
v 0.02836934 -0.14646727 1.56294907
v 0.02743457 -0.14786946 1.56238822
v 0.02874327 -0.14964547 1.56210773
v 0.02631285 -0.14945860 1.55827512
v 0.02659328 -0.14768240 1.55930345
v 0.02855634 -0.14805642 1.56519261
v 0.02687371 -0.15151515 1.56173386
v 0.02575194 -0.15076732 1.55836861
v 0.02855634 -0.14973904 1.56491213
v 0.02491065 -0.15207602 1.55930345
v 0.02808891 -0.15226298 1.56444477
v 0.02883676 -0.14983252 1.56668830
v 0.02799548 -0.14674771 1.56762303
v 0.02827591 -0.14786946 1.56818389
v 0.02911719 -0.14814989 1.56734266
v 0.02696720 -0.15329116 1.56173386
v 0.02537801 -0.15366507 1.56192085
v 0.02640629 -0.15394561 1.56360342
v 0.02846284 -0.15263681 1.56594046
v 0.02827591 -0.14983252 1.56771652
v 0.02883676 -0.14983252 1.56668830
v 0.02631285 -0.14702805 1.56706217
v 0.02762155 -0.15263681 1.56696868
v 0.02537801 -0.14899111 1.56687518
v 0.02547151 -0.14599978 1.56715567
v 0.02846284 -0.15263681 1.56594046
v 0.02444323 -0.15095418 1.56622083
v 0.02472366 -0.14571943 1.56659481
v 0.02341496 -0.14861720 1.56724916
v 0.02238668 -0.15020643 1.56640782
v 0.02313453 -0.14609335 1.56528611
v 0.02369539 -0.14599978 1.56696868
v 0.02472366 -0.14571943 1.56659481
v 0.02201276 -0.14843033 1.56481863
v 0.02266711 -0.14796284 1.56687518
v 0.02472366 -0.14590640 1.56098602
v 0.02369539 -0.14637379 1.56023817
v 0.02388238 -0.14628022 1.56266870
v 0.02135841 -0.15058036 1.56612734
v 0.02229325 -0.14796284 1.56201435
v 0.02210625 -0.14777598 1.55911646
v 0.02173234 -0.14964547 1.55911646
v 0.02640629 -0.14581291 1.56612734
v 0.02631285 -0.14590640 1.56453826
v 0.02500415 -0.14571943 1.56472525
v 0.02593893 -0.14590640 1.56145338
v 0.02500415 -0.14553248 1.56304257
v 0.02640629 -0.14581291 1.56612734
v 0.02808891 -0.14599978 1.56650131
v 0.02762155 -0.14618683 1.56500562
v 0.02762155 -0.14609335 1.56313606
v 0.02762155 -0.14609335 1.56313606
v 0.02911719 -0.14814989 1.56734266
v 0.02640629 -0.14581291 1.56612734
v 0.02668671 -0.14599978 1.56724916
v 0.02808891 -0.14599978 1.56650131
v -0.02182890 -0.14011068 1.56911872
v -0.02089411 -0.13936285 1.56883824
v -0.02220281 -0.13768023 1.56930571
v -0.02238981 -0.14590640 1.56650131
v -0.02257674 -0.14571943 1.56734266
v -0.02397893 -0.14609335 1.56781002
v -0.02126804 -0.14422377 1.56781002
v -0.02070718 -0.14487812 1.56668830
v -0.02005283 -0.14207375 1.56781002
v -0.02248324 -0.14562586 1.56509912
v -0.02267024 -0.14450420 1.56379041
v -0.02397893 -0.14553248 1.56369692
v -0.02388545 -0.14478465 1.56145338
v -0.01958541 -0.14216723 1.56612734
v -0.02005283 -0.14207375 1.56781002
v -0.02033325 -0.14328888 1.56117301
v -0.02023976 -0.14123234 1.56107951
v -0.02005283 -0.14207375 1.56360342
v -0.02528764 -0.13814762 1.56266870
v -0.02528764 -0.13917589 1.56126650
v -0.02631591 -0.13945633 1.56435127
v -0.02631591 -0.14123234 1.56397740
v -0.02827897 -0.13973677 1.56752953
v -0.02715720 -0.13777371 1.56762303
v -0.02771811 -0.13786709 1.56528611
v -0.02482022 -0.14104548 1.56023817
v -0.02425936 -0.14235419 1.56033167
v -0.02799854 -0.14169983 1.56687518
v -0.02697027 -0.14366280 1.56360342
v -0.02538113 -0.14394324 1.56107951
v -0.02809204 -0.14160626 1.56874485
v -0.02855940 -0.13964320 1.56977307
v -0.02743768 -0.13749326 1.56939921
v -0.02855940 -0.13964320 1.56977307
v -0.02734419 -0.13936285 1.57052092
v -0.02407243 -0.14506508 1.56332305
v -0.02463329 -0.14599978 1.56528611
v -0.02668984 -0.14459759 1.56612734
v -0.02697027 -0.14487812 1.56771652
v -0.02715720 -0.14151288 1.56967958
v -0.02706376 -0.13814762 1.57033393
v -0.02500722 -0.13852154 1.56958608
v -0.02622242 -0.14459759 1.56874485
v -0.02809204 -0.14160626 1.56874485
v -0.02435286 -0.13749326 1.56986657
v -0.02566156 -0.13749326 1.57005356
v -0.02697027 -0.14487812 1.56771652
v -0.02463329 -0.14656075 1.56696868
v -0.02313759 -0.14272810 1.56799701
v -0.02397893 -0.14057798 1.56883824
v -0.02295066 -0.13842806 1.56986657
v -0.02360501 -0.13721274 1.56921222
v -0.02145497 -0.14188679 1.56827738
v -0.02360501 -0.13721274 1.56921222
v -0.02220281 -0.13768023 1.56930571
v -0.02341808 -0.13796057 1.56809050
v -0.02089411 -0.13936285 1.56883824
v -0.02575506 -0.13749326 1.56294907
v -0.02575506 -0.13721274 1.56547298
v -0.02463329 -0.13805414 1.56491213
v -0.02005283 -0.13973677 1.56650131
v -0.02220281 -0.13796057 1.56220123
v -0.02323109 -0.13964320 1.56435127
v -0.02061368 -0.13926928 1.56107951
v -0.02538113 -0.13758665 1.56781002
v -0.02697027 -0.13758665 1.56762303
v -0.02547457 -0.13730631 1.56911872
v -0.02668984 -0.13749326 1.56341644
v -0.02697027 -0.13758665 1.56762303
v -0.02743768 -0.13749326 1.56939921
v -0.02668984 -0.13749326 1.56341644
v -0.02678327 -0.13739979 1.56547298
v -0.02678327 -0.13739979 1.56547298
v -0.02061368 -0.14422377 1.56519261
v -0.02547457 -0.13730631 1.56911872
v -0.01472447 -0.17600670 1.55995780
v -0.01332233 -0.17684791 1.55967732
v -0.01276141 -0.17525887 1.55864910
v -0.01107879 -0.17740888 1.55762077
v -0.01126577 -0.17796975 1.55874248
v -0.01145270 -0.17843716 1.55846211
v -0.01126577 -0.17750226 1.55874248
v -0.01089185 -0.17647400 1.55790125
v -0.01173313 -0.17581964 1.55836861
v -0.01089185 -0.17694149 1.55677943
v -0.01061142 -0.17628714 1.55537723
v -0.01154620 -0.17591322 1.55247945
v -0.01098535 -0.17516529 1.55275982
v -0.01107879 -0.17488486 1.55734039
v -0.01173313 -0.17581964 1.55836861
v -0.00995707 -0.17292189 1.55285332
v -0.01051793 -0.17376320 1.55603158
v -0.01612666 -0.17385658 1.55322730
v -0.01575274 -0.17460451 1.55173160
v -0.01696800 -0.17619356 1.55416202
v -0.01547231 -0.17694149 1.55360116
v -0.01678102 -0.17675453 1.55603158
v -0.01687451 -0.17544583 1.55705991
v -0.01696800 -0.17516529 1.55603158
v -0.01304184 -0.17740888 1.55388165
v -0.01378968 -0.17469798 1.55107725
v -0.01519188 -0.17768932 1.55565771
v -0.01257447 -0.17553921 1.55117075
v -0.01145270 -0.17600670 1.55201198
v -0.01631365 -0.17656747 1.55799475
v -0.01640709 -0.17591322 1.55939683
v -0.01687451 -0.17563277 1.55827512
v -0.01135922 -0.17712845 1.55481637
v -0.01313533 -0.17815663 1.55575121
v -0.01313533 -0.17871760 1.55780776
v -0.01472447 -0.17778280 1.55799475
v -0.01519188 -0.17684791 1.55977081
v -0.01491145 -0.17666105 1.56014468
v -0.01294840 -0.17843716 1.55930345
v -0.01407011 -0.17778280 1.55949033
v -0.01631365 -0.17525887 1.55958382
v -0.01266791 -0.17796975 1.55967732
v -0.01360275 -0.17750226 1.55995780
v -0.01612666 -0.17469798 1.55977081
v -0.01519188 -0.17395015 1.55892947
v -0.01248098 -0.17731540 1.55949033
v -0.01593973 -0.17310875 1.55790125
v -0.01631365 -0.17376320 1.55892947
v -0.01519188 -0.17395015 1.55892947
v -0.01276141 -0.17525887 1.55864910
v -0.01276141 -0.17525887 1.55864910
v -0.01266791 -0.17451094 1.55752727
v -0.01444404 -0.17217396 1.55360116
v -0.01528538 -0.17254787 1.55677943
v -0.01378968 -0.17198709 1.55640556
v -0.01266791 -0.17451094 1.55752727
v -0.01276141 -0.17525887 1.55864910
v -0.01285490 -0.17151961 1.55332068
v -0.01210706 -0.17320223 1.55603158
v -0.01173313 -0.17282831 1.55257294
v -0.01650059 -0.17423049 1.55762077
v -0.01556581 -0.17301537 1.55369466
v -0.01182663 -0.17825010 1.55640556
v -0.01631365 -0.17376320 1.55659255
v -0.01472447 -0.17310875 1.55762077
v -0.01210706 -0.17320223 1.55603158
v -0.01051793 -0.17600670 1.55715340
v -0.01070486 -0.17591322 1.55593820
v -0.01659408 -0.17469798 1.55855560
v -0.00883530 -0.17918489 1.55911646
v -0.00818095 -0.17796975 1.55780776
v -0.01023750 -0.17750226 1.55790125
v -0.00528306 -0.18002630 1.55715340
v -0.00547005 -0.18049361 1.55836861
v -0.00565699 -0.18086752 1.55808813
v -0.00547005 -0.18011978 1.55836861
v -0.00518962 -0.17927847 1.55734039
v -0.00631134 -0.17871760 1.55771426
v -0.00528306 -0.17955881 1.55631206
v -0.00472221 -0.17787619 1.55528384
v -0.00518962 -0.17946543 1.55481637
v -0.00528306 -0.17806323 1.55210547
v -0.00631134 -0.17871760 1.55771426
v -0.00500263 -0.17862412 1.55659255
v -0.00490920 -0.17722184 1.55229246
v -0.00490920 -0.17553921 1.55210547
v -0.00537656 -0.17694149 1.55547072
v -0.01154620 -0.17740888 1.55219896
v -0.01051793 -0.17787619 1.55079677
v -0.01070486 -0.17909151 1.55360116
v -0.00883530 -0.17993272 1.55304031
v -0.01126577 -0.17983926 1.55528384
v -0.01182663 -0.17871760 1.55631206
v -0.01154620 -0.17834367 1.55537723
v -0.00892879 -0.17853054 1.55014242
v -0.00752660 -0.17890446 1.55042290
v -0.00930272 -0.18049361 1.55509686
v -0.00752660 -0.18077413 1.55322730
v -0.00631134 -0.17937195 1.55135762
v -0.00948965 -0.18030674 1.55724690
v -0.01107879 -0.17946543 1.55734039
v -0.01154620 -0.17871760 1.55864910
v -0.01163970 -0.17862412 1.55752727
v -0.00593742 -0.18030674 1.55425551
v -0.00762004 -0.18114806 1.55500336
v -0.00752660 -0.18096109 1.55705991
v -0.00948965 -0.18011978 1.55902296
v -0.01089185 -0.17927847 1.55911646
v -0.01070486 -0.17890446 1.55958382
v -0.00790052 -0.18077413 1.55883597
v -0.01154620 -0.17815663 1.55883597
v -0.01051793 -0.17843716 1.55930345
v -0.00780703 -0.18040022 1.55930345
v -0.00911573 -0.17974586 1.55939683
v -0.01145270 -0.17778280 1.55883597
v -0.00762004 -0.17983926 1.55911646
v -0.01089185 -0.17628714 1.55696641
v -0.01126577 -0.17712845 1.55790125
v -0.01023750 -0.17750226 1.55790125
v -0.00818095 -0.17796975 1.55780776
v -0.00977008 -0.17600670 1.55677943
v -0.00818095 -0.17796975 1.55780776
v -0.01051793 -0.17563277 1.55275982
v -0.01051793 -0.17553921 1.55584470
v -0.00958315 -0.17544583 1.55556422
v -0.00818095 -0.17796975 1.55780776
v -0.00584398 -0.17750226 1.55668593
v -0.00902223 -0.17497842 1.55238595
v -0.00649833 -0.17581964 1.55519035
v -0.00649833 -0.17581964 1.55519035
v -0.01135922 -0.17731540 1.55677943
v -0.01126577 -0.17675453 1.55575121
v -0.00593742 -0.18077413 1.55584470
v -0.01126577 -0.17656747 1.55275982
v -0.00762004 -0.17647400 1.55659255
v -0.00762004 -0.17647400 1.55659255
v -0.00565699 -0.18086752 1.55687292
v -0.01145270 -0.17778280 1.55771426
v -0.00229173 -0.18058709 1.55892947
v -0.00219830 -0.17946543 1.55762077
v -0.00434828 -0.17974586 1.55762077
v 0.00069955 -0.18040022 1.55724690
v 0.00069955 -0.18086752 1.55836861
v 0.00069955 -0.18124144 1.55808813
v 0.00051260 -0.18049361 1.55827512
v 0.00041912 -0.17965238 1.55734039
v -0.00079610 -0.17946543 1.55762077
v 0.00069955 -0.18040022 1.55640556
v 0.00051260 -0.17955881 1.55659255
v 0.00069955 -0.17993272 1.55481637
v 0.00023216 -0.17937195 1.55191859
v 0.00023216 -0.17843716 1.55210547
v -0.00079610 -0.17946543 1.55762077
v -0.00060911 -0.17628714 1.55201198
v -0.00042217 -0.17759584 1.55537723
v -0.00490920 -0.17974586 1.55182510
v -0.00434828 -0.17993272 1.55032941
v -0.00444178 -0.18114806 1.55332068
v -0.00275915 -0.18142848 1.55285332
v -0.00472221 -0.18189579 1.55509686
v -0.00547005 -0.18105458 1.55603158
v -0.00556355 -0.18096109 1.55500336
v -0.00257216 -0.18030674 1.54986204
v -0.00107653 -0.18030674 1.55023591
v -0.00294609 -0.18217623 1.55490987
v -0.00117002 -0.18170893 1.55313380
v -0.00014175 -0.18021317 1.55126424
v -0.00294609 -0.18198937 1.55705991
v -0.00472221 -0.18161535 1.55705991
v -0.00537656 -0.18114806 1.55836861
v -0.00547005 -0.18105458 1.55724690
v 0.00032564 -0.18077413 1.55425551
v -0.00117002 -0.18208284 1.55490987
v -0.00098303 -0.18198937 1.55705991
v -0.00453527 -0.18152187 1.55883597
v -0.00444178 -0.18114806 1.55920995
v -0.00079610 -0.18180241 1.55874248
v -0.00257216 -0.18170893 1.55874248
v -0.00547005 -0.18068065 1.55846211
v -0.00434828 -0.18068065 1.55892947
v -0.00070260 -0.18142848 1.55920995
v -0.00229173 -0.18133500 1.55920995
v -0.00547005 -0.18030674 1.55855560
v -0.00070260 -0.18086752 1.55892947
v -0.00509613 -0.17871760 1.55668593
v -0.00537656 -0.17974586 1.55762077
v -0.00434828 -0.17974586 1.55762077
v -0.00229173 -0.18058709 1.55892947
v -0.00397436 -0.17825010 1.55649905
v -0.00219830 -0.17946543 1.55762077
v -0.00462871 -0.17759584 1.55229246
v -0.00500263 -0.17825010 1.55565771
v -0.00388092 -0.17656747 1.55528384
v -0.00219830 -0.17946543 1.55762077
v -0.00051567 -0.17834367 1.55649905
v -0.00378743 -0.17656747 1.55210547
v -0.00210480 -0.17675453 1.55509686
v -0.00210480 -0.17675453 1.55509686
v -0.00528306 -0.17974586 1.55649905
v -0.00490920 -0.17881098 1.55229246
v 0.00051260 -0.18124144 1.55584470
v -0.00547005 -0.17955881 1.55547072
v -0.00201131 -0.17787619 1.55640556
v -0.00201131 -0.17787619 1.55640556
v 0.00069955 -0.17890446 1.55519035
v 0.00069955 -0.18124144 1.55696641
v -0.00547005 -0.18030674 1.55743378
v -0.01622016 -0.17086524 1.56107951
v -0.01565930 -0.17039795 1.56089252
v -0.01659408 -0.16927619 1.56098602
v -0.01575274 -0.17366972 1.55911646
v -0.01622016 -0.17348266 1.55986431
v -0.01696800 -0.17395015 1.55995780
v -0.01547231 -0.17301537 1.56023817
v -0.01491145 -0.17301537 1.55949033
v -0.01491145 -0.17161317 1.56051866
v -0.01547231 -0.17348266 1.55808813
v -0.01556581 -0.17264145 1.55640556
v -0.01696800 -0.17217396 1.55472288
v -0.01612666 -0.17086524 1.55481637
v -0.01444404 -0.17095882 1.55874248
v -0.01631365 -0.16955664 1.55481637
v -0.01547231 -0.17067838 1.55668593
v -0.01911799 -0.16768705 1.55593820
v -0.02089411 -0.16946306 1.55481637
v -0.02117454 -0.16993054 1.55724690
v -0.01995933 -0.17170665 1.55677943
v -0.02070718 -0.16852836 1.55977081
v -0.02005283 -0.16824792 1.55790125
v -0.01949191 -0.17086524 1.55397514
v -0.01977234 -0.17208057 1.55369466
v -0.02126804 -0.17067838 1.55986431
v -0.01902456 -0.17320223 1.55640556
v -0.01855713 -0.17254787 1.55444250
v -0.01939842 -0.17432407 1.55911646
v -0.02080061 -0.17114568 1.56164037
v -0.02033325 -0.17310875 1.55986431
v -0.01967890 -0.17011741 1.56154688
v -0.02023976 -0.16936967 1.56117301
v -0.02080061 -0.17114568 1.56164037
v -0.01724843 -0.17310875 1.55631206
v -0.01743536 -0.17413701 1.55808813
v -0.01865063 -0.17432407 1.56051866
v -0.01967890 -0.17301537 1.56126650
v -0.01949191 -0.17095882 1.56182736
v -0.01967890 -0.17301537 1.56126650
v -0.01799628 -0.16993054 1.56107951
v -0.01771579 -0.17357624 1.56079903
v -0.01865063 -0.17208057 1.56136000
v -0.01771579 -0.16899575 1.56136000
v -0.01865063 -0.16918261 1.56145338
v -0.01752886 -0.17432407 1.55977081
v -0.01650059 -0.17245439 1.56033167
v -0.01724843 -0.17105230 1.56079903
v -0.01706145 -0.16946306 1.56117301
v -0.01790279 -0.16824792 1.56098602
v -0.01659408 -0.16927619 1.56098602
v -0.01650059 -0.16787401 1.55977081
v -0.01565930 -0.17189361 1.56061215
v -0.01565930 -0.17039795 1.56089252
v -0.01575274 -0.16983698 1.55920995
v -0.01799628 -0.16675216 1.55640556
v -0.01808972 -0.16684564 1.55818162
v -0.01659408 -0.16693922 1.55780776
v -0.01724843 -0.16684564 1.55584470
v -0.01668758 -0.16899575 1.55734039
v -0.01790279 -0.16740652 1.55958382
v -0.01958541 -0.16768705 1.55977081
v -0.01855713 -0.16684564 1.55668593
v -0.01930498 -0.16843478 1.56107951
v -0.01958541 -0.16768705 1.55977081
v -0.01939842 -0.16740652 1.55827512
v -0.01939842 -0.16740652 1.55827512
v -0.01444404 -0.17245439 1.55780776
v -0.01528538 -0.17198709 1.55649905
v -0.02023976 -0.16936967 1.56117301
v -0.01790279 -0.16824792 1.56098602
v -0.01939842 -0.16553703 1.56350993
v -0.01865063 -0.16525659 1.56360342
v -0.01939842 -0.16404127 1.56388391
v -0.02164195 -0.16899575 1.56145338
v -0.01949191 -0.16852836 1.56051866
v -0.01995933 -0.16834140 1.56136000
v -0.01827670 -0.16768705 1.56201435
v -0.01752886 -0.16750000 1.56117301
v -0.01818321 -0.16628486 1.56285558
v -0.01921149 -0.16815435 1.55939683
v -0.01995933 -0.16778043 1.55818162
v -0.02014627 -0.16684564 1.55659255
v -0.01911799 -0.16591094 1.55687292
v -0.01771579 -0.16572390 1.56107951
v -0.01818321 -0.16628486 1.56285558
v -0.01949191 -0.16441518 1.55687292
v -0.01865063 -0.16516301 1.55920995
v -0.02238981 -0.16161089 1.55883597
v -0.02416587 -0.16263917 1.55762077
v -0.02407243 -0.16338690 1.55986431
v -0.02425936 -0.16478910 1.55911646
v -0.02351152 -0.16385441 1.56220123
v -0.02285717 -0.16245212 1.56220123
v -0.02267024 -0.16207820 1.56061215
v -0.02295066 -0.16619138 1.55846211
v -0.02425936 -0.16385441 1.55677943
v -0.02267024 -0.16497615 1.55631206
v -0.02220281 -0.16628486 1.55659255
v -0.02313759 -0.16740652 1.56126650
v -0.02379195 -0.16441518 1.56379041
v -0.02397893 -0.16572390 1.56229472
v -0.02276367 -0.16394789 1.56388391
v -0.02285717 -0.16329352 1.56341644
v -0.02379195 -0.16441518 1.56379041
v -0.02145497 -0.16731312 1.55799475
v -0.02145497 -0.16843478 1.55939683
v -0.02313759 -0.16806097 1.56313606
v -0.02397893 -0.16647173 1.56388391
v -0.02313759 -0.16488267 1.56407079
v -0.02397893 -0.16647173 1.56388391
v -0.02136153 -0.16413475 1.56369692
v -0.02313759 -0.16806097 1.56313606
v -0.02229631 -0.16778043 1.56322956
v -0.02304415 -0.16609780 1.56369692
v -0.02098761 -0.16535007 1.56322956
v -0.02033325 -0.16338690 1.56397740
v -0.02173545 -0.16338690 1.56407079
v -0.02023976 -0.16684564 1.56238822
v -0.02005283 -0.16404127 1.56397740
v -0.02014627 -0.16263917 1.56313606
v -0.01939842 -0.16404127 1.56388391
v -0.01893106 -0.16282613 1.56248171
v -0.01874407 -0.16647173 1.56285558
v -0.01865063 -0.16525659 1.56360342
v -0.01827670 -0.16422831 1.56182736
v -0.02042670 -0.16114350 1.55911646
v -0.02042670 -0.16142385 1.56098602
v -0.02005283 -0.16207820 1.56089252
v -0.01967890 -0.16114350 1.55846211
v -0.01930498 -0.16348038 1.55995780
v -0.02033325 -0.16198482 1.56210773
v -0.02182890 -0.16207820 1.56201435
v -0.02192238 -0.16245212 1.56332305
v -0.02126804 -0.16142385 1.55939683
v -0.02192238 -0.16245212 1.56332305
v -0.02182890 -0.16207820 1.56201435
v -0.02126804 -0.16142385 1.55939683
v -0.02164195 -0.16170429 1.56089252
v -0.02164195 -0.16170429 1.56089252
v -0.01734193 -0.16712608 1.55986431
v -0.01743536 -0.16637834 1.55827512
v -0.02285717 -0.16329352 1.56341644
v -0.02014627 -0.16263917 1.56313606
v -0.02192238 -0.16245212 1.56332305
v -0.02108104 -0.16862184 1.56164037
v -0.02126804 -0.15618911 1.56584696
v -0.02052019 -0.15768467 1.56565997
v -0.01986584 -0.15712390 1.56537960
v -0.02145497 -0.16254569 1.56294907
v -0.02136153 -0.16235864 1.56416428
v -0.02276367 -0.16263917 1.56472525
v -0.01967890 -0.16179776 1.56444477
v -0.01949191 -0.16179776 1.56304257
v -0.01893106 -0.15983480 1.56463176
v -0.02173545 -0.16198482 1.56117301
v -0.01967890 -0.16095654 1.56126650
v -0.01958541 -0.16030219 1.55930345
v -0.02154847 -0.16114350 1.55949033
v -0.02285717 -0.15964784 1.55780776
v -0.01883756 -0.15936730 1.56248171
v -0.01893106 -0.15983480 1.56463176
v -0.01967890 -0.15861957 1.55724690
v -0.01911799 -0.15674989 1.55724690
v -0.02042670 -0.15871295 1.55995780
v -0.02379195 -0.15413256 1.55986431
v -0.02463329 -0.15488040 1.55855560
v -0.02566156 -0.15562824 1.56145338
v -0.02519415 -0.15712390 1.56089252
v -0.02397893 -0.15441290 1.56341644
v -0.02379195 -0.15413256 1.56164037
v -0.02482022 -0.15908687 1.56023817
v -0.02482022 -0.15656303 1.55734039
v -0.02528764 -0.15759129 1.56360342
v -0.02510065 -0.15581518 1.56379041
v -0.02425936 -0.15787173 1.55705991
v -0.02453979 -0.15918044 1.55771426
v -0.02528764 -0.15992827 1.56313606
v -0.02556807 -0.15618911 1.56547298
v -0.02435286 -0.15534770 1.56594046
v -0.02425936 -0.15478692 1.56500562
v -0.02556807 -0.15618911 1.56547298
v -0.02369851 -0.16076950 1.55977081
v -0.02407243 -0.16179776 1.56164037
v -0.02519415 -0.16048915 1.56444477
v -0.02528764 -0.15796521 1.56500562
v -0.02482022 -0.15656303 1.56622083
v -0.02528764 -0.15796521 1.56500562
v -0.02285717 -0.15609553 1.56537960
v -0.02519415 -0.16048915 1.56444477
v -0.02444630 -0.16095654 1.56528611
v -0.02482022 -0.15833904 1.56575347
v -0.02248324 -0.15777815 1.56519261
v -0.02201588 -0.15497379 1.56565997
v -0.02304415 -0.15497379 1.56565997
v -0.02351152 -0.16273255 1.56360342
v -0.02173545 -0.15983480 1.56481863
v -0.02052019 -0.15497379 1.56547298
v -0.02126804 -0.15441290 1.56509912
v -0.02052019 -0.15497379 1.56547298
v -0.01995933 -0.15450648 1.56388391
v -0.01995933 -0.15955436 1.56509912
v -0.01986584 -0.15712390 1.56537960
v -0.02117454 -0.15338464 1.55995780
v -0.02117454 -0.15347821 1.56173386
v -0.02005283 -0.15385213 1.56145338
v -0.01930498 -0.15712390 1.56341644
v -0.02033325 -0.15347821 1.55911646
v -0.01921149 -0.15553476 1.56042516
v -0.02126804 -0.15394561 1.56322956
v -0.02276367 -0.15394561 1.56304257
v -0.02276367 -0.15441290 1.56463176
v -0.02248324 -0.15366507 1.56033167
v -0.02276367 -0.15441290 1.56463176
v -0.02276367 -0.15394561 1.56304257
v -0.02248324 -0.15366507 1.56033167
v -0.02267024 -0.15385213 1.56173386
v -0.02267024 -0.15385213 1.56173386
v -0.02425936 -0.15478692 1.56500562
v -0.02126804 -0.15441290 1.56509912
v -0.02276367 -0.15441290 1.56463176
v -0.02285717 -0.14693457 1.56743604
v -0.02182890 -0.14861720 1.56724916
v -0.02108104 -0.14796284 1.56687518
v -0.02463329 -0.15450648 1.56528611
v -0.02257674 -0.15422604 1.56481863
v -0.02276367 -0.15385213 1.56565997
v -0.02108104 -0.15263681 1.56594046
v -0.02070718 -0.15310430 1.56500562
v -0.01977234 -0.15058036 1.56612734
v -0.02267024 -0.15394561 1.56341644
v -0.02201588 -0.15282385 1.56397740
v -0.02238981 -0.15263681 1.56210773
v -0.02379195 -0.15366507 1.56192085
v -0.02360501 -0.15301072 1.55967732
v -0.01958541 -0.15067374 1.56425778
v -0.01977234 -0.15058036 1.56612734
v -0.02042670 -0.15179558 1.55930345
v -0.02014627 -0.14964547 1.55911646
v -0.02023976 -0.15048688 1.56164037
v -0.02678327 -0.14674771 1.56051866
v -0.02500722 -0.14768240 1.55930345
v -0.02584850 -0.14786946 1.56238822
v -0.02715720 -0.14964547 1.56210773
v -0.02697027 -0.14805642 1.56519261
v -0.02603549 -0.14618683 1.56500562
v -0.02678327 -0.14646727 1.56294907
v -0.02528764 -0.15151515 1.56173386
v -0.02472679 -0.14945860 1.55827512
v -0.02697027 -0.14973904 1.56491213
v -0.02416587 -0.15076732 1.55836861
v -0.02332458 -0.15207602 1.55930345
v -0.02650285 -0.15226298 1.56444477
v -0.02725070 -0.14983252 1.56668830
v -0.02753113 -0.14814989 1.56734266
v -0.02640941 -0.14674771 1.56762303
v -0.02650285 -0.14599978 1.56650131
v -0.02753113 -0.14814989 1.56734266
v -0.02538113 -0.15329116 1.56173386
v -0.02482022 -0.15394561 1.56360342
v -0.02687677 -0.15263681 1.56594046
v -0.02668984 -0.14983252 1.56771652
v -0.02668984 -0.14786946 1.56818389
v -0.02472679 -0.14702805 1.56706217
v -0.02603549 -0.15263681 1.56696868
v -0.02725070 -0.14983252 1.56668830
v -0.02379195 -0.14899111 1.56687518
v -0.02388545 -0.14599978 1.56715567
v -0.02510065 -0.14599978 1.56724916
v -0.02687677 -0.15263681 1.56594046
v -0.02285717 -0.15095418 1.56622083
v -0.02210932 -0.14599978 1.56696868
v -0.02313759 -0.14571943 1.56659481
v -0.02313759 -0.14571943 1.56659481
v -0.02210932 -0.14599978 1.56696868
v -0.02154847 -0.14609335 1.56528611
v -0.02080061 -0.15020643 1.56640782
v -0.02108104 -0.14796284 1.56687518
v -0.02313759 -0.14590640 1.56098602
v -0.02341808 -0.14553248 1.56304257
v -0.02229631 -0.14628022 1.56266870
v -0.02042670 -0.14843033 1.56481863
v -0.02210932 -0.14637379 1.56023817
v -0.02070718 -0.14796284 1.56201435
v -0.02341808 -0.14571943 1.56472525
v -0.02472679 -0.14590640 1.56453826
v -0.02482022 -0.14581291 1.56612734
v -0.02435286 -0.14590640 1.56145338
v -0.02482022 -0.14581291 1.56612734
v -0.02472679 -0.14590640 1.56453826
v -0.02603549 -0.14609335 1.56313606
v -0.02603549 -0.14609335 1.56313606
v -0.02650285 -0.14599978 1.56650131
v -0.02482022 -0.14581291 1.56612734
v -0.02416587 -0.15422604 1.56622083
v 0.02481716 -0.14515856 1.56883735
v 0.02397587 -0.14571943 1.56949170
v 0.02350845 -0.14394333 1.56930471
v 0.02883676 -0.13936285 1.57164174
v 0.02827591 -0.13992363 1.57042653
v 0.02734113 -0.13945633 1.57080040
v 0.02416280 -0.14076504 1.57005255
v 0.02565850 -0.13889546 1.57145475
v 0.02612586 -0.13964320 1.57023954
v 0.02724763 -0.13861492 1.57210910
v 0.02509759 -0.13917589 1.57351130
v 0.02706064 -0.13870849 1.57397866
v 0.02724763 -0.13861492 1.57210910
v 0.02033014 -0.13945633 1.57575484
v 0.01976928 -0.14067156 1.57809176
v 0.02182582 -0.14048460 1.57771789
v 0.02360195 -0.14076504 1.57220260
v 0.02565850 -0.13889546 1.57145475
v 0.01883450 -0.14113895 1.57566134
v 0.02285411 -0.14721511 1.57678306
v 0.02322802 -0.14740206 1.57463301
v 0.02528457 -0.14618683 1.57528737
v 0.02472366 -0.14459769 1.57921359
v 0.02388238 -0.14637379 1.57827875
v 0.02378888 -0.14721511 1.57257647
v 0.02472366 -0.14300854 1.57912009
v 0.02668671 -0.14450420 1.57547436
v 0.02846284 -0.14637379 1.57238959
v 0.02388238 -0.14151288 1.57809176
v 0.02687371 -0.14216723 1.57594172
v 0.02734113 -0.14431715 1.57220260
v 0.02977154 -0.14198017 1.57285695
v 0.02921068 -0.14441073 1.57042653
v 0.02706064 -0.14656075 1.56893084
v 0.02780848 -0.14571943 1.56855686
v 0.02668671 -0.14618683 1.56995906
v 0.02556500 -0.14011068 1.57594172
v 0.02266711 -0.13926928 1.57575484
v 0.02893025 -0.13954981 1.57407216
v 0.02921068 -0.14441073 1.57042653
v 0.02603237 -0.14562596 1.56939820
v 0.02864982 -0.14403681 1.56921121
v 0.02893025 -0.14160626 1.56995906
v 0.02509759 -0.14637379 1.56921121
v 0.02958461 -0.14179331 1.57108088
v 0.02350845 -0.14366280 1.57023954
v 0.02434973 -0.14656075 1.57005255
v 0.02500415 -0.14141939 1.56986556
v 0.02369539 -0.14151288 1.57089389
v 0.02285411 -0.14599978 1.57154825
v 0.02276061 -0.14356942 1.57164174
v 0.02350845 -0.14394333 1.56930471
v 0.01939536 -0.14693466 1.57650269
v 0.01827364 -0.14618683 1.57725042
v 0.01846057 -0.14609335 1.57472651
v 0.02416280 -0.14076504 1.57005255
v 0.01771273 -0.14394333 1.57547436
v 0.02341496 -0.14431715 1.57631570
v 0.02416280 -0.14160626 1.57678306
v 0.02547151 -0.14702805 1.57061341
v 0.02182582 -0.14721511 1.57295044
v 0.02388238 -0.14693466 1.57248308
v 0.02107798 -0.14740206 1.57603521
v 0.01958234 -0.14702805 1.57453963
v 0.02706064 -0.13870849 1.57397866
v 0.02687371 -0.14712162 1.57033304
v 0.02145191 -0.14730849 1.57444614
v 0.02266711 -0.13926928 1.57575484
v 0.02883676 -0.13936285 1.57164174
v 0.02724763 -0.13861492 1.57210910
v 0.02453673 -0.14356942 1.56902433
v 0.02584543 -0.14665414 1.56921121
v 0.02079755 -0.15282385 1.56762214
v 0.01948885 -0.15338464 1.56827649
v 0.02248018 -0.15151515 1.56724816
v 0.02556500 -0.14693466 1.56995906
v 0.02734113 -0.14730849 1.56846348
v 0.02621936 -0.14693466 1.56883735
v 0.01958234 -0.14852382 1.56883735
v 0.02444323 -0.14665414 1.56958519
v 0.02182582 -0.14712162 1.56911783
v 0.02341496 -0.14628031 1.57042653
v 0.02388238 -0.14702805 1.57154825
v 0.02593893 -0.14665414 1.57201561
v 0.02341496 -0.14628031 1.57042653
v 0.01930186 -0.14721511 1.57397866
v 0.01864751 -0.14843033 1.57631570
v 0.02070406 -0.14824337 1.57594172
v 0.02444323 -0.14665414 1.56958519
v 0.01958234 -0.14852382 1.56883735
v 0.01780623 -0.14880425 1.57388517
v 0.02182582 -0.15488040 1.57491350
v 0.02238668 -0.15506727 1.57266996
v 0.02434973 -0.15394561 1.57332431
v 0.02565850 -0.15226298 1.57369829
v 0.02360195 -0.15235646 1.57734392
v 0.02276061 -0.15403909 1.57640919
v 0.02304104 -0.15488040 1.57051992
v 0.02369539 -0.15086079 1.57725042
v 0.02752806 -0.15403909 1.57014605
v 0.02285411 -0.14927165 1.57622220
v 0.02584543 -0.15001938 1.57397866
v 0.02668671 -0.14964556 1.57070691
v 0.02659328 -0.15207602 1.56846348
v 0.02836934 -0.15226298 1.57023954
v 0.02528457 -0.15357169 1.56687429
v 0.02771499 -0.15413256 1.56762214
v 0.02603237 -0.15488040 1.56808950
v 0.02453673 -0.14796294 1.57407216
v 0.02163889 -0.14702805 1.57388517
v 0.02537801 -0.14730849 1.57192211
v 0.02762155 -0.15170202 1.56715477
v 0.02659328 -0.15207602 1.56846348
v 0.02500415 -0.15441290 1.56696779
v 0.02509759 -0.15338464 1.56724816
v 0.02621936 -0.14917817 1.56818299
v 0.02528457 -0.15142167 1.56771563
v 0.02135841 -0.15394561 1.56780913
v 0.02678021 -0.14945860 1.56921121
v 0.02014320 -0.15422604 1.56855686
v 0.02350845 -0.15114123 1.56696779
v 0.02079755 -0.14917817 1.56855686
v 0.02294759 -0.14917817 1.56883735
v 0.02191932 -0.15338464 1.56930471
v 0.02182582 -0.15095427 1.56958519
v 0.02248018 -0.15151515 1.56724816
v 0.01846057 -0.15459996 1.57472651
v 0.01724536 -0.15385213 1.57556785
v 0.02201276 -0.15385213 1.57238959
v 0.01855407 -0.14843033 1.57080040
v 0.02238668 -0.15160863 1.57444614
v 0.02145191 -0.15170202 1.57323082
v 0.02276061 -0.14992600 1.57444614
v 0.02173234 -0.15459996 1.56893084
v 0.02107798 -0.15478692 1.57098739
v 0.02304104 -0.15441290 1.57023954
v 0.02061062 -0.15497387 1.57257647
v 0.02014320 -0.15497387 1.57416565
v 0.02593893 -0.14665414 1.57201561
v 0.02276061 -0.15516083 1.57210910
v 0.02163889 -0.14702805 1.57388517
v 0.02556500 -0.14693466 1.56995906
v 0.02341496 -0.14628031 1.57042653
v 0.02425630 -0.15441290 1.56724816
v 0.01948885 -0.16058263 1.56547209
v 0.01827364 -0.16114350 1.56612644
v 0.01818014 -0.15908687 1.56631343
v 0.02453673 -0.15525431 1.56668730
v 0.02304104 -0.15478692 1.56734165
v 0.02537801 -0.15422604 1.56799600
v 0.01864751 -0.15609553 1.56724816
v 0.02042363 -0.15431952 1.56846348
v 0.02107798 -0.15488040 1.56724816
v 0.02042363 -0.15431952 1.56846348
v 0.01958234 -0.15459996 1.57023954
v 0.02248018 -0.15441290 1.57014605
v 0.02266711 -0.15544127 1.57173524
v 0.01846057 -0.15628259 1.57463301
v 0.02061062 -0.15618911 1.57407216
v 0.02135841 -0.15637607 1.56818299
v 0.02135841 -0.15693694 1.57164174
v 0.02191932 -0.16310657 1.57014605
v 0.02621936 -0.16245212 1.57108088
v 0.02285411 -0.16226526 1.57388517
v 0.02565850 -0.16058263 1.57098739
v 0.02369539 -0.16048915 1.57500699
v 0.02444323 -0.16217178 1.56752864
v 0.02388238 -0.15908687 1.57491350
v 0.02453673 -0.15618911 1.57182873
v 0.02285411 -0.15749781 1.57407216
v 0.02762155 -0.15815218 1.56818299
v 0.02790198 -0.15871305 1.57192211
v 0.02547151 -0.16030219 1.56584596
v 0.02547151 -0.16039567 1.56762214
v 0.02294759 -0.16235873 1.56481774
v 0.02397587 -0.16161089 1.56444387
v 0.02481716 -0.16217178 1.56528510
v 0.02145191 -0.15497387 1.57201561
v 0.02519108 -0.15553476 1.56967869
v 0.02734113 -0.15777815 1.56650031
v 0.02491065 -0.15983480 1.56500473
v 0.02547151 -0.16030219 1.56584596
v 0.02135841 -0.16123699 1.56565908
v 0.02547151 -0.15731086 1.56584596
v 0.02378888 -0.15936740 1.56537860
v 0.01995627 -0.16179776 1.56556559
v 0.02519108 -0.15506727 1.56762214
v 0.02734113 -0.15777815 1.56650031
v 0.01883450 -0.16198482 1.56640693
v 0.02248018 -0.15703042 1.56565908
v 0.02425630 -0.15731086 1.56603295
v 0.01705838 -0.16105002 1.56818299
v 0.01939536 -0.15880653 1.56584596
v 0.02061062 -0.15871305 1.56762214
v 0.01818014 -0.15908687 1.56631343
v 0.01789972 -0.16235873 1.57257647
v 0.02079755 -0.16217178 1.57332431
v 0.02051713 -0.16170438 1.57042653
v 0.01864751 -0.15609553 1.56724816
v 0.02023670 -0.15964784 1.57126776
v 0.01603010 -0.15974132 1.57500699
v 0.01677795 -0.15777815 1.57500699
v 0.02051713 -0.16245212 1.56668730
v 0.02014320 -0.16273265 1.56865036
v 0.01958234 -0.16291961 1.57192211
v 0.01799316 -0.16245212 1.57042653
v 0.02248018 -0.15441290 1.57014605
v 0.02266711 -0.16282613 1.56603295
v 0.02219975 -0.16291961 1.56808950
v 0.01995627 -0.16282613 1.57023954
v 0.02163889 -0.16301309 1.57248308
v 0.01827364 -0.16207830 1.56865036
v 0.02519108 -0.15506727 1.56762214
v 0.02537801 -0.15422604 1.56799600
v 0.02126497 -0.16217178 1.56537860
v 0.01967578 -0.16619138 1.56369603
v 0.01976928 -0.16497615 1.56369603
v 0.02051713 -0.16506963 1.56369603
v 0.02341496 -0.16263917 1.56556559
v 0.02276061 -0.16282613 1.56519161
v 0.02154540 -0.16254569 1.56575258
v 0.01902143 -0.16385441 1.56472425
v 0.01789972 -0.16366744 1.56491124
v 0.01911493 -0.16217178 1.56621994
v 0.01976928 -0.16235873 1.56537860
v 0.02126497 -0.16198482 1.56668730
v 0.01911493 -0.16217178 1.56621994
v 0.01846057 -0.16198482 1.56771563
v 0.02089105 -0.16189134 1.56780913
v 0.02079755 -0.16385441 1.57089389
v 0.01967578 -0.16329352 1.57089389
v 0.02042363 -0.16235873 1.56921121
v 0.02004971 -0.16320004 1.56640693
v 0.01808666 -0.16198482 1.56958519
v 0.01995627 -0.16348038 1.56893084
v 0.02219975 -0.16899575 1.56790251
v 0.02378888 -0.16834140 1.56846348
v 0.02107798 -0.16815435 1.57061341
v 0.02182582 -0.16693922 1.57145475
v 0.02276061 -0.16806097 1.56547209
v 0.02191932 -0.16572398 1.57154825
v 0.02519108 -0.16731312 1.56865036
v 0.02453673 -0.16684564 1.56491124
v 0.02285411 -0.16338700 1.56902433
v 0.02135841 -0.16441528 1.57080040
v 0.02603237 -0.16488267 1.56547209
v 0.02584543 -0.16553703 1.56893084
v 0.02285411 -0.16787401 1.56378952
v 0.02201276 -0.16721966 1.56350904
v 0.02229325 -0.16824792 1.56453726
v 0.02042363 -0.16235873 1.56921121
v 0.02341496 -0.16282613 1.56734165
v 0.02416280 -0.16628486 1.56313506
v 0.02463022 -0.16450876 1.56350904
v 0.02257368 -0.16609790 1.56369603
v 0.02416280 -0.16628486 1.56313506
v 0.02135841 -0.16693922 1.56388291
v 0.02107798 -0.16768705 1.56397640
v 0.02332152 -0.16422831 1.56369603
v 0.02014320 -0.16703270 1.56388291
v 0.02023670 -0.16647173 1.56369603
v 0.02463022 -0.16450876 1.56350904
v 0.02191932 -0.16581738 1.56406990
v 0.01976928 -0.16740661 1.56500473
v 0.02266711 -0.16385441 1.56453726
v 0.01640402 -0.16656529 1.56621994
v 0.01668445 -0.16516301 1.56650031
v 0.01976928 -0.16497615 1.56369603
v 0.01771273 -0.16806097 1.56949170
v 0.01659102 -0.16768705 1.57023954
v 0.01892800 -0.16750000 1.56808950
v 0.01789972 -0.16366744 1.56491124
v 0.01948885 -0.16637834 1.57126776
v 0.01920843 -0.16581738 1.56855686
v 0.01976928 -0.16525659 1.57117438
v 0.02098448 -0.16815435 1.56491124
v 0.01883450 -0.16824792 1.56659381
v 0.01874100 -0.16843488 1.56780913
v 0.01855407 -0.16787401 1.56921121
v 0.02089105 -0.16189134 1.56780913
v 0.02219975 -0.16871532 1.56612644
v 0.02014320 -0.16824792 1.56949170
v 0.01986277 -0.16843488 1.56771563
v 0.01733880 -0.16768705 1.56659381
v 0.02341496 -0.16263917 1.56556559
v 0.02126497 -0.16198482 1.56668730
v 0.02107798 -0.16768705 1.56378952
v 0.01687145 -0.17105230 1.56210684
v 0.01668445 -0.16993054 1.56210684
v 0.01771273 -0.17002403 1.56210684
v 0.02163889 -0.16852836 1.56322855
v 0.02042363 -0.16834140 1.56360253
v 0.02163889 -0.16787401 1.56425688
v 0.01705838 -0.16890228 1.56257420
v 0.02033014 -0.16796749 1.56360253
v 0.01892800 -0.16796749 1.56313506
v 0.02033014 -0.16796749 1.56360253
v 0.01733880 -0.16796749 1.56565908
v 0.02145191 -0.16778053 1.56537860
v 0.01649752 -0.16806097 1.56715477
v 0.01584317 -0.16899575 1.56874385
v 0.01808666 -0.16880880 1.56874385
v 0.01818014 -0.16880880 1.56416339
v 0.01780623 -0.16936967 1.56668730
v 0.01855407 -0.17348276 1.56762214
v 0.02014320 -0.17479146 1.56584596
v 0.02182582 -0.17395015 1.56650031
v 0.02004971 -0.17198709 1.56967869
v 0.01930186 -0.17310884 1.56883735
v 0.02154540 -0.17376320 1.56369603
v 0.02266711 -0.17039795 1.56706128
v 0.02023670 -0.17086524 1.56967869
v 0.02332152 -0.17254787 1.56706128
v 0.01976928 -0.16955664 1.56893084
v 0.02444323 -0.17011751 1.56388291
v 0.02378888 -0.17236100 1.56332205
v 0.02238668 -0.17338928 1.56201335
v 0.02042363 -0.17292189 1.56201335
v 0.02126497 -0.17236100 1.56163948
v 0.02276061 -0.16862184 1.56734165
v 0.02107798 -0.16834140 1.56706128
v 0.02182582 -0.16796749 1.56556559
v 0.02322802 -0.17142621 1.56145249
v 0.02322802 -0.17142621 1.56145249
v 0.01920843 -0.17170665 1.56220034
v 0.02191932 -0.17123926 1.56173297
v 0.02238668 -0.16946315 1.56191985
v 0.01958234 -0.17067838 1.56238732
v 0.01761923 -0.17189361 1.56220034
v 0.01761923 -0.17133274 1.56201335
v 0.02229325 -0.16824792 1.56360253
v 0.02369539 -0.16974358 1.56182636
v 0.01995627 -0.16927619 1.56294818
v 0.01846057 -0.17264145 1.56276119
v 0.01818014 -0.16918261 1.56248071
v 0.01743230 -0.17170665 1.56350904
v 0.01789972 -0.17039795 1.56369603
v 0.01668445 -0.16993054 1.56210684
v 0.01640402 -0.17301537 1.56724816
v 0.01518882 -0.17264145 1.56799600
v 0.01462791 -0.17208057 1.56603295
v 0.01705838 -0.16890228 1.56257420
v 0.01752580 -0.17095882 1.56612644
v 0.01733880 -0.17142621 1.56883735
v 0.01771273 -0.17049143 1.56874385
v 0.01967578 -0.17357624 1.56276119
v 0.01818014 -0.17376320 1.56435038
v 0.01836709 -0.17282841 1.56378952
v 0.01733880 -0.17301537 1.56706128
v 0.01593666 -0.17301537 1.56565908
v 0.02004971 -0.17376320 1.56266770
v 0.01958234 -0.17441755 1.56397640
v 0.01920843 -0.17413711 1.56556559
v 0.02107798 -0.16834140 1.56706128
v 0.02229325 -0.16824792 1.56360253
v 0.02163889 -0.16787401 1.56425688
v 0.01892800 -0.17273493 1.56210684
v 0.01668445 -0.17684801 1.55986330
v 0.01649752 -0.17722184 1.56051765
v 0.01715187 -0.17535235 1.56098513
v 0.02033014 -0.17385658 1.56145249
v 0.01995627 -0.17366972 1.56126550
v 0.01995627 -0.17348276 1.56238732
v 0.01818014 -0.17423049 1.56173297
v 0.01902143 -0.17329580 1.56220034
v 0.01930186 -0.17366972 1.56126550
v 0.01939536 -0.17329580 1.56294818
v 0.01948885 -0.17329580 1.56350904
v 0.01920843 -0.17320223 1.56463075
v 0.01574968 -0.17376320 1.56780913
v 0.01687145 -0.17404363 1.56771563
v 0.01855407 -0.17413711 1.56285469
v 0.01574968 -0.17385658 1.56491124
v 0.01668445 -0.17890446 1.56668730
v 0.01668445 -0.17965238 1.56294818
v 0.01808666 -0.17909151 1.56509823
v 0.01836709 -0.17759584 1.56575258
v 0.01761923 -0.17731540 1.56893084
v 0.01659102 -0.17843716 1.56808950
v 0.01836709 -0.17927847 1.56285469
v 0.01789972 -0.17619366 1.56893084
v 0.01939536 -0.17778280 1.56304168
v 0.01789972 -0.17488486 1.56799600
v 0.02061062 -0.17628714 1.56593946
v 0.02070406 -0.17591322 1.56360253
v 0.01808666 -0.17853064 1.56117201
v 0.01668445 -0.17796975 1.56033078
v 0.01780623 -0.17750236 1.56005029
v 0.02098448 -0.17413711 1.56537860
v 0.02033014 -0.17338928 1.56509823
v 0.02004971 -0.17694149 1.56042427
v 0.02135841 -0.17544583 1.56173297
v 0.01724536 -0.17694149 1.55976992
v 0.01948885 -0.17610018 1.55948943
v 0.02004971 -0.17497842 1.56070464
v 0.01883450 -0.17563277 1.55911546
v 0.01640402 -0.17768932 1.56023728
v 0.02154540 -0.17376320 1.56248071
v 0.01958234 -0.17469798 1.56005029
v 0.01603010 -0.17750236 1.56005029
v 0.01509532 -0.17806323 1.56089163
v 0.01808666 -0.17535235 1.55967642
v 0.01892800 -0.17451103 1.56042427
v 0.01574968 -0.17722184 1.56191985
v 0.01649752 -0.17722184 1.56051765
v 0.01715187 -0.17535235 1.56098513
v 0.01761923 -0.17535235 1.56229383
v 0.01715187 -0.17535235 1.56098513
v 0.01537575 -0.17806323 1.56650031
v 0.01490839 -0.17731540 1.56715477
v 0.01518882 -0.17694149 1.56369603
v 0.01761923 -0.17535235 1.56229383
v 0.01818014 -0.17423049 1.56173297
v 0.01649752 -0.17507190 1.56453726
v 0.01303877 -0.17516538 1.56827649
v 0.01397355 -0.17404363 1.56818299
v 0.01556274 -0.17853064 1.56098513
v 0.01574968 -0.17890446 1.56173297
v 0.01518882 -0.17825010 1.56163948
v 0.01603010 -0.17853064 1.56631343
v 0.01500182 -0.17806323 1.56294818
v 0.02042363 -0.17366972 1.56360253
v 0.01668445 -0.17899803 1.56089163
v 0.01668445 -0.17955891 1.56191985
v 0.01556274 -0.17890446 1.56276119
v 0.01649752 -0.17507190 1.56453726
v 0.01808666 -0.17535235 1.55967642
v 0.01032787 -0.18040022 1.56023728
v 0.01173007 -0.17890446 1.56061115
v 0.01210400 -0.17955891 1.55911546
v 0.01603010 -0.17918499 1.56005029
v 0.01556274 -0.17862412 1.55986330
v 0.01593666 -0.17890446 1.56117201
v 0.01322577 -0.17843716 1.56089163
v 0.01472140 -0.17815671 1.56117201
v 0.01509532 -0.17843716 1.55995680
v 0.01500182 -0.17815671 1.56191985
v 0.01584317 -0.17881106 1.56210684
v 0.01397355 -0.17722184 1.56360253
v 0.01257141 -0.17703497 1.56668730
v 0.01331920 -0.17778280 1.56659381
v 0.01322577 -0.17843716 1.56089163
v 0.01219749 -0.17684801 1.56378952
v 0.00929960 -0.18133500 1.56631343
v 0.00929960 -0.18264372 1.56266770
v 0.01051486 -0.18245676 1.56453726
v 0.01247791 -0.18180241 1.56491124
v 0.01238443 -0.18124154 1.56827649
v 0.01060830 -0.18198937 1.56780913
v 0.01088879 -0.18311111 1.56248071
v 0.01331920 -0.18040022 1.56799600
v 0.01294528 -0.18273720 1.56285469
v 0.01369312 -0.17899803 1.56696779
v 0.01472140 -0.18114806 1.56472425
v 0.01416054 -0.18133500 1.56266770
v 0.01313227 -0.18198937 1.56070464
v 0.00976702 -0.18170893 1.55920895
v 0.01079529 -0.18142848 1.55892858
v 0.01023438 -0.18226971 1.56042427
v 0.01574968 -0.17955891 1.56388291
v 0.01565618 -0.17843716 1.56369603
v 0.01051486 -0.18096109 1.55855460
v 0.01509532 -0.18105458 1.56089163
v 0.01303877 -0.18105458 1.55911546
v 0.01266485 -0.18021326 1.55874159
v 0.01023438 -0.18049369 1.55892858
v 0.00958003 -0.18142848 1.55920895
v 0.01640402 -0.17946543 1.56126550
v 0.01434748 -0.17955891 1.55874159
v 0.00939310 -0.18105458 1.55920895
v 0.00883224 -0.18105458 1.56014379
v 0.01388011 -0.17899803 1.55911546
v 0.00845832 -0.18077413 1.56126550
v 0.00911267 -0.17955891 1.56191985
v 0.01032787 -0.18040022 1.56023728
v 0.01210400 -0.17955891 1.55911546
v 0.01173007 -0.17890446 1.56061115
v 0.01191700 -0.17853064 1.56191985
v 0.01173007 -0.17890446 1.56061115
v 0.00855176 -0.17965238 1.56640693
v 0.00855176 -0.17853064 1.56706128
v 0.00967353 -0.17918499 1.56332205
v 0.01191700 -0.17853064 1.56191985
v 0.01257141 -0.17778280 1.56220034
v 0.01135615 -0.17787629 1.56360253
v 0.01135615 -0.17787629 1.56360253
v 0.00958003 -0.17703497 1.56771563
v 0.01275834 -0.17712845 1.56687429
v 0.00901917 -0.18152197 1.56033078
v 0.00873875 -0.18152197 1.56126550
v 0.00892568 -0.18058709 1.56612644
v 0.00827133 -0.18030674 1.56257420
v 0.01612359 -0.17955891 1.56229383
v 0.00939310 -0.18217632 1.56033078
v 0.00911267 -0.18255024 1.56154598
v 0.00855176 -0.18142848 1.56238732
v 0.01481489 -0.18021326 1.55911546
v 0.00219517 -0.18142848 1.55958293
v 0.00490608 -0.18077413 1.55995680
v 0.00490608 -0.18133500 1.55808724
v 0.00929960 -0.18189589 1.55939594
v 0.00920611 -0.18152197 1.55911546
v 0.00920611 -0.18152197 1.56051765
v 0.00705612 -0.18096109 1.56005029
v 0.00873875 -0.18096109 1.56042427
v 0.00892568 -0.18114806 1.55911546
v 0.00873875 -0.18077413 1.56135899
v 0.00911267 -0.18152197 1.56154598
v 0.00799090 -0.18114806 1.56668730
v 0.00827133 -0.18180241 1.56668730
v 0.00920611 -0.18152197 1.56322855
v 0.00714961 -0.18040022 1.56145249
v 0.00883224 -0.18068065 1.56304168
v 0.00705612 -0.17983934 1.56332205
v 0.00163435 -0.18198937 1.56696779
v 0.00097999 -0.18311111 1.56266770
v 0.00247560 -0.18348503 1.56481774
v 0.00499957 -0.18404590 1.56537860
v 0.00490608 -0.18283068 1.56921121
v 0.00275609 -0.18283068 1.56855686
v 0.00228867 -0.18404590 1.56238732
v 0.00649526 -0.18255024 1.56874385
v 0.00481264 -0.18385894 1.56266770
v 0.00799090 -0.18255024 1.56734165
v 0.00696262 -0.18320459 1.56472425
v 0.00743004 -0.18367200 1.56257420
v 0.00490608 -0.18348503 1.55995680
v 0.00126043 -0.18255024 1.55846110
v 0.00238216 -0.18255024 1.55790025
v 0.00228867 -0.18339155 1.55995680
v 0.00901917 -0.18245676 1.56360253
v 0.00490608 -0.18264372 1.55808724
v 0.00228867 -0.18208284 1.55752638
v 0.00743004 -0.18245676 1.55818073
v 0.00939310 -0.18226971 1.56070464
v 0.00752348 -0.18320459 1.56023728
v 0.00509307 -0.18198937 1.55761987
v 0.00705612 -0.18133500 1.55818073
v 0.00724305 -0.18198937 1.55771337
v 0.00490608 -0.18077413 1.55995680
v 0.00219517 -0.18058709 1.56145249
v 0.00499957 -0.18021326 1.56173297
v 0.00490608 -0.18077413 1.55995680
v 0.00172781 -0.18021326 1.56706128
v 0.00247560 -0.17946543 1.56771563
v 0.00219517 -0.17974586 1.56341554
v 0.00705612 -0.18096109 1.56005029
v 0.00490608 -0.18077413 1.55995680
v 0.00471914 -0.17871760 1.56425688
v 0.00471914 -0.17871760 1.56425688
v 0.00453215 -0.17909151 1.56827649
v 0.00668220 -0.18040022 1.56734165
v 0.00154087 -0.18114806 1.56668730
v 0.00088651 -0.18049369 1.56266770
v 0.00911267 -0.18245676 1.56182636
v 0.00107347 -0.18283068 1.55986330
v 0.00107347 -0.18301763 1.56135899
v 0.00088651 -0.18189589 1.56098513
v 0.00088651 -0.18170893 1.56238732
v 0.00097999 -0.18096109 1.56098513
v 0.00499957 -0.18021326 1.56173297
v 0.00219517 -0.18161535 1.55790025
v 0.00097999 -0.18208284 1.55976992
v 0.00097999 -0.18208284 1.55836772
v -0.02323109 -0.14515856 1.56883735
v -0.02295066 -0.14356942 1.56902433
v -0.02192238 -0.14394333 1.56930471
v -0.02725070 -0.13936285 1.57164174
v -0.02566156 -0.13861492 1.57210910
v -0.02575506 -0.13945633 1.57080040
v -0.02453979 -0.13964320 1.57023954
v -0.02407243 -0.13889546 1.57145475
v -0.02257674 -0.14076504 1.57005255
v -0.02566156 -0.13861492 1.57210910
v -0.02547457 -0.13870849 1.57397866
v -0.02351152 -0.13917589 1.57351130
v -0.01874407 -0.13945633 1.57575484
v -0.02108104 -0.13926928 1.57575484
v -0.02023976 -0.14048460 1.57771789
v -0.02201588 -0.14076504 1.57220260
v -0.02257674 -0.14076504 1.57005255
v -0.02407243 -0.13889546 1.57145475
v -0.01818321 -0.14067156 1.57809176
v -0.02257674 -0.14160626 1.57678306
v -0.01724843 -0.14113895 1.57566134
v -0.02126804 -0.14721511 1.57678306
v -0.02229631 -0.14637379 1.57827875
v -0.02369851 -0.14618683 1.57528737
v -0.02313759 -0.14459769 1.57921359
v -0.02220281 -0.14721511 1.57257647
v -0.02164195 -0.14740206 1.57463301
v -0.02510065 -0.14450420 1.57547436
v -0.02313759 -0.14300854 1.57912009
v -0.02687677 -0.14637379 1.57238959
v -0.02528764 -0.14216723 1.57594172
v -0.02229631 -0.14151288 1.57809176
v -0.02575506 -0.14431715 1.57220260
v -0.02762461 -0.14441073 1.57042653
v -0.02510065 -0.14618683 1.56995906
v -0.02547457 -0.14656075 1.56893084
v -0.02528764 -0.14712162 1.57033304
v -0.02023976 -0.14048460 1.57771789
v -0.02108104 -0.13926928 1.57575484
v -0.02734419 -0.13954981 1.57407216
v -0.02818547 -0.14198017 1.57285695
v -0.02799854 -0.14179331 1.57108088
v -0.02622242 -0.14571943 1.56855686
v -0.02762461 -0.14441073 1.57042653
v -0.02444630 -0.14562596 1.56939820
v -0.02734419 -0.14160626 1.56995906
v -0.02706376 -0.14403681 1.56921121
v -0.02351152 -0.14637379 1.56921121
v -0.02425936 -0.14665414 1.56921121
v -0.02668984 -0.13992363 1.57042653
v -0.02799854 -0.14179331 1.57108088
v -0.02210932 -0.14151288 1.57089389
v -0.02192238 -0.14366280 1.57023954
v -0.02238981 -0.14571943 1.56949170
v -0.02341808 -0.14141939 1.56986556
v -0.02276367 -0.14656075 1.57005255
v -0.02126804 -0.14599978 1.57154825
v -0.02192238 -0.14394333 1.56930471
v -0.01780929 -0.14693466 1.57650269
v -0.01799628 -0.14702805 1.57453963
v -0.01687451 -0.14609335 1.57472651
v -0.02117454 -0.14356942 1.57164174
v -0.01668758 -0.14618683 1.57725042
v -0.01612666 -0.14394333 1.57547436
v -0.02182890 -0.14431715 1.57631570
v -0.02229631 -0.14693466 1.57248308
v -0.02023976 -0.14721511 1.57295044
v -0.02388545 -0.14702805 1.57061341
v -0.01949191 -0.14740206 1.57603521
v -0.02547457 -0.13870849 1.57397866
v -0.02397893 -0.14011068 1.57594172
v -0.01986584 -0.14730849 1.57444614
v -0.02566156 -0.13861492 1.57210910
v -0.02725070 -0.13936285 1.57164174
v -0.01921149 -0.15282385 1.56762214
v -0.02192238 -0.15114123 1.56696779
v -0.02089411 -0.15151515 1.56724816
v -0.02397893 -0.14693466 1.56995906
v -0.02182890 -0.14628031 1.57042653
v -0.02463329 -0.14693466 1.56883735
v -0.02023976 -0.14712162 1.56911783
v -0.02285717 -0.14665414 1.56958519
v -0.01799628 -0.14852382 1.56883735
v -0.02182890 -0.14628031 1.57042653
v -0.02435286 -0.14665414 1.57201561
v -0.02229631 -0.14702805 1.57154825
v -0.01771579 -0.14721511 1.57397866
v -0.02005283 -0.14702805 1.57388517
v -0.01911799 -0.14824337 1.57594172
v -0.01799628 -0.14852382 1.56883735
v -0.02285717 -0.14665414 1.56958519
v -0.01706145 -0.14843033 1.57631570
v -0.02117454 -0.14992600 1.57444614
v -0.01622016 -0.14880425 1.57388517
v -0.02023976 -0.15488040 1.57491350
v -0.02117454 -0.15403909 1.57640919
v -0.02276367 -0.15394561 1.57332431
v -0.02407243 -0.15226298 1.57369829
v -0.02145497 -0.15488040 1.57051992
v -0.02080061 -0.15506727 1.57266996
v -0.02201588 -0.15235646 1.57734392
v -0.02210932 -0.15086079 1.57725042
v -0.02594199 -0.15403909 1.57014605
v -0.02425936 -0.15001938 1.57397866
v -0.02126804 -0.14927165 1.57622220
v -0.02510065 -0.14964556 1.57070691
v -0.02500722 -0.15207602 1.56846348
v -0.02612893 -0.15413256 1.56762214
v -0.02444630 -0.15488040 1.56808950
v -0.02369851 -0.15357169 1.56687429
v -0.01911799 -0.14824337 1.57594172
v -0.02005283 -0.14702805 1.57388517
v -0.02379195 -0.14730849 1.57192211
v -0.02519415 -0.14945860 1.56921121
v -0.02603549 -0.15170202 1.56715477
v -0.02341808 -0.15441290 1.56696779
v -0.02267024 -0.15441290 1.56724816
v -0.02463329 -0.14917817 1.56818299
v -0.02500722 -0.15207602 1.56846348
v -0.02369851 -0.15142167 1.56771563
v -0.02351152 -0.15338464 1.56724816
v -0.01977234 -0.15394561 1.56780913
v -0.02575506 -0.14730849 1.56846348
v -0.02519415 -0.14945860 1.56921121
v -0.02136153 -0.14917817 1.56883735
v -0.01790279 -0.15338464 1.56827649
v -0.01855713 -0.15422604 1.56855686
v -0.02033325 -0.15338464 1.56930471
v -0.01921149 -0.14917817 1.56855686
v -0.02089411 -0.15151515 1.56724816
v -0.01687451 -0.15459996 1.57472651
v -0.02117454 -0.15516083 1.57210910
v -0.02042670 -0.15385213 1.57238959
v -0.02023976 -0.15095427 1.56958519
v -0.02080061 -0.15160863 1.57444614
v -0.01565930 -0.15385213 1.57556785
v -0.01986584 -0.15170202 1.57323082
v -0.02145497 -0.15441290 1.57023954
v -0.01949191 -0.15478692 1.57098739
v -0.02014627 -0.15459996 1.56893084
v -0.01902456 -0.15497387 1.57257647
v -0.02435286 -0.14665414 1.57201561
v -0.02295066 -0.14796294 1.57407216
v -0.01696800 -0.14843033 1.57080040
v -0.02182890 -0.14628031 1.57042653
v -0.02397893 -0.14693466 1.56995906
v -0.01790279 -0.16058263 1.56547209
v -0.01780929 -0.15880653 1.56584596
v -0.01659408 -0.15908687 1.56631343
v -0.02379195 -0.15422604 1.56799600
v -0.02145497 -0.15478692 1.56734165
v -0.02295066 -0.15525431 1.56668730
v -0.01949191 -0.15488040 1.56724816
v -0.01883756 -0.15431952 1.56846348
v -0.01706145 -0.15609553 1.56724816
v -0.01883756 -0.15431952 1.56846348
v -0.02379195 -0.15422604 1.56799600
v -0.02089411 -0.15441290 1.57014605
v -0.02108104 -0.15544127 1.57173524
v -0.01986584 -0.15497387 1.57201561
v -0.01902456 -0.15618911 1.57407216
v -0.01977234 -0.15637607 1.56818299
v -0.01706145 -0.15609553 1.56724816
v -0.01687451 -0.15628259 1.57463301
v -0.01519188 -0.15777815 1.57500699
v -0.01977234 -0.15693694 1.57164174
v -0.02126804 -0.16226526 1.57388517
v -0.02463329 -0.16245212 1.57108088
v -0.02033325 -0.16310657 1.57014605
v -0.02407243 -0.16058263 1.57098739
v -0.02285717 -0.16217178 1.56752864
v -0.02061368 -0.16291961 1.56808950
v -0.02210932 -0.16048915 1.57500699
v -0.02229631 -0.15908687 1.57491350
v -0.02295066 -0.15618911 1.57182873
v -0.02631591 -0.15871305 1.57192211
v -0.02603549 -0.15815218 1.56818299
v -0.02388545 -0.16030219 1.56584596
v -0.02323109 -0.16217178 1.56528510
v -0.02136153 -0.16235873 1.56481774
v -0.02108104 -0.16282613 1.56603295
v -0.02126804 -0.15749781 1.57407216
v -0.01902456 -0.15618911 1.57407216
v -0.01986584 -0.15497387 1.57201561
v -0.02360501 -0.15553476 1.56967869
v -0.02575506 -0.15777815 1.56650031
v -0.02388545 -0.16039567 1.56762214
v -0.02332458 -0.15983480 1.56500473
v -0.02238981 -0.16161089 1.56444387
v -0.01977234 -0.16123699 1.56565908
v -0.02388545 -0.15731086 1.56584596
v -0.02388545 -0.16030219 1.56584596
v -0.02220281 -0.15936740 1.56537860
v -0.01837020 -0.16179776 1.56556559
v -0.01967890 -0.16217178 1.56537860
v -0.02575506 -0.15777815 1.56650031
v -0.02360501 -0.15506727 1.56762214
v -0.02267024 -0.15731086 1.56603295
v -0.01668758 -0.16114350 1.56612644
v -0.01724843 -0.16198482 1.56640693
v -0.02089411 -0.15703042 1.56565908
v -0.01547231 -0.16105002 1.56818299
v -0.01659408 -0.15908687 1.56631343
v -0.01631365 -0.16235873 1.57257647
v -0.01640709 -0.16245212 1.57042653
v -0.01893106 -0.16170438 1.57042653
v -0.01902456 -0.15871305 1.56762214
v -0.01921149 -0.16217178 1.57332431
v -0.01865063 -0.15964784 1.57126776
v -0.01668758 -0.16207830 1.56865036
v -0.01855713 -0.16273265 1.56865036
v -0.01799628 -0.16291961 1.57192211
v -0.02089411 -0.15441290 1.57014605
v -0.01893106 -0.16245212 1.56668730
v -0.02005283 -0.16301309 1.57248308
v -0.01837020 -0.16282613 1.57023954
v -0.01799628 -0.15459996 1.57023954
v -0.02379195 -0.15422604 1.56799600
v -0.02360501 -0.15506727 1.56762214
v -0.01893106 -0.16506963 1.56369603
v -0.01818321 -0.16497615 1.56369603
v -0.01808972 -0.16619138 1.56369603
v -0.02182890 -0.16263917 1.56556559
v -0.01967890 -0.16198482 1.56668730
v -0.01995933 -0.16254569 1.56575258
v -0.01743536 -0.16385441 1.56472425
v -0.01818321 -0.16235873 1.56537860
v -0.01752886 -0.16217178 1.56621994
v -0.01752886 -0.16217178 1.56621994
v -0.01967890 -0.16198482 1.56668730
v -0.01930498 -0.16189134 1.56780913
v -0.01883756 -0.16235873 1.56921121
v -0.01808972 -0.16329352 1.57089389
v -0.01921149 -0.16385441 1.57089389
v -0.01846364 -0.16320004 1.56640693
v -0.01631365 -0.16366744 1.56491124
v -0.01818321 -0.16525659 1.57117438
v -0.01837020 -0.16348038 1.56893084
v -0.01949191 -0.16815435 1.57061341
v -0.02220281 -0.16834140 1.56846348
v -0.02061368 -0.16899575 1.56790251
v -0.02023976 -0.16693922 1.57145475
v -0.02117454 -0.16806097 1.56547209
v -0.02061368 -0.16871532 1.56612644
v -0.02360501 -0.16731312 1.56865036
v -0.02033325 -0.16572398 1.57154825
v -0.02295066 -0.16684564 1.56491124
v -0.02126804 -0.16338700 1.56902433
v -0.02425936 -0.16553703 1.56893084
v -0.02444630 -0.16488267 1.56547209
v -0.02126804 -0.16787401 1.56378952
v -0.02070718 -0.16824792 1.56453726
v -0.02042670 -0.16721966 1.56350904
v -0.01977234 -0.16441528 1.57080040
v -0.01808972 -0.16329352 1.57089389
v -0.01883756 -0.16235873 1.56921121
v -0.02182890 -0.16282613 1.56734165
v -0.02304415 -0.16450876 1.56350904
v -0.02257674 -0.16628486 1.56313506
v -0.02098761 -0.16609790 1.56369603
v -0.01949191 -0.16768705 1.56397640
v -0.01977234 -0.16693922 1.56388291
v -0.02173545 -0.16422831 1.56369603
v -0.02257674 -0.16628486 1.56313506
v -0.01855713 -0.16703270 1.56388291
v -0.01949191 -0.16768705 1.56378952
v -0.02304415 -0.16450876 1.56350904
v -0.02108104 -0.16385441 1.56453726
v -0.02033325 -0.16581738 1.56406990
v -0.01865063 -0.16647173 1.56369603
v -0.01818321 -0.16740661 1.56500473
v -0.01481796 -0.16656529 1.56621994
v -0.01631365 -0.16366744 1.56491124
v -0.01818321 -0.16497615 1.56369603
v -0.01509838 -0.16516301 1.56650031
v -0.01612666 -0.16806097 1.56949170
v -0.01827670 -0.16843488 1.56771563
v -0.01734193 -0.16750000 1.56808950
v -0.01790279 -0.16637834 1.57126776
v -0.01500495 -0.16768705 1.57023954
v -0.01762236 -0.16581738 1.56855686
v -0.01575274 -0.16768705 1.56659381
v -0.01724843 -0.16824792 1.56659381
v -0.01715493 -0.16843488 1.56780913
v -0.01930498 -0.16189134 1.56780913
v -0.01939842 -0.16815435 1.56491124
v -0.01855713 -0.16824792 1.56949170
v -0.01687451 -0.16198482 1.56771563
v -0.01650059 -0.16198482 1.56958519
v -0.01967890 -0.16198482 1.56668730
v -0.02182890 -0.16263917 1.56556559
v -0.02117454 -0.16282613 1.56519161
v -0.01612666 -0.17002403 1.56210684
v -0.01509838 -0.16993054 1.56210684
v -0.01528538 -0.17105230 1.56210684
v -0.02005283 -0.16787401 1.56425688
v -0.01883756 -0.16834140 1.56360253
v -0.02005283 -0.16852836 1.56322855
v -0.01734193 -0.16796749 1.56313506
v -0.01874407 -0.16796749 1.56360253
v -0.01547231 -0.16890228 1.56257420
v -0.01874407 -0.16796749 1.56360253
v -0.02005283 -0.16787401 1.56425688
v -0.01986584 -0.16778053 1.56537860
v -0.01491145 -0.16806097 1.56715477
v -0.01949191 -0.16834140 1.56706128
v -0.01650059 -0.16880880 1.56874385
v -0.01659408 -0.16880880 1.56416339
v -0.01547231 -0.16890228 1.56257420
v -0.01425710 -0.16899575 1.56874385
v -0.01612666 -0.17049143 1.56874385
v -0.01622016 -0.16936967 1.56668730
v -0.01696800 -0.17348276 1.56762214
v -0.01771579 -0.17310884 1.56883735
v -0.02023976 -0.17395015 1.56650031
v -0.01846364 -0.17198709 1.56967869
v -0.01995933 -0.17376320 1.56369603
v -0.01799628 -0.17441755 1.56397640
v -0.01855713 -0.17479146 1.56584596
v -0.02108104 -0.17039795 1.56706128
v -0.02173545 -0.17254787 1.56706128
v -0.01865063 -0.17086524 1.56967869
v -0.01818321 -0.16955664 1.56893084
v -0.02285717 -0.17011751 1.56388291
v -0.02080061 -0.17338928 1.56201335
v -0.02220281 -0.17236100 1.56332205
v -0.01883756 -0.17292189 1.56201335
v -0.01846364 -0.17376320 1.56266770
v -0.01650059 -0.16880880 1.56874385
v -0.01949191 -0.16834140 1.56706128
v -0.02023976 -0.16796749 1.56556559
v -0.02210932 -0.16974358 1.56182636
v -0.02164195 -0.17142621 1.56145249
v -0.01967890 -0.17236100 1.56163948
v -0.02164195 -0.17142621 1.56145249
v -0.01762236 -0.17170665 1.56220034
v -0.02080061 -0.16946315 1.56191985
v -0.02033325 -0.17123926 1.56173297
v -0.01799628 -0.17067838 1.56238732
v -0.01603317 -0.17189361 1.56220034
v -0.01734193 -0.17273493 1.56210684
v -0.02210932 -0.16974358 1.56182636
v -0.02070718 -0.16824792 1.56360253
v -0.01837020 -0.16927619 1.56294818
v -0.01603317 -0.17133274 1.56201335
v -0.01659408 -0.16918261 1.56248071
v -0.01687451 -0.17264145 1.56276119
v -0.01584624 -0.17170665 1.56350904
v -0.01509838 -0.16993054 1.56210684
v -0.01631365 -0.17039795 1.56369603
v -0.01481796 -0.17301537 1.56724816
v -0.01435060 -0.17301537 1.56565908
v -0.01304184 -0.17208057 1.56603295
v -0.01360275 -0.17264145 1.56799600
v -0.01593973 -0.17095882 1.56612644
v -0.01678102 -0.17282841 1.56378952
v -0.01659408 -0.17376320 1.56435038
v -0.01808972 -0.17357624 1.56276119
v -0.01575274 -0.17301537 1.56706128
v -0.01986584 -0.16778053 1.56537860
v -0.01762236 -0.17413711 1.56556559
v -0.01575274 -0.16796749 1.56565908
v -0.02005283 -0.16787401 1.56425688
v -0.02070718 -0.16824792 1.56360253
v -0.01509838 -0.17684801 1.55986330
v -0.01650059 -0.17535235 1.55967642
v -0.01556581 -0.17535235 1.56098513
v -0.01837020 -0.17348276 1.56238732
v -0.01837020 -0.17366972 1.56126550
v -0.01874407 -0.17385658 1.56145249
v -0.01771579 -0.17366972 1.56126550
v -0.01743536 -0.17329580 1.56220034
v -0.01659408 -0.17423049 1.56173297
v -0.01790279 -0.17329580 1.56350904
v -0.01780929 -0.17329580 1.56294818
v -0.01762236 -0.17320223 1.56463075
v -0.01874407 -0.17338928 1.56509823
v -0.01528538 -0.17404363 1.56771563
v -0.01696800 -0.17413711 1.56285469
v -0.01659408 -0.17423049 1.56173297
v -0.01416361 -0.17376320 1.56780913
v -0.01238749 -0.17404363 1.56818299
v -0.01416361 -0.17385658 1.56491124
v -0.01509838 -0.17890446 1.56668730
v -0.01500495 -0.17843716 1.56808950
v -0.01650059 -0.17909151 1.56509823
v -0.01678102 -0.17759584 1.56575258
v -0.01678102 -0.17927847 1.56285469
v -0.01509838 -0.17955891 1.56191985
v -0.01509838 -0.17965238 1.56294818
v -0.01603317 -0.17731540 1.56893084
v -0.01631365 -0.17619366 1.56893084
v -0.01780929 -0.17778280 1.56304168
v -0.01902456 -0.17628714 1.56593946
v -0.01631365 -0.17488486 1.56799600
v -0.01650059 -0.17853064 1.56117201
v -0.01509838 -0.17796975 1.56033078
v -0.01509838 -0.17899803 1.56089163
v -0.01911799 -0.17591322 1.56360253
v -0.01939842 -0.17413711 1.56537860
v -0.01977234 -0.17544583 1.56173297
v -0.01846364 -0.17694149 1.56042427
v -0.01622016 -0.17750236 1.56005029
v -0.01565930 -0.17694149 1.55976992
v -0.01846364 -0.17497842 1.56070464
v -0.01790279 -0.17610018 1.55948943
v -0.01724843 -0.17563277 1.55911546
v -0.01481796 -0.17768932 1.56023728
v -0.01799628 -0.17469798 1.56005029
v -0.01444404 -0.17750236 1.56005029
v -0.01491145 -0.17722184 1.56051765
v -0.01650059 -0.17535235 1.55967642
v -0.01350926 -0.17806323 1.56089163
v -0.01491145 -0.17722184 1.56051765
v -0.01416361 -0.17722184 1.56191985
v -0.01734193 -0.17451103 1.56042427
v -0.01556581 -0.17535235 1.56098513
v -0.01556581 -0.17535235 1.56098513
v -0.01378968 -0.17806323 1.56650031
v -0.01341576 -0.17806323 1.56294818
v -0.01360275 -0.17694149 1.56369603
v -0.01603317 -0.17535235 1.56229383
v -0.01556581 -0.17535235 1.56098513
v -0.01332233 -0.17731540 1.56715477
v -0.01491145 -0.17507190 1.56453726
v -0.01145270 -0.17516538 1.56827649
v -0.01360275 -0.17825010 1.56163948
v -0.01416361 -0.17890446 1.56173297
v -0.01397667 -0.17853064 1.56098513
v -0.01444404 -0.17853064 1.56631343
v -0.01883756 -0.17366972 1.56360253
v -0.01397667 -0.17890446 1.56276119
v -0.01603317 -0.17535235 1.56229383
v -0.01491145 -0.17507190 1.56453726
v -0.01995933 -0.17376320 1.56248071
v -0.01051793 -0.17955891 1.55911546
v -0.01014400 -0.17890446 1.56061115
v -0.00874181 -0.18040022 1.56023728
v -0.01435060 -0.17890446 1.56117201
v -0.01397667 -0.17862412 1.55986330
v -0.01444404 -0.17918499 1.56005029
v -0.01350926 -0.17843716 1.55995680
v -0.01313533 -0.17815671 1.56117201
v -0.01163970 -0.17843716 1.56089163
v -0.01425710 -0.17881106 1.56210684
v -0.01341576 -0.17815671 1.56191985
v -0.01238749 -0.17722184 1.56360253
v -0.01407011 -0.17843716 1.56369603
v -0.01173313 -0.17778280 1.56659381
v -0.01163970 -0.17843716 1.56089163
v -0.01098535 -0.17703497 1.56668730
v -0.01117228 -0.17712845 1.56687429
v -0.01061142 -0.17684801 1.56378952
v -0.00771354 -0.18133500 1.56631343
v -0.00902223 -0.18198937 1.56780913
v -0.00892879 -0.18245676 1.56453726
v -0.01089185 -0.18180241 1.56491124
v -0.00930272 -0.18311111 1.56248071
v -0.00752660 -0.18255024 1.56154598
v -0.00771354 -0.18264372 1.56266770
v -0.01079836 -0.18124154 1.56827649
v -0.01173313 -0.18040022 1.56799600
v -0.01135922 -0.18273720 1.56285469
v -0.01313533 -0.18114806 1.56472425
v -0.01210706 -0.17899803 1.56696779
v -0.01257447 -0.18133500 1.56266770
v -0.01154620 -0.18198937 1.56070464
v -0.00864831 -0.18226971 1.56042427
v -0.00818095 -0.18170893 1.55920895
v -0.00780703 -0.18217632 1.56033078
v -0.01416361 -0.17955891 1.56388291
v -0.01350926 -0.18105458 1.56089163
v -0.00920922 -0.18142848 1.55892858
v -0.00892879 -0.18096109 1.55855460
v -0.01322883 -0.18021326 1.55911546
v -0.01145270 -0.18105458 1.55911546
v -0.01107879 -0.18021326 1.55874159
v -0.00799396 -0.18142848 1.55920895
v -0.00864831 -0.18049369 1.55892858
v -0.01276141 -0.17955891 1.55874159
v -0.00780703 -0.18105458 1.55920895
v -0.01229404 -0.17899803 1.55911546
v -0.00687225 -0.18077413 1.56126550
v -0.00724617 -0.18105458 1.56014379
v -0.00874181 -0.18040022 1.56023728
v -0.01051793 -0.17955891 1.55911546
v -0.01014400 -0.17890446 1.56061115
v -0.01033093 -0.17853064 1.56191985
v -0.00696569 -0.17965238 1.56640693
v -0.00668526 -0.18030674 1.56257420
v -0.00808746 -0.17918499 1.56332205
v -0.01033093 -0.17853064 1.56191985
v -0.01014400 -0.17890446 1.56061115
v -0.00696569 -0.17853064 1.56706128
v -0.00977008 -0.17787629 1.56360253
v -0.00977008 -0.17787629 1.56360253
v -0.00715268 -0.18152197 1.56126550
v -0.00733961 -0.18058709 1.56612644
v -0.01453753 -0.17955891 1.56229383
v -0.00696569 -0.18142848 1.56238732
v -0.00752660 -0.17955891 1.56191985
v -0.01098535 -0.17778280 1.56220034
v -0.01481796 -0.17946543 1.56126550
v -0.00332001 -0.18133500 1.55808724
v -0.00332001 -0.18077413 1.55995680
v -0.00060911 -0.18142848 1.55958293
v -0.00762004 -0.18152197 1.56051765
v -0.00762004 -0.18152197 1.55911546
v -0.00771354 -0.18189589 1.55939594
v -0.00733961 -0.18114806 1.55911546
v -0.00715268 -0.18096109 1.56042427
v -0.00547005 -0.18096109 1.56005029
v -0.00752660 -0.18152197 1.56154598
v -0.00715268 -0.18077413 1.56135899
v -0.00762004 -0.18152197 1.56322855
v -0.00668526 -0.18180241 1.56668730
v -0.00640483 -0.18114806 1.56668730
v -0.00556355 -0.18040022 1.56145249
v -0.00547005 -0.18096109 1.56005029
v -0.00509613 -0.18040022 1.56734165
v -0.00547005 -0.17983934 1.56332205
v -0.00004828 -0.18198937 1.56696779
v -0.00117002 -0.18283068 1.56855686
v -0.00088954 -0.18348503 1.56481774
v -0.00341350 -0.18404590 1.56537860
v -0.00070260 -0.18404590 1.56238732
v 0.00051260 -0.18301763 1.56135899
v 0.00060608 -0.18311111 1.56266770
v -0.00332001 -0.18283068 1.56921121
v -0.00490920 -0.18255024 1.56874385
v -0.00322657 -0.18385894 1.56266770
v -0.00537656 -0.18320459 1.56472425
v -0.00640483 -0.18255024 1.56734165
v -0.00332001 -0.18348503 1.55995680
v -0.00070260 -0.18339155 1.55995680
v 0.00032564 -0.18255024 1.55846110
v 0.00051260 -0.18283068 1.55986330
v -0.00743311 -0.18245676 1.56360253
v -0.00584398 -0.18367200 1.56257420
v -0.00593742 -0.18320459 1.56023728
v -0.00332001 -0.18264372 1.55808724
v -0.00079610 -0.18255024 1.55790025
v -0.00070260 -0.18208284 1.55752638
v -0.00584398 -0.18245676 1.55818073
v -0.00565699 -0.18198937 1.55771337
v -0.00350700 -0.18198937 1.55761987
v -0.00547005 -0.18133500 1.55818073
v 0.00088651 -0.18161535 1.55836772
v -0.00332001 -0.18077413 1.55995680
v -0.00060911 -0.18058709 1.56145249
v -0.00332001 -0.18077413 1.55995680
v -0.00014175 -0.18021326 1.56706128
v 0.00069955 -0.18049369 1.56266770
v -0.00060911 -0.17974586 1.56341554
v -0.00332001 -0.18077413 1.55995680
v -0.00088954 -0.17946543 1.56771563
v -0.00313308 -0.17871760 1.56425688
v -0.00313308 -0.17871760 1.56425688
v 0.00004520 -0.18114806 1.56668730
v -0.00752660 -0.18245676 1.56182636
v 0.00069955 -0.18189589 1.56098513
v 0.00069955 -0.18170893 1.56238732
v 0.00060608 -0.18096109 1.56098513
v -0.00341350 -0.18021326 1.56173297
v -0.00341350 -0.18021326 1.56173297
v -0.00724617 -0.18068065 1.56304168
v -0.00780703 -0.18226971 1.56070464
v 0.00088651 -0.18142848 1.55958293
v 0.00060608 -0.18208284 1.55976992
v 0.00060608 -0.18208284 1.55836772
v 0.00069955 -0.18161535 1.55836772
v 0.00069955 -0.18142848 1.55958293
v -0.00060911 -0.18161535 1.55790025
v 0.00565392 -0.18002630 1.55247945
v 0.02173234 -0.17021099 1.55734039
v 0.00911267 -0.18021317 1.55322730
v 0.02519108 -0.16404127 1.56023817
v 0.01266485 -0.17694149 1.55500336
v 0.02603237 -0.15338464 1.56294907
v 0.02472366 -0.15964784 1.56014468
v 0.01724536 -0.17292189 1.55621857
v 0.00621478 -0.18376546 1.57388517
v 0.01303877 -0.17927847 1.57519398
v 0.01640402 -0.17338928 1.57659607
v 0.01892800 -0.16768705 1.57781139
v 0.02098448 -0.16273265 1.57883961
v 0.00088651 -0.18068065 1.56369603
v 0.02649978 -0.14599978 1.57145475
v 0.03192159 -0.13403454 1.58005482
v 0.01453447 -0.12954744 1.57472651
v 0.02762155 -0.13674543 1.57248308
v 0.00967353 -0.12898666 1.56808950
v -0.00350700 -0.17675453 1.54322503
v -0.01163970 -0.17208057 1.54584244
v -0.01556581 -0.16647173 1.54789899
v -0.01986584 -0.15927392 1.55145112
v -0.02238981 -0.14871068 1.55490987
v -0.02351152 -0.14272810 1.55649905
v 0.00069955 -0.17918489 1.55332068
v -0.02435286 -0.13880197 1.55790125
v -0.01547231 -0.17497842 1.56584596
v -0.00836789 -0.18096109 1.56304168
v -0.02061368 -0.16460224 1.56883735
v -0.01706145 -0.17348276 1.56593946
v -0.02341808 -0.15385213 1.57080040
v -0.02267024 -0.15777815 1.57023954
v -0.02603549 -0.13553020 1.57173524
v 0.00967353 -0.12122783 1.57089389
v 0.00967353 -0.12908014 1.57136126
v 0.00967353 -0.12898666 1.56808950
v 0.02706064 -0.13730631 1.56911872
v 0.01490839 -0.17684791 1.55967732
v 0.01434748 -0.17525887 1.55864910
v 0.01331920 -0.17282831 1.55257294
v 0.01042137 -0.17918489 1.55911646
v 0.00920611 -0.17647400 1.55659255
v 0.00780397 -0.17451094 1.55191859
v 0.00369087 -0.17638061 1.55173160
v 0.02014320 -0.16684564 1.55668593
v 0.02631285 -0.14590640 1.56453826
v 0.02593893 -0.14590640 1.56145338
v -0.02547457 -0.13730631 1.56911872
v -0.01145270 -0.17843716 1.55734039
v -0.01332233 -0.17684791 1.55967732
v -0.01173313 -0.17282831 1.55257294
v -0.00883530 -0.17918489 1.55911646
v -0.00621790 -0.17451094 1.55191859
v -0.00621790 -0.17451094 1.55191859
v -0.00219830 -0.17946543 1.55762077
v -0.00210480 -0.17638061 1.55173160
v -0.00210480 -0.17638061 1.55173160
v -0.01706145 -0.16862184 1.55481637
v -0.01930498 -0.16843478 1.56107951
v -0.01855713 -0.16684564 1.55668593
v -0.01930498 -0.16843478 1.56107951
v -0.02023976 -0.16273255 1.55752727
v -0.01921149 -0.15469334 1.55771426
v -0.02052019 -0.14777598 1.55911646
v -0.02435286 -0.14590640 1.56145338
v 0.02182582 -0.14048460 1.57771789
v 0.02958461 -0.14179331 1.57108088
v 0.02070406 -0.14824337 1.57594172
v 0.02678021 -0.14945860 1.56921121
v 0.02537801 -0.15422604 1.56799600
v 0.02145191 -0.15497387 1.57201561
v 0.02061062 -0.15618911 1.57407216
v 0.02126497 -0.16198482 1.56668730
v 0.01967578 -0.16329352 1.57089389
v 0.02163889 -0.16787401 1.56425688
v 0.01808666 -0.16880880 1.56874385
v 0.02369539 -0.16974358 1.56182636
v 0.02145191 -0.16778053 1.56537860
v 0.01715187 -0.17535235 1.56098513
v 0.01303877 -0.17516538 1.56827649
v 0.01173007 -0.17890446 1.56061115
v 0.00958003 -0.17703497 1.56771563
v 0.00490608 -0.18133500 1.55808724
v 0.00453215 -0.17909151 1.56827649
v -0.02678327 -0.15226298 1.57023954
v -0.01855713 -0.15497387 1.57416565
v -0.01444404 -0.15974132 1.57500699
v -0.01696800 -0.16787401 1.56921121
v -0.02117454 -0.16862184 1.56734165
v -0.01575274 -0.17142621 1.56883735
v -0.01145270 -0.17516538 1.56827649
v -0.01014400 -0.17890446 1.56061115
v -0.00799396 -0.17703497 1.56771563
v -0.00799396 -0.17703497 1.56771563
v -0.00743311 -0.18152197 1.56033078
v -0.00332001 -0.18133500 1.55808724
v -0.00294609 -0.17909151 1.56827649
v -0.00294609 -0.17909151 1.56827649
f 1 2 3
f 2 4 5
f 6 7 5
f 8 9 7
f 8 10 11
f 12 13 11
f 14 15 13
f 16 17 15
f 16 18 19
f 20 21 19
f 20 22 23
f 24 25 23
f 24 26 27
f 28 29 27
f 30 31 29
f 30 32 33
f 34 35 33
f 34 36 37
f 38 39 37
f 38 40 41
f 40 42 43
f 44 45 43
f 46 47 45
f 48 49 47
f 48 50 51
f 52 53 51
f 52 54 55
f 56 57 58
f 59 60 61
f 62 63 64
f 65 66 67
f 68 69 70
f 71 72 60
f 73 74 62
f 75 66 65
f 76 68 77
f 78 79 80
f 81 82 74
f 83 75 84
f 85 86 76
f 47 87 88
f 89 90 78
f 91 82 81
f 92 83 93
f 94 95 86
f 96 97 87
f 98 99 90
f 100 91 101
f 102 103 92
f 104 95 94
f 61 96 105
f 69 103 102
f 106 67 100
f 63 99 98
f 107 108 109
f 110 111 112
f 113 114 115
f 116 117 118
f 119 120 121
f 122 123 124
f 125 126 127
f 128 129 130
f 131 132 133
f 134 135 136
f 137 107 138
f 139 140 110
f 141 114 113
f 142 117 116
f 143 120 119
f 144 145 123
f 109 108 146
f 112 111 125
f 115 129 128
f 147 118 132
f 148 121 134
f 124 137 149
f 135 150 151
f 127 126 141
f 152 130 142
f 133 145 144
f 153 58 154
f 155 156 2
f 156 157 4
f 158 6 4
f 159 8 6
f 160 10 8
f 161 12 10
f 162 14 12
f 163 16 14
f 163 164 18
f 165 20 18
f 165 166 22
f 166 167 24
f 167 168 26
f 169 28 26
f 170 30 28
f 170 171 32
f 171 172 34
f 172 173 36
f 173 174 38
f 175 40 38
f 176 42 40
f 177 44 42
f 151 150 140
f 178 179 48
f 179 180 50
f 181 52 50
f 181 182 54
f 183 184 185
f 186 187 184
f 188 189 190
f 185 191 192
f 193 194 195
f 196 197 194
f 198 199 200
f 192 191 199
f 201 202 203
f 204 195 202
f 205 206 207
f 208 209 205
f 210 203 187
f 211 212 213
f 214 215 216
f 207 206 215
f 217 218 219
f 189 218 217
f 220 221 222
f 213 212 220
f 216 197 196
f 219 223 224
f 225 226 227
f 221 226 225
f 228 227 209
f 229 186 183
f 230 183 231
f 232 228 208
f 233 222 225
f 234 225 228
f 235 236 224
f 237 238 211
f 239 240 196
f 241 213 242
f 243 242 222
f 244 190 217
f 217 236 235
f 245 207 214
f 246 214 240
f 154 247 213
f 248 210 186
f 249 208 250
f 251 250 207
f 57 224 237
f 252 204 201
f 253 201 210
f 192 198 254
f 198 255 256
f 257 196 193
f 258 193 204
f 259 231 192
f 260 261 190
f 262 232 249
f 230 259 263
f 264 229 230
f 265 260 244
f 259 266 267
f 268 258 252
f 269 257 258
f 254 256 270
f 267 266 254
f 253 248 271
f 252 253 272
f 224 223 238
f 273 251 245
f 249 251 273
f 271 248 229
f 274 154 241
f 275 246 239
f 245 246 275
f 276 235 277
f 278 244 276
f 279 243 233
f 241 243 279
f 280 239 257
f 58 237 247
f 277 235 57
f 234 232 262
f 281 233 234
f 282 283 206
f 284 282 205
f 203 285 286
f 287 288 212
f 215 289 290
f 206 283 289
f 218 291 292
f 293 291 218
f 294 295 221
f 212 288 294
f 290 296 197
f 223 297 298
f 219 292 297
f 226 299 300
f 295 299 226
f 227 300 284
f 184 301 302
f 187 286 301
f 303 293 189
f 185 302 304
f 305 306 195
f 296 305 194
f 199 307 308
f 304 307 199
f 202 309 285
f 195 306 309
f 298 287 211
f 310 311 312
f 255 313 314
f 1 312 315
f 80 316 311
f 317 318 146
f 319 320 321
f 200 308 313
f 45 88 322
f 59 323 51
f 324 64 9
f 23 65 106
f 35 77 70
f 55 71 59
f 13 73 324
f 25 84 65
f 37 325 77
f 326 80 310
f 15 81 73
f 27 93 84
f 39 85 325
f 178 46 44
f 89 326 3
f 17 101 81
f 29 327 93
f 94 85 39
f 105 87 47
f 7 98 89
f 328 101 17
f 102 327 29
f 322 94 41
f 323 105 49
f 33 70 102
f 21 106 328
f 9 64 98
f 79 321 316
f 329 330 78
f 95 331 332
f 333 334 335
f 103 336 337
f 67 338 339
f 60 340 341
f 342 343 63
f 344 345 68
f 346 347 348
f 349 350 75
f 351 352 82
f 353 354 97
f 99 355 329
f 356 331 95
f 69 357 336
f 358 359 360
f 66 361 338
f 72 362 340
f 363 342 62
f 330 319 79
f 86 332 344
f 364 333 365
f 337 349 83
f 339 351 91
f 341 353 96
f 343 355 99
f 366 356 104
f 345 357 69
f 367 368 369
f 75 350 361
f 82 352 363
f 97 354 366
f 370 371 372
f 138 109 373
f 374 112 375
f 334 376 377
f 378 113 379
f 116 147 380
f 381 119 148
f 122 382 383
f 384 104 322
f 385 127 386
f 387 388 389
f 390 128 152
f 131 391 392
f 393 136 394
f 395 149 138
f 139 374 396
f 397 398 113
f 347 364 399
f 400 116 401
f 402 403 119
f 404 144 122
f 87 97 384
f 373 109 405
f 375 112 385
f 359 406 407
f 379 128 390
f 406 367 408
f 380 147 131
f 409 148 393
f 382 149 395
f 410 151 139
f 127 398 397
f 411 412 388
f 413 152 400
f 392 391 144
f 136 151 410
f 318 370 405
f 414 415 72
f 416 417 54
f 418 419 260
f 55 420 414
f 421 422 303
f 72 415 423
f 403 424 425
f 417 420 55
f 419 426 261
f 261 426 421
f 402 427 424
f 414 428 429
f 416 430 431
f 432 433 419
f 420 434 428
f 421 435 436
f 415 429 437
f 438 439 425
f 417 431 434
f 433 440 426
f 440 435 421
f 427 441 438
f 365 335 429
f 442 348 431
f 443 360 433
f 434 399 365
f 435 408 369
f 335 377 437
f 438 387 444
f 348 399 434
f 360 407 440
f 407 408 435
f 441 411 387
f 445 446 368
f 447 448 333
f 449 450 347
f 448 451 334
f 452 453 359
f 412 454 455
f 456 445 367
f 453 456 406
f 388 455 457
f 450 447 364
f 334 451 458
f 135 56 153
f 150 153 274
f 141 262 459
f 460 263 137
f 123 264 460
f 265 278 120
f 263 267 107
f 118 268 461
f 117 269 268
f 462 270 146
f 267 462 108
f 272 271 145
f 132 461 272
f 115 273 463
f 114 459 273
f 271 264 123
f 140 274 464
f 130 275 280
f 129 463 275
f 121 465 277
f 120 278 465
f 111 279 281
f 110 464 279
f 142 280 269
f 134 277 56
f 126 466 262
f 125 281 466
f 314 317 270
f 444 389 358
f 425 418 265
f 439 432 418
f 444 443 432
f 457 452 358
f 450 449 467
f 468 469 447
f 448 447 469
f 470 471 451
f 472 458 451
f 473 455 454
f 474 475 476
f 477 478 452
f 479 480 445
f 481 482 483
f 484 485 486
f 486 487 488
f 487 489 490
f 489 491 492
f 492 491 493
f 494 493 495
f 495 496 497
f 496 498 499
f 499 498 500
f 501 500 502
f 502 503 504
f 503 505 506
f 505 507 508
f 507 509 510
f 509 511 512
f 512 511 513
f 513 514 515
f 514 516 517
f 516 518 519
f 519 518 520
f 521 520 522
f 522 523 524
f 523 525 526
f 525 527 528
f 527 529 530
f 529 531 532
f 531 533 534
f 535 536 537
f 538 539 540
f 541 542 543
f 544 545 546
f 547 548 549
f 550 551 540
f 552 553 543
f 554 544 555
f 556 557 549
f 558 559 560
f 561 552 562
f 563 554 564
f 565 556 566
f 523 567 568
f 569 560 570
f 571 561 572
f 573 563 574
f 575 565 576
f 577 568 578
f 579 580 570
f 571 581 582
f 583 573 584
f 575 585 586
f 538 577 587
f 583 588 548
f 589 582 546
f 579 590 542
f 591 592 593
f 594 595 596
f 597 598 599
f 600 601 602
f 603 604 605
f 606 607 608
f 609 610 611
f 612 613 614
f 615 616 617
f 618 619 620
f 621 593 622
f 623 624 596
f 625 626 599
f 627 628 602
f 629 630 605
f 631 608 632
f 633 634 592
f 609 635 595
f 597 612 636
f 637 617 601
f 603 638 620
f 639 622 607
f 640 641 619
f 610 625 642
f 613 627 643
f 615 644 632
f 645 646 536
f 647 484 648
f 649 648 488
f 650 488 490
f 490 492 651
f 651 492 494
f 652 494 653
f 654 653 497
f 655 497 499
f 499 501 656
f 656 501 657
f 658 657 504
f 659 504 506
f 660 506 508
f 508 510 661
f 661 510 512
f 662 512 663
f 664 663 515
f 515 517 665
f 517 519 666
f 519 521 667
f 667 521 668
f 668 524 669
f 623 670 641
f 526 528 671
f 528 530 672
f 530 532 673
f 532 534 674
f 536 646 675
f 676 677 678
f 679 680 681
f 646 682 683
f 684 685 686
f 687 686 688
f 689 676 690
f 682 689 691
f 537 536 692
f 537 693 685
f 694 695 696
f 697 694 698
f 482 699 700
f 701 702 703
f 704 679 705
f 695 704 706
f 707 708 709
f 680 707 710
f 711 712 713
f 711 714 703
f 715 688 716
f 708 481 717
f 718 719 720
f 712 718 721
f 719 697 722
f 701 723 678
f 699 724 725
f 726 727 702
f 728 708 707
f 729 730 707
f 731 715 732
f 733 481 708
f 734 695 694
f 735 694 697
f 736 737 699
f 736 482 481
f 738 679 704
f 739 704 695
f 740 712 711
f 741 711 702
f 738 729 680
f 645 742 682
f 743 719 718
f 744 718 712
f 745 746 684
f 745 687 715
f 747 748 676
f 742 747 689
f 749 697 719
f 746 750 537
f 726 701 677
f 748 751 677
f 752 753 754
f 755 752 756
f 757 758 759
f 760 761 762
f 763 764 765
f 753 763 766
f 767 768 769
f 770 767 771
f 772 773 774
f 761 772 775
f 776 777 765
f 778 779 780
f 768 778 781
f 782 783 784
f 773 782 785
f 755 786 784
f 787 788 789
f 758 787 790
f 791 770 792
f 788 793 794
f 795 796 797
f 795 798 777
f 799 725 800
f 793 799 801
f 802 757 803
f 796 802 804
f 779 760 805
f 806 807 808
f 809 810 811
f 806 812 813
f 814 815 808
f 816 817 818
f 819 820 821
f 523 522 822
f 531 529 538
f 491 541 553
f 503 502 545
f 514 513 547
f 533 531 551
f 495 493 553
f 505 503 544
f 516 514 557
f 485 558 569
f 496 495 552
f 507 505 554
f 516 556 565
f 524 526 823
f 487 486 569
f 498 496 561
f 507 563 573
f 518 565 575
f 527 525 568
f 489 487 580
f 498 571 589
f 511 509 573
f 522 520 575
f 527 577 538
f 513 511 583
f 502 500 589
f 491 489 579
f 820 814 824
f 570 560 825
f 576 826 827
f 828 829 830
f 584 831 832
f 582 833 834
f 540 539 835
f 543 542 836
f 566 549 837
f 838 839 840
f 564 841 842
f 572 843 844
f 578 845 846
f 590 570 847
f 585 827 848
f 588 832 849
f 850 851 852
f 555 546 834
f 540 853 854
f 543 855 856
f 560 559 857
f 576 566 858
f 859 830 860
f 584 574 842
f 581 844 833
f 539 587 846
f 590 861 836
f 862 586 848
f 548 849 837
f 863 864 865
f 555 866 841
f 572 562 856
f 578 862 867
f 868 869 870
f 871 591 621
f 872 873 594
f 828 874 875
f 876 877 597
f 878 600 628
f 879 880 603
f 881 882 606
f 567 822 586
f 883 610 609
f 884 885 886
f 887 888 613
f 889 615 637
f 890 618 638
f 891 621 639
f 872 624 623
f 876 626 625
f 892 860 839
f 893 894 628
f 879 630 629
f 881 631 644
f 568 567 862
f 895 633 591
f 873 896 609
f 897 898 899
f 877 887 612
f 900 637 600
f 880 901 638
f 902 639 606
f 903 623 640
f 904 625 610
f 905 884 906
f 893 627 613
f 907 644 615
f 890 908 640
f 868 909 818
f 550 910 911
f 534 912 913
f 914 732 897
f 550 915 916
f 917 918 919
f 910 854 920
f 921 922 923
f 533 916 912
f 851 924 925
f 926 629 923
f 915 911 927
f 912 928 929
f 930 897 931
f 916 915 932
f 918 933 934
f 920 935 927
f 922 936 937
f 912 916 938
f 931 899 924
f 923 937 939
f 927 828 859
f 928 838 940
f 941 931 851
f 932 859 892
f 934 933 864
f 927 935 874
f 937 936 885
f 938 892 838
f 925 811 810
f 939 937 884
f 865 942 943
f 830 944 945
f 840 839 946
f 829 947 944
f 852 810 948
f 949 906 950
f 951 809 952
f 906 886 953
f 860 945 946
f 829 875 954
f 641 535 750
f 670 645 535
f 642 599 727
f 622 728 730
f 607 730 729
f 605 731 914
f 593 733 728
f 601 617 734
f 601 735 749
f 634 737 736
f 592 736 733
f 632 738 739
f 617 616 739
f 598 636 740
f 599 598 741
f 608 729 738
f 670 596 742
f 643 743 744
f 636 614 744
f 604 620 746
f 604 745 731
f 595 635 748
f 596 595 747
f 602 749 743
f 620 619 750
f 611 642 726
f 635 611 751
f 816 955 956
f 885 850 957
f 921 914 930
f 930 941 936
f 936 941 850
f 886 957 948
f 809 951 958
f 959 960 961
f 962 963 964
f 965 966 967
f 968 969 960
f 968 965 970
f 971 972 973
f 974 975 961
f 963 976 958
f 977 951 978
f 979 962 980
f 970 981 982
f 973 972 983
f 961 984 985
f 964 958 986
f 951 977 986
f 987 988 989
f 980 990 991
f 960 992 984
f 980 964 993
f 970 967 994
f 969 982 992
f 995 996 473
f 997 998 468
f 468 998 999
f 999 1000 470
f 1001 1002 1003
f 471 470 1000
f 1004 1005 472
f 478 1006 453
f 1007 477 457
f 1008 1009 987
f 480 1010 446
f 1006 479 456
f 996 476 1011
f 1011 1007 455
f 1012 1013 479
f 1009 1014 988
f 1015 1012 1006
f 724 956 800
f 1016 1017 1011
f 1018 1019 477
f 1019 1015 478
f 1013 1020 480
f 1017 1018 1007
f 989 1016 476
f 1020 1021 1010
f 810 809 976
f 714 713 753
f 703 714 752
f 705 681 758
f 675 683 761
f 721 720 764
f 713 721 763
f 685 768 767
f 686 767 770
f 691 690 773
f 683 691 772
f 720 722 776
f 692 779 778
f 693 778 768
f 678 723 783
f 690 678 782
f 723 703 755
f 710 709 788
f 681 710 787
f 688 770 791
f 709 717 793
f 698 696 796
f 698 795 776
f 483 700 725
f 717 483 799
f 706 705 757
f 706 802 796
f 692 675 760
f 485 484 806
f 732 716 898
f 484 647 812
f 558 485 815
f 634 817 816
f 559 820 819
f 559 558 814
f 924 863 1022
f 633 895 869
f 633 868 817
f 791 919 898
f 919 934 899
f 899 934 863
f 1022 943 811
f 737 816 724
f 1023 973 978
f 978 973 1024
f 1025 1026 1014
f 946 945 959
f 950 953 963
f 947 954 966
f 944 968 959
f 947 965 968
f 942 971 1023
f 1027 946 975
f 953 948 976
f 1028 1029 1030
f 1031 950 962
f 943 1023 952
f 1032 1033 1009
f 1009 1033 1034
f 1035 1036 1024
f 1037 1038 1033
f 1033 1038 1039
f 1040 1041 1036
f 1042 1043 1038
f 1043 1044 1039
f 1045 1046 1041
f 1047 1048 1043
f 1048 1049 1044
f 1050 1051 1046
f 1049 1048 1047
f 1052 1053 1054
f 1055 1054 1056
f 1056 1057 1058
f 1057 1059 1060
f 1060 1059 1061
f 1061 1062 1063
f 1062 1064 1065
f 1064 1066 1067
f 1067 1066 1068
f 1068 1069 1070
f 1070 1069 1071
f 1071 1072 1073
f 1073 1072 1074
f 1074 1075 1076
f 1075 1077 1078
f 1078 1077 1079
f 1079 1080 1081
f 1081 1080 1082
f 1082 1083 1084
f 1084 1083 1085
f 1086 1085 1087
f 1087 1088 1089
f 1088 1090 1091
f 1090 1092 1093
f 1093 1092 1094
f 1094 1095 1096
f 1096 1095 1097
f 1098 1099 1100
f 1101 1102 1103
f 1104 1105 1106
f 1107 1108 1109
f 1110 1111 1112
f 1113 1101 1114
f 1115 1116 1106
f 1107 1117 1118
f 1119 1112 1120
f 1121 1122 1123
f 1124 1115 1125
f 1126 1118 1127
f 1128 1129 1120
f 1090 1088 1130
f 1131 1132 1123
f 1124 1133 1134
f 1135 1127 1136
f 1137 1128 1138
f 1139 1140 1141
f 1142 1131 1143
f 1144 1134 1145
f 1146 1147 1136
f 1137 1148 1149
f 1150 1141 1103
f 1146 1151 1111
f 1108 1152 1145
f 1142 1153 1105
f 1154 1155 1156
f 1157 1158 1159
f 1160 1161 1162
f 1163 1164 1165
f 1166 1167 1168
f 1169 1170 1171
f 1172 1173 1174
f 1175 1176 1177
f 1178 1179 1180
f 1181 1182 1183
f 1184 1156 1185
f 1186 1187 1159
f 1160 1188 1189
f 1163 1190 1191
f 1166 1192 1193
f 1194 1169 1195
f 1154 1196 1197
f 1157 1198 1174
f 1175 1199 1162
f 1164 1178 1200
f 1167 1201 1183
f 1202 1185 1171
f 1203 1204 1182
f 1172 1205 1189
f 1176 1206 1191
f 1194 1207 1180
f 1099 1208 1209
f 1210 1052 1055
f 1211 1055 1212
f 1212 1058 1213
f 1058 1060 1214
f 1060 1215 1216
f 1215 1063 1217
f 1063 1065 1218
f 1065 1067 1219
f 1219 1067 1220
f 1220 1070 1221
f 1221 1070 1222
f 1223 1222 1073
f 1224 1073 1225
f 1225 1076 1226
f 1076 1078 1227
f 1227 1078 1228
f 1229 1228 1081
f 1230 1081 1231
f 1232 1231 1084
f 1084 1086 1233
f 1086 1234 1235
f 1234 1089 1236
f 1203 1186 1237
f 1238 1091 1093
f 1239 1093 1240
f 1240 1096 1241
f 1241 1096 1242
f 1243 1244 1245
f 1246 1243 1247
f 1248 1249 1250
f 1251 1252 1245
f 1253 1254 1255
f 1256 1253 1257
f 1258 1259 1260
f 1251 1258 1261
f 1262 1263 1264
f 1254 1262 1265
f 1266 1267 1268
f 1269 1270 1268
f 1263 1246 1271
f 1272 1273 1274
f 1275 1276 1277
f 1266 1275 1278
f 1279 1280 1281
f 1279 1282 1249
f 1283 1284 1285
f 1272 1286 1285
f 1256 1287 1277
f 1288 1289 1281
f 1290 1291 1292
f 1290 1293 1284
f 1291 1269 1294
f 1295 1296 1243
f 1296 1297 1244
f 1298 1299 1269
f 1300 1301 1290
f 1301 1298 1291
f 1302 1303 1288
f 1304 1305 1274
f 1306 1307 1256
f 1308 1309 1286
f 1309 1300 1283
f 1310 1311 1279
f 1302 1280 1279
f 1312 1313 1275
f 1313 1306 1276
f 1209 1308 1272
f 1314 1295 1246
f 1299 1315 1270
f 1315 1312 1266
f 1303 1100 1304
f 1316 1317 1262
f 1317 1314 1263
f 1318 1258 1251
f 1319 1259 1258
f 1307 1320 1253
f 1320 1316 1254
f 1297 1321 1251
f 1322 1310 1248
f 1323 1324 1299
f 1325 1297 1296
f 1326 1327 1296
f 1328 1329 1310
f 1330 1321 1297
f 1331 1332 1316
f 1333 1331 1320
f 1334 1319 1318
f 1330 1335 1318
f 1336 1314 1317
f 1337 1317 1316
f 1288 1304 1338
f 1339 1340 1312
f 1339 1315 1299
f 1336 1326 1295
f 1208 1341 1308
f 1342 1343 1306
f 1342 1313 1312
f 1344 1302 1311
f 1329 1345 1311
f 1346 1347 1300
f 1346 1309 1308
f 1343 1333 1307
f 1100 1209 1305
f 1344 1098 1303
f 1323 1298 1301
f 1347 1348 1301
f 1267 1349 1350
f 1294 1268 1350
f 1271 1351 1352
f 1273 1353 1354
f 1277 1355 1356
f 1278 1356 1349
f 1282 1281 1357
f 1282 1358 1359
f 1284 1360 1361
f 1285 1361 1353
f 1277 1287 1362
f 1338 1363 1364
f 1289 1364 1357
f 1292 1365 1366
f 1293 1366 1360
f 1294 1367 1365
f 1245 1368 1369
f 1247 1369 1351
f 1249 1359 1370
f 1252 1371 1368
f 1255 1372 1373
f 1257 1373 1362
f 1261 1260 1374
f 1261 1375 1371
f 1264 1352 1376
f 1255 1265 1376
f 1338 1274 1354
f 1053 1052 1377
f 1259 1319 1378
f 1052 1210 1379
f 1121 1053 1380
f 1197 1381 1382
f 1383 1122 1384
f 1385 1374 1260
f 1088 1087 1386
f 1094 1102 1101
f 1059 1104 1116
f 1071 1069 1108
f 1080 1079 1110
f 1097 1095 1101
f 1062 1061 1116
f 1072 1071 1107
f 1082 1080 1119
f 1053 1121 1132
f 1064 1062 1115
f 1074 1072 1126
f 1083 1082 1129
f 1089 1091 1238
f 1056 1054 1132
f 1066 1064 1124
f 1075 1074 1135
f 1083 1128 1137
f 1090 1139 1150
f 1057 1056 1131
f 1066 1144 1152
f 1075 1147 1146
f 1085 1137 1386
f 1092 1150 1102
f 1079 1077 1146
f 1069 1068 1152
f 1059 1057 1142
f 1122 1121 1387
f 1123 1388 1389
f 1148 1138 1390
f 1391 1392 1393
f 1151 1136 1394
f 1109 1145 1395
f 1114 1103 1396
f 1105 1397 1398
f 1112 1399 1400
f 1401 1402 1403
f 1118 1404 1405
f 1133 1406 1407
f 1140 1408 1409
f 1153 1143 1389
f 1148 1410 1411
f 1111 1151 1412
f 1413 1414 1415
f 1117 1109 1416
f 1417 1114 1418
f 1106 1398 1419
f 1122 1383 1388
f 1138 1120 1400
f 1420 1393 1421
f 1127 1405 1394
f 1134 1407 1395
f 1141 1409 1396
f 1153 1422 1397
f 1149 1411 1423
f 1111 1424 1399
f 1425 1426 1427
f 1118 1117 1428
f 1133 1125 1419
f 1140 1429 1423
f 1430 1431 1432
f 1433 1154 1184
f 1434 1157 1187
f 1435 1436 1392
f 1437 1438 1161
f 1439 1164 1163
f 1440 1441 1167
f 1442 1170 1169
f 1386 1149 1429
f 1443 1172 1198
f 1444 1445 1446
f 1447 1448 1176
f 1449 1179 1178
f 1450 1181 1201
f 1451 1452 1184
f 1453 1187 1186
f 1454 1437 1160
f 1455 1421 1402
f 1456 1163 1206
f 1457 1440 1166
f 1458 1459 1169
f 1139 1130 1429
f 1433 1430 1196
f 1434 1460 1198
f 1461 1462 1414
f 1447 1175 1161
f 1463 1427 1462
f 1439 1464 1178
f 1441 1465 1201
f 1451 1202 1170
f 1466 1467 1186
f 1454 1205 1172
f 1468 1444 1469
f 1448 1470 1206
f 1449 1458 1194
f 1466 1203 1181
f 1196 1432 1381
f 1417 1471 1472
f 1242 1473 1474
f 1322 1475 1476
f 1097 1113 1472
f 1370 1477 1478
f 1417 1479 1480
f 1481 1193 1482
f 1097 1483 1473
f 1484 1485 1475
f 1484 1250 1478
f 1457 1481 1486
f 1472 1471 1487
f 1474 1473 1488
f 1475 1489 1490
f 1483 1472 1491
f 1477 1492 1493
f 1471 1480 1494
f 1482 1495 1496
f 1473 1483 1497
f 1485 1498 1489
f 1478 1493 1498
f 1499 1486 1496
f 1487 1391 1420
f 1488 1401 1500
f 1489 1413 1501
f 1497 1491 1420
f 1493 1492 1425
f 1494 1435 1391
f 1496 1495 1445
f 1497 1455 1401
f 1498 1461 1413
f 1493 1463 1461
f 1502 1496 1444
f 1426 1503 1504
f 1393 1505 1506
f 1402 1507 1508
f 1392 1509 1505
f 1414 1510 1511
f 1512 1469 1513
f 1427 1504 1514
f 1462 1514 1510
f 1469 1446 1515
f 1421 1506 1507
f 1392 1436 1516
f 1182 1204 1099
f 1204 1237 1208
f 1189 1188 1324
f 1185 1325 1327
f 1195 1171 1327
f 1192 1329 1328
f 1156 1330 1325
f 1165 1200 1332
f 1190 1165 1331
f 1197 1334 1335
f 1155 1335 1330
f 1207 1336 1337
f 1200 1180 1337
f 1162 1199 1340
f 1188 1162 1339
f 1195 1326 1336
f 1237 1159 1341
f 1177 1191 1343
f 1199 1177 1342
f 1168 1183 1344
f 1192 1168 1345
f 1158 1174 1347
f 1159 1158 1346
f 1191 1190 1333
f 1183 1182 1098
f 1173 1189 1323
f 1174 1173 1348
f 1334 1382 1378
f 1445 1501 1415
f 1328 1476 1482
f 1476 1490 1495
f 1490 1501 1445
f 1415 1511 1515
f 1517 1508 1507
f 1506 1518 1519
f 1518 1506 1505
f 1509 1520 1521
f 1522 1520 1509
f 1523 1524 1525
f 1029 1526 1527
f 1511 1528 1529
f 1504 1530 1531
f 1532 1533 1534
f 1535 1536 1537
f 1538 1539 1537
f 1540 1541 1539
f 1542 1543 1541
f 1542 1544 1545
f 1544 1546 1547
f 1548 1549 1547
f 1550 1551 1549
f 1550 1552 1553
f 1552 1554 1555
f 1556 1557 1555
f 1558 1559 1557
f 1560 1561 1559
f 1562 1563 1561
f 1564 1565 1563
f 1564 1566 1567
f 1568 1569 1567
f 1570 1571 1569
f 1572 1573 1571
f 1572 1574 1575
f 1574 1576 1577
f 1578 1579 1577
f 1580 1581 1579
f 1582 1583 1581
f 1584 1585 1583
f 1586 1587 1585
f 1588 1589 1587
f 1590 1591 1592
f 1593 1594 1595
f 1596 1597 1598
f 1599 1600 1601
f 1602 1603 1604
f 1605 1606 1593
f 1607 1608 1596
f 1609 1610 1600
f 1611 1612 1602
f 1613 1614 1615
f 1616 1617 1608
f 1618 1619 1610
f 1620 1621 1612
f 1622 1623 1579
f 1624 1613 1625
f 1626 1627 1617
f 1628 1629 1619
f 1630 1631 1621
f 1632 1633 1634
f 1635 1636 1624
f 1637 1627 1626
f 1638 1639 1629
f 1640 1631 1630
f 1595 1594 1633
f 1603 1639 1638
f 1601 1637 1641
f 1597 1636 1635
f 1642 1643 1644
f 1645 1646 1647
f 1648 1649 1650
f 1651 1652 1653
f 1654 1655 1656
f 1657 1658 1659
f 1660 1661 1662
f 1663 1664 1665
f 1666 1667 1668
f 1669 1670 1671
f 1672 1642 1673
f 1674 1675 1645
f 1676 1677 1648
f 1678 1679 1651
f 1680 1681 1654
f 1682 1657 1683
f 1643 1684 1685
f 1646 1661 1660
f 1650 1649 1664
f 1652 1666 1686
f 1656 1655 1669
f 1658 1672 1687
f 1670 1688 1689
f 1690 1662 1677
f 1691 1665 1679
f 1668 1667 1682
f 1591 1692 1693
f 1694 1695 1536
f 1695 1696 1538
f 1696 1697 1540
f 1698 1542 1540
f 1698 1699 1544
f 1699 1700 1546
f 1700 1701 1548
f 1701 1702 1550
f 1703 1552 1550
f 1703 1704 1554
f 1704 1705 1556
f 1705 1706 1558
f 1706 1707 1560
f 1708 1562 1560
f 1708 1709 1564
f 1709 1710 1566
f 1710 1711 1568
f 1712 1570 1568
f 1713 1572 1570
f 1714 1574 1572
f 1714 1715 1576
f 1716 1578 1576
f 1688 1675 1674
f 1717 1582 1580
f 1718 1584 1582
f 1719 1586 1584
f 1720 1588 1586
f 1591 1721 1722
f 1723 1724 1725
f 1726 1727 1728
f 1692 1722 1729
f 1730 1731 1732
f 1733 1730 1734
f 1735 1736 1724
f 1737 1729 1736
f 1721 1591 1590
f 1731 1738 1590
f 1739 1740 1741
f 1742 1743 1740
f 1744 1534 1745
f 1746 1747 1748
f 1749 1750 1727
f 1751 1741 1750
f 1752 1753 1754
f 1755 1728 1753
f 1756 1757 1758
f 1748 1757 1756
f 1759 1733 1760
f 1761 1754 1533
f 1762 1763 1764
f 1765 1758 1763
f 1766 1764 1743
f 1725 1747 1746
f 1767 1745 1768
f 1769 1746 1770
f 1752 1761 1771
f 1772 1755 1752
f 1773 1760 1774
f 1761 1532 1775
f 1739 1751 1776
f 1742 1739 1777
f 1778 1744 1767
f 1532 1744 1778
f 1749 1726 1779
f 1751 1749 1780
f 1756 1765 1781
f 1770 1756 1782
f 1779 1726 1755
f 1693 1692 1737
f 1762 1766 1783
f 1765 1762 1784
f 1785 1734 1732
f 1760 1734 1785
f 1786 1735 1723
f 1787 1737 1735
f 1766 1742 1788
f 1789 1732 1590
f 1790 1746 1769
f 1791 1723 1790
f 1792 1793 1794
f 1795 1796 1793
f 1797 1798 1799
f 1800 1801 1802
f 1803 1804 1805
f 1794 1804 1803
f 1806 1807 1808
f 1809 1810 1807
f 1811 1812 1813
f 1802 1801 1812
f 1814 1805 1815
f 1816 1817 1818
f 1808 1817 1816
f 1819 1820 1821
f 1822 1813 1820
f 1823 1821 1796
f 1824 1825 1826
f 1827 1799 1825
f 1828 1829 1810
f 1830 1826 1831
f 1832 1833 1834
f 1815 1833 1832
f 1835 1836 1837
f 1838 1831 1836
f 1839 1840 1798
f 1841 1834 1840
f 1842 1818 1800
f 1843 1844 1845
f 1846 1847 1848
f 1845 1844 1849
f 1850 1851 1843
f 1852 1853 1854
f 1855 1856 1857
f 1579 1623 1858
f 1587 1859 1595
f 1860 1598 1543
f 1557 1599 1861
f 1569 1862 1604
f 1589 1605 1859
f 1547 1607 1860
f 1559 1609 1599
f 1571 1611 1862
f 1625 1615 1863
f 1549 1616 1607
f 1561 1618 1609
f 1620 1611 1571
f 1864 1580 1578
f 1539 1865 1625
f 1551 1626 1616
f 1628 1618 1561
f 1630 1620 1573
f 1583 1632 1622
f 1541 1635 1865
f 1641 1626 1551
f 1565 1638 1628
f 1577 1858 1630
f 1595 1632 1583
f 1567 1604 1638
f 1555 1861 1641
f 1543 1598 1635
f 1866 1857 1851
f 1624 1867 1868
f 1869 1870 1621
f 1871 1872 1873
f 1874 1875 1629
f 1876 1877 1637
f 1593 1878 1879
f 1596 1880 1881
f 1612 1882 1883
f 1884 1885 1886
f 1887 1888 1610
f 1889 1890 1617
f 1891 1892 1634
f 1636 1893 1867
f 1894 1869 1631
f 1895 1874 1639
f 1896 1897 1898
f 1600 1899 1876
f 1900 1878 1593
f 1901 1880 1596
f 1613 1868 1902
f 1621 1870 1882
f 1903 1871 1904
f 1629 1875 1887
f 1877 1889 1627
f 1594 1879 1891
f 1881 1893 1636
f 1905 1906 1894
f 1883 1895 1603
f 1907 1908 1909
f 1888 1899 1600
f 1617 1890 1901
f 1634 1892 1906
f 1910 1911 1912
f 1673 1644 1913
f 1914 1915 1647
f 1873 1872 1916
f 1917 1918 1650
f 1919 1653 1920
f 1921 1922 1656
f 1923 1683 1659
f 1623 1905 1640
f 1660 1690 1924
f 1925 1926 1927
f 1928 1663 1691
f 1686 1668 1929
f 1930 1671 1931
f 1687 1673 1932
f 1674 1915 1914
f 1676 1918 1917
f 1885 1903 1933
f 1934 1678 1919
f 1680 1922 1921
f 1935 1683 1923
f 1622 1634 1905
f 1644 1685 1936
f 1937 1647 1660
f 1938 1939 1940
f 1941 1650 1663
f 1653 1686 1942
f 1943 1656 1930
f 1659 1687 1944
f 1689 1674 1945
f 1690 1676 1946
f 1947 1948 1926
f 1691 1678 1934
f 1668 1935 1949
f 1931 1671 1689
f 1854 1911 1910
f 1605 1950 1951
f 1952 1953 1588
f 1954 1955 1938
f 1956 1950 1605
f 1828 1957 1958
f 1606 1951 1959
f 1960 1961 1681
f 1953 1956 1589
f 1962 1898 1963
f 1964 1965 1960
f 1950 1966 1967
f 1968 1969 1953
f 1955 1970 1939
f 1956 1971 1966
f 1957 1972 1973
f 1967 1974 1959
f 1975 1976 1961
f 1953 1969 1971
f 1939 1962 1977
f 1978 1975 1960
f 1904 1873 1967
f 1979 1886 1969
f 1970 1896 1962
f 1933 1904 1966
f 1972 1907 1980
f 1967 1873 1981
f 1975 1925 1982
f 1886 1933 1971
f 1983 1848 1963
f 1978 1947 1925
f 1908 1984 1985
f 1986 1987 1871
f 1884 1988 1989
f 1987 1990 1872
f 1991 1983 1898
f 1948 1992 1993
f 1994 1995 1847
f 1926 1993 1996
f 1989 1986 1903
f 1872 1990 1997
f 1998 1592 1688
f 1592 1693 1675
f 1677 1769 1999
f 2000 1771 1672
f 1772 2000 1658
f 1954 1774 1654
f 1771 1775 1642
f 1652 1777 1776
f 1788 1777 1652
f 1778 2001 1684
f 1775 1778 1643
f 1780 1779 1682
f 1666 1776 1780
f 1649 1782 1781
f 1648 1999 1782
f 1779 1772 1657
f 1675 1693 1787
f 1784 1783 1679
f 1664 1781 1784
f 1655 1785 1789
f 1774 1785 1655
f 1646 1786 1791
f 1645 1787 1786
f 1783 1788 1651
f 1669 1789 1998
f 1662 2002 1769
f 1661 1791 2002
f 2003 2004 1853
f 1982 1927 1897
f 1681 1961 1955
f 1976 1970 1955
f 1976 1982 1896
f 1927 1996 1991
f 2005 1994 1846
f 2006 2007 2008
f 2009 2010 2011
f 2012 2013 2014
f 2007 2015 2016
f 2016 2015 2013
f 2017 2018 2019
f 2020 2021 2006
f 2022 2011 2005
f 2023 2024 1995
f 2025 2026 2010
f 2027 2028 2013
f 2018 2029 2030
f 2031 2032 2006
f 2011 2033 2034
f 2034 2023 1994
f 2035 1030 2036
f 2037 2038 2010
f 2032 2039 2007
f 2010 2038 2033
f 2013 2028 2040
f 2039 2027 2015
f 1523 1526 2041
f 1519 2042 2043
f 2044 2042 1519
f 1521 2045 2044
f 1524 1523 2046
f 1520 2047 2045
f 1522 2048 2047
f 1510 2049 1528
f 1515 1529 2050
f 2051 1028 2035
f 1503 2052 1530
f 1514 1531 2049
f 1526 1523 2053
f 1513 2050 2053
f 1531 2054 2055
f 2056 2035 2057
f 2049 2055 2058
f 2004 2003 1768
f 2053 2059 2060
f 1529 2061 2062
f 1528 2058 2061
f 1530 2063 2054
f 2050 2062 2059
f 1527 2060 2036
f 2052 2064 2063
f 2065 1846 1983
f 1757 1792 2066
f 1748 1795 1792
f 1727 1797 1827
f 1722 2067 1802
f 1763 1803 1814
f 1758 2066 1803
f 1806 2068 1731
f 1809 1806 1730
f 1736 1811 1822
f 1729 1802 1811
f 1764 1814 2069
f 1816 1842 1721
f 2068 1816 1738
f 1725 1819 1823
f 1724 1822 1819
f 1747 1823 1795
f 1753 1824 1830
f 1728 1827 1824
f 1828 1809 1733
f 1754 1830 1838
f 1740 1832 1841
f 2069 1832 1740
f 1534 1835 1768
f 1533 1838 1835
f 1750 1839 1797
f 1841 1839 1750
f 1721 1842 2067
f 1863 2070 1845
f 1773 1938 2071
f 1535 1845 2072
f 1615 1850 2070
f 1852 2073 1684
f 1855 1866 1614
f 1614 1866 1850
f 1977 1963 1908
f 1685 1910 2074
f 2073 1910 1685
f 2071 1957 1828
f 1940 1972 1957
f 1940 1977 1907
f 1848 1984 1908
f 2003 1852 2001
f 1995 2018 2017
f 1995 2024 2029
f 2075 2056 2076
f 1989 2077 2008
f 1993 2009 2022
f 1990 2012 2078
f 2008 2016 1987
f 2016 2012 1990
f 2017 2079 1985
f 1988 2020 2077
f 1996 2022 2065
f 1992 2025 2009
f 1847 2017 1984
f 2056 2080 2081
f 2075 2082 2080
f 2030 2029 2083
f 2080 2084 2085
f 2082 2086 2084
f 2087 2083 2088
f 2084 2089 2090
f 2086 2091 2089
f 2088 2092 2093
f 2089 2094 2095
f 2091 2096 2094
f 2093 2092 2097
f 2098 2095 2094
f 2099 987 475
f 2100 2101 2102
f 2103 2104 2105
f 2106 2107 2108
f 2107 2105 2104
f 2107 2109 2110
f 2111 2112 2113
f 2114 2109 2107
f 2112 2111 2115
f 2116 2117 2118
f 2119 2120 2121
f 2122 2118 2117
f 2123 2120 2119
f 2124 2119 2118
f 2125 2123 2126
f 2124 2127 2126
f 2128 2124 2122
f 2129 2130 2131
f 2132 2133 2113
f 2134 2132 2126
f 2124 2128 2135
f 2136 2137 2130
f 2138 2129 2139
f 2137 2136 2140
f 2136 2129 2138
f 2141 2142 2138
f 2143 2144 2140
f 2136 2145 2146
f 2147 2100 2142
f 2148 2146 2145
f 2149 2150 2151
f 2101 2106 2148
f 2149 2152 2153
f 2154 2155 2156
f 2152 2114 2157
f 2158 2156 2155
f 2159 2160 2115
f 2161 2162 2163
f 2164 2154 2165
f 2133 2132 2134
f 2166 2167 2168
f 2169 2170 2117
f 2167 2117 2170
f 2162 2171 2165
f 2156 2149 2163
f 2158 2152 2149
f 2115 2114 2152
f 2115 2111 2109
f 2110 2109 2111
f 2166 2172 2122
f 2134 2143 2105
f 2143 2134 2127
f 2142 2102 2145
f 2173 2147 2141
f 2174 2139 2131
f 2103 2140 2146
f 2146 2148 2108
f 2175 2176 2177
f 2178 2179 2180
f 2181 2182 2183
f 2183 2182 2180
f 2182 2184 2185
f 2186 2187 2188
f 2189 2184 2182
f 2186 2190 2191
f 2192 2193 2194
f 2195 2196 2197
f 2198 2194 2193
f 2199 2200 2196
f 2201 2195 2194
f 2202 2200 2199
f 2201 2203 2199
f 2201 2198 2204
f 2205 2206 2204
f 2207 2188 2187
f 2207 2199 2203
f 2203 2201 2208
f 2208 2204 2206
f 2209 2206 2205
f 2210 2208 2211
f 2211 2206 2209
f 2175 2209 2212
f 2178 2213 2210
f 2214 2211 2215
f 2216 2217 2176
f 2218 2219 2215
f 2220 2221 2222
f 2223 2181 2218
f 2224 2225 2222
f 2226 2227 2228
f 2229 2189 2230
f 2231 2228 2227
f 2232 2233 2191
f 2217 2234 2235
f 2236 2226 2237
f 2207 2238 2185
f 2239 2240 2235
f 2241 2193 2192
f 2240 2193 2241
f 2220 2235 2241
f 2237 2228 2221
f 2228 2231 2224
f 2242 2191 2189
f 2190 2184 2189
f 2185 2184 2190
f 2204 2198 2240
f 2238 2213 2180
f 2238 2203 2210
f 2209 2175 2243
f 2234 2217 2216
f 2212 2205 2239
f 2178 2214 2219
f 2218 2183 2179
f 2244 2245 2246
f 2247 2248 2249
f 2250 2251 2252
f 2252 2251 2249
f 2251 2253 2254
f 2255 2256 2257
f 2253 2251 2258
f 2256 2255 2259
f 2260 2261 2262
f 2263 2264 2265
f 2266 2262 2261
f 2267 2264 2263
f 2268 2263 2262
f 2269 2267 2270
f 2268 2271 2270
f 2272 2268 2266
f 2273 2274 2275
f 2276 2277 2257
f 2276 2270 2271
f 2268 2272 2278
f 2279 2272 2275
f 2280 2274 2273
f 2272 2279 2281
f 2279 2274 2280
f 2282 2280 2283
f 2247 2284 2278
f 2281 2279 2285
f 2286 2287 2244
f 2288 2289 2285
f 2290 2291 2292
f 2293 2250 2288
f 2291 2294 2295
f 2296 2297 2298
f 2299 2258 2300
f 2301 2298 2297
f 2302 2303 2304
f 2287 2305 2306
f 2307 2308 2296
f 2277 2276 2309
f 2310 2311 2306
f 2308 2307 2261
f 2306 2311 2261
f 2290 2306 2307
f 2312 2298 2291
f 2298 2301 2294
f 2302 2259 2299
f 2255 2253 2299
f 2253 2255 2277
f 2275 2266 2311
f 2284 2249 2254
f 2309 2271 2278
f 2282 2246 2285
f 2305 2287 2286
f 2305 2283 2273
f 2248 2247 2281
f 2288 2252 2248
f 2313 2314 2315
f 2316 2317 2318
f 2319 2320 2321
f 2321 2320 2318
f 2322 2323 2318
f 2324 2325 2326
f 2322 2320 2327
f 2324 2328 2329
f 2330 2331 2332
f 2333 2334 2335
f 2336 2332 2331
f 2337 2334 2333
f 2338 2333 2332
f 2339 2337 2340
f 2338 2341 2340
f 2342 2338 2336
f 2343 2344 2345
f 2346 2326 2325
f 2346 2340 2341
f 2341 2338 2342
f 2342 2345 2344
f 2347 2344 2343
f 2348 2342 2349
f 2349 2344 2347
f 2350 2347 2351
f 2316 2352 2348
f 2353 2349 2354
f 2355 2356 2313
f 2357 2358 2354
f 2359 2360 2361
f 2362 2363 2319
f 2360 2364 2365
f 2366 2367 2368
f 2369 2327 2370
f 2371 2368 2367
f 2372 2373 2374
f 2356 2375 2376
f 2377 2366 2378
f 2326 2346 2379
f 2380 2381 2376
f 2377 2382 2331
f 2381 2331 2382
f 2359 2376 2382
f 2378 2368 2360
f 2368 2371 2364
f 2329 2369 2383
f 2328 2322 2369
f 2322 2328 2326
f 2345 2336 2381
f 2352 2318 2323
f 2379 2341 2348
f 2350 2315 2354
f 2375 2356 2355
f 2375 2351 2343
f 2317 2316 2353
f 2357 2321 2317
f 2384 2385 2386
f 2387 2388 2389
f 2390 2391 2392
f 2392 2391 2389
f 2391 2393 2394
f 2395 2396 2397
f 2398 2393 2391
f 2395 2399 2400
f 2401 2402 2403
f 2404 2405 2406
f 2403 2402 2407
f 2408 2405 2404
f 2404 2403 2409
f 2410 2408 2411
f 2412 2411 2404
f 2413 2409 2414
f 2415 2416 2417
f 2418 2397 2396
f 2419 2418 2411
f 2413 2420 2421
f 2422 2417 2416
f 2423 2416 2415
f 2422 2424 2425
f 2424 2416 2423
f 2426 2427 2423
f 2428 2421 2425
f 2424 2429 2430
f 2426 2431 2384
f 2386 2432 2430
f 2433 2434 2435
f 2385 2390 2432
f 2436 2437 2434
f 2438 2439 2440
f 2436 2398 2390
f 2441 2440 2439
f 2441 2442 2443
f 2435 2444 2445
f 2446 2438 2447
f 2418 2419 2394
f 2448 2449 2407
f 2450 2402 2401
f 2451 2407 2402
f 2452 2445 2453
f 2440 2433 2452
f 2441 2436 2433
f 2400 2398 2436
f 2400 2399 2393
f 2393 2399 2397
f 2449 2414 2409
f 2419 2428 2389
f 2428 2419 2412
f 2427 2386 2429
f 2454 2455 2431
f 2454 2415 2456
f 2387 2425 2430
f 2430 2432 2392
f 2457 2458 2459
f 2460 2461 2462
f 2463 2464 2465
f 2465 2464 2466
f 2464 2467 2468
f 2469 2470 2471
f 2472 2467 2464
f 2469 2473 2474
f 2475 2476 2477
f 2478 2479 2480
f 2481 2477 2476
f 2482 2483 2479
f 2478 2477 2481
f 2484 2483 2482
f 2485 2482 2478
f 2486 2481 2487
f 2488 2489 2490
f 2491 2471 2470
f 2492 2491 2482
f 2486 2493 2494
f 2495 2490 2489
f 2496 2489 2488
f 2497 2495 2498
f 2499 2498 2489
f 2500 2501 2496
f 2460 2497 2502
f 2502 2498 2499
f 2500 2503 2457
f 2459 2504 2505
f 2506 2507 2508
f 2458 2463 2504
f 2509 2510 2507
f 2511 2512 2513
f 2509 2472 2514
f 2515 2513 2512
f 2515 2516 2517
f 2518 2519 2520
f 2521 2511 2522
f 2471 2491 2492
f 2523 2524 2525
f 2526 2527 2476
f 2528 2525 2476
f 2520 2519 2529
f 2513 2506 2520
f 2515 2509 2506
f 2474 2472 2509
f 2474 2473 2467
f 2468 2467 2473
f 2524 2487 2481
f 2492 2460 2466
f 2460 2492 2485
f 2501 2459 2499
f 2530 2503 2500
f 2531 2488 2532
f 2461 2502 2505
f 2505 2504 2465
f 2533 2534 2535
f 2536 2537 2538
f 2539 2540 2541
f 2540 2538 2537
f 2542 2543 2538
f 2544 2545 2546
f 2547 2542 2540
f 2545 2544 2548
f 2549 2550 2551
f 2552 2553 2554
f 2551 2550 2555
f 2556 2557 2553
f 2558 2552 2551
f 2559 2557 2556
f 2560 2556 2552
f 2558 2561 2562
f 2563 2564 2565
f 2566 2567 2546
f 2568 2566 2556
f 2560 2558 2569
f 2570 2565 2564
f 2571 2564 2563
f 2572 2570 2573
f 2574 2573 2564
f 2575 2533 2571
f 2576 2572 2577
f 2573 2574 2578
f 2575 2579 2534
f 2580 2581 2578
f 2582 2583 2584
f 2535 2539 2581
f 2582 2585 2586
f 2587 2588 2589
f 2585 2547 2590
f 2591 2589 2588
f 2591 2592 2593
f 2594 2595 2596
f 2597 2587 2598
f 2566 2568 2543
f 2599 2600 2555
f 2601 2602 2550
f 2603 2555 2550
f 2596 2595 2604
f 2589 2582 2596
f 2591 2585 2582
f 2548 2547 2585
f 2548 2544 2542
f 2542 2544 2567
f 2600 2562 2561
f 2568 2576 2538
f 2568 2560 2605
f 2533 2580 2574
f 2606 2579 2575
f 2607 2563 2608
f 2536 2577 2578
f 2578 2581 2541
f 2609 2610 2611
f 2612 2613 2614
f 2615 2616 2617
f 2616 2618 2614
f 2619 2620 2618
f 2621 2622 2623
f 2624 2619 2616
f 2622 2621 2625
f 2626 2627 2628
f 2629 2630 2631
f 2632 2628 2627
f 2633 2634 2630
f 2635 2629 2628
f 2636 2634 2633
f 2637 2633 2629
f 2638 2635 2632
f 2639 2640 2641
f 2642 2643 2623
f 2644 2642 2633
f 2635 2638 2645
f 2646 2647 2641
f 2648 2640 2639
f 2647 2646 2649
f 2650 2646 2640
f 2651 2609 2648
f 2612 2652 2649
f 2646 2650 2653
f 2654 2610 2609
f 2655 2656 2653
f 2657 2658 2659
f 2611 2615 2656
f 2657 2660 2661
f 2662 2663 2664
f 2660 2624 2665
f 2666 2664 2663
f 2666 2667 2668
f 2669 2670 2671
f 2672 2662 2673
f 2643 2642 2644
f 2674 2675 2676
f 2677 2627 2626
f 2676 2627 2677
f 2670 2678 2673
f 2664 2657 2671
f 2664 2666 2660
f 2666 2625 2624
f 2625 2621 2619
f 2620 2619 2621
f 2675 2679 2632
f 2644 2612 2618
f 2612 2644 2637
f 2609 2655 2650
f 2680 2654 2651
f 2681 2639 2682
f 2613 2649 2653
f 2653 2656 2617
f 2683 2684 2685
f 2686 2687 2688
f 2689 2690 2691
f 2687 2686 2690
f 2690 2686 2692
f 2693 2694 2695
f 2696 2697 2690
f 2698 2699 2700
f 2701 2702 2703
f 2704 2703 2702
f 2705 2706 2707
f 2704 2708 2709
f 2710 2705 2703
f 2711 2709 2712
f 2710 2704 2711
f 2713 2714 2705
f 2715 2716 2717
f 2695 2694 2718
f 2719 2720 2711
f 2721 2713 2710
f 2722 2717 2716
f 2723 2717 2724
f 2725 2722 2726
f 2724 2717 2722
f 2727 2728 2724
f 2725 2729 2730
f 2731 2732 2722
f 2733 2685 2734
f 2732 2731 2735
f 2736 2737 2738
f 2735 2691 2684
f 2738 2737 2739
f 2740 2741 2742
f 2743 2739 2697
f 2744 2742 2745
f 2700 2699 2746
f 2747 2748 2749
f 2741 2740 2750
f 2694 2692 2719
f 2751 2706 2752
f 2753 2701 2707
f 2754 2707 2706
f 2741 2755 2748
f 2747 2738 2742
f 2738 2743 2745
f 2743 2696 2700
f 2700 2696 2756
f 2692 2694 2693
f 2752 2706 2705
f 2719 2692 2686
f 2730 2721 2720
f 2732 2683 2733
f 2727 2734 2757
f 2715 2723 2728
f 2731 2725 2688
f 2731 2687 2689
f 2758 2759 2760
f 2761 2762 2763
f 2764 2765 2766
f 2764 2762 2761
f 2765 2761 2767
f 2768 2769 2770
f 2771 2772 2765
f 2770 2773 2774
f 2775 2776 2777
f 2778 2777 2776
f 2779 2780 2781
f 2782 2778 2783
f 2784 2779 2777
f 2782 2785 2786
f 2784 2778 2782
f 2787 2779 2784
f 2788 2789 2787
f 2769 2768 2790
f 2791 2782 2790
f 2791 2792 2793
f 2794 2787 2793
f 2788 2794 2795
f 2792 2796 2797
f 2795 2794 2797
f 2798 2795 2758
f 2763 2796 2792
f 2796 2799 2800
f 2801 2758 2802
f 2800 2799 2803
f 2804 2805 2806
f 2803 2766 2807
f 2806 2808 2809
f 2810 2811 2812
f 2813 2814 2772
f 2815 2812 2816
f 2774 2773 2817
f 2805 2804 2818
f 2811 2810 2819
f 2767 2820 2790
f 2818 2780 2789
f 2775 2781 2821
f 2821 2781 2780
f 2804 2811 2821
f 2811 2804 2822
f 2812 2822 2809
f 2823 2813 2771
f 2771 2824 2825
f 2767 2768 2825
f 2780 2779 2787
f 2820 2767 2761
f 2792 2791 2820
f 2795 2800 2759
f 2801 2805 2826
f 2789 2788 2798
f 2799 2796 2763
f 2762 2764 2803
f 2827 2828 2829
f 2830 2831 2832
f 2833 2834 2835
f 2833 2831 2830
f 2834 2830 2836
f 2837 2838 2839
f 2840 2834 2841
f 2842 2843 2844
f 2845 2846 2847
f 2848 2847 2846
f 2849 2850 2851
f 2848 2852 2853
f 2854 2849 2847
f 2855 2853 2856
f 2854 2848 2855
f 2857 2858 2849
f 2859 2860 2858
f 2839 2838 2861
f 2862 2855 2861
f 2863 2857 2854
f 2864 2865 2858
f 2859 2865 2866
f 2867 2864 2857
f 2866 2865 2864
f 2868 2866 2869
f 2832 2867 2863
f 2867 2870 2871
f 2872 2869 2829
f 2871 2870 2873
f 2874 2875 2876
f 2873 2835 2877
f 2878 2876 2879
f 2880 2881 2882
f 2883 2840 2884
f 2885 2882 2886
f 2887 2844 2843
f 2875 2874 2888
f 2889 2881 2880
f 2838 2836 2890
f 2888 2850 2860
f 2891 2845 2851
f 2888 2889 2851
f 2874 2881 2889
f 2881 2874 2878
f 2882 2878 2892
f 2887 2893 2884
f 2884 2841 2837
f 2838 2837 2841
f 2850 2849 2858
f 2836 2830 2894
f 2863 2862 2890
f 2871 2827 2869
f 2872 2875 2895
f 2895 2860 2859
f 2831 2870 2867
f 2831 2833 2873
f 2896 2897 2898
f 2899 2900 2901
f 2902 2903 2904
f 2902 2900 2899
f 2899 2905 2906
f 2907 2908 2909
f 2910 2903 2906
f 2909 2911 2912
f 2913 2914 2915
f 2916 2915 2914
f 2917 2918 2919
f 2916 2920 2921
f 2922 2917 2915
f 2923 2921 2924
f 2922 2916 2923
f 2925 2926 2917
f 2927 2928 2926
f 2908 2907 2929
f 2930 2923 2929
f 2930 2931 2925
f 2932 2926 2925
f 2927 2932 2933
f 2931 2934 2935
f 2933 2932 2935
f 2936 2933 2937
f 2901 2934 2931
f 2934 2938 2939
f 2940 2937 2898
f 2939 2938 2941
f 2942 2943 2944
f 2945 2941 2904
f 2946 2944 2947
f 2948 2949 2950
f 2951 2910 2952
f 2953 2950 2954
f 2955 2912 2911
f 2943 2942 2956
f 2949 2948 2957
f 2907 2905 2958
f 2956 2918 2928
f 2957 2913 2919
f 2959 2919 2918
f 2942 2949 2959
f 2949 2942 2946
f 2950 2946 2960
f 2961 2952 2912
f 2952 2906 2962
f 2907 2962 2906
f 2918 2917 2926
f 2905 2899 2963
f 2931 2930 2958
f 2939 2896 2937
f 2940 2943 2964
f 2964 2928 2927
f 2900 2938 2934
f 2900 2902 2941
f 2965 2966 2967
f 2968 2969 2970
f 2971 2972 2973
f 2971 2969 2968
f 2972 2968 2974
f 2975 2976 2977
f 2978 2973 2972
f 2977 2979 2980
f 2981 2982 2983
f 2984 2983 2982
f 2985 2986 2983
f 2984 2987 2988
f 2989 2983 2984
f 2990 2988 2991
f 2984 2990 2992
f 2993 2989 2994
f 2995 2996 2997
f 2976 2975 2998
f 2999 2992 2990
f 3000 3001 2994
f 3002 2997 3003
f 2995 3002 3004
f 3005 3006 3003
f 3004 3002 3006
f 3007 3008 3004
f 3005 3000 3009
f 3010 3011 3006
f 3007 3012 2967
f 2965 3011 3010
f 3013 3014 3015
f 3016 2973 2966
f 3014 3017 3018
f 3019 3020 3021
f 3018 3017 2973
f 3022 3021 3023
f 3023 2980 2979
f 3013 3024 3025
f 3020 3019 3026
f 2974 2999 2998
f 3027 3028 2985
f 2981 2986 3029
f 3028 3029 2986
f 3024 3020 3030
f 3024 3015 3021
f 3015 3018 3023
f 3018 2978 2980
f 2980 2978 3031
f 2975 3032 3031
f 3033 2985 2989
f 2999 2974 2968
f 3009 3000 2992
f 3011 2965 3012
f 3008 3007 3034
f 2996 2995 3008
f 3010 3005 2970
f 3010 2969 2971
f 3035 3036 3037
f 3038 3039 3040
f 3041 3042 3043
f 3041 3040 3039
f 3042 3039 3044
f 3045 3046 3047
f 3048 3049 3042
f 3047 3050 3051
f 3052 3053 3054
f 3055 3054 3053
f 3056 3057 3058
f 3059 3055 3060
f 3056 3054 3055
f 3059 3061 3062
f 3055 3059 3063
f 3064 3056 3065
f 3066 3067 3068
f 3046 3045 3069
f 3070 3063 3059
f 3071 3072 3065
f 3073 3068 3074
f 3066 3073 3075
f 3076 3077 3078
f 3079 3075 3073
f 3080 3081 3075
f 3077 3076 3038
f 3077 3082 3079
f 3080 3083 3037
f 3035 3079 3082
f 3084 3085 3086
f 3087 3043 3036
f 3085 3088 3089
f 3090 3091 3092
f 3089 3088 3049
f 3093 3092 3094
f 3094 3051 3050
f 3095 3096 3097
f 3091 3090 3098
f 3045 3044 3070
f 3099 3100 3057
f 3101 3052 3058
f 3100 3102 3058
f 3095 3091 3103
f 3095 3086 3092
f 3086 3089 3094
f 3089 3048 3051
f 3051 3048 3104
f 3044 3045 3105
f 3106 3057 3056
f 3070 3044 3039
f 3038 3071 3063
f 3079 3035 3083
f 3080 3107 3108
f 3067 3066 3081
f 3082 3077 3109
f 3082 3040 3041
f 3110 3111 3112
f 3113 3114 3115
f 3116 3117 3118
f 3114 3113 3117
f 3113 3119 3120
f 3121 3122 3123
f 3124 3125 3117
f 3126 3127 3128
f 3129 3130 3131
f 3132 3131 3130
f 3133 3134 3131
f 3135 3132 3136
f 3137 3138 3131
f 3135 3139 3140
f 3132 3135 3141
f 3142 3138 3137
f 3143 3144 3145
f 3123 3122 3146
f 3147 3141 3135
f 3141 3148 3149
f 3150 3145 3151
f 3143 3150 3152
f 3153 3154 3155
f 3156 3152 3150
f 3157 3158 3152
f 3154 3153 3159
f 3160 3156 3155
f 3157 3110 3161
f 3111 3156 3160
f 3162 3163 3164
f 3165 3118 3112
f 3164 3163 3166
f 3167 3168 3169
f 3170 3166 3125
f 3171 3169 3172
f 3172 3128 3127
f 3173 3174 3175
f 3168 3167 3176
f 3119 3147 3146
f 3177 3178 3133
f 3179 3129 3134
f 3178 3180 3134
f 3173 3168 3181
f 3173 3164 3169
f 3164 3170 3172
f 3170 3124 3128
f 3128 3124 3120
f 3122 3121 3120
f 3182 3133 3138
f 3147 3119 3113
f 3148 3141 3147
f 3156 3111 3110
f 3157 3183 3184
f 3144 3143 3158
f 3160 3154 3115
f 3160 3114 3116
f 3185 3186 3187
f 3188 3189 3190
f 3191 3192 3193
f 3190 3189 3192
f 3189 3194 3195
f 3196 3197 3198
f 3199 3200 3192
f 3201 3202 3203
f 3204 3205 3206
f 3207 3206 3205
f 3208 3209 3210
f 3211 3207 3212
f 3213 3208 3206
f 3211 3214 3215
f 3207 3211 3216
f 3217 3218 3208
f 3219 3220 3221
f 3198 3197 3222
f 3223 3216 3211
f 3224 3217 3213
f 3225 3226 3221
f 3219 3226 3227
f 3228 3225 3229
f 3230 3227 3226
f 3231 3232 3227
f 3228 3233 3188
f 3234 3230 3225
f 3185 3235 3236
f 3186 3230 3234
f 3237 3238 3239
f 3240 3193 3187
f 3239 3238 3241
f 3242 3243 3244
f 3245 3241 3200
f 3246 3244 3247
f 3247 3203 3202
f 3248 3249 3250
f 3243 3242 3251
f 3197 3194 3223
f 3252 3253 3209
f 3204 3210 3254
f 3254 3210 3209
f 3243 3255 3249
f 3248 3239 3244
f 3244 3239 3245
f 3247 3245 3199
f 3203 3199 3195
f 3194 3197 3196
f 3256 3209 3208
f 3223 3194 3189
f 3188 3224 3216
f 3230 3186 3185
f 3231 3236 3257
f 3220 3219 3232
f 3234 3228 3258
f 3234 3190 3191
f 3259 3260 3261
f 3262 3263 3264
f 3265 3266 3267
f 3266 3268 3264
f 3269 3270 3271
f 3272 3273 3274
f 3275 3269 3276
f 3273 3272 3277
f 3278 3279 3280
f 3281 3282 3280
f 3280 3279 3283
f 3284 3281 3285
f 3285 3280 3286
f 3287 3284 3288
f 3289 3290 3288
f 3291 3289 3286
f 3292 3293 3294
f 3287 3295 3296
f 3297 3295 3288
f 3290 3289 3291
f 3298 3294 3293
f 3299 3293 3292
f 3298 3300 3301
f 3300 3293 3299
f 3302 3259 3299
f 3263 3262 3303
f 3301 3300 3304
f 3302 3305 3260
f 3306 3307 3304
f 3308 3260 3305
f 3261 3265 3306
f 3308 3309 3310
f 3311 3312 3313
f 3309 3275 3314
f 3315 3313 3312
f 3316 3317 3277
f 3318 3319 3320
f 3321 3311 3322
f 3295 3297 3323
f 3318 3324 3283
f 3321 3325 3279
f 3319 3283 3279
f 3319 3325 3322
f 3322 3313 3308
f 3313 3315 3309
f 3277 3275 3309
f 3272 3269 3275
f 3269 3272 3326
f 3324 3294 3286
f 3297 3327 3328
f 3327 3297 3290
f 3259 3329 3304
f 3318 3305 3302
f 3330 3292 3324
f 3264 3263 3301
f 3307 3306 3267
f 3331 3332 3333
f 3334 3335 3336
f 3337 3338 3339
f 3338 3340 3336
f 3341 3342 3343
f 3344 3345 3346
f 3341 3347 3348
f 3345 3344 3349
f 3350 3351 3352
f 3353 3354 3355
f 3352 3351 3356
f 3357 3354 3353
f 3353 3352 3358
f 3359 3357 3360
f 3361 3360 3353
f 3362 3363 3358
f 3364 3365 3366
f 3359 3367 3368
f 3369 3367 3360
f 3361 3363 3362
f 3370 3371 3365
f 3372 3373 3364
f 3371 3370 3374
f 3375 3370 3364
f 3376 3331 3373
f 3335 3334 3377
f 3374 3370 3375
f 3378 3332 3331
f 3379 3380 3381
f 3382 3332 3378
f 3333 3337 3380
f 3382 3383 3384
f 3385 3386 3387
f 3383 3388 3348
f 3389 3390 3387
f 3390 3389 3391
f 3392 3393 3394
f 3395 3396 3385
f 3367 3369 3397
f 3392 3366 3356
f 3395 3351 3350
f 3393 3356 3351
f 3393 3395 3398
f 3387 3382 3394
f 3387 3390 3383
f 3390 3349 3388
f 3344 3341 3388
f 3341 3344 3399
f 3366 3365 3358
f 3400 3401 3397
f 3400 3369 3361
f 3373 3331 3379
f 3392 3378 3376
f 3372 3402 3366
f 3336 3335 3374
f 3381 3380 3339
f 3403 3404 3405
f 3406 3407 3408
f 3409 3410 3411
f 3410 3408 3407
f 3412 3413 3414
f 3415 3416 3417
f 3418 3413 3412
f 3416 3415 3419
f 3420 3421 3422
f 3423 3424 3422
f 3425 3421 3420
f 3426 3424 3423
f 3423 3421 3425
f 3427 3428 3426
f 3429 3430 3423
f 3431 3432 3425
f 3433 3434 3435
f 3428 3427 3436
f 3437 3427 3430
f 3432 3431 3438
f 3439 3440 3435
f 3441 3434 3433
f 3440 3439 3442
f 3443 3439 3434
f 3444 3403 3441
f 3445 3446 3442
f 3442 3439 3443
f 3447 3404 3403
f 3448 3449 3443
f 3450 3404 3447
f 3451 3405 3409
f 3450 3452 3453
f 3454 3455 3456
f 3452 3418 3457
f 3458 3456 3455
f 3458 3459 3460
f 3447 3461 3462
f 3463 3454 3464
f 3427 3437 3465
f 3461 3466 3467
f 3468 3420 3469
f 3462 3467 3420
f 3470 3462 3468
f 3464 3456 3450
f 3456 3458 3452
f 3419 3418 3452
f 3419 3415 3413
f 3414 3413 3415
f 3466 3435 3425
f 3437 3471 3472
f 3471 3437 3429
f 3441 3403 3451
f 3461 3447 3444
f 3473 3433 3466
f 3406 3442 3449
f 3448 3411 3407
f 3474 3475 3476
f 3477 3478 3479
f 3480 3481 3482
f 3483 3482 3484
f 3485 3486 3487
f 3488 3489 3490
f 3491 3486 3485
f 3488 3492 3493
f 3494 3495 3496
f 3497 3496 3495
f 3498 3495 3494
f 3499 3497 3500
f 3501 3500 3495
f 3502 3503 3499
f 3504 3505 3500
f 3501 3498 3506
f 3507 3506 3508
f 3503 3502 3509
f 3510 3502 3505
f 3501 3511 3512
f 3513 3514 3506
f 3515 3507 3516
f 3514 3513 3517
f 3513 3507 3515
f 3518 3519 3515
f 3477 3520 3517
f 3517 3513 3521
f 3518 3522 3474
f 3476 3480 3523
f 3524 3474 3522
f 3475 3481 3480
f 3525 3526 3474
f 3527 3528 3529
f 3525 3491 3530
f 3531 3532 3529
f 3532 3531 3533
f 3522 3534 3535
f 3536 3537 3527
f 3502 3510 3538
f 3534 3508 3539
f 3536 3494 3540
f 3535 3539 3494
f 3535 3536 3541
f 3529 3524 3542
f 3529 3532 3525
f 3532 3493 3491
f 3493 3492 3486
f 3486 3492 3490
f 3508 3506 3498
f 3510 3543 3544
f 3543 3510 3504
f 3519 3476 3521
f 3534 3522 3518
f 3534 3545 3516
f 3478 3517 3523
f 3480 3483 3479
f 3546 3547 3548
f 3549 3550 3551
f 3552 3553 3554
f 3553 3551 3550
f 3555 3556 3557
f 3558 3559 3560
f 3561 3556 3555
f 3559 3558 3562
f 3563 3564 3565
f 3566 3567 3565
f 3568 3565 3564
f 3569 3570 3566
f 3571 3565 3568
f 3572 3570 3569
f 3573 3569 3571
f 3574 3568 3575
f 3576 3577 3575
f 3572 3578 3579
f 3580 3578 3569
f 3573 3574 3581
f 3582 3575 3577
f 3583 3577 3576
f 3582 3584 3585
f 3586 3584 3577
f 3587 3588 3583
f 3589 3590 3585
f 3584 3586 3591
f 3587 3592 3546
f 3593 3591 3586
f 3594 3546 3592
f 3548 3547 3552
f 3595 3596 3546
f 3597 3598 3599
f 3595 3561 3600
f 3601 3599 3598
f 3601 3602 3603
f 3604 3605 3606
f 3607 3597 3608
f 3579 3578 3580
f 3604 3609 3610
f 3611 3564 3563
f 3610 3564 3611
f 3606 3605 3611
f 3608 3599 3594
f 3601 3595 3594
f 3601 3562 3561
f 3562 3558 3556
f 3556 3558 3612
f 3609 3575 3568
f 3580 3613 3614
f 3613 3580 3573
f 3588 3548 3586
f 3615 3604 3592
f 3604 3615 3576
f 3549 3585 3591
f 3591 3593 3554
f 3616 3617 3618
f 3619 3620 3621
f 3622 3623 3624
f 3624 3623 3621
f 3625 3626 3621
f 3627 3628 3629
f 3630 3625 3623
f 3628 3627 3631
f 3632 3633 3634
f 3635 3636 3637
f 3638 3634 3633
f 3639 3636 3635
f 3640 3635 3634
f 3641 3639 3642
f 3640 3643 3642
f 3640 3638 3644
f 3645 3646 3644
f 3641 3647 3648
f 3647 3642 3643
f 3640 3649 3650
f 3649 3644 3646
f 3651 3646 3645
f 3649 3652 3653
f 3654 3652 3646
f 3616 3651 3655
f 3619 3656 3650
f 3652 3654 3657
f 3658 3659 3617
f 3660 3661 3657
f 3662 3663 3659
f 3664 3622 3661
f 3662 3665 3666
f 3667 3668 3669
f 3670 3630 3671
f 3672 3669 3668
f 3673 3674 3631
f 3675 3676 3677
f 3678 3667 3679
f 3648 3647 3680
f 3681 3682 3676
f 3678 3683 3633
f 3682 3633 3683
f 3677 3676 3683
f 3679 3669 3662
f 3669 3672 3665
f 3684 3631 3630
f 3627 3625 3630
f 3626 3625 3627
f 3644 3638 3682
f 3680 3656 3621
f 3656 3680 3643
f 3651 3616 3685
f 3675 3659 3658
f 3675 3655 3645
f 3620 3619 3653
f 3661 3624 3620
f 3686 3687 3688
f 3689 3690 3691
f 3692 3693 3694
f 3694 3693 3691
f 3695 3696 3691
f 3697 3698 3699
f 3695 3693 3700
f 3698 3697 3701
f 3702 3703 3704
f 3705 3706 3707
f 3708 3704 3703
f 3709 3706 3705
f 3710 3705 3704
f 3711 3709 3712
f 3713 3712 3705
f 3714 3710 3708
f 3715 3716 3717
f 3711 3718 3719
f 3718 3712 3713
f 3713 3710 3714
f 3714 3717 3716
f 3720 3716 3715
f 3721 3714 3722
f 3723 3722 3716
f 3724 3720 3725
f 3689 3726 3721
f 3722 3723 3727
f 3728 3729 3686
f 3730 3727 3723
f 3731 3732 3733
f 3734 3735 3692
f 3736 3737 3733
f 3738 3739 3740
f 3741 3742 3700
f 3743 3740 3739
f 3744 3745 3746
f 3729 3747 3748
f 3749 3738 3750
f 3719 3718 3751
f 3752 3753 3748
f 3754 3703 3702
f 3753 3703 3754
f 3731 3748 3754
f 3750 3740 3732
f 3740 3743 3736
f 3744 3701 3742
f 3697 3695 3742
f 3695 3697 3719
f 3717 3708 3753
f 3726 3691 3696
f 3751 3713 3721
f 3720 3724 3688
f 3725 3747 3729
f 3725 3715 3752
f 3690 3689 3755
f 3727 3730 3694
f 3756 3757 3758
f 3759 3760 3761
f 3762 3763 3764
f 3764 3763 3761
f 3765 3766 3761
f 3767 3768 3769
f 3770 3765 3763
f 3767 3771 3772
f 3773 3774 3775
f 3776 3777 3778
f 3779 3775 3774
f 3780 3777 3776
f 3781 3776 3775
f 3782 3780 3783
f 3781 3784 3783
f 3785 3781 3779
f 3786 3787 3788
f 3789 3769 3768
f 3789 3783 3784
f 3784 3781 3785
f 3790 3785 3788
f 3791 3787 3786
f 3785 3790 3792
f 3790 3787 3791
f 3759 3793 3794
f 3792 3790 3795
f 3796 3797 3795
f 3798 3762 3796
f 3799 3800 3801
f 3802 3803 3804
f 3770 3805 3806
f 3807 3804 3803
f 3808 3809 3810
f 3811 3802 3812
f 3769 3789 3813
f 3814 3815 3816
f 3811 3817 3774
f 3815 3774 3817
f 3818 3816 3817
f 3812 3804 3799
f 3804 3807 3800
f 3772 3770 3819
f 3771 3765 3770
f 3766 3765 3771
f 3788 3779 3815
f 3793 3761 3766
f 3813 3784 3794
f 3791 3820 3758
f 3821 3822 3786
f 3760 3759 3792
f 3797 3796 3764
f 3823 3824 3825
f 3826 3827 3828
f 3829 3830 3831
f 3828 3827 3830
f 3832 3833 3834
f 3835 3836 3837
f 3838 3839 3840
f 3841 3842 3843
f 3844 3845 3846
f 3846 3845 3847
f 3848 3849 3846
f 3850 3847 3851
f 3852 3846 3850
f 3853 3851 3854
f 3855 3850 3853
f 3856 3857 3852
f 3858 3859 3857
f 3854 3860 3861
f 3862 3863 3853
f 3863 3864 3856
f 3865 3857 3866
f 3858 3865 3867
f 3868 3869 3866
f 3867 3865 3869
f 3870 3871 3867
f 3872 3868 3873
f 3868 3874 3875
f 3870 3823 3876
f 3875 3874 3877
f 3878 3876 3879
f 3877 3831 3825
f 3879 3876 3880
f 3881 3882 3883
f 3884 3880 3839
f 3885 3883 3886
f 3843 3842 3887
f 3888 3889 3890
f 3882 3881 3891
f 3892 3862 3893
f 3890 3889 3848
f 3891 3844 3849
f 3889 3894 3849
f 3882 3894 3889
f 3882 3888 3879
f 3883 3879 3884
f 3884 3838 3843
f 3838 3834 3835
f 3836 3835 3834
f 3859 3848 3852
f 3862 3892 3895
f 3896 3864 3863
f 3875 3824 3823
f 3870 3878 3890
f 3859 3858 3871
f 3828 3874 3868
f 3874 3828 3829
f 3897 3898 3899
f 3900 3901 3902
f 3903 3904 3905
f 3902 3901 3904
f 3906 3907 3908
f 3909 3910 3911
f 3912 3913 3908
f 3914 3915 3916
f 3917 3918 3919
f 3920 3919 3918
f 3921 3922 3919
f 3920 3923 3924
f 3925 3919 3920
f 3926 3924 3927
f 3920 3926 3928
f 3929 3930 3925
f 3931 3930 3932
f 3927 3933 3934
f 3935 3928 3926
f 3928 3936 3929
f 3937 3932 3930
f 3938 3939 3932
f 3940 3937 3941
f 3942 3943 3932
f 3944 3938 3943
f 3945 3940 3946
f 3940 3947 3942
f 3897 3948 3949
f 3898 3942 3947
f 3949 3948 3950
f 3951 3905 3899
f 3950 3948 3952
f 3953 3954 3955
f 3956 3952 3912
f 3957 3958 3955
f 3959 3916 3915
f 3960 3961 3962
f 3963 3954 3953
f 3964 3935 3965
f 3962 3961 3921
f 3917 3922 3963
f 3961 3963 3922
f 3954 3963 3961
f 3960 3950 3955
f 3955 3950 3956
f 3959 3956 3966
f 3966 3908 3909
f 3910 3909 3908
f 3931 3921 3925
f 3964 3967 3968
f 3968 3936 3928
f 3943 3942 3898
f 3944 3949 3962
f 3931 3939 3938
f 3902 3947 3940
f 3947 3902 3903
f 3969 3970 3971
f 3972 3973 3974
f 3975 3976 3977
f 3973 3972 3976
f 3978 3979 3980
f 3981 3982 3983
f 3984 3985 3978
f 3986 3987 3988
f 3989 3990 3991
f 3992 3990 3989
f 3993 3994 3991
f 3992 3995 3996
f 3993 3990 3992
f 3997 3998 3996
f 3992 3998 3999
f 4000 4001 3993
f 4002 4003 4001
f 4004 4005 4006
f 4007 3999 3998
f 4008 4000 4009
f 4010 4011 4001
f 4002 4011 4012
f 4013 4010 4014
f 4015 4012 4011
f 4016 4017 4012
f 4013 4018 4019
f 4013 4020 4015
f 3969 4021 4022
f 4015 4020 4023
f 4022 4021 4024
f 3970 4023 3977
f 4024 4021 4025
f 4026 4027 4028
f 4029 4025 3985
f 4030 4028 4031
f 4031 3988 3987
f 4022 4032 4033
f 4027 4026 4034
f 4035 4007 3997
f 4036 4033 3994
f 4037 3991 4038
f 4033 4038 3991
f 4032 4027 4038
f 4027 4032 4024
f 4028 4024 4029
f 4029 3984 3988
f 3988 3984 4039
f 3980 3982 3981
f 4003 3994 3993
f 4007 4035 4040
f 4041 4008 3999
f 4012 4015 3970
f 4016 4022 4036
f 4003 4002 4017
f 4020 4013 3974
f 3973 3975 4023
f 4042 4043 4044
f 4045 4046 4047
f 4048 4049 4050
f 4049 4047 4046
f 4051 4052 4053
f 4054 4055 4056
f 4057 4058 4051
f 4056 4059 4060
f 4061 4062 4063
f 4062 4061 4064
f 4065 4066 4063
f 4067 4064 4068
f 4069 4065 4062
f 4070 4071 4068
f 4067 4071 4072
f 4073 4065 4069
f 4074 4073 4075
f 4076 4077 4078
f 4079 4072 4071
f 4080 4081 4069
f 4082 4075 4073
f 4083 4075 4084
f 4085 4082 4086
f 4084 4075 4082
f 4087 4088 4084
f 4085 4089 4045
f 4085 4090 4091
f 4087 4092 4044
f 4042 4091 4090
f 4093 4044 4094
f 4048 4095 4043
f 4044 4096 4097
f 4098 4099 4100
f 4097 4096 4058
f 4101 4102 4100
f 4103 4060 4059
f 4093 4104 4105
f 4106 4099 4098
f 4107 4079 4070
f 4108 4105 4066
f 4109 4063 4106
f 4105 4106 4063
f 4099 4106 4105
f 4104 4094 4100
f 4100 4094 4097
f 4103 4097 4057
f 4060 4057 4110
f 4054 4111 4110
f 4074 4066 4065
f 4079 4107 4112
f 4113 4080 4072
f 4091 4042 4092
f 4087 4093 4108
f 4108 4074 4083
f 4090 4085 4114
f 4047 4049 4048
f 4115 4116 4117
f 4118 4119 4120
f 4121 4122 4123
f 4119 4118 4122
f 4124 4125 4126
f 4127 4128 4129
f 4130 4131 4124
f 4132 4133 4134
f 4135 4136 4137
f 4137 4136 4138
f 4139 4140 4141
f 4142 4143 4138
f 4139 4137 4143
f 4142 4144 4145
f 4143 4142 4146
f 4147 4139 4148
f 4149 4150 4147
f 4145 4151 4152
f 4153 4146 4142
f 4146 4154 4155
f 4156 4147 4157
f 4149 4156 4158
f 4159 4160 4157
f 4161 4158 4156
f 4162 4163 4158
f 4159 4164 4165
f 4166 4161 4160
f 4162 4167 4117
f 4161 4166 4168
f 4169 4117 4170
f 4115 4168 4123
f 4117 4171 4172
f 4173 4174 4175
f 4172 4171 4131
f 4176 4175 4177
f 4177 4134 4133
f 4178 4179 4180
f 4174 4173 4181
f 4152 4182 4153
f 4180 4179 4140
f 4135 4141 4183
f 4183 4141 4140
f 4178 4174 4183
f 4174 4178 4170
f 4170 4172 4177
f 4177 4172 4130
f 4134 4130 4184
f 4128 4127 4184
f 4150 4140 4139
f 4153 4182 4185
f 4186 4154 4146
f 4161 4115 4167
f 4163 4162 4169
f 4180 4150 4149
f 4166 4159 4120
f 4166 4119 4121
f 4187 4188 4189
f 4190 4191 4192
f 4193 4194 4195
f 4193 4191 4190
f 4190 4196 4197
f 4198 4199 4200
f 4201 4202 4194
f 4203 4204 4205
f 4206 4207 4208
f 4209 4208 4207
f 4210 4211 4212
f 4209 4213 4214
f 4215 4210 4208
f 4216 4214 4217
f 4215 4209 4216
f 4218 4210 4215
f 4219 4220 4218
f 4217 4200 4199
f 4221 4216 4222
f 4223 4224 4215
f 4225 4218 4224
f 4219 4225 4226
f 4227 4228 4224
f 4229 4226 4225
f 4230 4226 4187
f 4192 4227 4223
f 4231 4229 4228
f 4232 4187 4233
f 4234 4229 4231
f 4235 4236 4237
f 4238 4195 4239
f 4237 4236 4240
f 4241 4242 4243
f 4244 4245 4202
f 4246 4243 4247
f 4205 4204 4248
f 4249 4250 4251
f 4242 4241 4252
f 4199 4196 4253
f 4250 4211 4220
f 4252 4206 4212
f 4254 4212 4211
f 4249 4242 4254
f 4242 4249 4237
f 4243 4237 4255
f 4256 4244 4201
f 4201 4197 4198
f 4196 4199 4198
f 4211 4210 4218
f 4253 4196 4190
f 4257 4223 4221
f 4226 4229 4188
f 4232 4235 4251
f 4251 4220 4219
f 4191 4231 4227
f 4191 4193 4238
f 4258 4259 4260
f 4261 4262 4263
f 4264 4265 4266
f 4264 4262 4261
f 4261 4267 4268
f 4269 4270 4271
f 4272 4265 4268
f 4273 4274 4275
f 4276 4277 4278
f 4279 4278 4277
f 4280 4281 4282
f 4279 4283 4284
f 4285 4280 4278
f 4286 4284 4287
f 4279 4286 4288
f 4289 4290 4280
f 4291 4292 4290
f 4287 4271 4270
f 4288 4286 4293
f 4288 4294 4289
f 4295 4290 4289
f 4291 4295 4296
f 4294 4297 4298
f 4299 4296 4295
f 4300 4296 4301
f 4263 4297 4294
f 4302 4299 4298
f 4303 4301 4260
f 4299 4302 4304
f 4305 4306 4307
f 4308 4304 4266
f 4307 4309 4310
f 4311 4312 4313
f 4314 4315 4272
f 4316 4313 4317
f 4318 4275 4274
f 4306 4305 4319
f 4312 4311 4320
f 4270 4267 4321
f 4319 4281 4292
f 4276 4282 4322
f 4322 4282 4281
f 4305 4312 4322
f 4312 4305 4323
f 4313 4323 4310
f 4318 4314 4324
f 4324 4268 4269
f 4270 4269 4268
f 4281 4280 4290
f 4267 4261 4325
f 4294 4288 4321
f 4296 4299 4258
f 4300 4303 4306
f 4292 4291 4300
f 4262 4302 4297
f 4302 4262 4264
f 4326 4327 4328
f 4329 4330 4331
f 4332 4333 4334
f 4332 4330 4329
f 4329 4335 4336
f 4337 4338 4339
f 4340 4341 4333
f 4339 4342 4343
f 4344 4345 4346
f 4347 4346 4345
f 4348 4349 4350
f 4347 4351 4352
f 4353 4348 4346
f 4354 4352 4355
f 4353 4347 4354
f 4356 4357 4348
f 4358 4359 4357
f 4338 4337 4360
f 4361 4354 4360
f 4361 4362 4356
f 4363 4364 4357
f 4358 4364 4365
f 4366 4363 4356
f 4365 4364 4363
f 4331 4366 4362
f 4366 4367 4368
f 4368 4367 4369
f 3822 4370 3820
f 4369 4334 4371
f 4372 4328 4373
f 4374 4375 4376
f 4377 4341 4340
f 4378 4376 4379
f 4380 4343 4342
f 3756 3820 4370
f 4375 4374 4381
f 4337 4335 4382
f 4383 4349 4359
f 4381 4344 4350
f 4384 4350 4349
f 4385 4375 4384
f 4375 4385 4372
f 4376 4372 4386
f 4387 4340 4343
f 4340 4336 4388
f 4335 4337 4388
f 4349 4348 4357
f 4335 4329 4389
f 4362 4361 4382
f 4365 4368 4326
f 4390 4370 3822
f 4391 4359 4358
f 4330 4367 4366
f 4367 4330 4332
f 3818 3799 3756
f 4390 3821 3816
f 4392 4393 4394
f 4328 4394 4393
f 4383 4391 4394
f 4385 4394 4328
f 4392 4365 4395
f 310 1 3
f 3 2 5
f 4 6 5
f 6 8 7
f 9 8 11
f 10 12 11
f 12 14 13
f 14 16 15
f 17 16 19
f 18 20 19
f 21 20 23
f 22 24 23
f 25 24 27
f 26 28 27
f 28 30 29
f 31 30 33
f 32 34 33
f 35 34 37
f 36 38 37
f 39 38 41
f 41 40 43
f 42 44 43
f 44 46 45
f 46 48 47
f 49 48 51
f 50 52 51
f 53 52 55
f 153 56 58
f 323 59 61
f 324 62 64
f 106 65 67
f 77 68 70
f 59 71 60
f 324 73 62
f 84 75 65
f 325 76 77
f 326 78 80
f 73 81 74
f 93 83 84
f 325 85 76
f 45 47 88
f 326 89 78
f 101 91 81
f 327 92 93
f 85 94 86
f 105 96 87
f 89 98 90
f 328 100 101
f 327 102 92
f 322 104 94
f 323 61 105
f 70 69 102
f 328 106 100
f 64 63 98
f 138 107 109
f 374 110 112
f 379 113 115
f 147 116 118
f 148 119 121
f 382 122 124
f 385 125 127
f 152 128 130
f 391 131 133
f 393 134 136
f 149 137 138
f 374 139 110
f 398 141 113
f 400 142 116
f 403 143 119
f 122 144 123
f 405 109 146
f 385 112 125
f 379 115 128
f 131 147 132
f 393 148 134
f 382 124 149
f 136 135 151
f 398 127 141
f 400 152 142
f 391 133 144
f 274 153 154
f 1 155 2
f 2 156 4
f 157 158 4
f 158 159 6
f 159 160 8
f 160 161 10
f 161 162 12
f 162 163 14
f 16 163 18
f 164 165 18
f 20 165 22
f 22 166 24
f 24 167 26
f 168 169 26
f 169 170 28
f 30 170 32
f 32 171 34
f 34 172 36
f 36 173 38
f 174 175 38
f 175 176 40
f 176 177 42
f 139 151 140
f 46 178 48
f 48 179 50
f 180 181 50
f 52 181 54
f 231 183 185
f 183 186 184
f 261 188 190
f 231 185 192
f 204 193 195
f 193 196 194
f 255 198 200
f 198 192 199
f 210 201 203
f 201 204 202
f 250 205 207
f 250 208 205
f 186 210 187
f 247 211 213
f 240 214 216
f 214 207 215
f 236 217 219
f 190 189 217
f 242 220 222
f 242 213 220
f 240 216 196
f 236 219 224
f 228 225 227
f 222 221 225
f 208 228 209
f 230 229 183
f 259 230 231
f 249 232 208
f 234 233 225
f 232 234 228
f 57 235 224
f 247 237 211
f 257 239 196
f 243 241 242
f 233 243 222
f 276 244 217
f 276 217 235
f 246 245 214
f 239 246 240
f 241 154 213
f 229 248 186
f 251 249 250
f 245 251 207
f 58 57 237
f 253 252 201
f 248 253 210
f 266 192 254
f 254 198 256
f 258 257 193
f 252 258 204
f 266 259 192
f 244 260 190
f 459 262 249
f 460 230 263
f 460 264 230
f 278 265 244
f 263 259 267
f 461 268 252
f 268 269 258
f 462 254 270
f 462 267 254
f 272 253 271
f 461 252 272
f 237 224 238
f 463 273 245
f 459 249 273
f 264 271 229
f 464 274 241
f 280 275 239
f 463 245 275
f 465 276 277
f 465 278 276
f 281 279 233
f 464 241 279
f 269 280 257
f 154 58 247
f 56 277 57
f 466 234 262
f 466 281 234
f 205 282 206
f 209 284 205
f 187 203 286
f 211 287 212
f 216 215 290
f 215 206 289
f 219 218 292
f 189 293 218
f 220 294 221
f 220 212 294
f 216 290 197
f 238 223 298
f 223 219 297
f 227 226 300
f 221 295 226
f 209 227 284
f 185 184 302
f 184 187 301
f 188 303 189
f 191 185 304
f 194 305 195
f 197 296 194
f 200 199 308
f 191 304 199
f 203 202 285
f 202 195 309
f 238 298 211
f 1 310 312
f 256 255 314
f 155 1 315
f 310 80 311
f 270 317 146
f 79 319 321
f 255 200 313
f 43 45 322
f 53 59 51
f 11 324 9
f 21 23 106
f 33 35 70
f 53 55 59
f 11 13 324
f 23 25 65
f 35 37 77
f 3 326 310
f 13 15 73
f 25 27 84
f 37 39 325
f 177 178 44
f 5 89 3
f 15 17 81
f 27 29 93
f 41 94 39
f 49 105 47
f 5 7 89
f 19 328 17
f 31 102 29
f 43 322 41
f 51 323 49
f 31 33 102
f 19 21 328
f 7 9 98
f 80 79 316
f 90 329 78
f 86 95 332
f 365 333 335
f 92 103 337
f 100 67 339
f 61 60 341
f 62 342 63
f 76 344 68
f 442 346 348
f 83 349 75
f 91 351 82
f 96 353 97
f 90 99 329
f 104 356 95
f 103 69 336
f 443 358 360
f 67 66 338
f 60 72 340
f 74 363 62
f 78 330 79
f 76 86 344
f 399 364 365
f 92 337 83
f 100 339 91
f 61 341 96
f 63 343 99
f 384 366 104
f 68 345 69
f 408 367 369
f 66 75 361
f 74 82 363
f 384 97 366
f 405 370 372
f 4396 138 373
f 396 374 375
f 335 334 377
f 4397 378 379
f 401 116 380
f 409 381 148
f 4398 122 383
f 88 384 322
f 4399 385 386
f 444 387 389
f 413 390 152
f 4400 131 392
f 4401 393 394
f 4396 395 138
f 4402 139 396
f 378 397 113
f 348 347 399
f 4403 400 401
f 381 402 119
f 4398 404 122
f 88 87 384
f 372 373 405
f 4399 375 385
f 360 359 407
f 4397 379 390
f 407 406 408
f 4400 380 131
f 4401 409 393
f 383 382 395
f 4402 410 139
f 386 127 397
f 387 411 388
f 4403 413 400
f 404 392 144
f 394 136 410
f 146 318 405
f 71 414 72
f 182 416 54
f 265 418 260
f 71 55 414
f 188 421 303
f 362 72 423
f 143 403 425
f 54 417 55
f 260 419 261
f 188 261 421
f 403 402 424
f 415 414 429
f 417 416 431
f 418 432 419
f 414 420 428
f 422 421 436
f 423 415 437
f 424 438 425
f 420 417 434
f 419 433 426
f 426 440 421
f 424 427 438
f 428 365 429
f 430 442 431
f 432 443 433
f 428 434 365
f 436 435 369
f 429 335 437
f 439 438 444
f 431 348 434
f 433 360 440
f 440 407 435
f 438 441 387
f 367 445 368
f 364 447 333
f 346 449 347
f 333 448 334
f 358 452 359
f 388 412 455
f 406 456 367
f 359 453 406
f 389 388 457
f 347 450 364
f 376 334 458
f 150 135 153
f 140 150 274
f 114 141 459
f 124 460 137
f 124 123 460
f 143 265 120
f 137 263 107
f 132 118 461
f 118 117 268
f 108 462 146
f 107 267 108
f 133 272 145
f 133 132 272
f 129 115 463
f 115 114 273
f 145 271 123
f 110 140 464
f 142 130 280
f 130 129 275
f 134 121 277
f 121 120 465
f 125 111 281
f 111 110 279
f 117 142 269
f 135 134 56
f 141 126 262
f 126 125 466
f 256 314 270
f 443 444 358
f 143 425 265
f 425 439 418
f 439 444 432
f 389 457 358
f 468 450 467
f 450 468 447
f 470 448 469
f 448 470 451
f 471 472 451
f 1001 473 454
f 996 474 476
f 457 477 452
f 456 479 445
f 717 481 483
f 648 484 486
f 648 486 488
f 488 487 490
f 490 489 492
f 494 492 493
f 653 494 495
f 653 495 497
f 497 496 499
f 501 499 500
f 657 501 502
f 657 502 504
f 504 503 506
f 506 505 508
f 508 507 510
f 510 509 512
f 663 512 513
f 663 513 515
f 515 514 517
f 517 516 519
f 521 519 520
f 668 521 522
f 668 522 524
f 524 523 526
f 526 525 528
f 528 527 530
f 530 529 532
f 532 531 534
f 750 535 537
f 551 538 540
f 553 541 543
f 555 544 546
f 557 547 549
f 910 550 540
f 562 552 543
f 564 554 555
f 566 556 549
f 569 558 560
f 572 561 562
f 574 563 564
f 576 565 566
f 525 523 568
f 580 569 570
f 581 571 572
f 584 573 574
f 585 575 576
f 587 577 578
f 590 579 570
f 589 571 582
f 588 583 584
f 822 575 586
f 539 538 587
f 547 583 548
f 545 589 546
f 541 579 542
f 621 591 593
f 624 594 596
f 626 597 599
f 628 600 602
f 630 603 605
f 631 606 608
f 635 609 611
f 636 612 614
f 637 615 617
f 638 618 620
f 639 621 622
f 670 623 596
f 642 625 599
f 643 627 602
f 921 629 605
f 644 631 632
f 591 633 592
f 594 609 595
f 598 597 636
f 600 637 601
f 604 603 620
f 606 639 607
f 618 640 619
f 611 610 642
f 614 613 643
f 616 615 632
f 535 645 536
f 649 647 648
f 650 649 488
f 4404 650 490
f 4404 490 651
f 652 651 494
f 654 652 653
f 655 654 497
f 4405 655 499
f 4405 499 656
f 658 656 657
f 659 658 504
f 660 659 506
f 4406 660 508
f 4406 508 661
f 662 661 512
f 664 662 663
f 4407 664 515
f 4407 515 665
f 665 517 666
f 666 519 667
f 4408 667 668
f 4408 668 669
f 640 623 641
f 823 526 671
f 671 528 672
f 672 530 673
f 673 532 674
f 692 536 675
f 690 676 678
f 705 679 681
f 675 646 683
f 687 684 686
f 715 687 688
f 691 689 690
f 683 682 691
f 693 537 692
f 684 537 685
f 698 694 696
f 722 697 698
f 483 482 700
f 723 701 703
f 706 704 705
f 696 695 706
f 710 707 709
f 681 680 710
f 714 711 713
f 702 711 703
f 732 715 716
f 709 708 717
f 721 718 720
f 713 712 721
f 720 719 722
f 677 701 678
f 700 699 725
f 701 726 702
f 730 728 707
f 680 729 707
f 914 731 732
f 728 733 708
f 735 734 694
f 749 735 697
f 482 736 699
f 733 736 481
f 739 738 704
f 734 739 695
f 741 740 711
f 727 741 702
f 679 738 680
f 646 645 682
f 744 743 718
f 740 744 712
f 687 745 684
f 731 745 715
f 689 747 676
f 682 742 689
f 743 749 719
f 684 746 537
f 751 726 677
f 676 748 677
f 756 752 754
f 786 755 756
f 803 757 759
f 805 760 762
f 766 763 765
f 754 753 766
f 771 767 769
f 792 770 771
f 775 772 774
f 762 761 775
f 764 776 765
f 781 778 780
f 769 768 781
f 785 782 784
f 774 773 785
f 783 755 784
f 790 787 789
f 759 758 790
f 917 791 792
f 789 788 794
f 798 795 797
f 776 795 777
f 801 799 800
f 794 793 801
f 804 802 803
f 797 796 804
f 780 779 805
f 815 806 808
f 952 809 811
f 807 806 813
f 824 814 808
f 955 816 818
f 4409 819 821
f 567 523 822
f 551 531 538
f 493 491 553
f 544 503 545
f 557 514 547
f 550 533 551
f 552 495 553
f 554 505 544
f 556 516 557
f 486 485 569
f 561 496 552
f 563 507 554
f 518 516 565
f 669 524 823
f 580 487 569
f 571 498 561
f 509 507 573
f 520 518 575
f 577 527 568
f 579 489 580
f 500 498 589
f 583 511 573
f 822 522 575
f 529 527 538
f 547 513 583
f 545 502 589
f 541 491 579
f 821 820 824
f 847 570 825
f 585 576 827
f 859 828 830
f 588 584 832
f 546 582 834
f 853 540 835
f 855 543 836
f 858 566 837
f 940 838 840
f 574 564 842
f 581 572 844
f 587 578 846
f 861 590 847
f 586 585 848
f 548 588 849
f 957 850 852
f 866 555 834
f 910 540 854
f 562 543 856
f 825 560 857
f 826 576 858
f 892 859 860
f 831 584 842
f 582 581 833
f 835 539 846
f 542 590 836
f 867 862 848
f 549 548 837
f 1022 863 865
f 564 555 841
f 843 572 856
f 845 578 867
f 909 868 870
f 891 871 621
f 624 872 594
f 829 828 875
f 626 876 597
f 894 878 628
f 630 879 603
f 631 881 606
f 862 567 586
f 896 883 609
f 906 884 886
f 612 887 613
f 900 889 637
f 901 890 638
f 902 891 639
f 903 872 623
f 904 876 625
f 838 892 839
f 627 893 628
f 926 879 629
f 907 881 644
f 578 568 862
f 871 895 591
f 594 873 609
f 931 897 899
f 597 877 612
f 878 900 600
f 603 880 638
f 882 902 606
f 908 903 640
f 883 904 610
f 949 905 906
f 888 893 613
f 889 907 615
f 618 890 640
f 817 868 818
f 915 550 911
f 674 534 913
f 930 914 897
f 533 550 916
f 791 917 919
f 911 910 920
f 629 921 923
f 534 533 912
f 852 851 925
f 4410 926 923
f 932 915 927
f 913 912 929
f 941 930 931
f 938 916 932
f 919 918 934
f 911 920 927
f 923 922 937
f 928 912 938
f 851 931 924
f 4410 923 939
f 932 927 859
f 929 928 940
f 850 941 851
f 938 932 892
f 863 934 864
f 828 927 874
f 884 937 885
f 928 938 838
f 852 925 810
f 905 939 884
f 1022 865 943
f 860 830 945
f 1027 840 946
f 830 829 944
f 957 852 948
f 1031 949 950
f 978 951 952
f 950 906 953
f 839 860 946
f 947 829 954
f 619 641 750
f 641 670 535
f 726 642 727
f 607 622 730
f 608 607 729
f 921 605 914
f 622 593 728
f 735 601 734
f 602 601 749
f 592 634 736
f 593 592 733
f 616 632 739
f 734 617 739
f 741 598 740
f 727 599 741
f 632 608 738
f 645 670 742
f 614 643 744
f 740 636 744
f 745 604 746
f 605 604 731
f 747 595 748
f 742 596 747
f 643 602 743
f 746 620 750
f 751 611 726
f 748 635 751
f 724 816 956
f 886 885 957
f 922 921 930
f 922 930 936
f 885 936 850
f 953 886 948
f 976 809 958
f 975 959 961
f 980 962 964
f 970 965 967
f 959 968 960
f 969 968 970
f 1023 971 973
f 4411 974 961
f 964 963 958
f 4412 977 978
f 4413 979 980
f 969 970 982
f 1024 973 983
f 4411 961 985
f 993 964 986
f 958 951 986
f 475 987 989
f 4413 980 991
f 961 960 984
f 990 980 993
f 981 970 994
f 960 969 992
f 1003 995 473
f 467 997 468
f 469 468 999
f 469 999 470
f 473 1001 1003
f 1004 471 1000
f 471 1004 472
f 452 478 453
f 455 1007 457
f 2099 1008 987
f 445 480 446
f 453 1006 456
f 473 996 1011
f 473 1011 455
f 1006 1012 479
f 987 1009 988
f 478 1015 1006
f 725 724 800
f 476 1016 1011
f 1007 1018 477
f 477 1019 478
f 479 1013 480
f 1011 1017 1007
f 475 989 476
f 480 1020 1010
f 948 810 976
f 752 714 753
f 755 703 752
f 757 705 758
f 760 675 761
f 763 721 764
f 753 713 763
f 686 685 767
f 688 686 770
f 772 691 773
f 761 683 772
f 764 720 776
f 693 692 778
f 685 693 768
f 782 678 783
f 773 690 782
f 783 723 755
f 787 710 788
f 758 681 787
f 716 688 791
f 788 709 793
f 795 698 796
f 722 698 776
f 799 483 725
f 793 717 799
f 802 706 757
f 696 706 796
f 779 692 760
f 815 485 806
f 897 732 898
f 806 484 812
f 814 558 815
f 737 634 816
f 857 559 819
f 820 559 814
f 925 924 1022
f 868 633 869
f 634 633 817
f 716 791 898
f 898 919 899
f 924 899 863
f 925 1022 811
f 699 737 724
f 952 1023 978
f 4412 978 1024
f 1009 1025 1014
f 975 946 959
f 962 950 963
f 965 947 966
f 945 944 959
f 944 947 968
f 943 942 1023
f 974 1027 975
f 963 953 976
f 2035 1028 1030
f 979 1031 962
f 811 943 952
f 1008 1032 1009
f 1025 1009 1034
f 983 1035 1024
f 1032 1037 1033
f 1034 1033 1039
f 1035 1040 1036
f 1037 1042 1038
f 1038 1043 1039
f 1040 1045 1041
f 1042 1047 1043
f 1043 1048 1044
f 1045 1050 1046
f 4414 1049 1047
f 1055 1052 1054
f 1212 1055 1056
f 1212 1056 1058
f 1058 1057 1060
f 1215 1060 1061
f 1215 1061 1063
f 1063 1062 1065
f 1065 1064 1067
f 1220 1067 1068
f 1220 1068 1070
f 1222 1070 1071
f 1222 1071 1073
f 1225 1073 1074
f 1225 1074 1076
f 1076 1075 1078
f 1228 1078 1079
f 1228 1079 1081
f 1231 1081 1082
f 1231 1082 1084
f 1086 1084 1085
f 1234 1086 1087
f 1234 1087 1089
f 1089 1088 1091
f 1091 1090 1093
f 1240 1093 1094
f 1240 1094 1096
f 1242 1096 1097
f 1303 1098 1100
f 1114 1101 1103
f 1116 1104 1106
f 1117 1107 1109
f 1119 1110 1112
f 1417 1113 1114
f 1125 1115 1106
f 1126 1107 1118
f 1129 1119 1120
f 1132 1121 1123
f 1133 1124 1125
f 1135 1126 1127
f 1138 1128 1120
f 1139 1090 1130
f 1143 1131 1123
f 1144 1124 1134
f 1147 1135 1136
f 1148 1137 1138
f 1150 1139 1141
f 1153 1142 1143
f 1152 1144 1145
f 1151 1146 1136
f 1386 1137 1149
f 1102 1150 1103
f 1110 1146 1111
f 1109 1108 1145
f 1104 1142 1105
f 1184 1154 1156
f 1187 1157 1159
f 1188 1160 1162
f 1190 1163 1165
f 1192 1166 1168
f 1195 1169 1171
f 1198 1172 1174
f 1199 1175 1177
f 1200 1178 1180
f 1201 1181 1183
f 1202 1184 1185
f 1237 1186 1159
f 1205 1160 1189
f 1206 1163 1191
f 1481 1166 1193
f 1207 1194 1195
f 1155 1154 1197
f 1158 1157 1174
f 1161 1175 1162
f 1165 1164 1200
f 1168 1167 1183
f 1170 1202 1171
f 1181 1203 1182
f 1173 1172 1189
f 1177 1176 1191
f 1179 1194 1180
f 1100 1099 1209
f 1211 1210 1055
f 4415 1211 1212
f 4415 1212 1213
f 1213 1058 1214
f 1214 1060 1216
f 1216 1215 1217
f 1217 1063 1218
f 1218 1065 1219
f 4416 1219 1220
f 4416 1220 1221
f 1223 1221 1222
f 1224 1223 1073
f 4417 1224 1225
f 4417 1225 1226
f 1226 1076 1227
f 1229 1227 1228
f 1230 1229 1081
f 1232 1230 1231
f 4418 1232 1084
f 4418 1084 1233
f 1233 1086 1235
f 1235 1234 1236
f 1204 1203 1237
f 1239 1238 1093
f 4419 1239 1240
f 4419 1240 1241
f 4420 1241 1242
f 1247 1243 1245
f 1271 1246 1247
f 1484 1248 1250
f 1244 1251 1245
f 1257 1253 1255
f 1287 1256 1257
f 1261 1258 1260
f 1252 1251 1261
f 1265 1262 1264
f 1255 1254 1265
f 1270 1266 1268
f 1294 1269 1268
f 1264 1263 1271
f 1305 1272 1274
f 1278 1275 1277
f 1267 1266 1278
f 1282 1279 1281
f 1248 1279 1249
f 1286 1283 1285
f 1273 1272 1285
f 1276 1256 1277
f 1280 1288 1281
f 1293 1290 1292
f 1283 1290 1284
f 1292 1291 1294
f 1246 1295 1243
f 1243 1296 1244
f 1291 1298 1269
f 1283 1300 1290
f 1290 1301 1291
f 1280 1302 1288
f 1338 1304 1274
f 1276 1306 1256
f 1272 1308 1286
f 1286 1309 1283
f 1248 1310 1279
f 1311 1302 1279
f 1266 1312 1275
f 1275 1313 1276
f 1305 1209 1272
f 1263 1314 1246
f 1269 1299 1270
f 1270 1315 1266
f 1288 1303 1304
f 1254 1316 1262
f 1262 1317 1263
f 1321 1318 1251
f 1318 1319 1258
f 1256 1307 1253
f 1253 1320 1254
f 1244 1297 1251
f 1484 1322 1248
f 1298 1323 1299
f 1327 1325 1296
f 1295 1326 1296
f 1322 1328 1310
f 1325 1330 1297
f 1320 1331 1316
f 1307 1333 1320
f 1335 1334 1318
f 1321 1330 1318
f 1337 1336 1317
f 1332 1337 1316
f 1289 1288 1338
f 1315 1339 1312
f 1324 1339 1299
f 1314 1336 1295
f 1209 1208 1308
f 1313 1342 1306
f 1340 1342 1312
f 1345 1344 1311
f 1310 1329 1311
f 1309 1346 1300
f 1341 1346 1308
f 1306 1343 1307
f 1304 1100 1305
f 1302 1344 1303
f 1348 1323 1301
f 1300 1347 1301
f 1268 1267 1350
f 1367 1294 1350
f 1264 1271 1352
f 1274 1273 1354
f 1278 1277 1356
f 1267 1278 1349
f 1358 1282 1357
f 1249 1282 1359
f 1285 1284 1361
f 1273 1285 1353
f 1355 1277 1362
f 1289 1338 1364
f 1281 1289 1357
f 1293 1292 1366
f 1284 1293 1360
f 1292 1294 1365
f 1247 1245 1369
f 1271 1247 1351
f 1250 1249 1370
f 1245 1252 1368
f 1257 1255 1373
f 1287 1257 1362
f 1375 1261 1374
f 1252 1261 1371
f 1265 1264 1376
f 1372 1255 1376
f 1363 1338 1354
f 1380 1053 1377
f 1385 1259 1378
f 1377 1052 1379
f 1387 1121 1380
f 1334 1197 1382
f 4421 1383 1384
f 1259 1385 1260
f 1130 1088 1386
f 1095 1094 1101
f 1061 1059 1116
f 1107 1071 1108
f 1119 1080 1110
f 1113 1097 1101
f 1115 1062 1116
f 1126 1072 1107
f 1129 1082 1119
f 1054 1053 1132
f 1124 1064 1115
f 1135 1074 1126
f 1128 1083 1129
f 1236 1089 1238
f 1131 1056 1132
f 1144 1066 1124
f 1147 1075 1135
f 1085 1083 1137
f 1092 1090 1150
f 1142 1057 1131
f 1068 1066 1152
f 1077 1075 1146
f 1087 1085 1386
f 1094 1092 1102
f 1110 1079 1146
f 1108 1069 1152
f 1104 1059 1142
f 1384 1122 1387
f 1143 1123 1389
f 1410 1148 1390
f 1420 1391 1393
f 1412 1151 1394
f 1416 1109 1395
f 1418 1114 1396
f 1106 1105 1398
f 1120 1112 1400
f 1500 1401 1403
f 1127 1118 1405
f 1134 1133 1407
f 1141 1140 1409
f 1422 1153 1389
f 1149 1148 1411
f 1424 1111 1412
f 1501 1413 1415
f 1428 1117 1416
f 1479 1417 1418
f 1125 1106 1419
f 1123 1122 1388
f 1390 1138 1400
f 1455 1420 1421
f 1136 1127 1394
f 1145 1134 1395
f 1103 1141 1396
f 1105 1153 1397
f 1429 1149 1423
f 1112 1111 1399
f 1463 1425 1427
f 1404 1118 1428
f 1406 1133 1419
f 1408 1140 1423
f 1196 1430 1432
f 1452 1433 1184
f 1453 1434 1187
f 1391 1435 1392
f 1160 1437 1161
f 1456 1439 1163
f 1166 1440 1167
f 1459 1442 1169
f 1130 1386 1429
f 1460 1443 1198
f 1469 1444 1446
f 1175 1447 1176
f 1464 1449 1178
f 1465 1450 1201
f 1202 1451 1184
f 1467 1453 1186
f 1205 1454 1160
f 1401 1455 1402
f 1470 1456 1206
f 1481 1457 1166
f 1194 1458 1169
f 1140 1139 1429
f 1154 1433 1196
f 1157 1434 1198
f 1413 1461 1414
f 1438 1447 1161
f 1461 1463 1462
f 1164 1439 1178
f 1167 1441 1201
f 1442 1451 1170
f 1203 1466 1186
f 1443 1454 1172
f 1512 1468 1469
f 1176 1448 1206
f 1179 1449 1194
f 1450 1466 1181
f 1197 1196 1381
f 1113 1417 1472
f 4420 1242 1474
f 1328 1322 1476
f 1483 1097 1472
f 1250 1370 1478
f 1471 1417 1480
f 1486 1481 1482
f 1242 1097 1473
f 1322 1484 1475
f 1485 1484 1478
f 1499 1457 1486
f 1491 1472 1487
f 4422 1474 1488
f 1476 1475 1490
f 1497 1483 1491
f 1478 1477 1493
f 1487 1471 1494
f 1486 1482 1496
f 1488 1473 1497
f 1475 1485 1489
f 1485 1478 1498
f 1502 1499 1496
f 1491 1487 1420
f 4422 1488 1500
f 1490 1489 1501
f 1455 1497 1420
f 1463 1493 1425
f 1487 1494 1391
f 1444 1496 1445
f 1488 1497 1401
f 1489 1498 1413
f 1498 1493 1461
f 1468 1502 1444
f 1427 1426 1504
f 1421 1393 1506
f 1403 1402 1508
f 1393 1392 1505
f 1415 1414 1511
f 1525 1512 1513
f 1462 1427 1514
f 1414 1462 1510
f 1513 1469 1515
f 1402 1421 1507
f 1509 1392 1516
f 1098 1182 1099
f 1099 1204 1208
f 1323 1189 1324
f 1171 1185 1327
f 1326 1195 1327
f 1193 1192 1328
f 1185 1156 1325
f 1331 1165 1332
f 1333 1190 1331
f 1155 1197 1335
f 1156 1155 1330
f 1180 1207 1337
f 1332 1200 1337
f 1339 1162 1340
f 1324 1188 1339
f 1207 1195 1336
f 1208 1237 1341
f 1342 1177 1343
f 1340 1199 1342
f 1345 1168 1344
f 1329 1192 1345
f 1346 1158 1347
f 1341 1159 1346
f 1343 1191 1333
f 1344 1183 1098
f 1348 1173 1323
f 1347 1174 1348
f 1319 1334 1378
f 1446 1445 1415
f 1193 1328 1482
f 1482 1476 1495
f 1495 1490 1445
f 1446 1415 1515
f 1519 1517 1507
f 1507 1506 1519
f 1521 1518 1505
f 1505 1509 1521
f 1516 1522 1509
f 1513 1523 1525
f 1030 1029 1527
f 1515 1511 1529
f 1514 1504 1531
f 1744 1532 1534
f 1863 1535 1537
f 1536 1538 1537
f 1538 1540 1539
f 1540 1542 1541
f 1543 1542 1545
f 1545 1544 1547
f 1546 1548 1547
f 1548 1550 1549
f 1551 1550 1553
f 1553 1552 1555
f 1554 1556 1555
f 1556 1558 1557
f 1558 1560 1559
f 1560 1562 1561
f 1562 1564 1563
f 1565 1564 1567
f 1566 1568 1567
f 1568 1570 1569
f 1570 1572 1571
f 1573 1572 1575
f 1575 1574 1577
f 1576 1578 1577
f 1578 1580 1579
f 1580 1582 1581
f 1582 1584 1583
f 1584 1586 1585
f 1586 1588 1587
f 1998 1590 1592
f 1859 1593 1595
f 1860 1596 1598
f 1861 1599 1601
f 1862 1602 1604
f 1859 1605 1593
f 1860 1607 1596
f 1599 1609 1600
f 1862 1611 1602
f 1625 1613 1615
f 1607 1616 1608
f 1609 1618 1610
f 1611 1620 1612
f 1581 1622 1579
f 1865 1624 1625
f 1616 1626 1617
f 1618 1628 1619
f 1620 1630 1621
f 1622 1632 1634
f 1865 1635 1624
f 1641 1637 1626
f 1628 1638 1629
f 1858 1640 1630
f 1632 1595 1633
f 1604 1603 1638
f 1861 1601 1641
f 1598 1597 1635
f 1673 1642 1644
f 1915 1645 1647
f 1918 1648 1650
f 1919 1651 1653
f 1922 1654 1656
f 1683 1657 1659
f 1690 1660 1662
f 1691 1663 1665
f 1686 1666 1668
f 1930 1669 1671
f 1687 1672 1673
f 1915 1674 1645
f 1918 1676 1648
f 1919 1678 1651
f 1922 1680 1654
f 1935 1682 1683
f 1644 1643 1685
f 1647 1646 1660
f 1663 1650 1664
f 1653 1652 1686
f 1930 1656 1669
f 1659 1658 1687
f 1671 1670 1689
f 1676 1690 1677
f 1678 1691 1679
f 1935 1668 1682
f 1592 1591 1693
f 1535 1694 1536
f 1536 1695 1538
f 1538 1696 1540
f 1697 1698 1540
f 1542 1698 1544
f 1544 1699 1546
f 1546 1700 1548
f 1548 1701 1550
f 1702 1703 1550
f 1552 1703 1554
f 1554 1704 1556
f 1556 1705 1558
f 1558 1706 1560
f 1707 1708 1560
f 1562 1708 1564
f 1564 1709 1566
f 1566 1710 1568
f 1711 1712 1568
f 1712 1713 1570
f 1713 1714 1572
f 1574 1714 1576
f 1715 1716 1576
f 1689 1688 1674
f 1864 1717 1580
f 1717 1718 1582
f 1718 1719 1584
f 1719 1720 1586
f 1692 1591 1722
f 1790 1723 1725
f 1755 1726 1728
f 1737 1692 1729
f 1734 1730 1732
f 1760 1733 1734
f 1723 1735 1724
f 1735 1737 1736
f 1738 1721 1590
f 1732 1731 1590
f 1751 1739 1741
f 1739 1742 1740
f 1767 1744 1745
f 1770 1746 1748
f 1726 1749 1727
f 1749 1751 1750
f 1761 1752 1754
f 1752 1755 1753
f 1765 1756 1758
f 1770 1748 1756
f 1773 1759 1760
f 1532 1761 1533
f 1766 1762 1764
f 1762 1765 1763
f 1742 1766 1743
f 1790 1725 1746
f 2003 1767 1768
f 1999 1769 1770
f 2000 1752 1771
f 2000 1772 1752
f 1954 1773 1774
f 1771 1761 1775
f 1777 1739 1776
f 1788 1742 1777
f 2001 1778 1767
f 1775 1532 1778
f 1780 1749 1779
f 1776 1751 1780
f 1782 1756 1781
f 1999 1770 1782
f 1772 1779 1755
f 1787 1693 1737
f 1784 1762 1783
f 1781 1765 1784
f 1789 1785 1732
f 1774 1760 1785
f 1791 1786 1723
f 1786 1787 1735
f 1783 1766 1788
f 1998 1789 1590
f 2002 1790 1769
f 2002 1791 1790
f 2066 1792 1794
f 1792 1795 1793
f 1827 1797 1799
f 2067 1800 1802
f 1814 1803 1805
f 2066 1794 1803
f 2068 1806 1808
f 1806 1809 1807
f 1822 1811 1813
f 1811 1802 1812
f 2069 1814 1815
f 1842 1816 1818
f 2068 1808 1816
f 1823 1819 1821
f 1819 1822 1820
f 1795 1823 1796
f 1830 1824 1826
f 1824 1827 1825
f 1809 1828 1810
f 1838 1830 1831
f 1841 1832 1834
f 2069 1815 1832
f 1768 1835 1837
f 1835 1838 1836
f 1797 1839 1798
f 1839 1841 1840
f 2067 1842 1800
f 2070 1843 1845
f 1983 1846 1848
f 2072 1845 1849
f 2070 1850 1843
f 2073 1852 1854
f 1866 1855 1857
f 1577 1579 1858
f 1585 1587 1595
f 1545 1860 1543
f 1555 1557 1861
f 1567 1569 1604
f 1587 1589 1859
f 1545 1547 1860
f 1557 1559 1599
f 1569 1571 1862
f 1537 1625 1863
f 1547 1549 1607
f 1559 1561 1609
f 1573 1620 1571
f 1716 1864 1578
f 1537 1539 1625
f 1549 1551 1616
f 1563 1628 1561
f 1575 1630 1573
f 1581 1583 1622
f 1539 1541 1865
f 1553 1641 1551
f 1563 1565 1628
f 1575 1577 1630
f 1585 1595 1583
f 1565 1567 1638
f 1553 1555 1641
f 1541 1543 1635
f 1850 1866 1851
f 1613 1624 1868
f 1631 1869 1621
f 1904 1871 1873
f 1639 1874 1629
f 1601 1876 1637
f 1594 1593 1879
f 1597 1596 1881
f 1602 1612 1883
f 1979 1884 1886
f 1619 1887 1610
f 1627 1889 1617
f 1633 1891 1634
f 1624 1636 1867
f 1640 1894 1631
f 1603 1895 1639
f 1962 1896 1898
f 1601 1600 1876
f 1606 1900 1593
f 1608 1901 1596
f 1614 1613 1902
f 1612 1621 1882
f 1933 1903 1904
f 1619 1629 1887
f 1637 1877 1627
f 1633 1594 1891
f 1597 1881 1636
f 1640 1905 1894
f 1602 1883 1603
f 1980 1907 1909
f 1610 1888 1600
f 1608 1617 1901
f 1905 1634 1906
f 2074 1910 1912
f 1932 1673 1913
f 1937 1914 1647
f 1981 1873 1916
f 1941 1917 1650
f 4423 1919 1920
f 1943 1921 1656
f 4424 1923 1659
f 1858 1623 1640
f 4425 1660 1924
f 1982 1925 1927
f 4426 1928 1691
f 1942 1686 1929
f 4427 1930 1931
f 1944 1687 1932
f 1945 1674 1914
f 1946 1676 1917
f 1886 1885 1933
f 4423 1934 1919
f 1964 1680 1921
f 1949 1935 1923
f 1623 1622 1905
f 1913 1644 1936
f 4425 1937 1660
f 2071 1938 1940
f 1928 1941 1663
f 1920 1653 1942
f 4427 1943 1930
f 4424 1659 1944
f 4428 1689 1945
f 1924 1690 1946
f 1925 1947 1926
f 4426 1691 1934
f 1929 1668 1949
f 4428 1931 1689
f 2073 1854 1910
f 1606 1605 1951
f 1720 1952 1588
f 1773 1954 1938
f 1589 1956 1605
f 1829 1828 1958
f 1900 1606 1959
f 1680 1960 1681
f 1588 1953 1589
f 1977 1962 1963
f 1680 1964 1960
f 1951 1950 1967
f 1952 1968 1953
f 1938 1955 1939
f 1950 1956 1966
f 1958 1957 1973
f 1951 1967 1959
f 1960 1975 1961
f 1956 1953 1971
f 1940 1939 1977
f 1965 1978 1960
f 1966 1904 1967
f 1968 1979 1969
f 1939 1970 1962
f 1971 1933 1966
f 1973 1972 1980
f 1974 1967 1981
f 1976 1975 1982
f 1969 1886 1971
f 1898 1983 1963
f 1975 1978 1925
f 1909 1908 1985
f 1903 1986 1871
f 1885 1884 1989
f 1871 1987 1872
f 1897 1991 1898
f 1926 1948 1993
f 1846 1994 1847
f 1927 1926 1996
f 1885 1989 1903
f 1916 1872 1997
f 1670 1998 1688
f 1688 1592 1675
f 1648 1677 1999
f 1658 2000 1672
f 1657 1772 1658
f 1681 1954 1654
f 1672 1771 1642
f 1666 1652 1776
f 1651 1788 1652
f 1643 1778 1684
f 1642 1775 1643
f 1667 1780 1682
f 1667 1666 1780
f 1664 1649 1781
f 1649 1648 1782
f 1682 1779 1657
f 1645 1675 1787
f 1665 1784 1679
f 1665 1664 1784
f 1669 1655 1789
f 1654 1774 1655
f 1661 1646 1791
f 1646 1645 1786
f 1679 1783 1651
f 1670 1669 1998
f 1677 1662 1769
f 1662 1661 2002
f 1852 2003 1853
f 1896 1982 1897
f 1954 1681 1955
f 1961 1976 1955
f 1970 1976 1896
f 1897 1927 1991
f 2065 2005 1846
f 2077 2006 2008
f 2022 2009 2011
f 2078 2012 2014
f 2008 2007 2016
f 2012 2016 2013
f 2079 2017 2019
f 2077 2020 2006
f 2065 2022 2005
f 1994 2023 1995
f 2009 2025 2010
f 2015 2027 2013
f 2019 2018 2030
f 2021 2031 2006
f 2005 2011 2034
f 2005 2034 1994
f 2057 2035 2036
f 2026 2037 2010
f 2006 2032 2007
f 2011 2010 2033
f 2014 2013 2040
f 2007 2039 2015
f 2046 1523 2041
f 1517 1519 2043
f 1518 2044 1519
f 1518 1521 2044
f 4429 1524 2046
f 1521 1520 2045
f 1520 1522 2047
f 1511 1510 1528
f 1513 1515 2050
f 2056 2051 2035
f 1504 1503 1530
f 1510 1514 2049
f 1527 1526 2053
f 1523 1513 2053
f 2049 1531 2055
f 2076 2056 2057
f 1528 2049 2058
f 1837 2004 1768
f 1527 2053 2060
f 2050 1529 2062
f 1529 1528 2061
f 1531 1530 2054
f 2053 2050 2059
f 1030 1527 2036
f 1530 2052 2063
f 1991 2065 1983
f 1758 1757 2066
f 1757 1748 1792
f 1728 1727 1827
f 1729 1722 1802
f 1764 1763 1814
f 1763 1758 1803
f 1730 1806 1731
f 1733 1809 1730
f 1724 1736 1822
f 1736 1729 1811
f 1743 1764 2069
f 1738 1816 1721
f 1731 2068 1738
f 1747 1725 1823
f 1725 1724 1819
f 1748 1747 1795
f 1754 1753 1830
f 1753 1728 1824
f 1759 1828 1733
f 1533 1754 1838
f 1741 1740 1841
f 1743 2069 1740
f 1745 1534 1768
f 1534 1533 1835
f 1727 1750 1797
f 1741 1841 1750
f 1722 1721 2067
f 1535 1863 1845
f 1759 1773 2071
f 1694 1535 2072
f 1863 1615 2070
f 2001 1852 1684
f 1902 1855 1614
f 1615 1614 1850
f 1907 1977 1908
f 1936 1685 2074
f 1684 2073 1685
f 1759 2071 1828
f 2071 1940 1957
f 1972 1940 1907
f 1963 1848 1908
f 1767 2003 2001
f 1847 1995 2017
f 2018 1995 2029
f 4430 2075 2076
f 1986 1989 2008
f 1996 1993 2022
f 1997 1990 2078
f 1986 2008 1987
f 1987 2016 1990
f 1984 2017 1985
f 1989 1988 2077
f 1991 1996 2065
f 1993 1992 2009
f 1848 1847 1984
f 2051 2056 2081
f 2056 2075 2080
f 2087 2030 2083
f 2081 2080 2085
f 2080 2082 2084
f 4431 2087 2088
f 2085 2084 2090
f 2084 2086 2089
f 4431 2088 2093
f 2090 2089 2095
f 2089 2091 2094
f 4432 2093 2097
f 2096 2098 2094
f 474 2099 475
f 2142 2100 2102
f 2143 2103 2105
f 2148 2106 2108
f 2108 2107 2104
f 2105 2107 2110
f 2133 2111 2113
f 2157 2114 2107
f 2160 2112 2115
f 2121 2116 2118
f 2118 2119 2121
f 2167 2122 2117
f 2126 2123 2119
f 2122 2124 2118
f 2132 2125 2126
f 2119 2124 2126
f 2172 2128 2122
f 2139 2129 2131
f 2125 2132 2113
f 2127 2134 2126
f 2127 2124 2135
f 2129 2136 2130
f 2174 2138 2139
f 2144 2137 2140
f 2145 2136 2138
f 2174 2141 2138
f 2103 2143 2140
f 2140 2136 2146
f 2141 2147 2142
f 2102 2148 2145
f 2163 2149 2151
f 2102 2101 2148
f 2150 2149 2153
f 2165 2154 2156
f 2153 2152 2157
f 2159 2158 2155
f 2158 2159 2115
f 2151 2161 2163
f 2171 2164 2165
f 2110 2133 2134
f 4433 2166 2168
f 2116 2169 2117
f 2168 2167 2170
f 2163 2162 2165
f 2165 2156 2163
f 2156 2158 2149
f 2158 2115 2152
f 2114 2115 2109
f 2133 2110 2111
f 2167 2166 2122
f 2110 2134 2105
f 2135 2143 2127
f 2138 2142 2145
f 2174 2173 2141
f 2173 2174 2131
f 2104 2103 2146
f 2104 2146 2108
f 2243 2175 2177
f 2213 2178 2180
f 2218 2181 2183
f 2179 2183 2180
f 2180 2182 2185
f 2190 2186 2188
f 2230 2189 2182
f 2233 2186 2191
f 2197 2192 2194
f 2194 2195 2197
f 2240 2198 2193
f 2195 2199 2196
f 2198 2201 2194
f 2207 2202 2199
f 2195 2201 2199
f 2208 2201 2204
f 2239 2205 2204
f 2202 2207 2187
f 2238 2207 2203
f 2210 2203 2208
f 2211 2208 2206
f 2212 2209 2205
f 2214 2210 2211
f 2215 2211 2209
f 2216 2175 2212
f 2214 2178 2210
f 2219 2214 2215
f 2175 2216 2176
f 4434 2218 2215
f 2217 2220 2222
f 4434 2223 2218
f 2221 2224 2222
f 2237 2226 2228
f 4435 2229 2230
f 4436 2231 2227
f 2242 2232 2191
f 2220 2217 2235
f 2241 2236 2237
f 2188 2207 2185
f 2234 2239 2235
f 2236 2241 2192
f 2235 2240 2241
f 2237 2220 2241
f 2220 2237 2221
f 2221 2228 2224
f 2229 2242 2189
f 2191 2190 2189
f 2188 2185 2190
f 2239 2204 2240
f 2185 2238 2180
f 2213 2238 2210
f 2215 2209 2243
f 2212 2234 2216
f 2234 2212 2239
f 2179 2178 2219
f 2219 2218 2179
f 2282 2244 2246
f 2284 2247 2249
f 2288 2250 2252
f 2248 2252 2249
f 2249 2251 2254
f 2277 2255 2257
f 2299 2253 2258
f 2304 2256 2259
f 2265 2260 2262
f 2262 2263 2265
f 2311 2266 2261
f 2270 2267 2263
f 2266 2268 2262
f 2276 2269 2270
f 2263 2268 2270
f 2275 2272 2266
f 2310 2273 2275
f 2269 2276 2257
f 2309 2276 2271
f 2271 2268 2278
f 2274 2279 2275
f 2283 2280 2273
f 2278 2272 2281
f 2285 2279 2280
f 2286 2282 2283
f 2281 2247 2278
f 2289 2281 2285
f 2282 2286 2244
f 4437 2288 2285
f 2287 2290 2292
f 4437 2293 2288
f 2292 2291 2295
f 2312 2296 2298
f 4438 2299 2300
f 4439 2301 2297
f 2259 2302 2304
f 2290 2287 2306
f 2312 2307 2296
f 2254 2277 2309
f 2305 2310 2306
f 2260 2308 2261
f 2307 2306 2261
f 2312 2290 2307
f 2290 2312 2291
f 2291 2298 2294
f 4438 2302 2299
f 2259 2255 2299
f 2254 2253 2277
f 2310 2275 2311
f 2309 2284 2254
f 2284 2309 2278
f 2280 2282 2285
f 2283 2305 2286
f 2310 2305 2273
f 2289 2248 2281
f 2289 2288 2248
f 2350 2313 2315
f 2352 2316 2318
f 2357 2319 2321
f 2317 2321 2318
f 2320 2322 2318
f 2328 2324 2326
f 2369 2322 2327
f 2374 2324 2329
f 2335 2330 2332
f 2332 2333 2335
f 2381 2336 2331
f 2340 2337 2333
f 2336 2338 2332
f 2346 2339 2340
f 2333 2338 2340
f 2345 2342 2336
f 2380 2343 2345
f 2339 2346 2325
f 2379 2346 2341
f 2348 2341 2342
f 2349 2342 2344
f 2351 2347 2343
f 2353 2348 2349
f 2354 2349 2347
f 2355 2350 2351
f 2353 2316 2348
f 2358 2353 2354
f 2350 2355 2313
f 2362 2357 2354
f 2356 2359 2361
f 2357 2362 2319
f 2361 2360 2365
f 2378 2366 2368
f 2383 2369 2370
f 4440 2371 2367
f 2329 2372 2374
f 2359 2356 2376
f 2382 2377 2378
f 2323 2326 2379
f 2375 2380 2376
f 2330 2377 2331
f 2376 2381 2382
f 2378 2359 2382
f 2359 2378 2360
f 2360 2368 2364
f 2372 2329 2383
f 2329 2328 2369
f 2323 2322 2326
f 2380 2345 2381
f 2379 2352 2323
f 2352 2379 2348
f 2347 2350 2354
f 2351 2375 2355
f 2380 2375 2343
f 2358 2317 2353
f 2358 2357 2317
f 2427 2384 2386
f 2428 2387 2389
f 2432 2390 2392
f 2388 2392 2389
f 2389 2391 2394
f 2399 2395 2397
f 2390 2398 2391
f 2443 2395 2400
f 2406 2401 2403
f 2403 2404 2406
f 2409 2403 2407
f 2411 2408 2404
f 2413 2404 2409
f 2418 2410 2411
f 2413 2412 2404
f 2420 2413 2414
f 2456 2415 2417
f 2410 2418 2396
f 2412 2419 2411
f 2412 2413 2421
f 2424 2422 2416
f 2454 2423 2415
f 2421 2422 2425
f 2429 2424 2423
f 2454 2426 2423
f 2387 2428 2425
f 2425 2424 2430
f 2427 2426 2384
f 2429 2386 2430
f 2452 2433 2435
f 2386 2385 2432
f 2433 2436 2434
f 2447 2438 2440
f 2437 2436 2390
f 2442 2441 2439
f 2400 2441 2443
f 2452 2435 2445
f 2453 2446 2447
f 2397 2418 2394
f 2451 2448 2407
f 4441 2450 2401
f 2450 2451 2402
f 2447 2452 2453
f 2447 2440 2452
f 2440 2441 2433
f 2441 2400 2436
f 2398 2400 2393
f 2394 2393 2397
f 2407 2449 2409
f 2394 2419 2389
f 2421 2428 2412
f 2423 2427 2429
f 2426 2454 2431
f 2455 2454 2456
f 2388 2387 2430
f 2388 2430 2392
f 2501 2457 2459
f 2466 2460 2462
f 2504 2463 2465
f 2462 2465 2466
f 2466 2464 2468
f 2473 2469 2471
f 2514 2472 2464
f 2517 2469 2474
f 2480 2475 2477
f 2477 2478 2480
f 2525 2481 2476
f 2478 2482 2479
f 2486 2478 2481
f 2491 2484 2482
f 2486 2485 2478
f 2493 2486 2487
f 2532 2488 2490
f 2484 2491 2470
f 2485 2492 2482
f 2485 2486 2494
f 2498 2495 2489
f 2531 2496 2488
f 2502 2497 2498
f 2496 2499 2489
f 2531 2500 2496
f 2461 2460 2502
f 2505 2502 2499
f 2501 2500 2457
f 2499 2459 2505
f 2520 2506 2508
f 2459 2458 2504
f 2506 2509 2507
f 2522 2511 2513
f 2510 2509 2514
f 2516 2515 2512
f 2474 2515 2517
f 2508 2518 2520
f 2529 2521 2522
f 2468 2471 2492
f 2528 2523 2525
f 2475 2526 2476
f 2527 2528 2476
f 2522 2520 2529
f 2522 2513 2520
f 2513 2515 2506
f 2515 2474 2509
f 2472 2474 2467
f 2471 2468 2473
f 2525 2524 2481
f 2468 2492 2466
f 2494 2460 2485
f 2496 2501 2499
f 2531 2530 2500
f 2530 2531 2532
f 2462 2461 2505
f 2462 2505 2465
f 2580 2533 2535
f 2576 2536 2538
f 2581 2539 2541
f 2541 2540 2537
f 2540 2542 2538
f 2567 2544 2546
f 2590 2547 2540
f 2593 2545 2548
f 2554 2549 2551
f 2551 2552 2554
f 2561 2551 2555
f 2552 2556 2553
f 2561 2558 2551
f 2566 2559 2556
f 2558 2560 2552
f 2569 2558 2562
f 2608 2563 2565
f 2559 2566 2546
f 2560 2568 2556
f 2605 2560 2569
f 2573 2570 2564
f 2607 2571 2563
f 2577 2572 2573
f 2571 2574 2564
f 2607 2575 2571
f 2536 2576 2577
f 2577 2573 2578
f 2533 2575 2534
f 2574 2580 2578
f 2596 2582 2584
f 2580 2535 2581
f 2583 2582 2586
f 2598 2587 2589
f 2586 2585 2590
f 2592 2591 2588
f 2548 2591 2593
f 2584 2594 2596
f 2604 2597 2598
f 2567 2566 2543
f 2603 2599 2555
f 2549 2601 2550
f 2602 2603 2550
f 2598 2596 2604
f 2598 2589 2596
f 2589 2591 2582
f 2591 2548 2585
f 2547 2548 2542
f 2543 2542 2567
f 2555 2600 2561
f 2543 2568 2538
f 2576 2568 2605
f 2571 2533 2574
f 2607 2606 2575
f 2606 2607 2608
f 2537 2536 2578
f 2537 2578 2541
f 2655 2609 2611
f 2618 2612 2614
f 2656 2615 2617
f 2617 2616 2614
f 2616 2619 2618
f 2643 2621 2623
f 2665 2624 2616
f 2668 2622 2625
f 2631 2626 2628
f 2628 2629 2631
f 2676 2632 2627
f 2629 2633 2630
f 2632 2635 2628
f 2642 2636 2633
f 2635 2637 2629
f 2679 2638 2632
f 2682 2639 2641
f 2636 2642 2623
f 2637 2644 2633
f 2637 2635 2645
f 2640 2646 2641
f 2681 2648 2639
f 2652 2647 2649
f 2648 2650 2640
f 2681 2651 2648
f 2613 2612 2649
f 2649 2646 2653
f 2651 2654 2609
f 2650 2655 2653
f 2671 2657 2659
f 2655 2611 2656
f 2658 2657 2661
f 2673 2662 2664
f 2661 2660 2665
f 2667 2666 2663
f 2625 2666 2668
f 2659 2669 2671
f 2678 2672 2673
f 2620 2643 2644
f 4442 2674 2676
f 4443 2677 2626
f 4442 2676 2677
f 2671 2670 2673
f 2673 2664 2671
f 2657 2664 2660
f 2660 2666 2624
f 2624 2625 2619
f 2643 2620 2621
f 2676 2675 2632
f 2620 2644 2618
f 2645 2612 2637
f 2648 2609 2650
f 2681 2680 2651
f 2680 2681 2682
f 2614 2613 2653
f 2614 2653 2617
f 2733 2683 2685
f 2730 2686 2688
f 2735 2689 2691
f 2689 2687 2690
f 2756 2690 2692
f 2698 2693 2695
f 2756 2696 2690
f 2693 2698 2700
f 2707 2701 2703
f 2708 2704 2702
f 2703 2705 2707
f 2711 2704 2709
f 2704 2710 2703
f 2718 2711 2712
f 2720 2710 2711
f 2710 2713 2705
f 2723 2715 2717
f 2712 2695 2718
f 2718 2719 2711
f 2720 2721 2710
f 2726 2722 2716
f 2728 2723 2724
f 2729 2725 2726
f 2732 2724 2722
f 2733 2727 2724
f 2688 2725 2730
f 2725 2731 2722
f 2727 2733 2734
f 2683 2732 2735
f 2747 2736 2738
f 2683 2735 2684
f 2743 2738 2739
f 2744 2740 2742
f 2696 2743 2697
f 2746 2744 2745
f 2745 2700 2746
f 2736 2747 2749
f 2755 2741 2750
f 2718 2694 2719
f 4444 2751 2752
f 2754 2753 2707
f 2751 2754 2706
f 2747 2741 2748
f 2741 2747 2742
f 2742 2738 2745
f 2745 2743 2700
f 2693 2700 2756
f 2756 2692 2693
f 2714 2752 2705
f 2730 2719 2686
f 2719 2730 2720
f 2724 2732 2733
f 2728 2727 2757
f 2757 2715 2728
f 2687 2731 2688
f 2735 2731 2689
f 2802 2758 2760
f 4445 2761 2763
f 2803 2764 2766
f 2765 2764 2761
f 2824 2765 2767
f 2825 2768 2770
f 2824 2771 2765
f 2825 2770 2774
f 2781 2775 2777
f 2783 2778 2776
f 2777 2779 2781
f 2785 2782 2783
f 2778 2784 2777
f 2790 2782 2786
f 2791 2784 2782
f 2793 2787 2784
f 2794 2788 2787
f 2786 2769 2790
f 2820 2791 2790
f 2784 2791 2793
f 2797 2794 2793
f 2798 2788 2795
f 2793 2792 2797
f 2800 2795 2797
f 2801 2798 2758
f 4445 2763 2792
f 2797 2796 2800
f 2805 2801 2802
f 4446 2800 2803
f 2822 2804 2806
f 4446 2803 2807
f 2822 2806 2809
f 2815 2810 2812
f 2771 2813 2772
f 4447 2815 2816
f 2823 2774 2817
f 2826 2805 2818
f 2821 2811 2819
f 2768 2767 2790
f 2826 2818 2789
f 2819 2775 2821
f 2818 2821 2780
f 2818 2804 2821
f 2812 2811 2822
f 2816 2812 2809
f 2774 2823 2771
f 2774 2771 2825
f 2824 2767 2825
f 2789 2780 2787
f 4445 2820 2761
f 4445 2792 2820
f 2758 2795 2759
f 2798 2801 2826
f 2826 2789 2798
f 2762 2799 2763
f 2799 2762 2803
f 2869 2827 2829
f 2894 2830 2832
f 2873 2833 2835
f 2834 2833 2830
f 2841 2834 2836
f 2842 2837 2839
f 2884 2840 2841
f 2837 2842 2844
f 2851 2845 2847
f 2852 2848 2846
f 2847 2849 2851
f 2855 2848 2853
f 2848 2854 2847
f 2861 2855 2856
f 2862 2854 2855
f 2854 2857 2849
f 2865 2859 2858
f 2856 2839 2861
f 2890 2862 2861
f 2862 2863 2854
f 2857 2864 2858
f 2868 2859 2866
f 2863 2867 2857
f 2871 2866 2864
f 2872 2868 2869
f 2894 2832 2863
f 2864 2867 2871
f 2875 2872 2829
f 4448 2871 2873
f 2878 2874 2876
f 4448 2873 2877
f 2892 2878 2879
f 2885 2880 2882
f 2893 2883 2884
f 4449 2885 2886
f 4450 2887 2843
f 2895 2875 2888
f 2891 2889 2880
f 2861 2838 2890
f 2895 2888 2860
f 2889 2891 2851
f 2850 2888 2851
f 2888 2874 2889
f 2882 2881 2878
f 2886 2882 2892
f 2844 2887 2884
f 2844 2884 2837
f 2836 2838 2841
f 2860 2850 2858
f 2890 2836 2894
f 2894 2863 2890
f 2866 2871 2869
f 2868 2872 2895
f 2868 2895 2859
f 2832 2831 2867
f 2870 2831 2873
f 2937 2896 2898
f 2963 2899 2901
f 2941 2902 2904
f 2903 2902 2899
f 2903 2899 2906
f 2962 2907 2909
f 2952 2910 2906
f 2962 2909 2912
f 2919 2913 2915
f 2920 2916 2914
f 2915 2917 2919
f 2923 2916 2921
f 2916 2922 2915
f 2929 2923 2924
f 2930 2922 2923
f 2922 2925 2917
f 2932 2927 2926
f 2924 2908 2929
f 2958 2930 2929
f 2922 2930 2925
f 2935 2932 2925
f 2936 2927 2933
f 2925 2931 2935
f 2939 2933 2935
f 2940 2936 2937
f 2963 2901 2931
f 2935 2934 2939
f 2943 2940 2898
f 2945 2939 2941
f 2946 2942 2944
f 4451 2945 2904
f 2960 2946 2947
f 2953 2948 2950
f 2961 2951 2952
f 4452 2953 2954
f 4453 2955 2911
f 2964 2943 2956
f 2959 2949 2957
f 2929 2907 2958
f 2964 2956 2928
f 2959 2957 2919
f 2956 2959 2918
f 2956 2942 2959
f 2950 2949 2946
f 2954 2950 2960
f 2955 2961 2912
f 2912 2952 2962
f 2905 2907 2906
f 2928 2918 2926
f 2958 2905 2963
f 2963 2931 2958
f 2933 2939 2937
f 2936 2940 2964
f 2936 2964 2927
f 2901 2900 2934
f 2938 2900 2941
f 3012 2965 2967
f 3009 2968 2970
f 3016 2971 2973
f 2972 2971 2968
f 3031 2972 2974
f 3032 2975 2977
f 3031 2978 2972
f 3032 2977 2980
f 2986 2981 2983
f 2987 2984 2982
f 2989 2985 2983
f 2990 2984 2988
f 2994 2989 2984
f 2998 2990 2991
f 2994 2984 2992
f 3001 2993 2994
f 3002 2995 2997
f 2991 2976 2998
f 2998 2999 2990
f 2992 3000 2994
f 3006 3002 3003
f 3008 2995 3004
f 3000 3005 3003
f 3011 3004 3006
f 3012 3007 3004
f 2970 3005 3009
f 3005 3010 3006
f 3034 3007 2967
f 3016 2965 3010
f 3024 3013 3015
f 2965 3016 2966
f 3015 3014 3018
f 3022 3019 3021
f 2978 3018 2973
f 4454 3022 3023
f 4454 3023 2979
f 4455 3013 3025
f 3030 3020 3026
f 2975 2974 2998
f 3033 3027 2985
f 4456 2981 3029
f 2985 3028 2986
f 3025 3024 3030
f 3020 3024 3021
f 3021 3015 3023
f 3023 3018 2980
f 3032 2980 3031
f 2974 2975 3031
f 2993 3033 2989
f 3009 2999 2968
f 2999 3009 2992
f 3004 3011 3012
f 4457 3008 3034
f 4457 2996 3008
f 2969 3010 2970
f 3016 3010 2971
f 3083 3035 3037
f 3109 3038 3040
f 3087 3041 3043
f 3042 3041 3039
f 3104 3042 3044
f 3105 3045 3047
f 3104 3048 3042
f 3105 3047 3051
f 3058 3052 3054
f 3060 3055 3053
f 3054 3056 3058
f 3061 3059 3060
f 3065 3056 3055
f 3069 3059 3062
f 3065 3055 3063
f 3072 3064 3065
f 3073 3066 3068
f 3062 3046 3069
f 3069 3070 3059
f 3063 3071 3065
f 3078 3073 3074
f 3081 3066 3075
f 3074 3076 3078
f 3078 3079 3073
f 3083 3080 3075
f 3109 3077 3038
f 3078 3077 3079
f 3107 3080 3037
f 3087 3035 3082
f 3095 3084 3086
f 3035 3087 3036
f 3086 3085 3089
f 3093 3090 3092
f 3048 3089 3049
f 4458 3093 3094
f 4458 3094 3050
f 3084 3095 3097
f 3103 3091 3098
f 3069 3045 3070
f 3106 3099 3057
f 3102 3101 3058
f 3057 3100 3058
f 3096 3095 3103
f 3091 3095 3092
f 3092 3086 3094
f 3094 3089 3051
f 3105 3051 3104
f 3104 3044 3105
f 3064 3106 3056
f 3038 3070 3039
f 3070 3038 3063
f 3075 3079 3083
f 3081 3080 3108
f 3108 3067 3081
f 3040 3082 3109
f 3087 3082 3041
f 3161 3110 3112
f 3159 3113 3115
f 3165 3116 3118
f 3116 3114 3117
f 3117 3113 3120
f 3126 3121 3123
f 3120 3124 3117
f 3121 3126 3128
f 3134 3129 3131
f 3136 3132 3130
f 3138 3133 3131
f 3139 3135 3136
f 3132 3137 3131
f 3146 3135 3140
f 3137 3132 3141
f 3149 3142 3137
f 3150 3143 3145
f 3140 3123 3146
f 3146 3147 3135
f 3137 3141 3149
f 3155 3150 3151
f 3158 3143 3152
f 3151 3153 3155
f 3155 3156 3150
f 3110 3157 3152
f 3115 3154 3159
f 3154 3160 3155
f 3183 3157 3161
f 3165 3111 3160
f 3173 3162 3164
f 3111 3165 3112
f 3170 3164 3166
f 3171 3167 3169
f 3124 3170 3125
f 4459 3171 3172
f 4459 3172 3127
f 3162 3173 3175
f 3181 3168 3176
f 3122 3119 3146
f 3182 3177 3133
f 3180 3179 3134
f 3133 3178 3134
f 3174 3173 3181
f 3168 3173 3169
f 3169 3164 3172
f 3172 3170 3128
f 3121 3128 3120
f 3119 3122 3120
f 3142 3182 3138
f 3159 3147 3113
f 3159 3148 3147
f 3152 3156 3110
f 3158 3157 3184
f 3184 3144 3158
f 3114 3160 3115
f 3165 3160 3116
f 3235 3185 3187
f 3258 3188 3190
f 3240 3191 3193
f 3191 3190 3192
f 3192 3189 3195
f 3201 3196 3198
f 3195 3199 3192
f 3196 3201 3203
f 3210 3204 3206
f 3212 3207 3205
f 3206 3208 3210
f 3214 3211 3212
f 3207 3213 3206
f 3222 3211 3215
f 3213 3207 3216
f 3213 3217 3208
f 3226 3219 3221
f 3215 3198 3222
f 3222 3223 3211
f 3216 3224 3213
f 3229 3225 3221
f 3232 3219 3227
f 3233 3228 3229
f 3225 3230 3226
f 3185 3231 3227
f 3258 3228 3188
f 3228 3234 3225
f 3231 3185 3236
f 3240 3186 3234
f 3248 3237 3239
f 3186 3240 3187
f 3245 3239 3241
f 3246 3242 3244
f 3199 3245 3200
f 4460 3246 3247
f 4460 3247 3202
f 3237 3248 3250
f 3255 3243 3251
f 3222 3197 3223
f 3256 3252 3209
f 4461 3204 3254
f 3253 3254 3209
f 3248 3243 3249
f 3243 3248 3244
f 3247 3244 3245
f 3203 3247 3199
f 3196 3203 3195
f 3195 3194 3196
f 3218 3256 3208
f 3188 3223 3189
f 3223 3188 3216
f 3227 3230 3185
f 3232 3231 3257
f 3257 3220 3232
f 3190 3234 3258
f 3240 3234 3191
f 3329 3259 3261
f 3268 3262 3264
f 3306 3265 3267
f 3267 3266 3264
f 3276 3269 3271
f 3326 3272 3274
f 3314 3275 3276
f 3317 3273 3277
f 3282 3278 3280
f 3285 3281 3280
f 3286 3280 3283
f 3288 3284 3285
f 3289 3285 3286
f 3295 3287 3288
f 3285 3289 3288
f 3294 3291 3286
f 3324 3292 3294
f 4462 3287 3296
f 3290 3297 3288
f 4463 3290 3291
f 3300 3298 3293
f 3330 3299 3292
f 3303 3298 3301
f 3304 3300 3299
f 3330 3302 3299
f 3301 3263 3303
f 3307 3301 3304
f 3259 3302 3260
f 3329 3306 3304
f 3320 3308 3305
f 3329 3261 3306
f 3260 3308 3310
f 3322 3311 3313
f 3310 3309 3314
f 3316 3315 3312
f 3315 3316 3277
f 3305 3318 3320
f 3325 3321 3322
f 3296 3295 3323
f 3319 3318 3283
f 3278 3321 3279
f 3325 3319 3279
f 3320 3319 3322
f 3320 3322 3308
f 3308 3313 3309
f 3315 3277 3309
f 3277 3272 3275
f 3270 3269 3326
f 3283 3324 3286
f 3323 3297 3328
f 4463 3327 3290
f 3299 3259 3304
f 3330 3318 3302
f 3318 3330 3324
f 3307 3264 3301
f 3264 3307 3267
f 3379 3331 3333
f 3340 3334 3336
f 3380 3337 3339
f 3339 3338 3336
f 3347 3341 3343
f 3399 3344 3346
f 3388 3341 3348
f 3391 3345 3349
f 3355 3350 3352
f 3352 3353 3355
f 3358 3352 3356
f 3360 3357 3353
f 3363 3353 3358
f 3367 3359 3360
f 3363 3361 3353
f 3365 3362 3358
f 3402 3364 3366
f 4464 3359 3368
f 3361 3369 3360
f 4465 3361 3362
f 3364 3370 3365
f 3402 3372 3364
f 3377 3371 3374
f 3373 3375 3364
f 3372 3376 3373
f 3374 3335 3377
f 3381 3374 3375
f 3376 3378 3331
f 3375 3379 3381
f 3394 3382 3378
f 3379 3333 3380
f 3332 3382 3384
f 3398 3385 3387
f 3384 3383 3348
f 3386 3389 3387
f 3349 3390 3391
f 3378 3392 3394
f 3398 3395 3385
f 3368 3367 3397
f 3393 3392 3356
f 3396 3395 3350
f 3395 3393 3351
f 3394 3393 3398
f 3398 3387 3394
f 3382 3387 3383
f 3383 3390 3388
f 3349 3344 3388
f 3342 3341 3399
f 3356 3366 3358
f 3369 3400 3397
f 4465 3400 3361
f 3375 3373 3379
f 3372 3392 3376
f 3392 3372 3366
f 3381 3336 3374
f 3336 3381 3339
f 3451 3403 3405
f 3445 3406 3408
f 3448 3409 3411
f 3411 3410 3407
f 4466 3412 3414
f 4467 3415 3417
f 3457 3418 3412
f 3460 3416 3419
f 3469 3420 3422
f 3421 3423 3422
f 3467 3425 3420
f 3430 3426 3423
f 3432 3423 3425
f 3430 3427 3426
f 3432 3429 3423
f 3435 3431 3425
f 3466 3433 3435
f 4468 3428 3436
f 3429 3437 3430
f 3429 3432 3438
f 3434 3439 3435
f 3473 3441 3433
f 3446 3440 3442
f 3441 3443 3434
f 3473 3444 3441
f 3406 3445 3442
f 3449 3442 3443
f 3444 3447 3403
f 3451 3448 3443
f 3470 3450 3447
f 3448 3451 3409
f 3404 3450 3453
f 3464 3454 3456
f 3453 3452 3457
f 3459 3458 3455
f 3419 3458 3460
f 3470 3447 3462
f 3468 3463 3464
f 3436 3427 3465
f 3462 3461 3467
f 3463 3468 3469
f 3468 3462 3420
f 3464 3470 3468
f 3470 3464 3450
f 3450 3456 3452
f 3458 3419 3452
f 3418 3419 3413
f 4467 3414 3415
f 3467 3466 3425
f 3465 3437 3472
f 3438 3471 3429
f 3443 3441 3451
f 3473 3461 3444
f 3461 3473 3466
f 3407 3406 3449
f 3449 3448 3407
f 3519 3474 3476
f 3484 3477 3479
f 3483 3480 3482
f 3479 3483 3484
f 4469 3485 3487
f 3492 3488 3490
f 3530 3491 3485
f 3533 3488 3493
f 3540 3494 3496
f 3500 3497 3495
f 3539 3498 3494
f 3505 3499 3500
f 3498 3501 3495
f 3505 3502 3499
f 3501 3504 3500
f 3511 3501 3506
f 3516 3507 3508
f 4470 3503 3509
f 3504 3510 3505
f 3504 3501 3512
f 3507 3513 3506
f 3545 3515 3516
f 3520 3514 3517
f 3521 3513 3515
f 3545 3518 3515
f 3478 3477 3517
f 3523 3517 3521
f 3519 3518 3474
f 3521 3476 3523
f 3542 3524 3522
f 3476 3475 3480
f 3524 3525 3474
f 3541 3527 3529
f 3526 3525 3530
f 3528 3531 3529
f 3493 3532 3533
f 3542 3522 3535
f 3541 3536 3527
f 3509 3502 3538
f 3535 3534 3539
f 3537 3536 3540
f 3536 3535 3494
f 3542 3535 3541
f 3541 3529 3542
f 3524 3529 3525
f 3525 3532 3491
f 3491 3493 3486
f 3487 3486 3490
f 3539 3508 3498
f 3538 3510 3544
f 3512 3543 3504
f 3515 3519 3521
f 3545 3534 3518
f 3508 3534 3516
f 3479 3478 3523
f 3523 3480 3479
f 3588 3546 3548
f 3589 3549 3551
f 3593 3552 3554
f 3554 3553 3550
f 4471 3555 3557
f 3612 3558 3560
f 3600 3561 3555
f 3603 3559 3562
f 3567 3563 3565
f 3571 3566 3565
f 3610 3568 3564
f 3571 3569 3566
f 3574 3571 3568
f 3578 3572 3569
f 3574 3573 3571
f 3581 3574 3575
f 3609 3576 3575
f 4472 3572 3579
f 3573 3580 3569
f 4473 3573 3581
f 3584 3582 3577
f 3615 3583 3576
f 3590 3582 3585
f 3583 3586 3577
f 3615 3587 3583
f 3549 3589 3585
f 3585 3584 3591
f 3588 3587 3546
f 3548 3593 3586
f 3606 3594 3592
f 3593 3548 3552
f 3594 3595 3546
f 3608 3597 3599
f 3596 3595 3600
f 3602 3601 3598
f 3562 3601 3603
f 3592 3604 3606
f 3611 3607 3608
f 4474 3579 3580
f 3605 3604 3610
f 3607 3611 3563
f 3605 3610 3611
f 3608 3606 3611
f 3606 3608 3594
f 3599 3601 3594
f 3595 3601 3561
f 3561 3562 3556
f 3557 3556 3612
f 3610 3609 3568
f 4474 3580 3614
f 4473 3613 3573
f 3583 3588 3586
f 3587 3615 3592
f 3609 3604 3576
f 3550 3549 3591
f 3550 3591 3554
f 3685 3616 3618
f 3656 3619 3621
f 3661 3622 3624
f 3620 3624 3621
f 3623 3625 3621
f 3648 3627 3629
f 3671 3630 3623
f 3674 3628 3631
f 3637 3632 3634
f 3634 3635 3637
f 3682 3638 3633
f 3642 3639 3635
f 3638 3640 3634
f 3647 3641 3642
f 3635 3640 3642
f 3649 3640 3644
f 3681 3645 3644
f 3629 3641 3648
f 3680 3647 3643
f 3643 3640 3650
f 3652 3649 3646
f 3655 3651 3645
f 3650 3649 3653
f 3651 3654 3646
f 3658 3616 3655
f 3653 3619 3650
f 3653 3652 3657
f 3616 3658 3617
f 3654 3660 3657
f 3677 3662 3659
f 3660 3664 3661
f 3663 3662 3666
f 3679 3667 3669
f 4475 3670 3671
f 4476 3672 3668
f 3684 3673 3631
f 3659 3675 3677
f 3683 3678 3679
f 3626 3648 3680
f 3675 3681 3676
f 3632 3678 3633
f 3676 3682 3683
f 3679 3677 3683
f 3677 3679 3662
f 3662 3669 3665
f 3670 3684 3630
f 3631 3627 3630
f 3648 3626 3627
f 3681 3644 3682
f 3626 3680 3621
f 3650 3656 3643
f 3654 3651 3685
f 3655 3675 3658
f 3681 3675 3645
f 3657 3620 3653
f 3657 3661 3620
f 3724 3686 3688
f 3726 3689 3691
f 3730 3692 3694
f 3690 3694 3691
f 3693 3695 3691
f 3719 3697 3699
f 3742 3695 3700
f 3746 3698 3701
f 3707 3702 3704
f 3704 3705 3707
f 3753 3708 3703
f 3712 3709 3705
f 3708 3710 3704
f 3718 3711 3712
f 3710 3713 3705
f 3717 3714 3708
f 3752 3715 3717
f 3699 3711 3719
f 3751 3718 3713
f 3721 3713 3714
f 3722 3714 3716
f 3725 3720 3715
f 3755 3721 3722
f 3720 3723 3716
f 3728 3724 3725
f 3755 3689 3721
f 3755 3722 3727
f 3724 3728 3686
f 3734 3730 3723
f 3729 3731 3733
f 3730 3734 3692
f 3732 3736 3733
f 3750 3738 3740
f 4477 3741 3700
f 4478 3743 3739
f 3701 3744 3746
f 3731 3729 3748
f 3754 3749 3750
f 3696 3719 3751
f 3747 3752 3748
f 3749 3754 3702
f 3748 3753 3754
f 3750 3731 3754
f 3731 3750 3732
f 3732 3740 3736
f 3741 3744 3742
f 3701 3697 3742
f 3696 3695 3719
f 3752 3717 3753
f 3751 3726 3696
f 3726 3751 3721
f 3723 3720 3688
f 3728 3725 3729
f 3747 3725 3752
f 3727 3690 3755
f 3690 3727 3694
f 3820 3756 3758
f 3793 3759 3761
f 3796 3762 3764
f 3760 3764 3761
f 3763 3765 3761
f 3771 3767 3769
f 3805 3770 3763
f 3810 3767 3772
f 3778 3773 3775
f 3775 3776 3778
f 3815 3779 3774
f 3783 3780 3776
f 3779 3781 3775
f 3789 3782 3783
f 3776 3781 3783
f 3788 3785 3779
f 3814 3786 3788
f 3782 3789 3768
f 3813 3789 3784
f 3794 3784 3785
f 3787 3790 3788
f 3822 3791 3786
f 3794 3785 3792
f 3795 3790 3791
f 3792 3759 3794
f 3797 3792 3795
f 4479 3796 3795
f 4479 3798 3796
f 3756 3799 3801
f 3812 3802 3804
f 3819 3770 3806
f 4480 3807 3803
f 3772 3808 3810
f 3817 3811 3812
f 3766 3769 3813
f 3821 3814 3816
f 3773 3811 3774
f 3816 3815 3817
f 3812 3818 3817
f 3818 3812 3799
f 3799 3804 3800
f 3808 3772 3819
f 3772 3771 3770
f 3769 3766 3771
f 3814 3788 3815
f 3813 3793 3766
f 3793 3813 3794
f 3795 3791 3758
f 3814 3821 3786
f 3797 3760 3792
f 3760 3797 3764
f 3876 3823 3825
f 3872 3826 3828
f 3877 3829 3831
f 3829 3828 3830
f 3840 3832 3834
f 3841 3835 3837
f 3834 3838 3840
f 3835 3841 3843
f 3849 3844 3846
f 3850 3846 3847
f 3852 3848 3846
f 3853 3850 3851
f 3855 3852 3850
f 3893 3853 3854
f 3863 3855 3853
f 3855 3856 3852
f 3865 3858 3857
f 3893 3854 3861
f 3893 3862 3853
f 3855 3863 3856
f 3869 3865 3866
f 3871 3858 3867
f 3873 3868 3866
f 3875 3867 3869
f 3823 3870 3867
f 3826 3872 3873
f 3869 3868 3875
f 3878 3870 3876
f 3824 3875 3877
f 3888 3878 3879
f 3824 3877 3825
f 3884 3879 3880
f 3885 3881 3883
f 3838 3884 3839
f 3887 3885 3886
f 3886 3843 3887
f 3878 3888 3890
f 3894 3882 3891
f 3861 3892 3893
f 3859 3890 3848
f 3894 3891 3849
f 3848 3889 3849
f 3888 3882 3889
f 3883 3882 3879
f 3886 3883 3884
f 3886 3884 3843
f 3843 3838 3835
f 3833 3836 3834
f 3857 3859 3852
f 3896 3862 3895
f 3862 3896 3863
f 3867 3875 3823
f 3871 3870 3890
f 3890 3859 3871
f 3872 3828 3868
f 3877 3874 3829
f 3948 3897 3899
f 3945 3900 3902
f 3951 3903 3905
f 3903 3902 3904
f 3913 3906 3908
f 3914 3909 3911
f 3966 3912 3908
f 3909 3914 3916
f 3922 3917 3919
f 3923 3920 3918
f 3925 3921 3919
f 3926 3920 3924
f 4481 3925 3920
f 3965 3926 3927
f 4481 3920 3928
f 4481 3929 3925
f 3939 3931 3932
f 3965 3927 3934
f 3965 3935 3926
f 4481 3928 3929
f 3941 3937 3930
f 3943 3938 3932
f 3946 3940 3941
f 3937 3942 3932
f 3897 3944 3943
f 3900 3945 3946
f 3937 3940 3942
f 3944 3897 3949
f 3951 3898 3947
f 3960 3949 3950
f 3898 3951 3899
f 3956 3950 3952
f 3958 3953 3955
f 3966 3956 3912
f 3959 3957 3955
f 3957 3959 3915
f 3949 3960 3962
f 4482 3963 3953
f 3934 3964 3965
f 3931 3962 3921
f 4482 3917 3963
f 3921 3961 3922
f 3960 3954 3961
f 3954 3960 3955
f 3959 3955 3956
f 3916 3959 3966
f 3916 3966 3909
f 3907 3910 3908
f 3930 3931 3925
f 3935 3964 3968
f 3935 3968 3928
f 3897 3943 3898
f 3938 3944 3962
f 3962 3931 3938
f 3945 3902 3940
f 3951 3947 3903
f 4021 3969 3971
f 4019 3972 3974
f 4023 3975 3977
f 3975 3973 3976
f 4039 3978 3980
f 3986 3981 3983
f 4039 3984 3978
f 3981 3986 3988
f 4037 3989 3991
f 3995 3992 3989
f 3990 3993 3991
f 3998 3992 3996
f 4009 3993 3992
f 4004 3997 3996
f 4009 3992 3999
f 4009 4000 3993
f 4011 4002 4001
f 3997 4004 4006
f 3997 4007 3998
f 3999 4008 4009
f 4014 4010 4001
f 4017 4002 4012
f 4018 4013 4014
f 4010 4015 4011
f 3969 4016 4012
f 3974 4013 4019
f 4010 4013 4015
f 4016 3969 4022
f 3970 4015 4023
f 4032 4022 4024
f 3971 3970 3977
f 4029 4024 4025
f 4030 4026 4028
f 3984 4029 3985
f 4483 4030 4031
f 4483 4031 3987
f 4036 4022 4033
f 4038 4027 4034
f 4006 4035 3997
f 4003 4036 3994
f 4034 4037 4038
f 3994 4033 3991
f 4033 4032 4038
f 4028 4027 4024
f 4031 4028 4029
f 4031 4029 3988
f 3981 3988 4039
f 4039 3980 3981
f 4001 4003 3993
f 4041 4007 4040
f 4007 4041 3999
f 3969 4012 3970
f 4017 4016 4036
f 4036 4003 4017
f 3973 4020 3974
f 4020 3973 4023
f 4092 4042 4044
f 4114 4045 4047
f 4095 4048 4050
f 4050 4049 4046
f 4110 4051 4053
f 4111 4054 4056
f 4110 4057 4051
f 4111 4056 4060
f 4109 4061 4063
f 4067 4062 4064
f 4062 4065 4063
f 4071 4067 4068
f 4067 4069 4062
f 4076 4070 4068
f 4069 4067 4072
f 4081 4073 4069
f 4083 4074 4075
f 4070 4076 4078
f 4070 4079 4071
f 4072 4080 4069
f 4086 4082 4073
f 4088 4083 4084
f 4089 4085 4086
f 4091 4084 4082
f 4092 4087 4084
f 4114 4085 4045
f 4082 4085 4091
f 4093 4087 4044
f 4048 4042 4090
f 4104 4093 4094
f 4042 4048 4043
f 4094 4044 4097
f 4102 4098 4100
f 4057 4097 4058
f 4103 4101 4100
f 4101 4103 4059
f 4108 4093 4105
f 4484 4106 4098
f 4078 4107 4070
f 4074 4108 4066
f 4484 4109 4106
f 4066 4105 4063
f 4104 4099 4105
f 4099 4104 4100
f 4103 4100 4097
f 4060 4103 4057
f 4111 4060 4110
f 4053 4054 4110
f 4073 4074 4065
f 4113 4079 4112
f 4079 4113 4072
f 4084 4091 4092
f 4088 4087 4108
f 4088 4108 4083
f 4047 4090 4114
f 4090 4047 4048
f 4167 4115 4117
f 4165 4118 4120
f 4168 4121 4123
f 4121 4119 4122
f 4184 4124 4126
f 4132 4127 4129
f 4184 4130 4124
f 4127 4132 4134
f 4141 4135 4137
f 4143 4137 4138
f 4137 4139 4141
f 4144 4142 4138
f 4148 4139 4143
f 4485 4142 4145
f 4148 4143 4146
f 4155 4147 4148
f 4156 4149 4147
f 4485 4145 4152
f 4485 4153 4142
f 4148 4146 4155
f 4160 4156 4157
f 4163 4149 4158
f 4164 4159 4157
f 4160 4161 4156
f 4167 4162 4158
f 4120 4159 4165
f 4159 4166 4160
f 4169 4162 4117
f 4115 4161 4168
f 4178 4169 4170
f 4116 4115 4123
f 4170 4117 4172
f 4176 4173 4175
f 4130 4172 4131
f 4486 4176 4177
f 4486 4177 4133
f 4169 4178 4180
f 4183 4174 4181
f 4485 4152 4153
f 4150 4180 4140
f 4181 4135 4183
f 4179 4183 4140
f 4179 4178 4183
f 4175 4174 4170
f 4175 4170 4177
f 4134 4177 4130
f 4127 4134 4184
f 4126 4128 4184
f 4147 4150 4139
f 4186 4153 4185
f 4153 4186 4146
f 4158 4161 4167
f 4180 4163 4169
f 4163 4180 4149
f 4119 4166 4120
f 4168 4166 4121
f 4233 4187 4189
f 4257 4190 4192
f 4238 4193 4195
f 4194 4193 4190
f 4194 4190 4197
f 4203 4198 4200
f 4197 4201 4194
f 4198 4203 4205
f 4212 4206 4208
f 4213 4209 4207
f 4208 4210 4212
f 4216 4209 4214
f 4209 4215 4208
f 4222 4216 4217
f 4221 4215 4216
f 4224 4218 4215
f 4225 4219 4218
f 4222 4217 4199
f 4253 4221 4222
f 4221 4223 4215
f 4228 4225 4224
f 4230 4219 4226
f 4223 4227 4224
f 4228 4229 4225
f 4232 4230 4187
f 4257 4192 4223
f 4227 4231 4228
f 4235 4232 4233
f 4238 4234 4231
f 4249 4235 4237
f 4234 4238 4239
f 4255 4237 4240
f 4246 4241 4243
f 4201 4244 4202
f 4487 4246 4247
f 4256 4205 4248
f 4235 4249 4251
f 4254 4242 4252
f 4222 4199 4253
f 4251 4250 4220
f 4254 4252 4212
f 4250 4254 4211
f 4250 4249 4254
f 4243 4242 4237
f 4247 4243 4255
f 4205 4256 4201
f 4205 4201 4198
f 4197 4196 4198
f 4220 4211 4218
f 4257 4253 4190
f 4253 4257 4221
f 4187 4226 4188
f 4230 4232 4251
f 4230 4251 4219
f 4192 4191 4227
f 4231 4191 4238
f 4301 4258 4260
f 4325 4261 4263
f 4304 4264 4266
f 4265 4264 4261
f 4265 4261 4268
f 4273 4269 4271
f 4324 4272 4268
f 4269 4273 4275
f 4282 4276 4278
f 4283 4279 4277
f 4278 4280 4282
f 4286 4279 4284
f 4279 4285 4278
f 4293 4286 4287
f 4285 4279 4288
f 4285 4289 4280
f 4295 4291 4290
f 4293 4287 4270
f 4321 4288 4293
f 4285 4288 4289
f 4298 4295 4289
f 4300 4291 4296
f 4289 4294 4298
f 4298 4299 4295
f 4303 4300 4301
f 4325 4263 4294
f 4297 4302 4298
f 4306 4303 4260
f 4308 4299 4304
f 4323 4305 4307
f 4488 4308 4266
f 4323 4307 4310
f 4316 4311 4313
f 4324 4314 4272
f 4489 4316 4317
f 4490 4318 4274
f 4491 4306 4319
f 4322 4312 4320
f 4293 4270 4321
f 4491 4319 4292
f 4320 4276 4322
f 4319 4322 4281
f 4319 4305 4322
f 4313 4312 4323
f 4317 4313 4310
f 4275 4318 4324
f 4275 4324 4269
f 4267 4270 4268
f 4292 4281 4290
f 4321 4267 4325
f 4325 4294 4321
f 4301 4296 4258
f 4491 4300 4306
f 4491 4292 4300
f 4263 4262 4297
f 4304 4302 4264
f 4395 4326 4328
f 4389 4329 4331
f 4369 4332 4334
f 4333 4332 4329
f 4333 4329 4336
f 4388 4337 4339
f 4336 4340 4333
f 4388 4339 4343
f 4350 4344 4346
f 4351 4347 4345
f 4346 4348 4350
f 4354 4347 4352
f 4347 4353 4346
f 4360 4354 4355
f 4361 4353 4354
f 4353 4356 4348
f 4364 4358 4357
f 4355 4338 4360
f 4382 4361 4360
f 4353 4361 4356
f 4356 4363 4357
f 4392 4358 4365
f 4362 4366 4356
f 4368 4365 4363
f 4389 4331 4362
f 4363 4366 4368
f 4492 4368 4369
f 3791 3822 3820
f 4492 4369 4371
f 4386 4372 4373
f 4378 4374 4376
f 4387 4377 4340
f 4493 4378 4379
f 4494 4380 4342
f 4390 3756 4370
f 4384 4375 4381
f 4360 4337 4382
f 4391 4383 4359
f 4384 4381 4350
f 4383 4384 4349
f 4383 4385 4384
f 4376 4375 4372
f 4379 4376 4386
f 4380 4387 4343
f 4343 4340 4388
f 4336 4335 4388
f 4359 4349 4357
f 4382 4335 4389
f 4389 4362 4382
f 4395 4365 4326
f 3821 4390 3822
f 4392 4391 4358
f 4331 4330 4366
f 4369 4367 4332
f 4390 3818 3756
f 3818 4390 3816
f 4391 4392 4394
f 4395 4328 4393
f 4385 4383 4394
f 4372 4385 4328
f 4393 4392 4395

