# https://github.com/mikedh/trimesh

o v2_mhair02-mesh
v 0.07578704 -0.01218917 1.69895412
v 0.07647898 -0.00953816 1.68886889
v 0.07705034 -0.00608459 1.69064416
v 0.07702870 0.07569750 1.68327202
v 0.07410674 0.08323981 1.69279553
v 0.07479127 0.07746380 1.69659023
v 0.03856227 0.06426038 1.75888064
v 0.03824533 0.05109044 1.76315815
v 0.04291399 0.05092319 1.76062149
v 0.06659371 -0.02682242 1.71326218
v 0.06612805 -0.02740683 1.71225661
v 0.07003472 -0.02317626 1.70804773
v 0.02997792 0.11291170 1.73618746
v 0.02474869 0.11346467 1.73691632
v 0.02665164 0.10474801 1.74696724
v 0.00365336 0.12487430 1.62066129
v 0.00455416 0.12658791 1.62859426
v 0.01131825 0.12573996 1.62774653
v 0.05071016 0.10630257 1.72449222
v 0.05284770 0.09781197 1.73165361
v 0.05783857 0.09684038 1.72759149
v 0.07627167 0.08037874 1.68009560
v 0.07344258 0.08814994 1.68858576
v 0.04277553 0.11011338 1.73164619
v 0.03863897 0.11135946 1.73395252
v 0.04106484 0.10190480 1.74164420
v 0.07162093 0.08980467 1.70080742
v 0.06834711 0.09475680 1.70693081
v 0.06975977 0.08810876 1.71191581
v 0.07386446 0.05888930 1.71325377
v 0.07635203 0.05593371 1.70298934
v 0.07589219 0.06320151 1.70172200
v 0.05608167 0.09686589 1.62145888
v 0.05718896 0.09128917 1.60946457
v 0.04880572 0.09699003 1.60936152
v 0.07952347 0.06545140 1.67016732
v 0.07733568 0.07086923 1.68644280
v 0.05236224 0.06306388 1.74795321
v 0.05271111 0.05069174 1.75174150
v 0.05822214 0.05118512 1.74612416
v 0.06310538 0.06326499 1.73666009
v 0.06320560 0.05164103 1.73937495
v 0.06767703 0.05188603 1.73169080
v 0.06223058 0.09147440 1.62132230
v 0.06186665 0.08426597 1.60981378
v 0.07869096 0.06904321 1.66770216
v 0.08047171 0.05500949 1.65990843
v 0.08019859 0.05692289 1.65802270
v -0.00788553 0.11332615 1.74079271
v -0.00686270 0.10298574 1.74895325
v 0.00286346 0.10451894 1.74918259
v 0.06455108 0.09883209 1.71197160
v 0.06027600 0.10227332 1.71675328
v 0.06232157 0.09474756 1.72301868
v 0.04174334 0.12484619 1.69262098
v 0.04308274 0.12203867 1.70082690
v 0.04797759 0.11925674 1.69798198
v 0.04529526 0.08381332 1.57039475
v 0.04393667 0.07957583 1.56649888
v 0.03920375 0.08419862 1.56542922
v 0.05183427 0.07215107 1.57387942
v 0.05108245 0.06925302 1.56927506
v 0.04777736 0.07457223 1.56765387
v 0.05970487 0.05877563 1.57758314
v 0.05759180 0.05566407 1.57193879
v 0.05348933 0.06295286 1.57036508
v 0.04800177 0.10647778 1.63274083
v 0.04813050 0.11104644 1.64290509
v 0.05321838 0.10631894 1.64157356
v -0.00297802 0.13207017 1.63780675
v -0.00715585 0.12943090 1.63791444
v -0.00768526 0.13152820 1.64875642
v 0.05943170 0.09663578 1.63076047
v 0.05836642 0.10112066 1.64008430
v 0.06358790 0.09527159 1.63874823
v 0.02653757 0.12590543 1.64256241
v 0.02677400 0.12725706 1.64891326
v 0.03006404 0.12564976 1.64846111
v 0.06785451 0.07851763 1.62138173
v 0.06889461 0.08473427 1.62954969
v 0.07418079 0.07211659 1.62885050
v 0.03746473 0.11594910 1.63483365
v 0.03844993 0.11959316 1.64507960
v 0.04327637 0.11541715 1.64407956
v 0.06805164 0.09479698 1.65285750
v 0.06868802 0.09645647 1.66041359
v 0.07354723 0.08721609 1.65616752
v 0.04004018 0.12730233 1.67474567
v 0.04070391 0.12681548 1.68391355
v 0.04544087 0.12435690 1.68206866
v 0.04933917 0.12061361 1.67152287
v 0.05023250 0.12068025 1.68010866
v 0.05498186 0.11585584 1.67784029
v -0.00892675 0.13523979 1.67976875
v -0.00916727 0.13500424 1.69019577
v -0.00228132 0.13609410 1.69017153
v 0.05892936 0.11014703 1.66722212
v 0.05979746 0.11055003 1.67522947
v 0.06451007 0.10471442 1.67180888
v 0.02784608 0.13317918 1.67792021
v 0.02854052 0.13310324 1.68762468
v 0.03265045 0.13175776 1.68681226
v 0.03604731 0.12370791 1.71566968
v 0.03227401 0.12522644 1.71713492
v 0.03573766 0.12002765 1.72657021
v 0.07144052 0.09445065 1.67904089
v 0.07247353 0.09178210 1.68397299
v 0.07617770 0.08351846 1.67646991
v 0.04534556 0.11926487 1.70934019
v 0.04762428 0.11336207 1.71719612
v 0.05250596 0.11089536 1.71340142
v 0.05968655 0.10870602 1.69896618
v 0.05482795 0.11264622 1.70230509
v 0.05741714 0.10815786 1.70971718
v -0.00919505 0.12825986 1.72249591
v -0.00868147 0.12188062 1.73209004
v 0.00028878 0.12289376 1.73139361
v 0.06436856 0.10404621 1.69491801
v 0.06655247 0.10008936 1.70107760
v 0.07039068 0.09496411 1.69563392
v 0.00606180 0.04946403 1.77094912
v -0.00100845 0.04896313 1.77177172
v 0.00078431 0.03513411 1.77345700
v 0.04306409 0.03816255 1.76303009
v 0.06921349 -0.01486956 1.74141664
v 0.06220574 -0.01852811 1.74716680
v 0.06339332 -0.02369232 1.74312693
v 0.07602396 -0.00913185 1.70102004
v 0.07751516 -0.00178671 1.69264688
v 0.07551979 -0.01168727 1.72152754
v 0.07038520 -0.01651975 1.72898700
v 0.07271997 -0.01888851 1.72557017
v 0.03998943 0.07762773 1.75416206
v 0.03541070 0.07802918 1.75575812
v 0.04832796 0.10172001 1.62170205
v 0.04218071 0.10057183 1.61009137
v 0.05372836 -0.03091763 1.75234406
v 0.04906345 -0.03422323 1.75628830
v 0.05098710 -0.03998125 1.75184178
v 0.07328192 -0.00362491 1.72750704
v 0.07085013 -0.00794558 1.73660806
v 0.07042576 -0.01224141 1.73302410
v 0.07658419 -0.00079797 1.70605242
v 0.07792276 0.00297669 1.69471468
v 0.07863761 0.00818396 1.69732462
v 0.07401156 0.05043025 1.71402170
v 0.07120996 0.05151286 1.72335947
v 0.07146061 0.04221481 1.72399170
v 0.06812088 0.04161828 1.73294242
v 0.06730773 -0.01134089 1.74459583
v 0.06216445 -0.01420578 1.75054655
v 0.00412614 0.12965620 1.63826819
v 0.00406359 0.13179795 1.64893839
v 0.00978367 0.13088203 1.64899041
v 0.07265179 0.07704043 1.63542050
v 0.07601117 0.06468603 1.63213273
v 0.07406828 0.06727608 1.62191468
v 0.07569301 0.06066883 1.62676885
v 0.07246319 0.08518636 1.64954837
v 0.07780697 0.07093237 1.64969967
v 0.07564464 0.08641911 1.67284411
v 0.07831607 0.07049761 1.66462889
v 0.06552626 0.02053716 1.74243715
v 0.06682941 0.01204917 1.74203415
v 0.07040927 0.01545177 1.73255801
v 0.07479619 0.02753225 1.71330767
v 0.07547375 0.02120404 1.71266791
v 0.07725305 0.02355482 1.70170529
v 0.06772928 0.05633089 1.60201263
v 0.07207419 0.06110498 1.61089727
v 0.07220845 0.05315470 1.61163918
v 0.05554995 0.01646774 1.75639511
v 0.05753303 0.00694645 1.75616666
v 0.06251421 0.00884734 1.75007858
v 0.00937984 -0.03135327 1.76934751
v 0.01034346 -0.03964421 1.76668921
v 0.01606069 -0.03896808 1.76674399
v 0.01255631 0.06412302 1.76688047
v 0.01207462 0.07858077 1.76222409
v 0.00413334 0.07766203 1.76248320
v 0.07614023 0.05112568 1.62453768
v 0.07427963 0.04907686 1.61910418
v 0.07443836 0.05754399 1.62095184
v 0.03470221 0.01263480 1.77370770
v 0.03578393 0.00177278 1.77473552
v 0.04106186 0.00308678 1.77073837
v 0.01111188 -0.04786494 1.76401983
v 0.01194124 -0.05572767 1.76096040
v 0.01812966 -0.05494160 1.76037267
v 0.01413047 0.12728832 1.71838000
v 0.00691639 0.12860016 1.72002433
v 0.00850825 0.12254749 1.72981990
v 0.05087192 0.01531009 1.76179884
v 0.05186714 0.00554939 1.76108581
v 0.01016459 0.13597778 1.67960449
v 0.00416731 0.13603190 1.67977805
v 0.00446237 0.13611198 1.68973887
v 0.05854949 0.03936198 1.74820580
v 0.00855867 0.02142446 1.77477260
v 0.00269511 0.02119761 1.77468815
v 0.00453805 0.00818358 1.77428238
v 0.01978843 0.03614461 1.77178567
v 0.01950779 0.05015681 1.76864920
v 0.01306458 0.04976460 1.77004383
v 0.03059161 -0.06415695 1.72957573
v 0.02539017 -0.06834090 1.72936587
v 0.02376310 -0.06127695 1.71625464
v 0.04654217 0.00439097 1.76618969
v 0.04261858 -0.00586594 1.76990459
v 0.07753597 0.05402977 1.62953486
v 0.07728255 0.07003284 1.64517523
v 0.07971296 0.05770830 1.64419002
v 0.06936164 0.09714747 1.66737442
v 0.07033096 0.09632387 1.67350147
v 0.07508430 0.08753469 1.66764460
v 0.03444963 -0.04150685 1.76181190
v 0.03285157 -0.03374989 1.76615537
v 0.02749666 -0.03656906 1.76558336
v 0.04456192 -0.03710489 1.75919078
v 0.04790608 -0.02789011 1.76100689
v 0.02502469 0.06463133 1.76344228
v 0.02573871 0.07909025 1.75956954
v 0.01950275 0.07921765 1.76140613
v 0.02096124 0.00937824 1.77754048
v 0.02181157 -0.00196104 1.77886726
v 0.02653741 -0.00076112 1.77867323
v 0.01469158 0.12780489 1.63974173
v 0.01467126 0.12987247 1.64911482
v 0.01897993 0.12830463 1.64887895
v 0.02432810 0.12597589 1.71711256
v 0.01977598 0.12647673 1.71721472
v 0.02235343 0.12149754 1.72735286
v 0.01533543 0.13581944 1.67931660
v 0.01599439 0.13602498 1.68909634
v 0.02039592 0.13529689 1.68863025
v 0.02925516 0.03729622 1.76932980
v 0.02926965 0.05055173 1.76550167
v 0.02477271 0.05029826 1.76695197
v 0.02775798 -0.01003392 1.77784686
v 0.05828634 -0.03833476 1.71867343
v 0.05748167 -0.03886902 1.71607268
v 0.06144251 -0.03265501 1.71510242
v 0.05189316 -0.04625867 1.72394256
v 0.04893976 -0.04938553 1.72597971
v 0.04667854 -0.04827469 1.71783964
v 0.07754759 -0.00656501 1.67719600
v 0.07816299 -0.00265078 1.67875953
v 0.03719366 -0.05922899 1.73006684
v 0.03451969 -0.05676998 1.71718506
v 0.03999143 -0.05351823 1.71848028
v 0.01993426 -0.06956845 1.72897958
v 0.01375918 -0.07030483 1.72881987
v 0.01320243 -0.06441432 1.71590366
v 0.05087740 0.09052440 1.59622627
v 0.04840682 0.08508891 1.58531091
v 0.04393357 0.09045826 1.58523110
v 0.05799181 0.07684978 1.59786595
v 0.05682658 0.07312160 1.58806949
v 0.05297731 0.07949757 1.58621254
v 0.06341684 0.06401825 1.59976374
v 0.06250342 0.05966559 1.59159955
v 0.06037080 0.06541997 1.59037306
v 0.03338584 0.09342073 1.57429626
v 0.03265593 0.09703839 1.58588381
v 0.03811925 0.09439486 1.58574734
v 0.04458499 0.08636731 1.57525080
v 0.03977980 0.09087122 1.57390632
v 0.05994550 0.06132154 1.58205568
v 0.06114693 0.04266165 1.57763605
v 0.06414139 0.04501258 1.58122842
v 0.06398720 0.04064138 1.58203155
v 0.00508737 0.13493601 1.69996898
v 0.00583454 0.13274231 1.71016844
v 0.01268471 0.13130507 1.70870608
v 0.05202952 0.07513550 1.57790258
v 0.07784599 0.07194635 1.66164661
v 0.02936423 0.13109399 1.69763011
v 0.03038663 0.12825144 1.70740985
v 0.03415083 0.12674880 1.70622232
v 0.05152148 0.11915645 1.68796083
v 0.05282052 0.11610090 1.69524951
v 0.05771339 0.11180845 1.69221056
v -0.00935488 0.13423765 1.70102746
v -0.00941851 0.13237710 1.71211173
v -0.00164162 0.13316589 1.71157513
v 0.06097509 0.10934113 1.68231560
v 0.06247730 0.10710459 1.68881974
v 0.06715985 0.10168686 1.68462945
v 0.07425533 0.08853064 1.66253607
v 0.07802337 0.07202704 1.65801893
v 0.02136718 0.13290927 1.69828935
v 0.01697948 0.13354000 1.69866822
v 0.01825850 0.13022749 1.70792520
v 0.07966133 0.05829023 1.65076191
v 0.07981152 0.05841851 1.64796813
v 0.07800256 0.07218305 1.65447305
v 0.07930514 0.05832398 1.65353998
v 0.06557126 0.04143538 1.58585226
v 0.06645414 0.04537840 1.59505357
v 0.06836543 0.03891166 1.59436832
v 0.07950637 0.03055255 1.69077133
v 0.07721991 0.02913120 1.70259475
v 0.07680633 0.04178957 1.70362633
v 0.07936657 0.04090453 1.69184940
v 0.07908289 0.04632940 1.69227465
v 0.08139514 0.04028149 1.67771500
v 0.08134561 0.04459165 1.67783941
v 0.07958351 0.01171109 1.68421992
v 0.08013776 0.01532742 1.66411908
v 0.08052959 0.01989940 1.66768544
v 0.08147848 0.03122380 1.67646714
v 0.07944981 0.02571786 1.68992836
v 0.08309282 0.03849892 1.66363539
v 0.08287267 0.04171391 1.66456105
v 0.07868559 0.01966087 1.63507140
v 0.08053972 0.02553263 1.64484561
v 0.08268340 0.03320079 1.66048221
v 0.08138164 0.02675199 1.67550983
v 0.06953946 0.04974811 1.60392990
v 0.07273652 0.04630516 1.61195386
v 0.06667417 0.03544358 1.58529984
v 0.06471223 0.05118208 1.59387722
v 0.07714166 0.00194961 1.63175297
v 0.07715804 0.00751210 1.63078459
v 0.07947931 0.00577137 1.65766430
v 0.07900070 0.00175663 1.68030358
v 0.07972957 0.01010018 1.66058902
v 0.08281516 0.04452407 1.66467804
v 0.08124195 0.04875112 1.67713280
v 0.07875349 0.05234565 1.69173418
v 0.07835669 0.05816150 1.69111025
v 0.07654572 0.04868792 1.70359567
v 0.00985960 0.13266123 1.65959187
v 0.06804240 0.00444980 1.74101928
v 0.06943985 -0.00215169 1.73911595
v 0.07262584 0.00215432 1.72985421
v 0.07555145 0.01533041 1.71142471
v 0.07714663 0.01002232 1.71038383
v 0.07815077 0.01340073 1.69933664
v 0.06440785 0.00104354 1.74900427
v 0.05911520 -0.00136684 1.75501809
v 0.06083673 -0.00823801 1.75267556
v 0.00736167 -0.01410085 1.77508927
v 0.00848794 -0.02279655 1.77162130
v 0.01382503 -0.02229023 1.77269649
v 0.07147218 0.04273232 1.60495219
v 0.04969829 -0.01163690 1.76143956
v 0.04618450 -0.01403317 1.76732431
v 0.04676349 -0.02046067 1.76370881
v 0.03118168 -0.02625892 1.77088315
v 0.02946800 -0.01825274 1.77492955
v 0.02445355 -0.02007538 1.77468438
v 0.04145839 -0.02233793 1.76773750
v 0.04385564 0.09497109 1.59641565
v 0.05606579 0.08414632 1.59714451
v 0.05993488 0.06953598 1.59837665
v 0.06333748 0.07753553 1.60957691
v 0.06753619 0.07068201 1.61063550
v 0.07743624 0.01835276 1.70051953
v 0.07944942 0.02132258 1.68850496
v 0.08108446 0.02294366 1.67199549
v 0.08171845 0.02893684 1.65231990
v 0.08220995 0.03148136 1.65777388
v 0.01068481 0.09989737 1.57225635
v 0.01063312 0.10377968 1.58533969
v 0.02124492 0.10094400 1.58593948
v 0.07927288 0.05751737 1.64037208
v 0.07847490 0.05596863 1.63494423
v 0.07679405 0.06687208 1.63882615
v 0.07277609 0.08065178 1.64220501
v 0.06785716 0.09166218 1.64485026
v 0.08072938 0.05752578 1.67456835
v 0.08160217 0.05029074 1.66328541
v 0.08140560 0.05299952 1.66200778
v 0.06310577 0.09902972 1.64733667
v 0.07793836 0.06452641 1.68877890
v 0.08033429 0.06204370 1.67262219
v 0.07535953 0.07049733 1.69951960
v 0.07363064 0.06747371 1.71163910
v 0.06770105 0.07320627 1.72647170
v 0.07124865 0.07085495 1.71946349
v 0.07052953 0.07993882 1.71622310
v 0.05832669 0.08676722 1.73348743
v 0.05831468 0.07548615 1.73897018
v 0.06332868 0.07476632 1.73284679
v 0.04897546 0.08805591 1.74194870
v 0.04846217 0.07610692 1.74819750
v 0.05312668 0.07562815 1.74363110
v 0.03669934 0.09114816 1.75030415
v 0.02007039 0.09290406 1.75589648
v 0.00345601 0.09172604 1.75635327
v 0.05341153 0.11048234 1.65111189
v 0.04383218 0.11963505 1.65381293
v 0.03104796 0.12800119 1.65747769
v 0.02316353 0.12957252 1.65852686
v 0.02339027 0.13255481 1.66859914
v 0.02745564 0.13150662 1.66814047
v 0.01598321 0.12144215 1.72798608
v 0.01050411 0.11467064 1.73963960
v -0.00211894 0.13515855 1.65915267
v -0.00208264 0.13486911 1.64819005
v 0.07603730 -0.01462030 1.70775441
v 0.07546793 -0.01656336 1.70617218
v 0.07502730 -0.01414363 1.69755208
v 0.07607886 -0.01143275 1.68775474
v 0.07938545 0.00129424 1.65661512
v 0.04735554 0.06323317 1.75271176
v 0.04754952 0.05056823 1.75660586
v 0.04288085 0.06387038 1.75643773
v 0.07049555 -0.02251043 1.70886203
v 0.07480942 -0.01852264 1.70449443
v 0.07446946 -0.01206951 1.70960483
v 0.07502996 -0.01467292 1.71805315
v 0.07455274 -0.01782676 1.71486843
v 0.07190251 -0.02145218 1.72196762
v 0.03438072 0.11225445 1.73534527
v 0.03659038 0.10290694 1.74367382
v 0.03130414 0.12027392 1.72687747
v 0.02694887 0.12001763 1.72647081
v 0.01833210 0.11439360 1.73842141
v 0.01996215 0.10488077 1.74822993
v 0.05557746 0.10469116 1.72092862
v 0.07652746 -0.00496828 1.63315224
v 0.07666637 -0.00215728 1.63290243
v 0.07932036 -0.00428248 1.65590763
v 0.04629286 0.10806095 1.72806323
v 0.04883633 0.09925673 1.73544189
v 0.04303298 0.11576437 1.72091014
v 0.04028142 0.11914976 1.72490728
v 0.07243850 0.08352970 1.70537924
v 0.07121965 0.06116437 1.72187763
v 0.06460808 0.08630743 1.62208181
v 0.05789375 0.06330229 1.74272305
v 0.06767481 0.06253453 1.72968619
v 0.04252079 0.10597162 1.62272810
v 0.03618931 0.10515765 1.61084436
v 0.06896999 0.08792481 1.63711309
v 0.00168224 0.11471879 1.74055972
v 0.06636841 0.09179959 1.71754987
v 0.06209383 0.10433742 1.70562164
v 0.04661229 0.12218273 1.69023285
v -0.00434951 0.10080858 1.56706248
v 0.01043311 0.09820722 1.56806517
v 0.01028673 0.09560198 1.56402165
v -0.00433573 0.10278988 1.57188124
v 0.04086551 0.08917941 1.56864184
v 0.03468422 0.09238499 1.56862878
v 0.03377368 0.08739485 1.56534842
v 0.04816841 0.08100493 1.57716254
v 0.04828158 0.07792436 1.57250339
v 0.05591344 0.06849167 1.57989877
v 0.05500842 0.06604835 1.57522103
v 0.06308528 0.05700330 1.58355147
v 0.06180744 0.05164966 1.57937701
v 0.05947322 0.04873828 1.57453578
v 0.05344141 0.10189688 1.63159790
v -0.00123673 0.12904251 1.62780043
v -0.00644531 0.12577411 1.62725908
v 0.06471960 0.09103626 1.63040107
v 0.03079621 0.12119797 1.63701568
v 0.03349984 0.12312936 1.64657727
v 0.04273867 0.11116743 1.63379012
v 0.03738747 0.11287722 1.62300381
v 0.04462711 0.12446948 1.67319609
v 0.04413546 0.12280190 1.66369107
v 0.03952988 0.12581352 1.66513671
v 0.05427464 0.11573504 1.66954240
v 0.05361308 0.11380104 1.66060574
v 0.04885233 0.11886453 1.66220834
v -0.00230943 0.13620988 1.67983560
v 0.00401607 0.13474995 1.66979686
v -0.00225398 0.13559464 1.66963714
v -0.00856226 0.13438137 1.66959442
v 0.06375149 0.10407272 1.66428345
v 0.06335614 0.10211670 1.65600791
v 0.05845691 0.10815355 1.65848137
v 0.03597132 0.12972461 1.67624245
v 0.03636331 0.12912336 1.68559507
v 0.03528270 0.12820319 1.66644412
v 0.03196382 0.13174691 1.67720618
v 0.03996326 0.12128159 1.71286571
v 0.03845535 0.12486943 1.70395772
v 0.06543705 0.04738156 1.58532209
v 0.04994218 0.11602320 1.70567454
v -0.00084834 0.12901196 1.72179495
v 0.06885244 0.09885085 1.69015028
v 0.00729903 0.03542737 1.77337344
v 0.01373372 0.03568843 1.77291753
v 0.04408592 0.02603757 1.76496596
v 0.03946330 0.03823637 1.76812002
v 0.05429827 0.02706339 1.75593544
v 0.05307571 0.03851104 1.75403112
v 0.04785146 0.03810566 1.75900228
v 0.06962292 -0.01900085 1.73738618
v 0.06327566 -0.02861897 1.73782161
v 0.06678784 -0.02455986 1.73156263
v 0.07634655 -0.00529497 1.70341647
v 0.07487688 -0.00828196 1.71256575
v 0.07528436 -0.00449439 1.71552579
v 0.07374779 -0.00843962 1.72444761
v 0.03403589 0.06427775 1.76022048
v 0.03098554 0.07865255 1.75762526
v 0.03357013 0.05080437 1.76441807
v 0.02969385 0.06431710 1.76156585
v 0.02937358 0.11212561 1.61078215
v 0.02936900 0.11707421 1.62436313
v -0.00115820 0.12682622 1.62048574
v 0.05847888 -0.02744351 1.74792632
v 0.05936347 -0.03298602 1.74287535
v 0.05717751 -0.02210615 1.75195224
v 0.05257580 -0.02527693 1.75644979
v 0.07527275 0.00053296 1.71812277
v 0.07646481 0.00439185 1.70845073
v 0.07463172 0.00628566 1.72000673
v 0.07450061 0.03456497 1.71401328
v 0.07422263 0.04232389 1.71430483
v 0.06860523 0.03196345 1.73341681
v 0.06364746 0.04047358 1.74123655
v 0.07184086 0.03354607 1.72394068
v 0.06592219 -0.00573637 1.74702203
v 0.01010886 0.12887062 1.63841584
v -0.00408569 0.10636881 1.58554954
v 0.06945539 0.02333377 1.73310025
v 0.07299336 0.01870179 1.72250056
v 0.07259955 0.02573413 1.72338825
v 0.06439850 0.03003886 1.74223006
v 0.07694352 0.03522720 1.70326140
v -0.00586760 0.12359208 1.61493437
v 0.06112440 0.01807173 1.75043697
v 0.05974256 0.02818518 1.74999966
v 0.02029990 -0.02974281 1.77007637
v 0.01490249 -0.03075412 1.77005224
v 0.00513425 0.06347551 1.76751281
v -0.00411995 0.07699179 1.76281093
v 0.03414187 0.02503256 1.77074767
v 0.03971925 0.01374230 1.76989994
v 0.02960093 0.02431848 1.77240871
v 0.03018949 0.01157898 1.77585432
v 0.03109827 0.00045592 1.77754325
v 0.02285859 -0.04639617 1.76236521
v 0.01747789 -0.04726422 1.76465859
v 0.02179607 -0.03832371 1.76624259
v 0.04892820 0.02634931 1.76073295
v 0.04523865 0.01461273 1.76584247
v 0.01008285 0.00845159 1.77565652
v 0.00608836 -0.00332114 1.77461753
v 0.01571867 0.00865973 1.77741043
v 0.01133685 -0.00297818 1.77625732
v 0.01459877 0.02176012 1.77476430
v 0.01075304 0.13598823 1.68939254
v 0.00995064 0.13441403 1.66973001
v 0.02032033 0.02250182 1.77435012
v 0.02905199 -0.04410485 1.76187775
v 0.02517809 0.02349687 1.77361384
v 0.02489192 0.03676173 1.77052110
v 0.04799114 -0.00439926 1.76515722
v 0.05348358 -0.00311620 1.76023808
v 0.05467754 -0.01002479 1.75676369
v 0.07725223 -0.00861683 1.67637240
v 0.07587819 -0.01272095 1.68698404
v 0.07564498 -0.01373294 1.68619675
v 0.03041873 -0.05172820 1.75863548
v 0.01935433 0.06465651 1.76558247
v 0.03656879 -0.04906873 1.75812577
v 0.04033704 -0.03897764 1.76120745
v 0.04272158 -0.02973315 1.76382757
v 0.04209482 -0.04652319 1.75695031
v 0.04717883 -0.04323560 1.75497448
v 0.02579610 0.01048652 1.77716903
v 0.01677870 -0.00262908 1.77762493
v 0.02297548 -0.01152628 1.77796285
v 0.02408348 0.12378865 1.63869532
v 0.02320724 0.12663374 1.64864684
v 0.02837488 0.12571744 1.71735219
v 0.02660078 0.12932730 1.70778319
v 0.02271066 0.12980241 1.70772187
v 0.02375602 0.13441668 1.67846146
v 0.02445826 0.13425403 1.68826356
v 0.01506486 0.13396326 1.66936419
v 0.01969844 0.13537808 1.67901853
v 0.03891121 0.02561835 1.76807818
v 0.03363521 0.03772811 1.76795842
v 0.01774425 -0.01309479 1.77769555
v 0.02399947 -0.05374952 1.75937928
v 0.02497887 -0.06184890 1.75522142
v 0.03105665 -0.05930828 1.75443689
v 0.03239539 -0.00863238 1.77652285
v 0.03901088 -0.00819700 1.77550334
v 0.03438189 -0.01681821 1.77361196
v 0.03929412 -0.01494261 1.77031500
v 0.06198824 -0.03203850 1.71648033
v 0.06575705 -0.02824349 1.72690071
v 0.06232494 -0.03288138 1.73272979
v 0.05485153 -0.04223738 1.72120445
v 0.05345796 -0.04204416 1.71630943
v 0.05929341 -0.03760432 1.73792654
v 0.05517080 -0.03647565 1.74749731
v 0.05341512 -0.04446585 1.74733858
v 0.04556655 -0.05271231 1.72708367
v 0.04326321 -0.05116238 1.71854526
v 0.04842304 -0.04871832 1.75021040
v 0.03755494 -0.05634984 1.75354920
v 0.04334739 -0.05285055 1.75214162
v 0.01853487 -0.06285075 1.71589536
v 0.01911989 -0.06313310 1.75622045
v 0.01282367 -0.06375667 1.75660951
v 0.02971001 -0.05943651 1.71652947
v 0.03743291 0.09923111 1.59726615
v -0.00439716 0.11343607 1.59760407
v 0.00967620 0.11250377 1.59662639
v 0.00716692 0.12446200 1.61326215
v 0.01152557 0.13443389 1.69927732
v 0.03734436 0.12754865 1.69474258
v 0.03331755 0.12953184 1.69663760
v 0.05608776 0.11438092 1.68531182
v -0.00217556 0.13525783 1.70083066
v 0.06575638 0.10377675 1.67860258
v 0.07962054 0.05755827 1.65573396
v 0.02551817 0.13264063 1.69816029
v 0.07943514 0.01702471 1.68716789
v 0.07933303 0.00640637 1.68218842
v 0.07935694 0.03554935 1.69159682
v 0.08146150 0.03586873 1.67741139
v 0.08291966 0.03542937 1.66278213
v 0.07761090 0.01219610 1.63146232
v 0.06664766 0.03448733 1.58349292
v 0.06286248 0.03885560 1.57949112
v 0.08265467 0.04741532 1.66478673
v 0.08094012 0.05298590 1.67650887
v 0.02601366 -0.02830347 1.77036692
v 0.01913567 -0.02151836 1.77357023
v 0.02207124 0.09226978 1.56496778
v 0.02192730 0.09493938 1.56909122
v 0.07291201 0.00876428 1.73171958
v 0.07497810 0.01242483 1.72171415
v 0.01259096 -0.01343205 1.77596578
v 0.05224330 -0.01839857 1.75930312
v 0.05761532 -0.01617391 1.75469876
v 0.01190222 0.10482748 1.74908784
v 0.01215503 0.09247769 1.75650093
v 0.03646547 -0.02409865 1.77000210
v 0.03847505 -0.03142189 1.76583317
v 0.03165153 0.10213369 1.59765609
v 0.05832464 0.10495902 1.64935434
v 0.07297704 0.07585827 1.70909237
v 0.06737243 0.08312581 1.72235856
v 0.06328933 0.08552644 1.72813650
v 0.05338087 0.08729451 1.73785503
v 0.04512436 0.10062131 1.73887167
v 0.04510084 0.08921438 1.74538500
v 0.04432666 0.07705892 1.75182318
v 0.04106302 0.09031382 1.74816772
v 0.03185142 0.10385495 1.74532656
v 0.03330488 0.09362250 1.75442571
v 0.02667981 0.09273913 1.75426045
v 0.00399554 0.13319229 1.65964943
v -0.00570334 0.09138325 1.75765692
v 0.04897436 0.11603410 1.65241830
v 0.03911581 0.12281452 1.65515276
v 0.03143791 0.13043160 1.66740132
v 0.02726156 0.12983496 1.65799392
v 0.03472230 0.12565346 1.65642939
v 0.01917164 0.13081041 1.65888437
v 0.01936036 0.13332151 1.66898255
v 0.06773879 -0.02529160 1.71618967
v 0.01484061 0.13173358 1.65934205
v -0.00812196 0.13287861 1.65945905
v 0.07739451 -0.00754490 1.67678093
v 0.02175313 0.09705106 1.57333807
v 0.02913611 0.12459465 1.64216406
v 0.04997217 -0.04512702 1.71702346
v 0.02031246 0.10789200 1.59723649
v 0.05597829 -0.04144483 1.74278348
v 0.01901586 0.12606355 1.63970365
v 0.04213794 -0.05564976 1.72853486
v 0.01905542 0.11770018 1.61152308
v 0.02057396 0.12125210 1.62690909
v 0.04301156 -0.05635216 1.74144453
v 0.05850539 -0.04104984 1.73363043
v 0.05549272 -0.04497568 1.73803700
v 0.07922302 -0.00738546 1.65589556
v 0.07703821 -0.01056559 1.67554691
v 0.03154710 -0.06490326 1.74314187
v 0.01984770 -0.07070491 1.74123102
v 0.04861723 -0.05179468 1.74238977
v 0.06107127 -0.03630026 1.72823213
v 0.06383678 -0.03057947 1.72148205
v 0.07639281 -0.01262089 1.63386339
v 0.07633974 -0.00815843 1.63342054
v 0.07370933 -0.02027189 1.71172367
v 0.07508116 -0.01779732 1.70511370
v 0.07593735 -0.01599223 1.69619841
v 0.07628440 -0.01515329 1.69699965
v 0.01388043 -0.07167956 1.74137115
v 0.03776485 -0.06045664 1.74262465
v 0.05348015 -0.04770766 1.74166368
v 0.02635069 -0.06819289 1.74222917
v 0.01803851 0.12477629 1.63276596
v 0.01469484 0.12608590 1.63304820
v 0.07923409 -0.00589083 1.65581100
v -0.05645772 -0.02751787 1.69663849
v -0.06043517 -0.02530256 1.69917416
v -0.06190030 -0.02254673 1.68882616
v -0.07854657 0.05714553 1.67926458
v -0.07787089 0.05236120 1.68244466
v -0.07746601 0.05930747 1.69266824
v -0.04788406 0.04073485 1.75954918
v -0.04314272 0.04200728 1.76204954
v -0.04519742 0.05470206 1.75762814
v -0.04758250 -0.03353643 1.70676268
v -0.04712471 -0.03408712 1.70606448
v -0.04540373 -0.03567808 1.71198079
v -0.04216395 0.10379988 1.73212535
v -0.04252765 0.09542671 1.74143158
v -0.03763507 0.09714421 1.74326064
v -0.02379675 0.12155261 1.62684224
v -0.01738121 0.12397216 1.62802977
v -0.01579355 0.12255529 1.62015989
v -0.06650698 0.08225849 1.72381627
v -0.06237403 0.08507607 1.72825626
v -0.06133763 0.09296659 1.72048854
v -0.07875056 0.06189273 1.67610222
v -0.07796619 0.06510544 1.68887819
v -0.05423114 0.09853711 1.72747361
v -0.05456646 0.08957627 1.73476683
v -0.05087503 0.09176710 1.73746044
v -0.07750270 0.07202195 1.69696534
v -0.07705383 0.06570309 1.70152886
v -0.07586159 0.07074371 1.70816472
v -0.07304727 0.04137040 1.70946925
v -0.07475569 0.04977904 1.70781662
v -0.07544342 0.04515504 1.69782326
v -0.05945700 0.08262700 1.61855917
v -0.05366006 0.08962757 1.61897977
v -0.05238432 0.08475846 1.60686669
v -0.07780294 0.04669056 1.66611450
v -0.07809204 0.04314041 1.66835486
v -0.06065261 0.03743940 1.74396813
v -0.05641097 0.03821369 1.75001726
v -0.05756938 0.05037901 1.74593466
v -0.06707485 0.03582843 1.72840491
v -0.06411465 0.03667894 1.73664049
v -0.06566961 0.04801911 1.73361549
v -0.06400883 0.07588267 1.61816735
v -0.05860816 0.07692471 1.60664289
v -0.07733905 0.05042566 1.66349704
v -0.07598860 0.03823571 1.65297914
v -0.07607211 0.03625717 1.65448511
v -0.01617021 0.10194658 1.74833762
v -0.00686270 0.10298574 1.74895325
v -0.00788553 0.11332615 1.74079271
v -0.07361874 0.08245462 1.70849899
v -0.07362007 0.07501292 1.71394920
v -0.07078089 0.07905074 1.71939387
v -0.06131981 0.10612990 1.69517148
v -0.05737757 0.11005897 1.69823921
v -0.05620377 0.11297384 1.69001558
v -0.04482336 0.07273874 1.56883675
v -0.04176548 0.07866396 1.56794630
v -0.04041380 0.07536340 1.56343391
v -0.04822486 0.05993926 1.57131774
v -0.04675175 0.06668519 1.57005030
v -0.04502237 0.06341275 1.56526862
v -0.05181590 0.04600011 1.57561938
v -0.04944625 0.05350457 1.57279770
v -0.04776009 0.05112225 1.56867338
v -0.06081670 0.09298917 1.63843433
v -0.05675369 0.09853922 1.64020317
v -0.05503914 0.09419037 1.63008629
v -0.01315898 0.13047144 1.63737961
v -0.01398480 0.13264373 1.64848801
v -0.00768526 0.13152820 1.64875642
v -0.06798097 0.07964307 1.63528214
v -0.06441660 0.08666001 1.63681789
v -0.06356195 0.08193097 1.62761470
v -0.04268538 0.11559147 1.64694584
v -0.03977083 0.11766432 1.64766629
v -0.03897479 0.11625475 1.64144549
v -0.07190041 0.05450255 1.62511711
v -0.07006034 0.06806736 1.62591747
v -0.06725764 0.06243065 1.61781172
v -0.05332076 0.10398578 1.64149287
v -0.04930308 0.10839345 1.64304710
v -0.04757143 0.10552872 1.63265915
v -0.07649808 0.06932347 1.65230231
v -0.07465873 0.07963703 1.65661136
v -0.07346261 0.07828940 1.64909810
v -0.05925904 0.11187170 1.67937139
v -0.05553843 0.11552545 1.68142426
v -0.05422334 0.11587494 1.67232788
v -0.06730529 0.10192671 1.67465281
v -0.06314179 0.10725390 1.67718294
v -0.06162796 0.10738097 1.66866412
v -0.01610613 0.13444551 1.68981601
v -0.00916727 0.13500424 1.69019577
v -0.00892675 0.13523979 1.67976875
v -0.07302243 0.08850064 1.66825558
v -0.06960278 0.09511934 1.67189610
v -0.06825890 0.09498005 1.66394553
v -0.04837628 0.12143650 1.68466941
v -0.04497499 0.12405668 1.68574737
v -0.04403208 0.12451447 1.67607433
v -0.05129961 0.11317037 1.71296134
v -0.05225570 0.10628784 1.72020906
v -0.04882266 0.10841399 1.72233907
v -0.07919329 0.06795502 1.66885538
v -0.07921316 0.06498843 1.67246712
v -0.07794046 0.07384553 1.68009837
v -0.06256711 0.10241434 1.70269414
v -0.06445069 0.09701925 1.71001337
v -0.05987306 0.10021232 1.71360851
v -0.07046190 0.09327944 1.69560791
v -0.07221586 0.08851359 1.70224377
v -0.06838563 0.09315050 1.70638392
v -0.01759134 0.12076160 1.73093316
v -0.00868147 0.12188062 1.73209004
v -0.00919505 0.12825986 1.72249591
v -0.07698879 0.08174524 1.68647058
v -0.07995635 0.07798584 1.69198587
v -0.07511962 0.08329427 1.69751589
v 0.00078431 0.03513411 1.77345700
v -0.00100845 0.04896313 1.77177172
v -0.00814548 0.04786885 1.77067052
v -0.04468340 0.02832105 1.76175799
v -0.03983553 0.02936004 1.76483413
v -0.04499353 -0.03366168 1.74118918
v -0.04537772 -0.03047762 1.74499606
v -0.05312021 -0.02940104 1.73919299
v -0.06373965 -0.01852363 1.69076956
v -0.05862919 -0.02759382 1.71955547
v -0.05550468 -0.03025877 1.71590189
v -0.05296541 -0.03361043 1.72361947
v -0.04285694 0.06963493 1.75378141
v -0.04734109 0.06835636 1.75221877
v -0.04909163 0.09504702 1.62036787
v -0.04682941 0.08977086 1.60780917
v -0.03888680 -0.03924663 1.75147774
v -0.03791161 -0.04250442 1.74685666
v -0.03301190 -0.04599869 1.75075176
v -0.05909606 -0.01943052 1.72530840
v -0.05810969 -0.02390317 1.72224621
v -0.05562594 -0.02784136 1.73120523
v -0.06601820 -0.00897550 1.69508138
v -0.06516449 -0.01407207 1.69279553
v -0.06346156 -0.01748403 1.70421218
v -0.06761223 0.02554862 1.72060000
v -0.06933149 0.03466022 1.71974397
v -0.07133332 0.03309819 1.71027702
v -0.06553108 0.02570314 1.72987093
v -0.06183422 0.02581278 1.73835920
v -0.05058089 -0.02538191 1.74183735
v -0.02450181 0.12679352 1.64810737
v -0.01916207 0.12902828 1.64833947
v -0.01817786 0.12699651 1.63769440
v -0.07349676 0.04703291 1.62808545
v -0.07216904 0.05975956 1.63169265
v -0.07043246 0.04982719 1.61812274
v -0.06916927 0.04051808 1.61733910
v -0.07084997 0.04319388 1.62299363
v -0.07463288 0.06764549 1.64575920
v -0.07552776 0.05181054 1.64123840
v -0.07647793 0.05253425 1.64572577
v -0.07689372 0.05348271 1.65747492
v -0.07697363 0.05196273 1.66035039
v -0.06149099 -0.00040150 1.73019125
v -0.05657953 -0.00281420 1.73951519
v -0.05782003 0.00595560 1.73981039
v -0.06716871 0.01065975 1.71057786
v -0.06970809 0.01156786 1.69964955
v -0.06812801 0.00628628 1.69907299
v -0.06394990 0.04112607 1.59896250
v -0.06428350 0.03447161 1.60090955
v -0.06720584 0.03700778 1.60820653
v -0.05123177 -0.00461764 1.74723554
v -0.04550662 -0.00527012 1.75313612
v -0.04770304 0.00435301 1.75391047
v 0.00508595 -0.03936037 1.76612936
v 0.01034346 -0.03964421 1.76668921
v 0.00937984 -0.03135327 1.76934751
v -0.01228591 0.07580303 1.76214705
v -0.02011096 0.07485298 1.76166790
v -0.01787514 0.06059877 1.76627691
v -0.06740330 0.03237381 1.61553605
v -0.06912328 0.03389661 1.62079035
v -0.02639313 0.00540307 1.77147929
v -0.03170466 0.00529022 1.76759073
v -0.02943441 -0.00526602 1.76826768
v 0.00619418 -0.05439918 1.76004593
v 0.01194124 -0.05572767 1.76096040
v 0.01111188 -0.04786494 1.76401983
v -0.03160659 0.11543624 1.72594163
v -0.02511218 0.11842804 1.72868063
v -0.02500050 0.12499212 1.71937716
v -0.04379526 0.00397313 1.76010714
v -0.02762317 0.13147165 1.67863047
v -0.02869376 0.13128425 1.68837679
v -0.02263423 0.13288076 1.68904167
v -0.05960427 0.02565981 1.74690780
v -0.05364098 0.02630288 1.75209060
v 0.00453805 0.00818358 1.77428238
v 0.00269511 0.02119761 1.77468815
v -0.00305716 0.02004495 1.77456650
v -0.01922521 0.03169028 1.77095565
v -0.01263634 0.03263718 1.77223228
v -0.01562476 0.04646504 1.76976346
v -0.00427009 -0.06463167 1.73070006
v -0.00591287 -0.06413411 1.71591672
v -0.00080700 -0.06374023 1.71559541
v -0.03300592 -0.01401552 1.76223062
v -0.02769207 -0.01412586 1.76706243
v -0.07121904 0.03629104 1.62570296
v -0.07427476 0.03920714 1.63641677
v -0.07494063 0.03926619 1.64020594
v -0.07864762 0.06920249 1.66368465
v -0.07785474 0.07930637 1.66964644
v -0.07593437 0.08019455 1.66361038
v -0.00600849 -0.03920411 1.76399105
v -0.01203886 -0.03811592 1.76429090
v -0.01214838 -0.04486305 1.75983419
v -0.02668346 -0.04332668 1.75778409
v -0.02562282 -0.03674046 1.76237451
v -0.03254874 -0.03612663 1.75969395
v -0.02730821 0.07361863 1.75992141
v -0.03346874 0.07239191 1.75783700
v -0.03114381 0.05815397 1.76254164
v -0.01192065 0.00541756 1.77604370
v -0.01685231 0.00535559 1.77532879
v -0.01473458 -0.00571667 1.77705391
v -0.03281703 0.12212795 1.64754465
v -0.02901514 0.12466295 1.64798949
v -0.02807316 0.12270527 1.63864053
v -0.04061475 0.11802228 1.71507917
v -0.04123541 0.11124197 1.72335571
v -0.03685956 0.11283007 1.72405856
v -0.03785561 0.12835615 1.68722179
v -0.03377496 0.13009009 1.68781418
v -0.03259058 0.13010436 1.67808170
v -0.02988429 0.03065123 1.76834095
v -0.02492192 0.03112418 1.76959257
v -0.02856630 0.04435622 1.76629827
v -0.00995954 -0.00587130 1.77759062
v -0.01355269 -0.01567861 1.77728978
v -0.02409942 -0.00541340 1.77245143
v -0.04199006 -0.03849827 1.71597516
v -0.03944321 -0.04289252 1.71733260
v -0.04031314 -0.04238259 1.71969471
v -0.03521335 -0.04873800 1.72543459
v -0.03351390 -0.04668539 1.71895191
v -0.02980476 -0.04953242 1.71886370
v -0.06298756 -0.01939788 1.67651441
v -0.06035249 -0.02311681 1.67495176
v -0.05927536 -0.02534483 1.68702489
v -0.02126142 -0.06586582 1.72789145
v -0.01984665 -0.05956204 1.71641071
v -0.01294365 -0.06189533 1.71704847
v 0.00749433 -0.06575728 1.72947257
v 0.00507519 -0.06430300 1.71498166
v 0.01320243 -0.06441432 1.71590366
v -0.05252002 0.07804589 1.59368872
v -0.04694419 0.08424803 1.59425686
v -0.04625052 0.08008298 1.58297945
v -0.05624825 0.06307318 1.59472395
v -0.05569079 0.07049849 1.59438692
v -0.05170644 0.06699450 1.58361832
v -0.05908477 0.04961916 1.59634326
v -0.05691563 0.05558825 1.59531722
v -0.05567430 0.05142846 1.58741114
v -0.04206217 0.08558577 1.58373155
v -0.03767154 0.08949198 1.58402409
v -0.03789882 0.08604583 1.57248945
v -0.04229798 0.08139753 1.57233250
v -0.05741243 0.04548111 1.58923013
v -0.05326321 0.04815834 1.57970375
v -0.05447858 0.02965130 1.57666026
v -0.05351114 0.02584935 1.57849031
v -0.05469967 0.02737625 1.58124879
v -0.03044867 0.12616145 1.70759470
v -0.02421138 0.12915939 1.70939409
v -0.02348390 0.13152898 1.69923360
v -0.04914752 0.07382910 1.58277712
v -0.04557263 0.07572650 1.57320071
v -0.05365349 0.05963797 1.58523940
v -0.04942595 0.06285618 1.57539281
v -0.04998534 0.11662240 1.70405988
v -0.04674196 0.11895506 1.70533563
v -0.04589938 0.12183330 1.69561433
v -0.06873756 0.09672942 1.68895345
v -0.06690340 0.10334010 1.69245097
v -0.06392931 0.10510917 1.68500268
v -0.01713627 0.13141155 1.71117124
v -0.00941851 0.13237710 1.71211173
v -0.00935488 0.13423765 1.70102746
v -0.07533871 0.08478751 1.68095351
v -0.07227940 0.09112851 1.68534348
v -0.07122264 0.09385682 1.67889412
v -0.07781765 0.07039622 1.65861873
v -0.07720403 0.05367502 1.65047502
v -0.07718017 0.05351370 1.65392804
v -0.03872465 0.12574345 1.69674065
v -0.03966065 0.12217244 1.70603382
v -0.03556610 0.12380902 1.70653899
v -0.07548415 0.03989421 1.64387435
v -0.07535183 0.03978829 1.64649082
v -0.07524120 0.03986643 1.64909523
v -0.06774095 0.04429939 1.60741735
v -0.05604797 0.02771594 1.58481416
v -0.05643730 0.02204386 1.58624221
v -0.05862720 0.02413851 1.59256516
v -0.07014794 0.00783054 1.68682256
v -0.07510511 0.02786076 1.68849378
v -0.07353411 0.02259512 1.68819482
v -0.07430891 0.02333659 1.70031620
v -0.07791196 0.02505469 1.67246535
v -0.07449745 0.02159553 1.67212267
v -0.06841275 0.00214397 1.66394088
v -0.06695951 -0.00228435 1.66070602
v -0.06699875 -0.00569510 1.68164894
v -0.07101788 0.01263679 1.68745014
v -0.07232931 0.01292501 1.67166499
v -0.07557392 0.02281959 1.65740895
v -0.07499116 0.01965917 1.65667821
v -0.06799060 0.00745299 1.64113348
v -0.06387336 0.00164561 1.63164340
v -0.07114311 0.00854678 1.67130283
v -0.07318806 0.01447780 1.65424094
v -0.06409406 0.02716030 1.60198474
v -0.06621395 0.03020794 1.60844051
v -0.05611859 0.02139182 1.58415027
v -0.06047955 0.03742788 1.59168500
v -0.06029919 0.03099585 1.59304896
v -0.05841081 -0.01433069 1.62789606
v -0.06218969 -0.01557135 1.65324567
v -0.06357351 -0.01126478 1.65435052
v -0.06489005 -0.00712281 1.65723440
v -0.06418228 -0.01515081 1.67781528
v -0.07623431 0.02998093 1.67167982
v -0.07628263 0.02556346 1.65769396
v -0.07424626 0.03797516 1.69911018
v -0.07611256 0.03974135 1.68713081
v -0.07303874 0.03085030 1.69974241
v -0.07516273 0.03399147 1.68776957
v -0.02553184 0.12844089 1.65868005
v -0.01996746 0.13033475 1.65903291
v -0.05957559 -0.01354262 1.72756183
v -0.05517810 -0.01706587 1.73655981
v -0.05554485 -0.01044611 1.73830995
v -0.06541475 -0.00139472 1.70918423
v -0.06757443 0.00105200 1.69817977
v -0.06659121 -0.00378031 1.69690679
v -0.05043024 -0.01265067 1.74604612
v -0.05012796 -0.01947613 1.74411955
v -0.04442877 -0.02062099 1.74967469
v 0.00332125 -0.02354843 1.77233345
v 0.00848794 -0.02279655 1.77162130
v 0.00736167 -0.01410085 1.77508927
v -0.03346442 -0.02987215 1.76265675
v -0.02780956 -0.02176215 1.76340144
v -0.03372880 -0.02133363 1.75881102
v -0.00807171 -0.02397091 1.77356835
v -0.01337383 -0.02338982 1.77336226
v -0.01204439 -0.03126646 1.76910976
v -0.02620303 -0.03038384 1.76636512
v -0.02382403 -0.02249759 1.76822584
v -0.06205559 0.06929779 1.60628361
v -0.06443918 0.05474589 1.60726405
v -0.06187474 0.06251931 1.60617591
v -0.06915444 0.00366410 1.68569723
v -0.07005602 0.00482712 1.66810793
v -0.07212067 0.01306370 1.65203113
v -0.07069899 0.01071614 1.64765146
v -0.01867544 0.09761523 1.57152384
v -0.02826901 0.09240968 1.57225269
v -0.02782008 0.09613111 1.58480309
v -0.07398859 0.04889163 1.63494234
v -0.07183113 0.07526738 1.64114654
v -0.07660859 0.03413690 1.65607753
v -0.07639995 0.03140698 1.65698459
v -0.07759275 0.03861232 1.66993333
v -0.06898592 0.08345908 1.64383074
v -0.06554569 0.09018775 1.64616308
v -0.07708387 0.04604029 1.68478541
v -0.07662127 0.05237404 1.69560414
v -0.07529001 0.06264914 1.71255369
v -0.07464743 0.05338082 1.71598911
v -0.07119530 0.05664883 1.72298625
v -0.06561946 0.07264024 1.73025721
v -0.07001436 0.06991026 1.72468625
v -0.06774742 0.05924045 1.72965000
v -0.05681036 0.07691757 1.73885961
v -0.06104808 0.07486808 1.73493120
v -0.05913734 0.06301025 1.74106754
v -0.04558005 0.08287798 1.74735253
v -0.04972629 0.08123250 1.74526436
v -0.02997471 0.08715411 1.75357155
v -0.03623043 0.08592170 1.75157713
v -0.01439339 0.08939392 1.75562630
v -0.02272981 0.08869677 1.75567367
v -0.06216389 0.09670020 1.64813426
v -0.05880800 0.10272026 1.64976099
v -0.05492885 0.10749037 1.65138307
v -0.05134726 0.11165366 1.65284355
v -0.04459889 0.11796504 1.65577293
v -0.04124820 0.12028222 1.65658723
v -0.03766562 0.12231876 1.65695957
v -0.04277442 0.12313185 1.66633078
v -0.03185702 0.10764788 1.73540470
v -0.02498434 0.10990983 1.73773251
v -0.00812196 0.13287861 1.65945905
v -0.05531529 -0.02956825 1.70535334
v -0.05795003 -0.02758315 1.70766708
v -0.05129557 -0.03063592 1.70312581
v -0.05426994 -0.02904450 1.69502947
v -0.05219151 0.03931909 1.75539508
v -0.05337340 0.05174468 1.75101729
v -0.05517385 0.06480355 1.74593289
v -0.04946407 0.05338730 1.75505251
v -0.04965955 -0.03154668 1.70192898
v -0.04911260 -0.03208102 1.70132553
v -0.05302358 -0.03307673 1.71251473
v -0.04972457 -0.03569581 1.72002898
v -0.05021258 0.10045306 1.72963506
v -0.04696250 0.09376938 1.73970645
v -0.04615910 0.10223458 1.73106034
v -0.03742372 0.10536634 1.73330635
v -0.03157145 0.09844137 1.74515201
v -0.07003384 0.08671153 1.71302543
v -0.06566340 0.08999587 1.71698073
v -0.05715094 -0.02122871 1.62907519
v -0.06022128 -0.02250362 1.65249634
v -0.06067712 -0.02105327 1.65258455
v -0.05833504 0.08734797 1.73160723
v -0.05726666 0.09572025 1.72399923
v -0.07826166 0.07005952 1.68467771
v -0.07870181 0.07828209 1.70364027
v -0.07145242 0.04415102 1.71820269
v -0.06574531 0.07070591 1.61865945
v -0.05729152 -0.01844543 1.62891181
v -0.06187191 0.04924671 1.74027559
v -0.06357429 0.06133017 1.73590146
v -0.06892517 0.04633864 1.72616167
v -0.04452252 0.10118347 1.62156193
v -0.04224347 0.09580470 1.60882393
v -0.07310942 0.07192278 1.63296652
v -0.02434220 0.10015759 1.74705722
v -0.01747307 0.11301723 1.74040465
v -0.06029959 0.10943371 1.68747891
v -0.00425421 0.09873563 1.56206619
v -0.01814887 0.09342449 1.56321941
v -0.01856625 0.09605585 1.56724345
v -0.00434951 0.10080858 1.56706248
v -0.03765670 0.08337662 1.56818316
v -0.03667068 0.08002681 1.56356762
v -0.04789745 0.06982359 1.57457950
v -0.04329513 0.06954694 1.56423051
v -0.05126458 0.05551803 1.57694062
v -0.04638821 0.05726224 1.56687863
v -0.05495413 0.04187197 1.58221905
v -0.05385188 0.04001375 1.57766206
v -0.05032908 0.04393447 1.57095470
v -0.05928771 0.08854752 1.62868901
v -0.01262195 0.12731152 1.62752837
v -0.00715585 0.12943090 1.63791444
v -0.06751870 0.07524409 1.62694340
v -0.04537578 0.11271390 1.64488180
v -0.04174716 0.11097760 1.63551525
v -0.05333831 0.10181193 1.63045033
v -0.05805601 0.11231810 1.67054520
v -0.05670433 0.11087029 1.66108766
v -0.05289037 0.11460589 1.66276729
v -0.06798938 0.10327939 1.66589999
v -0.06362134 0.09982105 1.65758627
v -0.06015768 0.10567864 1.65941079
v -0.01558126 0.13462725 1.67949392
v -0.02182331 0.13293256 1.67910863
v -0.01489999 0.13343889 1.66944212
v -0.07155513 0.08802536 1.66069949
v -0.07030540 0.08636454 1.65255389
v -0.06728924 0.09343861 1.65522603
v -0.05163299 0.11844332 1.68333887
v -0.05071304 0.11901434 1.67403076
v -0.04939866 0.11792410 1.66436613
v -0.04745023 0.12199695 1.67517645
v -0.05567193 0.10344818 1.71709584
v -0.05488152 0.11012992 1.70994740
v -0.06009221 0.10744965 1.70676733
v -0.05349022 0.11361947 1.70151215
v -0.04782373 0.11507536 1.71445436
v -0.05697778 0.03409235 1.58420606
v -0.06664606 0.09816073 1.69917515
v -0.07360307 0.08759337 1.69136471
v -0.01754414 0.12712003 1.72145238
v -0.00578542 0.03386141 1.77294354
v -0.00918464 0.01900601 1.77396117
v -0.04074956 0.01629447 1.76275891
v -0.03560174 0.01710622 1.76613766
v -0.05073955 0.01494511 1.75376470
v -0.04578708 0.01546195 1.75882774
v -0.04911255 0.02716511 1.75749255
v -0.04329536 -0.03597622 1.73681792
v -0.05272766 -0.03342974 1.73534161
v -0.04667644 -0.03367812 1.73034167
v -0.05387789 -0.03068170 1.72733061
v -0.06222765 -0.02179995 1.70170717
v -0.06000461 -0.02435786 1.71076547
v -0.06126392 -0.02068138 1.71358527
v -0.03838180 0.07092933 1.75562065
v -0.04058558 0.05571017 1.75911651
v -0.03607674 0.05679931 1.76059736
v -0.03831705 0.04276652 1.76365214
v -0.03663210 0.10269613 1.60963635
v -0.04109567 -0.03913076 1.74228020
v -0.04238233 -0.03638243 1.74682700
v -0.03840101 -0.03473984 1.75533011
v -0.03364240 -0.04167880 1.75522983
v -0.06219422 -0.01576925 1.71606526
v -0.05481113 -0.02270983 1.73391633
v -0.06440746 -0.01239841 1.70649538
v -0.06291350 -0.01012484 1.71786001
v -0.06538941 -0.00688434 1.70819627
v -0.06792086 0.01770315 1.71080255
v -0.06541635 0.01729434 1.72077079
v -0.07007843 0.01772904 1.70003030
v -0.07127532 0.02462286 1.71094932
v -0.06312507 0.01637649 1.73048190
v -0.05969591 0.01546145 1.73957828
v -0.04492801 -0.02615328 1.74746211
v -0.02380799 0.12482609 1.63754210
v -0.05502193 0.03186599 1.58023769
v -0.05103131 0.03670627 1.57357759
v -0.00433573 0.10278988 1.57188124
v -0.01793563 0.10112525 1.58465355
v -0.06389771 0.00235232 1.72009207
v -0.06153283 0.00775329 1.73037509
v -0.06429025 0.00945556 1.72060365
v -0.06604421 0.00448384 1.71003750
v -0.01159756 0.12577366 1.62029913
v -0.00644531 0.12577411 1.62725908
v -0.05346620 0.00453430 1.74803590
v -0.05552266 0.01484162 1.74747318
v -0.00090285 -0.03218919 1.76933999
v -0.00018844 -0.03958478 1.76494736
v 0.00427221 -0.03167110 1.76938559
v -0.00411995 0.07699179 1.76281093
v -0.01045624 0.06210845 1.76903737
v -0.00267580 0.06335581 1.76987116
v -0.03040035 0.01760475 1.76888319
v -0.02552957 0.01791964 1.77079217
v -0.02149114 0.00537097 1.77378098
v -0.00009585 -0.04768259 1.76252769
v 0.00058740 -0.05412027 1.75854449
v 0.00577804 -0.04678976 1.76276168
v -0.03130403 0.12186469 1.71711721
v -0.03707944 0.00504256 1.76314985
v -0.03983321 -0.00532059 1.75825483
v -0.03641721 0.11957777 1.71559264
v -0.02086860 0.13178251 1.66915622
v 0.00608836 -0.00332114 1.77461753
v -0.00097087 0.00712211 1.77518678
v 0.00064695 -0.00418221 1.77560638
v -0.00657022 0.00597353 1.77637243
v -0.02654682 0.13006175 1.66879041
v -0.01525728 0.01833560 1.77315052
v -0.02062991 0.01811074 1.77215059
v -0.02274675 0.04534431 1.76819894
v -0.03914386 -0.02121841 1.75425392
v -0.03859023 -0.01394872 1.75720654
v -0.04448831 -0.01355728 1.75196807
v -0.07993593 0.07752501 1.67517003
v -0.05900269 -0.02487343 1.67425910
v -0.05811074 -0.02669031 1.67346162
v -0.05660881 -0.02904580 1.68415960
v -0.00743942 -0.04846773 1.76075154
v -0.02518142 0.05945601 1.76470873
v -0.01412216 -0.05511347 1.75681937
v -0.02200655 -0.03859464 1.76492412
v -0.02310591 -0.04648085 1.76059370
v -0.02973236 -0.05232225 1.75438398
v -0.00467895 -0.00529247 1.77689143
v -0.00840653 -0.01564755 1.77708269
v -0.03651594 0.11951186 1.64710833
v -0.04519797 0.11001149 1.72311066
v -0.04440204 0.11682965 1.71511725
v -0.04153216 0.12638481 1.68656344
v -0.04039111 0.12676728 1.67680883
v -0.03909788 0.12510319 1.66699001
v -0.03670676 0.12865190 1.67756547
v -0.03138649 0.12842401 1.66816736
v -0.03473763 0.03008668 1.76691301
v -0.00297304 -0.01567556 1.77688955
v -0.00497835 -0.06036129 1.75295128
v 0.00131748 -0.06168939 1.75434867
v -0.01929207 -0.00559824 1.77550245
v -0.02261492 -0.01448504 1.77134282
v -0.01851678 -0.02306120 1.77178013
v -0.01930778 -0.01585005 1.77636678
v -0.04603325 -0.03531755 1.71296322
v -0.04540534 -0.03564196 1.72640119
v -0.04189238 -0.03814498 1.73233421
v -0.03662851 -0.04467531 1.71799095
v -0.03939572 -0.04152152 1.73819207
v -0.03655085 -0.04520994 1.74286882
v -0.03428731 -0.05475164 1.74637198
v -0.03283519 -0.05332771 1.72698428
v -0.02671988 -0.05408016 1.71819981
v -0.02736106 -0.05771018 1.74899963
v -0.01997327 -0.06039582 1.75060411
v -0.01312213 -0.06249207 1.75215657
v 0.00185491 -0.06556712 1.72965000
v 0.00695972 -0.06224973 1.75577395
v 0.01282367 -0.06375667 1.75660951
v -0.01353725 -0.06664463 1.72939653
v -0.00708651 -0.05621197 1.75748414
v -0.04184623 0.08988187 1.59540355
v -0.03714717 0.09430294 1.59586223
v -0.00408569 0.10636881 1.58554954
v -0.01808494 0.10854564 1.59604143
v -0.00439716 0.11343607 1.59760407
v -0.01841389 0.11855206 1.61332435
v -0.02958018 0.12953212 1.69821785
v -0.05267957 0.11662681 1.69243425
v -0.04912715 0.11932718 1.69453549
v -0.07022802 0.10128939 1.68213086
v -0.01655334 0.13354333 1.70046020
v -0.07417237 0.08727719 1.67498707
v -0.03463314 0.12738529 1.69733857
v -0.04331728 0.12070405 1.70590477
v -0.04242886 0.12396674 1.69625685
v -0.07556490 0.03901316 1.65108688
v -0.06843743 -0.00053532 1.68456448
v -0.06568238 -0.01081292 1.67965829
v -0.07199079 0.01752406 1.68806953
v -0.07342636 0.01731951 1.67212267
v -0.07414874 0.01663432 1.65613409
v -0.06119623 -0.00495595 1.62726926
v -0.05614986 0.02051702 1.58215220
v -0.07691691 0.03419297 1.67141706
v -0.07680998 0.02833455 1.65807749
v -0.00195031 -0.02414314 1.77275405
v -0.00662247 -0.03203126 1.76914407
v -0.02829784 0.09045483 1.56789715
v -0.02787437 0.08781291 1.56368926
v -0.06122186 -0.00716874 1.72928419
v -0.06386224 -0.00405812 1.71934285
v 0.00256472 -0.01510288 1.77713006
v -0.04234304 -0.03278593 1.75043786
v -0.04425582 -0.02834173 1.75328466
v -0.01967105 -0.03070519 1.76845706
v -0.07286071 0.03792220 1.63104636
v -0.07346655 0.06318851 1.63844274
v -0.07596231 0.05809763 1.70525483
v -0.07365758 0.06641294 1.71890553
v -0.05343338 0.07921516 1.74237494
v -0.04124947 0.08454545 1.74944535
v -0.00570334 0.09138325 1.75765692
v -0.04622805 0.12089575 1.66550906
v -0.04768211 0.11508587 1.65444150
v -0.03409992 0.12445790 1.65751200
v -0.04959114 -0.03446891 1.70916940
v -0.03013609 0.12637020 1.65818330
v -0.00856226 0.13438137 1.66959442
v -0.01438066 0.13287329 1.65916286
v -0.05976044 -0.02409555 1.67465469
v -0.04108754 0.11447550 1.64091997
v -0.03436572 -0.00520902 1.76335871
v -0.03786375 -0.04472656 1.72260649
v -0.02746174 0.10247504 1.59599040
v -0.03961433 -0.02909222 1.75813131
v -0.05147223 0.06668442 1.74966816
v -0.02848169 0.11018737 1.61077662
v -0.03185945 0.11999677 1.63839260
v -0.03357151 0.04349356 1.76488239
v -0.02952866 -0.05760014 1.72733526
v -0.03884568 0.10737565 1.62306790
v -0.03159164 0.11503147 1.62556549
v -0.03538585 0.12679313 1.66757221
v -0.02188906 -0.05411358 1.75595127
v -0.00586760 0.12359208 1.61493437
v -0.02564463 -0.06091336 1.74077135
v -0.03803852 -0.04346373 1.73443909
v -0.05995884 -0.02396001 1.65268107
v -0.01227008 -0.06651660 1.74134060
v 0.00789628 -0.06764434 1.74076028
v -0.03201629 -0.05833002 1.74013724
v -0.04116346 -0.04026686 1.72838532
v -0.04692907 -0.03468914 1.71578302
v -0.04262860 -0.03812195 1.71723520
v -0.05702083 -0.02811071 1.68493029
v -0.05482181 -0.02839530 1.62993221
v -0.05971346 -0.02690056 1.65313609
v -0.05329719 -0.03061123 1.69356888
v -0.05368751 -0.02986027 1.69435075
v 0.01375918 -0.07030483 1.72881987
v -0.01863145 -0.06387830 1.74005278
v -0.03510577 -0.04781778 1.73878445
v -0.04383893 -0.03677592 1.72167884
v 0.00138776 -0.06575050 1.74137026
v -0.02733257 0.12107423 1.63196560
v -0.03025911 0.11902258 1.63161462
v -0.03619268 0.11660081 1.63714286
v -0.05792131 -0.02703587 1.68586248
v -0.05596402 -0.02416727 1.62928139
v -0.00422255 -0.06348657 1.74170918
v 0.01388043 -0.07167956 1.74137115
v 0.01741220 0.05660162 1.76932980
v 0.01038225 0.07316897 1.76582753
v 0.00198546 0.06767051 1.76865950
v 0.00976618 0.05282746 1.77134371
v 0.01671948 0.03878515 1.77339568
v 0.02272815 0.04217735 1.77135024
v 0.02668473 0.02476542 1.77461388
v 0.03246771 0.02940348 1.77193233
v 0.03960940 0.01754741 1.77107441
v 0.04108782 0.02284311 1.76905221
v 0.04508175 0.01796254 1.76732055
v 0.00569594 0.08269054 1.76206072
v 0.00524735 0.07990478 1.76332163
v 0.02176492 0.07722190 1.76271065
v 0.00569369 0.06731515 1.76796307
v -0.00341539 0.04605982 1.77334743
v -0.00044816 0.04540397 1.77376061
v -0.01140336 0.03289164 1.77402614
v -0.00898613 0.03216451 1.77433252
v -0.01427674 0.02796426 1.77402802
v -0.01243185 0.02652115 1.77444951
v -0.01775460 0.02025238 1.77407628
v 0.02336945 0.08022461 1.76277751
v 0.04307665 0.07346766 1.75524466
v 0.04364142 0.07646797 1.75574329
v 0.05011507 0.07201902 1.75015938
v 0.05152015 0.07441534 1.74988267
v 0.06252550 0.07096237 1.73806301
v -0.00445831 0.06742534 1.76939477
v -0.02253766 0.05130594 1.76879597
v -0.01807342 0.04717425 1.77075973
v -0.03219732 0.04572490 1.76656668
v -0.02948903 0.04146587 1.76829457
v -0.04244021 0.03951998 1.76444785
v -0.03876444 0.03575533 1.76627137
v -0.04874501 0.03509991 1.76095952
v -0.04826542 0.03104466 1.76111359
v 0.02706548 0.06455790 1.76444408
v 0.04114143 0.05861420 1.76114801
v 0.04221303 0.06241886 1.76003475
v 0.05091177 0.05669665 1.75385291
v 0.05188972 0.05883274 1.75320386
v 0.05579861 0.05671104 1.74926516
v 0.05638428 0.05808762 1.74920583
v 0.06182714 0.05694087 1.74293478
v 0.00059222 0.07619033 1.76514981
v 0.00156735 0.08360386 1.76196697
v -0.00966125 0.07779320 1.76360753
v -0.00947818 0.07344801 1.76572359
v -0.02089959 0.07485503 1.76322412
v -0.02061513 0.07148076 1.76417025
v -0.02999962 0.07408959 1.76055187
v -0.03174035 0.07061526 1.76069398
v -0.03939025 0.07548714 1.75551396
v -0.04067845 0.07291246 1.75571175
v -0.04603595 0.07634655 1.75171172
v 0.01037583 0.09480821 1.75668201
v 0.01195674 0.10016988 1.75400787
v -0.00361689 0.09440388 1.75708678
v -0.00400334 0.08958336 1.76172269
v -0.01425698 0.09206312 1.75612947
v -0.02305882 0.09236834 1.75508129
v -0.02401353 0.09021797 1.75852225
v -0.03140083 0.09338747 1.75102936
v -0.03397805 0.09256248 1.75322522
v -0.04334401 0.09562346 1.74316136
v -0.00123479 0.09590980 1.75568286
v 0.00222171 0.10392474 1.75142948
v -0.00906150 0.10301762 1.75064772
v -0.01115438 0.09805597 1.75318991
v -0.01884207 0.10404339 1.74794491
v -0.02682978 0.10535090 1.74332937
v -0.02847422 0.10219911 1.74550299
v -0.03253872 0.10629371 1.73908894
v -0.03452091 0.10387382 1.74009263
v -0.03751803 0.10777616 1.73307236
v -0.03859608 0.10535090 1.73531649
v 0.01176293 0.07341005 1.76557970
v 0.02810758 0.06863335 1.76322135
v 0.01991234 0.06683860 1.76649982
v 0.02640287 0.06043429 1.76568176
v 0.02826166 0.06319022 1.76428160
v 0.03472822 0.05350778 1.76504576
v 0.03531479 0.05668895 1.76385923
v 0.04299070 0.04900896 1.76287314
v 0.04332901 0.05181547 1.76216564
v 0.04851114 0.04836356 1.75853055
v 0.04800188 0.05110289 1.75835788
v 0.05497350 0.04967179 1.75215280
v 0.05465313 0.05076496 1.75226603
v 0.06023290 0.05152952 1.74635626
v 0.05977638 0.05215107 1.74667747
v 0.02676442 0.06139382 1.76535966
v 0.02867478 0.05373336 1.76660376
v 0.03029437 0.05609868 1.76540416
v 0.03557999 0.04504783 1.76751093
v 0.03695912 0.04695177 1.76688888
v 0.04256584 0.03932203 1.76611165
v 0.04372830 0.04184502 1.76377190
v 0.04965429 0.03771256 1.75982766
v 0.05613353 0.03891813 1.75327071
v 0.05582401 0.03991922 1.75338959
v 0.06131461 0.04066756 1.74738408
v 0.06093939 0.04139210 1.74770251
v 0.01246743 0.03573817 1.77464077
v 0.01376145 0.01806254 1.77718209
v 0.01990742 0.02163228 1.77624702
v 0.02099356 0.00873716 1.77925255
v 0.02627204 0.01173681 1.77832313
v 0.02851661 0.00288583 1.77936677
v 0.03122318 0.00668473 1.77653956
v 0.03820156 -0.00068812 1.77579211
v 0.03792257 0.00343350 1.77480326
v 0.04476868 0.00046289 1.76970591
v 0.03280320 0.07234985 1.75981194
v 0.04013089 0.06927820 1.75827243
v 0.04109666 0.07414504 1.75635051
v 0.04553611 0.06775922 1.75518522
v 0.04580059 0.07210967 1.75382867
v 0.05017771 0.06739363 1.75098386
v 0.05019072 0.06978801 1.75028932
v 0.05800067 0.06685321 1.74391899
v 0.03827693 0.08326117 1.75462162
v 0.04562681 0.08293294 1.75041373
v 0.04489647 0.08524996 1.74988543
v 0.04946485 0.08296083 1.74653546
v 0.04902184 0.08521879 1.74602011
v 0.05524208 0.08282126 1.74077699
v 0.06227447 0.08016146 1.73427196
v 0.06170356 0.08110310 1.73392009
v 0.05207098 0.07506942 1.74725778
v 0.05786635 0.07550895 1.74174537
v 0.05698287 0.07745700 1.74160513
v 0.06179603 0.07569490 1.73720974
v 0.06101128 0.07749629 1.73754678
v 0.06577453 0.07564913 1.73185229
v 0.06555133 0.07764760 1.73126555
v 0.07059118 0.07558742 1.72308000
v 0.05252915 0.05965009 1.75001449
v 0.06107791 0.05846085 1.74319655
v 0.05968285 0.05968601 1.74447606
v 0.06407740 0.05840572 1.73957463
v 0.06380894 0.05987274 1.73957551
v 0.06758799 0.05922053 1.73387361
v 0.06729483 0.06087692 1.73395540
v 0.07151927 0.06081809 1.72637330
v 0.06385875 0.04953250 1.74193575
v 0.06724696 0.04977838 1.73635648
v 0.06652243 0.05171984 1.73733781
v 0.07023101 0.05026169 1.73084307
v 0.06967593 0.05322747 1.73139926
v 0.07306659 0.05239324 1.72346252
v 0.07199637 0.05539937 1.72567510
v 0.07557740 0.05765108 1.71421761
v 0.04713290 0.04457887 1.76056305
v 0.05244005 0.04342437 1.75596333
v 0.05246318 0.04489791 1.75550742
v 0.05693356 0.04358420 1.75144807
v 0.06093928 0.04471258 1.74686131
v 0.06013395 0.04579308 1.74770440
v 0.06415898 0.04696058 1.74218545
v 0.06377297 0.04777715 1.74249836
v 0.06346864 0.05616658 1.74089299
v 0.06830649 0.05728964 1.73307701
v 0.06781688 0.05894520 1.73352451
v 0.07114543 0.05829305 1.72715695
v 0.07058111 0.05968795 1.72808271
v 0.07343234 0.06164601 1.72089896
v 0.07300350 0.06268379 1.72184885
v 0.07527967 0.06588284 1.71308663
v 0.07504723 0.06692134 1.71367072
v 0.05566850 0.06543238 1.74662268
v 0.06216512 0.06577742 1.73974265
v 0.06145695 0.06776331 1.73988565
v 0.06630527 0.06684264 1.73386154
v 0.06551221 0.06948872 1.73424318
v 0.06959989 0.07032710 1.72781430
v 0.06897109 0.07151635 1.72856363
v 0.07210203 0.07447793 1.72040132
v 0.07197734 0.07474307 1.72038184
v 0.05540905 0.06688348 1.74634508
v 0.04646182 0.06634799 1.75483148
v 0.04681949 0.06489726 1.75492522
v -0.01327310 0.07761422 1.76303562
v -0.03504954 0.08053009 1.75611099
v -0.03283425 0.07046219 1.76029475
v -0.05114067 0.08549307 1.74413715
v -0.05225703 0.07610260 1.74742868
v -0.05853494 0.08503584 1.73554859
v -0.06030927 0.07844629 1.73689031
v -0.06338646 0.08109469 1.72789233
v -0.06427830 0.07836925 1.72792576
v -0.07260542 0.07962796 1.71855732
v -0.03562267 0.06978181 1.75912570
v -0.04524644 0.07077825 1.75410262
v -0.04706106 0.06455164 1.75533011
v -0.05370512 0.07172986 1.74763201
v -0.05388486 0.06574339 1.74964314
v -0.05868812 0.07177789 1.74113904
v -0.06000925 0.06630591 1.74150209
v -0.06569456 0.07103885 1.73332306
v -0.06637992 0.06739341 1.73323020
v -0.07078488 0.07049146 1.72648941
v -0.03565897 0.06432728 1.76036713
v -0.02635716 0.06547595 1.76432620
v -0.02574231 0.06831541 1.76362524
v -0.03778720 0.05510473 1.76222043
v -0.03710617 0.05746280 1.76117679
v -0.04884923 0.05315221 1.75769123
v -0.04899699 0.05133294 1.75732542
v -0.05543108 0.05253165 1.75099870
v -0.05961477 0.05273155 1.74545374
v -0.05983249 0.05057016 1.74575646
v -0.06278129 0.05192416 1.74139627
v -0.06245561 0.05060253 1.74213354
v -0.06594482 0.05050059 1.73644281
v -0.06581305 0.04931992 1.73679379
v -0.02296623 0.06252302 1.76618692
v -0.04186083 0.04754809 1.76289173
v -0.04057457 0.05351945 1.76156861
v -0.04588521 0.05213667 1.75989263
v -0.04624825 0.04461235 1.76161322
v -0.05255400 0.05030081 1.75494194
v -0.05335126 0.04343179 1.75595957
v -0.05764825 0.04795408 1.74932736
v -0.05842968 0.04188741 1.74964868
v -0.06317593 0.04648059 1.74197382
v -0.06765871 0.04749058 1.73339545
v -0.06770547 0.04407974 1.73284391
v 0.00448093 0.04410243 1.77362414
v 0.00617564 0.03185974 1.77540217
v 0.01336630 0.03202991 1.77506790
v 0.00737628 0.01839852 1.77658229
v 0.01299003 0.01991363 1.77677167
v 0.00995523 0.00994378 1.77733527
v 0.01446301 0.01193792 1.77829900
v 0.01358723 0.00276297 1.77851539
v 0.01587828 0.00457476 1.77923119
v 0.01641505 0.00005402 1.77932040
v -0.00187306 0.04802276 1.77337897
v -0.00285544 0.03478490 1.77475400
v 0.00338716 0.03572163 1.77499729
v -0.00268587 0.01813200 1.77626938
v 0.00399908 0.02088920 1.77632971
v -0.00164604 0.00929578 1.77680875
v 0.00626191 0.01359321 1.77672706
v 0.00377390 0.00272406 1.77838445
v 0.01038618 0.00709615 1.77741884
v 0.00979297 -0.00205645 1.77745780
v 0.01347621 0.00134405 1.77849956
v 0.01530543 -0.00544361 1.77885431
v 0.01731463 -0.00282544 1.77951443
v 0.02125002 -0.00767628 1.77992020
v -0.02110690 0.04770066 1.76988599
v -0.02960381 0.03431621 1.76953689
v -0.02046864 0.03162686 1.77231396
v -0.03322983 0.02712975 1.76927037
v -0.02787624 0.02497091 1.77115056
v -0.03829298 0.01916390 1.76667626
v -0.03470387 0.01613558 1.76845517
v -0.04159138 0.00911187 1.76332805
v -0.02389659 0.04204220 1.77002523
v -0.03506548 0.03014369 1.76848030
v -0.03090369 0.02548669 1.77009209
v -0.04416545 0.02361414 1.76343951
v -0.04197219 0.01914952 1.76432432
v -0.05190959 0.01961372 1.75578602
v -0.05157754 0.01532592 1.75548330
v -0.05882510 0.01759296 1.74674343
v -0.03764691 0.05405523 1.76163358
v -0.03729559 0.05925606 1.76023066
v -0.04732090 0.05853301 1.75696791
v -0.04903944 0.05350578 1.75617596
v -0.05560734 0.05830594 1.74926704
v -0.06170826 0.05860822 1.74142129
v -0.06129009 0.05495293 1.74210930
v -0.06667622 0.05862981 1.73446599
v -0.06713722 0.05637721 1.73374178
v -0.06952751 0.05915539 1.73015505
v -0.02809806 0.05550774 1.76549049
v -0.05750409 0.08295541 1.73784109
v -0.06157788 0.08547918 1.73179473
v -0.06371762 0.07981623 1.73214206
v -0.06434321 0.08812509 1.72522661
v -0.06702870 0.08306737 1.72580051
v -0.06625867 0.09061494 1.71906614
v -0.06887164 0.08665193 1.71902153
v -0.06832857 0.09415274 1.71042279
v -0.07091582 0.08970627 1.71161597
v -0.06885837 0.09716706 1.70251030
v -0.07149215 0.09211825 1.70466621
v -0.07021242 0.04740126 1.72764075
v -0.07320876 0.05396507 1.72279498
v -0.07321020 0.05169660 1.72245972
v -0.07487229 0.05912086 1.71993423
v -0.07599269 0.05801152 1.71772818
v -0.07656161 0.06414919 1.71503280
v -0.07723235 0.06921688 1.71034764
v -0.07757759 0.06769087 1.70902728
v -0.08024569 0.07859295 1.70403763
v -0.08027413 0.07734792 1.70364304
v -0.06754315 0.04724138 1.73369264
v -0.06667351 0.04661242 1.73552446
v -0.07069053 0.05924305 1.72769365
v -0.07268650 0.06429137 1.72371045
v -0.07353611 0.06149188 1.72244766
v -0.07520993 0.07027801 1.71770405
v -0.07577166 0.06727243 1.71711256
v -0.07624433 0.07619618 1.71230764
v -0.07639160 0.07361902 1.71179794
v -0.07464572 0.08633438 1.70498741
v -0.07508967 0.08556590 1.70399303
v -0.05249777 0.09272757 1.73791071
v -0.05446132 0.09627793 1.73234074
v -0.05655109 0.09560729 1.73305476
v -0.05607979 0.09915667 1.72737798
v -0.05831540 0.09817733 1.72791923
v -0.05761537 0.10293920 1.71864365
v -0.05994136 0.10187270 1.71946626
v -0.05948162 0.10775989 1.71067726
v -0.06172946 0.10582590 1.71248318
v -0.06095312 0.10918556 1.70310445
v -0.06339897 0.10830269 1.70409895
v -0.06137782 0.10908711 1.69462835
v -0.06346212 0.10916381 1.69530054
v -0.06415140 0.10742451 1.68653743
v -0.06593928 0.10803710 1.68774732
v -0.07750326 0.06477812 1.70873109
v -0.07727520 0.06391997 1.71111457
v -0.07947753 0.07516040 1.70463090
v -0.07811629 0.08175736 1.70113515
v -0.08072290 0.07912451 1.69831536
v -0.07561703 0.08750022 1.69372306
v -0.07684967 0.08490113 1.69187818
v -0.07312021 0.09310135 1.68706396
v -0.07402251 0.09180872 1.68450316
v -0.07046019 0.10183601 1.67771865
v -0.01143292 0.04690827 1.77201412
v -0.01116412 0.02444361 1.77479584
v -0.00449406 0.02881397 1.77522851
v -0.01087264 0.01463564 1.77620253
v -0.00518976 0.01468827 1.77685059
v -0.01287945 -0.00195158 1.77838810
v -0.00893090 -0.00221047 1.77881059
v -0.01610147 -0.01096223 1.77814670
v -0.01347062 -0.01352496 1.77865740
v -0.02119412 -0.01804636 1.77624525
v -0.01008495 0.10305968 1.75024007
v -0.00420125 0.10476538 1.74996247
v -0.01695806 0.11014830 1.74458653
v -0.02097873 0.10880049 1.74713802
v -0.02194301 0.11112935 1.74111126
v -0.02684356 0.11035545 1.74248441
v -0.02604414 0.11272497 1.73679280
v -0.03090242 0.11248783 1.73767119
v -0.02927724 0.11413276 1.73232679
v -0.03328363 0.11463920 1.73300462
v -0.03315883 0.11659174 1.72638359
v -0.07287970 0.03387818 1.71222972
v -0.07246058 0.03324932 1.71339589
v -0.07438578 0.04313389 1.71332627
v -0.07543783 0.04341867 1.70927433
v -0.07648761 0.05046618 1.71014055
v -0.07734260 0.05734465 1.70785835
v -0.07780686 0.05719606 1.70478132
v -0.07806748 0.06470530 1.70555390
v -0.07873645 0.06478968 1.70208405
v -0.07836360 0.07066325 1.70399402
v -0.07316122 0.02621096 1.71144884
v -0.07364159 0.03251189 1.70818796
v -0.07382345 0.03202073 1.70662908
v -0.07478657 0.03711005 1.70593454
v -0.07494379 0.03642956 1.70429298
v -0.07620969 0.04333821 1.70329859
v -0.04299037 0.03725112 1.76362889
v -0.04208663 0.04327583 1.76238380
v -0.05142966 0.04007451 1.75863359
v -0.05020705 0.03353407 1.75960485
v -0.05552161 0.03772285 1.75407473
v -0.05383163 0.03107969 1.75553344
v -0.05902378 0.03583746 1.74988167
v -0.06408570 0.03409152 1.74023198
v -0.06312784 0.02984157 1.74087816
v 0.01761503 0.09709135 1.75557804
v 0.02682281 0.09893613 1.75270158
v 0.02351169 0.10365505 1.75046298
v 0.03773734 0.10043026 1.74692352
v 0.03284731 0.10559435 1.74581778
v 0.04271233 0.10197680 1.74271663
v 0.03986658 0.10569336 1.74157458
v 0.04697445 0.10473384 1.73516142
v 0.04561935 0.10671895 1.73500358
v 0.00380135 0.10491923 1.75086587
v 0.01097436 0.10804867 1.74840824
v 0.00503374 0.11146976 1.74532003
v 0.01849270 0.11087145 1.74486235
v 0.01296474 0.11479710 1.74157359
v 0.02498756 0.11312537 1.74010658
v 0.02310431 0.11522007 1.73815765
v 0.02783723 0.11735723 1.73335184
v -0.01499308 0.11379368 1.74220869
v -0.00871501 0.11076359 1.74491338
v -0.00428537 0.11916337 1.73741307
v -0.00101110 0.12412458 1.73258303
v -0.00731247 0.12470539 1.73122836
v 0.00080042 0.12730205 1.72743642
v -0.00291853 0.12811442 1.72643086
v 0.00478777 0.13056087 1.72095928
v 0.00183620 0.13104330 1.72074301
v -0.06552908 0.02413922 1.73340287
v -0.06803454 0.03034009 1.72933798
v -0.06964472 0.02868874 1.72686728
v -0.06999914 0.03601721 1.72485526
v -0.07182487 0.03530180 1.72279033
v -0.07190351 0.04183445 1.72101872
v -0.06676118 0.02139309 1.73221721
v -0.06570835 0.01924753 1.73032684
v -0.06318203 0.01657599 1.73540005
v -0.06417470 0.01825076 1.73713359
v -0.06008103 0.01561907 1.74290689
v -0.06783658 0.01309951 1.72884123
v -0.06487372 0.01753120 1.73128968
v -0.06701060 0.02255427 1.72562961
v -0.06896734 0.02814467 1.72124529
v -0.07223916 0.02395615 1.71877183
v -0.07192211 0.03441649 1.71613765
v -0.07524120 0.02879677 1.71486190
v -0.06510545 0.01058000 1.72525915
v -0.06232195 0.00851324 1.73207421
v -0.06475872 0.00944726 1.73519772
v -0.05846803 0.00747071 1.73979644
v -0.04615423 -0.00426698 1.75547677
v -0.04823632 0.00442511 1.75612206
v -0.05278937 0.00375226 1.75080090
v -0.05749550 0.00761764 1.74493751
v -0.05912981 -0.00158815 1.73843070
v -0.05958937 0.01093175 1.74188837
v -0.06174379 0.00333554 1.73359789
v -0.04169769 0.00026072 1.76122505
v -0.03638816 0.00953425 1.76635870
v -0.03754586 0.01000439 1.76554905
v -0.02600064 0.00406390 1.77333625
v -0.02800530 -0.00144431 1.77135300
v -0.02589793 -0.00373294 1.77276157
v -0.03202962 -0.00752697 1.76691666
v -0.03010837 -0.00976141 1.76803734
v -0.03717462 -0.01176342 1.76112942
v -0.04553268 -0.01189148 1.75211749
v -0.04625207 -0.01298704 1.75243593
v -0.02194074 0.00410109 1.77532790
v -0.01934049 0.01216367 1.77504466
v -0.02472999 0.01143055 1.77342169
v -0.01709520 0.02340544 1.77382370
v -0.02008124 0.02265340 1.77339757
v 0.05136763 0.03781511 1.75820281
v 0.05079810 0.03611799 1.75911928
v 0.05713057 0.03398848 1.75190952
v 0.05724586 0.03547297 1.75145649
v 0.06152408 0.03422407 1.74729398
v 0.06136160 0.03560474 1.74720953
v 0.06553280 0.03534712 1.74261446
v 0.06598599 0.03646470 1.74163491
v 0.06929235 0.03675453 1.73539917
v 0.06154428 0.02869698 1.75030880
v 0.06551891 0.03053727 1.74363387
v 0.06527208 0.03182017 1.74364505
v 0.06883982 0.03155857 1.73707692
v 0.06849731 0.03359372 1.73732109
v 0.07160389 0.03501093 1.72999069
v 0.07126541 0.03613581 1.73066011
v 0.07295762 0.03873905 1.72554140
v -0.02083595 0.12019080 1.73244102
v -0.01955433 0.11923764 1.73430539
v -0.01726261 0.12373098 1.72984314
v -0.01938172 0.12369612 1.72875301
v -0.01435825 0.12796649 1.72457855
v -0.01042696 0.13078585 1.71868262
v -0.01429472 0.13129477 1.71759724
v -0.00713172 0.13412331 1.71329561
v -0.01212116 0.13406298 1.71118331
v -0.00456772 0.12319135 1.73335837
v 0.00655030 0.11945431 1.73663219
v 0.00848911 0.12409514 1.73066110
v 0.01785693 0.11580482 1.73944269
v 0.01814355 0.12045512 1.73220703
v 0.02733982 0.11541411 1.73623760
v 0.02555564 0.11870298 1.73217637
v 0.03775571 0.12104329 1.72704371
v 0.06208016 0.02176073 1.75072298
v 0.06753114 0.02186798 1.74196076
v 0.06685674 0.02425954 1.74254661
v 0.07042394 0.02414498 1.73531837
v 0.07002121 0.02665093 1.73572038
v 0.07210424 0.02774521 1.72967778
v 0.07200744 0.03001330 1.73019689
v 0.07346521 0.03214453 1.72546989
v 0.06163532 0.01733484 1.75579897
v 0.05955866 0.01451627 1.75505528
v 0.06522166 0.01445085 1.74612504
v 0.06756878 0.01731304 1.74706099
v 0.06959763 0.01703483 1.73858290
v 0.07150062 0.01876355 1.74022080
v 0.07153072 0.01995247 1.73354775
v 0.07372836 0.02168242 1.73463689
v 0.07296669 0.02558825 1.72796848
v 0.05960045 0.02071824 1.75377211
v 0.05123636 0.02080657 1.76214794
v 0.05120475 0.01859106 1.76273844
v 0.06955661 0.07499161 1.72605763
v 0.07108788 0.07731261 1.72122946
v 0.06954904 0.08035051 1.72333258
v 0.07239330 0.07990362 1.71665764
v 0.07041171 0.08346572 1.71899552
v 0.07289602 0.08408190 1.71048035
v 0.07348021 0.08872810 1.70260405
v 0.07254493 0.08844951 1.70752131
v 0.04965672 0.09629703 1.73908064
v 0.05496127 0.09709948 1.73278735
v 0.05260037 0.10229640 1.73501853
v 0.06009371 0.09883464 1.72522484
v 0.05769446 0.10468320 1.72592957
v 0.06358347 0.10041637 1.71678117
v 0.06157101 0.10627711 1.71693900
v 0.06738632 0.09962293 1.70717963
v 0.06614986 0.10564980 1.70549258
v 0.06928865 0.09968602 1.69839893
v 0.06808645 0.10536064 1.69701172
v 0.06923370 0.10180114 1.68710945
v -0.06437232 0.00176377 1.72671686
v -0.06510018 0.00729705 1.72209668
v -0.06648529 0.00149237 1.71559076
v -0.06696654 0.01297460 1.71743111
v -0.06868376 0.00593956 1.71135686
v -0.06999061 0.01912218 1.71195666
v -0.07136486 0.00954006 1.70799294
v -0.06395349 -0.00472810 1.72235579
v -0.06196976 -0.01134199 1.72679955
v -0.06049018 -0.00636042 1.73344836
v -0.05964842 -0.01597812 1.73076880
v -0.02763385 0.12619128 1.71801320
v -0.02159961 0.13058788 1.71395661
v -0.02455195 0.12963058 1.71317120
v -0.01734917 0.13346502 1.70992980
v -0.02004544 0.13279566 1.70876363
v -0.00989485 0.13288060 1.70285563
v -0.01493231 0.13510259 1.70293643
v -0.00673481 0.13606327 1.69979908
v -0.00857028 0.13575673 1.69984922
v -0.02776551 0.12897875 1.71021947
v -0.02354650 0.13183801 1.70749530
v -0.02632584 0.13114175 1.70604877
v -0.01885154 0.13472571 1.70431899
v -0.02282677 0.13305249 1.70298281
v -0.01130503 0.13598496 1.69965420
v -0.01590108 0.13577920 1.69746951
v -0.00242332 0.13536707 1.69541941
v -0.00541345 0.13491437 1.69376667
v -0.00543543 0.13211079 1.71849047
v -0.00473756 0.13129172 1.72060742
v 0.00053715 0.13224604 1.71839860
v 0.00772920 0.13224118 1.71519063
v 0.00468046 0.13428186 1.71153141
v 0.01364728 0.13212684 1.71110904
v 0.00964769 0.13198379 1.70726508
v 0.01831179 0.13225894 1.70734588
v -0.01085294 0.13084246 1.72043375
v -0.00999773 0.13045795 1.72169378
v 0.00809435 0.12812111 1.72371876
v 0.01671505 0.12693176 1.72136882
v 0.01172801 0.13033365 1.71766222
v 0.02298311 0.12765104 1.71799648
v 0.01707920 0.13086160 1.71445713
v 0.02745979 0.12852445 1.71446366
v 0.02043726 0.13116040 1.70980351
v 0.03173166 0.12901987 1.70973577
v 0.00722061 0.12904937 1.72065944
v 0.00060129 0.12864731 1.72530553
v 0.00157022 0.12711389 1.72747173
v -0.00529087 0.12742137 1.72732408
v -0.00519353 0.12622803 1.72907057
v -0.00989557 0.12671952 1.72777257
v 0.03537733 0.12937854 1.70090117
v 0.03188092 0.13165992 1.69898201
v 0.04775915 0.12302648 1.69264134
v 0.05397015 0.11905812 1.68776680
v 0.04854186 0.12403088 1.68302597
v 0.05607553 0.11711172 1.68403895
v 0.05168512 0.12155211 1.67777997
v 0.05870080 0.11443261 1.67804274
v 0.05997627 0.11228832 1.67113481
v 0.05649370 0.11447235 1.66912921
v -0.00354096 -0.01903555 1.77817924
v -0.01010781 -0.01699304 1.77673271
v -0.01229498 -0.02259937 1.77502706
v -0.01717522 -0.02851544 1.77036791
v -0.01038578 -0.03302028 1.77093893
v -0.02571120 -0.03348434 1.76525562
v -0.02136208 -0.03934645 1.76517394
v -0.04046560 -0.03757962 1.75421585
v -0.03953247 -0.04102924 1.75574606
v 0.00316845 -0.01927624 1.77664350
v 0.00292450 -0.01284542 1.77812910
v -0.00118615 -0.01171787 1.77997775
v 0.00153663 -0.00333232 1.77707528
v -0.03633806 -0.04701743 1.74660785
v -0.04100402 -0.04204723 1.74496263
v -0.03828784 -0.04539712 1.73854305
v -0.04434897 -0.03773403 1.74228020
v -0.04185702 -0.04064410 1.73889956
v -0.04807443 -0.03246774 1.73906670
v -0.04968970 -0.03169292 1.73645764
v -0.03445782 -0.05055459 1.73719392
v -0.03079157 -0.05684594 1.73292748
v -0.02955466 -0.05212262 1.74656235
v -0.02619866 -0.06091113 1.72958680
v -0.02109224 -0.05616201 1.74539342
v -0.02698618 -0.05362641 1.74459118
v -0.01184378 -0.06071021 1.74511759
v -0.01280070 -0.05076434 1.75800967
v -0.02824854 -0.05752132 1.73537504
v -0.01118720 -0.06109823 1.73594883
v -0.02906201 -0.05975340 1.72645045
v -0.01206260 -0.05970883 1.72355815
v 0.07426253 0.01213273 1.72905850
v 0.07539062 0.00765726 1.72414035
v 0.07566080 0.01741631 1.71931130
v 0.07519521 0.02049732 1.72312084
v 0.07605899 0.02578205 1.71596122
v 0.07603542 0.02689919 1.71896774
v 0.07612674 0.03247641 1.71502261
v 0.07620914 0.03289624 1.71714134
v 0.07594493 0.03933608 1.71574118
v 0.07196594 0.01717036 1.73316246
v 0.06708830 0.00828142 1.74579354
v 0.07024120 0.00441792 1.73932481
v 0.07287515 0.04200462 1.72088601
v 0.07642519 0.03244426 1.71084716
v 0.07711818 0.04239794 1.70685842
v 0.07459259 0.04856777 1.71461220
v 0.07748748 0.05088755 1.70405899
v 0.07584405 0.05320577 1.70992150
v 0.07737746 0.05740226 1.70359013
v 0.07613338 0.05834269 1.70759005
v 0.07710225 0.06418007 1.70468292
v 0.06747115 0.03314910 1.73200924
v 0.07396191 0.02566202 1.71804020
v 0.08131500 0.00007455 1.70355106
v 0.08148983 0.02115024 1.68634805
v 0.08193977 0.02335580 1.69861244
v 0.08267686 0.03171154 1.68215411
v 0.08336372 0.03453088 1.69327457
v 0.08345813 0.04295142 1.67604743
v 0.08398997 0.04511303 1.68896828
v 0.08260891 0.05829299 1.67430647
v 0.08318103 0.05948080 1.68653931
v 0.07688387 0.00213616 1.72441142
v 0.06780824 -0.02644935 1.73700819
v 0.06850268 -0.02795287 1.72790440
v -0.07197264 0.01317593 1.69659953
v -0.07162703 0.01357910 1.69947223
v -0.07552887 0.03038376 1.69689661
v -0.07627140 0.03027833 1.69352804
v -0.07669814 0.03895565 1.69534514
v -0.07731582 0.04078278 1.69270820
v -0.07792657 0.04709345 1.69446775
v -0.07822331 0.04768036 1.69237769
v -0.07891028 0.05636908 1.69334795
v -0.07907337 0.05667501 1.69099890
v -0.07954699 0.06587280 1.69222539
v 0.08010058 0.06506997 1.68584023
v 0.08266552 0.05797450 1.67358138
v 0.07580736 0.06528261 1.66996300
v 0.08004291 0.07038382 1.66711166
v 0.07475535 0.07560774 1.67389893
v 0.07936702 0.07358138 1.66402168
v 0.07847517 0.07845276 1.66883213
v 0.07819503 0.07798125 1.66010345
v 0.07775180 0.08048520 1.66208570
v 0.06704879 0.05498016 1.69455220
v 0.07386661 0.04721814 1.68005111
v 0.07732251 0.06894675 1.69948618
v 0.08035288 0.05962718 1.68671763
v 0.07965468 0.06891991 1.68532677
v 0.07662818 0.07820617 1.69446775
v 0.07868111 0.07666383 1.68364337
v 0.06454643 0.05683937 1.70683330
v 0.07146249 0.04968861 1.69295148
v 0.04590529 -0.04141344 1.75966706
v 0.03865243 -0.04630881 1.76250268
v 0.04735841 -0.05072887 1.75001172
v 0.02879658 -0.04908210 1.76215358
v 0.03949982 -0.05847961 1.75326883
v 0.02216570 -0.05842855 1.76144786
v 0.02634798 -0.06478822 1.75199120
v 0.00822817 -0.06410941 1.75508406
v 0.01221734 -0.06644492 1.74902010
v 0.05537607 -0.04506342 1.74297009
v 0.06036068 -0.03938339 1.73741119
v 0.05259573 -0.03666701 1.75393825
v 0.06267980 -0.03398192 1.73857371
v 0.06123625 -0.03303699 1.74303230
v -0.07977334 0.04720508 1.66760287
v -0.07978131 0.04753780 1.67000295
v -0.07973632 0.06085932 1.66105512
v -0.07847003 0.06695858 1.65265229
v -0.08060031 0.06384232 1.65173770
v -0.07600006 0.06843002 1.64436745
v -0.07867751 0.06487227 1.64494866
v -0.07516333 0.06500712 1.63701845
v -0.07741538 0.06206744 1.63798594
v -0.07409871 0.06363407 1.63269999
v 0.06885200 0.10039878 1.66484617
v 0.07066573 0.09600227 1.65836349
v 0.06755683 0.09973555 1.65646747
v 0.07123193 0.09306344 1.65361790
v 0.06883922 0.09631075 1.65158640
v 0.07245644 0.08866451 1.64823366
v 0.07010223 0.09223602 1.64683627
v 0.07361641 0.08342322 1.64299043
v 0.07250359 0.08567481 1.64220501
v -0.07492194 0.07904288 1.65505525
v -0.06029161 0.07443769 1.66035415
v -0.06212294 0.08796261 1.65068211
v -0.06151866 0.09347668 1.64164041
v -0.07031447 0.08299863 1.64125512
v -0.05942468 0.09362207 1.63230263
v -0.06922113 0.08156742 1.63630066
v -0.05990178 0.08962420 1.62607154
v -0.06890867 0.07972625 1.63217081
v -0.06158114 0.08365521 1.61997516
v 0.04159160 0.12986030 1.67530186
v 0.04387667 0.12714040 1.67543833
v 0.04309098 0.12654630 1.66874669
v 0.04521624 0.12449200 1.66474677
v 0.04084895 0.12733138 1.66137079
v 0.05049339 0.11945906 1.66111179
v 0.04529249 0.12310977 1.65729107
v 0.05225609 0.11466056 1.65120764
v -0.01136358 0.13415524 1.65593076
v -0.00290807 0.13447086 1.64939607
v -0.00740611 0.13575331 1.64377872
v 0.00440202 0.13252575 1.64332469
v -0.00047622 0.13302748 1.63792651
v 0.01067180 0.13011443 1.63622274
v 0.00588271 0.13185422 1.63252455
v 0.02118571 0.12226419 1.62389327
v 0.01979098 0.12421922 1.62178197
v 0.08123238 0.00073745 1.71458342
v 0.07739064 0.02529904 1.71007746
v 0.07875327 0.03723900 1.70357707
v 0.07903541 0.04722285 1.70087615
v 0.07877215 0.06037452 1.69741749
v 0.07050540 -0.02479213 1.71904201
v 0.07441860 0.02809497 1.72173086
v 0.07479044 0.03340583 1.71902065
v 0.07650704 0.03999704 1.71628065
v 0.07356881 0.00073933 1.73247810
v 0.06851369 0.02111411 1.73998870
v 0.07080165 0.02356211 1.73424783
v 0.07539975 0.02627433 1.72838067
v 0.04270513 0.06581221 1.75790297
v 0.05188402 0.06079496 1.75160314
v 0.05599413 0.05920354 1.74829213
v 0.06249943 0.05758107 1.74292084
v 0.01335180 0.07597532 1.76464741
v 0.02884668 0.07233054 1.76098741
v 0.00622284 0.08558455 1.76088890
v 0.02430352 0.08226501 1.76064384
v 0.04277376 0.07860745 1.75410350
v 0.05120121 0.07594427 1.74792355
v 0.06402018 0.07261699 1.73773804
v -0.00538844 -0.02569588 1.77542907
v 0.00173293 -0.02687168 1.77312274
v -0.00306037 -0.03525785 1.76925830
v -0.01450004 -0.04300255 1.76262897
v -0.03592610 -0.04220860 1.75555845
v -0.00565553 -0.01006729 1.77880782
v 0.00043815 -0.00120629 1.77719692
v -0.07014020 0.01882676 1.72276244
v -0.07012725 0.02124117 1.71471613
v -0.07291744 0.02493333 1.71152964
v -0.06198746 0.01257491 1.73659877
v -0.05815595 0.00783315 1.74052994
v -0.06888083 0.02765428 1.72378838
v -0.07107958 0.03505702 1.72040874
v -0.07322293 0.04390308 1.71908938
v -0.06296851 0.02050452 1.73797480
v -0.05986116 0.01597050 1.74363852
v -0.05330023 0.09160518 1.73794878
v -0.05620907 0.09371919 1.73215036
v -0.05773187 0.09584571 1.72695461
v -0.05972298 0.09934477 1.71905961
v -0.06141130 0.10224637 1.71306992
v -0.06309691 0.10565462 1.70463190
v -0.06275816 0.10711233 1.69562739
v -0.06500948 0.10632653 1.68862007
v -0.01580899 0.10156533 1.75060411
v -0.02349530 0.10430316 1.74582420
v -0.02959440 0.10636195 1.74066930
v -0.03340621 0.10879811 1.73575380
v -0.03473259 0.11153633 1.73099437
v -0.03584298 0.11773389 1.72725446
v 0.00877329 0.08963067 1.75934485
v -0.00424154 0.08276973 1.76256953
v -0.01467697 0.08842371 1.76023155
v -0.02378447 0.08601124 1.75821211
v -0.03445422 0.08972547 1.75216210
v -0.04487245 0.09539584 1.74545097
v -0.04391547 0.09302669 1.74468681
v 0.04643171 0.09857386 1.74117158
v 0.04764370 0.10476843 1.73443633
v 0.05263551 0.10745418 1.72430372
v 0.05652464 0.10887991 1.71560194
v 0.06128977 0.10856335 1.70274794
v 0.06312873 0.10812676 1.69511016
v 0.06914034 0.10601556 1.68574925
v 0.03823758 0.13050398 1.67543457
v 0.03968195 0.12953101 1.66744216
v 0.03510887 0.13043386 1.66649703
v 0.03901674 0.12469489 1.65392527
v 0.05061857 0.11637740 1.64873041
v 0.04769716 0.11619592 1.64678425
v -0.01562366 0.13268286 1.65382875
v -0.01172302 0.13056907 1.63928206
v 0.00077706 0.13060344 1.62954504
v 0.01743921 0.12302521 1.62056466
v -0.07959188 0.04698641 1.66520268
v -0.08173577 0.05844314 1.65908117
v -0.07848995 0.06032665 1.65144904
v -0.07709262 0.06073104 1.64616773
v -0.07604427 0.05878593 1.63989215
v -0.07658706 0.05879506 1.63187185
v 0.06689759 0.03625358 1.58740096
v -0.00425421 0.09873563 1.56206619
v -0.00267580 0.06335581 1.76987116
v 0.07919496 -0.01036426 1.65625108
v -0.05967869 -0.00893261 1.62670853
v 0.04564773 0.02042283 1.76663995
v 0.01311997 0.06373197 1.76859630
v -0.01637586 0.01959375 1.77443745
v 0.00130027 0.06131551 1.77021008
v -0.04743728 0.07477379 1.75166347
v -0.02055597 0.09979155 1.75064395
v 0.02218912 0.06925971 1.76494736
v 0.02959402 0.06229418 1.76391114
v 0.04925405 0.04036024 1.75947767
v 0.01959008 0.03585505 1.77356370
v 0.04522237 0.00143343 1.76938647
v 0.03340012 0.07619691 1.75877483
v 0.05831163 0.06750974 1.74333314
v 0.03775179 0.08458728 1.75434314
v 0.05513876 0.08463609 1.74001836
v 0.05162298 0.07643294 1.74744440
v 0.07047507 0.07659460 1.72292581
v 0.05191369 0.06088909 1.75001637
v 0.07121577 0.06180861 1.72630744
v 0.06345652 0.05128053 1.74219475
v 0.07593951 0.06214896 1.71201886
v 0.04695481 0.04613304 1.76028268
v 0.05678192 0.04487284 1.75136916
v 0.06309115 0.05772524 1.74107042
v -0.01413566 0.06995675 1.76660841
v -0.07272473 0.07905373 1.71858610
v -0.07178309 0.06897525 1.72505483
v -0.05557048 0.05047857 1.75139052
v -0.02249311 0.06414355 1.76573754
v -0.06382173 0.04103260 1.74142593
v 0.01474321 0.04458236 1.77244214
v 0.01830293 0.00058741 1.77981715
v 0.00406296 0.04934444 1.77284503
v 0.02262416 -0.00666674 1.78000000
v -0.01079090 0.05031099 1.77128239
v -0.04077596 0.00772141 1.76352773
v -0.01832872 0.03887652 1.77187665
v -0.05827356 0.01539040 1.74642123
v -0.05562958 0.05434074 1.75033116
v -0.06967759 0.05817024 1.72964900
v -0.02729892 0.05836914 1.76479418
v -0.06058238 0.07667429 1.73754113
v -0.07037402 0.04567929 1.72736215
v -0.07698697 0.06259098 1.71333922
v -0.07171839 0.05641103 1.72623959
v -0.07908245 0.07310616 1.70243503
v -0.07012759 0.10047576 1.67473737
v -0.00315622 0.05186057 1.77274574
v -0.01909494 -0.01973623 1.77520061
v -0.07657556 0.04868808 1.70726131
v -0.08067624 0.07701730 1.69899596
v -0.07329625 0.02519931 1.71047858
v -0.07704287 0.04610117 1.70106642
v -0.05808550 0.02935074 1.75074800
v 0.01224297 0.10101578 1.75350371
v -0.00266661 0.10718001 1.74819927
v 0.02688574 0.11864100 1.73166479
v -0.01091315 0.12023695 1.73555324
v -0.05155375 -0.00615792 1.74870908
v -0.04548248 0.00472789 1.76038108
v -0.03624431 -0.01484288 1.76105603
v 0.06920270 0.03749617 1.73544654
v 0.06083009 0.03069346 1.75063654
v 0.07313000 0.03975806 1.72502428
v -0.01690499 0.12842931 1.72325919
v -0.00335114 0.12771778 1.72690536
v 0.03548923 0.12236260 1.72540581
v 0.06136896 0.02375189 1.75095785
v 0.07322747 0.03341153 1.72520348
v 0.06551885 0.07792375 1.73124884
v 0.07196389 0.08784838 1.71107185
v -0.05713854 -0.01415177 1.73744550
v -0.02818672 0.12649029 1.71630290
v -0.02866001 0.12882125 1.70936155
v -0.00075636 0.13358528 1.71520923
v 0.01445593 0.13423450 1.70264024
v 0.02479972 0.13271878 1.70390116
v -0.01017953 0.12565042 1.72922010
v 0.04459501 0.12505040 1.69353922
v 0.05393557 0.11908562 1.67445789
v -0.03091050 -0.04522229 1.75635881
v 0.07683129 0.06550528 1.70543591
v -0.07967826 0.06568466 1.69092928
v 0.07390226 0.07171873 1.67781528
v 0.07619723 0.08351746 1.69024215
v 0.06617676 0.10362373 1.66299287
v -0.07161922 0.08402733 1.64901631
v -0.06713744 0.07602900 1.62391652
v 0.07333156 0.02358691 1.72669927
v 0.07558184 0.04065035 1.71649239
v 0.06549112 0.02091753 1.74567101
v 0.07298678 0.02706704 1.72760544
v 0.05116231 0.01646752 1.76332440
v 0.06228814 0.05797168 1.74205363
v 0.01492983 0.07863269 1.76370969
v 0.06352526 0.07327927 1.73572967
v -0.00074170 0.00081669 1.77732221
v -0.06763546 0.01672436 1.71877736
v -0.05784095 0.00819032 1.74117158
v -0.07168702 0.04638861 1.71695007
v -0.05954914 0.01633293 1.74437202
v -0.05400757 0.09048847 1.73789676
v -0.03595881 0.11517464 1.72544300
v -0.01448487 0.08284085 1.76046365
v 0.04312059 0.10082905 1.74307502
v 0.06510882 0.10722340 1.68415307
v 0.03531457 0.12809416 1.65844883
v -0.01980237 0.13131348 1.65172387
v -0.00556029 0.13037083 1.63335281
v -0.07915716 0.05601849 1.65734951
v -0.07497445 0.05384824 1.63211414
f 1 2 3
f 4 5 6
f 7 8 9
f 10 11 12
f 13 14 15
f 16 17 18
f 19 20 21
f 22 23 5
f 24 25 26
f 27 28 29
f 30 31 32
f 33 34 35
f 36 4 37
f 38 39 40
f 41 42 43
f 44 45 34
f 4 36 46
f 36 47 48
f 49 50 51
f 52 53 54
f 55 56 57
f 58 59 60
f 61 62 63
f 64 65 66
f 67 68 69
f 70 71 72
f 73 74 75
f 76 77 78
f 79 80 81
f 82 83 84
f 85 86 87
f 88 89 90
f 91 92 93
f 94 95 96
f 97 98 99
f 100 101 102
f 103 104 105
f 106 107 108
f 109 110 111
f 112 113 114
f 115 116 117
f 118 119 120
f 121 122 123
f 124 9 8
f 125 126 127
f 128 3 129
f 130 131 132
f 7 133 134
f 135 35 136
f 137 138 139
f 140 141 142
f 143 144 145
f 146 147 148
f 149 43 42
f 150 151 126
f 152 153 154
f 81 155 156
f 157 81 158
f 159 87 160
f 161 108 162
f 163 164 165
f 166 167 168
f 169 170 171
f 172 173 174
f 175 176 177
f 178 179 180
f 181 182 183
f 184 185 186
f 187 188 189
f 190 191 192
f 193 194 173
f 195 196 197
f 198 40 39
f 199 200 201
f 202 203 204
f 205 206 207
f 208 186 209
f 210 181 158
f 211 160 212
f 213 214 215
f 216 217 218
f 219 138 220
f 221 222 223
f 224 225 226
f 227 228 229
f 230 231 232
f 233 234 235
f 236 237 238
f 239 226 225
f 209 186 185
f 240 241 242
f 243 244 245
f 2 246 247
f 248 249 250
f 251 252 253
f 254 255 256
f 257 258 259
f 260 261 262
f 263 264 265
f 256 266 267
f 268 262 261
f 269 270 271
f 272 273 274
f 266 256 255
f 275 259 258
f 215 161 276
f 277 278 279
f 280 281 282
f 283 284 285
f 286 287 288
f 289 215 290
f 291 292 293
f 294 295 296
f 297 294 290
f 183 171 170
f 298 299 300
f 301 302 168
f 303 304 305
f 304 306 307
f 308 309 310
f 311 301 312
f 306 313 314
f 309 315 316
f 317 311 318
f 319 171 320
f 171 183 182
f 321 271 298
f 319 299 322
f 323 324 325
f 326 325 327
f 328 329 307
f 31 330 331
f 330 31 332
f 326 129 3
f 333 154 153
f 334 335 336
f 337 338 339
f 340 341 342
f 343 344 345
f 346 300 299
f 347 348 349
f 350 351 352
f 353 349 348
f 354 136 35
f 355 34 45
f 356 357 358
f 359 360 312
f 360 361 318
f 361 362 363
f 364 365 366
f 367 368 369
f 155 370 369
f 159 370 371
f 372 373 374
f 375 75 74
f 376 372 377
f 378 376 37
f 379 32 378
f 380 381 382
f 383 384 385
f 386 387 388
f 389 134 133
f 390 223 222
f 391 180 179
f 392 69 68
f 393 84 83
f 394 78 77
f 395 396 397
f 398 192 399
f 400 401 72
f 402 1 128
f 403 404 1
f 404 405 2
f 406 247 246
f 407 408 39
f 387 407 38
f 133 7 409
f 410 12 411
f 412 413 414
f 413 132 415
f 25 416 417
f 105 418 416
f 419 232 14
f 14 420 421
f 232 398 420
f 422 21 54
f 114 111 422
f 111 110 19
f 423 424 425
f 426 427 20
f 110 428 426
f 429 105 25
f 5 27 430
f 23 120 27
f 119 28 27
f 431 30 379
f 147 146 30
f 146 332 31
f 45 44 432
f 424 323 406
f 433 40 42
f 384 433 41
f 388 38 433
f 434 43 147
f 380 434 431
f 385 41 434
f 435 136 436
f 47 36 377
f 80 437 155
f 399 438 51
f 192 117 438
f 116 49 438
f 28 52 439
f 119 440 52
f 440 114 53
f 441 57 281
f 90 441 280
f 89 55 441
f 442 443 444
f 445 364 443
f 267 446 447
f 446 60 448
f 266 58 446
f 449 450 58
f 450 63 59
f 275 61 450
f 451 452 61
f 452 66 62
f 268 64 452
f 453 454 64
f 454 455 65
f 456 69 74
f 33 456 73
f 135 67 456
f 152 70 401
f 457 70 152
f 457 458 71
f 459 75 437
f 432 459 80
f 44 73 459
f 460 461 83
f 86 213 289
f 462 84 68
f 435 462 67
f 463 82 462
f 107 23 22
f 464 90 92
f 465 464 91
f 466 88 464
f 467 93 98
f 468 467 97
f 469 91 467
f 470 96 197
f 471 472 470
f 472 473 94
f 474 99 213
f 475 474 86
f 476 97 474
f 477 478 89
f 479 477 88
f 397 100 480
f 481 428 110
f 482 481 109
f 278 104 103
f 483 270 454
f 113 484 111
f 57 484 113
f 56 109 484
f 118 112 440
f 282 112 118
f 282 281 113
f 485 117 192
f 285 485 191
f 284 115 485
f 486 120 23
f 288 486 107
f 287 118 486
f 487 123 200
f 488 487 199
f 204 121 487
f 489 124 490
f 491 492 493
f 492 39 408
f 494 127 495
f 131 494 496
f 142 125 494
f 497 129 144
f 498 497 143
f 412 128 497
f 498 130 413
f 499 500 130
f 500 142 131
f 501 134 502
f 503 501 504
f 8 7 501
f 505 506 463
f 16 507 457
f 127 508 509
f 126 510 508
f 511 220 138
f 512 140 500
f 336 140 512
f 336 335 141
f 513 145 339
f 514 512 513
f 499 143 513
f 515 516 148
f 303 516 515
f 332 146 516
f 517 149 518
f 519 148 149
f 148 147 43
f 141 150 125
f 335 520 150
f 520 342 151
f 17 152 521
f 270 269 455
f 87 289 296
f 108 22 46
f 445 522 365
f 523 165 524
f 517 523 525
f 526 163 523
f 166 302 527
f 519 525 166
f 525 524 167
f 507 528 458
f 529 174 164
f 530 529 163
f 491 172 529
f 531 532 177
f 345 532 531
f 344 175 532
f 533 180 534
f 122 121 533
f 204 178 533
f 535 184 536
f 537 538 184
f 538 539 185
f 540 541 189
f 542 177 541
f 177 176 187
f 227 521 154
f 273 191 190
f 543 193 172
f 489 544 193
f 544 208 194
f 231 190 398
f 293 274 190
f 471 196 195
f 530 198 492
f 526 518 198
f 518 42 40
f 545 201 546
f 547 545 548
f 549 199 545
f 233 195 550
f 551 195 233
f 552 202 488
f 553 218 542
f 554 555 202
f 555 238 203
f 556 209 348
f 341 557 558
f 173 194 557
f 160 296 295
f 214 106 161
f 559 560 561
f 562 553 540
f 563 223 179
f 564 216 553
f 565 219 566
f 567 568 219
f 568 139 138
f 203 563 178
f 549 547 224
f 238 221 563
f 552 224 569
f 547 570 225
f 571 225 570
f 76 572 573
f 104 574 418
f 278 575 574
f 576 293 231
f 577 578 101
f 396 577 100
f 579 233 580
f 537 236 555
f 581 490 582
f 490 8 503
f 352 571 583
f 584 585 586
f 351 239 571
f 587 588 185
f 589 590 588
f 590 348 209
f 591 242 11
f 496 592 415
f 496 495 593
f 240 594 595
f 495 509 596
f 597 139 598
f 483 322 299
f 244 599 600
f 139 568 601
f 564 602 603
f 251 604 207
f 189 605 585
f 189 188 606
f 205 607 249
f 562 586 602
f 608 265 264
f 522 609 610
f 354 256 265
f 355 259 255
f 356 262 258
f 169 322 261
f 609 528 611
f 262 268 451
f 453 261 322
f 197 272 612
f 259 275 449
f 157 170 358
f 270 483 298
f 613 482 56
f 478 613 55
f 101 277 614
f 615 282 287
f 93 615 286
f 92 280 615
f 616 285 273
f 96 616 272
f 95 283 616
f 617 288 106
f 99 617 214
f 98 286 617
f 48 618 162
f 292 612 274
f 234 550 612
f 277 619 575
f 101 578 619
f 235 234 292
f 618 297 276
f 145 308 620
f 144 621 308
f 622 527 302
f 527 622 304
f 622 623 306
f 621 327 309
f 623 622 301
f 623 624 313
f 327 625 315
f 624 623 311
f 626 627 271
f 625 327 325
f 247 406 325
f 628 629 329
f 330 329 629
f 305 307 329
f 621 144 129
f 357 432 79
f 630 352 631
f 632 633 447
f 263 447 633
f 634 336 514
f 165 634 635
f 164 334 634
f 167 337 359
f 524 635 337
f 635 514 338
f 340 520 335
f 174 340 334
f 173 341 340
f 636 345 631
f 570 548 636
f 548 546 343
f 511 637 349
f 126 151 638
f 342 558 638
f 218 630 531
f 639 640 390
f 217 350 630
f 641 353 590
f 642 566 353
f 566 220 349
f 643 505 436
f 444 443 633
f 136 354 608
f 34 355 254
f 357 356 257
f 260 358 170
f 339 620 360
f 620 310 361
f 310 316 362
f 368 210 156
f 370 159 211
f 370 155 437
f 475 375 644
f 85 371 375
f 371 437 75
f 629 628 373
f 331 629 372
f 32 331 376
f 645 378 6
f 382 645 430
f 381 379 645
f 646 382 29
f 647 646 439
f 647 385 380
f 21 383 647
f 20 648 383
f 648 388 384
f 427 386 648
f 649 650 386
f 650 651 387
f 417 389 652
f 653 654 389
f 502 134 389
f 421 390 655
f 640 179 223
f 551 333 656
f 51 391 640
f 50 657 391
f 657 534 180
f 468 392 658
f 476 644 392
f 644 74 69
f 465 393 659
f 469 658 393
f 658 68 84
f 660 394 661
f 466 659 662
f 659 83 461
f 395 661 77
f 229 663 395
f 663 664 396
f 665 10 410
f 579 666 333
f 666 228 154
f 472 400 667
f 656 400 472
f 153 401 400
f 425 246 668
f 409 9 408
f 24 649 427
f 669 633 443
f 670 78 461
f 480 102 478
f 103 429 428
f 493 408 9
f 508 137 597
f 194 208 556
f 594 243 671
f 264 263 669
f 366 672 643
f 614 279 482
f 558 347 637
f 662 461 78
f 651 409 407
f 428 429 24
f 660 480 477
f 279 103 481
f 543 493 124
f 510 511 137
f 581 536 544
f 536 186 208
f 557 556 347
f 509 597 673
f 365 610 672
f 505 643 672
f 102 614 613
f 510 638 637
f 26 652 650
f 652 133 651
f 479 662 394
f 416 13 653
f 674 229 573
f 574 230 419
f 580 235 578
f 582 503 237
f 599 675 250
f 610 611 676
f 506 505 676
f 619 291 576
f 418 419 13
f 504 502 222
f 237 504 221
f 677 572 460
f 554 569 538
f 569 226 539
f 565 642 217
f 567 565 216
f 575 576 230
f 664 580 577
f 535 582 236
f 587 539 226
f 351 589 587
f 567 603 601
f 677 676 611
f 578 235 291
f 16 611 528
f 350 641 589
f 642 641 350
f 15 655 654
f 655 222 502
f 228 666 663
f 666 579 664
f 678 675 599
f 679 680 243
f 681 559 682
f 683 205 248
f 684 251 206
f 685 599 244
f 686 679 594
f 665 687 591
f 668 405 560
f 688 689 681
f 690 410 691
f 692 561 560
f 411 692 693
f 684 694 252
f 678 695 248
f 680 696 244
f 687 686 240
f 697 206 205
f 420 399 639
f 674 698 699
f 572 677 698
f 521 227 699
f 506 460 82
f 670 460 572
f 698 677 18
f 691 693 404
f 693 560 405
f 689 423 700
f 414 415 665
f 700 668 559
f 603 678 685
f 596 673 680
f 586 683 695
f 605 684 697
f 601 685 696
f 593 596 679
f 592 687 665
f 246 2 405
f 402 414 690
f 605 606 694
f 602 695 678
f 673 598 696
f 592 593 686
f 585 697 683
f 701 702 703
f 704 705 706
f 707 708 709
f 710 711 712
f 713 714 715
f 716 717 718
f 719 720 721
f 722 704 723
f 724 725 726
f 727 728 729
f 730 731 732
f 733 734 735
f 736 737 705
f 738 739 740
f 741 742 743
f 744 733 745
f 746 736 704
f 747 748 736
f 749 750 751
f 752 753 754
f 755 756 757
f 758 759 760
f 761 762 763
f 764 765 766
f 767 768 769
f 770 771 772
f 773 774 775
f 776 777 778
f 779 780 781
f 782 783 784
f 785 786 787
f 788 789 790
f 791 792 793
f 794 795 796
f 797 798 799
f 800 801 802
f 803 804 805
f 806 807 808
f 809 810 811
f 812 813 814
f 815 816 817
f 818 819 820
f 821 822 823
f 824 825 708
f 826 827 828
f 829 703 702
f 830 831 832
f 833 834 709
f 734 835 836
f 837 838 839
f 840 841 842
f 843 844 845
f 846 847 848
f 849 850 742
f 851 828 827
f 852 853 854
f 855 856 779
f 857 858 859
f 860 861 862
f 806 863 864
f 865 866 867
f 868 869 870
f 871 872 873
f 874 875 876
f 877 878 879
f 880 881 882
f 858 883 884
f 885 886 887
f 888 889 890
f 891 892 893
f 894 876 875
f 895 896 897
f 898 899 739
f 900 901 902
f 903 904 905
f 906 907 908
f 909 910 887
f 859 884 911
f 861 912 913
f 914 915 916
f 917 918 919
f 920 921 922
f 923 924 925
f 926 927 928
f 929 930 931
f 932 933 934
f 935 936 937
f 938 939 940
f 941 928 942
f 943 887 910
f 944 945 946
f 947 948 949
f 950 951 952
f 953 954 955
f 956 957 958
f 959 960 961
f 962 963 964
f 965 966 967
f 968 969 970
f 961 968 971
f 972 967 973
f 974 975 976
f 977 978 979
f 980 961 981
f 982 964 983
f 863 806 914
f 984 985 986
f 987 988 989
f 990 991 992
f 993 994 995
f 996 997 998
f 999 1000 1001
f 997 1002 1003
f 998 1003 1004
f 1005 873 858
f 1006 1007 1008
f 1009 870 869
f 1010 1011 1012
f 1013 1014 1011
f 1015 1016 1017
f 1009 1018 1019
f 1020 1021 1014
f 1022 1023 1016
f 1024 1019 1025
f 872 1026 1027
f 883 858 873
f 1006 976 1028
f 1029 1030 872
f 1031 1032 1033
f 1034 1033 1035
f 1013 1036 1037
f 1038 732 1039
f 1040 1038 1041
f 703 829 1035
f 1042 1043 853
f 1044 1045 1046
f 1047 1048 1049
f 1050 1051 1052
f 1053 1054 1055
f 1030 1008 1026
f 1056 1057 1058
f 1059 1060 1061
f 1062 1063 1057
f 735 836 960
f 1064 745 963
f 1065 1066 966
f 1009 1067 1048
f 1024 1068 1067
f 1069 1070 1068
f 1071 1072 1073
f 912 861 1074
f 856 855 1074
f 860 787 1075
f 1076 1077 1078
f 1079 1080 774
f 737 1078 1081
f 705 1081 1082
f 1082 732 731
f 1083 1084 1085
f 1086 1087 1088
f 1089 1090 1091
f 1092 1093 834
f 1094 1095 924
f 1096 1097 881
f 1098 1099 768
f 1100 1101 783
f 1102 1103 777
f 1104 1103 1105
f 1106 1107 892
f 1108 772 771
f 1109 1110 702
f 1111 1109 701
f 1112 701 952
f 951 950 1032
f 739 1113 1114
f 740 1114 1115
f 1116 709 834
f 1117 1118 711
f 1110 1109 1119
f 831 1119 1120
f 1121 726 1122
f 805 1121 1123
f 933 713 1124
f 715 1125 1106
f 934 1124 1106
f 1126 754 719
f 814 1126 1127
f 810 1127 721
f 1128 1129 1130
f 720 1131 1132
f 811 721 1132
f 804 724 1121
f 723 706 728
f 1133 723 727
f 727 1134 820
f 1135 1084 731
f 847 1135 730
f 848 730 1038
f 1136 744 1064
f 1137 1130 1032
f 742 738 1138
f 743 1138 1139
f 1138 740 1091
f 847 741 1140
f 1135 1140 1085
f 1140 743 1088
f 835 1141 1142
f 748 1076 737
f 856 1143 780
f 1107 1144 749
f 1107 1145 815
f 1145 751 816
f 729 753 752
f 820 1134 752
f 813 752 1126
f 988 755 1146
f 989 1146 788
f 1146 757 789
f 1147 1148 1149
f 1150 1149 1071
f 971 970 1151
f 759 1151 1152
f 981 971 759
f 1153 981 758
f 762 758 1154
f 983 1153 762
f 1155 983 761
f 765 761 1156
f 973 1155 765
f 1157 973 764
f 1158 764 1159
f 774 767 1160
f 775 1160 733
f 1160 769 734
f 853 771 770
f 854 770 1161
f 1161 770 1162
f 1143 773 1163
f 780 1163 1136
f 1163 775 744
f 783 1164 1165
f 996 916 786
f 768 782 1166
f 769 1166 835
f 1166 784 1141
f 722 1133 808
f 792 788 1167
f 793 1167 1168
f 1167 790 1169
f 798 791 1170
f 799 1170 1171
f 1170 793 1172
f 897 794 1173
f 1174 1173 1175
f 1175 1173 796
f 916 797 1176
f 786 1176 1177
f 1176 799 1178
f 789 1179 1180
f 790 1180 1181
f 1182 802 1105
f 811 1183 1184
f 1185 1184 1186
f 803 1187 985
f 1188 1157 1158
f 1189 814 810
f 1189 809 755
f 809 1185 756
f 1190 820 813
f 1190 812 987
f 987 812 1189
f 892 815 1191
f 893 1191 990
f 1191 817 991
f 1133 819 818
f 808 818 993
f 818 1190 994
f 901 821 1192
f 1193 902 1192
f 904 1192 823
f 1194 1195 825
f 1196 1197 1198
f 899 1198 1113
f 1199 826 1200
f 1201 1200 1202
f 1200 828 842
f 844 829 1203
f 845 1203 1204
f 1203 702 1110
f 1204 1110 831
f 1205 1204 830
f 841 830 1202
f 1206 833 1207
f 1208 1207 1209
f 1207 709 708
f 1210 1142 1141
f 718 717 1161
f 826 1199 1211
f 827 826 1212
f 1213 837 1214
f 1215 1205 841
f 1215 840 1044
f 1044 840 1216
f 1049 843 1217
f 1218 1219 1217
f 1217 845 1205
f 1220 1221 846
f 1222 1220 1223
f 1223 848 1040
f 1224 1225 850
f 1221 1224 849
f 846 849 741
f 1216 842 828
f 1045 1216 851
f 1051 851 1226
f 1227 854 717
f 1228 1158 1229
f 997 996 785
f 746 722 807
f 1230 1071 1231
f 1232 865 1233
f 1234 1233 1224
f 1233 867 1225
f 1220 1222 869
f 1221 1220 868
f 1234 868 1235
f 1236 1161 1237
f 866 874 1238
f 867 1238 1239
f 1238 876 1196
f 1240 1241 877
f 1240 1242 1053
f 1242 879 1054
f 1243 880 1244
f 822 1245 1244
f 1244 882 905
f 1246 1195 886
f 1247 1246 885
f 1248 885 943
f 1249 1250 888
f 1241 1249 1251
f 1251 890 878
f 931 930 852
f 1252 893 978
f 1197 1196 876
f 1194 1197 894
f 1253 894 1254
f 1255 934 891
f 1001 1255 1252
f 895 1174 1256
f 1239 1196 899
f 1225 1239 898
f 850 898 738
f 1257 900 1258
f 1259 1258 1260
f 1258 902 1193
f 937 936 896
f 937 895 1261
f 1262 1193 904
f 1249 1241 917
f 1263 1262 903
f 939 903 1264
f 1057 910 909
f 1265 1266 1267
f 1267 1266 1254
f 1002 997 862
f 806 1268 915
f 1269 1270 1271
f 1250 1249 1272
f 881 923 1273
f 1272 919 1274
f 1275 921 920
f 1276 920 1277
f 920 1214 839
f 882 1273 1264
f 1193 1262 926
f 1273 925 940
f 1262 1263 927
f 1260 926 941
f 1278 941 1279
f 778 777 1280
f 1187 805 1281
f 985 1187 1282
f 1000 932 1255
f 801 1283 1284
f 802 1284 1285
f 1286 937 1287
f 1247 1263 939
f 1195 1246 1288
f 825 1288 1209
f 1289 1279 1059
f 1290 1291 1250
f 1279 942 1060
f 1292 943 1293
f 1294 1295 1293
f 1063 1293 910
f 1296 712 944
f 832 1120 1297
f 1201 1297 1298
f 946 945 1299
f 1199 1298 1300
f 1301 1302 839
f 1188 1006 1030
f 1303 949 1304
f 1302 1305 1277
f 1306 1307 1274
f 1308 908 957
f 1291 1309 888
f 1309 1310 889
f 1311 955 907
f 1307 1290 1312
f 1313 1314 969
f 1315 1231 1316
f 960 1313 968
f 963 959 980
f 966 962 982
f 871 965 972
f 1317 1316 1318
f 967 982 1155
f 1029 972 1157
f 1319 979 897
f 964 980 1153
f 1065 1005 857
f 1228 976 1006
f 756 1186 1320
f 757 1320 1179
f 1321 986 801
f 995 994 987
f 995 1322 791
f 1322 989 792
f 978 990 1323
f 979 1323 794
f 1323 992 795
f 1268 993 1324
f 915 1324 797
f 1324 995 798
f 747 746 864
f 1325 1001 977
f 936 1325 1319
f 986 985 1326
f 801 986 1327
f 935 999 1325
f 1328 864 863
f 1329 1017 843
f 1017 1330 844
f 869 1222 1331
f 1011 1331 1222
f 1014 1332 1331
f 1016 1034 1330
f 1018 1331 1332
f 1021 1333 1332
f 1023 1334 1034
f 1019 1332 1333
f 976 975 1335
f 1033 1034 1334
f 1033 1032 950
f 1036 1336 1337
f 1336 1036 1041
f 1036 1013 1010
f 829 844 1330
f 781 1136 1066
f 1338 1059 1339
f 1151 1340 1341
f 970 1072 1340
f 1218 1044 1342
f 1343 1342 865
f 1342 1046 866
f 1235 870 1048
f 1232 1235 1047
f 1343 1047 1219
f 1045 1051 1050
f 1046 1050 874
f 1050 1267 875
f 1338 1053 1344
f 1289 1344 1259
f 1259 1344 1055
f 1213 922 1056
f 1345 1346 1226
f 1346 1265 1052
f 1240 1339 917
f 1144 1125 1094
f 1339 1061 918
f 1347 1294 1063
f 1275 1347 1062
f 921 1062 1056
f 1142 1210 1314
f 1148 1341 1340
f 836 1142 1313
f 745 735 959
f 1066 1064 962
f 1005 1065 965
f 1067 1329 1049
f 1068 1015 1329
f 1070 1022 1015
f 1348 1074 855
f 1349 1074 861
f 1349 1075 1143
f 1177 1178 1080
f 787 1177 1079
f 1075 1079 773
f 1077 1337 1336
f 1078 1336 1039
f 1081 1039 732
f 706 1082 1350
f 728 1350 1083
f 1350 731 1084
f 729 1083 1351
f 753 1351 1087
f 1087 1351 1085
f 719 754 1087
f 720 719 1086
f 1090 1086 1139
f 1131 720 1090
f 725 1131 1089
f 1352 1089 1115
f 1122 726 1093
f 714 1122 1092
f 1353 1092 833
f 1125 715 1095
f 1097 1094 923
f 1261 1256 1043
f 749 1144 1097
f 750 749 1096
f 1354 1096 880
f 1171 1172 1099
f 1178 1171 1098
f 1080 1098 767
f 1168 1169 1101
f 1172 1168 1100
f 1099 1100 782
f 1355 1105 1103
f 1169 1181 1356
f 1101 1356 1164
f 777 1103 1104
f 929 1280 1104
f 1357 1104 1285
f 1358 710 1296
f 1287 1261 1042
f 1359 1042 852
f 1360 1108 1361
f 1256 1175 1361
f 1043 1361 771
f 1362 951 1130
f 1113 707 1116
f 1131 725 724
f 1149 1340 1072
f 1164 776 1363
f 1179 800 1182
f 1184 1183 804
f 1198 824 707
f 1212 1211 838
f 1266 909 1364
f 1365 1299 948
f 969 1073 1072
f 1314 1366 1073
f 1186 984 1321
f 1367 1058 1265
f 1356 1102 776
f 1114 1116 1368
f 1183 1132 724
f 1180 1182 1355
f 1184 803 984
f 1197 1194 824
f 1345 1212 837
f 1195 1194 1253
f 886 1253 1364
f 1058 909 1266
f 1211 1300 1301
f 1231 1073 1366
f 1210 1369 1366
f 1320 1321 800
f 1213 1367 1346
f 726 725 1352
f 1093 1352 1368
f 1181 1355 1102
f 1123 1122 714
f 1280 929 1370
f 1282 1281 933
f 1283 935 1286
f 1288 938 1371
f 1372 1304 954
f 1316 1366 1369
f 1373 1374 1369
f 1327 1326 1000
f 1281 1123 713
f 924 1206 1208
f 925 1208 1371
f 1374 1373 1165
f 1263 1247 1248
f 927 1248 1292
f 919 918 1275
f 1274 919 1276
f 1326 1282 932
f 1284 1286 1375
f 1246 1247 938
f 928 1292 1295
f 1060 942 1295
f 1305 1306 1376
f 1318 1369 1374
f 1283 1327 999
f 718 1236 1377
f 1061 1060 1294
f 918 1061 1347
f 715 714 1353
f 1095 1353 1206
f 930 929 1357
f 1359 1357 1375
f 1378 1372 953
f 1379 1365 947
f 1270 1269 1380
f 1381 1311 906
f 1308 956 1382
f 1383 1303 1372
f 1384 946 1365
f 1385 1296 1386
f 1362 1269 1387
f 1388 1389 1380
f 1111 1117 710
f 1390 1391 1387
f 1118 1117 1391
f 1382 956 1392
f 1393 953 1311
f 1394 947 1303
f 1395 1386 946
f 906 1308 1396
f 1125 1144 1107
f 1397 1398 1370
f 1398 1374 1399
f 1227 716 1397
f 784 1165 1373
f 1363 778 1399
f 1398 1397 716
f 1117 1111 1112
f 1391 1112 1400
f 1401 1380 1129
f 1119 1358 1385
f 1269 1362 1129
f 1378 1393 1306
f 1300 1379 1394
f 1307 1381 1402
f 1396 1382 1309
f 1383 1378 1305
f 1298 1384 1379
f 1120 1385 1395
f 951 1362 1400
f 1109 1111 1358
f 1382 1403 1310
f 1393 1381 1307
f 1394 1383 1302
f 1297 1395 1384
f 1402 1396 1291
f 1404 1405 1406
f 1407 1408 1409
f 1409 1408 1410
f 1411 1410 1412
f 1413 1412 1414
f 1415 1416 1417
f 1418 1419 1420
f 1419 1421 1422
f 1421 1423 1424
f 1424 1423 1425
f 1426 1417 1427
f 1428 1427 1429
f 1430 1429 1431
f 1432 1433 1434
f 1433 1435 1436
f 1435 1437 1438
f 1437 1439 1440
f 1441 1442 1443
f 1443 1442 1444
f 1445 1444 1446
f 1447 1446 1448
f 1449 1450 1451
f 1452 1451 1453
f 1454 1453 1455
f 1456 1455 1457
f 1458 1457 1459
f 1460 1461 1462
f 1463 1462 1464
f 1464 1465 1466
f 1466 1465 1467
f 1468 1467 1469
f 1470 1471 1472
f 1473 1472 1474
f 1474 1475 1476
f 1475 1477 1478
f 1477 1479 1480
f 1481 1441 1482
f 1483 1484 1485
f 1484 1486 1487
f 1486 1488 1489
f 1488 1490 1491
f 1490 1492 1493
f 1492 1494 1495
f 1496 1497 1498
f 1497 1499 1500
f 1500 1499 1501
f 1502 1501 1503
f 1503 1504 1505
f 1504 1506 1507
f 1508 1509 1510
f 1510 1509 1511
f 1512 1511 1513
f 1514 1513 1515
f 1516 1515 1517
f 1518 1519 1520
f 1519 1521 1522
f 1522 1521 1523
f 1524 1523 1525
f 1526 1527 1528
f 1527 1529 1530
f 1530 1529 1531
f 1531 1532 1533
f 1534 1535 1536
f 1535 1537 1538
f 1537 1539 1540
f 1540 1539 1541
f 1542 1543 1544
f 1543 1545 1546
f 1546 1545 1547
f 1548 1547 1549
f 1550 1551 1552
f 1551 1553 1554
f 1553 1555 1556
f 1556 1555 1557
f 1558 1559 1560
f 1560 1559 1561
f 1561 1562 1563
f 1562 1564 1565
f 1566 1567 1568
f 1567 1569 1570
f 1569 1571 1572
f 1571 1573 1574
f 1575 1576 1577
f 1576 1578 1579
f 1578 1580 1581
f 1580 1582 1583
f 1584 1585 1586
f 1587 1588 1589
f 1588 1590 1591
f 1590 1592 1593
f 1593 1592 1594
f 1595 1594 1596
f 1597 1598 1599
f 1598 1600 1601
f 1600 1602 1603
f 1603 1602 1604
f 1605 1604 1606
f 1607 1608 1609
f 1610 1611 1612
f 1613 1612 1614
f 1614 1615 1616
f 1615 1617 1618
f 1617 1619 1620
f 1611 1610 1621
f 1622 1623 1624
f 1625 1624 1626
f 1627 1626 1628
f 1629 1628 1630
f 1630 1631 1632
f 1633 1634 1635
f 1634 1636 1637
f 1636 1638 1639
f 1638 1640 1641
f 1641 1640 1642
f 1643 1644 1645
f 1644 1646 1647
f 1646 1648 1649
f 1649 1648 1650
f 1651 1650 1652
f 1653 1652 1654
f 1655 1654 1656
f 1657 1658 1659
f 1658 1660 1661
f 1660 1662 1663
f 1663 1662 1664
f 1665 1666 1667
f 1666 1668 1669
f 1669 1668 1670
f 1671 1670 1672
f 1673 1674 1675
f 1676 1675 1677
f 1677 1678 1679
f 1678 1680 1681
f 1681 1680 1682
f 1674 1673 1683
f 1684 1685 1686
f 1685 1687 1688
f 1687 1689 1690
f 1689 1691 1692
f 1691 1693 1694
f 1695 1696 1697
f 1696 1698 1699
f 1699 1698 1700
f 1700 1701 1702
f 1701 1703 1704
f 1705 1706 1707
f 1707 1708 1709
f 1708 1710 1711
f 1710 1712 1713
f 1712 1714 1715
f 1716 1717 1718
f 1717 1719 1720
f 1719 1721 1722
f 1721 1723 1724
f 1723 1725 1726
f 1725 1727 1728
f 1727 1729 1730
f 1731 1732 1733
f 1733 1734 1735
f 1734 1736 1737
f 1737 1736 1738
f 1739 1738 1740
f 1741 1742 1743
f 1742 1744 1745
f 1744 1746 1747
f 1747 1746 1748
f 1749 1748 1750
f 1751 1752 1753
f 1754 1753 1755
f 1756 1755 1757
f 1758 1757 1759
f 1760 1759 1761
f 1762 1763 1764
f 1765 1764 1766
f 1766 1767 1768
f 1768 1767 1769
f 1770 1769 1771
f 1772 1773 1774
f 1774 1773 1775
f 1776 1775 1777
f 1778 1779 1780
f 1781 1780 1782
f 1783 1782 1784
f 1784 1785 1786
f 1787 1788 1789
f 1788 1790 1791
f 1790 1792 1793
f 1792 1794 1795
f 1796 1797 1798
f 1797 1799 1800
f 1799 1801 1802
f 1802 1801 1803
f 1804 1805 1806
f 1806 1807 1808
f 1807 1809 1810
f 1809 1811 1812
f 1813 1814 1815
f 1815 1814 1816
f 1817 1816 1818
f 1819 1820 1821
f 1822 1821 1823
f 1824 1825 1826
f 1826 1827 1828
f 1827 1829 1830
f 1824 1831 1832
f 1833 1832 1834
f 1835 1836 1837
f 1837 1838 1839
f 1838 1840 1841
f 1836 1835 1842
f 1842 1843 1844
f 1845 1846 1847
f 1846 1848 1849
f 1849 1848 1850
f 1850 1851 1852
f 1853 1854 1855
f 1854 1856 1857
f 1858 1859 1860
f 1861 1860 1862
f 1863 1862 1864
f 1865 1864 1866
f 1867 1868 1869
f 1869 1868 1870
f 1871 1870 1872
f 1873 1872 1874
f 1875 1876 1877
f 1878 1877 1879
f 1879 1880 1881
f 1880 1882 1883
f 1884 1885 1886
f 1885 1887 1888
f 1887 1889 1890
f 1890 1889 1891
f 1892 1893 1894
f 1894 1893 1895
f 1896 1895 1897
f 1898 1897 1899
f 1900 1901 1902
f 1903 1902 1904
f 1905 1904 1906
f 1907 1906 1908
f 1909 1910 1911
f 1912 1913 1914
f 1913 1915 1916
f 1916 1915 1917
f 1917 1918 1919
f 1920 1921 1922
f 1921 1923 1924
f 1923 1925 1926
f 1925 1927 1928
f 1928 1927 1929
f 1930 1929 1931
f 1932 1933 1934
f 1933 1935 1936
f 1935 1937 1938
f 1939 1940 1941
f 1941 1940 1942
f 1943 1944 1945
f 1944 1946 1947
f 1946 1948 1949
f 1948 1950 1951
f 1952 1953 1954
f 1953 1955 1956
f 1955 1957 1958
f 1957 1959 1960
f 1961 1962 1963
f 1963 1964 1965
f 1964 1966 1967
f 1967 1966 1968
f 1961 1969 1970
f 1971 1972 1973
f 1972 1974 1975
f 1974 1976 1977
f 1977 1976 1978
f 1971 1979 1980
f 1981 1980 1982
f 1983 1982 1984
f 1978 1985 1986
f 1987 1988 1989
f 1989 1988 1990
f 1991 1990 1992
f 1992 1993 1994
f 1995 1996 1997
f 1997 1998 1999
f 1998 2000 2001
f 2000 2002 2003
f 1995 2004 2005
f 2006 2005 2007
f 2008 2009 2010
f 2009 2011 2012
f 2011 2013 2014
f 2015 2016 2017
f 2016 2018 2019
f 2020 2021 2022
f 2023 2024 2021
f 2023 2025 2026
f 2027 2028 2029
f 2030 2029 2031
f 2032 2031 2033
f 2034 2033 2035
f 2036 2037 2038
f 2039 2040 2041
f 2042 2041 2043
f 2044 2043 2045
f 2046 2045 2047
f 2039 2048 2049
f 2050 2051 2052
f 2051 2053 2054
f 2053 2055 2056
f 2055 2057 2058
f 2059 2060 2061
f 2062 2063 2064
f 2065 2064 2066
f 2067 2066 2068
f 2069 2068 2070
f 2071 2070 2072
f 2073 2074 2075
f 2075 2076 2077
f 2076 2078 2079
f 2078 2080 2081
f 2073 2082 2083
f 2084 2085 2086
f 2087 2086 2088
f 2084 2089 2090
f 2091 2092 2093
f 2092 2094 2095
f 2094 2096 2097
f 2096 2098 2099
f 2100 2101 2102
f 2101 2103 2104
f 2105 2106 2107
f 2107 2108 2109
f 2108 2110 2111
f 2111 2110 2112
f 2113 2112 2114
f 2115 2116 2117
f 2116 2118 2119
f 2118 2120 2121
f 2120 2122 2123
f 2124 2125 2126
f 2126 2127 2128
f 2127 2129 2130
f 2130 2129 2131
f 2132 2131 2133
f 2134 2135 2136
f 2136 2137 2138
f 2137 2139 2140
f 2140 2139 2141
f 2142 2143 2144
f 2143 2145 2146
f 2145 2147 2148
f 2147 2149 2150
f 2151 2052 2152
f 2052 2054 2153
f 2054 2056 2154
f 2056 2058 2155
f 2151 2061 2156
f 2036 2027 2030
f 2030 2032 2157
f 2032 2034 2158
f 2158 2034 2159
f 2027 2038 2160
f 1909 1900 1903
f 1903 1905 2161
f 2161 1905 1907
f 2162 1907 2163
f 1901 1900 1911
f 1482 1443 2164
f 2164 1443 1445
f 2165 1445 1447
f 2166 1447 2167
f 2168 1482 2169
f 2170 1415 1426
f 2171 1426 1428
f 2172 1428 1430
f 2173 1430 2174
f 1995 2175 2176
f 2175 1999 2177
f 1999 2001 2178
f 2001 2003 2179
f 1995 2006 2180
f 2180 2006 2181
f 1831 1824 2182
f 2182 1828 2183
f 1828 1830 2184
f 1825 1824 1833
f 2185 1833 2186
f 1819 1815 2187
f 2187 1815 1817
f 2188 1817 2189
f 1819 1822 2190
f 2190 1822 2191
f 2192 1718 2193
f 1718 1720 2194
f 1720 1722 2195
f 1722 1724 2196
f 1724 1726 2197
f 1726 1728 2198
f 1728 1730 2199
f 2200 1751 1754
f 2201 1754 1756
f 2202 1756 1758
f 2203 1758 1760
f 2204 1760 2205
f 2206 1460 1463
f 2207 1463 2208
f 2208 1466 2209
f 1466 1468 2210
f 1468 2211 2212
f 2213 1922 2214
f 1922 1924 2215
f 1924 1926 2216
f 2216 1926 1928
f 2217 1928 1930
f 2218 1930 2219
f 2220 2134 2221
f 2222 2221 2138
f 2138 2140 2223
f 2140 2224 2225
f 2226 2144 2227
f 2227 2144 2146
f 2146 2148 2228
f 2148 2150 2229
f 2230 2105 2231
f 2231 2109 2232
f 2109 2111 2233
f 2233 2111 2113
f 2234 2113 2235
f 128 1 3
f 37 4 6
f 409 7 9
f 410 10 12
f 653 13 15
f 611 16 18
f 422 19 21
f 4 22 5
f 649 24 26
f 430 27 29
f 379 30 32
f 135 33 35
f 377 36 37
f 433 38 40
f 434 41 43
f 33 44 34
f 22 4 46
f 46 36 48
f 438 49 51
f 439 52 54
f 441 55 57
f 446 58 60
f 450 61 63
f 452 64 66
f 456 67 69
f 401 70 72
f 459 73 75
f 670 76 78
f 157 79 81
f 462 82 84
f 159 85 87
f 464 88 90
f 467 91 93
f 470 94 96
f 474 97 99
f 480 100 102
f 429 103 105
f 161 106 108
f 484 109 111
f 440 112 114
f 485 115 117
f 486 118 120
f 487 121 123
f 490 124 8
f 494 125 127
f 497 128 129
f 413 130 132
f 501 7 134
f 435 135 136
f 597 137 139
f 500 140 142
f 513 143 145
f 516 146 148
f 518 149 42
f 125 150 126
f 521 152 154
f 158 81 156
f 183 157 158
f 211 159 160
f 276 161 162
f 523 163 165
f 302 166 168
f 319 169 171
f 529 172 174
f 532 175 177
f 533 178 180
f 158 181 183
f 536 184 186
f 541 187 189
f 398 190 192
f 172 193 173
f 550 195 197
f 492 198 39
f 545 199 201
f 488 202 204
f 607 205 207
f 556 208 209
f 156 210 158
f 367 211 212
f 289 213 215
f 553 216 218
f 566 219 220
f 563 221 223
f 569 224 226
f 674 227 229
f 419 230 232
f 580 233 235
f 555 236 238
f 571 239 225
f 588 209 185
f 591 240 242
f 671 243 245
f 3 2 247
f 675 248 250
f 604 251 253
f 354 254 256
f 355 257 259
f 356 260 262
f 267 263 265
f 265 256 267
f 453 268 261
f 627 269 271
f 612 272 274
f 449 266 255
f 451 275 258
f 290 215 276
f 614 277 279
f 615 280 282
f 616 283 285
f 617 286 288
f 296 289 290
f 576 291 293
f 290 294 296
f 276 297 290
f 157 183 170
f 2236 298 300
f 312 301 168
f 332 303 305
f 305 304 307
f 620 308 310
f 318 311 312
f 307 306 314
f 310 309 316
f 363 317 318
f 346 319 320
f 320 171 182
f 2236 321 298
f 169 319 322
f 406 323 325
f 621 326 327
f 314 328 307
f 32 31 331
f 305 330 332
f 247 326 3
f 656 333 153
f 634 334 336
f 359 337 339
f 520 340 342
f 636 343 345
f 319 346 299
f 637 347 349
f 630 350 352
f 590 353 348
f 254 354 35
f 257 355 45
f 260 356 358
f 168 359 312
f 312 360 318
f 318 361 363
f 669 364 366
f 211 367 369
f 156 155 369
f 85 159 371
f 377 372 374
f 644 375 74
f 37 376 377
f 6 378 37
f 645 379 378
f 646 380 382
f 647 383 385
f 648 386 388
f 652 389 133
f 655 390 222
f 640 391 179
f 658 392 68
f 659 393 83
f 661 394 77
f 661 395 397
f 420 398 399
f 667 400 72
f 412 402 128
f 402 403 1
f 1 404 2
f 425 406 246
f 38 407 39
f 388 387 38
f 651 133 409
f 691 410 411
f 402 412 414
f 414 413 415
f 26 25 417
f 25 105 416
f 13 419 14
f 15 14 421
f 14 232 420
f 53 422 54
f 53 114 422
f 422 111 19
f 700 423 425
f 19 426 20
f 19 110 426
f 24 429 25
f 6 5 430
f 5 23 27
f 120 119 27
f 381 431 379
f 431 147 30
f 30 146 31
f 357 45 432
f 425 424 406
f 41 433 42
f 385 384 41
f 384 388 433
f 431 434 147
f 381 380 431
f 380 385 434
f 463 435 436
f 374 47 377
f 81 80 155
f 639 399 51
f 399 192 438
f 117 116 438
f 29 28 439
f 28 119 52
f 52 440 53
f 280 441 281
f 92 90 280
f 90 89 441
f 2237 442 444
f 442 445 443
f 263 267 447
f 447 446 448
f 267 266 446
f 266 449 58
f 58 450 59
f 449 275 450
f 275 451 61
f 61 452 62
f 451 268 452
f 268 453 64
f 64 454 65
f 73 456 74
f 44 33 73
f 33 135 456
f 153 152 401
f 17 457 152
f 70 457 71
f 80 459 437
f 79 432 80
f 432 44 459
f 82 460 83
f 87 86 289
f 67 462 68
f 135 435 67
f 435 463 462
f 108 107 22
f 91 464 92
f 469 465 91
f 465 466 464
f 97 467 98
f 476 468 97
f 468 469 467
f 196 470 197
f 196 471 470
f 470 472 94
f 86 474 213
f 85 475 86
f 475 476 474
f 88 477 89
f 466 479 88
f 660 397 480
f 109 481 110
f 56 482 109
f 279 278 103
f 453 483 454
f 114 113 111
f 281 57 113
f 57 56 484
f 119 118 440
f 287 282 118
f 112 282 113
f 191 485 192
f 273 285 191
f 285 284 485
f 107 486 23
f 106 288 107
f 288 287 486
f 199 487 200
f 549 488 199
f 488 204 487
f 581 489 490
f 543 491 493
f 493 492 408
f 496 494 495
f 132 131 496
f 131 142 494
f 143 497 144
f 499 498 143
f 498 412 497
f 412 498 413
f 498 499 130
f 130 500 131
f 504 501 502
f 237 503 504
f 503 8 501
f 436 505 463
f 17 16 457
f 495 127 509
f 127 126 508
f 137 511 138
f 499 512 500
f 514 336 512
f 140 336 141
f 338 513 339
f 338 514 513
f 512 499 513
f 519 515 148
f 527 303 515
f 303 332 516
f 526 517 518
f 517 519 149
f 149 148 43
f 142 141 125
f 141 335 150
f 150 520 151
f 18 17 521
f 454 270 455
f 160 87 296
f 162 108 46
f 364 445 365
f 525 523 524
f 519 517 525
f 517 526 523
f 515 166 527
f 515 519 166
f 166 525 167
f 457 507 458
f 163 529 164
f 526 530 163
f 530 491 529
f 542 531 177
f 631 345 531
f 345 344 532
f 2238 533 534
f 2238 122 533
f 121 204 533
f 581 535 536
f 535 537 184
f 184 538 185
f 584 540 189
f 540 542 541
f 541 177 187
f 228 227 154
f 274 273 190
f 491 543 172
f 543 489 193
f 193 544 194
f 232 231 398
f 231 293 190
f 551 471 195
f 491 530 492
f 530 526 198
f 198 518 40
f 548 545 546
f 570 547 548
f 547 549 545
f 234 233 550
f 579 551 233
f 549 552 488
f 540 553 542
f 552 554 202
f 202 555 203
f 347 556 348
f 342 341 558
f 341 173 557
f 212 160 295
f 215 214 161
f 682 559 561
f 584 562 540
f 178 563 179
f 562 564 553
f 642 565 566
f 565 567 219
f 219 568 138
f 204 203 178
f 552 549 224
f 203 238 563
f 554 552 569
f 224 547 225
f 583 571 570
f 77 76 573
f 105 104 418
f 104 278 574
f 230 576 231
f 100 577 101
f 397 396 100
f 664 579 580
f 554 537 555
f 535 581 582
f 582 490 503
f 631 352 583
f 562 584 586
f 352 351 571
f 539 587 185
f 587 589 588
f 588 590 209
f 10 591 11
f 132 496 415
f 592 496 593
f 241 240 595
f 593 495 596
f 673 597 598
f 298 483 299
f 245 244 600
f 598 139 601
f 567 564 603
f 206 251 207
f 584 189 585
f 605 189 606
f 248 205 249
f 564 562 602
f 643 608 264
f 365 522 610
f 608 354 265
f 254 355 255
f 257 356 258
f 260 169 261
f 610 609 611
f 258 262 451
f 483 453 322
f 550 197 612
f 255 259 449
f 79 157 358
f 271 270 298
f 55 613 56
f 89 478 55
f 102 101 614
f 286 615 287
f 98 93 286
f 93 92 615
f 272 616 273
f 197 96 272
f 96 95 616
f 214 617 106
f 213 99 214
f 99 98 617
f 46 48 162
f 293 292 274
f 292 234 612
f 278 277 575
f 277 101 619
f 291 235 292
f 162 618 276
f 339 145 620
f 145 144 308
f 301 622 302
f 303 527 304
f 304 622 306
f 308 621 309
f 311 623 301
f 306 623 313
f 309 327 315
f 317 624 311
f 321 626 271
f 324 625 325
f 326 247 325
f 328 628 329
f 331 330 629
f 330 305 329
f 326 621 129
f 358 357 79
f 531 630 631
f 448 632 447
f 669 263 633
f 635 634 514
f 524 165 635
f 165 164 634
f 168 167 359
f 167 524 337
f 337 635 338
f 334 340 335
f 164 174 334
f 174 173 340
f 583 636 631
f 583 570 636
f 636 548 343
f 220 511 349
f 510 126 638
f 151 342 638
f 542 218 531
f 421 639 390
f 218 217 630
f 589 641 590
f 641 642 353
f 353 566 349
f 608 643 436
f 632 444 633
f 436 136 608
f 35 34 254
f 45 357 257
f 169 260 170
f 359 339 360
f 360 620 361
f 361 310 362
f 369 368 156
f 369 370 211
f 371 370 437
f 476 475 644
f 475 85 375
f 375 371 75
f 372 629 373
f 376 331 372
f 378 32 376
f 430 645 6
f 29 382 430
f 382 381 645
f 439 646 29
f 54 647 439
f 646 647 380
f 54 21 647
f 21 20 383
f 383 648 384
f 20 427 648
f 427 649 386
f 386 650 387
f 26 417 652
f 417 653 389
f 654 502 389
f 15 421 655
f 390 640 223
f 471 551 656
f 639 51 640
f 51 50 391
f 391 657 180
f 469 468 658
f 468 476 392
f 392 644 69
f 466 465 659
f 465 469 393
f 393 658 84
f 397 660 661
f 479 466 662
f 662 659 461
f 573 395 77
f 573 229 395
f 395 663 396
f 690 665 410
f 551 579 333
f 333 666 154
f 473 472 667
f 471 656 472
f 656 153 400
f 700 425 668
f 407 409 408
f 426 24 427
f 364 669 443
f 460 670 461
f 477 480 478
f 481 103 428
f 124 493 9
f 509 508 597
f 557 194 556
f 595 594 671
f 366 264 669
f 264 366 643
f 613 614 482
f 638 558 637
f 394 662 78
f 387 651 407
f 426 428 24
f 479 660 477
f 482 279 481
f 489 543 124
f 508 510 137
f 489 581 544
f 544 536 208
f 558 557 347
f 596 509 673
f 366 365 672
f 676 505 672
f 478 102 613
f 511 510 637
f 649 26 650
f 650 652 651
f 660 479 394
f 417 416 653
f 572 674 573
f 418 574 419
f 577 580 578
f 236 582 237
f 600 599 250
f 672 610 676
f 677 506 676
f 575 619 576
f 416 418 13
f 221 504 222
f 238 237 221
f 506 677 460
f 537 554 538
f 538 569 539
f 216 565 217
f 564 567 216
f 574 575 230
f 396 664 577
f 537 535 236
f 239 587 226
f 239 351 587
f 568 567 601
f 18 677 611
f 619 578 291
f 507 16 528
f 351 350 589
f 217 642 350
f 653 15 654
f 654 655 502
f 229 228 663
f 663 666 664
f 685 678 599
f 594 679 243
f 2239 681 682
f 695 683 248
f 697 684 206
f 696 685 244
f 240 686 594
f 10 665 591
f 559 668 560
f 2239 688 681
f 403 690 691
f 693 692 560
f 691 411 693
f 251 684 252
f 675 678 248
f 243 680 244
f 591 687 240
f 683 697 205
f 421 420 639
f 227 674 699
f 674 572 698
f 18 521 699
f 463 506 82
f 76 670 572
f 699 698 18
f 403 691 404
f 404 693 405
f 681 689 700
f 690 414 665
f 681 700 559
f 601 603 685
f 679 596 680
f 602 586 695
f 585 605 697
f 598 601 696
f 686 593 679
f 415 592 665
f 668 246 405
f 403 402 690
f 684 605 694
f 603 602 678
f 680 673 696
f 687 592 686
f 586 585 683
f 952 701 703
f 723 704 706
f 1116 707 709
f 1296 710 712
f 1124 713 715
f 1318 716 718
f 1127 719 721
f 1133 722 723
f 1121 724 726
f 1134 727 729
f 1038 730 732
f 745 733 735
f 704 736 705
f 1138 738 740
f 1140 741 743
f 1064 744 745
f 722 746 704
f 746 747 736
f 1145 749 751
f 1126 752 754
f 1146 755 757
f 1154 758 760
f 1156 761 763
f 1159 764 766
f 1160 767 769
f 1162 770 772
f 1163 773 775
f 1363 776 778
f 857 779 781
f 1166 782 784
f 860 785 787
f 1167 788 790
f 1170 791 793
f 1173 794 796
f 1176 797 799
f 1182 800 802
f 1187 803 805
f 1268 806 808
f 1185 809 811
f 1189 812 814
f 1191 815 817
f 1190 818 820
f 1192 821 823
f 707 824 708
f 1200 826 828
f 1203 829 702
f 1202 830 832
f 1207 833 709
f 735 734 836
f 1214 837 839
f 1216 840 842
f 1217 843 845
f 1223 846 848
f 741 849 742
f 1226 851 827
f 1227 852 854
f 859 855 779
f 779 857 859
f 785 860 862
f 807 806 864
f 1233 865 867
f 1235 868 870
f 1005 871 873
f 1238 874 876
f 1242 877 879
f 1244 880 882
f 859 858 884
f 943 885 887
f 1251 888 890
f 1252 891 893
f 1254 894 875
f 1174 895 897
f 738 898 739
f 1258 900 902
f 1264 903 905
f 1308 906 908
f 1364 909 887
f 855 859 911
f 862 861 913
f 996 914 916
f 1272 917 919
f 1214 920 922
f 1273 923 925
f 941 926 928
f 1370 929 931
f 1255 932 934
f 1286 935 937
f 1371 938 940
f 1279 941 942
f 1293 943 910
f 1386 944 946
f 1303 947 949
f 703 950 952
f 1311 953 955
f 1392 956 958
f 980 959 961
f 982 962 964
f 972 965 967
f 971 968 970
f 981 961 971
f 1157 972 973
f 1228 974 976
f 1319 977 979
f 1153 980 981
f 1155 982 983
f 998 863 914
f 1321 984 986
f 1322 987 989
f 1323 990 992
f 1324 993 995
f 914 996 998
f 1325 999 1001
f 998 997 1003
f 863 998 1004
f 857 1005 858
f 1030 1006 1008
f 1018 1009 869
f 1040 1010 1012
f 1010 1013 1011
f 1329 1015 1017
f 1024 1009 1019
f 1013 1020 1014
f 1015 1022 1016
f 1069 1024 1025
f 873 872 1027
f 1027 883 873
f 1007 1006 1028
f 871 1029 872
f 2240 1031 1033
f 1330 1034 1035
f 1020 1013 1037
f 1041 1038 1039
f 1010 1040 1041
f 950 703 1035
f 852 1042 853
f 1342 1044 1046
f 1219 1047 1049
f 1267 1050 1052
f 1344 1053 1055
f 872 1030 1026
f 1367 1056 1058
f 1339 1059 1061
f 1056 1062 1057
f 959 735 960
f 962 1064 963
f 965 1065 966
f 870 1009 1048
f 1009 1024 1067
f 1024 1069 1068
f 1231 1071 1073
f 1348 912 1074
f 1349 856 1074
f 1349 860 1075
f 737 1076 1078
f 773 1079 774
f 705 737 1081
f 706 705 1082
f 1350 1082 731
f 1351 1083 1085
f 1139 1086 1088
f 1115 1089 1091
f 833 1092 834
f 923 1094 924
f 880 1096 881
f 767 1098 768
f 782 1100 783
f 776 1102 777
f 1285 1104 1105
f 891 1106 892
f 1361 1108 771
f 701 1109 702
f 1112 1111 701
f 1400 1112 952
f 1130 951 1032
f 740 739 1114
f 1091 740 1115
f 1368 1116 834
f 710 1117 711
f 831 1110 1119
f 832 831 1120
f 1123 1121 1122
f 1281 805 1123
f 934 933 1124
f 1124 715 1106
f 891 934 1106
f 1127 1126 719
f 810 814 1127
f 811 810 721
f 1137 1128 1130
f 721 720 1132
f 1183 811 1132
f 805 804 1121
f 727 723 728
f 819 1133 727
f 819 727 820
f 730 1135 731
f 848 847 730
f 1040 848 1038
f 1066 1136 1064
f 1031 1137 1032
f 743 742 1138
f 1088 743 1139
f 1139 1138 1091
f 1135 847 1140
f 1084 1135 1085
f 1085 1140 1088
f 836 835 1142
f 736 748 737
f 779 856 780
f 1145 1107 749
f 892 1107 815
f 815 1145 816
f 1134 729 752
f 813 820 752
f 814 813 1126
f 989 988 1146
f 792 989 788
f 788 1146 789
f 1150 1147 1149
f 1230 1150 1071
f 759 971 1151
f 760 759 1152
f 758 981 759
f 762 1153 758
f 763 762 1154
f 761 983 762
f 765 1155 761
f 766 765 1156
f 764 973 765
f 1158 1157 764
f 1229 1158 1159
f 775 774 1160
f 744 775 733
f 733 1160 734
f 854 853 770
f 717 854 1161
f 1237 1161 1162
f 780 1143 1163
f 781 780 1136
f 1136 1163 744
f 784 783 1165
f 785 996 786
f 769 768 1166
f 734 769 835
f 835 1166 1141
f 807 722 808
f 793 792 1167
f 1172 793 1168
f 1168 1167 1169
f 799 798 1170
f 1178 799 1171
f 1171 1170 1172
f 1174 897 1173
f 1256 1174 1175
f 1360 1175 796
f 786 916 1176
f 787 786 1177
f 1177 1176 1178
f 790 789 1180
f 1169 790 1181
f 1355 1182 1105
f 1185 811 1184
f 756 1185 1186
f 984 803 985
f 1228 1188 1158
f 809 1189 810
f 988 1189 755
f 755 809 756
f 812 1190 813
f 994 1190 987
f 988 987 1189
f 893 892 1191
f 978 893 990
f 990 1191 991
f 808 1133 818
f 1268 808 993
f 993 818 994
f 902 901 1192
f 904 1193 1192
f 905 904 823
f 824 1194 825
f 899 1196 1198
f 739 899 1113
f 1201 1199 1200
f 832 1201 1202
f 1202 1200 842
f 845 844 1203
f 1205 845 1204
f 1204 1203 1110
f 830 1204 831
f 841 1205 830
f 842 841 1202
f 1208 1206 1207
f 1371 1208 1209
f 1209 1207 708
f 1373 1210 1141
f 1236 718 1161
f 1212 826 1211
f 1345 827 1212
f 922 1213 1214
f 840 1215 841
f 1218 1215 1044
f 1045 1044 1216
f 1219 1049 1217
f 1215 1218 1217
f 1215 1217 1205
f 1223 1220 846
f 1012 1222 1223
f 1012 1223 1040
f 849 1224 850
f 846 1221 849
f 847 846 741
f 851 1216 828
f 1051 1045 851
f 1052 1051 1226
f 716 1227 717
f 974 1228 1229
f 862 997 785
f 864 746 807
f 1315 1230 1231
f 1234 1232 1233
f 1221 1234 1224
f 1224 1233 1225
f 868 1220 869
f 1234 1221 868
f 1232 1234 1235
f 1377 1236 1237
f 867 866 1238
f 1225 867 1239
f 1239 1238 1196
f 1242 1240 877
f 1338 1240 1053
f 1053 1242 1054
f 1245 1243 1244
f 823 822 1244
f 823 1244 905
f 885 1246 886
f 1248 1247 885
f 1292 1248 943
f 1251 1249 888
f 877 1241 1251
f 877 1251 878
f 1227 931 852
f 977 1252 978
f 894 1197 876
f 1253 1194 894
f 1364 1253 1254
f 1252 1255 891
f 977 1001 1252
f 1261 895 1256
f 898 1239 899
f 850 1225 898
f 742 850 738
f 1259 1257 1258
f 1278 1259 1260
f 1260 1258 1193
f 895 937 896
f 1287 937 1261
f 903 1262 904
f 1272 1249 917
f 939 1263 903
f 940 939 1264
f 1058 1057 909
f 1052 1265 1267
f 875 1267 1254
f 913 1002 862
f 914 806 915
f 1387 1269 1271
f 1312 1250 1272
f 882 881 1273
f 1312 1272 1274
f 1276 1275 920
f 1376 1276 1277
f 1277 920 839
f 905 882 1264
f 1260 1193 926
f 1264 1273 940
f 926 1262 927
f 1278 1260 941
f 1289 1278 1279
f 1399 778 1280
f 1282 1187 1281
f 1326 985 1282
f 1001 1000 1255
f 802 801 1284
f 1105 802 1285
f 1375 1286 1287
f 938 1247 939
f 825 1195 1288
f 708 825 1209
f 1338 1289 1059
f 1312 1290 1250
f 1059 1279 1060
f 1295 1292 1293
f 1063 1294 1293
f 1057 1063 910
f 1386 1296 944
f 1201 832 1297
f 1199 1201 1298
f 1365 946 1299
f 1211 1199 1300
f 838 1301 839
f 1029 1188 1030
f 1372 1303 1304
f 839 1302 1277
f 1376 1306 1274
f 956 1308 957
f 1250 1291 888
f 888 1309 889
f 906 1311 907
f 1274 1307 1312
f 968 1313 969
f 1317 1315 1316
f 961 960 968
f 964 963 980
f 967 966 982
f 1029 871 972
f 1377 1317 1318
f 973 967 1155
f 1188 1029 1157
f 896 1319 897
f 983 964 1153
f 781 1065 857
f 1188 1228 1006
f 757 756 1320
f 789 757 1179
f 800 1321 801
f 1322 995 987
f 798 995 791
f 791 1322 792
f 979 978 1323
f 897 979 794
f 794 1323 795
f 915 1268 1324
f 916 915 797
f 797 1324 798
f 1328 747 864
f 1319 1325 977
f 896 936 1319
f 1327 986 1326
f 1283 801 1327
f 936 935 1325
f 1004 1328 863
f 1049 1329 843
f 843 1017 844
f 1018 869 1331
f 1012 1011 1222
f 1011 1014 1331
f 1017 1016 1330
f 1019 1018 1332
f 1014 1021 1332
f 1016 1023 1034
f 1025 1019 1333
f 1028 976 1335
f 2240 1033 1334
f 1035 1033 950
f 1037 1036 1337
f 1039 1336 1041
f 1041 1036 1010
f 1035 829 1330
f 1065 781 1066
f 1240 1338 1339
f 1152 1151 1341
f 1151 970 1340
f 1343 1218 1342
f 1232 1343 865
f 865 1342 866
f 1047 1235 1048
f 1343 1232 1047
f 1218 1343 1219
f 1046 1045 1050
f 866 1046 874
f 874 1050 875
f 1289 1338 1344
f 1278 1289 1259
f 1257 1259 1055
f 1367 1213 1056
f 827 1345 1226
f 1226 1346 1052
f 1241 1240 917
f 1097 1144 1094
f 917 1339 918
f 1062 1347 1063
f 921 1275 1062
f 922 921 1056
f 1313 1142 1314
f 1149 1148 1340
f 960 836 1313
f 963 745 959
f 966 1066 962
f 871 1005 965
f 1048 1067 1049
f 1067 1068 1329
f 1068 1070 1015
f 911 1348 855
f 860 1349 861
f 856 1349 1143
f 1079 1177 1080
f 1075 787 1079
f 1143 1075 773
f 1078 1077 1336
f 1081 1078 1039
f 1082 1081 732
f 728 706 1350
f 729 728 1083
f 1083 1350 1084
f 753 729 1351
f 754 753 1087
f 1088 1087 1085
f 1086 719 1087
f 1090 720 1086
f 1091 1090 1139
f 1089 1131 1090
f 1352 725 1089
f 1368 1352 1115
f 1092 1122 1093
f 1353 714 1092
f 1206 1353 833
f 1094 1125 1095
f 881 1097 923
f 1042 1261 1043
f 1096 749 1097
f 1354 750 1096
f 1243 1354 880
f 1098 1171 1099
f 1080 1178 1098
f 774 1080 767
f 1100 1168 1101
f 1099 1172 1100
f 768 1099 782
f 1102 1355 1103
f 1101 1169 1356
f 783 1101 1164
f 1280 777 1104
f 1357 929 1104
f 1375 1357 1285
f 1385 1358 1296
f 1359 1287 1042
f 930 1359 852
f 1175 1360 1361
f 1043 1256 1361
f 853 1043 771
f 1129 1362 1130
f 1114 1113 1116
f 1132 1131 724
f 1071 1149 1072
f 1165 1164 1363
f 1180 1179 1182
f 803 1184 804
f 1113 1198 707
f 837 1212 838
f 1254 1266 1364
f 947 1365 948
f 970 969 1072
f 969 1314 1073
f 1320 1186 1321
f 1346 1367 1265
f 1164 1356 776
f 1115 1114 1368
f 804 1183 724
f 1181 1180 1355
f 1186 1184 984
f 1198 1197 824
f 1213 1345 837
f 886 1195 1253
f 887 886 1364
f 1265 1058 1266
f 838 1211 1301
f 1316 1231 1366
f 1314 1210 1366
f 1179 1320 800
f 1345 1213 1346
f 1093 726 1352
f 834 1093 1368
f 1356 1181 1102
f 713 1123 714
f 1399 1280 1370
f 932 1282 933
f 1284 1283 1286
f 1209 1288 1371
f 953 1372 954
f 1318 1316 1369
f 1210 1373 1369
f 999 1327 1000
f 933 1281 713
f 925 924 1208
f 940 925 1371
f 1399 1374 1165
f 927 1263 1248
f 928 927 1292
f 1276 919 1275
f 1376 1274 1276
f 1000 1326 932
f 1285 1284 1375
f 1288 1246 938
f 942 928 1295
f 1294 1060 1295
f 1277 1305 1376
f 716 1318 1374
f 935 1283 999
f 1318 718 1377
f 1347 1061 1294
f 1275 918 1347
f 1095 715 1353
f 924 1095 1206
f 1359 930 1357
f 1287 1359 1375
f 1393 1378 953
f 1394 1379 947
f 1389 1270 1380
f 1402 1381 906
f 1396 1308 1382
f 1378 1383 1372
f 1379 1384 1365
f 1395 1385 1386
f 1400 1362 1387
f 1401 1388 1380
f 1358 1111 710
f 1271 1390 1387
f 1390 1118 1391
f 1403 1382 1392
f 1381 1393 1311
f 1383 1394 1303
f 1384 1395 946
f 1402 906 1396
f 1106 1125 1107
f 931 1397 1370
f 1370 1398 1399
f 931 1227 1397
f 1141 784 1373
f 1165 1363 1399
f 1374 1398 716
f 1391 1117 1112
f 1387 1391 1400
f 1128 1401 1129
f 1120 1119 1385
f 1380 1269 1129
f 1305 1378 1306
f 1301 1300 1394
f 1290 1307 1402
f 1291 1396 1309
f 1302 1383 1305
f 1300 1298 1379
f 1297 1120 1395
f 952 951 1400
f 1119 1109 1358
f 1309 1382 1310
f 1306 1393 1307
f 1301 1394 1302
f 1298 1297 1384
f 1290 1402 1291
f 1407 1404 1406
f 1404 1407 1409
f 1411 1409 1410
f 1413 1411 1412
f 2241 1413 1414
f 1426 1415 1417
f 2242 1418 1420
f 1420 1419 1422
f 1422 1421 1424
f 2243 1424 1425
f 1428 1426 1427
f 1430 1428 1429
f 2174 1430 1431
f 2244 1432 1434
f 1434 1433 1436
f 1436 1435 1438
f 1438 1437 1440
f 1482 1441 1443
f 1445 1443 1444
f 1447 1445 1446
f 2167 1447 1448
f 1452 1449 1451
f 1454 1452 1453
f 1456 1454 1455
f 1458 1456 1457
f 2245 1458 1459
f 1463 1460 1462
f 2208 1463 1464
f 2208 1464 1466
f 1468 1466 1467
f 2211 1468 1469
f 1473 1470 1472
f 2246 1473 1474
f 2246 1474 1476
f 1476 1475 1478
f 1478 1477 1480
f 2168 1481 1482
f 2247 1483 1485
f 1485 1484 1487
f 1487 1486 1489
f 1489 1488 1491
f 1491 1490 1493
f 1493 1492 1495
f 2248 1496 1498
f 1498 1497 1500
f 1502 1500 1501
f 2249 1502 1503
f 2249 1503 1505
f 1505 1504 1507
f 2250 1508 1510
f 1512 1510 1511
f 1514 1512 1513
f 1516 1514 1515
f 2251 1516 1517
f 2252 1518 1520
f 1520 1519 1522
f 1524 1522 1523
f 2253 1524 1525
f 2254 1526 1528
f 1528 1527 1530
f 2255 1530 1531
f 2255 1531 1533
f 2256 1534 1536
f 1536 1535 1538
f 1538 1537 1540
f 2257 1540 1541
f 2258 1542 1544
f 1544 1543 1546
f 1548 1546 1547
f 2259 1548 1549
f 2260 1550 1552
f 1552 1551 1554
f 1554 1553 1556
f 2261 1556 1557
f 2262 1558 1560
f 2263 1560 1561
f 2263 1561 1563
f 1563 1562 1565
f 2264 1566 1568
f 1568 1567 1570
f 1570 1569 1572
f 1572 1571 1574
f 1584 1575 1577
f 1577 1576 1579
f 1579 1578 1581
f 1581 1580 1583
f 1575 1584 1586
f 2265 1587 1589
f 1589 1588 1591
f 1591 1590 1593
f 1595 1593 1594
f 2266 1595 1596
f 1607 1597 1599
f 1599 1598 1601
f 1601 1600 1603
f 1605 1603 1604
f 2267 1605 1606
f 1597 1607 1609
f 1613 1610 1612
f 2268 1613 1614
f 2268 1614 1616
f 1616 1615 1618
f 1618 1617 1620
f 2269 1611 1621
f 1625 1622 1624
f 1627 1625 1626
f 1629 1627 1628
f 2270 1629 1630
f 2270 1630 1632
f 2271 1633 1635
f 1635 1634 1637
f 1637 1636 1639
f 1639 1638 1641
f 2272 1641 1642
f 2273 1643 1645
f 1645 1644 1647
f 1647 1646 1649
f 1651 1649 1650
f 1653 1651 1652
f 1655 1653 1654
f 2274 1655 1656
f 2275 1657 1659
f 1659 1658 1661
f 1661 1660 1663
f 2276 1663 1664
f 2277 1665 1667
f 1667 1666 1669
f 1671 1669 1670
f 2278 1671 1672
f 1676 1673 1675
f 2279 1676 1677
f 2279 1677 1679
f 1679 1678 1681
f 2280 1681 1682
f 2281 1674 1683
f 2282 1684 1686
f 1686 1685 1688
f 1688 1687 1690
f 1690 1689 1692
f 1692 1691 1694
f 2283 1695 1697
f 1697 1696 1699
f 2284 1699 1700
f 2284 1700 1702
f 1702 1701 1704
f 2285 1705 1707
f 2285 1707 1709
f 1709 1708 1711
f 1711 1710 1713
f 1713 1712 1715
f 2192 1716 1718
f 1718 1717 1720
f 1720 1719 1722
f 1722 1721 1724
f 1724 1723 1726
f 1726 1725 1728
f 1728 1727 1730
f 2286 1731 1733
f 2286 1733 1735
f 1735 1734 1737
f 1739 1737 1738
f 2287 1739 1740
f 2288 1741 1743
f 1743 1742 1745
f 1745 1744 1747
f 1749 1747 1748
f 2289 1749 1750
f 1754 1751 1753
f 1756 1754 1755
f 1758 1756 1757
f 1760 1758 1759
f 2205 1760 1761
f 1765 1762 1764
f 2290 1765 1766
f 2290 1766 1768
f 1770 1768 1769
f 2291 1770 1771
f 2292 1772 1774
f 1776 1774 1775
f 2293 1776 1777
f 1781 1778 1780
f 1783 1781 1782
f 2294 1783 1784
f 2294 1784 1786
f 2295 1787 1789
f 1789 1788 1791
f 1791 1790 1793
f 1793 1792 1795
f 2296 1796 1798
f 1798 1797 1800
f 1800 1799 1802
f 2297 1802 1803
f 2298 1804 1806
f 2298 1806 1808
f 1808 1807 1810
f 1810 1809 1812
f 1819 1813 1815
f 1817 1815 1816
f 2189 1817 1818
f 1822 1819 1821
f 2191 1822 1823
f 2182 1824 1826
f 2182 1826 1828
f 1828 1827 1830
f 1833 1824 1832
f 2186 1833 1834
f 2299 1835 1837
f 2299 1837 1839
f 1839 1838 1841
f 2300 1836 1842
f 2300 1842 1844
f 1853 1845 1847
f 1847 1846 1849
f 2301 1849 1850
f 2301 1850 1852
f 1845 1853 1855
f 1855 1854 1857
f 1861 1858 1860
f 1863 1861 1862
f 1865 1863 1864
f 2302 1865 1866
f 2303 1867 1869
f 1871 1869 1870
f 1873 1871 1872
f 2304 1873 1874
f 1878 1875 1877
f 2305 1878 1879
f 2305 1879 1881
f 1881 1880 1883
f 2306 1884 1886
f 1886 1885 1888
f 1888 1887 1890
f 2307 1890 1891
f 2308 1892 1894
f 1896 1894 1895
f 1898 1896 1897
f 2309 1898 1899
f 1903 1900 1902
f 1905 1903 1904
f 1907 1905 1906
f 2163 1907 1908
f 1900 1909 1911
f 2310 1912 1914
f 1914 1913 1916
f 2311 1916 1917
f 2311 1917 1919
f 2213 1920 1922
f 1922 1921 1924
f 1924 1923 1926
f 1926 1925 1928
f 1930 1928 1929
f 2219 1930 1931
f 1939 1932 1934
f 1934 1933 1936
f 1936 1935 1938
f 1932 1939 1941
f 2312 1941 1942
f 2313 1943 1945
f 1945 1944 1947
f 1947 1946 1949
f 1949 1948 1951
f 2314 1952 1954
f 1954 1953 1956
f 1956 1955 1958
f 1958 1957 1960
f 2315 1961 1963
f 2315 1963 1965
f 1965 1964 1967
f 2316 1967 1968
f 1962 1961 1970
f 1979 1971 1973
f 1973 1972 1975
f 1975 1974 1977
f 2317 1977 1978
f 1981 1971 1980
f 1983 1981 1982
f 2318 1983 1984
f 2317 1978 1986
f 2319 1987 1989
f 1991 1989 1990
f 2320 1991 1992
f 2320 1992 1994
f 2175 1995 1997
f 2175 1997 1999
f 1999 1998 2001
f 2001 2000 2003
f 2006 1995 2005
f 2181 2006 2007
f 2015 2008 2010
f 2010 2009 2012
f 2012 2011 2014
f 2008 2015 2017
f 2017 2016 2019
f 2321 2020 2022
f 2020 2023 2021
f 2024 2023 2026
f 2030 2027 2029
f 2032 2030 2031
f 2034 2032 2033
f 2159 2034 2035
f 2027 2036 2038
f 2042 2039 2041
f 2044 2042 2043
f 2046 2044 2045
f 2322 2046 2047
f 2040 2039 2049
f 2151 2050 2052
f 2052 2051 2054
f 2054 2053 2056
f 2056 2055 2058
f 2151 2059 2061
f 2065 2062 2064
f 2067 2065 2066
f 2069 2067 2068
f 2071 2069 2070
f 2323 2071 2072
f 2324 2073 2075
f 2324 2075 2077
f 2077 2076 2079
f 2079 2078 2081
f 2074 2073 2083
f 2087 2084 2086
f 2325 2087 2088
f 2085 2084 2090
f 2100 2091 2093
f 2093 2092 2095
f 2095 2094 2097
f 2097 2096 2099
f 2091 2100 2102
f 2102 2101 2104
f 2231 2105 2107
f 2231 2107 2109
f 2109 2108 2111
f 2113 2111 2112
f 2235 2113 2114
f 2326 2115 2117
f 2117 2116 2119
f 2119 2118 2121
f 2121 2120 2123
f 2327 2124 2126
f 2327 2126 2128
f 2128 2127 2130
f 2132 2130 2131
f 2328 2132 2133
f 2221 2134 2136
f 2221 2136 2138
f 2138 2137 2140
f 2224 2140 2141
f 2226 2142 2144
f 2144 2143 2146
f 2146 2145 2148
f 2148 2147 2150
f 2059 2151 2152
f 2152 2052 2153
f 2153 2054 2154
f 2154 2056 2155
f 2050 2151 2156
f 2329 2036 2030
f 2329 2030 2157
f 2157 2032 2158
f 2330 2158 2159
f 2028 2027 2160
f 2331 1909 1903
f 2331 1903 2161
f 2162 2161 1907
f 2332 2162 2163
f 2333 1901 1911
f 2169 1482 2164
f 2165 2164 1445
f 2166 2165 1447
f 2334 2166 2167
f 2335 2168 2169
f 2171 2170 1426
f 2172 2171 1428
f 2173 2172 1430
f 2336 2173 2174
f 2004 1995 2176
f 2176 2175 2177
f 2177 1999 2178
f 2178 2001 2179
f 1996 1995 2180
f 2337 2180 2181
f 2338 1831 2182
f 2338 2182 2183
f 2183 1828 2184
f 2185 1825 1833
f 2339 2185 2186
f 1820 1819 2187
f 2188 2187 1817
f 2340 2188 2189
f 1813 1819 2190
f 2341 2190 2191
f 2342 2192 2193
f 2193 1718 2194
f 2194 1720 2195
f 2195 1722 2196
f 2196 1724 2197
f 2197 1726 2198
f 2198 1728 2199
f 2201 2200 1754
f 2202 2201 1756
f 2203 2202 1758
f 2204 2203 1760
f 2343 2204 2205
f 2207 2206 1463
f 2344 2207 2208
f 2344 2208 2209
f 2209 1466 2210
f 2210 1468 2212
f 2345 2213 2214
f 2214 1922 2215
f 2215 1924 2216
f 2217 2216 1928
f 2218 2217 1930
f 2346 2218 2219
f 2222 2220 2221
f 2347 2222 2138
f 2347 2138 2223
f 2223 2140 2225
f 2348 2226 2227
f 2349 2227 2146
f 2349 2146 2228
f 2228 2148 2229
f 2350 2230 2231
f 2350 2231 2232
f 2232 2109 2233
f 2234 2233 2113
f 2351 2234 2235

