# https://github.com/mikedh/trimesh

o v2_Teeth_Base-mesh
v 0.01757956 -0.06256951 1.58101945
v 0.01971620 -0.06241937 1.58089416
v 0.01969971 -0.06343959 1.58262670
v 0.02152701 -0.06192346 1.58092471
v 0.02179785 -0.06300274 1.58267031
v 0.02277154 -0.06154315 1.58168799
v 0.02300509 -0.06226487 1.58322650
v 0.02363604 -0.06096767 1.58177709
v 0.02388093 -0.06192848 1.58397948
v 0.02459567 -0.06038664 1.58177432
v 0.02496951 -0.06154697 1.58352822
v 0.02635107 -0.05950131 1.58215319
v 0.02742067 -0.06028171 1.58418657
v 0.02747092 -0.05885593 1.58289777
v 0.02842973 -0.05946845 1.58482445
v 0.02994682 -0.05777999 1.58347532
v 0.03059111 -0.05889687 1.58542048
v 0.03076494 -0.05683118 1.58363315
v 0.03129661 -0.05770395 1.58518926
v 0.03199099 -0.05468525 1.58420229
v 0.03296966 -0.05540585 1.58585691
v 0.03191346 -0.05335389 1.58468144
v 0.03304322 -0.05460512 1.58655788
v 0.03300935 -0.05169032 1.58527383
v 0.03406859 -0.05313663 1.58715867
v 0.03382869 -0.05067057 1.58505655
v 0.03460968 -0.05207360 1.58665074
v 0.03512098 -0.04839521 1.58608526
v 0.03652552 -0.04953734 1.58768509
v 0.03534872 -0.04751964 1.58771752
v 0.03608107 -0.04832613 1.58843807
v 0.03550904 -0.04647946 1.58756998
v 0.03667809 -0.04718864 1.58904440
v 0.03644173 -0.04487485 1.58750866
v 0.03765587 -0.04602840 1.58928857
v 0.03704733 -0.04299540 1.58797940
v 0.03829342 -0.04366707 1.58991903
v 0.03700345 -0.04186924 1.58809916
v 0.04012414 -0.04266810 1.59047987
v 0.03798677 -0.03996166 1.58830160
v 0.03927193 -0.04106712 1.59073334
v 0.03855613 -0.03862956 1.58908148
v 0.03914569 -0.03913902 1.59033963
v 0.03901663 -0.03561902 1.58994781
v 0.03976110 -0.03583574 1.59110103
v 0.03890052 -0.03400095 1.59059686
v 0.03971300 -0.03416437 1.59249277
v 0.03825435 -0.03256207 1.59086516
v 0.04079677 -0.03309047 1.59265338
v 0.03862497 -0.03100750 1.59106760
v 0.03986503 -0.03166859 1.59319285
v 0.03940424 -0.02681633 1.59224949
v 0.04153598 -0.02694965 1.59362928
v 0.03873765 -0.02451155 1.59293385
v 0.04144278 -0.02483386 1.59471465
v 0.03292971 -0.03237972 1.59337947
v 0.03003813 -0.03149115 1.58895431
v 0.03024694 -0.03324525 1.58896825
v 0.04107198 -0.02736421 1.59540543
v 0.04137122 -0.02780942 1.59674339
v 0.04076113 -0.03195215 1.59603036
v 0.02612506 -0.06328166 1.58664233
v 0.02434973 -0.06344814 1.58733876
v 0.02450885 -0.06370060 1.58596273
v 0.03377556 -0.05480066 1.58808156
v 0.03409826 -0.05550613 1.58971471
v 0.03425361 -0.05658215 1.58866464
v 0.03868674 -0.04749792 1.59238419
v 0.03716256 -0.04888173 1.59259959
v 0.03873859 -0.04834581 1.59066648
v 0.04068592 -0.02593677 1.59652058
v 0.03954549 -0.02608127 1.59788820
v 0.02841678 -0.06125188 1.58632201
v 0.02838053 -0.06118848 1.58743350
v 0.03448804 -0.05488831 1.58987819
v 0.04017793 -0.04446910 1.59309722
v 0.03977122 -0.04681705 1.59070544
v 0.01965832 -0.06463539 1.58613728
v 0.01794448 -0.06459091 1.58710200
v 0.01786939 -0.06433958 1.58522457
v 0.02914806 -0.06054252 1.58732857
v 0.02929494 -0.06052786 1.58882159
v 0.03569776 -0.05400875 1.58968128
v 0.03433584 -0.05406354 1.58833691
v 0.04032216 -0.04310839 1.59209354
v 0.03961665 -0.04307952 1.59393012
v 0.04025376 -0.03444217 1.59457353
v 0.04128367 -0.03647444 1.59304896
v 0.02184279 -0.06381201 1.58467215
v 0.02213295 -0.06424134 1.58628770
v 0.02980941 -0.06017521 1.58900445
v 0.03812623 -0.05104353 1.59061446
v 0.03661832 -0.05360477 1.58838517
v 0.03960547 -0.04186459 1.59237113
v 0.03908482 -0.04257164 1.59406936
v 0.03950967 -0.03412648 1.59657814
v 0.03978069 -0.03484086 1.59662828
v 0.02367152 -0.06371276 1.58584297
v 0.02362021 -0.06362278 1.58741767
v 0.03271908 -0.05924273 1.58792926
v 0.03060406 -0.06018785 1.58726261
v 0.03736268 -0.04927922 1.59030244
v 0.03705531 -0.04947717 1.59225790
v 0.04003985 -0.04032228 1.59378612
v 0.03986287 -0.03354404 1.59469606
v 0.03422964 -0.05617491 1.58771010
v 0.02041015 -0.05866289 1.58740185
v 0.01869825 -0.05832957 1.58695523
v 0.01867887 -0.05897960 1.58708429
v 0.03211612 -0.04051485 1.59363205
v 0.03201490 -0.04112088 1.59310464
v 0.03376942 -0.04204017 1.59461072
v 0.03236284 -0.04792678 1.59294680
v 0.03154743 -0.04714723 1.59194500
v 0.03176952 -0.04885165 1.59121238
v 0.02927940 -0.05422538 1.58929876
v 0.02882354 -0.05338592 1.58858384
v 0.02766744 -0.05457875 1.58814930
v 0.03276501 -0.02772140 1.59636551
v 0.03102361 -0.02772808 1.59500620
v 0.03146663 -0.03059693 1.59471930
v 0.02299911 -0.05858889 1.58822633
v 0.02306624 -0.05665476 1.58755968
v 0.02199082 -0.05796244 1.58815771
v 0.03309048 -0.04313365 1.59334792
v 0.03123685 -0.04463019 1.59234977
v 0.03321245 -0.04573815 1.59340825
v 0.02995922 -0.05071633 1.59023658
v 0.02942080 -0.05005089 1.58990232
v 0.02917857 -0.05104706 1.58939262
v 0.02721103 -0.05727777 1.58931270
v 0.02689143 -0.05596675 1.58838981
v 0.02629257 -0.05641716 1.58830248
v 0.03361628 -0.03234880 1.59563389
v 0.03153802 -0.03350449 1.59451597
v 0.03566771 -0.03410095 1.59673132
v 0.02126734 -0.05814777 1.58805178
v 0.02077330 -0.05936622 1.58745387
v 0.03409621 -0.03935953 1.59493381
v 0.03329940 -0.03875871 1.59403594
v 0.03286242 -0.04657175 1.59269987
v 0.02891037 -0.05192468 1.58934059
v 0.03394347 -0.02649468 1.59577501
v 0.02575875 -0.05741974 1.58824958
v 0.02539205 -0.05656404 1.58763030
v 0.01755853 -0.05886706 1.58648361
v 0.02709936 -0.05461821 1.58859868
v 0.03449584 -0.03118893 1.59606102
v 0.02138223 -0.05922574 1.58858196
v 0.03357932 -0.03494671 1.59457165
v 0.03273474 -0.03501913 1.59501273
v 0.03161429 -0.05292883 1.59069615
v 0.03275173 -0.03475692 1.59313806
v 0.03042376 -0.03548124 1.58882337
v 0.01776722 -0.06182290 1.57754042
v 0.01949921 -0.06067743 1.57762399
v 0.02132086 -0.06027354 1.57766018
v 0.02239311 -0.05993641 1.57804835
v 0.02270634 -0.05950308 1.57840575
v 0.02382266 -0.05870533 1.57858307
v 0.02571907 -0.05742985 1.57894434
v 0.02671174 -0.05727182 1.57961841
v 0.02829918 -0.05575329 1.57995544
v 0.02871313 -0.05456696 1.58018102
v 0.02980298 -0.05289271 1.58095813
v 0.03023261 -0.05187992 1.58137973
v 0.03136469 -0.04966882 1.58166197
v 0.03186780 -0.04846624 1.58198141
v 0.03308788 -0.04630982 1.58273628
v 0.03379875 -0.04534550 1.58335556
v 0.03402233 -0.04417049 1.58376033
v 0.03450552 -0.04285993 1.58435271
v 0.03515446 -0.04134864 1.58484581
v 0.03515873 -0.04067214 1.58517997
v 0.03553239 -0.03912286 1.58528954
v 0.03627166 -0.03752438 1.58550128
v 0.03733329 -0.03489759 1.58659507
v 0.03748111 -0.03307831 1.58696176
v 0.03688070 -0.03125495 1.58730345
v 0.03631156 -0.02977856 1.58803795
v 0.03678667 -0.02603661 1.58858384
v 0.03667306 -0.02366587 1.58928204
v 0.02066035 -0.05431395 1.58297480
v 0.02016476 -0.05203692 1.58441027
v 0.01988096 -0.05274108 1.58416145
v 0.02193327 -0.05329949 1.58333043
v 0.02044075 -0.05124604 1.58455980
v 0.02661130 -0.02528120 1.58067223
v 0.02633392 -0.02711877 1.58179192
v 0.03310764 -0.02629694 1.58373343
v 0.01732897 -0.05143878 1.58279472
v 0.01893013 -0.05614651 1.58237135
v 0.02481500 -0.04860588 1.58408629
v 0.02454775 -0.04584623 1.58531556
v 0.02082770 -0.04903614 1.58472505
v 0.02550666 -0.04731575 1.58394229
v 0.02454244 -0.04500687 1.58526730
v 0.01778736 -0.05667881 1.58199248
v 0.01704993 -0.05222448 1.58273716
v 0.01720832 -0.05269476 1.58239736
v 0.02346055 -0.05131010 1.58382442
v 0.02081137 -0.04969147 1.58476224
v 0.02061375 -0.05037400 1.58470181
v 0.02396970 -0.05011811 1.58395901
v 0.02550677 -0.04057576 1.58541772
v 0.02480603 -0.04246106 1.58503796
v 0.02675634 -0.04445433 1.58391263
v 0.03030272 -0.04174334 1.58619948
v 0.02561530 -0.03990957 1.58538341
v 0.02273756 -0.05225326 1.58357560
v 0.02673288 -0.03413372 1.58425243
v 0.02623685 -0.03625188 1.58426450
v 0.03142617 -0.03695391 1.58577611
v 0.02907220 -0.04615244 1.58538794
v 0.02461615 -0.04323031 1.58507515
v 0.02454016 -0.04417272 1.58512706
v 0.03304051 -0.02823114 1.58440009
v 0.02630779 -0.02858703 1.58233981
v 0.02654305 -0.03060667 1.58255608
v 0.02614880 -0.03717313 1.58468609
v 0.02594204 -0.03783978 1.58490337
v 0.03117896 -0.03884450 1.58596926
v 0.02647360 -0.03170675 1.58308161
v 0.03263396 -0.03206673 1.58525711
v 0.03083424 -0.03990660 1.58611127
v 0.02573838 -0.03851182 1.58502866
v 0.02571596 -0.03915648 1.58525058
v 0.03046006 -0.04069795 1.58614469
v 0.02253119 -0.05465378 1.58454397
v 0.02125826 -0.05566815 1.58418746
v 0.02002175 -0.05515943 1.58262947
v 0.02940381 -0.04233144 1.58750589
v 0.02989203 -0.03951561 1.58819855
v 0.02960574 -0.04097241 1.58790048
v 0.03001666 -0.02972034 1.58885314
v 0.03313957 -0.03072237 1.58482445
v 0.03240789 -0.03338350 1.58560433
v 0.02651018 -0.03289308 1.58352269
v 0.02734060 -0.04903168 1.58605371
v 0.02869504 -0.04693841 1.58551335
v 0.03022364 -0.03691640 1.58871202
v 0.03134714 -0.03789104 1.58592000
v 0.02991566 -0.03818908 1.58840277
v 0.03345413 -0.02655284 1.58962096
v 0.02800885 -0.04687035 1.58641764
v 0.02767320 -0.04794842 1.58628216
v 0.03217402 -0.03461338 1.58585315
v 0.02348484 -0.05406205 1.58472694
v 0.02899765 -0.04360449 1.58737960
v 0.02973570 -0.04390959 1.58555973
v 0.02860361 -0.04489880 1.58688285
v 0.02543006 -0.05240738 1.58506762
v 0.02441680 -0.05328620 1.58489872
v 0.01850040 -0.05752438 1.58364610
v 0.01714828 -0.05676636 1.58179015
v 0.01723173 -0.05786235 1.58362386
v 0.02681882 -0.05005553 1.58563034
v 0.02634820 -0.05153424 1.58532673
v 0.02046781 -0.05681177 1.58385508
v 0.03339110 -0.02510089 1.58897755
v 0.03336819 -0.02435676 1.58279383
v 0.02998949 -0.04402945 1.59078624
v 0.02084414 -0.05721947 1.58565912
v 0.02272494 -0.05577056 1.58582349
v 0.03265454 -0.02621277 1.59367012
v 0.01962500 -0.05757127 1.58377804
v 0.01975202 -0.05744871 1.58554301
v 0.02672203 -0.05269467 1.58708064
v 0.02770159 -0.05161057 1.58760894
v 0.01752670 -0.05837311 1.58543067
v 0.02395509 -0.05514587 1.58601375
v 0.02506531 -0.05433744 1.58637591
v 0.02963198 -0.04712104 1.58992733
v 0.03279667 -0.03739884 1.59273230
v 0.02839984 -0.04986714 1.58874168
v 0.03334671 -0.02812409 1.59017250
v 0.03310520 -0.03075505 1.59357173
v 0.03000997 -0.02748408 1.59328384
v 0.03112539 -0.04038403 1.59154576
v 0.02811732 -0.05050037 1.58811775
v 0.03104757 -0.04125031 1.59131266
v 0.02101177 -0.04115142 1.58465355
v 0.02108460 -0.04179041 1.58478538
v 0.02154991 -0.03947225 1.58503984
v 0.01798925 -0.04955572 1.58475571
v 0.01807891 -0.05029731 1.58470834
v 0.02110297 -0.03532822 1.58320702
v 0.02120701 -0.03631428 1.58373155
v 0.02116042 -0.04243478 1.58482445
v 0.02126872 -0.04335519 1.58488012
v 0.02114652 -0.02981338 1.58140386
v 0.02125533 -0.03088086 1.58212065
v 0.02091724 -0.02780432 1.58100274
v 0.02128156 -0.03702950 1.58414750
v 0.02135921 -0.03774991 1.58446971
v 0.01763783 -0.04652876 1.58438525
v 0.02136241 -0.03187211 1.58255243
v 0.02146951 -0.03286346 1.58298510
v 0.02141814 -0.03829159 1.58468886
v 0.02147708 -0.03883326 1.58490802
v 0.01815777 -0.05094697 1.58465444
v 0.01825041 -0.05169384 1.58451431
v 0.02071696 -0.02591901 1.58005107
v 0.01834134 -0.05236459 1.58408995
v 0.01772450 -0.04726515 1.58442975
v 0.01781897 -0.04808825 1.58457375
v 0.01844787 -0.05320886 1.58386249
v 0.01644936 -0.05259866 1.58236670
v 0.01790558 -0.04882463 1.58461824
v 0.01762571 -0.06330793 1.58264529
v 0.01715884 -0.06335222 1.58281885
v 0.01728618 -0.06249986 1.58119212
v 0.01648926 -0.05674594 1.58186065
v 0.01657576 -0.05784722 1.58360161
v 0.01734972 -0.06224612 1.57755060
v 0.01730428 -0.06438433 1.58558109
v 0.01680250 -0.05938711 1.58555795
v 0.01681268 -0.05969704 1.58659972
v 0.01761154 -0.06271862 1.58772870
v 0.01694472 -0.06261148 1.58770092
v 0.01727949 -0.06455991 1.58735735
v 0.04114598 -0.03982545 1.59211855
v 0.04041608 -0.03189143 1.59461902
v 0.02625339 -0.06333420 1.58553283
v 0.04047629 -0.04425526 1.59141947
v 0.01983680 -0.06423790 1.58463130
v 0.03848601 -0.05061875 1.58920589
v 0.03201446 -0.05863095 1.58703327
v 0.02195414 -0.06290507 1.58704345
v 0.01929344 -0.06324498 1.58660436
v 0.03751619 -0.04207137 1.59454841
v 0.03738907 -0.04255891 1.59447878
v 0.04084945 -0.01632931 1.60016486
v 0.04014517 -0.01684041 1.60082222
v 0.04048713 -0.01933938 1.59911480
v 0.03589871 -0.04930113 1.59276860
v 0.03651240 -0.05107483 1.59168035
v 0.03280796 -0.05566007 1.58968128
v 0.03080833 -0.05844116 1.58940280
v 0.03939667 -0.02699558 1.59700527
v 0.03848900 -0.03174510 1.59612964
v 0.02536183 -0.06264017 1.58788377
v 0.02328605 -0.06182142 1.58842047
v 0.03911409 -0.04442917 1.59426992
v 0.03820958 -0.04759727 1.59321145
v 0.04032304 -0.01505401 1.59290972
v 0.04104564 -0.01545159 1.59574811
v 0.03935749 -0.01833415 1.59474066
v 0.03449661 -0.05353541 1.59054573
v 0.03250927 -0.05414004 1.59060793
v 0.02842762 -0.05890039 1.58953739
v 0.02799153 -0.05914469 1.58944453
v 0.03862127 -0.03368369 1.59633861
v 0.03749716 -0.03439472 1.59606279
v 0.02293906 -0.06204946 1.58842225
v 0.03814721 -0.04016332 1.59390134
v 0.03604149 -0.04898712 1.59303413
v 0.03258166 -0.01612422 1.59337017
v 0.03391403 -0.01270396 1.58391352
v 0.03398752 -0.01619960 1.58634902
v 0.03243877 -0.05433512 1.59061723
v 0.03693715 -0.02619434 1.59799589
v 0.02767574 -0.06094159 1.58823386
v 0.04148041 -0.01564307 1.59791332
v 0.04132816 -0.01911463 1.59810647
v 0.03951731 -0.03641084 1.59596539
v 0.02610513 -0.01026907 1.57440119
v 0.02026565 -0.01114923 1.57277258
v 0.02059698 -0.01443308 1.57511057
v 0.01696055 -0.06119831 1.58780673
v 0.01694472 -0.06261148 1.58770092
v 0.01761154 -0.06271862 1.58772870
v 0.01929344 -0.06324498 1.58660436
v 0.03380135 -0.04155838 1.59477033
v 0.03738907 -0.04255891 1.59447878
v 0.03644648 -0.01725885 1.60109804
v 0.03917464 -0.01855125 1.59921320
v 0.03589871 -0.04930113 1.59276860
v 0.03237064 -0.04923530 1.59143983
v 0.03080833 -0.05844116 1.58940280
v 0.03939667 -0.02699558 1.59700527
v 0.02211352 -0.05912723 1.58878717
v 0.02328605 -0.06182142 1.58842047
v 0.04109916 -0.03686144 1.59473978
v 0.03386085 -0.04346893 1.59404335
v 0.03820958 -0.04759727 1.59321145
v 0.03424049 -0.01936589 1.59844815
v 0.03573329 -0.01738912 1.60033753
v 0.03380473 -0.01704766 1.59737108
v 0.03449661 -0.05353541 1.59054573
v 0.02686404 -0.05750581 1.58931458
v 0.02799153 -0.05914469 1.58944453
v 0.03578404 -0.03352148 1.59679452
v 0.03749716 -0.03439472 1.59606279
v 0.02293906 -0.06204946 1.58842225
v 0.03751619 -0.04207137 1.59454841
v 0.03604149 -0.04898712 1.59303413
v 0.03247314 -0.04733664 1.59319562
v 0.04038021 -0.01859403 1.59618443
v 0.03122750 -0.05355185 1.59043991
v 0.03280796 -0.05566007 1.58968128
v 0.03693715 -0.02619434 1.59799589
v 0.03417341 -0.02645318 1.59754840
v 0.02767574 -0.06094159 1.58823386
v 0.01794792 -0.06081187 1.58763030
v 0.03221524 -0.01144410 1.57866852
v 0.03269185 -0.01427224 1.58051993
v 0.02670387 -0.01411502 1.57622195
v 0.03848900 -0.03174510 1.59612964
v 0.03951731 -0.03641084 1.59596539
v 0.03917464 -0.01855125 1.59921320
v 0.03644648 -0.01725885 1.60109804
v 0.03250927 -0.05414004 1.59060793
v 0.04069018 -0.02526028 1.59685485
v 0.03946363 -0.02542641 1.59803397
v 0.03677981 -0.02231253 1.58976673
v 0.03879377 -0.02346121 1.59315478
v 0.03254392 -0.02445820 1.59347322
v 0.03378967 -0.02215431 1.58891534
v 0.04172353 -0.02412443 1.59505545
v 0.02640813 -0.02241480 1.57892010
v 0.02043195 -0.02300862 1.57764258
v 0.03719327 -0.02529553 1.59841749
v 0.03382593 -0.02592333 1.59769228
v 0.03381701 -0.02554252 1.59627453
v 0.03350477 -0.02071164 1.58240378
v 0.03719327 -0.02529553 1.59841749
v 0.04211568 -0.02311892 1.59696531
v 0.04125777 -0.02324106 1.59815373
v 0.03700234 -0.01962174 1.59045751
v 0.03883500 -0.02079765 1.59374816
v 0.03242123 -0.02268254 1.59364688
v 0.03406472 -0.01948260 1.58765531
v 0.04006675 -0.02122500 1.59511489
v 0.02642988 -0.01830254 1.57719686
v 0.02056571 -0.01838240 1.57645228
v 0.03878265 -0.02287724 1.59814543
v 0.03392681 -0.02358352 1.59746948
v 0.03302999 -0.02351788 1.59566820
v 0.03290758 -0.01791775 1.58175949
v 0.03878265 -0.02287724 1.59814543
v 0.03737424 -0.01738541 1.59108609
v 0.02845446 -0.01907141 1.59293939
v 0.03344190 -0.01929981 1.59646391
v 0.02539232 -0.00722591 1.57345971
v 0.01996021 -0.00798383 1.56997603
v 0.04081061 -0.01430883 1.59958277
v 0.04014960 -0.01457719 1.60106550
v 0.04003543 -0.01142849 1.59455405
v 0.04062642 -0.01396587 1.59788266
v 0.03930010 -0.01554401 1.60220943
v 0.03250927 -0.01292268 1.59225414
v 0.03380179 -0.00989740 1.58253937
v 0.03786451 -0.01615366 1.60266257
v 0.03597076 -0.01570057 1.60145921
v 0.03164893 -0.00787430 1.57686447
v 0.03400966 -0.01508301 1.59847505
v 0.03786451 -0.01615366 1.60266257
v 0.03171932 -0.04598114 1.59076765
v 0.02154593 -0.05685012 1.58575387
v 0.02600209 -0.05364312 1.58673896
v 0.01889283 -0.05886344 1.58550317
v 0.03028956 -0.04940995 1.58952167
v 0.03308805 -0.03897904 1.59236648
v 0.03296917 -0.02963994 1.59368961
v 0.03222316 -0.04333885 1.59165711
v 0.04012287 -0.00889244 1.59757629
v 0.03997776 -0.01205778 1.59970619
v 0.03988418 -0.01311549 1.60097363
v 0.03950447 -0.01404324 1.60185103
v 0.03898453 -0.01453230 1.60251392
v 0.03784709 -0.01529309 1.60298466
v 0.03593225 -0.01480298 1.60242947
v 0.02966325 -0.01303059 1.60519447
v 0.02910871 -0.00713736 1.60307199
v 0.03030937 -0.00746360 1.60154831
v 0.03176935 -0.00799916 1.59455405
v 0.03184495 -0.00776655 1.59054207
v 0.03126629 -0.00450042 1.57610031
v 0.02489906 -0.00270838 1.57169651
v 0.01968489 -0.05978794 1.60260955
v 0.02036731 -0.06006853 1.60283424
v 0.02050052 -0.05898071 1.60352048
v 0.01797204 -0.06616646 1.60422056
v 0.01802937 -0.06626702 1.60246013
v 0.01992081 -0.06649683 1.60272101
v 0.02166890 -0.06628271 1.60285936
v 0.02137785 -0.06582543 1.60477764
v 0.02389670 -0.06521672 1.60221961
v 0.02363211 -0.06502480 1.60434032
v 0.02504068 -0.06461358 1.60222238
v 0.02459656 -0.06452518 1.60452882
v 0.02693814 -0.06424302 1.60310077
v 0.02637542 -0.06390012 1.60520289
v 0.02814361 -0.06342900 1.60337183
v 0.02980703 -0.06157890 1.60285560
v 0.02888824 -0.06144807 1.60523720
v 0.03149745 -0.06014132 1.60320105
v 0.03017754 -0.05977838 1.60555663
v 0.03267696 -0.05920875 1.60392990
v 0.03087757 -0.05872204 1.60617038
v 0.03343194 -0.05778380 1.60433844
v 0.03375143 -0.05577428 1.60442013
v 0.03266817 -0.05577353 1.60652501
v 0.03418825 -0.05470122 1.60427989
v 0.03309601 -0.05468451 1.60666248
v 0.03535818 -0.05360569 1.60462810
v 0.03353642 -0.05376363 1.60708950
v 0.03565050 -0.05215948 1.60474045
v 0.03379626 -0.05204128 1.60718613
v 0.03551220 -0.05021031 1.60471820
v 0.03409284 -0.05052953 1.60683050
v 0.03595864 -0.04930011 1.60495960
v 0.03716660 -0.04773338 1.60528180
v 0.03449667 -0.04781147 1.60761879
v 0.03729803 -0.04656943 1.60568469
v 0.03482928 -0.04672811 1.60784625
v 0.03698441 -0.04465804 1.60537932
v 0.03517649 -0.04491338 1.60775438
v 0.03638157 -0.04358731 1.60567086
v 0.03542299 -0.04385165 1.60779423
v 0.03728708 -0.04193516 1.60644333
v 0.03859448 -0.03968627 1.60700881
v 0.03734856 -0.03989146 1.60912012
v 0.03845867 -0.03698446 1.60703571
v 0.03726389 -0.03764452 1.60926777
v 0.03785649 -0.03508487 1.60709415
v 0.03656176 -0.03566926 1.60922505
v 0.03788266 -0.03239485 1.60815085
v 0.03722471 -0.03266848 1.60954072
v 0.03801732 -0.02964941 1.60836990
v 0.03757923 -0.03018255 1.60968937
v 0.03803807 -0.02734186 1.60777386
v 0.03675419 -0.02801824 1.60991118
v 0.03118416 -0.03862120 1.60652036
v 0.03051358 -0.03933753 1.60681843
v 0.03083916 -0.03672774 1.60751763
v 0.03880091 -0.03176766 1.60591127
v 0.04104005 -0.03155150 1.60513415
v 0.03897961 -0.02917254 1.60511744
v 0.02664190 -0.06502499 1.60006458
v 0.02682641 -0.06463800 1.59837388
v 0.02882387 -0.06434328 1.59935244
v 0.03465030 -0.05579720 1.60231059
v 0.03449047 -0.05759523 1.60231524
v 0.03460802 -0.05755576 1.60120009
v 0.03903705 -0.04878304 1.60289002
v 0.03858596 -0.04863597 1.60156414
v 0.03943359 -0.04734704 1.60263468
v 0.03852978 -0.02712193 1.60582305
v 0.03904940 -0.02919538 1.60614437
v 0.02952147 -0.06342863 1.60071829
v 0.02777564 -0.06447689 1.60072194
v 0.03524379 -0.05450736 1.60234966
v 0.03637321 -0.05585747 1.60106738
v 0.04019990 -0.04616108 1.60370887
v 0.03822335 -0.04746876 1.60297448
v 0.01802296 -0.06635542 1.59948803
v 0.01809413 -0.06655328 1.59764037
v 0.02002108 -0.06645365 1.59862823
v 0.03073064 -0.06179115 1.60066438
v 0.03038712 -0.06339327 1.59962827
v 0.03799795 -0.05347469 1.60321776
v 0.03697274 -0.05457829 1.60092073
v 0.03792313 -0.04428590 1.60352790
v 0.03973675 -0.04599284 1.60275355
v 0.04115483 -0.03875861 1.60499214
v 0.03903472 -0.03666673 1.60498926
v 0.02001312 -0.06673183 1.60022519
v 0.02219454 -0.06590315 1.59885381
v 0.03348778 -0.06076378 1.60143973
v 0.03207174 -0.06096925 1.59926522
v 0.03689343 -0.05194900 1.60272189
v 0.03818905 -0.05324544 1.60200145
v 0.03788831 -0.04317562 1.60337006
v 0.03781908 -0.04391079 1.60220013
v 0.03840787 -0.03457782 1.60512862
v 0.03867174 -0.03559842 1.60324189
v 0.02447148 -0.06558078 1.59974614
v 0.02210820 -0.06628968 1.60036177
v 0.03330360 -0.06042080 1.59973961
v 0.03358740 -0.05910578 1.60079067
v 0.03852791 -0.04997503 1.60275532
v 0.03708143 -0.05171436 1.60159845
v 0.03799507 -0.04304415 1.60224938
v 0.04042460 -0.04159478 1.60289744
v 0.04032968 -0.03388470 1.60356963
v 0.03825811 -0.04980075 1.60152695
v 0.03348069 -0.05923726 1.60191047
v 0.02440895 -0.06549768 1.59815838
v 0.01964077 -0.06208121 1.60041280
v 0.01926804 -0.06121493 1.59997914
v 0.02046139 -0.06099052 1.59981853
v 0.03366504 -0.04363680 1.60242105
v 0.03249212 -0.04350514 1.60377118
v 0.03247955 -0.04272614 1.60428454
v 0.03188789 -0.04985609 1.60216017
v 0.03108914 -0.04954412 1.60267463
v 0.03168744 -0.04833578 1.60290486
v 0.02939882 -0.05674576 1.59996065
v 0.02818201 -0.05609887 1.60062819
v 0.02941642 -0.05479778 1.60115283
v 0.03388491 -0.03200321 1.60539227
v 0.03234081 -0.03266820 1.60668285
v 0.03242184 -0.03022052 1.60673210
v 0.02379138 -0.06122701 1.59873128
v 0.02264032 -0.06030362 1.59919925
v 0.02485052 -0.05935276 1.59977492
v 0.03319746 -0.04450995 1.60282782
v 0.03287320 -0.04643795 1.60255576
v 0.03226958 -0.04619599 1.60308029
v 0.03153110 -0.05150796 1.60187051
v 0.03141300 -0.05262224 1.60072105
v 0.03019674 -0.05212252 1.60204882
v 0.02627177 -0.05788798 1.59955211
v 0.02645484 -0.05793682 1.59993276
v 0.02735432 -0.05688493 1.60008783
v 0.03392852 -0.03593777 1.60375812
v 0.03268737 -0.03683535 1.60525767
v 0.03297365 -0.03537855 1.60555564
v 0.02138284 -0.06246738 1.59993364
v 0.02167283 -0.06079805 1.59910362
v 0.03308461 -0.04069953 1.60409516
v 0.03025746 -0.04267990 1.60318622
v 0.03299230 -0.04806133 1.60181484
v 0.03269163 -0.04866289 1.60174610
v 0.03092251 -0.05399316 1.60069039
v 0.03051031 -0.05525563 1.60074895
v 0.03475705 -0.02758315 1.60554080
v 0.03389593 -0.02989759 1.60610994
v 0.02579261 -0.06010873 1.59938399
v 0.02569815 -0.05867478 1.60004322
v 0.01832097 -0.06257517 1.59946755
v 0.01769948 -0.06071466 1.60045740
v 0.03244203 -0.04456612 1.60336541
v 0.03052941 -0.05103917 1.60227628
v 0.02865242 -0.05742875 1.59941653
v 0.03435809 -0.03492498 1.60417872
v 0.02267989 -0.06210628 1.59874523
v 0.03318727 -0.03843597 1.60415548
v 0.03240412 -0.03829743 1.60486674
v 0.03188513 -0.04765325 1.60296518
v 0.02988882 -0.05339521 1.60173957
v 0.02671855 -0.05932239 1.59974150
v 0.03117791 -0.04080816 1.60599395
v 0.03051768 -0.04085867 1.60644056
v 0.02032038 -0.06752976 1.60651571
v 0.01972971 -0.06611531 1.60474045
v 0.02156309 -0.06707332 1.60699487
v 0.02301305 -0.06670815 1.60711463
v 0.02595704 -0.06551700 1.60714252
v 0.02725465 -0.06469202 1.60741635
v 0.02756223 -0.06290729 1.60537090
v 0.02808362 -0.06383513 1.60758072
v 0.03132772 -0.06128458 1.60781935
v 0.03305567 -0.05861795 1.60828168
v 0.03189819 -0.05717202 1.60657980
v 0.03357560 -0.05751788 1.60842192
v 0.03517638 -0.05533862 1.60881463
v 0.03551203 -0.05426066 1.60895022
v 0.03642733 -0.05179552 1.60921210
v 0.03691302 -0.05034318 1.60905149
v 0.03410562 -0.04911098 1.60702829
v 0.03240479 -0.04913577 1.61144139
v 0.03322491 -0.04667630 1.61179237
v 0.03361241 -0.04522451 1.61181550
v 0.03384203 -0.04406010 1.61203565
v 0.03613635 -0.04213460 1.60846376
v 0.03531280 -0.04077631 1.61236062
v 0.03215741 -0.04094595 1.60491688
v 0.03492286 -0.03685187 1.61296131
v 0.03469917 -0.03348462 1.61331970
v 0.03480359 -0.03129710 1.61366327
v 0.03484361 -0.02931533 1.61383129
v 0.02601703 -0.04071392 1.60982119
v 0.03045525 -0.04409603 1.60569311
v 0.03036665 -0.04487021 1.60545447
v 0.02599799 -0.04431943 1.60909599
v 0.02279273 -0.05770896 1.60305716
v 0.02202348 -0.05827868 1.60287885
v 0.02163492 -0.05699291 1.60474698
v 0.03059222 -0.04218474 1.60605338
v 0.02609638 -0.04212141 1.60962528
v 0.03074895 -0.03522822 1.60770789
v 0.02652961 -0.03574280 1.61048408
v 0.02676227 -0.03458367 1.61061225
v 0.03054972 -0.03363698 1.60807559
v 0.02726732 -0.03187044 1.61112472
v 0.03053910 -0.04324034 1.60573948
v 0.02611128 -0.04373457 1.60925294
v 0.02621377 -0.04305770 1.60940336
v 0.02591902 -0.03912750 1.60991306
v 0.02637525 -0.03679347 1.61044601
v 0.02467177 -0.05557297 1.60374052
v 0.02402238 -0.05632636 1.60339043
v 0.02417375 -0.05343763 1.60592897
v 0.02512608 -0.05474951 1.60408032
v 0.02399189 -0.05270701 1.60597447
v 0.01778665 -0.06037623 1.60276739
v 0.01987222 -0.05916028 1.60332457
v 0.02909588 -0.04708372 1.60693543
v 0.02959114 -0.04762697 1.60474974
v 0.02536648 -0.04669134 1.60828080
v 0.02345125 -0.05697147 1.60312955
v 0.02174223 -0.05639757 1.60508866
v 0.02174948 -0.05572637 1.60532918
v 0.02125417 -0.05884840 1.60269965
v 0.02047882 -0.05940754 1.60270618
v 0.02110535 -0.05793004 1.60422421
v 0.02141084 -0.05740999 1.60448421
v 0.02831976 -0.04969351 1.60557058
v 0.02789500 -0.05078774 1.60534024
v 0.02536272 -0.04812567 1.60780452
v 0.02526703 -0.04737350 1.60803751
v 0.03061563 -0.03116284 1.60858817
v 0.02762234 -0.03014244 1.61113037
v 0.02089511 -0.05844442 1.60387512
v 0.02747624 -0.05189263 1.60492429
v 0.02548336 -0.05385555 1.60422698
v 0.02544385 -0.05022025 1.60708862
v 0.02548309 -0.04906734 1.60748974
v 0.02534738 -0.05090779 1.60675346
v 0.02580634 -0.04501254 1.60884994
v 0.01705236 -0.06046946 1.60265604
v 0.01928548 -0.05902101 1.60366902
v 0.03055198 -0.04697508 1.60437187
v 0.03039288 -0.04794433 1.60414253
v 0.02106623 -0.05993984 1.60052326
v 0.02281387 -0.05896781 1.60080373
v 0.02195541 -0.05955378 1.60052979
v 0.03137105 -0.03110667 1.60805057
v 0.03056344 -0.02919203 1.60875242
v 0.02008191 -0.06033157 1.60060594
v 0.02640370 -0.05626016 1.60141737
v 0.02695497 -0.05550714 1.60195031
v 0.01899156 -0.06063695 1.60077396
v 0.01781205 -0.06095867 1.60084734
v 0.02358313 -0.05839809 1.60098194
v 0.02567297 -0.05711649 1.60107015
v 0.02962213 -0.05078254 1.60362818
v 0.03017107 -0.04919547 1.60402089
v 0.03121443 -0.04260544 1.60563278
v 0.02818401 -0.05336662 1.60242670
v 0.02927087 -0.05168706 1.60329668
v 0.03128826 -0.03347812 1.60771907
v 0.03136514 -0.03563834 1.60747214
v 0.03116435 -0.04366642 1.60522602
v 0.03101908 -0.04473307 1.60491035
v 0.02757973 -0.05456426 1.60238209
v 0.03137221 -0.03716477 1.60700129
v 0.03080031 -0.04598949 1.60469495
v 0.02253224 -0.04653433 1.60864473
v 0.02262798 -0.04728659 1.60841174
v 0.02107325 -0.04688372 1.60880356
v 0.02245039 -0.04587947 1.60879050
v 0.02098835 -0.04622356 1.60904219
v 0.01914015 -0.05432351 1.60572188
v 0.01911120 -0.05481059 1.60547030
v 0.01810946 -0.05434180 1.60587607
v 0.02263285 -0.04062813 1.61007831
v 0.02266589 -0.04166218 1.60995202
v 0.02104364 -0.04145968 1.61026039
v 0.02262067 -0.04795771 1.60817033
v 0.02273020 -0.04880727 1.60785001
v 0.02126767 -0.04839344 1.60824460
v 0.02116894 -0.04763589 1.60856957
v 0.02248409 -0.03480251 1.61067069
v 0.02258459 -0.03563620 1.61062897
v 0.02090097 -0.03564465 1.61066793
v 0.02227706 -0.03312455 1.61094088
v 0.02080047 -0.03481097 1.61070977
v 0.02275853 -0.04240915 1.60981189
v 0.02284044 -0.04306402 1.60966612
v 0.02121819 -0.04286151 1.60997338
v 0.02113635 -0.04220665 1.61012015
v 0.02273678 -0.04957578 1.60752228
v 0.01775786 -0.05167992 1.60720096
v 0.02260379 -0.03657286 1.61058989
v 0.02242100 -0.03886864 1.61015723
v 0.02071269 -0.03868777 1.61027710
v 0.02098758 -0.03638104 1.61071253
v 0.02292229 -0.04371888 1.60952035
v 0.02299329 -0.04428182 1.60936805
v 0.02136026 -0.04398721 1.60967077
v 0.02129706 -0.04351108 1.60992048
v 0.02091735 -0.04566062 1.60919350
v 0.01909305 -0.05538979 1.60522325
v 0.01899361 -0.05607195 1.60497997
v 0.01827138 -0.05557539 1.60530040
v 0.01817266 -0.05481792 1.60562625
v 0.02232736 -0.03047688 1.61125655
v 0.02058258 -0.03304099 1.61097342
v 0.01901098 -0.05693247 1.60465788
v 0.01838395 -0.05643025 1.60488721
v 0.01911314 -0.05268919 1.60646557
v 0.01918719 -0.05325733 1.60622140
v 0.01791980 -0.05291350 1.60662529
v 0.01784576 -0.05234537 1.60686946
v 0.01893920 -0.05780934 1.60424004
v 0.01871866 -0.05898963 1.60374229
v 0.01853205 -0.05756654 1.60439876
v 0.01915825 -0.05374441 1.60596882
v 0.01804625 -0.05386576 1.60612577
v 0.01798300 -0.05338964 1.60637559
v 0.02092150 -0.04044196 1.61029094
v 0.01753285 -0.06640546 1.60422056
v 0.01710151 -0.06673127 1.60431796
v 0.01708601 -0.06619283 1.60242570
v 0.03153353 -0.01751968 1.60783795
v 0.03218685 -0.01926328 1.60870328
v 0.02587684 -0.01856769 1.61078492
v 0.02000586 -0.06803403 1.60653342
v 0.01728121 -0.06872659 1.60657792
v 0.01759760 -0.06669180 1.59939981
v 0.01746555 -0.06624093 1.60244065
v 0.01716686 -0.06103555 1.60083063
v 0.01734518 -0.06161390 1.60021877
v 0.01651566 -0.06171279 1.60019740
v 0.01767933 -0.06402622 1.59841284
v 0.01762244 -0.06651623 1.59762266
v 0.01724296 -0.06646813 1.59760783
v 0.04062382 -0.04196422 1.60413412
v 0.03560761 -0.03857756 1.61252399
v 0.01722116 -0.06664891 1.59929212
v 0.02041036 -0.06507791 1.59893461
v 0.03358673 -0.04374515 1.60233195
v 0.03371391 -0.04325770 1.60240157
v 0.03874723 -0.02200499 1.60637559
v 0.03960836 -0.01969053 1.60580634
v 0.03811256 -0.01982933 1.60641643
v 0.03158423 -0.05045237 1.60218430
v 0.03281454 -0.04885184 1.60148145
v 0.03090170 -0.05752243 1.59968206
v 0.03218187 -0.05583694 1.60027820
v 0.03442528 -0.03176905 1.60511744
v 0.02596108 -0.06272177 1.59767745
v 0.03567364 -0.04638967 1.60255111
v 0.03732942 -0.02276533 1.61046737
v 0.03754115 -0.02059338 1.61034949
v 0.03761792 -0.02128576 1.61420640
v 0.03357240 -0.05417208 1.60032181
v 0.03373455 -0.05198623 1.60206266
v 0.02859448 -0.05840283 1.59891236
v 0.02886018 -0.05827785 1.59891424
v 0.03420678 -0.03598104 1.60404878
v 0.03740811 -0.03382026 1.60412205
v 0.02214888 -0.06470095 1.59869044
v 0.03658208 -0.04081132 1.60319264
v 0.03518917 -0.04838202 1.60153259
v 0.03304311 -0.02299633 1.60726970
v 0.03157006 -0.02361329 1.60921110
v 0.03205292 -0.02056897 1.60905326
v 0.03420440 -0.02999369 1.60547395
v 0.03480233 -0.02766253 1.60415083
v 0.02611847 -0.06045460 1.59922803
v 0.02731785 -0.05962991 1.59968582
v 0.01842928 -0.06410643 1.59872110
v 0.03595212 -0.04484615 1.60275067
v 0.03920557 -0.02209176 1.60713964
v 0.03800819 -0.02018406 1.60848047
v 0.02367307 -0.06392798 1.59767192
v 0.04084957 -0.03830282 1.60383892
v 0.02268581 -0.02496978 1.61179049
v 0.02045696 -0.02513094 1.61191302
v 0.02041828 -0.02152373 1.61124083
v 0.03081044 -0.05450707 1.60015745
v 0.03714379 -0.03780571 1.60378325
v 0.01746981 -0.06248993 1.59943512
v 0.01767933 -0.06402622 1.59841284
v 0.01696742 -0.06347469 1.59807946
v 0.02041036 -0.06507791 1.59893461
v 0.03371391 -0.04325770 1.60240157
v 0.03358673 -0.04374515 1.60233195
v 0.03463176 -0.02201777 1.60642849
v 0.03806868 -0.01992501 1.60493171
v 0.03281454 -0.04885184 1.60148145
v 0.03158423 -0.05045237 1.60218430
v 0.03090170 -0.05752243 1.59968206
v 0.03420440 -0.02999369 1.60547395
v 0.03442528 -0.03176905 1.60511744
v 0.02611847 -0.06045460 1.59922803
v 0.02596108 -0.06272177 1.59767745
v 0.03567364 -0.04638967 1.60255111
v 0.03303547 -0.02193376 1.60627807
v 0.02824145 -0.02294111 1.60822689
v 0.02940253 -0.02085388 1.60795959
v 0.03373455 -0.05198623 1.60206266
v 0.03357240 -0.05417208 1.60032181
v 0.02859448 -0.05840283 1.59891236
v 0.03420678 -0.03598104 1.60404878
v 0.02214888 -0.06470095 1.59869044
v 0.03806874 -0.02238862 1.60907374
v 0.03081044 -0.05450707 1.60015745
v 0.03218187 -0.05583694 1.60027820
v 0.01842928 -0.06410643 1.59872110
v 0.03595212 -0.04484615 1.60275067
v 0.03074978 -0.02765947 1.60895022
v 0.02739416 -0.02903837 1.61124636
v 0.02701845 -0.02755585 1.61170781
v 0.02886018 -0.05827785 1.59891424
v 0.03740811 -0.03382026 1.60412205
v 0.02367307 -0.06392798 1.59767192
v 0.03658208 -0.04081132 1.60319264
v 0.03518917 -0.04838202 1.60153259
v 0.03463176 -0.02201777 1.60642849
v 0.03486990 -0.02011134 1.60651295
v 0.02731785 -0.05962991 1.59968582
v 0.03714379 -0.03780571 1.60378325
v 0.01663248 -0.06250209 1.59931536
v 0.04050755 -0.02696526 1.60457608
v 0.04025946 -0.02575316 1.60496425
v 0.03664710 -0.02641604 1.61028075
v 0.03499741 -0.02750664 1.61401137
v 0.03228353 -0.02827125 1.60670886
v 0.04095328 -0.02566201 1.60665595
v 0.03823521 -0.02590136 1.60797719
v 0.02063765 -0.03047474 1.61148035
v 0.02050168 -0.02935963 1.61159823
v 0.02228353 -0.02935081 1.61137642
v 0.03795179 -0.02587562 1.60433755
v 0.02872758 -0.02837571 1.60725021
v 0.02844705 -0.02688755 1.60762156
v 0.03484565 -0.02680891 1.60577855
v 0.02722963 -0.02462594 1.61173293
v 0.02722642 -0.02130016 1.61098460
v 0.03480233 -0.02766253 1.60415083
v 0.03879161 -0.02388900 1.60611282
v 0.03690395 -0.02468842 1.61047013
v 0.03536022 -0.02586538 1.61411541
v 0.03237767 -0.02674970 1.60690477
v 0.03130902 -0.02540649 1.60949157
v 0.03907341 -0.02408453 1.60697074
v 0.02032713 -0.02795780 1.61188424
v 0.02227943 -0.02782957 1.61175518
v 0.03453209 -0.02428664 1.60627531
v 0.02843160 -0.02451642 1.60813691
v 0.03273158 -0.02411674 1.60639319
v 0.03794437 -0.02446817 1.60900224
v 0.03453209 -0.02428664 1.60627531
v 0.03592074 -0.02354157 1.61428067
v 0.03286640 -0.02469180 1.60745443
v 0.02014273 -0.01914120 1.61090933
v 0.02282937 -0.01891977 1.61089173
v 0.03987123 -0.01736256 1.60661234
v 0.03802900 -0.01787647 1.60788433
v 0.03856067 -0.01813840 1.61024268
v 0.03925018 -0.01748188 1.60585471
v 0.02838767 -0.01945892 1.60821859
v 0.03806868 -0.01992501 1.60493171
v 0.03603396 -0.01802943 1.60615267
v 0.03079887 -0.01587916 1.60697627
v 0.02489889 -0.01640746 1.60969855
v 0.03455085 -0.01833646 1.60705242
v 0.03809962 -0.01792732 1.60537743
v 0.01642954 -0.06112357 1.60081204
v 0.01649938 -0.06053537 1.60264121
v 0.02720367 -0.02143292 1.60885182
v 0.03330776 -0.01644824 1.60662529
v 0.04055315 -0.01627441 1.60778216
v 0.04068226 -0.01488726 1.60724180
v 0.04134482 -0.01444906 1.60854079
v 0.03606540 -0.01740064 1.60565315
v 0.03464195 -0.01742050 1.60653807
v 0.03473304 -0.01650453 1.60602361
v 0.03916960 -0.01675611 1.60562437
v 0.03802982 -0.01729360 1.60515275
v 0.03795224 -0.01657316 1.60482966
v 0.03986713 -0.01645234 1.60618798
v 0.03986304 -0.01554207 1.60576361
v 0.03918111 -0.01601934 1.60539603
v 0.01988345 -0.01671422 1.60973951
v 0.01962417 -0.01428725 1.60856858
v 0.02205901 -0.01428824 1.60846188
v 0.04227756 -0.01530814 1.61262151
v 0.04142474 -0.01600363 1.60900412
v 0.03325396 -0.01772178 1.60734762
v 0.02966325 -0.01303059 1.60519447
v 0.02382099 -0.01417147 1.60851202
v 0.03802982 -0.01729360 1.60515275
v 0.03608300 -0.01667443 1.60523996
v 0.03910723 -0.01508627 1.60394474
v 0.03978135 -0.01452223 1.60421403
v 0.01936246 -0.01200205 1.60814986
v 0.04108256 -0.01262775 1.60666060
v 0.04142053 -0.01055110 1.60934392
v 0.03336122 -0.01466274 1.60354738
v 0.02394623 -0.00660187 1.60492064
v 0.02196620 -0.00346087 1.60188446
v 0.02864916 -0.00343597 1.60014726
v 0.03605798 -0.01536222 1.60376830
v 0.03783557 -0.01541893 1.60401535
v 0.04051569 -0.01381811 1.60512762
v 0.03463215 -0.01515888 1.60370986
v 0.03783557 -0.01541893 1.60401535
v 0.03463215 -0.01515888 1.60370986
v 0.03336122 -0.01466274 1.60354738
v 0.04142053 -0.01055110 1.60934392
v 0.04108256 -0.01262775 1.60666060
v 0.04051569 -0.01381811 1.60512762
v 0.03978135 -0.01452223 1.60421403
v 0.03784709 -0.01529309 1.60298466
v 0.03783557 -0.01541893 1.60401535
v 0.03605798 -0.01536222 1.60376830
v 0.03910723 -0.01508627 1.60394474
v 0.03783557 -0.01541893 1.60401535
v 0.03341794 -0.00659440 1.58215220
v 0.03238542 -0.00755248 1.59761901
v 0.02263551 -0.01079709 1.60623347
v 0.02247463 -0.00678301 1.60478970
v 0.01946019 -0.00367366 1.56943467
v 0.03260635 -0.00749509 1.59966999
v 0.03282346 -0.00146113 1.58146794
v 0.03067053 0.00056200 1.57579205
v 0.02010122 -0.00349657 1.60182590
v 0.03257502 -0.00344261 1.58938885
v 0.03047506 -0.00357743 1.59891236
v 0.03174743 -0.00363775 1.59700250
v 0.03214142 -0.00417617 1.59509253
v 0.03276811 -0.00416637 1.59250672
v 0.02442372 0.00141240 1.57107346
v 0.01898486 0.00044711 1.56881174
v 0.02293446 -0.02142168 1.61113125
v 0.02220146 -0.01653680 1.60971161
v 0.02263551 -0.01079709 1.60623347
v 0.01857510 -0.00455825 1.60425676
v 0.01850975 -0.00349402 1.60186675
v 0.04284349 -0.01775504 1.61287221
v -0.00295395 -0.01412863 1.60559094
v -0.00775587 -0.01749278 1.60423074
v -0.00849474 -0.01162146 1.60210361
v 0.03809962 -0.01792732 1.60537743
v 0.02112068 -0.01024516 1.60438482
v 0.02088486 -0.00807846 1.60350930
v 0.01888513 -0.00692817 1.60319264
v 0.01934414 -0.01109339 1.60465500
v 0.02112068 -0.01024516 1.60438482
v 0.02061724 -0.01032491 1.60251215
v 0.02043432 -0.00868928 1.60204041
v 0.01906339 -0.00811742 1.60177676
v 0.01940452 -0.01119927 1.60280181
v 0.02061724 -0.01032491 1.60251215
v 0.02073351 -0.01096716 1.60097076
v 0.02038867 -0.00870881 1.60027256
v 0.01916107 -0.00858085 1.60013243
v 0.01950696 -0.01174416 1.60134775
v 0.02073351 -0.01096716 1.60097076
v 0.02038241 -0.01089587 1.59974614
v 0.01986031 -0.00957502 1.59937380
v 0.01933507 -0.00983569 1.59918531
v 0.01949932 -0.01129245 1.59955389
v 0.02038241 -0.01089587 1.59974614
v 0.01684223 -0.06265744 1.58100086
v 0.01688838 -0.06339585 1.58262570
v 0.01491013 -0.06401646 1.58241131
v 0.01473929 -0.06301286 1.58076598
v 0.01276562 -0.06407979 1.58243820
v 0.01139219 -0.06364961 1.58292654
v 0.01152734 -0.06288398 1.58139832
v 0.01042475 -0.06353309 1.58363315
v 0.01054850 -0.06252838 1.58143917
v 0.00930136 -0.06341527 1.58312434
v 0.00659131 -0.06276560 1.58365075
v 0.00754934 -0.06174334 1.58166939
v 0.00538839 -0.06221612 1.58423107
v 0.00627287 -0.06138374 1.58235187
v 0.00312584 -0.06217202 1.58471299
v 0.00358756 -0.06092330 1.58279560
v 0.00217240 -0.06117696 1.58443905
v -0.00002551 -0.05934041 1.58500730
v 0.00083915 -0.05840003 1.58340005
v -0.00032065 -0.05858378 1.58569908
v -0.00169153 -0.05740090 1.58623756
v -0.00090750 -0.05573481 1.58440009
v -0.00244076 -0.05649180 1.58569620
v -0.00494891 -0.05448302 1.58661643
v -0.00377279 -0.05303319 1.58508345
v -0.00484039 -0.05320589 1.58738425
v -0.00428238 -0.05224555 1.58669623
v -0.00571795 -0.05224425 1.58795250
v -0.00695214 -0.05134780 1.58814000
v -0.00595432 -0.04993056 1.58641675
v -0.00815793 -0.04920634 1.58872309
v -0.01019812 -0.04866902 1.58918364
v -0.00723588 -0.04714472 1.58695988
v -0.00976003 -0.04691408 1.58946965
v -0.00864887 -0.04552284 1.58710012
v -0.01007062 -0.04500808 1.58907218
v -0.01148284 -0.04194648 1.58978156
v -0.01075265 -0.04155392 1.58866653
v -0.01189962 -0.04031904 1.59116323
v -0.01105311 -0.03995776 1.58930993
v -0.01321211 -0.03953084 1.59126163
v -0.01077766 -0.03840895 1.58960236
v -0.01266921 -0.03793319 1.59184007
v -0.01542220 -0.03374181 1.59216227
v -0.01331433 -0.03310292 1.59089117
v -0.01588409 -0.03166998 1.59323834
v -0.00577971 -0.03699570 1.59238231
v -0.00503602 -0.03926307 1.59216415
v -0.00274824 -0.03717991 1.58811864
v -0.01496458 -0.03404645 1.59396167
v -0.01322418 -0.03828787 1.59323746
v -0.01361644 -0.03843652 1.59462921
v 0.01013105 -0.06541514 1.58559227
v 0.01015629 -0.06514067 1.58697294
v 0.00842928 -0.06539183 1.58618653
v -0.00106290 -0.05895509 1.58718457
v -0.00116185 -0.06039527 1.58679839
v -0.00113789 -0.06080250 1.58775283
v -0.00752842 -0.05386308 1.58947430
v -0.00597081 -0.05402529 1.59148820
v -0.00776456 -0.05303718 1.59118736
v -0.01498196 -0.03257507 1.59508700
v -0.01521832 -0.03455758 1.59528567
v 0.00574408 -0.06395564 1.58573804
v 0.00837333 -0.06546629 1.58507227
v -0.00129324 -0.05972657 1.58880300
v -0.00182507 -0.05921860 1.58894313
v -0.00889204 -0.05262001 1.58945194
v -0.00995999 -0.05044800 1.59180576
v 0.01676337 -0.06447142 1.58519580
v 0.01665418 -0.06474476 1.58706858
v 0.01505009 -0.06518496 1.58601840
v 0.00481641 -0.06344404 1.58670177
v 0.00570787 -0.06389204 1.58684942
v -0.00179292 -0.05837181 1.58740649
v -0.00319601 -0.05864673 1.58867948
v -0.01036879 -0.04915323 1.59078812
v -0.01021468 -0.05030009 1.59011395
v -0.01290956 -0.04293690 1.59165246
v 0.01281056 -0.06488906 1.58444004
v 0.01485988 -0.06483139 1.58450313
v 0.00459462 -0.06347339 1.58818549
v 0.00400312 -0.06325260 1.58833967
v -0.00411873 -0.05846253 1.58733599
v -0.00629744 -0.05634093 1.58946965
v -0.00997953 -0.04777748 1.59109450
v -0.00978400 -0.04897041 1.59265714
v -0.01246483 -0.04072868 1.59321610
v -0.01201629 -0.04101754 1.59529409
v -0.01191854 -0.04025915 1.59525413
v 0.01095272 -0.06522944 1.58551523
v 0.01254774 -0.06538431 1.58604076
v 0.00332313 -0.06344108 1.58655976
v 0.00101420 -0.06302344 1.58711218
v -0.00595504 -0.05444468 1.58918641
v -0.00667498 -0.05600407 1.58804260
v -0.00939417 -0.04835259 1.59282051
v -0.01083544 -0.04638902 1.59247518
v -0.01230268 -0.03976473 1.59335169
v -0.00570943 -0.05457672 1.59115670
v 0.00159989 -0.06225791 1.58625051
v 0.01090142 -0.06513947 1.58708994
v 0.01462361 -0.05946315 1.58698036
v 0.01445864 -0.05883513 1.58684577
v 0.01285256 -0.05956408 1.58720693
v -0.00438703 -0.04659032 1.59362740
v -0.00282361 -0.04527530 1.59220776
v -0.00309103 -0.04471319 1.59272488
v -0.00155395 -0.05197127 1.59207306
v -0.00117752 -0.05323588 1.59057639
v -0.00067263 -0.05272029 1.59037671
v 0.00310448 -0.05734666 1.58862380
v 0.00534835 -0.05721204 1.58803795
v 0.00481045 -0.05730442 1.58756068
v -0.00686608 -0.03244722 1.59534423
v -0.00771586 -0.03622254 1.59497365
v -0.00484648 -0.03492721 1.59378335
v 0.01028031 -0.06010558 1.58789860
v 0.01123801 -0.06042414 1.58850681
v 0.01111531 -0.05925936 1.58787823
v -0.00291637 -0.05004643 1.59247706
v -0.00120535 -0.04849892 1.59151421
v -0.00340698 -0.04748584 1.59240832
v 0.00157233 -0.05410151 1.58950496
v 0.00046238 -0.05664362 1.58989391
v 0.00245061 -0.05423429 1.58870460
v 0.00582869 -0.05982758 1.58876116
v 0.00621897 -0.05996770 1.58878252
v 0.00656917 -0.05876911 1.58779466
v -0.00820298 -0.03933251 1.59560135
v -0.00422217 -0.03776876 1.59359397
v -0.00656779 -0.03714063 1.59459855
v 0.01266274 -0.06033334 1.58724501
v 0.01186647 -0.05926874 1.58780950
v -0.00535059 -0.04406353 1.59391706
v -0.00453938 -0.04613044 1.59378247
v -0.00089477 -0.05101586 1.59110933
v -0.00234474 -0.05077018 1.59179270
v 0.00338595 -0.05641929 1.58792926
v 0.00291980 -0.05502406 1.58867117
v -0.00510521 -0.03203645 1.59407490
v -0.00826829 -0.03152838 1.59468776
v 0.00732570 -0.05961784 1.58777518
v 0.00979446 -0.05823737 1.58721800
v 0.01573594 -0.06107556 1.58757363
v 0.01571519 -0.05908684 1.58643535
v -0.00411126 -0.04799698 1.59306568
v 0.00195557 -0.05332604 1.58919482
v 0.00587767 -0.05847256 1.58784846
v -0.00845534 -0.03879696 1.59565525
v 0.01198136 -0.06034680 1.58834056
v -0.00505307 -0.03952527 1.59403970
v -0.00586748 -0.03965071 1.59355501
v -0.00181235 -0.05142514 1.59231269
v 0.00099727 -0.05715680 1.58966091
v 0.00751198 -0.05869622 1.58716974
v -0.00443816 -0.04183906 1.59177322
v -0.00238707 -0.03939389 1.58797752
v 0.01666121 -0.06195484 1.57751164
v 0.01470658 -0.06124892 1.57750046
v 0.01286346 -0.06295651 1.58070190
v 0.01170189 -0.06121122 1.57777252
v 0.01127785 -0.06086591 1.57811144
v 0.00948056 -0.06218901 1.58138526
v 0.00999784 -0.06035386 1.57822655
v 0.00783900 -0.05956194 1.57848378
v 0.00680405 -0.05964578 1.57910583
v 0.00488920 -0.05854488 1.57935288
v 0.00256240 -0.06019425 1.58290706
v 0.00270640 -0.05612394 1.58025994
v 0.00057722 -0.05709069 1.58387456
v 0.00203001 -0.05524299 1.58065275
v 0.00039719 -0.05336169 1.58086438
v -0.00193144 -0.05493492 1.58413455
v -0.00211927 -0.05050826 1.58182911
v -0.00306740 -0.04974170 1.58240566
v -0.00467503 -0.05127139 1.58653463
v -0.00358114 -0.04865463 1.58279195
v -0.00438825 -0.04749792 1.58335091
v -0.00700770 -0.04824878 1.58684477
v -0.00539829 -0.04618448 1.58380117
v -0.00631067 -0.04411265 1.58421159
v -0.00955416 -0.04436659 1.58784292
v -0.00741469 -0.04273393 1.58437596
v -0.00911801 -0.04043686 1.58539912
v -0.00467276 -0.04328685 1.59305727
v -0.00970757 -0.03870551 1.58574545
v -0.00957066 -0.03679412 1.58610662
v -0.01151300 -0.03698632 1.58977603
v -0.01077063 -0.03170768 1.58735824
v -0.01324361 -0.03071021 1.59159402
v 0.01181246 -0.05536908 1.58274646
v 0.01264851 -0.05603861 1.58244009
v 0.01213909 -0.05366429 1.58396277
v 0.01032043 -0.05468433 1.58303059
v 0.01168556 -0.05304805 1.58419211
v -0.00689209 -0.03106684 1.58270285
v -0.00002535 -0.03026202 1.58111232
v -0.00066964 -0.02853439 1.57996939
v 0.01395321 -0.05674000 1.58224318
v 0.01437967 -0.05179050 1.58271857
v 0.00638190 -0.05080408 1.58361179
v 0.00756423 -0.05207433 1.58353664
v 0.01032088 -0.05028904 1.58445487
v 0.00541464 -0.04971171 1.58342429
v 0.00593036 -0.04806633 1.58483651
v 0.01520676 -0.05698651 1.58192562
v 0.01585797 -0.05692021 1.58175761
v 0.01481206 -0.05298055 1.58233604
v 0.01483796 -0.05248817 1.58268049
v 0.00834538 -0.05311248 1.58343536
v 0.00928144 -0.05385797 1.58322927
v 0.01084419 -0.05153906 1.58445023
v 0.01048884 -0.05092237 1.58449660
v 0.00353072 -0.04722392 1.58331372
v 0.00489830 -0.04483501 1.58452449
v 0.00375580 -0.04316958 1.58485788
v -0.00066483 -0.04543621 1.58540189
v 0.00042713 -0.04740460 1.58480486
v 0.01122417 -0.05234500 1.58432305
v -0.00285931 -0.04104242 1.58489307
v 0.00208956 -0.03913141 1.58364245
v 0.00111094 -0.03718901 1.58359231
v 0.00160697 -0.04942759 1.58467956
v 0.00215143 -0.05010372 1.58482910
v 0.00555409 -0.04643684 1.58463772
v 0.00526144 -0.04553834 1.58457652
v -0.00640624 -0.03293504 1.58338334
v -0.00593854 -0.03538235 1.58381789
v 0.00055243 -0.03370597 1.58188666
v 0.00031717 -0.03168632 1.58167028
v -0.00218491 -0.04282307 1.58510946
v 0.00271642 -0.04060946 1.58430534
v 0.00237014 -0.04000873 1.58407323
v -0.00256970 -0.04193553 1.58504626
v 0.00574072 -0.04724899 1.58478350
v -0.00515379 -0.03657286 1.58428398
v 0.00085166 -0.03476213 1.58242149
v -0.00160791 -0.04377533 1.58527560
v -0.00106047 -0.04445665 1.58533227
v 0.00322767 -0.04183813 1.58467115
v 0.00306574 -0.04121549 1.58444469
v 0.00349563 -0.04254722 1.58481416
v 0.00999668 -0.05614845 1.58422089
v 0.01148876 -0.05683321 1.58393587
v 0.01254159 -0.05775697 1.58365075
v 0.00027959 -0.04580444 1.58675567
v 0.00097945 -0.04694566 1.58665816
v -0.00089117 -0.04318648 1.58740561
v -0.00025579 -0.04453334 1.58713078
v -0.00334721 -0.03369891 1.58799334
v -0.00295704 -0.03542581 1.58810480
v -0.00464254 -0.03780162 1.58464990
v -0.00413915 -0.03894366 1.58491720
v 0.00393062 -0.05182337 1.58545114
v 0.00469914 -0.05269327 1.58506021
v -0.00184992 -0.04074112 1.58788653
v -0.00123618 -0.04190387 1.58760064
v -0.00746726 -0.03143257 1.58856713
v -0.00702171 -0.03293792 1.58913262
v 0.00275554 -0.04988172 1.58576682
v 0.00334156 -0.05084994 1.58565536
v 0.00892271 -0.05579860 1.58435183
v 0.00169131 -0.04810803 1.58618930
v 0.00662833 -0.05464950 1.58458393
v 0.00782699 -0.05526454 1.58447159
v 0.01462943 -0.05798593 1.58354582
v 0.01594143 -0.05801620 1.58359043
v 0.00551884 -0.05401813 1.58479102
v 0.01354212 -0.05829661 1.58362109
v -0.00771459 -0.03000270 1.58791907
v -0.00005639 -0.04761231 1.59001189
v -0.00127586 -0.04991580 1.58991803
v 0.01218060 -0.05825260 1.58543532
v 0.01000609 -0.05728724 1.58549575
v 0.01140774 -0.05805910 1.58549199
v -0.00697654 -0.03093871 1.59264873
v -0.00409117 -0.03155058 1.59240556
v 0.01330045 -0.05821795 1.58537687
v 0.00533966 -0.05524447 1.58652999
v 0.00627868 -0.05599516 1.58623103
v 0.00410726 -0.05442416 1.58700073
v 0.01568342 -0.05859288 1.58538341
v 0.01446888 -0.05939102 1.58538894
v 0.00865557 -0.05697027 1.58562016
v 0.00736953 -0.05644771 1.58592000
v 0.00107259 -0.03592654 1.58286810
v 0.00106074 -0.05052804 1.58919106
v 0.00098100 -0.05290487 1.58876681
v -0.00433108 -0.04344126 1.59140275
v 0.00296225 -0.05290051 1.58808621
v 0.00341705 -0.05344581 1.58748076
v -0.00634154 -0.03545905 1.59255598
v -0.00647758 -0.03434384 1.59267385
v -0.00205414 -0.04434059 1.59069061
v -0.00176326 -0.04516295 1.59046780
v -0.00243102 -0.04747127 1.59076400
v 0.02108460 -0.04179041 1.58478538
v 0.02101177 -0.04115142 1.58465355
v 0.01807891 -0.05029731 1.58470834
v 0.01798925 -0.04955572 1.58475571
v 0.02120701 -0.03631428 1.58373155
v 0.02110297 -0.03532822 1.58320702
v 0.02126872 -0.04335519 1.58488012
v 0.02116042 -0.04243478 1.58482445
v 0.02125533 -0.03088086 1.58212065
v 0.02114652 -0.02981338 1.58140386
v 0.02091724 -0.02780432 1.58100274
v 0.02135921 -0.03774991 1.58446971
v 0.02128156 -0.03702950 1.58414750
v 0.01763783 -0.04652876 1.58438525
v 0.02146951 -0.03286346 1.58298510
v 0.02136241 -0.03187211 1.58255243
v 0.02147708 -0.03883326 1.58490802
v 0.02141814 -0.03829159 1.58468886
v 0.02154991 -0.03947225 1.58503984
v 0.01825041 -0.05169384 1.58451431
v 0.01815777 -0.05094697 1.58465444
v 0.02071696 -0.02591901 1.58005107
v 0.01834134 -0.05236459 1.58408995
v 0.01781897 -0.04808825 1.58457375
v 0.01772450 -0.04726515 1.58442975
v 0.01644936 -0.05259866 1.58236670
v 0.01844787 -0.05320886 1.58386249
v 0.01790558 -0.04882463 1.58461824
v 0.01728618 -0.06249986 1.58119212
v 0.01657576 -0.05784722 1.58360161
v 0.01734972 -0.06224612 1.57755060
v 0.01715884 -0.06335222 1.58281885
v 0.01681268 -0.05969704 1.58659972
v 0.01680250 -0.05938711 1.58555795
v 0.01650559 -0.06285055 1.58769992
v 0.01727949 -0.06455991 1.58735735
v 0.01648926 -0.05674594 1.58186065
v -0.01194123 -0.04615597 1.59075093
v 0.01730428 -0.06438433 1.58558109
v 0.01505385 -0.06375054 1.58649479
v 0.01236898 -0.06404812 1.58679651
v -0.00777198 -0.04794424 1.59331538
v -0.01647105 -0.02613152 1.59764779
v -0.01681307 -0.02363255 1.59935521
v -0.01758338 -0.02329728 1.59865978
v -0.00477769 -0.05599859 1.59061634
v 0.00260573 -0.06180424 1.58867671
v -0.01146463 -0.03770199 1.59484283
v 0.01075155 -0.06331611 1.58809728
v 0.00895636 -0.06459649 1.58746128
v -0.00732010 -0.05302659 1.59203875
v -0.00899626 -0.05016620 1.59303037
v -0.01538872 -0.02486253 1.59333032
v -0.01775587 -0.02246356 1.59423273
v -0.01700383 -0.02189010 1.59143341
v -0.00011727 -0.05803069 1.58976772
v -0.00218519 -0.05790962 1.58960059
v 0.00550316 -0.06182643 1.58886520
v 0.00501765 -0.06169199 1.58893482
v -0.00987587 -0.04004392 1.59484283
v -0.01114802 -0.03961858 1.59505634
v -0.00801349 -0.04750070 1.59337581
v -0.00904147 -0.04579052 1.59268592
v -0.00465405 -0.05413698 1.59172396
v -0.01025186 -0.02147503 1.58520875
v -0.01087833 -0.01804536 1.58275941
v -0.00926141 -0.02111393 1.59229221
v -0.00000293 -0.05957272 1.58883643
v -0.01391042 -0.03245576 1.59651128
v -0.01350626 -0.03330412 1.59564219
v 0.00629335 -0.06349131 1.58768321
v -0.01728901 -0.02610458 1.59659673
v -0.01824277 -0.02276489 1.59637481
v 0.01114188 -0.06345620 1.58811864
v -0.01135799 -0.04247767 1.59465433
v -0.00487996 -0.05386688 1.59198031
v 0.02059698 -0.01443308 1.57511057
v 0.02026565 -0.01114923 1.57277258
v -0.00338777 -0.01378607 1.57364079
v -0.00000343 -0.05820384 1.58978156
v -0.01272538 -0.04327989 1.59335257
v 0.01650559 -0.06285055 1.58769992
v 0.01694472 -0.06261148 1.58770092
v 0.01696055 -0.06119831 1.58780673
v 0.01505385 -0.06375054 1.58649479
v -0.00777198 -0.04794424 1.59331538
v -0.01538728 -0.02505767 1.59780839
v -0.01313851 -0.02317172 1.59982041
v -0.00465405 -0.05413698 1.59172396
v -0.00477769 -0.05599859 1.59061634
v 0.00260573 -0.06180424 1.58867671
v -0.01350626 -0.03330412 1.59564219
v -0.01146463 -0.03770199 1.59484283
v 0.01075155 -0.06331611 1.58809728
v -0.00732010 -0.05302659 1.59203875
v -0.01036752 -0.02468527 1.59729869
v -0.00950718 -0.02442139 1.59535806
v -0.01043465 -0.02232310 1.59623092
v -0.00218519 -0.05790962 1.58960059
v -0.00011727 -0.05803069 1.58976772
v 0.00550316 -0.06182643 1.58886520
v -0.00987587 -0.04004392 1.59484283
v 0.01114188 -0.06345620 1.58811864
v 0.01236898 -0.06404812 1.58679651
v -0.00801349 -0.04750070 1.59337581
v -0.00487996 -0.05386688 1.59198031
v -0.01639368 -0.02536421 1.59472207
v -0.00000293 -0.05957272 1.58883643
v -0.01135748 -0.03195336 1.59675180
v 0.00629335 -0.06349131 1.58768321
v 0.00895636 -0.06459649 1.58746128
v -0.00899626 -0.05016620 1.59303037
v -0.00915121 -0.01926195 1.57944198
v -0.00925919 -0.01638981 1.57759986
v -0.00315766 -0.01767596 1.57545313
v 0.00501765 -0.06169199 1.58893482
v -0.01114802 -0.03961858 1.59505634
v -0.01135799 -0.04247767 1.59465433
v -0.00904147 -0.04579052 1.59268592
v -0.01538728 -0.02505767 1.59780839
v -0.01237700 -0.02312617 1.59909809
v -0.00000343 -0.05820384 1.58978156
v -0.01399228 -0.03180090 1.59665705
v -0.01516204 -0.03192058 1.59541562
v -0.01355613 -0.02970381 1.59180576
v -0.01169917 -0.02809354 1.58851788
v -0.00879072 -0.02723195 1.58781879
v -0.00727152 -0.02920614 1.59244728
v 0.02043195 -0.02300862 1.57764258
v -0.00105709 -0.02568996 1.57821261
v -0.01135748 -0.03195336 1.59675180
v -0.01183868 -0.03114251 1.59715469
v -0.00859126 -0.03155280 1.59644631
v -0.00839469 -0.03057622 1.59518728
v -0.01634066 -0.03104845 1.59355966
v -0.00755327 -0.02923650 1.58173901
v -0.00852264 -0.02572332 1.58132118
v -0.00838578 -0.03095700 1.59660503
v -0.01625339 -0.03009917 1.59667189
v -0.01425221 -0.02712818 1.59238043
v -0.00962162 -0.02469214 1.58652999
v -0.00757850 -0.02745242 1.59261630
v -0.01705446 -0.03017484 1.59544074
v 0.02056571 -0.01838240 1.57645228
v -0.00195707 -0.02168766 1.57646523
v -0.01393593 -0.02916381 1.59678700
v -0.00807575 -0.02841963 1.59460972
v -0.00902221 -0.02870514 1.59636274
v -0.01541684 -0.02784127 1.59368584
v -0.00856680 -0.02286346 1.58069083
v -0.01183868 -0.03114251 1.59715469
v -0.01350106 -0.02345219 1.58977514
v -0.00454071 -0.02300602 1.59208889
v -0.01393593 -0.02916381 1.59678700
v 0.01996021 -0.00798383 1.56997603
v -0.00336326 -0.01065492 1.57271879
v -0.01736156 -0.02143524 1.59958366
v -0.01799091 -0.02132079 1.59806839
v -0.01780646 -0.02093385 1.59637669
v -0.01766014 -0.01830857 1.59306844
v -0.01636778 -0.02218231 1.60077584
v -0.01135920 -0.01528280 1.58137597
v -0.00988682 -0.01797829 1.59116224
v -0.01313851 -0.02317172 1.59982041
v -0.01306120 -0.02154753 1.60019552
v -0.00945682 -0.01277607 1.57580511
v -0.01115133 -0.02046836 1.59731164
v -0.01485406 -0.02244020 1.60130414
v -0.01849431 -0.01588243 1.59606655
v -0.01744269 -0.01995157 1.59949633
v -0.01771780 -0.01893787 1.59821970
v -0.01631471 -0.02112666 1.60108875
v -0.01690073 -0.02076942 1.60039797
v -0.01505578 -0.02160165 1.60162258
v -0.01328406 -0.02067197 1.60116113
v -0.01505578 -0.02160165 1.60162258
v -0.01485406 -0.02244020 1.60130414
v -0.01087817 -0.01993819 1.60240810
v -0.00950607 -0.01221153 1.60052237
v -0.01036675 -0.01280020 1.58945482
v -0.01044241 -0.01303280 1.59346680
v -0.00385652 -0.00613745 1.57095558
v -0.00983945 -0.00940219 1.57504183
v 0.01304897 -0.06057920 1.60243876
v 0.01149424 -0.05956539 1.60363283
v 0.01202127 -0.05999194 1.60330221
v 0.01612870 -0.06638634 1.60417319
v 0.01438415 -0.06675272 1.60460309
v 0.01439085 -0.06715633 1.60257900
v 0.01271432 -0.06685848 1.60455483
v 0.01263667 -0.06735985 1.60262626
v 0.01036028 -0.06660750 1.60399764
v 0.01025618 -0.06684324 1.60186774
v 0.00929710 -0.06634956 1.60413511
v 0.00900390 -0.06652588 1.60180919
v 0.00738934 -0.06616424 1.60471355
v 0.00703045 -0.06661696 1.60258730
v 0.00599550 -0.06547911 1.60481472
v 0.00565526 -0.06611067 1.60279251
v 0.00437227 -0.06437161 1.60460585
v 0.00363211 -0.06470020 1.60218153
v 0.00271227 -0.06305362 1.60484814
v 0.00163592 -0.06370226 1.60243135
v 0.00175335 -0.06219505 1.60541916
v 0.00023482 -0.06307748 1.60309424
v 0.00037760 -0.06093072 1.60576826
v -0.00085360 -0.06187221 1.60345540
v -0.00069565 -0.05975201 1.60566521
v -0.00164007 -0.05999472 1.60350842
v -0.00137381 -0.05879493 1.60577479
v -0.00230921 -0.05905341 1.60333940
v -0.00203941 -0.05800598 1.60617314
v -0.00371988 -0.05826569 1.60362076
v -0.00270125 -0.05639357 1.60624553
v -0.00434923 -0.05692941 1.60370986
v -0.00332634 -0.05499174 1.60586577
v -0.00467187 -0.05500214 1.60368297
v -0.00368219 -0.05361712 1.60605527
v -0.00533138 -0.05422388 1.60389648
v -0.00439710 -0.05244944 1.60661699
v -0.00688844 -0.05298686 1.60414718
v -0.00498611 -0.05147603 1.60682120
v -0.00730998 -0.05188883 1.60453524
v -0.00574491 -0.04979314 1.60670056
v -0.00743926 -0.04995553 1.60423539
v -0.00623573 -0.04881934 1.60672192
v -0.00712049 -0.04877487 1.60455018
v -0.00736566 -0.04732216 1.60734396
v -0.00842695 -0.04738641 1.60526509
v -0.00910274 -0.04543073 1.60792329
v -0.01025313 -0.04551123 1.60574978
v -0.00955610 -0.04322770 1.60806164
v -0.01075764 -0.04285334 1.60576826
v -0.00933656 -0.04114251 1.60804316
v -0.01062249 -0.04086582 1.60584541
v -0.01070124 -0.03838360 1.60830581
v -0.01133363 -0.03826373 1.60688252
v -0.01163707 -0.03605152 1.60842103
v -0.01212066 -0.03562831 1.60707843
v -0.01135610 -0.03375527 1.60867173
v -0.01265288 -0.03338666 1.60646834
v -0.00344638 -0.04081624 1.60663459
v -0.00248160 -0.04327209 1.60596882
v -0.00328567 -0.04273162 1.60563179
v -0.01300171 -0.03537122 1.60377860
v -0.01444348 -0.03816782 1.60370521
v -0.01225868 -0.03785641 1.60459656
v 0.00541387 -0.06713488 1.59874987
v 0.00747169 -0.06694613 1.59787525
v 0.00765582 -0.06728901 1.59957525
v -0.00240013 -0.06021532 1.60135616
v -0.00399521 -0.06067140 1.60002750
v -0.00188944 -0.06190795 1.60025961
v -0.00904540 -0.05312799 1.60138582
v -0.00786534 -0.05417514 1.60036819
v -0.00833597 -0.05443215 1.60166995
v -0.01308278 -0.03327664 1.60449351
v -0.01497604 -0.03358155 1.60314714
v 0.00445246 -0.06641809 1.60007300
v 0.00365923 -0.06658058 1.59894025
v -0.00328129 -0.05910142 1.60135705
v -0.00487033 -0.05956799 1.59984266
v -0.01012241 -0.05216190 1.60241275
v -0.00966390 -0.05188372 1.60148145
v 0.01449113 -0.06711306 1.59848523
v 0.01643513 -0.06675114 1.59759765
v 0.01636396 -0.06655318 1.59944530
v 0.00289672 -0.06511031 1.59994759
v 0.00147282 -0.06461813 1.59847693
v -0.00624143 -0.05875017 1.60207760
v -0.00641902 -0.05856484 1.60085199
v -0.00834388 -0.04980308 1.60233572
v -0.00826363 -0.04940605 1.60101260
v -0.01128759 -0.04266755 1.60369315
v -0.01285405 -0.04519908 1.60360029
v 0.01224064 -0.06709013 1.59859669
v 0.01448316 -0.06739124 1.60008318
v -0.00006038 -0.06476426 1.60057617
v 0.00012413 -0.06437736 1.59888447
v -0.00550267 -0.05700462 1.60162999
v -0.00568325 -0.05681399 1.60049636
v -0.00856299 -0.04871488 1.60217323
v -0.00864063 -0.04860533 1.60104790
v -0.01117707 -0.04049071 1.60385099
v -0.01312623 -0.04025924 1.60219271
v -0.01109755 -0.04153331 1.60195961
v 0.00990935 -0.06731724 1.59937104
v 0.01003116 -0.06721213 1.59778792
v -0.00051374 -0.06317229 1.59991140
v -0.00755476 -0.05547028 1.60156878
v -0.00727157 -0.05522999 1.60035424
v -0.01137238 -0.04777145 1.60156225
v -0.00043615 -0.06328184 1.60103672
v 0.01271946 -0.06191372 1.59961985
v 0.01392244 -0.06185235 1.59984178
v 0.01374219 -0.06278454 1.60026050
v -0.00346492 -0.04701241 1.60335888
v -0.00326801 -0.04776950 1.60285007
v -0.00430706 -0.04816494 1.60144338
v -0.00130774 -0.05227034 1.60205436
v -0.00043139 -0.05330292 1.60186309
v -0.00110729 -0.05379075 1.60131067
v 0.00250418 -0.05800700 1.60045917
v 0.00403470 -0.05897840 1.60000614
v 0.00303956 -0.05988905 1.59928193
v -0.00647193 -0.03485850 1.60573019
v -0.00581563 -0.03721825 1.60569964
v -0.00740517 -0.03692690 1.60432914
v 0.00807642 -0.06135309 1.59934314
v 0.01047451 -0.06175439 1.59888635
v 0.00959794 -0.06291955 1.59836547
v -0.00366863 -0.04890615 1.60187892
v -0.00294946 -0.04878657 1.60245360
v -0.00238458 -0.05032850 1.60218806
v -0.00035806 -0.05531068 1.60104979
v 0.00048352 -0.05462211 1.60150282
v 0.00107253 -0.05559554 1.60129860
v 0.00505029 -0.05954459 1.59951304
v 0.00617840 -0.06035469 1.59941000
v 0.00636402 -0.06026194 1.59903865
v -0.00573577 -0.03999462 1.60455848
v -0.00510039 -0.04134148 1.60428454
v -0.00643989 -0.04075171 1.60271824
v 0.01153464 -0.06200693 1.59884174
v 0.01216632 -0.06356642 1.59969600
v -0.00451886 -0.04518366 1.60312678
v -0.00360272 -0.04521031 1.60399587
v -0.00258348 -0.05230367 1.60089837
v -0.00166309 -0.05165373 1.60210073
v 0.00087662 -0.05757600 1.59991605
v 0.00168622 -0.05675829 1.60101260
v -0.00929798 -0.03283654 1.60440618
v -0.00334593 -0.03220043 1.60642473
v 0.00708070 -0.06089488 1.59956418
v 0.00735952 -0.06230683 1.59890860
v 0.01530317 -0.06100045 1.60039608
v 0.01518734 -0.06294880 1.59938686
v 0.00395210 -0.06037410 1.59878053
v 0.01088271 -0.06351304 1.59844162
v -0.00446201 -0.04269364 1.60391695
v -0.00515351 -0.04300803 1.60316762
v -0.00288698 -0.05070232 1.60163464
v 0.00007682 -0.05635904 1.59991416
v -0.00210887 -0.04474931 1.60559936
v -0.00273894 -0.04485266 1.60512020
v 0.01405310 -0.06827720 1.60635422
v 0.01271520 -0.06812836 1.60676741
v 0.01121587 -0.06811490 1.60681002
v 0.01155811 -0.06658355 1.60822324
v 0.00807697 -0.06764916 1.60668196
v 0.00660957 -0.06715382 1.60688440
v 0.00559528 -0.06651678 1.60700129
v 0.00183482 -0.06480159 1.60705984
v 0.00426791 -0.06289364 1.60907739
v -0.00049255 -0.06261843 1.60741823
v -0.00126285 -0.06167230 1.60752504
v -0.00334870 -0.05993269 1.60782301
v -0.00393472 -0.05896465 1.60793447
v 0.00022231 -0.05741120 1.61002817
v -0.00541573 -0.05678521 1.60813414
v -0.00622035 -0.05548672 1.60794000
v -0.00224938 -0.05326829 1.61054817
v -0.00296612 -0.05202439 1.61082576
v -0.00364124 -0.05107260 1.61084248
v -0.00435974 -0.04975256 1.61083694
v -0.00486740 -0.04867617 1.61103839
v -0.00560102 -0.04732967 1.61149518
v -0.00708325 -0.04583203 1.61126872
v -0.00765753 -0.04192949 1.61186476
v -0.00824985 -0.03860616 1.61221386
v -0.00888275 -0.03650666 1.61253794
v -0.00939578 -0.03459082 1.61269113
v 0.00177173 -0.04200702 1.60929101
v 0.00205408 -0.04357143 1.60920368
v -0.00124957 -0.04787683 1.60487603
v 0.00270131 -0.04652616 1.60864938
v 0.00295666 -0.04706701 1.60850272
v 0.00952091 -0.05929157 1.60271547
v 0.01012939 -0.05778231 1.60478870
v 0.01039077 -0.05833374 1.60445732
v 0.00231779 -0.04495693 1.60901242
v -0.00014998 -0.03779289 1.60991870
v 0.00035469 -0.03886409 1.60981001
v -0.00372088 -0.03933864 1.60682032
v -0.00130392 -0.03527753 1.61038845
v -0.00392011 -0.03774740 1.60718801
v -0.00153442 -0.04706506 1.60491322
v 0.00243511 -0.04589330 1.60879050
v -0.00184998 -0.04605337 1.60521772
v 0.00075332 -0.03984885 1.60978677
v 0.00716034 -0.05766114 1.60328926
v 0.00703344 -0.05472927 1.60553715
v 0.00703095 -0.05548189 1.60548701
v 0.00650863 -0.05696961 1.60360117
v 0.00525536 -0.05330366 1.60623535
v 0.01244109 -0.06101373 1.60263003
v 0.01268332 -0.06001756 1.60313884
v 0.00070893 -0.05046880 1.60620469
v 0.00331804 -0.04769420 1.60827061
v 0.00416844 -0.04921915 1.60773479
v 0.00870477 -0.05872993 1.60274979
v 0.00995235 -0.05713311 1.60502557
v 0.00798555 -0.05823867 1.60297724
v 0.01130032 -0.06003538 1.60244341
v 0.01071962 -0.05868489 1.60420850
v 0.01115151 -0.05911702 1.60396798
v 0.01041064 -0.05966352 1.60257989
v 0.00214484 -0.05281481 1.60489651
v 0.00443765 -0.04985739 1.60750091
v 0.00453335 -0.05060956 1.60726781
v -0.00205486 -0.03368136 1.61036620
v -0.00459152 -0.03536128 1.60768100
v 0.01218392 -0.06039675 1.60249256
v 0.00351329 -0.05475024 1.60430690
v 0.00465374 -0.05155123 1.60695303
v 0.00498313 -0.05266021 1.60656220
v 0.00282605 -0.05377719 1.60469407
v 0.00594431 -0.05618560 1.60372381
v 0.01502169 -0.06070593 1.60269599
v 0.01320260 -0.05974634 1.60351296
v -0.00059985 -0.05068978 1.60356874
v 0.00046687 -0.05109998 1.60399952
v 0.01184970 -0.06103890 1.60028562
v 0.00991068 -0.06050649 1.60047124
v -0.00501234 -0.03343439 1.60783607
v -0.00531074 -0.03548087 1.60710621
v 0.01289302 -0.06118885 1.60042110
v 0.00575868 -0.05872194 1.60088542
v 0.00501960 -0.05812288 1.60138494
v 0.01401464 -0.06123044 1.60064579
v 0.00902100 -0.06013464 1.60060683
v 0.00668689 -0.05938061 1.60058082
v 0.00123524 -0.05416761 1.60289744
v 0.00030953 -0.05275641 1.60325119
v 0.00329939 -0.05633407 1.60178506
v 0.00180560 -0.05496221 1.60258918
v -0.00465621 -0.03776448 1.60679242
v -0.00201512 -0.04762298 1.60437098
v -0.00233373 -0.04660601 1.60476834
v 0.00416970 -0.05735586 1.60177953
v -0.00421065 -0.03988069 1.60655567
v -0.00096954 -0.04860709 1.60464758
v -0.00160741 -0.04862362 1.60406915
v 0.00686415 -0.04840273 1.60824084
v 0.02098835 -0.04622356 1.60904219
v 0.02107325 -0.04688372 1.60880356
v 0.00678230 -0.04774777 1.60838661
v 0.02091735 -0.04566062 1.60919350
v 0.01213555 -0.05515878 1.60554180
v 0.01804625 -0.05386576 1.60612577
v 0.01810946 -0.05434180 1.60587607
v 0.02092150 -0.04044196 1.61029094
v 0.02104364 -0.04145968 1.61026039
v 0.00552312 -0.04370644 1.60951105
v 0.00713687 -0.04980419 1.60777198
v 0.02116894 -0.04763589 1.60856957
v 0.02126767 -0.04839344 1.60824460
v 0.00405105 -0.03700061 1.61019630
v 0.02080047 -0.03481097 1.61070977
v 0.02090097 -0.03564465 1.61066793
v 0.00384401 -0.03532265 1.61046549
v 0.02058258 -0.03304099 1.61097342
v 0.00561581 -0.04445331 1.60936993
v 0.02113635 -0.04220665 1.61012015
v 0.02121819 -0.04286151 1.60997338
v 0.00724645 -0.05065376 1.60745166
v 0.01775786 -0.05167992 1.60720096
v 0.00435505 -0.03874905 1.61012015
v 0.02098758 -0.03638104 1.61071253
v 0.02071269 -0.03868777 1.61027710
v 0.00577952 -0.04576313 1.60907839
v 0.02129706 -0.04351108 1.60992048
v 0.02136026 -0.04398721 1.60967077
v 0.00569767 -0.04510827 1.60922416
v 0.00585055 -0.04632598 1.60892697
v 0.01245714 -0.05618104 1.60505247
v 0.01817266 -0.05481792 1.60562625
v 0.01827138 -0.05557539 1.60530040
v 0.01229095 -0.05562396 1.60529475
v 0.00315700 -0.03276290 1.61076267
v 0.02063765 -0.03047474 1.61148035
v 0.01272632 -0.05681929 1.60481848
v 0.01838395 -0.05643025 1.60488721
v 0.01173991 -0.05356846 1.60627531
v 0.01784576 -0.05234537 1.60686946
v 0.01791980 -0.05291350 1.60662529
v 0.01322496 -0.05849075 1.60409327
v 0.01853205 -0.05756654 1.60439876
v 0.01871866 -0.05898963 1.60374229
v 0.01292805 -0.05765781 1.60450092
v 0.01196936 -0.05460169 1.60578409
v 0.01798300 -0.05338964 1.60637559
v 0.01181395 -0.05413661 1.60603103
v 0.00509394 -0.04093490 1.60971062
v 0.01708601 -0.06619283 1.60242570
v 0.01710151 -0.06673127 1.60431796
v 0.01661117 -0.06651540 1.60419643
v -0.00865053 -0.02231158 1.60680261
v -0.00256633 -0.01968266 1.60899106
v -0.00306308 -0.02201871 1.61003935
v 0.01728121 -0.06872659 1.60657792
v 0.01686028 -0.06677964 1.59938122
v 0.01722116 -0.06664891 1.59929212
v 0.01587656 -0.06118940 1.60079720
v 0.01642954 -0.06112357 1.60081204
v 0.01651566 -0.06171279 1.60019740
v 0.01620469 -0.06420197 1.59837476
v 0.01696742 -0.06347469 1.59807946
v 0.01724296 -0.06646813 1.59760783
v -0.01154178 -0.04818481 1.60279063
v -0.01311621 -0.03541606 1.60480077
v 0.00639324 -0.06702662 1.60017051
v -0.00182269 -0.06192551 1.60137929
v -0.00785930 -0.05296402 1.60178783
v 0.01618604 -0.06648690 1.60241275
v -0.00789445 -0.04376502 1.61140331
v 0.01233871 -0.06745465 1.60011007
v 0.01688512 -0.06660415 1.59760407
v 0.01201069 -0.06590983 1.59842856
v 0.01377445 -0.06586926 1.59876282
v -0.00444253 -0.04780776 1.60141836
v -0.00420103 -0.04825129 1.60135893
v -0.01442167 -0.02609389 1.60506353
v -0.01587518 -0.02630679 1.60437652
v -0.01452434 -0.02835750 1.60500321
v -0.00220826 -0.05302827 1.60057993
v -0.00067362 -0.05429909 1.60135339
v 0.00010836 -0.05966157 1.59945183
v 0.00177743 -0.06099544 1.59893184
v -0.00819169 -0.03504940 1.60438205
v -0.00797077 -0.03682467 1.60402554
v 0.00713239 -0.06271862 1.59873969
v 0.00789667 -0.06487597 1.59721225
v -0.00625958 -0.04987986 1.60166342
v -0.00561640 -0.05131345 1.60148710
v -0.01399471 -0.02744053 1.61287686
v -0.01388712 -0.02672607 1.60902449
v -0.01317719 -0.02878814 1.60916561
v -0.00239427 -0.05629451 1.60113236
v -0.00163475 -0.05837051 1.59941464
v 0.00397556 -0.06124530 1.59827260
v 0.00426285 -0.06130435 1.59828566
v -0.01033355 -0.03951339 1.60289279
v -0.00671461 -0.04086081 1.60299396
v 0.01040123 -0.06551059 1.59733024
v -0.00784165 -0.04610881 1.60204783
v -0.00462627 -0.05312995 1.60050655
v -0.00879996 -0.02798602 1.60619174
v -0.00357953 -0.02510372 1.60805799
v -0.00849979 -0.02540483 1.60800785
v 0.00113319 -0.05804601 1.59939328
v -0.00925271 -0.03291601 1.60301632
v 0.00575117 -0.06220164 1.59912963
v 0.01547999 -0.06445815 1.59864495
v -0.01434176 -0.02642667 1.60713223
v -0.01498766 -0.02855416 1.60574413
v -0.01260634 -0.04467736 1.60246201
v -0.00912321 -0.04332297 1.60259107
v 0.00148782 -0.02749763 1.61124448
v 0.00044611 -0.02410334 1.61055193
v 0.02041828 -0.02152373 1.61124083
v 0.01599517 -0.06266579 1.59939705
v 0.01663248 -0.06250209 1.59931536
v 0.01696742 -0.06347469 1.59807946
v 0.01377445 -0.06586926 1.59876282
v -0.00444253 -0.04780776 1.60141836
v -0.00126307 -0.04643870 1.60237379
v -0.01428122 -0.02616761 1.60358357
v -0.00220826 -0.05302827 1.60057993
v -0.00214683 -0.05281732 1.60084923
v 0.00157045 -0.05870663 1.60000338
v 0.00177743 -0.06099544 1.59893184
v -0.00819169 -0.03504940 1.60438205
v -0.00794713 -0.03488728 1.60503199
v 0.00713239 -0.06271862 1.59873969
v -0.00561640 -0.05131345 1.60148710
v -0.00899194 -0.02694544 1.60519547
v -0.01121277 -0.02560660 1.60532630
v -0.00580462 -0.02505230 1.60705242
v -0.00239427 -0.05629451 1.60113236
v 0.00426285 -0.06130435 1.59828566
v -0.00711628 -0.03987067 1.60311095
v -0.00671461 -0.04086081 1.60299396
v 0.01201069 -0.06590983 1.59842856
v -0.01391258 -0.02858731 1.60773479
v 0.00113319 -0.05804601 1.59939328
v 0.00625776 -0.06176228 1.59921408
v 0.01547999 -0.06445815 1.59864495
v -0.00420103 -0.04825129 1.60135893
v -0.00556338 -0.03198975 1.60801527
v -0.00666314 -0.02993464 1.60851290
v -0.00210583 -0.03102886 1.61095670
v -0.00067362 -0.05429909 1.60135339
v 0.00397556 -0.06124530 1.59827260
v -0.00797077 -0.03682467 1.60402554
v 0.01040123 -0.06551059 1.59733024
v -0.00784165 -0.04610881 1.60204783
v -0.00462627 -0.05312995 1.60050655
v -0.01052924 -0.02740311 1.60526509
v -0.01428122 -0.02616761 1.60358357
v 0.00575117 -0.06220164 1.59912963
v -0.01582056 -0.03243218 1.60519359
v -0.01503974 -0.03234750 1.60353996
v -0.00997930 -0.03287005 1.61285273
v -0.01164754 -0.03217517 1.60903755
v -0.00679458 -0.03293124 1.60570240
v -0.00725342 -0.03147565 1.60588348
v -0.01319302 -0.03203404 1.60665219
v 0.00292882 -0.03165875 1.61087779
v 0.02050168 -0.02935963 1.61159823
v -0.01273916 -0.03192039 1.60303203
v -0.00957801 -0.03210637 1.60463463
v -0.00344217 -0.03069024 1.60679984
v -0.00732371 -0.02825129 1.60820929
v -0.00374108 -0.02499298 1.61018700
v -0.00925271 -0.03291601 1.60301632
v -0.01273916 -0.03192039 1.60303203
v -0.01438249 -0.03045905 1.60559283
v -0.01411132 -0.03019758 1.60474974
v -0.01072244 -0.03136070 1.61292877
v -0.01231236 -0.03055737 1.60920180
v -0.00823934 -0.02959360 1.60639507
v -0.01329956 -0.03057891 1.60768288
v 0.00255609 -0.03018162 1.61124636
v 0.02032713 -0.02795780 1.61188424
v -0.00989158 -0.02958413 1.60513138
v -0.00818981 -0.02899658 1.60533936
v -0.00401054 -0.02838509 1.60730124
v -0.00300060 -0.02823086 1.61095394
v -0.00989158 -0.02958413 1.60513138
v -0.01182092 -0.02923465 1.61305041
v 0.02045696 -0.02513094 1.61191302
v -0.01052924 -0.02740311 1.60526509
v -0.00420075 -0.02680975 1.60739134
v -0.00891889 -0.02416505 1.60764480
v -0.00002762 -0.02164543 1.61030300
v 0.02014273 -0.01914120 1.61090933
v -0.01487393 -0.02418503 1.60652136
v -0.01671832 -0.02411076 1.60515463
v -0.01982899 -0.02522862 1.61125843
v -0.01544822 -0.02457885 1.60885182
v -0.01604901 -0.02407618 1.60442942
v -0.00516054 -0.02345949 1.60735514
v -0.01480332 -0.02423589 1.60401436
v -0.01281365 -0.02385441 1.60489463
v -0.00827919 -0.02053914 1.60596982
v -0.00198529 -0.01724882 1.60784725
v -0.01134752 -0.02380975 1.60587042
v -0.01480332 -0.02423589 1.60401436
v -0.00383494 -0.04136312 1.60609423
v -0.00020598 -0.05159320 1.60335423
v 0.01089555 -0.06087269 1.60024478
v 0.01523138 -0.06126637 1.60078138
v -0.00108891 -0.04979221 1.60387423
v 0.01576206 -0.06062331 1.60262261
v 0.01649938 -0.06053537 1.60264121
v -0.01056294 -0.02167975 1.60549531
v -0.01893129 -0.02163691 1.60698834
v -0.01811926 -0.02189924 1.60572653
v -0.01769538 -0.02322041 1.60628173
v -0.01296656 -0.02324759 1.60438947
v -0.01313331 -0.02254342 1.60397163
v -0.01190261 -0.02206575 1.60482213
v -0.01612964 -0.02335041 1.60419920
v -0.01630243 -0.02263567 1.60396709
v -0.01495069 -0.02288172 1.60346658
v -0.01709514 -0.02233422 1.60429660
v -0.01690676 -0.02322252 1.60472473
v 0.00008180 -0.01917451 1.60914148
v -0.00024494 -0.01694793 1.60788709
v 0.01962417 -0.01428725 1.60856858
v -0.01984194 -0.02271576 1.61102079
v -0.01974886 -0.02028921 1.61069947
v -0.01162507 -0.02293773 1.60534589
v -0.00775587 -0.01749278 1.60423074
v -0.00295395 -0.01412863 1.60559094
v -0.01487310 -0.02360216 1.60378967
v -0.01495069 -0.02288172 1.60346658
v -0.01717683 -0.02131438 1.60274702
v -0.01637631 -0.02170260 1.60251580
v -0.00151184 -0.01367665 1.60561142
v 0.01936246 -0.01200205 1.60814986
v -0.01996160 -0.01787082 1.60776268
v -0.01900927 -0.01979357 1.60511190
v -0.01200350 -0.02072011 1.60250838
v -0.01087817 -0.01993819 1.60240810
v -0.00370333 -0.00989906 1.60420750
v -0.00876997 -0.00789815 1.59918343
v -0.01506735 -0.02172751 1.60265227
v -0.01334267 -0.02125311 1.60249543
v -0.01810148 -0.02080810 1.60361788
v -0.01506735 -0.02172751 1.60265227
v -0.01200350 -0.02072011 1.60250838
v -0.01900927 -0.01979357 1.60511190
v -0.01996160 -0.01787082 1.60776268
v -0.01810148 -0.02080810 1.60361788
v -0.01717683 -0.02131438 1.60274702
v -0.01334267 -0.02125311 1.60249543
v -0.01637631 -0.02170260 1.60251580
v -0.01506735 -0.02172751 1.60265227
v -0.01174311 -0.01197980 1.58098879
v -0.01130093 -0.01276201 1.59649368
v -0.00151184 -0.01367665 1.60561142
v 0.01946019 -0.00367366 1.56943467
v -0.01163303 -0.01277053 1.59853072
v -0.01043521 -0.00433981 1.57473269
v -0.01233760 -0.00684648 1.58030454
v -0.00222564 -0.00972848 1.60415371
v -0.00236544 -0.00636235 1.60125776
v -0.01203300 -0.00876199 1.58823939
v -0.01157028 -0.00880327 1.59588735
v -0.01044633 -0.00845723 1.59785754
v -0.01220859 -0.00952975 1.59134797
v -0.01172928 -0.00940767 1.59396167
v -0.00433185 -0.00201667 1.57033254
v 0.01898486 0.00044711 1.56881174
v -0.01024810 -0.02290934 1.60622694
v 0.00695983 -0.04915499 1.60800785
v 0.00530577 -0.04269439 1.60963170
v 0.00415155 -0.03783431 1.61015358
v 0.00743733 -0.05140025 1.60712857
v 0.01672823 -0.06632887 1.60242205
v -0.00209874 -0.03255529 1.61048596
v 0.01447597 -0.06869344 1.60639130
v 0.01587054 -0.06178977 1.60018069
v 0.01620469 -0.06420197 1.59837476
v 0.01857510 -0.00455825 1.60425676
v -0.00054379 -0.00595847 1.60129396
v -0.01866708 -0.02316950 1.60745631
v -0.01487310 -0.02360216 1.60378967
v 0.01988345 -0.01671422 1.60973951
v -0.00031313 -0.01060627 1.60296330
v -0.00007731 -0.01277297 1.60383892
v 0.01888513 -0.00692817 1.60319264
v -0.00007731 -0.01277297 1.60383892
v 0.00034229 -0.01108525 1.60152329
v 0.00052520 -0.01272084 1.60199492
v 0.01906339 -0.00811742 1.60177676
v 0.01934414 -0.01109339 1.60465500
v 0.00052520 -0.01272084 1.60199492
v 0.00048098 -0.01108276 1.59975909
v 0.00064153 -0.01336308 1.60045364
v 0.01916107 -0.00858085 1.60013243
v 0.00064153 -0.01336308 1.60045364
v 0.01950696 -0.01174416 1.60134775
v 0.00124299 -0.01179513 1.59889476
v 0.00102776 -0.01320387 1.59924663
v 0.01933507 -0.00983569 1.59918531
v 0.00102776 -0.01320387 1.59924663
v 0.01949932 -0.01129245 1.59955389
v 0.02414264 -0.01089737 1.60628826
v 0.03438438 -0.01812418 1.60163841
v 0.03330410 -0.01996126 1.60124282
v 0.03430335 -0.02057185 1.60159015
v 0.03715863 -0.02628399 1.60070622
v 0.03574791 -0.02610712 1.60018534
v 0.03561242 -0.02636087 1.59935797
v 0.03282196 -0.02278769 1.60036542
v 0.03382825 -0.02553560 1.59943877
v 0.03426921 -0.02476187 1.60052514
v 0.03370854 -0.02498699 1.59791421
v 0.03571735 -0.02615311 1.59795328
v 0.03581398 -0.02510073 1.59659396
v 0.03345353 -0.02432715 1.59386692
v 0.03712005 -0.02536631 1.59432560
v 0.03242626 -0.02302998 1.59869132
v 0.03295777 -0.02302589 1.59619561
v 0.03769428 -0.01859752 1.59516680
v 0.03997356 -0.01788743 1.59780563
v 0.03880539 -0.01966999 1.59693930
v 0.03902328 -0.02143994 1.59667565
v 0.03764769 -0.02164350 1.59291991
v 0.03785866 -0.01968942 1.59383914
v 0.04067076 -0.01953535 1.60015557
v 0.03724330 -0.02299274 1.59307686
v 0.04064287 -0.02153829 1.59961797
v 0.03850931 -0.02438326 1.59394219
v 0.03996210 -0.02377738 1.59646668
v 0.03971245 -0.02458786 1.59901817
v 0.04066384 -0.02132937 1.60146751
v 0.03960924 -0.01910766 1.60307476
v 0.04086401 -0.01928327 1.60238121
v 0.03952096 -0.01731928 1.60185291
v 0.03727651 -0.02551462 1.59620026
v 0.03722642 -0.02596462 1.59659573
v 0.03787442 -0.02625793 1.59821593
v 0.03997012 -0.02474100 1.60061701
v 0.03970116 -0.02129428 1.60236538
v 0.04066384 -0.02132937 1.60146751
v 0.03723777 -0.01860698 1.60203853
v 0.03919793 -0.01795467 1.60280922
v 0.03916711 -0.02449456 1.60160033
v 0.03646442 -0.01765553 1.60223820
v 0.03519027 -0.01874079 1.60225857
v 0.03788511 -0.02671489 1.59991693
v 0.03997012 -0.02474100 1.60061701
v 0.03648639 -0.02079516 1.60139424
v 0.03593318 -0.02305871 1.60066815
v 0.03571570 -0.01750439 1.60155395
v 0.03416766 -0.02241231 1.60085288
v 0.03565426 -0.01832623 1.60048153
v 0.03438438 -0.01812418 1.60163841
v 0.03571570 -0.01750439 1.60155395
v 0.03259339 -0.02056072 1.59892819
v 0.03330410 -0.01996126 1.60124282
v 0.03807022 -0.01788238 1.59541750
v 0.03464626 -0.01880261 1.59461437
v 0.03696587 -0.01845540 1.59736831
v 0.03282196 -0.02278769 1.60036542
v 0.03578559 -0.02021672 1.59687245
v 0.03326730 -0.02034157 1.59354007
v 0.03312607 -0.02231845 1.59364876
v 0.03757287 -0.01738192 1.60151400
v 0.03912832 -0.01756688 1.60008595
v 0.03755543 -0.01774314 1.60023083
v 0.03897679 -0.01774603 1.59590407
v 0.03795622 -0.01746334 1.59790214
v 0.03952096 -0.01731928 1.60185291
v 0.03933429 -0.01772897 1.60010266
v 0.03912832 -0.01756688 1.60008595
v 0.03897679 -0.01774603 1.59590407
v 0.03899173 -0.01752654 1.59793933
v 0.03899173 -0.01752654 1.59793933
v 0.04086401 -0.01928327 1.60238121
v 0.03757287 -0.01738192 1.60151400
v 0.03774868 -0.01749106 1.60245636
v 0.03175386 -0.05727081 1.59448443
v 0.03200959 -0.05524903 1.59335346
v 0.02977398 -0.05683934 1.59309257
v 0.02885797 -0.06013325 1.59306468
v 0.02861041 -0.05967913 1.59330985
v 0.02839730 -0.05921237 1.59216039
v 0.02883417 -0.05752838 1.59282239
v 0.02809562 -0.05829799 1.59237678
v 0.02855624 -0.05921896 1.59328195
v 0.02769694 -0.05792409 1.59159867
v 0.02818600 -0.05882175 1.59129318
v 0.02820210 -0.05728956 1.58720505
v 0.02885083 -0.05797590 1.58698689
v 0.02787890 -0.05828983 1.58985683
v 0.02811389 -0.05674306 1.59173049
v 0.02790967 -0.05787897 1.59039342
v 0.02747319 -0.05577864 1.59035170
v 0.03310448 -0.05537000 1.58772040
v 0.03399510 -0.05640090 1.59059963
v 0.03417457 -0.05751927 1.58880853
v 0.03280469 -0.05846327 1.58825976
v 0.03096722 -0.05659496 1.58558109
v 0.03287077 -0.05623509 1.58627375
v 0.03399488 -0.05798769 1.59069061
v 0.03045348 -0.05919333 1.58850404
v 0.02986353 -0.05756096 1.58569255
v 0.03254846 -0.05911609 1.59033587
v 0.02878458 -0.05810543 1.58652633
v 0.03057197 -0.05981282 1.59040372
v 0.03344904 -0.05774731 1.59261353
v 0.03342009 -0.05701268 1.59396632
v 0.03231818 -0.05805482 1.59436179
v 0.02873184 -0.05906205 1.58937026
v 0.03202304 -0.05913076 1.59264596
v 0.03200793 -0.05788250 1.59471377
v 0.03057053 -0.06024865 1.59247606
v 0.03132955 -0.05912305 1.59411109
v 0.03324605 -0.05636878 1.59410932
v 0.02889416 -0.06019685 1.59195330
v 0.03030544 -0.05990975 1.59393654
v 0.03082117 -0.05887532 1.59454564
v 0.03299069 -0.05582785 1.59425598
v 0.03309391 -0.05493316 1.59337117
v 0.02970857 -0.05884962 1.59404247
v 0.02996270 -0.05946140 1.59427181
v 0.03268260 -0.05439101 1.59230339
v 0.03149353 -0.05454978 1.59199414
v 0.03200959 -0.05524903 1.59335346
v 0.02977398 -0.05683934 1.59309257
v 0.02963137 -0.05617752 1.59193382
v 0.02977398 -0.05683934 1.59309257
v 0.03123845 -0.05388990 1.58794686
v 0.02960486 -0.05344832 1.58758946
v 0.03048109 -0.05362389 1.59069891
v 0.02963137 -0.05617752 1.59193382
v 0.02883417 -0.05752838 1.59282239
v 0.02897501 -0.05503947 1.59035823
v 0.02867467 -0.05491115 1.58689867
v 0.02692530 -0.05519620 1.58713731
v 0.03349077 -0.05584169 1.59306380
v 0.03337461 -0.05544549 1.59210649
v 0.03243893 -0.05458107 1.58811864
v 0.03200865 -0.05397913 1.59114088
v 0.02927137 -0.06002164 1.59102488
v 0.03388464 -0.05674511 1.59284929
v 0.03390218 -0.05662979 1.59163298
v 0.03316934 -0.05506547 1.59105454
v 0.02897501 -0.05503947 1.59035823
v 0.03047788 -0.05827990 1.59422167
v 0.02756960 -0.05938749 1.59242227
v 0.02559914 -0.06009480 1.59230528
v 0.02634282 -0.06114029 1.59369149
v 0.02343736 -0.06322901 1.59269333
v 0.02320066 -0.06286689 1.59294404
v 0.02300143 -0.06249755 1.59170636
v 0.02384551 -0.06105626 1.59221053
v 0.02281658 -0.06176153 1.59184472
v 0.02315733 -0.06249876 1.59292179
v 0.02258055 -0.06118160 1.59105919
v 0.02297443 -0.06208492 1.59084468
v 0.02225968 -0.06055228 1.58971006
v 0.02246472 -0.06005534 1.58671106
v 0.02293690 -0.06085040 1.58658577
v 0.02384551 -0.06105626 1.59221053
v 0.02279047 -0.05954430 1.58985583
v 0.02903317 -0.05946445 1.58679839
v 0.02903887 -0.06020492 1.59000448
v 0.02835335 -0.06114074 1.58826729
v 0.02662568 -0.06222076 1.58771475
v 0.02664893 -0.06099321 1.58476036
v 0.02811876 -0.06012498 1.58541030
v 0.02893871 -0.06171586 1.58999419
v 0.02530068 -0.06151029 1.58502589
v 0.02708508 -0.06260154 1.58979827
v 0.02412654 -0.06206050 1.58594978
v 0.02542681 -0.06319243 1.58791719
v 0.02550495 -0.06344897 1.58970264
v 0.02717832 -0.06227378 1.59192275
v 0.02897656 -0.06038784 1.59326989
v 0.02838130 -0.06099052 1.59374993
v 0.02864468 -0.06125328 1.59200532
v 0.02377262 -0.06286078 1.58886797
v 0.02291969 -0.06208855 1.58935454
v 0.02532470 -0.06315947 1.59172684
v 0.02709936 -0.06198911 1.59367201
v 0.02813857 -0.06061783 1.59418547
v 0.02561436 -0.06283088 1.59348539
v 0.02790912 -0.06019555 1.59387533
v 0.02890556 -0.05982498 1.59342131
v 0.02347660 -0.06329782 1.59148909
v 0.02667527 -0.06164371 1.59401081
v 0.02877008 -0.05946780 1.59339618
v 0.02854008 -0.05889836 1.59242592
v 0.02522054 -0.06192746 1.59370078
v 0.02546382 -0.06244722 1.59392448
v 0.02810415 -0.05816689 1.59143895
v 0.02697168 -0.05803320 1.59120873
v 0.02756960 -0.05938749 1.59242227
v 0.02559914 -0.06009480 1.59230528
v 0.02491206 -0.05875685 1.59099699
v 0.02559914 -0.06009480 1.59230528
v 0.02779545 -0.05780478 1.58722176
v 0.02625705 -0.05735754 1.58677327
v 0.02676160 -0.05757174 1.58996541
v 0.02327704 -0.05997290 1.59110656
v 0.02559914 -0.06009480 1.59230528
v 0.02377550 -0.05832381 1.58953927
v 0.02377550 -0.05832381 1.58953927
v 0.02345303 -0.05725345 1.58621066
v 0.02227584 -0.05840923 1.58642517
v 0.02880628 -0.05953131 1.59228480
v 0.02869011 -0.05913503 1.59132749
v 0.02856620 -0.05865193 1.59027278
v 0.02864108 -0.05863727 1.58729603
v 0.02377550 -0.06323106 1.59047146
v 0.02909411 -0.06034838 1.59215486
v 0.02932853 -0.06048718 1.59096079
v 0.02768504 -0.05753803 1.59027278
v 0.02203217 -0.06230480 1.59212884
v 0.01987985 -0.06228148 1.59205823
v 0.02005977 -0.06330087 1.59342496
v 0.01721346 -0.06434459 1.59255409
v 0.01716106 -0.06396047 1.59280944
v 0.01714312 -0.06356382 1.59167017
v 0.01849741 -0.06244629 1.59202203
v 0.01732996 -0.06278918 1.59172496
v 0.01730512 -0.06357562 1.59269887
v 0.01725110 -0.06275047 1.59097562
v 0.01717030 -0.06361145 1.59083638
v 0.01754247 -0.06186701 1.58646778
v 0.01765681 -0.06279810 1.58633872
v 0.01716742 -0.06324117 1.58923290
v 0.01849741 -0.06244629 1.59202203
v 0.01703621 -0.06220749 1.58954204
v 0.01798455 -0.06077641 1.58967663
v 0.02277226 -0.06256699 1.58639916
v 0.02345562 -0.06350672 1.58963867
v 0.02242565 -0.06391795 1.58795438
v 0.02081425 -0.06441840 1.58746505
v 0.02059653 -0.06350524 1.58442798
v 0.02228923 -0.06290181 1.58491355
v 0.02273147 -0.06452073 1.58976673
v 0.01910977 -0.06365992 1.58476036
v 0.02101885 -0.06501626 1.58955322
v 0.01814410 -0.06361953 1.58575010
v 0.01927086 -0.06486547 1.58771940
v 0.01925686 -0.06513306 1.58950208
v 0.02092776 -0.06471051 1.59167294
v 0.02318434 -0.06352223 1.59298123
v 0.02238309 -0.06396289 1.59344544
v 0.02263557 -0.06413345 1.59169518
v 0.01765172 -0.06405740 1.58873703
v 0.02223550 -0.06358453 1.59379077
v 0.01899227 -0.06494133 1.59162280
v 0.02047229 -0.06438303 1.59331361
v 0.02209825 -0.06315112 1.59348251
v 0.02321932 -0.06304573 1.59304797
v 0.01724966 -0.06440810 1.59144271
v 0.01873194 -0.06468396 1.59327454
v 0.02013736 -0.06402139 1.59374716
v 0.02317299 -0.06267220 1.59311770
v 0.02304599 -0.06218390 1.59215574
v 0.01852546 -0.06376382 1.59340083
v 0.01858136 -0.06430020 1.59371285
v 0.02268056 -0.06125736 1.59116036
v 0.02152645 -0.06093955 1.59091807
v 0.02203217 -0.06230480 1.59212884
v 0.02005977 -0.06330087 1.59342496
v 0.01987985 -0.06228148 1.59205823
v 0.01955063 -0.06080751 1.59075370
v 0.01987985 -0.06228148 1.59205823
v 0.02223156 -0.06045655 1.58672590
v 0.02128898 -0.05955360 1.58645760
v 0.02127851 -0.05936260 1.58961077
v 0.01812712 -0.06143823 1.59083638
v 0.01987985 -0.06228148 1.59205823
v 0.01955510 -0.05976613 1.58939162
v 0.01955510 -0.05976613 1.58939162
v 0.01962041 -0.05958850 1.58603334
v 0.01812589 -0.05965637 1.58626822
v 0.02320918 -0.06273580 1.59200621
v 0.02299003 -0.06225846 1.59104159
v 0.02264890 -0.06162013 1.58680670
v 0.02256743 -0.06086638 1.59011029
v 0.01747020 -0.06444960 1.59033498
v 0.02330189 -0.06348267 1.59186608
v 0.02334112 -0.06355148 1.59066183
v 0.02318595 -0.06211064 1.59001555
v 0.01955063 -0.06080751 1.59075370
v 0.03278411 -0.05036555 1.59514732
v 0.03199542 -0.05158530 1.59509817
v 0.03259655 -0.05196896 1.59532563
v 0.03372752 -0.05498200 1.59441846
v 0.03293906 -0.05461496 1.59427822
v 0.03252406 -0.05489639 1.59353642
v 0.03141096 -0.05289095 1.59478151
v 0.03160664 -0.05432982 1.59384656
v 0.03213549 -0.05422156 1.59460231
v 0.03113513 -0.05392779 1.59213349
v 0.03225907 -0.05480354 1.59249931
v 0.03270657 -0.05233460 1.58911590
v 0.03369072 -0.05352965 1.58912332
v 0.03230805 -0.05405945 1.59078348
v 0.03093169 -0.05240220 1.59297005
v 0.03195276 -0.05344284 1.59082985
v 0.03197938 -0.05212160 1.59094131
v 0.03525137 -0.04878991 1.59011306
v 0.03617465 -0.04912110 1.59211578
v 0.03749671 -0.05068310 1.59159678
v 0.03651948 -0.05260126 1.59120961
v 0.03605168 -0.05198660 1.58836757
v 0.03724452 -0.05039341 1.58915298
v 0.03679193 -0.04921442 1.59400251
v 0.03647803 -0.05316606 1.58816977
v 0.03759102 -0.05126024 1.59423838
v 0.03530992 -0.05372687 1.58890793
v 0.03578321 -0.05420504 1.59090512
v 0.03619430 -0.05511208 1.59366824
v 0.03695098 -0.05376327 1.59436091
v 0.03712703 -0.05167482 1.59601453
v 0.03590490 -0.05079953 1.59583168
v 0.03580900 -0.05163396 1.59615565
v 0.03712703 -0.05167482 1.59601453
v 0.03402421 -0.05432714 1.59076112
v 0.03427038 -0.05521700 1.59258841
v 0.03624974 -0.05366874 1.59572764
v 0.03541170 -0.05512062 1.59503874
v 0.03624974 -0.05366874 1.59572764
v 0.03423938 -0.05083973 1.59531445
v 0.03512458 -0.05286393 1.59573882
v 0.03439434 -0.05447829 1.59524848
v 0.03384552 -0.04993640 1.59552984
v 0.03326054 -0.05048412 1.59535529
v 0.03432987 -0.05529481 1.59426992
v 0.03364108 -0.05204806 1.59508511
v 0.03308130 -0.05354312 1.59468676
v 0.03395525 -0.04919918 1.59511854
v 0.03217778 -0.05307386 1.59490968
v 0.03256866 -0.04906474 1.59385674
v 0.03278411 -0.05036555 1.59514732
v 0.03395525 -0.04919918 1.59511854
v 0.03207694 -0.05111734 1.59339895
v 0.03199542 -0.05158530 1.59509817
v 0.03402199 -0.04797488 1.59049193
v 0.03331362 -0.04818667 1.58992180
v 0.03261592 -0.04824442 1.59185678
v 0.03296148 -0.05028487 1.59151975
v 0.03336829 -0.05001569 1.58900445
v 0.03273928 -0.05102404 1.58904164
v 0.03535635 -0.04921321 1.59525778
v 0.03558846 -0.04851795 1.59392359
v 0.03457675 -0.04798509 1.59078901
v 0.03406766 -0.04795538 1.59225978
v 0.03535635 -0.04921321 1.59525778
v 0.03638334 -0.05001839 1.59543056
v 0.03541994 -0.04834841 1.59241939
v 0.03558846 -0.04851795 1.59392359
v 0.03390301 -0.04845017 1.59367843
v 0.03541994 -0.04834841 1.59241939
v 0.03478578 -0.05000521 1.59565702
v 0.03535635 -0.04921321 1.59525778
v 0.03638334 -0.05001839 1.59543056
v 0.03484892 -0.04471728 1.59777585
v 0.03426146 -0.04601763 1.59755216
v 0.03503432 -0.04621122 1.59749549
v 0.03771343 -0.04946947 1.59572210
v 0.03711109 -0.04915666 1.59587064
v 0.03598167 -0.04902825 1.59554755
v 0.03394391 -0.04712745 1.59686138
v 0.03349393 -0.04849623 1.59524948
v 0.03422571 -0.04854479 1.59611393
v 0.03556964 -0.04931497 1.59471277
v 0.03330847 -0.04822418 1.59392547
v 0.03528606 -0.04904329 1.59357173
v 0.03501539 -0.04698818 1.59093290
v 0.03614659 -0.04780358 1.59073699
v 0.03601930 -0.04865602 1.59236283
v 0.03347544 -0.04673071 1.59505545
v 0.03336531 -0.04756681 1.59230804
v 0.03439246 -0.04617445 1.59319197
v 0.03767957 -0.04225828 1.59270352
v 0.03795290 -0.04258492 1.59449926
v 0.03951117 -0.04375110 1.59387157
v 0.03988207 -0.04515209 1.59321975
v 0.03984926 -0.04436399 1.59084745
v 0.03958909 -0.04313077 1.59160608
v 0.03893688 -0.04414496 1.59620214
v 0.03877540 -0.04672374 1.59262183
v 0.03842746 -0.04568179 1.59041113
v 0.03810925 -0.04700953 1.59075558
v 0.03900999 -0.04773941 1.59547882
v 0.03961129 -0.04592552 1.59641842
v 0.03922704 -0.04457420 1.59781769
v 0.03815606 -0.04422964 1.59785577
v 0.03862697 -0.04509546 1.59810735
v 0.03922704 -0.04457420 1.59781769
v 0.03744580 -0.04803050 1.59218828
v 0.03753053 -0.04905564 1.59364500
v 0.03964665 -0.04657194 1.59803862
v 0.03902543 -0.04827785 1.59737108
v 0.03964665 -0.04657194 1.59803862
v 0.03680129 -0.04458915 1.59764679
v 0.03902543 -0.04827785 1.59737108
v 0.03868773 -0.04632422 1.59780740
v 0.03658849 -0.04585607 1.59724667
v 0.03569173 -0.04395778 1.59785300
v 0.03549106 -0.04463501 1.59788543
v 0.03816043 -0.04809540 1.59742587
v 0.03544795 -0.04329103 1.59696996
v 0.03451859 -0.04724555 1.59688639
v 0.03605168 -0.04746440 1.59648339
v 0.03429256 -0.04365509 1.59630142
v 0.03484892 -0.04471728 1.59777585
v 0.03544795 -0.04329103 1.59696996
v 0.03383101 -0.04514968 1.59572111
v 0.03426146 -0.04601763 1.59755216
v 0.03568088 -0.04201296 1.59290319
v 0.03496470 -0.04213804 1.59223554
v 0.03536321 -0.04287683 1.59471000
v 0.03394391 -0.04712745 1.59686138
v 0.03481853 -0.04439834 1.59384932
v 0.03573202 -0.04368972 1.59141847
v 0.03521075 -0.04547149 1.59085210
v 0.03717136 -0.04288751 1.59718911
v 0.03707810 -0.04260451 1.59586688
v 0.03558963 -0.04268296 1.59591613
v 0.03653381 -0.04217433 1.59321975
v 0.03565304 -0.04218325 1.59477321
v 0.03717136 -0.04288751 1.59718911
v 0.03818750 -0.04360077 1.59735625
v 0.03812922 -0.04284118 1.59610086
v 0.03653381 -0.04217433 1.59321975
v 0.03688668 -0.04232178 1.59472860
v 0.03707810 -0.04260451 1.59586688
v 0.03688668 -0.04232178 1.59472860
v 0.03717136 -0.04288751 1.59718911
v 0.03707119 -0.04378768 1.59798206
v 0.03818750 -0.04360077 1.59735625
v 0.03571901 -0.03665466 1.59929765
v 0.03485296 -0.03556713 1.59883532
v 0.03445993 -0.03776634 1.59885480
v 0.03797725 -0.04289326 1.59861152
v 0.03658036 -0.04281379 1.59800331
v 0.03673343 -0.04305575 1.59681212
v 0.03387656 -0.04058792 1.59825312
v 0.03470830 -0.04254490 1.59681024
v 0.03484737 -0.04244351 1.59820486
v 0.03485246 -0.04179514 1.59500431
v 0.03700228 -0.04257108 1.59502568
v 0.03474787 -0.04127296 1.59301642
v 0.03471145 -0.03972155 1.59087999
v 0.03794615 -0.04032860 1.59157819
v 0.03379963 -0.04026044 1.59609157
v 0.03537213 -0.03957225 1.59359121
v 0.03816232 -0.03467169 1.59330896
v 0.03810498 -0.03457113 1.59506929
v 0.04012763 -0.03583462 1.59502103
v 0.03985822 -0.03739401 1.59454387
v 0.03953929 -0.03708687 1.59097939
v 0.03912073 -0.03538329 1.59207870
v 0.03826448 -0.03472471 1.59685108
v 0.03973813 -0.03940800 1.59400340
v 0.03914696 -0.03845732 1.59076577
v 0.03991705 -0.03768974 1.59726062
v 0.03955395 -0.03967587 1.59150027
v 0.04020289 -0.04001728 1.59693742
v 0.03952085 -0.03595226 1.59733489
v 0.03997068 -0.03617027 1.59903677
v 0.03865995 -0.03545821 1.59941841
v 0.03925256 -0.03658400 1.59978145
v 0.03997068 -0.03617027 1.59903677
v 0.03884225 -0.04122310 1.59361257
v 0.03677478 -0.04185995 1.59330243
v 0.03926966 -0.04208576 1.59553637
v 0.03991512 -0.03797850 1.59867284
v 0.03991512 -0.03797850 1.59867284
v 0.03729007 -0.03640221 1.59886963
v 0.04013350 -0.04050649 1.59826607
v 0.03947342 -0.03835927 1.59942483
v 0.03712244 -0.03811359 1.59877589
v 0.03632158 -0.03538069 1.59905902
v 0.03876162 -0.04296095 1.59752427
v 0.03942318 -0.04100695 1.59910916
v 0.03663547 -0.04024763 1.59850936
v 0.03553738 -0.03494819 1.59844992
v 0.03516105 -0.03822585 1.59918343
v 0.03484278 -0.04016444 1.59872575
v 0.03429711 -0.03526286 1.59721789
v 0.03485296 -0.03556713 1.59883532
v 0.03553738 -0.03494819 1.59844992
v 0.03397031 -0.03794350 1.59689569
v 0.03445993 -0.03776634 1.59885480
v 0.03549205 -0.03423781 1.59329037
v 0.03470055 -0.03447634 1.59244075
v 0.03439190 -0.03474523 1.59477221
v 0.03387656 -0.04058792 1.59825312
v 0.03379062 -0.03655912 1.59383261
v 0.03378065 -0.03588429 1.59109538
v 0.03394187 -0.03794665 1.59075370
v 0.03702708 -0.03479871 1.59802467
v 0.03702426 -0.03442852 1.59642218
v 0.03554357 -0.03459379 1.59656884
v 0.03680278 -0.03433892 1.59371097
v 0.03544552 -0.03422926 1.59505634
v 0.03702708 -0.03479871 1.59802467
v 0.03853300 -0.03496992 1.59845556
v 0.03680278 -0.03433892 1.59371097
v 0.03696349 -0.03442156 1.59511666
v 0.03702426 -0.03442852 1.59642218
v 0.03696349 -0.03442156 1.59511666
v 0.04013350 -0.04050649 1.59826607
v 0.03702708 -0.03479871 1.59802467
v 0.03733539 -0.03525980 1.59908503
v 0.03853300 -0.03496992 1.59845556
v 0.03616220 -0.02726543 1.60035801
v 0.03533167 -0.02645937 1.59981953
v 0.03454830 -0.02851851 1.59981853
v 0.03886012 -0.03463390 1.59872663
v 0.03833659 -0.03435981 1.59962450
v 0.03692890 -0.03418823 1.59901076
v 0.03358540 -0.03129200 1.59920113
v 0.03483575 -0.03373076 1.59826430
v 0.03512004 -0.03317358 1.59917236
v 0.03681506 -0.03462610 1.59819468
v 0.03612677 -0.03335899 1.59726150
v 0.03691999 -0.03441831 1.59678988
v 0.03653409 -0.03323681 1.59540732
v 0.03459170 -0.03279800 1.59252709
v 0.03785406 -0.03359975 1.59305173
v 0.03347228 -0.03151186 1.59734883
v 0.03418028 -0.03139905 1.59476014
v 0.04023482 -0.02701147 1.59359021
v 0.04012386 -0.02659773 1.59598199
v 0.03938278 -0.02812000 1.59548712
v 0.04088798 -0.02973093 1.59534876
v 0.03859371 -0.03004959 1.59147702
v 0.03863123 -0.02820951 1.59239714
v 0.04041989 -0.02801341 1.59830603
v 0.03927337 -0.03181278 1.59504339
v 0.03818937 -0.03139886 1.59163397
v 0.04062393 -0.02968608 1.59812871
v 0.03748133 -0.03273338 1.59261818
v 0.04047064 -0.03225270 1.59780563
v 0.04085388 -0.02964458 1.59990210
v 0.03963679 -0.02665313 1.60062166
v 0.04002519 -0.02769289 1.60125212
v 0.04091432 -0.02791778 1.60045641
v 0.03957132 -0.03355064 1.59515197
v 0.03804178 -0.03409500 1.59531910
v 0.03903379 -0.03415499 1.59702940
v 0.04083435 -0.03249225 1.59932001
v 0.04026770 -0.02965228 1.60090678
v 0.04085388 -0.02964458 1.59990210
v 0.03802844 -0.02715884 1.60004045
v 0.03997167 -0.03253292 1.60031717
v 0.03734026 -0.02921227 1.59994859
v 0.03707678 -0.02623999 1.60004975
v 0.04083435 -0.03249225 1.59932001
v 0.03666719 -0.03129218 1.59939428
v 0.03632506 -0.02608355 1.59945825
v 0.03534938 -0.02905369 1.60024754
v 0.03454687 -0.03078699 1.59948249
v 0.03484383 -0.02671267 1.59814355
v 0.03533167 -0.02645937 1.59981953
v 0.03632506 -0.02608355 1.59945825
v 0.03402371 -0.02917207 1.59779168
v 0.03454830 -0.02851851 1.59981853
v 0.03652778 -0.02658522 1.59391064
v 0.03559228 -0.02720871 1.59317149
v 0.03568730 -0.02695707 1.59557910
v 0.03358540 -0.03129200 1.59920113
v 0.03433657 -0.02883772 1.59499136
v 0.03422417 -0.02883967 1.59210283
v 0.03407214 -0.03072459 1.59220588
v 0.03800996 -0.02600424 1.59904330
v 0.03797991 -0.02619727 1.59747136
v 0.03666194 -0.02615643 1.59761248
v 0.03771083 -0.02641587 1.59440452
v 0.03669458 -0.02606766 1.59593285
v 0.03800996 -0.02600424 1.59904330
v 0.03967853 -0.02596932 1.59946755
v 0.03928764 -0.02629307 1.59798482
v 0.03933717 -0.02630685 1.59612599
v 0.03933717 -0.02630685 1.59612599
v 0.04091432 -0.02791778 1.60045641
v 0.03800996 -0.02600424 1.59904330
v 0.03827189 -0.02609180 1.60017328
v 0.03967853 -0.02596932 1.59946755
v -0.01030465 -0.02589128 1.60044069
v -0.00946057 -0.02506087 1.60014162
v -0.01096096 -0.02353150 1.60047035
v -0.01010160 -0.03181213 1.59817974
v -0.01033476 -0.03160239 1.59899781
v -0.01168898 -0.03210897 1.59944807
v -0.00923285 -0.02994940 1.59940446
v -0.00856780 -0.03059126 1.59834599
v -0.00828378 -0.02768946 1.59930606
v -0.01018097 -0.03162644 1.59677128
v -0.01045303 -0.03061801 1.59540178
v -0.01162119 -0.03178957 1.59533770
v -0.01154327 -0.03116934 1.59307221
v -0.00775781 -0.02782186 1.59765609
v -0.00828378 -0.02768946 1.59930606
v -0.00820519 -0.02929481 1.59279450
v -0.00834831 -0.02726421 1.59258010
v -0.00814797 -0.02792771 1.59513714
v -0.01373399 -0.02473026 1.59384191
v -0.01356957 -0.02582211 1.59251414
v -0.01465052 -0.02604448 1.59556239
v -0.01443263 -0.02781453 1.59529862
v -0.01665612 -0.02637143 1.59867926
v -0.01578060 -0.02430131 1.59868302
v -0.01624730 -0.02459163 1.59635810
v -0.01285893 -0.02766625 1.59161903
v -0.01215729 -0.02888368 1.59180476
v -0.01613103 -0.02830839 1.59815561
v -0.01478411 -0.03030575 1.59505722
v -0.01310331 -0.03053797 1.59261254
v -0.01629440 -0.02812148 1.60000050
v -0.01701584 -0.02618532 1.60089007
v -0.01614691 -0.02395757 1.60041933
v -0.01701584 -0.02618532 1.60089007
v -0.01587435 -0.02572394 1.60164494
v -0.01175545 -0.03136153 1.59493658
v -0.01226350 -0.03223683 1.59692447
v -0.01448078 -0.03105031 1.59762178
v -0.01477608 -0.03126943 1.59920667
v -0.01541373 -0.02786662 1.60094574
v -0.01573262 -0.02450502 1.60139424
v -0.01363753 -0.02467376 1.60072758
v -0.01410445 -0.03084706 1.60022806
v -0.01629440 -0.02812148 1.60000050
v -0.01312053 -0.02356841 1.60096057
v -0.01441692 -0.02371169 1.60111288
v -0.01477608 -0.03126943 1.59920667
v -0.01225282 -0.03269373 1.59862547
v -0.01125549 -0.02868582 1.59945272
v -0.01236123 -0.02662014 1.60013609
v -0.01162977 -0.02432400 1.60105255
v -0.01239460 -0.02324144 1.60031440
v -0.00970303 -0.02764378 1.59972290
v -0.01239460 -0.02324144 1.60031440
v -0.01096096 -0.02353150 1.60047035
v -0.01208740 -0.02401933 1.59925216
v -0.00946057 -0.02506087 1.60014162
v -0.01427973 -0.02412504 1.59406936
v -0.01439367 -0.02370593 1.59655401
v -0.01317210 -0.02443423 1.59607674
v -0.00851235 -0.02546249 1.59786872
v -0.01069913 -0.02420993 1.59344632
v -0.01158738 -0.02586588 1.59565149
v -0.00894446 -0.02537522 1.59245282
v -0.01405714 -0.02389786 1.59890218
v -0.01561790 -0.02409526 1.59867561
v -0.01422404 -0.02355861 1.60017970
v -0.01521644 -0.02420844 1.59450856
v -0.01561790 -0.02409526 1.59867561
v -0.01614691 -0.02395757 1.60041933
v -0.01521644 -0.02420844 1.59450856
v -0.01538584 -0.02401092 1.59653917
v -0.01538584 -0.02401092 1.59653917
v -0.00850316 -0.03002061 1.59682695
v -0.01422404 -0.02355861 1.60017970
v 0.00115494 -0.06091958 1.59369614
v 0.00264397 -0.06159905 1.59350487
v 0.00304603 -0.06002657 1.59240456
v 0.00498731 -0.06200397 1.59155683
v 0.00483175 -0.06251472 1.59269798
v 0.00471063 -0.06301276 1.59244263
v 0.00477759 -0.06205447 1.59266921
v 0.00505426 -0.06104566 1.59178340
v 0.00413387 -0.06047381 1.59218640
v 0.00514464 -0.06156944 1.59069991
v 0.00539059 -0.06097158 1.58927839
v 0.00451916 -0.06087734 1.58635920
v 0.00497645 -0.06005925 1.58660713
v 0.00470391 -0.05953474 1.59112793
v 0.00413387 -0.06047381 1.59218640
v 0.00572729 -0.05772401 1.58659042
v 0.00516918 -0.05843829 1.58977691
v -0.00025933 -0.05934858 1.58686060
v 0.00024423 -0.06012573 1.58543255
v -0.00084823 -0.06169562 1.58790601
v 0.00073118 -0.06228789 1.58743350
v -0.00065929 -0.06212012 1.58979739
v -0.00093628 -0.06078421 1.59073610
v -0.00102776 -0.06057735 1.58969799
v 0.00317255 -0.06244657 1.58780108
v 0.00221170 -0.06002396 1.58484017
v 0.00102793 -0.06287489 1.58952344
v 0.00350427 -0.06070418 1.58501383
v 0.00463724 -0.06098486 1.58590429
v -0.00028346 -0.06176989 1.59174444
v -0.00049675 -0.06105719 1.59309257
v -0.00095382 -0.06089953 1.59195153
v 0.00476885 -0.06191966 1.58875375
v 0.00310669 -0.06308797 1.58969622
v 0.00310531 -0.06352381 1.59176857
v 0.00142412 -0.06277962 1.59185767
v 0.00079765 -0.06181352 1.59354937
v 0.00104043 -0.06157537 1.59391618
v 0.00320885 -0.06314099 1.59323934
v 0.00202099 -0.06261798 1.59335633
v -0.00048646 -0.06039127 1.59324023
v 0.00341910 -0.06262661 1.59358844
v 0.00243423 -0.06226041 1.59381490
v -0.00037312 -0.05980641 1.59339718
v 0.00048906 -0.05900783 1.59254203
v 0.00353366 -0.06197090 1.59336840
v -0.00031257 -0.05832557 1.59145289
v -0.00063859 -0.05895564 1.59250207
v 0.00048906 -0.05900783 1.59254203
v 0.00304603 -0.06002657 1.59240456
v 0.00304603 -0.06002657 1.59240456
v 0.00308776 -0.05934283 1.59124957
v 0.00119257 -0.05747286 1.58717350
v 0.00030383 -0.05775994 1.59032480
v 0.00172552 -0.05705299 1.58995799
v 0.00308776 -0.05934283 1.59124957
v 0.00304603 -0.06002657 1.59240456
v 0.00269262 -0.05665754 1.58689679
v 0.00353742 -0.05807293 1.58970364
v 0.00397440 -0.05785660 1.58626268
v -0.00072653 -0.05951199 1.59122821
v 0.00018108 -0.05842780 1.58728773
v 0.00438670 -0.06298909 1.59038424
v -0.00056316 -0.05908795 1.59018644
v 0.00089461 -0.05819856 1.59120585
v 0.00353742 -0.05807293 1.58970364
v 0.00539292 -0.06058385 1.59102388
v 0.00523698 -0.06058263 1.58980857
v -0.00079471 -0.05993028 1.59218087
v 0.00735675 -0.06340431 1.59320304
v 0.00790336 -0.06220499 1.59184937
v 0.00581857 -0.06198121 1.59186143
v 0.01101990 -0.06392631 1.59139811
v 0.01085050 -0.06433967 1.59262560
v 0.01071857 -0.06474569 1.59236560
v 0.01080717 -0.06397152 1.59260324
v 0.01101941 -0.06316838 1.59154111
v 0.00983636 -0.06272679 1.59184937
v 0.01099290 -0.06351369 1.59053643
v 0.01138411 -0.06184918 1.58943058
v 0.01112256 -0.06349539 1.58904994
v 0.01095543 -0.06227917 1.58627751
v 0.00983636 -0.06272679 1.59184937
v 0.01115206 -0.06254435 1.59076488
v 0.01122057 -0.06139627 1.58642140
v 0.01103164 -0.05975006 1.58613540
v 0.01062465 -0.06099507 1.58954292
v 0.00470152 -0.06236598 1.58617159
v 0.00581477 -0.06278464 1.58483552
v 0.00568070 -0.06384442 1.58768321
v 0.00763960 -0.06448479 1.58722553
v 0.00516004 -0.06455145 1.58938144
v 0.00444387 -0.06345463 1.59031915
v 0.00470722 -0.06310646 1.58937767
v 0.00747850 -0.06327925 1.58426726
v 0.00889526 -0.06346671 1.58460253
v 0.00717733 -0.06497550 1.58928581
v 0.00902133 -0.06514875 1.58749471
v 0.01011738 -0.06373105 1.58558850
v 0.00690195 -0.06469166 1.59140087
v 0.00523465 -0.06404478 1.59140275
v 0.00464492 -0.06328936 1.59264231
v 0.00457814 -0.06327182 1.59152252
v 0.01050079 -0.06444347 1.58852629
v 0.00891518 -0.06542730 1.58927463
v 0.00891928 -0.06511579 1.59130436
v 0.00682292 -0.06440708 1.59314924
v 0.00533998 -0.06373819 1.59315666
v 0.00546590 -0.06332158 1.59360139
v 0.00847162 -0.06487504 1.59304432
v 0.00457390 -0.06272642 1.59279450
v 0.00560512 -0.06285520 1.59330055
v 0.00850538 -0.06446946 1.59348716
v 0.00713621 -0.06397375 1.59350764
v 0.00462274 -0.06234731 1.59277413
v 0.00863073 -0.06390579 1.59327277
v 0.00506279 -0.06091457 1.59084568
v 0.00476142 -0.06173396 1.59181317
v 0.00581857 -0.06198121 1.59186143
v 0.00790336 -0.06220499 1.59184937
v 0.00614226 -0.06051708 1.59067202
v 0.00790336 -0.06220499 1.59184937
v 0.00549143 -0.06046443 1.58664698
v 0.00538101 -0.06019768 1.58969899
v 0.00630087 -0.06001161 1.58943899
v 0.00790336 -0.06220499 1.59184937
v 0.01018955 -0.06153349 1.59076853
v 0.00690228 -0.05966547 1.58627475
v 0.00939771 -0.06003835 1.58916881
v 0.00939771 -0.06003835 1.58916881
v 0.00472714 -0.06199254 1.59071009
v 0.00478751 -0.06148754 1.58965992
v 0.01050367 -0.06481367 1.59012889
v 0.00486242 -0.06147286 1.58668417
v 0.00832230 -0.06073510 1.59056985
v 0.00832230 -0.06073510 1.59056985
v 0.01075780 -0.06481450 1.59116135
v 0.00465895 -0.06241083 1.59166275
v 0.01397684 -0.06402630 1.59326812
v 0.01398127 -0.06298481 1.59190604
v 0.01189398 -0.06351377 1.59186796
v 0.01695878 -0.06358573 1.59166552
v 0.01697676 -0.06398248 1.59280479
v 0.01702912 -0.06436650 1.59254945
v 0.01675214 -0.06364153 1.59268503
v 0.01659264 -0.06287712 1.59170548
v 0.01536377 -0.06282002 1.59194123
v 0.01698596 -0.06363337 1.59083173
v 0.01669812 -0.06281639 1.59096079
v 0.01698313 -0.06326318 1.58922825
v 0.01655086 -0.06292994 1.58631094
v 0.01643652 -0.06199895 1.58644000
v 0.01536377 -0.06282002 1.59194123
v 0.01536089 -0.05998618 1.58619671
v 0.01558823 -0.06106220 1.58961542
v 0.01152811 -0.06390792 1.58610938
v 0.01215104 -0.06411071 1.58465267
v 0.01210312 -0.06514894 1.58768785
v 0.01380965 -0.06525368 1.58728397
v 0.01185590 -0.06581763 1.58948637
v 0.01099096 -0.06502424 1.59034328
v 0.01092112 -0.06500140 1.58931646
v 0.01396062 -0.06429659 1.58425708
v 0.01542315 -0.06409956 1.58466562
v 0.01364562 -0.06589554 1.58936284
v 0.01539990 -0.06532712 1.58761912
v 0.01630082 -0.06383939 1.58570273
v 0.01355452 -0.06558978 1.59148256
v 0.01176005 -0.06543036 1.59141482
v 0.01101847 -0.06497300 1.59266732
v 0.01095172 -0.06495544 1.59154764
v 0.01673006 -0.06416724 1.58871290
v 0.01538590 -0.06559471 1.58940280
v 0.01549000 -0.06535897 1.59153270
v 0.01187621 -0.06521580 1.59317426
v 0.01191296 -0.06481542 1.59352524
v 0.01559836 -0.06505757 1.59319385
v 0.01383638 -0.06517437 1.59314271
v 0.01086915 -0.06451840 1.59272953
v 0.01196006 -0.06436009 1.59322163
v 0.01563212 -0.06465191 1.59363670
v 0.01405443 -0.06474672 1.59359121
v 0.01082283 -0.06414497 1.59280015
v 0.01557617 -0.06411552 1.59332468
v 0.01106766 -0.06264211 1.59086051
v 0.01088017 -0.06363467 1.59184195
v 0.01189398 -0.06351377 1.59186796
v 0.01397684 -0.06402630 1.59326812
v 0.01212553 -0.06206060 1.59067578
v 0.01398127 -0.06298481 1.59190604
v 0.01154040 -0.06173145 1.58645107
v 0.01113889 -0.06222912 1.58981598
v 0.01206200 -0.06046165 1.58937302
v 0.01398127 -0.06298481 1.59190604
v 0.01554650 -0.06174603 1.59076953
v 0.01225675 -0.06063064 1.58622549
v 0.01384081 -0.06044754 1.58924397
v 0.01384081 -0.06044754 1.58924397
v 0.01100856 -0.06368722 1.59073234
v 0.01140470 -0.06296096 1.58651703
v 0.01691722 -0.06451552 1.59032104
v 0.01083573 -0.06358333 1.58969711
v 0.01402072 -0.06146693 1.59061070
v 0.01402072 -0.06146693 1.59061070
v 0.01685191 -0.06222949 1.58953651
v 0.01706537 -0.06443010 1.59143806
v 0.01085902 -0.06420857 1.59168777
v -0.00095166 -0.05596954 1.59446119
v -0.00044678 -0.05545394 1.59426251
v -0.00150143 -0.05445406 1.59426439
v -0.00010249 -0.05878702 1.59269610
v -0.00060910 -0.05861553 1.59341389
v -0.00129528 -0.05915843 1.59351594
v 0.00006198 -0.05804628 1.59377594
v 0.00063909 -0.05802261 1.59304896
v 0.00044346 -0.05658373 1.59398391
v 0.00018556 -0.05862817 1.59167294
v 0.00005020 -0.05790609 1.58995246
v -0.00133209 -0.05770600 1.58822080
v -0.00065724 -0.05631317 1.58825611
v 0.00088581 -0.05598513 1.59219570
v -0.00099323 -0.05504653 1.58817254
v -0.00009414 -0.05594632 1.59011494
v -0.00401104 -0.05347190 1.58910196
v -0.00552016 -0.05549303 1.58805090
v -0.00582100 -0.05584864 1.59048075
v -0.00440197 -0.05748112 1.59015490
v -0.00560411 -0.05427004 1.59291061
v -0.00493110 -0.05402286 1.59105731
v -0.00394806 -0.05675642 1.58733687
v -0.00407468 -0.05800200 1.58712525
v -0.00591098 -0.05644771 1.59311770
v -0.00329491 -0.05886503 1.58989855
v -0.00284653 -0.05827692 1.58792560
v -0.00362110 -0.05985999 1.59264231
v -0.00545336 -0.05675244 1.59491798
v -0.00470774 -0.05873095 1.59328760
v -0.00446351 -0.05561337 1.59479169
v -0.00509109 -0.05496407 1.59436179
v -0.00545336 -0.05675244 1.59491798
v -0.00155157 -0.05856939 1.58984476
v -0.00167410 -0.05950336 1.59166275
v -0.00292904 -0.05969267 1.59405176
v -0.00411868 -0.05848257 1.59468776
v -0.00419073 -0.05640388 1.59512507
v -0.00411868 -0.05848257 1.59468776
v -0.00281111 -0.05525794 1.59436002
v -0.00210311 -0.05883058 1.59430800
v -0.00321616 -0.05743598 1.59475085
v -0.00265194 -0.05428860 1.59458936
v -0.00355496 -0.05457737 1.59466916
v -0.00179895 -0.05960307 1.59333862
v -0.00101985 -0.05760962 1.59380848
v -0.00193476 -0.05629041 1.59416876
v -0.00194661 -0.05468256 1.59444824
v -0.00291089 -0.05359548 1.59416876
v -0.00150143 -0.05445406 1.59426439
v -0.00153248 -0.05313125 1.59297746
v -0.00026442 -0.05694250 1.59407401
v -0.00044678 -0.05545394 1.59426251
v -0.00054960 -0.05500790 1.59255874
v -0.00302849 -0.05239309 1.58953739
v -0.00316712 -0.05239560 1.59130059
v -0.00166962 -0.05233292 1.59097374
v -0.00226222 -0.05242893 1.58900633
v -0.00150835 -0.05439537 1.59063117
v -0.00296308 -0.05284647 1.59272864
v -0.00459561 -0.05330979 1.59288836
v -0.00357970 -0.05253516 1.58980669
v -0.00427474 -0.05393902 1.59423738
v -0.00459561 -0.05330979 1.59288836
v -0.00439550 -0.05309633 1.59139346
v -0.00439550 -0.05309633 1.59139346
v 0.00108925 -0.05751074 1.59135915
v 0.00024788 -0.05722355 1.59001278
v -0.00509109 -0.05496407 1.59436179
v -0.00291089 -0.05359548 1.59416876
v -0.00478112 -0.05095913 1.59646955
v -0.00407933 -0.05058968 1.59656419
v -0.00496652 -0.04946520 1.59675080
v -0.00652595 -0.05474486 1.59458183
v -0.00443008 -0.05408479 1.59368219
v -0.00493979 -0.05390810 1.59449273
v -0.00337770 -0.05302892 1.59514455
v -0.00263490 -0.05280451 1.59431907
v -0.00347521 -0.05158958 1.59589665
v -0.00416074 -0.05374720 1.59255498
v -0.00490215 -0.05353588 1.59130901
v -0.00514350 -0.05272734 1.58967298
v -0.00424701 -0.05167017 1.58992091
v -0.00302202 -0.05108299 1.59411485
v -0.00347521 -0.05158958 1.59589665
v -0.00478898 -0.05024141 1.58982240
v -0.00394828 -0.05074651 1.59220400
v -0.00803446 -0.04770961 1.59152528
v -0.00962721 -0.04899974 1.59033775
v -0.00952079 -0.04959797 1.59260888
v -0.00951852 -0.05104298 1.59194688
v -0.00898912 -0.04985999 1.59496724
v -0.00850642 -0.04840236 1.59489939
v -0.00831411 -0.04810227 1.59330708
v -0.00804465 -0.05230692 1.59141570
v -0.00955139 -0.05025497 1.58957458
v -0.00783949 -0.05119906 1.58921895
v -0.00723609 -0.05241686 1.58958753
v -0.00817869 -0.05336662 1.59426339
v -0.00925193 -0.05035525 1.59656884
v -0.00923633 -0.05175049 1.59516038
v -0.00829529 -0.04976881 1.59665982
v -0.00844821 -0.04916195 1.59615477
v -0.00925193 -0.05035525 1.59656884
v -0.00642489 -0.05326196 1.59105831
v -0.00634021 -0.05428711 1.59251502
v -0.00816319 -0.05390504 1.59615565
v -0.00920097 -0.05239680 1.59678058
v -0.00856165 -0.05072264 1.59689104
v -0.00920097 -0.05239680 1.59678058
v -0.00688512 -0.04979861 1.59652058
v -0.00816319 -0.05390504 1.59615565
v -0.00736925 -0.05352473 1.59625317
v -0.00831660 -0.05192941 1.59659573
v -0.00636053 -0.05097770 1.59613994
v -0.00596699 -0.04892547 1.59678058
v -0.00735248 -0.04908507 1.59683714
v -0.00542276 -0.05241008 1.59541473
v -0.00561468 -0.04953678 1.59682695
v -0.00584214 -0.04821480 1.59590595
v -0.00496652 -0.04946520 1.59675080
v -0.00460120 -0.04829307 1.59529962
v -0.00400650 -0.05183961 1.59589388
v -0.00407933 -0.05058968 1.59656419
v -0.00377246 -0.04963381 1.59475184
v -0.00616219 -0.04700266 1.59182524
v -0.00619002 -0.04717295 1.59369514
v -0.00574252 -0.04777860 1.59365153
v -0.00540371 -0.04695187 1.59119566
v -0.00481255 -0.04912426 1.59282793
v -0.00606910 -0.04765065 1.59484283
v -0.00752991 -0.04792390 1.59471842
v -0.00762100 -0.04822892 1.59603501
v -0.00696824 -0.04736189 1.59209907
v -0.00762100 -0.04822892 1.59603501
v -0.00752991 -0.04792390 1.59471842
v -0.00696824 -0.04736189 1.59209907
v -0.00735265 -0.04759727 1.59358844
v -0.00735265 -0.04759727 1.59358844
v -0.00245166 -0.05248845 1.59300436
v -0.00257917 -0.05185308 1.59138139
v -0.00844821 -0.04916195 1.59615477
v -0.00584214 -0.04821480 1.59590595
v -0.00762100 -0.04822892 1.59603501
v -0.00602228 -0.05430021 1.59475926
v -0.00778305 -0.04184212 1.59817697
v -0.00686636 -0.04323755 1.59810082
v -0.00627713 -0.04262419 1.59780563
v -0.00713726 -0.04828723 1.59568215
v -0.00710599 -0.04802335 1.59687809
v -0.00847410 -0.04843253 1.59741469
v -0.00552105 -0.04725734 1.59716498
v -0.00529143 -0.04731473 1.59577966
v -0.00501721 -0.04522590 1.59725132
v -0.00742138 -0.04786848 1.59388087
v -0.00551595 -0.04660889 1.59396443
v -0.00543620 -0.04606479 1.59198119
v -0.00728026 -0.04711343 1.59216781
v -0.00868955 -0.04588987 1.59037671
v -0.00490979 -0.04487642 1.59509441
v -0.00501721 -0.04522590 1.59725132
v -0.00565697 -0.04453548 1.58984011
v -0.00532060 -0.04262865 1.58974171
v -0.00647094 -0.04456194 1.59251325
v -0.01031661 -0.04045274 1.59206011
v -0.01101724 -0.04136210 1.59078624
v -0.01203797 -0.04205531 1.59367754
v -0.01138571 -0.04350477 1.59322351
v -0.01058314 -0.04054967 1.59559304
v -0.01037400 -0.04035218 1.59382054
v -0.01076848 -0.04543073 1.59270263
v -0.01096738 -0.04310969 1.58967851
v -0.01151122 -0.04382240 1.59593561
v -0.01153874 -0.04204101 1.59601918
v -0.01025369 -0.04434830 1.58949378
v -0.01039962 -0.04563277 1.59021334
v -0.01122539 -0.04615003 1.59561253
v -0.01201058 -0.04236886 1.59769793
v -0.01092499 -0.04137119 1.59814078
v -0.01086765 -0.04086090 1.59718347
v -0.01201058 -0.04236886 1.59769793
v -0.00945244 -0.04698214 1.59236837
v -0.00976231 -0.04793273 1.59427358
v -0.01111044 -0.04661715 1.59694583
v -0.01151316 -0.04411126 1.59734784
v -0.01125405 -0.04260683 1.59847969
v -0.01151316 -0.04411126 1.59734784
v -0.00934557 -0.04196338 1.59766816
v -0.01111044 -0.04661715 1.59694583
v -0.01034617 -0.04694184 1.59782699
v -0.01103318 -0.04438209 1.59812318
v -0.00877594 -0.04358685 1.59759300
v -0.00865513 -0.04074409 1.59790026
v -0.00966894 -0.04086499 1.59787425
v -0.00916439 -0.04867607 1.59628936
v -0.00778825 -0.04554503 1.59736554
v -0.00717444 -0.04057883 1.59775272
v -0.00796468 -0.04013566 1.59732924
v -0.00717444 -0.04057883 1.59775272
v -0.00662429 -0.04014262 1.59616407
v -0.00607861 -0.04504420 1.59767192
v -0.00627713 -0.04262419 1.59780563
v -0.00782566 -0.03940336 1.59217434
v -0.00787220 -0.03939481 1.59394031
v -0.00671384 -0.03964699 1.59371373
v -0.00566078 -0.04266941 1.59587429
v -0.00695817 -0.03944412 1.59136745
v -0.00565619 -0.04126312 1.59281686
v -0.00795848 -0.03978135 1.59544816
v -0.00942709 -0.03996779 1.59522535
v -0.00942422 -0.04033798 1.59682884
v -0.00909554 -0.03981217 1.59252897
v -0.00942422 -0.04033798 1.59682884
v -0.00942709 -0.03996779 1.59522535
v -0.00909554 -0.03981217 1.59252897
v -0.00930352 -0.03993891 1.59392448
v -0.00930352 -0.03993891 1.59392448
v -0.01086765 -0.04086090 1.59718347
v -0.00796468 -0.04013566 1.59732924
v -0.00942422 -0.04033798 1.59682884
v -0.01047345 -0.03282669 1.59915653
v -0.00925864 -0.03437318 1.59909809
v -0.00858507 -0.03366205 1.59870715
v -0.01127785 -0.04061281 1.59743517
v -0.00926760 -0.04012136 1.59700715
v -0.00952239 -0.03972749 1.59781393
v -0.00801332 -0.03831721 1.59806186
v -0.00756029 -0.03878638 1.59717240
v -0.00696730 -0.03612774 1.59815661
v -0.00934701 -0.03993557 1.59559858
v -0.00884994 -0.03872231 1.59610363
v -0.00917988 -0.03868814 1.59422997
v -0.01043720 -0.03987605 1.59407025
v -0.01025623 -0.03933679 1.59181218
v -0.00671179 -0.03630370 1.59631349
v -0.00696730 -0.03612774 1.59815661
v -0.00725138 -0.03778770 1.59144913
v -0.00721794 -0.03564837 1.59114187
v -0.00729410 -0.03634473 1.59369149
v -0.01414275 -0.03349585 1.59218917
v -0.01224407 -0.03427634 1.59108609
v -0.01315146 -0.03438460 1.59413345
v -0.01422692 -0.03630323 1.59392913
v -0.01432632 -0.03454179 1.59689569
v -0.01361528 -0.03260163 1.59662175
v -0.01425371 -0.03308212 1.59458183
v -0.01215492 -0.03794554 1.59371838
v -0.01172856 -0.03605040 1.59018080
v -0.01412233 -0.03621446 1.59671837
v -0.01102693 -0.03726783 1.59036653
v -0.01007599 -0.03840458 1.59139257
v -0.01335396 -0.03867115 1.59641941
v -0.01444530 -0.03623888 1.59847781
v -0.01493790 -0.03457801 1.59901817
v -0.01400345 -0.03304962 1.59924010
v -0.01414607 -0.03238779 1.59808134
v -0.01493790 -0.03457801 1.59901817
v -0.01204130 -0.03970530 1.59382243
v -0.01147282 -0.04017781 1.59572852
v -0.01372757 -0.03899863 1.59791421
v -0.01392553 -0.03611474 1.59951127
v -0.01416809 -0.03415536 1.59985661
v -0.01229387 -0.03315965 1.59874434
v -0.01293125 -0.03884153 1.59895508
v -0.01444530 -0.03623888 1.59847781
v -0.01113872 -0.03499323 1.59869973
v -0.01158655 -0.03204296 1.59879625
v -0.01278769 -0.03218056 1.59885757
v -0.01372757 -0.03899863 1.59791421
v -0.00996845 -0.03685336 1.59819280
v -0.00982938 -0.03184472 1.59865612
v -0.01086361 -0.03171074 1.59824294
v -0.01086361 -0.03171074 1.59824294
v -0.00982938 -0.03184472 1.59865612
v -0.00921120 -0.03196617 1.59700803
v -0.00803353 -0.03586461 1.59838594
v -0.00858507 -0.03366205 1.59870715
v -0.01066084 -0.03221241 1.59269522
v -0.01104707 -0.03176070 1.59470347
v -0.00984239 -0.03238640 1.59440640
v -0.00781935 -0.03416177 1.59671372
v -0.00956872 -0.03259411 1.59200809
v -0.00805948 -0.03389343 1.59389946
v -0.01107973 -0.03184955 1.59638222
v -0.01234236 -0.03219811 1.59617513
v -0.01249665 -0.03202708 1.59774243
v -0.01187411 -0.03232884 1.59312700
v -0.01249665 -0.03202708 1.59774243
v -0.01234236 -0.03219811 1.59617513
v -0.01356575 -0.03261546 1.59476391
v -0.01356575 -0.03261546 1.59476391
v -0.01414607 -0.03238779 1.59808134
v -0.01249665 -0.03202708 1.59774243
v -0.01087967 -0.04022879 1.59835617
v 0.03627980 -0.02539327 1.60165047
v 0.03549416 -0.02600739 1.60231159
v 0.03483359 -0.02432411 1.60200698
v 0.03948084 -0.01905515 1.60418337
v 0.03903207 -0.01974216 1.60299861
v 0.03804416 -0.01937070 1.60331804
v 0.03508634 -0.02107529 1.60257435
v 0.03629911 -0.01897922 1.60388995
v 0.03688580 -0.01972943 1.60274237
v 0.03781228 -0.01847919 1.60456224
v 0.03571221 -0.01920479 1.60593075
v 0.03757840 -0.01848733 1.60641543
v 0.03781228 -0.01847919 1.60456224
v 0.03097181 -0.01991444 1.60804958
v 0.03048419 -0.02104458 1.61042464
v 0.03250224 -0.02063987 1.61009502
v 0.03446391 -0.02101951 1.60469130
v 0.03629911 -0.01897922 1.60388995
v 0.02969518 -0.02175236 1.60801991
v 0.03432610 -0.02719908 1.60959927
v 0.03478583 -0.02746096 1.60748885
v 0.03665153 -0.02598554 1.60811643
v 0.03578769 -0.02426439 1.61189818
v 0.03519414 -0.02616512 1.61105698
v 0.03538358 -0.02732741 1.60545359
v 0.03560655 -0.02270496 1.61170969
v 0.03783303 -0.02415332 1.60823619
v 0.03990039 -0.02596008 1.60533659
v 0.03463696 -0.02138942 1.61057971
v 0.03773147 -0.02180376 1.60856404
v 0.03856216 -0.02407756 1.60499956
v 0.04066655 -0.02145367 1.60556870
v 0.04047363 -0.02405038 1.60329203
v 0.03865126 -0.02650487 1.60188346
v 0.03930314 -0.02560970 1.60148145
v 0.03820603 -0.02612239 1.60287143
v 0.03620287 -0.01993265 1.60840709
v 0.03325429 -0.01945555 1.60809784
v 0.03951621 -0.01909061 1.60660581
v 0.04047363 -0.02405038 1.60329203
v 0.03751404 -0.02567889 1.60226510
v 0.03991656 -0.02381695 1.60205059
v 0.03988727 -0.02134852 1.60265327
v 0.03668507 -0.02653569 1.60210073
v 0.04051790 -0.02139213 1.60379243
v 0.03477094 -0.02399505 1.60291692
v 0.03594221 -0.02676005 1.60292710
v 0.03599766 -0.02163132 1.60244994
v 0.03468500 -0.02181898 1.60344057
v 0.03435433 -0.02629894 1.60433755
v 0.03397750 -0.02391153 1.60428177
v 0.03483359 -0.02432411 1.60200698
v 0.03089256 -0.02734551 1.60921674
v 0.02967575 -0.02669867 1.60988428
v 0.02993077 -0.02672757 1.60738204
v 0.03508634 -0.02107529 1.60257435
v 0.02892017 -0.02465616 1.60797442
v 0.03455843 -0.02430623 1.60897623
v 0.03496653 -0.02152257 1.60929566
v 0.03708425 -0.02705662 1.60353897
v 0.03343604 -0.02753700 1.60577391
v 0.03544623 -0.02704556 1.60534678
v 0.03262079 -0.02763440 1.60882393
v 0.03115106 -0.02752669 1.60728076
v 0.03757840 -0.01848733 1.60641543
v 0.03848662 -0.02699968 1.60330221
v 0.03302988 -0.02758835 1.60725298
v 0.03325429 -0.01945555 1.60809784
v 0.03948084 -0.01905515 1.60418337
v 0.03781228 -0.01847919 1.60456224
v 0.03581315 -0.02385093 1.60173315
v 0.03745487 -0.02672391 1.60213704
v 0.03324411 -0.03348230 1.60080373
v 0.03199764 -0.03415136 1.60145268
v 0.03476353 -0.03201705 1.60039697
v 0.03718675 -0.02699066 1.60288726
v 0.03902947 -0.02723472 1.60147315
v 0.03786806 -0.02697726 1.60179248
v 0.03150847 -0.02932239 1.60171920
v 0.03606031 -0.02686758 1.60247119
v 0.03354893 -0.02766207 1.60196990
v 0.03497599 -0.02657266 1.60325672
v 0.03548730 -0.02719056 1.60442566
v 0.03745648 -0.02655412 1.60491876
v 0.03497599 -0.02657266 1.60325672
v 0.03091437 -0.02777553 1.60672933
v 0.03033455 -0.02891674 1.60910163
v 0.03235260 -0.02851201 1.60877201
v 0.03606031 -0.02686758 1.60247119
v 0.03150847 -0.02932239 1.60171920
v 0.02962689 -0.02952146 1.60669403
v 0.03426080 -0.03497345 1.60817963
v 0.03490792 -0.03521866 1.60598188
v 0.03669226 -0.03384627 1.60661323
v 0.03777558 -0.03201445 1.60691595
v 0.03564104 -0.03214184 1.61048220
v 0.03503670 -0.03395044 1.60963546
v 0.03560081 -0.03507939 1.60385652
v 0.03556295 -0.03066341 1.61030212
v 0.03993935 -0.03374460 1.60354926
v 0.03458250 -0.02925582 1.60916660
v 0.03769086 -0.02976751 1.60706360
v 0.03858269 -0.02948571 1.60382033
v 0.03884457 -0.03201686 1.60173957
v 0.04056002 -0.03189152 1.60355668
v 0.03777885 -0.03373345 1.60022153
v 0.04021601 -0.03395759 1.60105809
v 0.03862858 -0.03486528 1.60152329
v 0.03615926 -0.02789113 1.60699951
v 0.03319984 -0.02732199 1.60668473
v 0.03698231 -0.02726964 1.60485091
v 0.03985728 -0.03160192 1.60044622
v 0.03884457 -0.03201686 1.60173957
v 0.03759683 -0.03458952 1.60035712
v 0.03756080 -0.03355017 1.60057617
v 0.03814914 -0.02922332 1.60127813
v 0.03750258 -0.03156878 1.60092626
v 0.03392106 -0.03451032 1.60107104
v 0.03870146 -0.02937532 1.60232830
v 0.03273126 -0.03488692 1.60179812
v 0.03574309 -0.03154380 1.60012314
v 0.03279153 -0.02983965 1.60151123
v 0.03490228 -0.02957095 1.60184361
v 0.03436074 -0.03380736 1.60253351
v 0.03397795 -0.03140936 1.60266345
v 0.03476353 -0.03201705 1.60039697
v 0.03091642 -0.03510353 1.60789274
v 0.02960447 -0.03446250 1.60865037
v 0.03440751 -0.03408191 1.60562160
v 0.03042044 -0.02924003 1.60363283
v 0.03444980 -0.03171251 1.60753434
v 0.03357821 -0.03198316 1.60631150
v 0.03462351 -0.03001170 1.60744325
v 0.03432932 -0.03504708 1.60223079
v 0.03363942 -0.03519164 1.60426417
v 0.03555570 -0.03463501 1.60355015
v 0.03314897 -0.03534067 1.60583888
v 0.03263684 -0.03530566 1.60740152
v 0.03745648 -0.02655412 1.60491876
v 0.03530550 -0.03529851 1.60544152
v 0.03319984 -0.02732199 1.60668473
v 0.03718675 -0.02699066 1.60288726
v 0.03497599 -0.02657266 1.60325672
v 0.03685043 -0.03466157 1.60061612
v 0.03292224 -0.04139757 1.59910550
v 0.03176791 -0.04205567 1.59975732
v 0.03143143 -0.04003111 1.59981577
v 0.03724253 -0.03548876 1.60011849
v 0.03569262 -0.03516732 1.60070058
v 0.03791062 -0.03430317 1.60137475
v 0.03151549 -0.03697778 1.60057528
v 0.03302158 -0.03495135 1.60171821
v 0.03377097 -0.03549544 1.60056410
v 0.03302158 -0.03495135 1.60171821
v 0.03216726 -0.03522581 1.60347400
v 0.03500576 -0.03470623 1.60344334
v 0.03525791 -0.03560677 1.60508490
v 0.03111438 -0.03676562 1.60790104
v 0.03324145 -0.03645262 1.60739410
v 0.03419057 -0.03688224 1.60158738
v 0.03414392 -0.03723868 1.60504870
v 0.03546006 -0.04333235 1.60395127
v 0.03959368 -0.04212949 1.60494754
v 0.03616353 -0.04218223 1.60762997
v 0.03882709 -0.04035989 1.60472838
v 0.03675103 -0.04027103 1.60865679
v 0.03792472 -0.04226338 1.60136446
v 0.03677588 -0.03887366 1.60848501
v 0.03718486 -0.03611800 1.60526974
v 0.03560507 -0.03747739 1.60752969
v 0.04057148 -0.03789475 1.60185291
v 0.04079223 -0.03820227 1.60559936
v 0.03877622 -0.04039684 1.59961155
v 0.03872974 -0.04038830 1.60137752
v 0.03655927 -0.04277674 1.59865148
v 0.03749849 -0.04194073 1.59826242
v 0.03836581 -0.04234639 1.59915099
v 0.03399655 -0.03527354 1.60530405
v 0.03782363 -0.03551856 1.60311660
v 0.04030599 -0.03765474 1.60015557
v 0.03819623 -0.04005024 1.59873504
v 0.03877622 -0.04039684 1.59961155
v 0.03483530 -0.04181148 1.59937757
v 0.03842962 -0.03745149 1.59943136
v 0.03702404 -0.03970075 1.59904883
v 0.03352082 -0.04253385 1.59928282
v 0.03783585 -0.03517474 1.60104979
v 0.04030599 -0.03765474 1.60015557
v 0.03240933 -0.04280218 1.60009989
v 0.03545387 -0.03753756 1.59915376
v 0.03722543 -0.03758371 1.59958554
v 0.03049255 -0.04199003 1.60175817
v 0.03261216 -0.03963854 1.59936727
v 0.03374218 -0.03930308 1.60115283
v 0.03143143 -0.04003111 1.59981577
v 0.03133181 -0.04293087 1.60621310
v 0.03414314 -0.04236375 1.60701623
v 0.03390605 -0.04210062 1.60410910
v 0.03151549 -0.03697778 1.60057528
v 0.03336409 -0.04006100 1.60481294
v 0.02910678 -0.04043593 1.60841727
v 0.02961665 -0.03841498 1.60831799
v 0.03411342 -0.04304869 1.60044811
v 0.03371391 -0.04325770 1.60240157
v 0.03307692 -0.04332242 1.60564108
v 0.03150426 -0.04313375 1.60408962
v 0.03500576 -0.03470623 1.60344334
v 0.03629767 -0.04320115 1.59987708
v 0.03578133 -0.04323170 1.60190859
v 0.03348911 -0.04328175 1.60397728
v 0.03509730 -0.04314089 1.60625483
v 0.03179476 -0.04283319 1.60231435
v 0.03783585 -0.03517474 1.60104979
v 0.03791062 -0.03430317 1.60137475
v 0.03486048 -0.04275873 1.59915376
v 0.03381380 -0.04699876 1.59768675
v 0.03376516 -0.04579117 1.59761613
v 0.03451328 -0.04579535 1.59764037
v 0.03702847 -0.04295566 1.59942118
v 0.03641705 -0.04323783 1.59904518
v 0.03516825 -0.04307275 1.59955300
v 0.03286463 -0.04471635 1.59854931
v 0.03173094 -0.04465359 1.59869420
v 0.03271354 -0.04296392 1.59993276
v 0.03340753 -0.04311870 1.59912687
v 0.03479662 -0.04250051 1.60043881
v 0.03271354 -0.04296392 1.59993276
v 0.03199841 -0.04277210 1.60138682
v 0.03438089 -0.04238901 1.60153536
v 0.03441659 -0.04415823 1.60470890
v 0.03324560 -0.04373782 1.60464670
v 0.03392897 -0.04282474 1.60294205
v 0.03374833 -0.04385583 1.60020294
v 0.03156940 -0.04271016 1.60323071
v 0.03360716 -0.04400012 1.60271913
v 0.03649137 -0.04922509 1.60208778
v 0.03796424 -0.04836224 1.60264486
v 0.03520040 -0.04837515 1.60469595
v 0.03576976 -0.04704296 1.60547583
v 0.03701452 -0.04837636 1.59963745
v 0.03571807 -0.04583016 1.60549808
v 0.03922157 -0.04717434 1.60280458
v 0.03864296 -0.04700275 1.59905348
v 0.03645042 -0.04356205 1.60287973
v 0.03503758 -0.04464978 1.60466430
v 0.03987205 -0.04486222 1.59952976
v 0.03965185 -0.04533268 1.60299208
v 0.03713936 -0.04827664 1.59796069
v 0.03624310 -0.04774712 1.59762178
v 0.03660554 -0.04866837 1.59870992
v 0.03392897 -0.04282474 1.60294205
v 0.03699277 -0.04303913 1.60119268
v 0.03826663 -0.04659506 1.59725032
v 0.03850965 -0.04477011 1.59752615
v 0.03666005 -0.04656599 1.59775449
v 0.03826663 -0.04659506 1.59725032
v 0.03555337 -0.04752670 1.59795970
v 0.03536050 -0.04829075 1.59808975
v 0.03718077 -0.04463724 1.59766163
v 0.03436606 -0.04776161 1.59793468
v 0.03439927 -0.04720897 1.59771741
v 0.03850965 -0.04477011 1.59752615
v 0.03597038 -0.04634566 1.59809152
v 0.03400451 -0.04811026 1.59905902
v 0.03646513 -0.04429835 1.59845556
v 0.03054983 -0.04760868 1.60012778
v 0.03065481 -0.04617919 1.60032834
v 0.03376516 -0.04579117 1.59761613
v 0.03190782 -0.04874228 1.60349348
v 0.03073440 -0.04846364 1.60418337
v 0.03308627 -0.04812651 1.60210073
v 0.03173094 -0.04465359 1.59869420
v 0.03340665 -0.04677602 1.60519724
v 0.03315269 -0.04641029 1.60247031
v 0.03355618 -0.04564391 1.60504505
v 0.03529232 -0.04870904 1.59904230
v 0.03312899 -0.04895852 1.60066073
v 0.03301931 -0.04908480 1.60187427
v 0.03272472 -0.04847515 1.60322518
v 0.03438089 -0.04238901 1.60153536
v 0.03651622 -0.04904961 1.60031163
v 0.03432577 -0.04864061 1.60356597
v 0.03412832 -0.04895824 1.60181019
v 0.03158938 -0.04858211 1.60058923
v 0.03702847 -0.04295566 1.59942118
v 0.03479662 -0.04250051 1.60043881
v 0.03536654 -0.04830134 1.59790491
v 0.03166337 -0.05220471 1.59633208
v 0.03134903 -0.05112217 1.59625970
v 0.03237369 -0.05109339 1.59629213
v 0.03603512 -0.04909557 1.59741380
v 0.03480326 -0.04903317 1.59774154
v 0.03592610 -0.04839298 1.59839336
v 0.03158346 -0.05003928 1.59667100
v 0.03466773 -0.04867598 1.59771741
v 0.03330034 -0.04886725 1.59721789
v 0.03466773 -0.04867598 1.59771741
v 0.03165208 -0.04891126 1.59967929
v 0.03569472 -0.04825937 1.59949456
v 0.03078515 -0.04901748 1.60114630
v 0.03019697 -0.04992489 1.60276097
v 0.03238730 -0.04947699 1.60280646
v 0.03262732 -0.04972545 1.59826895
v 0.03224214 -0.05017865 1.60079444
v 0.03342591 -0.05408777 1.60198662
v 0.03520167 -0.05529016 1.60034594
v 0.03674207 -0.05422686 1.60098658
v 0.03466087 -0.05232271 1.60397351
v 0.03408067 -0.05356280 1.60318799
v 0.03653443 -0.05423456 1.59818815
v 0.03714186 -0.05059851 1.60135051
v 0.03471521 -0.05119628 1.60391042
v 0.03803614 -0.05263859 1.60149629
v 0.03412688 -0.05000492 1.60307941
v 0.03896312 -0.05029350 1.59822899
v 0.03859603 -0.05261120 1.59779079
v 0.03737490 -0.05386270 1.59651969
v 0.03538530 -0.05363327 1.59644166
v 0.03616186 -0.05300329 1.59605914
v 0.03701916 -0.04882277 1.60152418
v 0.03533676 -0.04876038 1.60118626
v 0.03607901 -0.04838899 1.59970065
v 0.03799507 -0.05186265 1.59586787
v 0.03799507 -0.05186265 1.59586787
v 0.03404031 -0.05256904 1.59652335
v 0.03667405 -0.05181659 1.59610086
v 0.03692304 -0.05000214 1.59619185
v 0.03428376 -0.05150203 1.59665617
v 0.03249516 -0.05293997 1.59649457
v 0.03243616 -0.05239829 1.59627541
v 0.03663570 -0.04872129 1.59778426
v 0.03824887 -0.05012971 1.59614912
v 0.03447187 -0.05004559 1.59713798
v 0.03339320 -0.05354562 1.59711662
v 0.03272494 -0.05018886 1.59662363
v 0.03224690 -0.05270367 1.59777497
v 0.03255006 -0.05134956 1.59789384
v 0.03134903 -0.05112217 1.59625970
v 0.03126402 -0.05390151 1.60153348
v 0.02999840 -0.05363384 1.60222149
v 0.02944376 -0.05325873 1.60022806
v 0.03158346 -0.05003928 1.59667100
v 0.03216792 -0.05180814 1.60032735
v 0.03195021 -0.05213683 1.60303668
v 0.03221358 -0.05117779 1.60289744
v 0.03469966 -0.05432323 1.59720395
v 0.03319535 -0.05459314 1.59875176
v 0.03328949 -0.05368248 1.59814454
v 0.03219172 -0.05380216 1.60137188
v 0.03085449 -0.05404645 1.59994670
v 0.03509298 -0.05446863 1.59713156
v 0.03466574 -0.05509379 1.59845556
v 0.03421326 -0.05477160 1.60000426
v 0.03533676 -0.04876038 1.60118626
v 0.03663570 -0.04872129 1.59778426
v 0.03592610 -0.04839298 1.59839336
v 0.03388597 -0.05361971 1.59648527
v 0.03222299 -0.05806049 1.59445189
v 0.03206089 -0.05841369 1.59511766
v 0.03247430 -0.05646934 1.59548535
v 0.03541955 -0.05459649 1.59593938
v 0.03503526 -0.05446696 1.59573417
v 0.03497737 -0.05421933 1.59683437
v 0.03333404 -0.05520158 1.59618543
v 0.03404010 -0.05415573 1.59661433
v 0.03439008 -0.05454394 1.59571745
v 0.03438460 -0.05406948 1.59736455
v 0.03445865 -0.05402667 1.59792262
v 0.03413512 -0.05390411 1.59902194
v 0.03068741 -0.05468303 1.60211745
v 0.03182890 -0.05483260 1.60207107
v 0.03365563 -0.05500205 1.59730146
v 0.03079178 -0.05493919 1.59925127
v 0.03224098 -0.05969908 1.60133845
v 0.03244835 -0.06064716 1.59767745
v 0.03369642 -0.05980827 1.59981023
v 0.03377849 -0.05826549 1.60037660
v 0.03290608 -0.05789736 1.60349071
v 0.03204938 -0.05917041 1.60269777
v 0.03406705 -0.06008645 1.59760507
v 0.03305262 -0.05675987 1.60343039
v 0.03490149 -0.05848230 1.59772671
v 0.03293115 -0.05552413 1.60242482
v 0.03583280 -0.05670257 1.60053997
v 0.03595709 -0.05645579 1.59820387
v 0.03375818 -0.05947829 1.59588547
v 0.03233789 -0.05913856 1.59498207
v 0.03339879 -0.05856234 1.59470447
v 0.03597044 -0.05457337 1.59986402
v 0.03524766 -0.05392983 1.59952511
v 0.03553368 -0.05772512 1.59509906
v 0.03660847 -0.05602449 1.59633950
v 0.03278986 -0.05809197 1.59437850
v 0.03491340 -0.05701566 1.59410744
v 0.03529720 -0.05577631 1.59525878
v 0.03422616 -0.05665356 1.59369237
v 0.03203195 -0.05890068 1.59486596
v 0.03657367 -0.05430337 1.59698390
v 0.03482496 -0.05559220 1.59458183
v 0.03164766 -0.05877116 1.59465986
v 0.03076378 -0.05938563 1.59550295
v 0.03343820 -0.05643360 1.59421237
v 0.03414608 -0.05546388 1.59492451
v 0.03127830 -0.05842214 1.59648903
v 0.03206089 -0.05841369 1.59511766
v 0.03247430 -0.05646934 1.59548535
v 0.03289291 -0.05634028 1.59679452
v 0.03247430 -0.05646934 1.59548535
v 0.03085925 -0.05903512 1.60106927
v 0.03029061 -0.05831666 1.60166165
v 0.03063545 -0.05811137 1.59821781
v 0.03289291 -0.05634028 1.59679452
v 0.03333404 -0.05520158 1.59618543
v 0.03168196 -0.05606898 1.59897268
v 0.02816198 -0.05635597 1.60259660
v 0.02895669 -0.05514680 1.60246013
v 0.03127575 -0.05978572 1.59563577
v 0.03147930 -0.06008952 1.59640447
v 0.03085349 -0.05951645 1.59625782
v 0.03156458 -0.05942899 1.60092903
v 0.03060522 -0.05928025 1.59753910
v 0.03542066 -0.05427960 1.59806186
v 0.03243893 -0.06011932 1.59559946
v 0.03247070 -0.06061337 1.59665241
v 0.03126175 -0.06005331 1.59741845
v 0.03168196 -0.05606898 1.59897268
v 0.03343820 -0.05643360 1.59421237
v 0.02635527 -0.06228436 1.59487437
v 0.02755238 -0.06062562 1.59519093
v 0.02804515 -0.06131066 1.59375646
v 0.03184262 -0.06042795 1.59476103
v 0.03132280 -0.05994123 1.59452992
v 0.03168174 -0.06009926 1.59585293
v 0.02896383 -0.05997364 1.59547882
v 0.03039692 -0.05950577 1.59577778
v 0.03083734 -0.05980679 1.59459954
v 0.03064928 -0.05943047 1.59652611
v 0.03154853 -0.05996529 1.59677217
v 0.02947281 -0.05853569 1.59811111
v 0.02796906 -0.05834173 1.60112217
v 0.02879609 -0.05899547 1.60109340
v 0.02896383 -0.05997364 1.59547882
v 0.02767232 -0.05836568 1.59822899
v 0.02525363 -0.06298156 1.60092626
v 0.02552293 -0.06447671 1.59739144
v 0.02663908 -0.06404386 1.59926422
v 0.02848667 -0.06314759 1.59964498
v 0.02822087 -0.06241574 1.60294481
v 0.02657144 -0.06338732 1.60248149
v 0.02714994 -0.06476065 1.59727445
v 0.02905409 -0.06149330 1.60264021
v 0.02912222 -0.06412955 1.59767469
v 0.02929345 -0.06012693 1.60154643
v 0.03062885 -0.06225010 1.59947785
v 0.03016393 -0.06261658 1.59743605
v 0.02928930 -0.06349298 1.59550383
v 0.02598714 -0.06369715 1.59391894
v 0.02697749 -0.06331601 1.59365064
v 0.02647371 -0.06412565 1.59516957
v 0.03148572 -0.06061207 1.59857433
v 0.03126961 -0.05952908 1.59831998
v 0.02665895 -0.06290989 1.59324488
v 0.03111039 -0.06233107 1.59568303
v 0.02914010 -0.06267350 1.59387068
v 0.02868601 -0.06191019 1.59343979
v 0.02631620 -0.06246153 1.59358003
v 0.02577031 -0.06344294 1.59389758
v 0.03220451 -0.06059126 1.59599129
v 0.03026919 -0.06106805 1.59344355
v 0.02554263 -0.06309680 1.59387068
v 0.02495950 -0.06310979 1.59478239
v 0.02973132 -0.06054958 1.59376852
v 0.02452212 -0.06281417 1.59586787
v 0.02500532 -0.06150361 1.59646026
v 0.02635527 -0.06228436 1.59487437
v 0.02804515 -0.06131066 1.59375646
v 0.02755238 -0.06062562 1.59519093
v 0.02765112 -0.06016138 1.59647044
v 0.02755238 -0.06062562 1.59519093
v 0.02431830 -0.06140741 1.60089937
v 0.02416722 -0.06026592 1.60148057
v 0.02546975 -0.06099006 1.59784182
v 0.02765112 -0.06016138 1.59647044
v 0.02820061 -0.05933224 1.59671926
v 0.02696803 -0.05948775 1.59808411
v 0.02696803 -0.05948775 1.59808411
v 0.02498661 -0.05863522 1.60206454
v 0.02815821 -0.05840125 1.60131709
v 0.02519193 -0.06353746 1.59500066
v 0.02488523 -0.06351750 1.59592078
v 0.02480431 -0.06229977 1.60068674
v 0.02424138 -0.06230172 1.59713244
v 0.03190565 -0.06065812 1.59700892
v 0.02563638 -0.06413781 1.59504981
v 0.02536399 -0.06447012 1.59626899
v 0.02465389 -0.06338389 1.59702198
v 0.03079378 -0.06163628 1.59386504
v 0.01847715 -0.06429009 1.59408054
v 0.02106207 -0.06330590 1.59448067
v 0.02118742 -0.06396400 1.59266179
v 0.02554192 -0.06392566 1.59410368
v 0.02541551 -0.06358435 1.59380106
v 0.02537024 -0.06350486 1.59519093
v 0.02320049 -0.06323189 1.59463950
v 0.02484743 -0.06301296 1.59505257
v 0.02509569 -0.06324907 1.59377129
v 0.02479557 -0.06277591 1.59596815
v 0.02524484 -0.06345760 1.59620768
v 0.02392957 -0.06293022 1.60125212
v 0.02428189 -0.06354154 1.60129860
v 0.02528269 -0.06335139 1.59787801
v 0.02318240 -0.06258919 1.59599782
v 0.02482257 -0.06257750 1.59763196
v 0.02296490 -0.06194213 1.59781492
v 0.01775072 -0.06449008 1.60141925
v 0.01737440 -0.06591503 1.59720859
v 0.01882292 -0.06598559 1.59939981
v 0.02135826 -0.06620937 1.60005352
v 0.02100158 -0.06480679 1.60377672
v 0.01890289 -0.06509658 1.60307387
v 0.01878209 -0.06669757 1.59702010
v 0.02255100 -0.06437031 1.60333664
v 0.02123983 -0.06620082 1.59735060
v 0.02407091 -0.06427384 1.60198474
v 0.02321743 -0.06518728 1.59940446
v 0.02380179 -0.06571429 1.59731352
v 0.02137619 -0.06597520 1.59464415
v 0.01772167 -0.06556806 1.59301277
v 0.01884578 -0.06546788 1.59248536
v 0.01878469 -0.06619080 1.59457165
v 0.02519459 -0.06427263 1.59829950
v 0.02133906 -0.06525265 1.59274071
v 0.01871152 -0.06503984 1.59208424
v 0.02380284 -0.06476650 1.59288548
v 0.02563517 -0.06420866 1.59542591
v 0.02391525 -0.06537540 1.59497089
v 0.02146264 -0.06461283 1.59224207
v 0.02330421 -0.06370588 1.59280845
v 0.02357942 -0.06435471 1.59238973
v 0.02106207 -0.06330590 1.59448067
v 0.01831931 -0.06335584 1.59588359
v 0.02103191 -0.06264202 1.59620956
v 0.02106207 -0.06330590 1.59448067
v 0.01763407 -0.06272494 1.60140818
v 0.01826364 -0.06186366 1.60203023
v 0.01815843 -0.06241631 1.59777862
v 0.02320049 -0.06323189 1.59463950
v 0.02106207 -0.06330590 1.59448067
v 0.02050063 -0.06105942 1.59861429
v 0.02050063 -0.06105942 1.59861429
v 0.02022983 -0.06122190 1.60261608
v 0.02253146 -0.06231065 1.60182314
v 0.01757014 -0.06368861 1.60108875
v 0.01697893 -0.06334888 1.59704888
v 0.02534412 -0.06436223 1.59654194
v 0.01752460 -0.06578680 1.59441481
v 0.01749798 -0.06588606 1.59590772
v 0.01719576 -0.06482480 1.59546487
v 0.01712880 -0.06456129 1.59684367
v 0.01717959 -0.06389334 1.59541197
v 0.02103191 -0.06264202 1.59620956
v 0.01855313 -0.06456947 1.59242404
v 0.01734878 -0.06506668 1.59427457
v 0.01739405 -0.06514606 1.59288460
v -0.01109317 -0.03104242 1.60042951
v -0.01100684 -0.02943409 1.60052702
v -0.00995876 -0.02966547 1.60085288
v -0.01581840 -0.02564950 1.60275908
v -0.01435333 -0.02469982 1.60321776
v -0.01430573 -0.02561331 1.60196891
v -0.01306784 -0.02568630 1.60145544
v -0.01273291 -0.02482617 1.60262626
v -0.01099632 -0.02657062 1.60138682
v -0.01435333 -0.02469982 1.60321776
v -0.01421851 -0.02466402 1.60508124
v -0.01221379 -0.02491986 1.60469595
v -0.00755327 -0.02450845 1.60705707
v -0.00987907 -0.02459915 1.60698645
v -0.00897218 -0.02558563 1.60902637
v -0.01051275 -0.02638290 1.60353255
v -0.01099632 -0.02657062 1.60138682
v -0.01273291 -0.02482617 1.60262626
v -0.00693493 -0.02550677 1.60946091
v -0.01111614 -0.02701783 1.60810813
v -0.00588066 -0.02599472 1.60710345
v -0.00917596 -0.03238668 1.60847859
v -0.01033554 -0.03159440 1.60988428
v -0.01164311 -0.03174454 1.60687223
v -0.01140099 -0.02989156 1.61068276
v -0.00996175 -0.03273477 1.60428553
v -0.00945355 -0.03273644 1.60634958
v -0.01322656 -0.03024206 1.60692148
v -0.01158212 -0.02833207 1.61049426
v -0.01466153 -0.03246644 1.60393079
v -0.01369680 -0.02793644 1.60723904
v -0.01089272 -0.02681871 1.60940701
v -0.01378778 -0.03032015 1.60365043
v -0.01556294 -0.03073267 1.60184826
v -0.01285355 -0.03221120 1.60155572
v -0.01314571 -0.03268157 1.60054927
v -0.01294165 -0.03313244 1.60197732
v -0.00897218 -0.02558563 1.60902637
v -0.00987907 -0.02459915 1.60698645
v -0.01596738 -0.02570689 1.60517687
v -0.01647598 -0.02826782 1.60409704
v -0.01625599 -0.02816234 1.60233007
v -0.01396842 -0.03196227 1.60010919
v -0.01556294 -0.03073267 1.60184826
v -0.01225530 -0.03161372 1.60098293
v -0.01559626 -0.02796485 1.60122433
v -0.01501400 -0.03036731 1.60063560
v -0.01124093 -0.03225075 1.60086594
v -0.01194578 -0.03261481 1.60086406
v -0.01516116 -0.02620458 1.60160221
v -0.01625599 -0.02816234 1.60233007
v -0.01047600 -0.02720433 1.60227716
v -0.01002142 -0.02933641 1.60176281
v -0.01021982 -0.03145866 1.60113324
v -0.01174394 -0.02732437 1.60121969
v -0.01050909 -0.03229922 1.60173027
v -0.00914773 -0.03148651 1.60321688
v -0.00995876 -0.02966547 1.60085288
v -0.00578923 -0.03171975 1.60827150
v -0.00589936 -0.03194490 1.60632633
v -0.00490774 -0.03088197 1.60648417
v -0.00934021 -0.02907708 1.60316574
v -0.00479407 -0.03080909 1.60899571
v -0.00444369 -0.02863476 1.60711551
v -0.01004959 -0.02962564 1.60782677
v -0.01008345 -0.03247489 1.60417319
v -0.00803839 -0.03248278 1.60470613
v -0.01157902 -0.03285965 1.60228558
v -0.00737899 -0.03240423 1.60779334
v -0.01421851 -0.02466402 1.60508124
v -0.01264475 -0.02575763 1.60714894
v -0.00770717 -0.03244610 1.60620281
v -0.01435333 -0.02469982 1.60321776
v -0.01581840 -0.02564950 1.60275908
v -0.00620264 -0.03818620 1.59978787
v -0.00904927 -0.03688520 1.59896903
v -0.00800121 -0.03711668 1.59929577
v -0.01166092 -0.03281564 1.60162911
v -0.00963203 -0.03189207 1.60210726
v -0.01226985 -0.03295612 1.60050101
v -0.00792550 -0.03260776 1.60090114
v -0.01057534 -0.03242884 1.60126983
v -0.00554197 -0.03374051 1.60076466
v -0.00963203 -0.03189207 1.60210726
v -0.01212846 -0.03246700 1.60364113
v -0.01004239 -0.03261982 1.60325307
v -0.00558314 -0.03212782 1.60578874
v -0.00790591 -0.03222373 1.60562625
v -0.00690981 -0.03319400 1.60776080
v -0.00554197 -0.03374051 1.60076466
v -0.01057534 -0.03242884 1.60126983
v -0.00487260 -0.03311508 1.60819446
v -0.00869420 -0.03517725 1.60632722
v -0.00392133 -0.03352204 1.60582958
v -0.00721358 -0.03991922 1.60711186
v -0.00828101 -0.03911599 1.60851943
v -0.00975904 -0.03938553 1.60541640
v -0.01125643 -0.03786142 1.60565226
v -0.00826989 -0.04031086 1.60272654
v -0.00767247 -0.04029628 1.60488533
v -0.00933562 -0.03750516 1.60932344
v -0.00959810 -0.03604873 1.60913871
v -0.01277923 -0.04003120 1.60219083
v -0.01170974 -0.03565839 1.60579150
v -0.00891955 -0.03444338 1.60804592
v -0.01247695 -0.03557446 1.60250462
v -0.01203072 -0.03808361 1.60042951
v -0.01287127 -0.04028811 1.59969047
v -0.01114071 -0.04080017 1.60024101
v -0.01051578 -0.03949249 1.59897733
v -0.00690981 -0.03319400 1.60776080
v -0.00790591 -0.03222373 1.60562625
v -0.01149662 -0.03305064 1.60360217
v -0.01254248 -0.03548606 1.60100883
v -0.01304564 -0.03791044 1.59908414
v -0.01014482 -0.04028263 1.59912775
v -0.00941658 -0.04017883 1.59942483
v -0.01198877 -0.03520223 1.59998666
v -0.01203072 -0.03808361 1.60042951
v -0.01079211 -0.03732782 1.59968206
v -0.01036520 -0.03926520 1.59934126
v -0.00663170 -0.03934607 1.60002562
v -0.01332048 -0.03347738 1.60012402
v -0.01254248 -0.03548606 1.60100883
v -0.00878414 -0.03478051 1.60071829
v -0.00486845 -0.03854757 1.60050289
v -0.00542519 -0.03943706 1.60081480
v -0.00729797 -0.03877505 1.60146009
v -0.00665528 -0.03454365 1.60049548
v -0.00800121 -0.03711668 1.59929577
v -0.00392210 -0.03925796 1.60699487
v -0.00801222 -0.04046406 1.60432549
v -0.00743555 -0.03907161 1.60454365
v -0.00749648 -0.03635504 1.60159480
v -0.00813059 -0.03679004 1.60643779
v -0.00283773 -0.03833114 1.60781471
v -0.00715884 -0.03684101 1.60526232
v -0.00831500 -0.03986649 1.60242017
v -0.00636031 -0.03996157 1.60323359
v -0.00696077 -0.03997085 1.60116766
v -0.00592914 -0.04000065 1.60483143
v -0.01212846 -0.03246700 1.60364113
v -0.01066073 -0.03347431 1.60579339
v -0.00460236 -0.03341638 1.60273119
v -0.00963203 -0.03189207 1.60210726
v -0.01166092 -0.03281564 1.60162911
v -0.00394391 -0.04579377 1.59815561
v -0.00406964 -0.04401275 1.59842214
v -0.00285405 -0.04411952 1.59893273
v -0.01056836 -0.04008422 1.60012590
v -0.00817813 -0.04039879 1.59957060
v -0.00957746 -0.04107195 1.59891236
v -0.00622876 -0.04026537 1.59953352
v -0.00568784 -0.03956733 1.60072105
v -0.00369166 -0.04117612 1.59966811
v -0.00568784 -0.03956733 1.60072105
v -0.01056836 -0.04008422 1.60012590
v -0.00775897 -0.03980585 1.60234214
v -0.00787547 -0.04075032 1.60397351
v -0.00674051 -0.04013138 1.60425487
v -0.00583660 -0.04111252 1.60638765
v -0.00636214 -0.04171808 1.60054274
v -0.00369166 -0.04117612 1.59966811
v -0.00372409 -0.04092005 1.60700317
v -0.00190388 -0.04217378 1.60750645
v -0.00640884 -0.04207444 1.60400417
v -0.00733853 -0.04736978 1.60651018
v -0.01054429 -0.04810831 1.60365596
v -0.00619866 -0.04830004 1.60287796
v -0.01020488 -0.04620685 1.60346569
v -0.00871091 -0.04782456 1.60016398
v -0.00643043 -0.04826541 1.60082133
v -0.00841002 -0.04565636 1.60749339
v -0.00875380 -0.04430290 1.60731142
v -0.00963513 -0.04170128 1.60406361
v -0.01266367 -0.04457680 1.60422233
v -0.01233145 -0.04420327 1.60048983
v -0.00988705 -0.04619979 1.59835717
v -0.00900716 -0.04799559 1.59793092
v -0.00712713 -0.04798630 1.59752615
v -0.00683569 -0.04834470 1.59876570
v -0.00789694 -0.04266495 1.60640901
v -0.00583660 -0.04111252 1.60638765
v -0.00674051 -0.04013138 1.60425487
v -0.01028673 -0.04125560 1.60187704
v -0.01204395 -0.04389743 1.59880743
v -0.00993358 -0.04619135 1.60012314
v -0.00936107 -0.04572135 1.59750943
v -0.00821549 -0.04739198 1.59708418
v -0.00571745 -0.04664724 1.59833293
v -0.01023365 -0.04325445 1.59817797
v -0.00988705 -0.04619979 1.59835717
v -0.00832130 -0.04510808 1.59788078
v -0.00426694 -0.04703999 1.59830979
v -0.00550793 -0.04757266 1.59811388
v -0.01204395 -0.04389743 1.59880743
v -0.01027450 -0.04091188 1.59981112
v -0.00904159 -0.04310097 1.59839425
v -0.00270192 -0.04616609 1.59886875
v -0.00316646 -0.04704454 1.59918254
v -0.00731081 -0.04263719 1.59805168
v -0.00158096 -0.04581475 1.60093279
v -0.00285405 -0.04411952 1.59893273
v -0.00240069 -0.04695345 1.60534401
v -0.00241259 -0.04717824 1.60321588
v -0.00498771 -0.04673869 1.60310730
v -0.00533593 -0.04396297 1.60014627
v -0.00530360 -0.04706775 1.60600048
v -0.00497665 -0.04463306 1.60382498
v -0.00267507 -0.04694361 1.60142667
v -0.00444253 -0.04780776 1.60141836
v -0.00397351 -0.04774063 1.60468665
v -0.00775897 -0.03980585 1.60234214
v -0.00478035 -0.04768668 1.59944619
v -0.00600844 -0.04804266 1.60519547
v -0.00429870 -0.04778779 1.60300325
v -0.00488322 -0.03964402 1.60251956
v -0.01056836 -0.04008422 1.60012590
v -0.01027450 -0.04091188 1.59981112
v -0.00438049 -0.05043333 1.59663846
v -0.00365397 -0.05025339 1.59665241
v -0.00342103 -0.05143898 1.59672767
v -0.00757961 -0.04827506 1.59827172
v -0.00557179 -0.04731445 1.59939893
v -0.00575315 -0.04795260 1.59849917
v -0.00307985 -0.04900272 1.59762266
v -0.00401159 -0.04758083 1.59816214
v -0.00341528 -0.04727220 1.59900146
v -0.00341528 -0.04727220 1.59900146
v -0.00557179 -0.04731445 1.59939893
v -0.00525020 -0.04711482 1.60051496
v -0.00478051 -0.04744082 1.60194478
v -0.00398918 -0.04817804 1.60368762
v -0.00503016 -0.04886214 1.60369215
v -0.00422383 -0.04838397 1.59922526
v -0.00200156 -0.04867617 1.59782511
v -0.00386294 -0.05010604 1.60408032
v -0.00418060 -0.04850626 1.60174610
v -0.00479938 -0.05314498 1.60366526
v -0.00738110 -0.05376958 1.60147681
v -0.00572033 -0.05425880 1.60100053
v -0.00570467 -0.05198873 1.60440718
v -0.00630320 -0.05354191 1.59852142
v -0.00569548 -0.05408331 1.59922338
v -0.00888873 -0.05291137 1.60156502
v -0.00594065 -0.05079785 1.60442477
v -0.00817702 -0.05258593 1.59784735
v -0.00705159 -0.04874952 1.60175905
v -0.00974874 -0.05122357 1.60171920
v -0.00989722 -0.05079712 1.59824759
v -0.00636268 -0.05346410 1.59684002
v -0.00579050 -0.05372399 1.59761802
v -0.00559996 -0.05273682 1.59654471
v -0.00551518 -0.04948572 1.60361888
v -0.00398918 -0.04817804 1.60368762
v -0.00478051 -0.04744082 1.60194478
v -0.00761525 -0.04835853 1.60004322
v -0.00849469 -0.05037521 1.59631537
v -0.00781603 -0.05209031 1.59606279
v -0.00628897 -0.05168763 1.59664776
v -0.00463922 -0.05306059 1.59705906
v -0.00499939 -0.05236254 1.59691517
v -0.00724291 -0.04993464 1.59651682
v -0.00781603 -0.05209031 1.59606279
v -0.00379039 -0.05231175 1.59695136
v -0.00463319 -0.05307126 1.59687433
v -0.00849469 -0.05037521 1.59631537
v -0.00666823 -0.04944189 1.59734507
v -0.00568840 -0.05131335 1.59701822
v -0.00394153 -0.05178103 1.59673044
v -0.00341461 -0.05257239 1.59809529
v -0.00023338 -0.05127955 1.59933484
v -0.00200156 -0.04867617 1.59782511
v -0.00365397 -0.05025339 1.59665241
v -0.00068143 -0.04991597 1.59952146
v -0.00145600 -0.05272084 1.60263368
v -0.00347516 -0.05344238 1.60084081
v -0.00267391 -0.05239086 1.60117973
v -0.00345950 -0.05117231 1.60424746
v -0.00041750 -0.05217842 1.60338113
v -0.00316043 -0.05074057 1.60153436
v -0.00103711 -0.05247276 1.59974891
v -0.00244679 -0.05320088 1.59974426
v -0.00237219 -0.05330515 1.60096246
v -0.00525020 -0.04711482 1.60051496
v -0.00452312 -0.05345695 1.59801637
v -0.00383068 -0.05319066 1.60258354
v -0.00284005 -0.04692653 1.60048983
v -0.00253174 -0.04677667 1.60235243
v -0.00557179 -0.04731445 1.59939893
v -0.00757961 -0.04827506 1.59827172
v -0.00690067 -0.04840338 1.59792904
v -0.00099013 -0.05507188 1.59543233
v 0.00001284 -0.05485897 1.59545281
v -0.00004151 -0.05598551 1.59551501
v -0.00517964 -0.05329474 1.59733489
v -0.00390622 -0.05364915 1.59674438
v -0.00507061 -0.05399734 1.59635433
v -0.00245979 -0.05313161 1.59629678
v -0.00385735 -0.05327004 1.59672479
v -0.00049005 -0.05386400 1.59584463
v -0.00385735 -0.05327004 1.59672479
v -0.00517964 -0.05329474 1.59733489
v -0.00504234 -0.05311722 1.59844527
v -0.00018241 -0.05271026 1.60034871
v -0.00466302 -0.05353021 1.60015656
v -0.00171389 -0.05354349 1.60192807
v -0.00165816 -0.05381386 1.59738591
v -0.00049005 -0.05386400 1.59584463
v 0.00051972 -0.05346382 1.60199592
v -0.00115029 -0.05515627 1.60203853
v -0.00130602 -0.05417922 1.59992999
v -0.00159690 -0.05826419 1.60108498
v -0.00241679 -0.05791509 1.60224750
v -0.00473236 -0.05917254 1.59991793
v -0.00331129 -0.05685085 1.60299495
v -0.00438697 -0.05911432 1.59713432
v -0.00238475 -0.05951199 1.59750202
v -0.00295478 -0.05984021 1.59936262
v -0.00599151 -0.05574206 1.60023913
v -0.00638760 -0.05793597 1.60035148
v -0.00362558 -0.05576833 1.60292345
v -0.00329225 -0.05446705 1.60211568
v -0.00767259 -0.05585477 1.59702751
v -0.00520548 -0.05894032 1.59542314
v -0.00674936 -0.05801861 1.59662274
v -0.00332413 -0.05824935 1.59544440
v -0.00287912 -0.05899669 1.59615377
v -0.00171389 -0.05354349 1.60192807
v -0.00466302 -0.05353021 1.60015656
v -0.00539536 -0.05333477 1.59863288
v -0.00691218 -0.05551514 1.59498583
v -0.00624431 -0.05713813 1.59472760
v -0.00420656 -0.05781714 1.59501926
v -0.00624431 -0.05713813 1.59472760
v -0.00227285 -0.05689932 1.59558840
v -0.00565735 -0.05507976 1.59509441
v -0.00498472 -0.05678429 1.59502756
v -0.00276667 -0.05592023 1.59570163
v -0.00068436 -0.05689654 1.59563942
v -0.00187416 -0.05788408 1.59556427
v -0.00691218 -0.05551514 1.59498583
v -0.00576035 -0.05377701 1.59669137
v -0.00331594 -0.05455173 1.59616407
v -0.00074330 -0.05635486 1.59542027
v -0.00156054 -0.05427727 1.59574059
v -0.00144532 -0.05770005 1.59621885
v -0.00056394 -0.05661632 1.59693000
v 0.00001284 -0.05485897 1.59545281
v -0.00118244 -0.05537205 1.59702475
v 0.00048081 -0.05757229 1.60074053
v 0.00099295 -0.05760739 1.59917789
v 0.00216283 -0.05651196 1.59952511
v 0.00161145 -0.05701891 1.60149075
v -0.00082726 -0.05574280 1.59947685
v -0.00136468 -0.05781490 1.59725132
v -0.00109013 -0.05868165 1.59786872
v -0.00253517 -0.05876335 1.59624387
v -0.00043482 -0.05769281 1.60053167
v -0.00504234 -0.05311722 1.59844527
v -0.00209985 -0.05910188 1.59906931
v -0.00097446 -0.05280190 1.59883898
v -0.00517964 -0.05329474 1.59733489
v -0.00576035 -0.05377701 1.59669137
v 0.00088680 -0.06179728 1.59364411
v -0.00066294 -0.06050000 1.59333398
v 0.00021644 -0.06031606 1.59465433
v -0.00281039 -0.05872547 1.59586134
v -0.00275255 -0.05897310 1.59476014
v -0.00310558 -0.05919055 1.59494775
v -0.00210738 -0.05889613 1.59477686
v -0.00190438 -0.05844201 1.59568768
v -0.00095150 -0.05928999 1.59530239
v -0.00240744 -0.05842287 1.59697372
v -0.00229720 -0.05844368 1.59641941
v -0.00217799 -0.05823431 1.59808687
v -0.00327742 -0.05852390 1.59853260
v 0.00012402 -0.05861331 1.60125400
v -0.00136717 -0.05917849 1.59639894
v -0.00095150 -0.05928999 1.59530239
v 0.00119451 -0.05820004 1.60135804
v 0.00296607 -0.05824610 1.60179071
v 0.00129888 -0.05845612 1.59849176
v 0.00090479 -0.06343588 1.60053167
v 0.00089754 -0.06288520 1.60189564
v -0.00040472 -0.06387477 1.59893184
v -0.00087562 -0.06239802 1.59948338
v -0.00058712 -0.06421888 1.59671273
v 0.00113452 -0.06435016 1.59584552
v 0.00111216 -0.06438386 1.59687056
v -0.00027345 -0.06185392 1.60263556
v -0.00067988 -0.06078235 1.60256129
v -0.00178030 -0.06285650 1.59678146
v -0.00324532 -0.06136257 1.59953352
v -0.00080136 -0.05954672 1.60155572
v -0.00034295 -0.06354479 1.59500708
v 0.00100169 -0.06287535 1.59417518
v 0.00110275 -0.06385611 1.59479269
v -0.00330537 -0.06113768 1.59719188
v -0.00384495 -0.05932128 1.59883898
v -0.00394429 -0.06086035 1.59529497
v -0.00243843 -0.06225326 1.59412039
v -0.00014942 -0.06256291 1.59384091
v 0.00034766 -0.06196061 1.59354295
v -0.00267497 -0.06030437 1.59428110
v -0.00195275 -0.06141186 1.59315755
v -0.00134968 -0.06089581 1.59277602
v 0.00124869 -0.06257155 1.59407313
v -0.00222548 -0.06001041 1.59362740
v 0.00160177 -0.06235409 1.59388552
v 0.00109334 -0.06210646 1.59432006
v -0.00066294 -0.06050000 1.59333398
v 0.00256124 -0.06274879 1.59477686
v 0.00109334 -0.06210646 1.59432006
v 0.00178540 -0.06193907 1.59572852
v -0.00161405 -0.05972824 1.59400340
v 0.00021644 -0.06031606 1.59465433
v 0.00021644 -0.06031606 1.59465433
v 0.00210367 -0.06246413 1.60032834
v 0.00258703 -0.06262141 1.59681766
v 0.00224855 -0.06149645 1.59748708
v -0.00028662 -0.06029684 1.59593938
v 0.00021644 -0.06031606 1.59465433
v 0.00245670 -0.06163582 1.60094386
v 0.00071441 -0.05976185 1.59817509
v 0.00401465 -0.05923549 1.60197455
v 0.00246660 -0.06290154 1.59552708
v 0.00198640 -0.06360653 1.59564496
v 0.00215154 -0.06325872 1.59488555
v 0.00151870 -0.06301193 1.60015468
v -0.00328882 -0.05889566 1.59706470
v 0.00213754 -0.06352623 1.59666823
v -0.00028662 -0.06029684 1.59593938
v 0.00071441 -0.05976185 1.59817509
v -0.00434773 -0.05918312 1.59593008
v 0.00574114 -0.06397040 1.59318267
v 0.00598565 -0.06319744 1.59463485
v 0.00755355 -0.06452648 1.59438968
v 0.00182015 -0.06366020 1.59508423
v 0.00219858 -0.06341424 1.59377970
v 0.00179668 -0.06401089 1.59398668
v 0.00263473 -0.06316996 1.59387257
v 0.00293164 -0.06278102 1.59507028
v 0.00444784 -0.06289717 1.59484648
v 0.00187134 -0.06350421 1.59600712
v 0.00263102 -0.06277164 1.59580379
v 0.00348219 -0.06163498 1.59744158
v 0.00196105 -0.06302419 1.59756422
v 0.00409576 -0.06194092 1.60045641
v 0.00444784 -0.06289717 1.59484648
v 0.00474341 -0.06111141 1.60052326
v 0.00456388 -0.06121485 1.60070987
v 0.00518397 -0.06104744 1.59764956
v 0.00847948 -0.06498191 1.60049448
v 0.00721673 -0.06569545 1.60198285
v 0.00746865 -0.06632988 1.59877024
v 0.00544533 -0.06589516 1.59905160
v 0.00724219 -0.06713461 1.59676198
v 0.00895857 -0.06642645 1.59584651
v 0.00874883 -0.06647695 1.59695978
v 0.00536386 -0.06514132 1.60235608
v 0.00435377 -0.06443874 1.60200333
v 0.00515921 -0.06698706 1.59705817
v 0.00316358 -0.06552526 1.59877024
v 0.00385586 -0.06316030 1.60089095
v 0.00380467 -0.06575988 1.59675733
v 0.00495764 -0.06639440 1.59487714
v 0.00785627 -0.06634576 1.59468964
v 0.00829137 -0.06580733 1.59346303
v 0.00867799 -0.06616006 1.59461249
v 0.00199282 -0.06412908 1.59781492
v 0.00290785 -0.06569415 1.59495606
v 0.00725409 -0.06566797 1.59314271
v 0.00748852 -0.06519591 1.59275089
v 0.00314421 -0.06493344 1.59315290
v 0.00499279 -0.06555301 1.59324853
v 0.00527604 -0.06470178 1.59283722
v 0.00844317 -0.06550919 1.59345097
v 0.00769876 -0.06468163 1.59310099
v 0.00354129 -0.06425536 1.59275465
v 0.00858418 -0.06511904 1.59343337
v 0.00392504 -0.06362696 1.59310375
v 0.00940696 -0.06461654 1.59547882
v 0.00910700 -0.06500020 1.59437386
v 0.00755355 -0.06452648 1.59438968
v 0.00574114 -0.06397040 1.59318267
v 0.00598565 -0.06319744 1.59463485
v 0.00571579 -0.06277711 1.59590495
v 0.00901884 -0.06323189 1.60050466
v 0.00949489 -0.06406029 1.59675269
v 0.00795826 -0.06307822 1.59739056
v 0.00571579 -0.06277711 1.59590495
v 0.00598565 -0.06319744 1.59463485
v 0.00886776 -0.06209032 1.60108598
v 0.00613861 -0.06197155 1.59754751
v 0.00613861 -0.06197155 1.59754751
v 0.00921713 -0.06538589 1.59551689
v 0.00876753 -0.06421219 1.60027356
v 0.00167543 -0.06426297 1.59622992
v 0.00935438 -0.06520837 1.59662739
v 0.00859985 -0.06345993 1.59603777
v 0.00497492 -0.06210183 1.59612134
v 0.00142130 -0.06426214 1.59519845
v 0.00897080 -0.06547177 1.59458283
v 0.01307686 -0.06493121 1.59245282
v 0.01295151 -0.06427310 1.59427181
v 0.01571220 -0.06461979 1.59400904
v 0.00878043 -0.06548320 1.59476391
v 0.00882570 -0.06556258 1.59337393
v 0.00876781 -0.06592589 1.59367201
v 0.00905885 -0.06516148 1.59335811
v 0.00917928 -0.06488125 1.59464869
v 0.01085034 -0.06470456 1.59432095
v 0.00883942 -0.06541402 1.59578519
v 0.00912742 -0.06464421 1.59556427
v 0.00869293 -0.06532972 1.59745000
v 0.00953540 -0.06530000 1.60091885
v 0.00973608 -0.06462276 1.60088730
v 0.01064789 -0.06408397 1.59567473
v 0.01085034 -0.06470456 1.59432095
v 0.01091863 -0.06369548 1.60152329
v 0.01061474 -0.06341479 1.59749637
v 0.01609174 -0.06468794 1.60137653
v 0.01503194 -0.06555821 1.60297359
v 0.01550500 -0.06638132 1.59931436
v 0.01306342 -0.06719857 1.59983989
v 0.01583279 -0.06704927 1.59694395
v 0.01694495 -0.06595208 1.59589388
v 0.01700572 -0.06595904 1.59719930
v 0.01289102 -0.06577391 1.60356774
v 0.01130680 -0.06571114 1.60304686
v 0.01331356 -0.06714592 1.59714639
v 0.01105156 -0.06663795 1.59909067
v 0.00987742 -0.06596637 1.60161981
v 0.01326563 -0.06694231 1.59443429
v 0.01583539 -0.06654250 1.59449550
v 0.01680007 -0.06567799 1.59298864
v 0.01697162 -0.06585263 1.59439987
v 0.00897352 -0.06620695 1.59788178
v 0.01071430 -0.06727490 1.59697649
v 0.01064341 -0.06695801 1.59462921
v 0.01322850 -0.06621976 1.59253085
v 0.01571215 -0.06584159 1.59240456
v 0.01576223 -0.06539155 1.59200809
v 0.01071536 -0.06632710 1.59254845
v 0.01086063 -0.06587149 1.59206199
v 0.01298344 -0.06562396 1.59202392
v 0.01095405 -0.06517865 1.59249089
v 0.01724773 -0.06469685 1.59285394
v 0.01295151 -0.06427310 1.59427181
v 0.01555436 -0.06368554 1.59581209
v 0.01295151 -0.06427310 1.59427181
v 0.01579079 -0.06294480 1.60136081
v 0.01679458 -0.06337078 1.59704423
v 0.01539348 -0.06274601 1.59770723
v 0.01295151 -0.06427310 1.59427181
v 0.01494565 -0.06225929 1.60194478
v 0.01275870 -0.06198261 1.59841472
v 0.01275870 -0.06198261 1.59841472
v 0.01609550 -0.06386446 1.60105067
v 0.00893865 -0.06631856 1.59611946
v 0.01701142 -0.06484672 1.59546022
v 0.01694444 -0.06458321 1.59683902
v 0.01681091 -0.06393727 1.59540178
v 0.01273701 -0.06363124 1.59599594
v 0.01273701 -0.06363124 1.59599594
v 0.00897014 -0.06446789 1.59722431
v 0.00867672 -0.06623091 1.59498948
v 0.01718684 -0.06444394 1.59404712
v 0.01698015 -0.06511069 1.59426527
v 0.01702542 -0.06519008 1.59287530
v 0.01706337 -0.06471886 1.59284929
v 0.01700250 -0.06446594 1.59404247
v 0.01578818 -0.06489917 1.59235353
v 0.02195414 -0.06290507 1.58704345
v 0.03651240 -0.05107483 1.59168035
v 0.02536183 -0.06264017 1.58788377
v 0.03911409 -0.04442917 1.59426992
v 0.02842762 -0.05890039 1.58953739
v 0.03862127 -0.03368369 1.59633861
v 0.03814721 -0.04016332 1.59390134
v 0.03243877 -0.05433512 1.59061723
v 0.02224933 -0.06530863 1.60849807
v 0.02841523 -0.06001413 1.60969955
v 0.03100551 -0.05374033 1.61082111
v 0.03279407 -0.04776012 1.61174688
v 0.03421442 -0.04258176 1.61252123
v 0.01696742 -0.06347469 1.59807946
v 0.03795179 -0.02587562 1.60433755
v 0.04163326 -0.01296954 1.61228071
v 0.02414264 -0.01089737 1.60628826
v 0.03795224 -0.01657316 1.60482966
v 0.01949932 -0.01129245 1.59955389
v 0.01284160 -0.06128466 1.57744202
v 0.00419718 -0.05749040 1.57954879
v -0.00039005 -0.05231296 1.58115128
v -0.00557833 -0.04552999 1.58412990
v -0.00940241 -0.03522990 1.58685960
v -0.01125295 -0.02938098 1.58804714
v 0.01694472 -0.06261148 1.58770092
v -0.01258260 -0.02553461 1.58917999
v 0.00010836 -0.05966157 1.59945183
v 0.00789667 -0.06487597 1.59721225
v -0.00625958 -0.04987986 1.60166342
v -0.00163475 -0.05837051 1.59941464
v -0.01033355 -0.03951339 1.60289279
v -0.00912321 -0.04332297 1.60259107
v -0.01506735 -0.02172751 1.60265227
v 0.01850975 -0.00349402 1.60186675
v 0.01940452 -0.01119927 1.60280181
v 0.01949932 -0.01129245 1.59955389
v 0.03757287 -0.01738192 1.60151400
v 0.03047788 -0.05827990 1.59422167
v 0.02977398 -0.05683934 1.59309257
v 0.02867467 -0.05491115 1.58689867
v 0.02634282 -0.06114029 1.59369149
v 0.02491206 -0.05875685 1.59099699
v 0.02345303 -0.05725345 1.58621066
v 0.01962041 -0.05958850 1.58603334
v 0.03457675 -0.04798509 1.59078901
v 0.03797991 -0.02619727 1.59747136
v 0.03771083 -0.02641587 1.59440452
v -0.01422404 -0.02355861 1.60017970
v 0.00474684 -0.06307636 1.59133125
v 0.00264397 -0.06159905 1.59350487
v 0.00397440 -0.05785660 1.58626268
v 0.00735675 -0.06340431 1.59320304
v 0.00962821 -0.05890207 1.58585503
v 0.00962821 -0.05890207 1.58585503
v 0.01398127 -0.06298481 1.59190604
v 0.01390617 -0.06026982 1.58588658
v 0.01390617 -0.06026982 1.58588658
v -0.00183885 -0.05421404 1.58809827
v -0.00427474 -0.05393902 1.59423738
v -0.00357970 -0.05253516 1.58980669
v -0.00427474 -0.05393902 1.59423738
v -0.00574241 -0.04863540 1.59035081
v -0.00566615 -0.04058820 1.59007963
v -0.00780324 -0.03385137 1.59102023
v -0.01187411 -0.03232884 1.59312700
v 0.03250224 -0.02063987 1.61009502
v 0.04051790 -0.02139213 1.60379243
v 0.03235260 -0.02851201 1.60877201
v 0.03870146 -0.02937532 1.60232830
v 0.03791062 -0.03430317 1.60137475
v 0.03399655 -0.03527354 1.60530405
v 0.03324145 -0.03645262 1.60739410
v 0.03479662 -0.04250051 1.60043881
v 0.03324560 -0.04373782 1.60464670
v 0.03592610 -0.04839298 1.59839336
v 0.03238730 -0.04947699 1.60280646
v 0.03824887 -0.05012971 1.59614912
v 0.03569472 -0.04825937 1.59949456
v 0.03247430 -0.05646934 1.59548535
v 0.02816198 -0.05635597 1.60259660
v 0.02755238 -0.06062562 1.59519093
v 0.02498661 -0.05863522 1.60206454
v 0.02118742 -0.06396400 1.59266179
v 0.02022983 -0.06122190 1.60261608
v -0.01381756 -0.03837599 1.60215552
v -0.00551961 -0.03985572 1.60641920
v -0.00093910 -0.04401878 1.60764292
v -0.00229814 -0.05265148 1.60232365
v -0.00629854 -0.05398833 1.60040815
v -0.00067628 -0.05602747 1.60219637
v 0.00401465 -0.05923549 1.60197455
v 0.00598565 -0.06319744 1.59463485
v 0.00765947 -0.06070138 1.60161892
v 0.00765947 -0.06070138 1.60161892
v 0.01307686 -0.06493121 1.59245282
v 0.01285660 -0.06210118 1.60242570
v 0.01285660 -0.06210118 1.60242570
f 1 2 3
f 2 4 5
f 6 7 5
f 8 9 7
f 8 10 11
f 12 13 11
f 14 15 13
f 16 17 15
f 16 18 19
f 20 21 19
f 20 22 23
f 24 25 23
f 24 26 27
f 28 29 27
f 30 31 29
f 30 32 33
f 32 34 35
f 34 36 37
f 38 39 37
f 38 40 41
f 40 42 43
f 44 45 43
f 46 47 45
f 48 49 47
f 48 50 51
f 52 53 51
f 52 54 55
f 56 57 58
f 59 60 61
f 62 63 64
f 65 66 67
f 68 69 70
f 71 72 60
f 73 74 62
f 75 66 65
f 76 68 77
f 78 79 80
f 81 82 74
f 83 75 84
f 85 86 76
f 47 87 88
f 89 90 78
f 91 82 81
f 92 83 93
f 94 95 86
f 96 97 87
f 98 99 90
f 100 91 101
f 102 103 92
f 104 95 94
f 61 96 105
f 69 103 102
f 106 67 100
f 63 99 98
f 107 108 109
f 110 111 112
f 113 114 115
f 116 117 118
f 119 120 121
f 122 123 124
f 125 126 127
f 128 129 130
f 131 132 133
f 134 135 136
f 137 107 138
f 139 140 110
f 141 114 113
f 142 117 116
f 143 120 119
f 144 145 123
f 109 108 146
f 112 111 125
f 115 129 128
f 147 118 132
f 148 121 134
f 124 137 149
f 135 150 151
f 127 126 141
f 152 130 142
f 133 145 144
f 153 58 154
f 155 156 2
f 156 157 4
f 158 6 4
f 159 8 6
f 160 10 8
f 161 12 10
f 162 14 12
f 163 16 14
f 163 164 18
f 165 20 18
f 165 166 22
f 166 167 24
f 167 168 26
f 169 28 26
f 170 30 28
f 170 171 32
f 171 172 34
f 172 173 36
f 173 174 38
f 175 40 38
f 176 42 40
f 177 44 42
f 151 150 140
f 178 179 48
f 179 180 50
f 181 52 50
f 181 182 54
f 183 184 185
f 186 187 184
f 188 189 190
f 185 191 192
f 193 194 195
f 196 197 194
f 198 199 200
f 192 191 199
f 201 202 203
f 204 195 202
f 205 206 207
f 208 209 205
f 210 203 187
f 211 212 213
f 214 215 216
f 207 206 215
f 217 218 219
f 189 218 217
f 220 221 222
f 213 212 220
f 216 197 196
f 219 223 224
f 225 226 227
f 221 226 225
f 228 227 209
f 229 186 183
f 230 183 231
f 232 228 208
f 233 222 225
f 234 225 228
f 235 236 224
f 237 238 211
f 239 240 196
f 241 213 242
f 243 242 222
f 244 190 217
f 217 236 235
f 245 207 214
f 246 214 240
f 154 247 213
f 248 210 186
f 249 208 250
f 251 250 207
f 57 224 237
f 252 204 201
f 253 201 210
f 192 198 254
f 198 255 256
f 257 196 193
f 258 193 204
f 259 231 192
f 260 261 190
f 262 232 249
f 230 259 263
f 264 229 230
f 265 260 244
f 259 266 267
f 268 258 252
f 269 257 258
f 254 256 270
f 267 266 254
f 253 248 271
f 252 253 272
f 224 223 238
f 273 251 245
f 249 251 273
f 271 248 229
f 274 154 241
f 275 246 239
f 245 246 275
f 276 235 277
f 278 244 276
f 279 243 233
f 241 243 279
f 280 239 257
f 58 237 247
f 277 235 57
f 234 232 262
f 281 233 234
f 282 283 206
f 284 282 205
f 203 285 286
f 287 288 212
f 215 289 290
f 206 283 289
f 218 291 292
f 293 291 218
f 294 295 221
f 212 288 294
f 290 296 197
f 223 297 298
f 219 292 297
f 226 299 300
f 295 299 226
f 227 300 284
f 184 301 302
f 187 286 301
f 303 293 189
f 185 302 304
f 305 306 195
f 296 305 194
f 199 307 308
f 304 307 199
f 202 309 285
f 195 306 309
f 298 287 211
f 310 311 312
f 255 313 314
f 1 312 315
f 80 316 311
f 317 318 146
f 319 320 321
f 200 308 313
f 45 88 322
f 59 323 51
f 324 64 9
f 23 65 106
f 35 77 70
f 55 71 59
f 13 73 324
f 25 84 65
f 37 325 77
f 326 80 310
f 15 81 73
f 27 93 84
f 39 85 325
f 178 46 44
f 89 326 3
f 17 101 81
f 29 327 93
f 94 85 39
f 105 87 47
f 7 98 89
f 328 101 17
f 102 327 29
f 322 94 41
f 323 105 49
f 33 70 102
f 21 106 328
f 9 64 98
f 79 321 316
f 329 330 78
f 95 331 332
f 333 334 335
f 103 336 337
f 67 338 339
f 60 340 341
f 342 343 63
f 344 345 68
f 346 347 348
f 349 350 75
f 351 352 82
f 353 354 97
f 99 355 329
f 356 331 95
f 69 357 336
f 358 359 360
f 66 361 338
f 72 362 340
f 363 342 62
f 330 319 79
f 86 332 344
f 364 333 365
f 337 349 83
f 339 351 91
f 341 353 96
f 343 355 99
f 366 356 104
f 345 357 69
f 367 368 369
f 75 350 361
f 82 352 363
f 97 354 366
f 370 371 372
f 138 109 373
f 374 112 375
f 334 376 377
f 378 113 379
f 116 147 380
f 381 119 148
f 122 382 383
f 384 104 322
f 385 127 386
f 387 388 389
f 390 128 152
f 131 391 392
f 393 136 394
f 395 149 138
f 139 374 396
f 397 398 113
f 347 364 399
f 400 116 401
f 402 403 119
f 404 144 122
f 87 97 384
f 373 109 405
f 375 112 385
f 359 406 407
f 379 128 390
f 406 367 408
f 380 147 131
f 409 148 393
f 382 149 395
f 410 151 139
f 127 398 397
f 411 412 388
f 413 152 400
f 392 391 144
f 136 151 410
f 318 370 405
f 414 415 72
f 416 417 54
f 418 419 260
f 55 420 414
f 421 422 303
f 72 415 423
f 403 424 425
f 417 420 55
f 419 426 261
f 261 426 421
f 402 427 424
f 414 428 429
f 416 430 431
f 432 433 419
f 420 434 428
f 421 435 436
f 415 429 437
f 438 439 425
f 417 431 434
f 433 440 426
f 440 435 421
f 427 441 438
f 365 335 429
f 442 348 431
f 443 360 433
f 434 399 365
f 435 408 369
f 335 377 437
f 438 387 444
f 348 399 434
f 360 407 440
f 407 408 435
f 441 411 387
f 445 446 368
f 447 448 333
f 449 450 347
f 448 451 334
f 452 453 359
f 412 454 455
f 456 445 367
f 453 456 406
f 388 455 457
f 450 447 364
f 334 451 458
f 135 56 153
f 150 153 274
f 141 262 459
f 460 263 137
f 123 264 460
f 265 278 120
f 263 267 107
f 118 268 461
f 117 269 268
f 462 270 146
f 267 462 108
f 272 271 145
f 132 461 272
f 115 273 463
f 114 459 273
f 271 264 123
f 140 274 464
f 130 275 280
f 129 463 275
f 121 465 277
f 120 278 465
f 111 279 281
f 110 464 279
f 142 280 269
f 134 277 56
f 126 466 262
f 125 281 466
f 314 317 270
f 444 389 358
f 425 418 265
f 439 432 418
f 444 443 432
f 457 452 358
f 450 449 467
f 468 469 447
f 448 447 469
f 470 471 451
f 472 458 451
f 473 455 454
f 474 475 476
f 477 478 452
f 479 480 445
f 481 482 483
f 484 485 486
f 486 487 488
f 487 489 490
f 489 491 492
f 492 491 493
f 494 493 495
f 495 496 497
f 496 498 499
f 499 498 500
f 501 500 502
f 502 503 504
f 503 505 506
f 505 507 508
f 507 509 510
f 509 511 512
f 512 511 513
f 513 514 515
f 514 516 517
f 516 518 519
f 519 518 520
f 521 520 522
f 522 523 524
f 523 525 526
f 525 527 528
f 527 529 530
f 529 531 532
f 531 533 534
f 535 536 537
f 538 539 540
f 541 542 543
f 544 545 546
f 547 548 549
f 550 551 540
f 552 553 543
f 554 544 555
f 556 557 549
f 558 559 560
f 561 552 562
f 563 554 564
f 565 556 566
f 523 567 568
f 569 560 570
f 571 561 572
f 573 563 574
f 575 565 576
f 577 568 578
f 579 580 570
f 571 581 582
f 583 573 584
f 575 585 586
f 538 577 587
f 583 588 548
f 589 582 546
f 579 590 542
f 591 592 593
f 594 595 596
f 597 598 599
f 600 601 602
f 603 604 605
f 606 607 608
f 609 610 611
f 612 613 614
f 615 616 617
f 618 619 620
f 621 593 622
f 623 624 596
f 625 626 599
f 627 628 602
f 629 630 605
f 631 608 632
f 633 634 592
f 609 635 595
f 597 612 636
f 637 617 601
f 603 638 620
f 639 622 607
f 640 641 619
f 610 625 642
f 613 627 643
f 615 644 632
f 645 646 536
f 647 484 648
f 649 648 488
f 650 488 490
f 490 492 651
f 651 492 494
f 652 494 653
f 654 653 497
f 655 497 499
f 499 501 656
f 656 501 657
f 658 657 504
f 659 504 506
f 660 506 508
f 508 510 661
f 661 510 512
f 662 512 663
f 664 663 515
f 515 517 665
f 517 519 666
f 519 521 667
f 667 521 668
f 668 524 669
f 623 670 641
f 526 528 671
f 528 530 672
f 530 532 673
f 532 534 674
f 536 646 675
f 676 677 678
f 679 680 681
f 646 682 683
f 684 685 686
f 687 686 688
f 689 676 690
f 682 689 691
f 537 536 692
f 537 693 685
f 694 695 696
f 697 694 698
f 482 699 700
f 701 702 703
f 704 679 705
f 695 704 706
f 707 708 709
f 680 707 710
f 711 712 713
f 711 714 703
f 715 688 716
f 708 481 717
f 718 719 720
f 712 718 721
f 719 697 722
f 701 723 678
f 699 724 725
f 726 727 702
f 728 708 707
f 729 730 707
f 731 715 732
f 733 481 708
f 734 695 694
f 735 694 697
f 736 737 699
f 736 482 481
f 738 679 704
f 739 704 695
f 740 712 711
f 741 711 702
f 738 729 680
f 645 742 682
f 743 719 718
f 744 718 712
f 745 746 684
f 745 687 715
f 747 748 676
f 742 747 689
f 749 697 719
f 746 750 537
f 726 701 677
f 748 751 677
f 752 753 754
f 755 752 756
f 757 758 759
f 760 761 762
f 763 764 765
f 753 763 766
f 767 768 769
f 770 767 771
f 772 773 774
f 761 772 775
f 776 777 765
f 778 779 780
f 768 778 781
f 782 783 784
f 773 782 785
f 755 786 784
f 787 788 789
f 758 787 790
f 791 770 792
f 788 793 794
f 795 796 797
f 795 798 777
f 799 725 800
f 793 799 801
f 802 757 803
f 796 802 804
f 779 760 805
f 806 807 808
f 809 810 811
f 806 812 813
f 814 815 808
f 816 817 818
f 819 820 821
f 523 522 822
f 531 529 538
f 491 541 553
f 503 502 545
f 514 513 547
f 533 531 551
f 495 493 553
f 505 503 544
f 516 514 557
f 485 558 569
f 496 495 552
f 507 505 554
f 516 556 565
f 524 526 823
f 487 486 569
f 498 496 561
f 507 563 573
f 518 565 575
f 527 525 568
f 489 487 580
f 498 571 589
f 511 509 573
f 522 520 575
f 527 577 538
f 513 511 583
f 502 500 589
f 491 489 579
f 820 814 824
f 570 560 825
f 576 826 827
f 828 829 830
f 584 831 832
f 582 833 834
f 540 539 835
f 543 542 836
f 566 549 837
f 838 839 840
f 564 841 842
f 572 843 844
f 578 845 846
f 590 570 847
f 585 827 848
f 588 832 849
f 850 851 852
f 555 546 834
f 540 853 854
f 543 855 856
f 560 559 857
f 576 566 858
f 859 830 860
f 584 574 842
f 581 844 833
f 539 587 846
f 590 861 836
f 862 586 848
f 548 849 837
f 863 864 865
f 555 866 841
f 572 562 856
f 578 862 867
f 868 869 870
f 871 591 621
f 872 873 594
f 828 874 875
f 876 877 597
f 878 600 628
f 879 880 603
f 881 882 606
f 567 822 586
f 883 610 609
f 884 885 886
f 887 888 613
f 889 615 637
f 890 618 638
f 891 621 639
f 872 624 623
f 876 626 625
f 892 860 839
f 893 894 628
f 879 630 629
f 881 631 644
f 568 567 862
f 895 633 591
f 873 896 609
f 897 898 899
f 877 887 612
f 900 637 600
f 880 901 638
f 902 639 606
f 903 623 640
f 904 625 610
f 905 884 906
f 893 627 613
f 907 644 615
f 890 908 640
f 868 909 818
f 550 910 911
f 534 912 913
f 914 732 897
f 550 915 916
f 917 918 919
f 910 854 920
f 921 922 923
f 533 916 912
f 851 924 925
f 926 629 923
f 915 911 927
f 912 928 929
f 930 897 931
f 916 915 932
f 918 933 934
f 920 935 927
f 922 936 937
f 912 916 938
f 931 899 924
f 923 937 939
f 927 828 859
f 928 838 940
f 941 931 851
f 932 859 892
f 934 933 864
f 927 935 874
f 937 936 885
f 938 892 838
f 925 811 810
f 939 937 884
f 865 942 943
f 830 944 945
f 840 839 946
f 829 947 944
f 852 810 948
f 949 906 950
f 951 809 952
f 906 886 953
f 860 945 946
f 829 875 954
f 641 535 750
f 670 645 535
f 642 599 727
f 622 728 730
f 607 730 729
f 605 731 914
f 593 733 728
f 601 617 734
f 601 735 749
f 634 737 736
f 592 736 733
f 632 738 739
f 617 616 739
f 598 636 740
f 599 598 741
f 608 729 738
f 670 596 742
f 643 743 744
f 636 614 744
f 604 620 746
f 604 745 731
f 595 635 748
f 596 595 747
f 602 749 743
f 620 619 750
f 611 642 726
f 635 611 751
f 816 955 956
f 885 850 957
f 921 914 930
f 930 941 936
f 936 941 850
f 886 957 948
f 809 951 958
f 959 960 961
f 962 963 964
f 965 966 967
f 968 969 960
f 968 965 970
f 971 972 973
f 974 975 961
f 963 976 958
f 977 951 978
f 979 962 980
f 970 981 982
f 973 972 983
f 961 984 985
f 964 958 986
f 951 977 986
f 987 988 989
f 980 990 991
f 960 992 984
f 980 964 993
f 970 967 994
f 969 982 992
f 995 996 473
f 997 998 468
f 468 998 999
f 999 1000 470
f 1001 1002 1003
f 471 470 1000
f 1004 1005 472
f 478 1006 453
f 1007 477 457
f 1008 1009 987
f 480 1010 446
f 1006 479 456
f 996 476 1011
f 1011 1007 455
f 1012 1013 479
f 1009 1014 988
f 1015 1012 1006
f 724 956 800
f 1016 1017 1011
f 1018 1019 477
f 1019 1015 478
f 1013 1020 480
f 1017 1018 1007
f 989 1016 476
f 1020 1021 1010
f 810 809 976
f 714 713 753
f 703 714 752
f 705 681 758
f 675 683 761
f 721 720 764
f 713 721 763
f 685 768 767
f 686 767 770
f 691 690 773
f 683 691 772
f 720 722 776
f 692 779 778
f 693 778 768
f 678 723 783
f 690 678 782
f 723 703 755
f 710 709 788
f 681 710 787
f 688 770 791
f 709 717 793
f 698 696 796
f 698 795 776
f 483 700 725
f 717 483 799
f 706 705 757
f 706 802 796
f 692 675 760
f 485 484 806
f 732 716 898
f 484 647 812
f 558 485 815
f 634 817 816
f 559 820 819
f 559 558 814
f 924 863 1022
f 633 895 869
f 633 868 817
f 791 919 898
f 919 934 899
f 899 934 863
f 1022 943 811
f 737 816 724
f 1023 973 978
f 978 973 1024
f 1025 1026 1014
f 946 945 959
f 950 953 963
f 947 954 966
f 944 968 959
f 947 965 968
f 942 971 1023
f 1027 946 975
f 953 948 976
f 1028 1029 1030
f 1031 950 962
f 943 1023 952
f 1032 1033 1009
f 1009 1033 1034
f 1035 1036 1024
f 1037 1038 1033
f 1033 1038 1039
f 1040 1041 1036
f 1042 1043 1038
f 1043 1044 1039
f 1045 1046 1041
f 1047 1048 1043
f 1048 1049 1044
f 1050 1051 1046
f 1049 1048 1047
f 1052 1053 1054
f 1055 1054 1056
f 1056 1057 1058
f 1057 1059 1060
f 1060 1059 1061
f 1061 1062 1063
f 1062 1064 1065
f 1064 1066 1067
f 1067 1066 1068
f 1068 1069 1070
f 1070 1069 1071
f 1071 1072 1073
f 1073 1072 1074
f 1074 1075 1076
f 1075 1077 1078
f 1078 1077 1079
f 1079 1080 1081
f 1081 1080 1082
f 1082 1083 1084
f 1084 1083 1085
f 1086 1085 1087
f 1087 1088 1089
f 1088 1090 1091
f 1090 1092 1093
f 1093 1092 1094
f 1094 1095 1096
f 1096 1095 1097
f 1098 1099 1100
f 1101 1102 1103
f 1104 1105 1106
f 1107 1108 1109
f 1110 1111 1112
f 1113 1101 1114
f 1115 1116 1106
f 1107 1117 1118
f 1119 1112 1120
f 1121 1122 1123
f 1124 1115 1125
f 1126 1118 1127
f 1128 1129 1120
f 1090 1088 1130
f 1131 1132 1123
f 1124 1133 1134
f 1135 1127 1136
f 1137 1128 1138
f 1139 1140 1141
f 1142 1131 1143
f 1144 1134 1145
f 1146 1147 1136
f 1137 1148 1149
f 1150 1141 1103
f 1146 1151 1111
f 1108 1152 1145
f 1142 1153 1105
f 1154 1155 1156
f 1157 1158 1159
f 1160 1161 1162
f 1163 1164 1165
f 1166 1167 1168
f 1169 1170 1171
f 1172 1173 1174
f 1175 1176 1177
f 1178 1179 1180
f 1181 1182 1183
f 1184 1156 1185
f 1186 1187 1159
f 1160 1188 1189
f 1163 1190 1191
f 1166 1192 1193
f 1194 1169 1195
f 1154 1196 1197
f 1157 1198 1174
f 1175 1199 1162
f 1164 1178 1200
f 1167 1201 1183
f 1202 1185 1171
f 1203 1204 1182
f 1172 1205 1189
f 1176 1206 1191
f 1194 1207 1180
f 1099 1208 1209
f 1210 1052 1055
f 1211 1055 1212
f 1212 1058 1213
f 1058 1060 1214
f 1060 1215 1216
f 1215 1063 1217
f 1063 1065 1218
f 1065 1067 1219
f 1219 1067 1220
f 1220 1070 1221
f 1221 1070 1222
f 1223 1222 1073
f 1224 1073 1225
f 1225 1076 1226
f 1076 1078 1227
f 1227 1078 1228
f 1229 1228 1081
f 1230 1081 1231
f 1232 1231 1084
f 1084 1086 1233
f 1086 1234 1235
f 1234 1089 1236
f 1203 1186 1237
f 1238 1091 1093
f 1239 1093 1240
f 1240 1096 1241
f 1241 1096 1242
f 1243 1244 1245
f 1246 1243 1247
f 1248 1249 1250
f 1251 1252 1245
f 1253 1254 1255
f 1256 1253 1257
f 1258 1259 1260
f 1251 1258 1261
f 1262 1263 1264
f 1254 1262 1265
f 1266 1267 1268
f 1269 1270 1268
f 1263 1246 1271
f 1272 1273 1274
f 1275 1276 1277
f 1266 1275 1278
f 1279 1280 1281
f 1279 1282 1249
f 1283 1284 1285
f 1272 1286 1285
f 1256 1287 1277
f 1288 1289 1281
f 1290 1291 1292
f 1290 1293 1284
f 1291 1269 1294
f 1295 1296 1243
f 1296 1297 1244
f 1298 1299 1269
f 1300 1301 1290
f 1301 1298 1291
f 1302 1303 1288
f 1304 1305 1274
f 1306 1307 1256
f 1308 1309 1286
f 1309 1300 1283
f 1310 1311 1279
f 1302 1280 1279
f 1312 1313 1275
f 1313 1306 1276
f 1209 1308 1272
f 1314 1295 1246
f 1299 1315 1270
f 1315 1312 1266
f 1303 1100 1304
f 1316 1317 1262
f 1317 1314 1263
f 1318 1258 1251
f 1319 1259 1258
f 1307 1320 1253
f 1320 1316 1254
f 1297 1321 1251
f 1322 1310 1248
f 1323 1324 1299
f 1325 1297 1296
f 1326 1327 1296
f 1328 1329 1310
f 1330 1321 1297
f 1331 1332 1316
f 1333 1331 1320
f 1334 1319 1318
f 1330 1335 1318
f 1336 1314 1317
f 1337 1317 1316
f 1288 1304 1338
f 1339 1340 1312
f 1339 1315 1299
f 1336 1326 1295
f 1208 1341 1308
f 1342 1343 1306
f 1342 1313 1312
f 1344 1302 1311
f 1329 1345 1311
f 1346 1347 1300
f 1346 1309 1308
f 1343 1333 1307
f 1100 1209 1305
f 1344 1098 1303
f 1323 1298 1301
f 1347 1348 1301
f 1267 1349 1350
f 1294 1268 1350
f 1271 1351 1352
f 1273 1353 1354
f 1277 1355 1356
f 1278 1356 1349
f 1282 1281 1357
f 1282 1358 1359
f 1284 1360 1361
f 1285 1361 1353
f 1277 1287 1362
f 1338 1363 1364
f 1289 1364 1357
f 1292 1365 1366
f 1293 1366 1360
f 1294 1367 1365
f 1245 1368 1369
f 1247 1369 1351
f 1249 1359 1370
f 1252 1371 1368
f 1255 1372 1373
f 1257 1373 1362
f 1261 1260 1374
f 1261 1375 1371
f 1264 1352 1376
f 1255 1265 1376
f 1338 1274 1354
f 1053 1052 1377
f 1259 1319 1378
f 1052 1210 1379
f 1121 1053 1380
f 1197 1381 1382
f 1383 1122 1384
f 1385 1374 1260
f 1088 1087 1386
f 1094 1102 1101
f 1059 1104 1116
f 1071 1069 1108
f 1080 1079 1110
f 1097 1095 1101
f 1062 1061 1116
f 1072 1071 1107
f 1082 1080 1119
f 1053 1121 1132
f 1064 1062 1115
f 1074 1072 1126
f 1083 1082 1129
f 1089 1091 1238
f 1056 1054 1132
f 1066 1064 1124
f 1075 1074 1135
f 1083 1128 1137
f 1090 1139 1150
f 1057 1056 1131
f 1066 1144 1152
f 1075 1147 1146
f 1085 1137 1386
f 1092 1150 1102
f 1079 1077 1146
f 1069 1068 1152
f 1059 1057 1142
f 1122 1121 1387
f 1123 1388 1389
f 1148 1138 1390
f 1391 1392 1393
f 1151 1136 1394
f 1109 1145 1395
f 1114 1103 1396
f 1105 1397 1398
f 1112 1399 1400
f 1401 1402 1403
f 1118 1404 1405
f 1133 1406 1407
f 1140 1408 1409
f 1153 1143 1389
f 1148 1410 1411
f 1111 1151 1412
f 1413 1414 1415
f 1117 1109 1416
f 1417 1114 1418
f 1106 1398 1419
f 1122 1383 1388
f 1138 1120 1400
f 1420 1393 1421
f 1127 1405 1394
f 1134 1407 1395
f 1141 1409 1396
f 1153 1422 1397
f 1149 1411 1423
f 1111 1424 1399
f 1425 1426 1427
f 1118 1117 1428
f 1133 1125 1419
f 1140 1429 1423
f 1430 1431 1432
f 1433 1154 1184
f 1434 1157 1187
f 1435 1436 1392
f 1437 1438 1161
f 1439 1164 1163
f 1440 1441 1167
f 1442 1170 1169
f 1386 1149 1429
f 1443 1172 1198
f 1444 1445 1446
f 1447 1448 1176
f 1449 1179 1178
f 1450 1181 1201
f 1451 1452 1184
f 1453 1187 1186
f 1454 1437 1160
f 1455 1421 1402
f 1456 1163 1206
f 1457 1440 1166
f 1458 1459 1169
f 1139 1130 1429
f 1433 1430 1196
f 1434 1460 1198
f 1461 1462 1414
f 1447 1175 1161
f 1463 1427 1462
f 1439 1464 1178
f 1441 1465 1201
f 1451 1202 1170
f 1466 1467 1186
f 1454 1205 1172
f 1468 1444 1469
f 1448 1470 1206
f 1449 1458 1194
f 1466 1203 1181
f 1196 1432 1381
f 1417 1471 1472
f 1242 1473 1474
f 1322 1475 1476
f 1097 1113 1472
f 1370 1477 1478
f 1417 1479 1480
f 1481 1193 1482
f 1097 1483 1473
f 1484 1485 1475
f 1484 1250 1478
f 1457 1481 1486
f 1472 1471 1487
f 1474 1473 1488
f 1475 1489 1490
f 1483 1472 1491
f 1477 1492 1493
f 1471 1480 1494
f 1482 1495 1496
f 1473 1483 1497
f 1485 1498 1489
f 1478 1493 1498
f 1499 1486 1496
f 1487 1391 1420
f 1488 1401 1500
f 1489 1413 1501
f 1497 1491 1420
f 1493 1492 1425
f 1494 1435 1391
f 1496 1495 1445
f 1497 1455 1401
f 1498 1461 1413
f 1493 1463 1461
f 1502 1496 1444
f 1426 1503 1504
f 1393 1505 1506
f 1402 1507 1508
f 1392 1509 1505
f 1414 1510 1511
f 1512 1469 1513
f 1427 1504 1514
f 1462 1514 1510
f 1469 1446 1515
f 1421 1506 1507
f 1392 1436 1516
f 1182 1204 1099
f 1204 1237 1208
f 1189 1188 1324
f 1185 1325 1327
f 1195 1171 1327
f 1192 1329 1328
f 1156 1330 1325
f 1165 1200 1332
f 1190 1165 1331
f 1197 1334 1335
f 1155 1335 1330
f 1207 1336 1337
f 1200 1180 1337
f 1162 1199 1340
f 1188 1162 1339
f 1195 1326 1336
f 1237 1159 1341
f 1177 1191 1343
f 1199 1177 1342
f 1168 1183 1344
f 1192 1168 1345
f 1158 1174 1347
f 1159 1158 1346
f 1191 1190 1333
f 1183 1182 1098
f 1173 1189 1323
f 1174 1173 1348
f 1334 1382 1378
f 1445 1501 1415
f 1328 1476 1482
f 1476 1490 1495
f 1490 1501 1445
f 1415 1511 1515
f 1517 1508 1507
f 1506 1518 1519
f 1518 1506 1505
f 1509 1520 1521
f 1522 1520 1509
f 1523 1524 1525
f 1029 1526 1527
f 1511 1528 1529
f 1504 1530 1531
f 1532 1533 1534
f 1535 1536 1537
f 1538 1539 1537
f 1540 1541 1539
f 1542 1543 1541
f 1542 1544 1545
f 1544 1546 1547
f 1548 1549 1547
f 1550 1551 1549
f 1550 1552 1553
f 1552 1554 1555
f 1556 1557 1555
f 1558 1559 1557
f 1560 1561 1559
f 1562 1563 1561
f 1564 1565 1563
f 1564 1566 1567
f 1568 1569 1567
f 1570 1571 1569
f 1572 1573 1571
f 1572 1574 1575
f 1574 1576 1577
f 1578 1579 1577
f 1580 1581 1579
f 1582 1583 1581
f 1584 1585 1583
f 1586 1587 1585
f 1588 1589 1587
f 1590 1591 1592
f 1593 1594 1595
f 1596 1597 1598
f 1599 1600 1601
f 1602 1603 1604
f 1605 1606 1593
f 1607 1608 1596
f 1609 1610 1600
f 1611 1612 1602
f 1613 1614 1615
f 1616 1617 1608
f 1618 1619 1610
f 1620 1621 1612
f 1622 1623 1579
f 1624 1613 1625
f 1626 1627 1617
f 1628 1629 1619
f 1630 1631 1621
f 1632 1633 1634
f 1635 1636 1624
f 1637 1627 1626
f 1638 1639 1629
f 1640 1631 1630
f 1595 1594 1633
f 1603 1639 1638
f 1601 1637 1641
f 1597 1636 1635
f 1642 1643 1644
f 1645 1646 1647
f 1648 1649 1650
f 1651 1652 1653
f 1654 1655 1656
f 1657 1658 1659
f 1660 1661 1662
f 1663 1664 1665
f 1666 1667 1668
f 1669 1670 1671
f 1672 1642 1673
f 1674 1675 1645
f 1676 1677 1648
f 1678 1679 1651
f 1680 1681 1654
f 1682 1657 1683
f 1643 1684 1685
f 1646 1661 1660
f 1650 1649 1664
f 1652 1666 1686
f 1656 1655 1669
f 1658 1672 1687
f 1670 1688 1689
f 1690 1662 1677
f 1691 1665 1679
f 1668 1667 1682
f 1591 1692 1693
f 1694 1695 1536
f 1695 1696 1538
f 1696 1697 1540
f 1698 1542 1540
f 1698 1699 1544
f 1699 1700 1546
f 1700 1701 1548
f 1701 1702 1550
f 1703 1552 1550
f 1703 1704 1554
f 1704 1705 1556
f 1705 1706 1558
f 1706 1707 1560
f 1708 1562 1560
f 1708 1709 1564
f 1709 1710 1566
f 1710 1711 1568
f 1712 1570 1568
f 1713 1572 1570
f 1714 1574 1572
f 1714 1715 1576
f 1716 1578 1576
f 1688 1675 1674
f 1717 1582 1580
f 1718 1584 1582
f 1719 1586 1584
f 1720 1588 1586
f 1591 1721 1722
f 1723 1724 1725
f 1726 1727 1728
f 1692 1722 1729
f 1730 1731 1732
f 1733 1730 1734
f 1735 1736 1724
f 1737 1729 1736
f 1721 1591 1590
f 1731 1738 1590
f 1739 1740 1741
f 1742 1743 1740
f 1744 1534 1745
f 1746 1747 1748
f 1749 1750 1727
f 1751 1741 1750
f 1752 1753 1754
f 1755 1728 1753
f 1756 1757 1758
f 1748 1757 1756
f 1759 1733 1760
f 1761 1754 1533
f 1762 1763 1764
f 1765 1758 1763
f 1766 1764 1743
f 1725 1747 1746
f 1767 1745 1768
f 1769 1746 1770
f 1752 1761 1771
f 1772 1755 1752
f 1773 1760 1774
f 1761 1532 1775
f 1739 1751 1776
f 1742 1739 1777
f 1778 1744 1767
f 1532 1744 1778
f 1749 1726 1779
f 1751 1749 1780
f 1756 1765 1781
f 1770 1756 1782
f 1779 1726 1755
f 1693 1692 1737
f 1762 1766 1783
f 1765 1762 1784
f 1785 1734 1732
f 1760 1734 1785
f 1786 1735 1723
f 1787 1737 1735
f 1766 1742 1788
f 1789 1732 1590
f 1790 1746 1769
f 1791 1723 1790
f 1792 1793 1794
f 1795 1796 1793
f 1797 1798 1799
f 1800 1801 1802
f 1803 1804 1805
f 1794 1804 1803
f 1806 1807 1808
f 1809 1810 1807
f 1811 1812 1813
f 1802 1801 1812
f 1814 1805 1815
f 1816 1817 1818
f 1808 1817 1816
f 1819 1820 1821
f 1822 1813 1820
f 1823 1821 1796
f 1824 1825 1826
f 1827 1799 1825
f 1828 1829 1810
f 1830 1826 1831
f 1832 1833 1834
f 1815 1833 1832
f 1835 1836 1837
f 1838 1831 1836
f 1839 1840 1798
f 1841 1834 1840
f 1842 1818 1800
f 1843 1844 1845
f 1846 1847 1848
f 1845 1844 1849
f 1850 1851 1843
f 1852 1853 1854
f 1855 1856 1857
f 1579 1623 1858
f 1587 1859 1595
f 1860 1598 1543
f 1557 1599 1861
f 1569 1862 1604
f 1589 1605 1859
f 1547 1607 1860
f 1559 1609 1599
f 1571 1611 1862
f 1625 1615 1863
f 1549 1616 1607
f 1561 1618 1609
f 1620 1611 1571
f 1864 1580 1578
f 1539 1865 1625
f 1551 1626 1616
f 1628 1618 1561
f 1630 1620 1573
f 1583 1632 1622
f 1541 1635 1865
f 1641 1626 1551
f 1565 1638 1628
f 1577 1858 1630
f 1595 1632 1583
f 1567 1604 1638
f 1555 1861 1641
f 1543 1598 1635
f 1866 1857 1851
f 1624 1867 1868
f 1869 1870 1621
f 1871 1872 1873
f 1874 1875 1629
f 1876 1877 1637
f 1593 1878 1879
f 1596 1880 1881
f 1612 1882 1883
f 1884 1885 1886
f 1887 1888 1610
f 1889 1890 1617
f 1891 1892 1634
f 1636 1893 1867
f 1894 1869 1631
f 1895 1874 1639
f 1896 1897 1898
f 1600 1899 1876
f 1900 1878 1593
f 1901 1880 1596
f 1613 1868 1902
f 1621 1870 1882
f 1903 1871 1904
f 1629 1875 1887
f 1877 1889 1627
f 1594 1879 1891
f 1881 1893 1636
f 1905 1906 1894
f 1883 1895 1603
f 1907 1908 1909
f 1888 1899 1600
f 1617 1890 1901
f 1634 1892 1906
f 1910 1911 1912
f 1673 1644 1913
f 1914 1915 1647
f 1873 1872 1916
f 1917 1918 1650
f 1919 1653 1920
f 1921 1922 1656
f 1923 1683 1659
f 1623 1905 1640
f 1660 1690 1924
f 1925 1926 1927
f 1928 1663 1691
f 1686 1668 1929
f 1930 1671 1931
f 1687 1673 1932
f 1674 1915 1914
f 1676 1918 1917
f 1885 1903 1933
f 1934 1678 1919
f 1680 1922 1921
f 1935 1683 1923
f 1622 1634 1905
f 1644 1685 1936
f 1937 1647 1660
f 1938 1939 1940
f 1941 1650 1663
f 1653 1686 1942
f 1943 1656 1930
f 1659 1687 1944
f 1689 1674 1945
f 1690 1676 1946
f 1947 1948 1926
f 1691 1678 1934
f 1668 1935 1949
f 1931 1671 1689
f 1854 1911 1910
f 1605 1950 1951
f 1952 1953 1588
f 1954 1955 1938
f 1956 1950 1605
f 1828 1957 1958
f 1606 1951 1959
f 1960 1961 1681
f 1953 1956 1589
f 1962 1898 1963
f 1964 1965 1960
f 1950 1966 1967
f 1968 1969 1953
f 1955 1970 1939
f 1956 1971 1966
f 1957 1972 1973
f 1967 1974 1959
f 1975 1976 1961
f 1953 1969 1971
f 1939 1962 1977
f 1978 1975 1960
f 1904 1873 1967
f 1979 1886 1969
f 1970 1896 1962
f 1933 1904 1966
f 1972 1907 1980
f 1967 1873 1981
f 1975 1925 1982
f 1886 1933 1971
f 1983 1848 1963
f 1978 1947 1925
f 1908 1984 1985
f 1986 1987 1871
f 1884 1988 1989
f 1987 1990 1872
f 1991 1983 1898
f 1948 1992 1993
f 1994 1995 1847
f 1926 1993 1996
f 1989 1986 1903
f 1872 1990 1997
f 1998 1592 1688
f 1592 1693 1675
f 1677 1769 1999
f 2000 1771 1672
f 1772 2000 1658
f 1954 1774 1654
f 1771 1775 1642
f 1652 1777 1776
f 1788 1777 1652
f 1778 2001 1684
f 1775 1778 1643
f 1780 1779 1682
f 1666 1776 1780
f 1649 1782 1781
f 1648 1999 1782
f 1779 1772 1657
f 1675 1693 1787
f 1784 1783 1679
f 1664 1781 1784
f 1655 1785 1789
f 1774 1785 1655
f 1646 1786 1791
f 1645 1787 1786
f 1783 1788 1651
f 1669 1789 1998
f 1662 2002 1769
f 1661 1791 2002
f 2003 2004 1853
f 1982 1927 1897
f 1681 1961 1955
f 1976 1970 1955
f 1976 1982 1896
f 1927 1996 1991
f 2005 1994 1846
f 2006 2007 2008
f 2009 2010 2011
f 2012 2013 2014
f 2007 2015 2016
f 2016 2015 2013
f 2017 2018 2019
f 2020 2021 2006
f 2022 2011 2005
f 2023 2024 1995
f 2025 2026 2010
f 2027 2028 2013
f 2018 2029 2030
f 2031 2032 2006
f 2011 2033 2034
f 2034 2023 1994
f 2035 1030 2036
f 2037 2038 2010
f 2032 2039 2007
f 2010 2038 2033
f 2013 2028 2040
f 2039 2027 2015
f 1523 1526 2041
f 1519 2042 2043
f 2044 2042 1519
f 1521 2045 2044
f 1524 1523 2046
f 1520 2047 2045
f 1522 2048 2047
f 1510 2049 1528
f 1515 1529 2050
f 2051 1028 2035
f 1503 2052 1530
f 1514 1531 2049
f 1526 1523 2053
f 1513 2050 2053
f 1531 2054 2055
f 2056 2035 2057
f 2049 2055 2058
f 2004 2003 1768
f 2053 2059 2060
f 1529 2061 2062
f 1528 2058 2061
f 1530 2063 2054
f 2050 2062 2059
f 1527 2060 2036
f 2052 2064 2063
f 2065 1846 1983
f 1757 1792 2066
f 1748 1795 1792
f 1727 1797 1827
f 1722 2067 1802
f 1763 1803 1814
f 1758 2066 1803
f 1806 2068 1731
f 1809 1806 1730
f 1736 1811 1822
f 1729 1802 1811
f 1764 1814 2069
f 1816 1842 1721
f 2068 1816 1738
f 1725 1819 1823
f 1724 1822 1819
f 1747 1823 1795
f 1753 1824 1830
f 1728 1827 1824
f 1828 1809 1733
f 1754 1830 1838
f 1740 1832 1841
f 2069 1832 1740
f 1534 1835 1768
f 1533 1838 1835
f 1750 1839 1797
f 1841 1839 1750
f 1721 1842 2067
f 1863 2070 1845
f 1773 1938 2071
f 1535 1845 2072
f 1615 1850 2070
f 1852 2073 1684
f 1855 1866 1614
f 1614 1866 1850
f 1977 1963 1908
f 1685 1910 2074
f 2073 1910 1685
f 2071 1957 1828
f 1940 1972 1957
f 1940 1977 1907
f 1848 1984 1908
f 2003 1852 2001
f 1995 2018 2017
f 1995 2024 2029
f 2075 2056 2076
f 1989 2077 2008
f 1993 2009 2022
f 1990 2012 2078
f 2008 2016 1987
f 2016 2012 1990
f 2017 2079 1985
f 1988 2020 2077
f 1996 2022 2065
f 1992 2025 2009
f 1847 2017 1984
f 2056 2080 2081
f 2075 2082 2080
f 2030 2029 2083
f 2080 2084 2085
f 2082 2086 2084
f 2087 2083 2088
f 2084 2089 2090
f 2086 2091 2089
f 2088 2092 2093
f 2089 2094 2095
f 2091 2096 2094
f 2093 2092 2097
f 2098 2095 2094
f 2099 987 475
f 2100 2101 2102
f 2103 2104 2105
f 2106 2107 2108
f 2107 2105 2104
f 2107 2109 2110
f 2111 2112 2113
f 2114 2109 2107
f 2112 2111 2115
f 2116 2117 2118
f 2119 2120 2121
f 2122 2118 2117
f 2123 2120 2119
f 2124 2119 2118
f 2125 2123 2126
f 2124 2127 2126
f 2128 2124 2122
f 2129 2130 2131
f 2132 2133 2113
f 2134 2132 2126
f 2124 2128 2135
f 2136 2137 2130
f 2138 2129 2139
f 2137 2136 2140
f 2136 2129 2138
f 2141 2142 2138
f 2143 2144 2140
f 2136 2145 2146
f 2147 2100 2142
f 2148 2146 2145
f 2149 2150 2151
f 2101 2106 2148
f 2149 2152 2153
f 2154 2155 2156
f 2152 2114 2157
f 2158 2156 2155
f 2159 2160 2115
f 2161 2162 2163
f 2164 2154 2165
f 2133 2132 2134
f 2166 2167 2168
f 2169 2170 2117
f 2167 2117 2170
f 2162 2171 2165
f 2156 2149 2163
f 2158 2152 2149
f 2115 2114 2152
f 2115 2111 2109
f 2110 2109 2111
f 2166 2172 2122
f 2134 2143 2105
f 2143 2134 2127
f 2142 2102 2145
f 2173 2147 2141
f 2174 2139 2131
f 2103 2140 2146
f 2146 2148 2108
f 2175 2176 2177
f 2178 2179 2180
f 2181 2182 2183
f 2183 2182 2180
f 2182 2184 2185
f 2186 2187 2188
f 2189 2184 2182
f 2186 2190 2191
f 2192 2193 2194
f 2195 2196 2197
f 2198 2194 2193
f 2199 2200 2196
f 2201 2195 2194
f 2202 2200 2199
f 2201 2203 2199
f 2201 2198 2204
f 2205 2206 2204
f 2207 2188 2187
f 2207 2199 2203
f 2203 2201 2208
f 2208 2204 2206
f 2209 2206 2205
f 2210 2208 2211
f 2211 2206 2209
f 2175 2209 2212
f 2178 2213 2210
f 2214 2211 2215
f 2216 2217 2176
f 2218 2219 2215
f 2220 2221 2222
f 2223 2181 2218
f 2224 2225 2222
f 2226 2227 2228
f 2229 2189 2230
f 2231 2228 2227
f 2232 2233 2191
f 2217 2234 2235
f 2236 2226 2237
f 2207 2238 2185
f 2239 2240 2235
f 2241 2193 2192
f 2240 2193 2241
f 2220 2235 2241
f 2237 2228 2221
f 2228 2231 2224
f 2242 2191 2189
f 2190 2184 2189
f 2185 2184 2190
f 2204 2198 2240
f 2238 2213 2180
f 2238 2203 2210
f 2209 2175 2243
f 2234 2217 2216
f 2212 2205 2239
f 2178 2214 2219
f 2218 2183 2179
f 2244 2245 2246
f 2247 2248 2249
f 2250 2251 2252
f 2252 2251 2249
f 2251 2253 2254
f 2255 2256 2257
f 2253 2251 2258
f 2256 2255 2259
f 2260 2261 2262
f 2263 2264 2265
f 2266 2262 2261
f 2267 2264 2263
f 2268 2263 2262
f 2269 2267 2270
f 2268 2271 2270
f 2272 2268 2266
f 2273 2274 2275
f 2276 2277 2257
f 2276 2270 2271
f 2268 2272 2278
f 2279 2272 2275
f 2280 2274 2273
f 2272 2279 2281
f 2279 2274 2280
f 2282 2280 2283
f 2247 2284 2278
f 2281 2279 2285
f 2286 2287 2244
f 2288 2289 2285
f 2290 2291 2292
f 2293 2250 2288
f 2291 2294 2295
f 2296 2297 2298
f 2299 2258 2300
f 2301 2298 2297
f 2302 2303 2304
f 2287 2305 2306
f 2307 2308 2296
f 2277 2276 2309
f 2310 2311 2306
f 2308 2307 2261
f 2306 2311 2261
f 2290 2306 2307
f 2312 2298 2291
f 2298 2301 2294
f 2302 2259 2299
f 2255 2253 2299
f 2253 2255 2277
f 2275 2266 2311
f 2284 2249 2254
f 2309 2271 2278
f 2282 2246 2285
f 2305 2287 2286
f 2305 2283 2273
f 2248 2247 2281
f 2288 2252 2248
f 2313 2314 2315
f 2316 2317 2318
f 2319 2320 2321
f 2321 2320 2318
f 2322 2323 2318
f 2324 2325 2326
f 2322 2320 2327
f 2324 2328 2329
f 2330 2331 2332
f 2333 2334 2335
f 2336 2332 2331
f 2337 2334 2333
f 2338 2333 2332
f 2339 2337 2340
f 2338 2341 2340
f 2342 2338 2336
f 2343 2344 2345
f 2346 2326 2325
f 2346 2340 2341
f 2341 2338 2342
f 2342 2345 2344
f 2347 2344 2343
f 2348 2342 2349
f 2349 2344 2347
f 2350 2347 2351
f 2316 2352 2348
f 2353 2349 2354
f 2355 2356 2313
f 2357 2358 2354
f 2359 2360 2361
f 2362 2363 2319
f 2360 2364 2365
f 2366 2367 2368
f 2369 2327 2370
f 2371 2368 2367
f 2372 2373 2374
f 2356 2375 2376
f 2377 2366 2378
f 2326 2346 2379
f 2380 2381 2376
f 2377 2382 2331
f 2381 2331 2382
f 2359 2376 2382
f 2378 2368 2360
f 2368 2371 2364
f 2329 2369 2383
f 2328 2322 2369
f 2322 2328 2326
f 2345 2336 2381
f 2352 2318 2323
f 2379 2341 2348
f 2350 2315 2354
f 2375 2356 2355
f 2375 2351 2343
f 2317 2316 2353
f 2357 2321 2317
f 2384 2385 2386
f 2387 2388 2389
f 2390 2391 2392
f 2392 2391 2389
f 2391 2393 2394
f 2395 2396 2397
f 2398 2393 2391
f 2395 2399 2400
f 2401 2402 2403
f 2404 2405 2406
f 2403 2402 2407
f 2408 2405 2404
f 2404 2403 2409
f 2410 2408 2411
f 2412 2411 2404
f 2413 2409 2414
f 2415 2416 2417
f 2418 2397 2396
f 2419 2418 2411
f 2413 2420 2421
f 2422 2417 2416
f 2423 2416 2415
f 2422 2424 2425
f 2424 2416 2423
f 2426 2427 2423
f 2428 2421 2425
f 2424 2429 2430
f 2426 2431 2384
f 2386 2432 2430
f 2433 2434 2435
f 2385 2390 2432
f 2436 2437 2434
f 2438 2439 2440
f 2436 2398 2390
f 2441 2440 2439
f 2441 2442 2443
f 2435 2444 2445
f 2446 2438 2447
f 2418 2419 2394
f 2448 2449 2407
f 2450 2402 2401
f 2451 2407 2402
f 2452 2445 2453
f 2440 2433 2452
f 2441 2436 2433
f 2400 2398 2436
f 2400 2399 2393
f 2393 2399 2397
f 2449 2414 2409
f 2419 2428 2389
f 2428 2419 2412
f 2427 2386 2429
f 2454 2455 2431
f 2454 2415 2456
f 2387 2425 2430
f 2430 2432 2392
f 2457 2458 2459
f 2460 2461 2462
f 2463 2464 2465
f 2465 2464 2466
f 2464 2467 2468
f 2469 2470 2471
f 2472 2467 2464
f 2469 2473 2474
f 2475 2476 2477
f 2478 2479 2480
f 2481 2477 2476
f 2482 2483 2479
f 2478 2477 2481
f 2484 2483 2482
f 2485 2482 2478
f 2486 2481 2487
f 2488 2489 2490
f 2491 2471 2470
f 2492 2491 2482
f 2486 2493 2494
f 2495 2490 2489
f 2496 2489 2488
f 2497 2495 2498
f 2499 2498 2489
f 2500 2501 2496
f 2460 2497 2502
f 2502 2498 2499
f 2500 2503 2457
f 2459 2504 2505
f 2506 2507 2508
f 2458 2463 2504
f 2509 2510 2507
f 2511 2512 2513
f 2509 2472 2514
f 2515 2513 2512
f 2515 2516 2517
f 2518 2519 2520
f 2521 2511 2522
f 2471 2491 2492
f 2523 2524 2525
f 2526 2527 2476
f 2528 2525 2476
f 2520 2519 2529
f 2513 2506 2520
f 2515 2509 2506
f 2474 2472 2509
f 2474 2473 2467
f 2468 2467 2473
f 2524 2487 2481
f 2492 2460 2466
f 2460 2492 2485
f 2501 2459 2499
f 2530 2503 2500
f 2531 2488 2532
f 2461 2502 2505
f 2505 2504 2465
f 2533 2534 2535
f 2536 2537 2538
f 2539 2540 2541
f 2540 2538 2537
f 2542 2543 2538
f 2544 2545 2546
f 2547 2542 2540
f 2545 2544 2548
f 2549 2550 2551
f 2552 2553 2554
f 2551 2550 2555
f 2556 2557 2553
f 2558 2552 2551
f 2559 2557 2556
f 2560 2556 2552
f 2558 2561 2562
f 2563 2564 2565
f 2566 2567 2546
f 2568 2566 2556
f 2560 2558 2569
f 2570 2565 2564
f 2571 2564 2563
f 2572 2570 2573
f 2574 2573 2564
f 2575 2533 2571
f 2576 2572 2577
f 2573 2574 2578
f 2575 2579 2534
f 2580 2581 2578
f 2582 2583 2584
f 2535 2539 2581
f 2582 2585 2586
f 2587 2588 2589
f 2585 2547 2590
f 2591 2589 2588
f 2591 2592 2593
f 2594 2595 2596
f 2597 2587 2598
f 2566 2568 2543
f 2599 2600 2555
f 2601 2602 2550
f 2603 2555 2550
f 2596 2595 2604
f 2589 2582 2596
f 2591 2585 2582
f 2548 2547 2585
f 2548 2544 2542
f 2542 2544 2567
f 2600 2562 2561
f 2568 2576 2538
f 2568 2560 2605
f 2533 2580 2574
f 2606 2579 2575
f 2607 2563 2608
f 2536 2577 2578
f 2578 2581 2541
f 2609 2610 2611
f 2612 2613 2614
f 2615 2616 2617
f 2616 2618 2614
f 2619 2620 2618
f 2621 2622 2623
f 2624 2619 2616
f 2622 2621 2625
f 2626 2627 2628
f 2629 2630 2631
f 2632 2628 2627
f 2633 2634 2630
f 2635 2629 2628
f 2636 2634 2633
f 2637 2633 2629
f 2638 2635 2632
f 2639 2640 2641
f 2642 2643 2623
f 2644 2642 2633
f 2635 2638 2645
f 2646 2647 2641
f 2648 2640 2639
f 2647 2646 2649
f 2650 2646 2640
f 2651 2609 2648
f 2612 2652 2649
f 2646 2650 2653
f 2654 2610 2609
f 2655 2656 2653
f 2657 2658 2659
f 2611 2615 2656
f 2657 2660 2661
f 2662 2663 2664
f 2660 2624 2665
f 2666 2664 2663
f 2666 2667 2668
f 2669 2670 2671
f 2672 2662 2673
f 2643 2642 2644
f 2674 2675 2676
f 2677 2627 2626
f 2676 2627 2677
f 2670 2678 2673
f 2664 2657 2671
f 2664 2666 2660
f 2666 2625 2624
f 2625 2621 2619
f 2620 2619 2621
f 2675 2679 2632
f 2644 2612 2618
f 2612 2644 2637
f 2609 2655 2650
f 2680 2654 2651
f 2681 2639 2682
f 2613 2649 2653
f 2653 2656 2617
f 2683 2684 2685
f 2686 2687 2688
f 2689 2690 2691
f 2687 2686 2690
f 2690 2686 2692
f 2693 2694 2695
f 2696 2697 2690
f 2698 2699 2700
f 2701 2702 2703
f 2704 2703 2702
f 2705 2706 2707
f 2704 2708 2709
f 2710 2705 2703
f 2711 2709 2712
f 2710 2704 2711
f 2713 2714 2705
f 2715 2716 2717
f 2695 2694 2718
f 2719 2720 2711
f 2721 2713 2710
f 2722 2717 2716
f 2723 2717 2724
f 2725 2722 2726
f 2724 2717 2722
f 2727 2728 2724
f 2725 2729 2730
f 2731 2732 2722
f 2733 2685 2734
f 2732 2731 2735
f 2736 2737 2738
f 2735 2691 2684
f 2738 2737 2739
f 2740 2741 2742
f 2743 2739 2697
f 2744 2742 2745
f 2700 2699 2746
f 2747 2748 2749
f 2741 2740 2750
f 2694 2692 2719
f 2751 2706 2752
f 2753 2701 2707
f 2754 2707 2706
f 2741 2755 2748
f 2747 2738 2742
f 2738 2743 2745
f 2743 2696 2700
f 2700 2696 2756
f 2692 2694 2693
f 2752 2706 2705
f 2719 2692 2686
f 2730 2721 2720
f 2732 2683 2733
f 2727 2734 2757
f 2715 2723 2728
f 2731 2725 2688
f 2731 2687 2689
f 2758 2759 2760
f 2761 2762 2763
f 2764 2765 2766
f 2764 2762 2761
f 2765 2761 2767
f 2768 2769 2770
f 2771 2772 2765
f 2770 2773 2774
f 2775 2776 2777
f 2778 2777 2776
f 2779 2780 2781
f 2782 2778 2783
f 2784 2779 2777
f 2782 2785 2786
f 2784 2778 2782
f 2787 2779 2784
f 2788 2789 2787
f 2769 2768 2790
f 2791 2782 2790
f 2791 2792 2793
f 2794 2787 2793
f 2788 2794 2795
f 2792 2796 2797
f 2795 2794 2797
f 2798 2795 2758
f 2763 2796 2792
f 2796 2799 2800
f 2801 2758 2802
f 2800 2799 2803
f 2804 2805 2806
f 2803 2766 2807
f 2806 2808 2809
f 2810 2811 2812
f 2813 2814 2772
f 2815 2812 2816
f 2774 2773 2817
f 2805 2804 2818
f 2811 2810 2819
f 2767 2820 2790
f 2818 2780 2789
f 2775 2781 2821
f 2821 2781 2780
f 2804 2811 2821
f 2811 2804 2822
f 2812 2822 2809
f 2823 2813 2771
f 2771 2824 2825
f 2767 2768 2825
f 2780 2779 2787
f 2820 2767 2761
f 2792 2791 2820
f 2795 2800 2759
f 2801 2805 2826
f 2789 2788 2798
f 2799 2796 2763
f 2762 2764 2803
f 2827 2828 2829
f 2830 2831 2832
f 2833 2834 2835
f 2833 2831 2830
f 2834 2830 2836
f 2837 2838 2839
f 2840 2834 2841
f 2842 2843 2844
f 2845 2846 2847
f 2848 2847 2846
f 2849 2850 2851
f 2848 2852 2853
f 2854 2849 2847
f 2855 2853 2856
f 2854 2848 2855
f 2857 2858 2849
f 2859 2860 2858
f 2839 2838 2861
f 2862 2855 2861
f 2863 2857 2854
f 2864 2865 2858
f 2859 2865 2866
f 2867 2864 2857
f 2866 2865 2864
f 2868 2866 2869
f 2832 2867 2863
f 2867 2870 2871
f 2872 2869 2829
f 2871 2870 2873
f 2874 2875 2876
f 2873 2835 2877
f 2878 2876 2879
f 2880 2881 2882
f 2883 2840 2884
f 2885 2882 2886
f 2887 2844 2843
f 2875 2874 2888
f 2889 2881 2880
f 2838 2836 2890
f 2888 2850 2860
f 2891 2845 2851
f 2888 2889 2851
f 2874 2881 2889
f 2881 2874 2878
f 2882 2878 2892
f 2887 2893 2884
f 2884 2841 2837
f 2838 2837 2841
f 2850 2849 2858
f 2836 2830 2894
f 2863 2862 2890
f 2871 2827 2869
f 2872 2875 2895
f 2895 2860 2859
f 2831 2870 2867
f 2831 2833 2873
f 2896 2897 2898
f 2899 2900 2901
f 2902 2903 2904
f 2902 2900 2899
f 2899 2905 2906
f 2907 2908 2909
f 2910 2903 2906
f 2909 2911 2912
f 2913 2914 2915
f 2916 2915 2914
f 2917 2918 2919
f 2916 2920 2921
f 2922 2917 2915
f 2923 2921 2924
f 2922 2916 2923
f 2925 2926 2917
f 2927 2928 2926
f 2908 2907 2929
f 2930 2923 2929
f 2930 2931 2925
f 2932 2926 2925
f 2927 2932 2933
f 2931 2934 2935
f 2933 2932 2935
f 2936 2933 2937
f 2901 2934 2931
f 2934 2938 2939
f 2940 2937 2898
f 2939 2938 2941
f 2942 2943 2944
f 2945 2941 2904
f 2946 2944 2947
f 2948 2949 2950
f 2951 2910 2952
f 2953 2950 2954
f 2955 2912 2911
f 2943 2942 2956
f 2949 2948 2957
f 2907 2905 2958
f 2956 2918 2928
f 2957 2913 2919
f 2959 2919 2918
f 2942 2949 2959
f 2949 2942 2946
f 2950 2946 2960
f 2961 2952 2912
f 2952 2906 2962
f 2907 2962 2906
f 2918 2917 2926
f 2905 2899 2963
f 2931 2930 2958
f 2939 2896 2937
f 2940 2943 2964
f 2964 2928 2927
f 2900 2938 2934
f 2900 2902 2941
f 2965 2966 2967
f 2968 2969 2970
f 2971 2972 2973
f 2971 2969 2968
f 2972 2968 2974
f 2975 2976 2977
f 2978 2973 2972
f 2977 2979 2980
f 2981 2982 2983
f 2984 2983 2982
f 2985 2986 2983
f 2984 2987 2988
f 2989 2983 2984
f 2990 2988 2991
f 2984 2990 2992
f 2993 2989 2994
f 2995 2996 2997
f 2976 2975 2998
f 2999 2992 2990
f 3000 3001 2994
f 3002 2997 3003
f 2995 3002 3004
f 3005 3006 3003
f 3004 3002 3006
f 3007 3008 3004
f 3005 3000 3009
f 3010 3011 3006
f 3007 3012 2967
f 2965 3011 3010
f 3013 3014 3015
f 3016 2973 2966
f 3014 3017 3018
f 3019 3020 3021
f 3018 3017 2973
f 3022 3021 3023
f 3023 2980 2979
f 3013 3024 3025
f 3020 3019 3026
f 2974 2999 2998
f 3027 3028 2985
f 2981 2986 3029
f 3028 3029 2986
f 3024 3020 3030
f 3024 3015 3021
f 3015 3018 3023
f 3018 2978 2980
f 2980 2978 3031
f 2975 3032 3031
f 3033 2985 2989
f 2999 2974 2968
f 3009 3000 2992
f 3011 2965 3012
f 3008 3007 3034
f 2996 2995 3008
f 3010 3005 2970
f 3010 2969 2971
f 3035 3036 3037
f 3038 3039 3040
f 3041 3042 3043
f 3041 3040 3039
f 3042 3039 3044
f 3045 3046 3047
f 3048 3049 3042
f 3047 3050 3051
f 3052 3053 3054
f 3055 3054 3053
f 3056 3057 3058
f 3059 3055 3060
f 3056 3054 3055
f 3059 3061 3062
f 3055 3059 3063
f 3064 3056 3065
f 3066 3067 3068
f 3046 3045 3069
f 3070 3063 3059
f 3071 3072 3065
f 3073 3068 3074
f 3066 3073 3075
f 3076 3077 3078
f 3079 3075 3073
f 3080 3081 3075
f 3077 3076 3038
f 3077 3082 3079
f 3080 3083 3037
f 3035 3079 3082
f 3084 3085 3086
f 3087 3043 3036
f 3085 3088 3089
f 3090 3091 3092
f 3089 3088 3049
f 3093 3092 3094
f 3094 3051 3050
f 3095 3096 3097
f 3091 3090 3098
f 3045 3044 3070
f 3099 3100 3057
f 3101 3052 3058
f 3100 3102 3058
f 3095 3091 3103
f 3095 3086 3092
f 3086 3089 3094
f 3089 3048 3051
f 3051 3048 3104
f 3044 3045 3105
f 3106 3057 3056
f 3070 3044 3039
f 3038 3071 3063
f 3079 3035 3083
f 3080 3107 3108
f 3067 3066 3081
f 3082 3077 3109
f 3082 3040 3041
f 3110 3111 3112
f 3113 3114 3115
f 3116 3117 3118
f 3114 3113 3117
f 3113 3119 3120
f 3121 3122 3123
f 3124 3125 3117
f 3126 3127 3128
f 3129 3130 3131
f 3132 3131 3130
f 3133 3134 3131
f 3135 3132 3136
f 3137 3138 3131
f 3135 3139 3140
f 3132 3135 3141
f 3142 3138 3137
f 3143 3144 3145
f 3123 3122 3146
f 3147 3141 3135
f 3141 3148 3149
f 3150 3145 3151
f 3143 3150 3152
f 3153 3154 3155
f 3156 3152 3150
f 3157 3158 3152
f 3154 3153 3159
f 3160 3156 3155
f 3157 3110 3161
f 3111 3156 3160
f 3162 3163 3164
f 3165 3118 3112
f 3164 3163 3166
f 3167 3168 3169
f 3170 3166 3125
f 3171 3169 3172
f 3172 3128 3127
f 3173 3174 3175
f 3168 3167 3176
f 3119 3147 3146
f 3177 3178 3133
f 3179 3129 3134
f 3178 3180 3134
f 3173 3168 3181
f 3173 3164 3169
f 3164 3170 3172
f 3170 3124 3128
f 3128 3124 3120
f 3122 3121 3120
f 3182 3133 3138
f 3147 3119 3113
f 3148 3141 3147
f 3156 3111 3110
f 3157 3183 3184
f 3144 3143 3158
f 3160 3154 3115
f 3160 3114 3116
f 3185 3186 3187
f 3188 3189 3190
f 3191 3192 3193
f 3190 3189 3192
f 3189 3194 3195
f 3196 3197 3198
f 3199 3200 3192
f 3201 3202 3203
f 3204 3205 3206
f 3207 3206 3205
f 3208 3209 3210
f 3211 3207 3212
f 3213 3208 3206
f 3211 3214 3215
f 3207 3211 3216
f 3217 3218 3208
f 3219 3220 3221
f 3198 3197 3222
f 3223 3216 3211
f 3224 3217 3213
f 3225 3226 3221
f 3219 3226 3227
f 3228 3225 3229
f 3230 3227 3226
f 3231 3232 3227
f 3228 3233 3188
f 3234 3230 3225
f 3185 3235 3236
f 3186 3230 3234
f 3237 3238 3239
f 3240 3193 3187
f 3239 3238 3241
f 3242 3243 3244
f 3245 3241 3200
f 3246 3244 3247
f 3247 3203 3202
f 3248 3249 3250
f 3243 3242 3251
f 3197 3194 3223
f 3252 3253 3209
f 3204 3210 3254
f 3254 3210 3209
f 3243 3255 3249
f 3248 3239 3244
f 3244 3239 3245
f 3247 3245 3199
f 3203 3199 3195
f 3194 3197 3196
f 3256 3209 3208
f 3223 3194 3189
f 3188 3224 3216
f 3230 3186 3185
f 3231 3236 3257
f 3220 3219 3232
f 3234 3228 3258
f 3234 3190 3191
f 3259 3260 3261
f 3262 3263 3264
f 3265 3266 3267
f 3266 3268 3264
f 3269 3270 3271
f 3272 3273 3274
f 3275 3269 3276
f 3273 3272 3277
f 3278 3279 3280
f 3281 3282 3280
f 3280 3279 3283
f 3284 3281 3285
f 3285 3280 3286
f 3287 3284 3288
f 3289 3290 3288
f 3291 3289 3286
f 3292 3293 3294
f 3287 3295 3296
f 3297 3295 3288
f 3290 3289 3291
f 3298 3294 3293
f 3299 3293 3292
f 3298 3300 3301
f 3300 3293 3299
f 3302 3259 3299
f 3263 3262 3303
f 3301 3300 3304
f 3302 3305 3260
f 3306 3307 3304
f 3308 3260 3305
f 3261 3265 3306
f 3308 3309 3310
f 3311 3312 3313
f 3309 3275 3314
f 3315 3313 3312
f 3316 3317 3277
f 3318 3319 3320
f 3321 3311 3322
f 3295 3297 3323
f 3318 3324 3283
f 3321 3325 3279
f 3319 3283 3279
f 3319 3325 3322
f 3322 3313 3308
f 3313 3315 3309
f 3277 3275 3309
f 3272 3269 3275
f 3269 3272 3326
f 3324 3294 3286
f 3297 3327 3328
f 3327 3297 3290
f 3259 3329 3304
f 3318 3305 3302
f 3330 3292 3324
f 3264 3263 3301
f 3307 3306 3267
f 3331 3332 3333
f 3334 3335 3336
f 3337 3338 3339
f 3338 3340 3336
f 3341 3342 3343
f 3344 3345 3346
f 3341 3347 3348
f 3345 3344 3349
f 3350 3351 3352
f 3353 3354 3355
f 3352 3351 3356
f 3357 3354 3353
f 3353 3352 3358
f 3359 3357 3360
f 3361 3360 3353
f 3362 3363 3358
f 3364 3365 3366
f 3359 3367 3368
f 3369 3367 3360
f 3361 3363 3362
f 3370 3371 3365
f 3372 3373 3364
f 3371 3370 3374
f 3375 3370 3364
f 3376 3331 3373
f 3335 3334 3377
f 3374 3370 3375
f 3378 3332 3331
f 3379 3380 3381
f 3382 3332 3378
f 3333 3337 3380
f 3382 3383 3384
f 3385 3386 3387
f 3383 3388 3348
f 3389 3390 3387
f 3390 3389 3391
f 3392 3393 3394
f 3395 3396 3385
f 3367 3369 3397
f 3392 3366 3356
f 3395 3351 3350
f 3393 3356 3351
f 3393 3395 3398
f 3387 3382 3394
f 3387 3390 3383
f 3390 3349 3388
f 3344 3341 3388
f 3341 3344 3399
f 3366 3365 3358
f 3400 3401 3397
f 3400 3369 3361
f 3373 3331 3379
f 3392 3378 3376
f 3372 3402 3366
f 3336 3335 3374
f 3381 3380 3339
f 3403 3404 3405
f 3406 3407 3408
f 3409 3410 3411
f 3410 3408 3407
f 3412 3413 3414
f 3415 3416 3417
f 3418 3413 3412
f 3416 3415 3419
f 3420 3421 3422
f 3423 3424 3422
f 3425 3421 3420
f 3426 3424 3423
f 3423 3421 3425
f 3427 3428 3426
f 3429 3430 3423
f 3431 3432 3425
f 3433 3434 3435
f 3428 3427 3436
f 3437 3427 3430
f 3432 3431 3438
f 3439 3440 3435
f 3441 3434 3433
f 3440 3439 3442
f 3443 3439 3434
f 3444 3403 3441
f 3445 3446 3442
f 3442 3439 3443
f 3447 3404 3403
f 3448 3449 3443
f 3450 3404 3447
f 3451 3405 3409
f 3450 3452 3453
f 3454 3455 3456
f 3452 3418 3457
f 3458 3456 3455
f 3458 3459 3460
f 3447 3461 3462
f 3463 3454 3464
f 3427 3437 3465
f 3461 3466 3467
f 3468 3420 3469
f 3462 3467 3420
f 3470 3462 3468
f 3464 3456 3450
f 3456 3458 3452
f 3419 3418 3452
f 3419 3415 3413
f 3414 3413 3415
f 3466 3435 3425
f 3437 3471 3472
f 3471 3437 3429
f 3441 3403 3451
f 3461 3447 3444
f 3473 3433 3466
f 3406 3442 3449
f 3448 3411 3407
f 3474 3475 3476
f 3477 3478 3479
f 3480 3481 3482
f 3483 3482 3484
f 3485 3486 3487
f 3488 3489 3490
f 3491 3486 3485
f 3488 3492 3493
f 3494 3495 3496
f 3497 3496 3495
f 3498 3495 3494
f 3499 3497 3500
f 3501 3500 3495
f 3502 3503 3499
f 3504 3505 3500
f 3501 3498 3506
f 3507 3506 3508
f 3503 3502 3509
f 3510 3502 3505
f 3501 3511 3512
f 3513 3514 3506
f 3515 3507 3516
f 3514 3513 3517
f 3513 3507 3515
f 3518 3519 3515
f 3477 3520 3517
f 3517 3513 3521
f 3518 3522 3474
f 3476 3480 3523
f 3524 3474 3522
f 3475 3481 3480
f 3525 3526 3474
f 3527 3528 3529
f 3525 3491 3530
f 3531 3532 3529
f 3532 3531 3533
f 3522 3534 3535
f 3536 3537 3527
f 3502 3510 3538
f 3534 3508 3539
f 3536 3494 3540
f 3535 3539 3494
f 3535 3536 3541
f 3529 3524 3542
f 3529 3532 3525
f 3532 3493 3491
f 3493 3492 3486
f 3486 3492 3490
f 3508 3506 3498
f 3510 3543 3544
f 3543 3510 3504
f 3519 3476 3521
f 3534 3522 3518
f 3534 3545 3516
f 3478 3517 3523
f 3480 3483 3479
f 3546 3547 3548
f 3549 3550 3551
f 3552 3553 3554
f 3553 3551 3550
f 3555 3556 3557
f 3558 3559 3560
f 3561 3556 3555
f 3559 3558 3562
f 3563 3564 3565
f 3566 3567 3565
f 3568 3565 3564
f 3569 3570 3566
f 3571 3565 3568
f 3572 3570 3569
f 3573 3569 3571
f 3574 3568 3575
f 3576 3577 3575
f 3572 3578 3579
f 3580 3578 3569
f 3573 3574 3581
f 3582 3575 3577
f 3583 3577 3576
f 3582 3584 3585
f 3586 3584 3577
f 3587 3588 3583
f 3589 3590 3585
f 3584 3586 3591
f 3587 3592 3546
f 3593 3591 3586
f 3594 3546 3592
f 3548 3547 3552
f 3595 3596 3546
f 3597 3598 3599
f 3595 3561 3600
f 3601 3599 3598
f 3601 3602 3603
f 3604 3605 3606
f 3607 3597 3608
f 3579 3578 3580
f 3604 3609 3610
f 3611 3564 3563
f 3610 3564 3611
f 3606 3605 3611
f 3608 3599 3594
f 3601 3595 3594
f 3601 3562 3561
f 3562 3558 3556
f 3556 3558 3612
f 3609 3575 3568
f 3580 3613 3614
f 3613 3580 3573
f 3588 3548 3586
f 3615 3604 3592
f 3604 3615 3576
f 3549 3585 3591
f 3591 3593 3554
f 3616 3617 3618
f 3619 3620 3621
f 3622 3623 3624
f 3624 3623 3621
f 3625 3626 3621
f 3627 3628 3629
f 3630 3625 3623
f 3628 3627 3631
f 3632 3633 3634
f 3635 3636 3637
f 3638 3634 3633
f 3639 3636 3635
f 3640 3635 3634
f 3641 3639 3642
f 3640 3643 3642
f 3640 3638 3644
f 3645 3646 3644
f 3641 3647 3648
f 3647 3642 3643
f 3640 3649 3650
f 3649 3644 3646
f 3651 3646 3645
f 3649 3652 3653
f 3654 3652 3646
f 3616 3651 3655
f 3619 3656 3650
f 3652 3654 3657
f 3658 3659 3617
f 3660 3661 3657
f 3662 3663 3659
f 3664 3622 3661
f 3662 3665 3666
f 3667 3668 3669
f 3670 3630 3671
f 3672 3669 3668
f 3673 3674 3631
f 3675 3676 3677
f 3678 3667 3679
f 3648 3647 3680
f 3681 3682 3676
f 3678 3683 3633
f 3682 3633 3683
f 3677 3676 3683
f 3679 3669 3662
f 3669 3672 3665
f 3684 3631 3630
f 3627 3625 3630
f 3626 3625 3627
f 3644 3638 3682
f 3680 3656 3621
f 3656 3680 3643
f 3651 3616 3685
f 3675 3659 3658
f 3675 3655 3645
f 3620 3619 3653
f 3661 3624 3620
f 3686 3687 3688
f 3689 3690 3691
f 3692 3693 3694
f 3694 3693 3691
f 3695 3696 3691
f 3697 3698 3699
f 3695 3693 3700
f 3698 3697 3701
f 3702 3703 3704
f 3705 3706 3707
f 3708 3704 3703
f 3709 3706 3705
f 3710 3705 3704
f 3711 3709 3712
f 3713 3712 3705
f 3714 3710 3708
f 3715 3716 3717
f 3711 3718 3719
f 3718 3712 3713
f 3713 3710 3714
f 3714 3717 3716
f 3720 3716 3715
f 3721 3714 3722
f 3723 3722 3716
f 3724 3720 3725
f 3689 3726 3721
f 3722 3723 3727
f 3728 3729 3686
f 3730 3727 3723
f 3731 3732 3733
f 3734 3735 3692
f 3736 3737 3733
f 3738 3739 3740
f 3741 3742 3700
f 3743 3740 3739
f 3744 3745 3746
f 3729 3747 3748
f 3749 3738 3750
f 3719 3718 3751
f 3752 3753 3748
f 3754 3703 3702
f 3753 3703 3754
f 3731 3748 3754
f 3750 3740 3732
f 3740 3743 3736
f 3744 3701 3742
f 3697 3695 3742
f 3695 3697 3719
f 3717 3708 3753
f 3726 3691 3696
f 3751 3713 3721
f 3720 3724 3688
f 3725 3747 3729
f 3747 3725 3715
f 3690 3689 3755
f 3727 3730 3694
f 3756 3757 3758
f 3759 3760 3761
f 3762 3763 3764
f 3764 3763 3761
f 3765 3766 3761
f 3767 3768 3769
f 3770 3765 3763
f 3767 3771 3772
f 3773 3774 3775
f 3776 3777 3778
f 3779 3775 3774
f 3780 3777 3776
f 3781 3776 3775
f 3782 3780 3783
f 3781 3784 3783
f 3785 3781 3779
f 3786 3787 3788
f 3789 3769 3768
f 3789 3783 3784
f 3784 3781 3785
f 3790 3785 3788
f 3791 3787 3786
f 3785 3790 3792
f 3790 3787 3791
f 3759 3793 3794
f 3792 3790 3795
f 3796 3797 3795
f 3798 3762 3796
f 3799 3800 3801
f 3802 3803 3804
f 3770 3805 3806
f 3807 3804 3803
f 3808 3809 3810
f 3811 3802 3812
f 3769 3789 3813
f 3814 3815 3816
f 3811 3817 3774
f 3815 3774 3817
f 3818 3816 3817
f 3812 3804 3799
f 3804 3807 3800
f 3772 3770 3819
f 3771 3765 3770
f 3766 3765 3771
f 3788 3779 3815
f 3793 3761 3766
f 3813 3784 3794
f 3791 3820 3758
f 3821 3822 3786
f 3760 3759 3792
f 3797 3796 3764
f 3823 3824 3825
f 3826 3827 3828
f 3829 3830 3831
f 3828 3827 3830
f 3832 3833 3834
f 3835 3836 3837
f 3838 3839 3840
f 3841 3842 3843
f 3844 3845 3846
f 3846 3845 3847
f 3848 3849 3846
f 3850 3847 3851
f 3852 3846 3850
f 3853 3851 3854
f 3855 3850 3853
f 3856 3857 3852
f 3858 3859 3857
f 3854 3860 3861
f 3862 3863 3853
f 3863 3864 3856
f 3865 3857 3866
f 3858 3865 3867
f 3868 3869 3866
f 3867 3865 3869
f 3870 3871 3867
f 3872 3868 3873
f 3868 3874 3875
f 3870 3823 3876
f 3875 3874 3877
f 3878 3876 3879
f 3877 3831 3825
f 3879 3876 3880
f 3881 3882 3883
f 3884 3880 3839
f 3885 3883 3886
f 3843 3842 3887
f 3888 3889 3890
f 3882 3881 3891
f 3892 3862 3893
f 3890 3889 3848
f 3891 3844 3849
f 3889 3894 3849
f 3882 3894 3889
f 3882 3888 3879
f 3883 3879 3884
f 3884 3838 3843
f 3838 3834 3835
f 3836 3835 3834
f 3859 3848 3852
f 3862 3892 3895
f 3896 3864 3863
f 3875 3824 3823
f 3870 3878 3890
f 3859 3858 3871
f 3828 3874 3868
f 3874 3828 3829
f 3897 3898 3899
f 3900 3901 3902
f 3903 3904 3905
f 3902 3901 3904
f 3906 3907 3908
f 3909 3910 3911
f 3912 3913 3908
f 3914 3915 3916
f 3917 3918 3919
f 3920 3919 3918
f 3921 3922 3919
f 3920 3923 3924
f 3925 3919 3920
f 3926 3924 3927
f 3920 3926 3928
f 3929 3930 3925
f 3931 3930 3932
f 3927 3933 3934
f 3935 3928 3926
f 3928 3936 3929
f 3937 3932 3930
f 3938 3939 3932
f 3940 3937 3941
f 3942 3943 3932
f 3944 3938 3943
f 3945 3940 3946
f 3940 3947 3942
f 3897 3948 3949
f 3898 3942 3947
f 3949 3948 3950
f 3951 3905 3899
f 3950 3948 3952
f 3953 3954 3955
f 3956 3952 3912
f 3957 3958 3955
f 3959 3916 3915
f 3960 3961 3962
f 3963 3954 3953
f 3964 3935 3965
f 3962 3961 3921
f 3917 3922 3963
f 3961 3963 3922
f 3954 3963 3961
f 3960 3950 3955
f 3955 3950 3956
f 3959 3956 3966
f 3966 3908 3909
f 3910 3909 3908
f 3931 3921 3925
f 3964 3967 3968
f 3968 3936 3928
f 3943 3942 3898
f 3944 3949 3962
f 3931 3939 3938
f 3902 3947 3940
f 3947 3902 3903
f 3969 3970 3971
f 3972 3973 3974
f 3975 3976 3977
f 3973 3972 3976
f 3978 3979 3980
f 3981 3982 3983
f 3984 3985 3978
f 3986 3987 3988
f 3989 3990 3991
f 3992 3990 3989
f 3993 3994 3991
f 3992 3995 3996
f 3993 3990 3992
f 3997 3998 3996
f 3992 3998 3999
f 4000 4001 3993
f 4002 4003 4001
f 4004 4005 4006
f 4007 3999 3998
f 4008 4000 4009
f 4010 4011 4001
f 4002 4011 4012
f 4013 4010 4014
f 4015 4012 4011
f 4016 4017 4012
f 4013 4018 4019
f 4013 4020 4015
f 3969 4021 4022
f 4015 4020 4023
f 4022 4021 4024
f 3970 4023 3977
f 4024 4021 4025
f 4026 4027 4028
f 4029 4025 3985
f 4030 4028 4031
f 4031 3988 3987
f 4022 4032 4033
f 4027 4026 4034
f 4035 4007 3997
f 4036 4033 3994
f 4037 3991 4038
f 4033 4038 3991
f 4032 4027 4038
f 4027 4032 4024
f 4028 4024 4029
f 4029 3984 3988
f 3988 3984 4039
f 3980 3982 3981
f 4003 3994 3993
f 4007 4035 4040
f 4041 4008 3999
f 4012 4015 3970
f 4016 4022 4036
f 4003 4002 4017
f 4020 4013 3974
f 3973 3975 4023
f 4042 4043 4044
f 4045 4046 4047
f 4048 4049 4050
f 4049 4047 4046
f 4051 4052 4053
f 4054 4055 4056
f 4057 4058 4051
f 4056 4059 4060
f 4061 4062 4063
f 4062 4061 4064
f 4065 4066 4063
f 4067 4064 4068
f 4069 4065 4062
f 4070 4071 4068
f 4067 4071 4072
f 4073 4065 4069
f 4074 4073 4075
f 4076 4077 4078
f 4079 4072 4071
f 4080 4081 4069
f 4082 4075 4073
f 4083 4075 4084
f 4085 4082 4086
f 4084 4075 4082
f 4087 4088 4084
f 4085 4089 4045
f 4085 4090 4091
f 4087 4092 4044
f 4042 4091 4090
f 4093 4044 4094
f 4048 4095 4043
f 4044 4096 4097
f 4098 4099 4100
f 4097 4096 4058
f 4101 4102 4100
f 4103 4060 4059
f 4093 4104 4105
f 4106 4099 4098
f 4107 4079 4070
f 4108 4105 4066
f 4109 4063 4106
f 4105 4106 4063
f 4099 4106 4105
f 4104 4094 4100
f 4100 4094 4097
f 4103 4097 4057
f 4060 4057 4110
f 4054 4111 4110
f 4074 4066 4065
f 4079 4107 4112
f 4113 4080 4072
f 4091 4042 4092
f 4087 4093 4108
f 4108 4074 4083
f 4090 4085 4114
f 4047 4049 4048
f 4115 4116 4117
f 4118 4119 4120
f 4121 4122 4123
f 4119 4118 4122
f 4124 4125 4126
f 4127 4128 4129
f 4130 4131 4124
f 4132 4133 4134
f 4135 4136 4137
f 4137 4136 4138
f 4139 4140 4141
f 4142 4143 4138
f 4139 4137 4143
f 4142 4144 4145
f 4143 4142 4146
f 4147 4139 4148
f 4149 4150 4147
f 4145 4151 4152
f 4153 4146 4142
f 4146 4154 4155
f 4156 4147 4157
f 4149 4156 4158
f 4159 4160 4157
f 4161 4158 4156
f 4162 4163 4158
f 4159 4164 4165
f 4166 4161 4160
f 4162 4167 4117
f 4161 4166 4168
f 4169 4117 4170
f 4115 4168 4123
f 4117 4171 4172
f 4173 4174 4175
f 4172 4171 4131
f 4176 4175 4177
f 4177 4134 4133
f 4178 4179 4180
f 4174 4173 4181
f 4152 4182 4153
f 4180 4179 4140
f 4135 4141 4183
f 4183 4141 4140
f 4178 4174 4183
f 4174 4178 4170
f 4170 4172 4177
f 4177 4172 4130
f 4134 4130 4184
f 4128 4127 4184
f 4150 4140 4139
f 4153 4182 4185
f 4186 4154 4146
f 4161 4115 4167
f 4163 4162 4169
f 4180 4150 4149
f 4166 4159 4120
f 4166 4119 4121
f 4187 4188 4189
f 4190 4191 4192
f 4193 4194 4195
f 4193 4191 4190
f 4190 4196 4197
f 4198 4199 4200
f 4201 4202 4194
f 4203 4204 4205
f 4206 4207 4208
f 4209 4208 4207
f 4210 4211 4212
f 4209 4213 4214
f 4215 4210 4208
f 4216 4214 4217
f 4215 4209 4216
f 4218 4210 4215
f 4219 4220 4218
f 4217 4200 4199
f 4221 4216 4222
f 4223 4224 4215
f 4225 4218 4224
f 4219 4225 4226
f 4227 4228 4224
f 4229 4226 4225
f 4230 4226 4187
f 4192 4227 4223
f 4231 4229 4228
f 4232 4187 4233
f 4234 4229 4231
f 4235 4236 4237
f 4238 4195 4239
f 4237 4236 4240
f 4241 4242 4243
f 4244 4245 4202
f 4246 4243 4247
f 4205 4204 4248
f 4249 4250 4251
f 4242 4241 4252
f 4199 4196 4253
f 4250 4211 4220
f 4252 4206 4212
f 4254 4212 4211
f 4249 4242 4254
f 4242 4249 4237
f 4243 4237 4255
f 4256 4244 4201
f 4201 4197 4198
f 4196 4199 4198
f 4211 4210 4218
f 4253 4196 4190
f 4257 4223 4221
f 4226 4229 4188
f 4232 4235 4251
f 4251 4220 4219
f 4191 4231 4227
f 4191 4193 4238
f 4258 4259 4260
f 4261 4262 4263
f 4264 4265 4266
f 4264 4262 4261
f 4261 4267 4268
f 4269 4270 4271
f 4272 4265 4268
f 4273 4274 4275
f 4276 4277 4278
f 4279 4278 4277
f 4280 4281 4282
f 4279 4283 4284
f 4285 4280 4278
f 4286 4284 4287
f 4279 4286 4288
f 4289 4290 4280
f 4291 4292 4290
f 4287 4271 4270
f 4288 4286 4293
f 4288 4294 4289
f 4295 4290 4289
f 4291 4295 4296
f 4294 4297 4298
f 4299 4296 4295
f 4300 4296 4301
f 4263 4297 4294
f 4302 4299 4298
f 4303 4301 4260
f 4299 4302 4304
f 4305 4306 4307
f 4308 4304 4266
f 4307 4309 4310
f 4311 4312 4313
f 4314 4315 4272
f 4316 4313 4317
f 4318 4275 4274
f 4306 4305 4319
f 4312 4311 4320
f 4270 4267 4321
f 4319 4281 4292
f 4276 4282 4322
f 4322 4282 4281
f 4305 4312 4322
f 4312 4305 4323
f 4313 4323 4310
f 4318 4314 4324
f 4324 4268 4269
f 4270 4269 4268
f 4281 4280 4290
f 4267 4261 4325
f 4294 4288 4321
f 4296 4299 4258
f 4300 4303 4306
f 4326 4292 4291
f 4262 4302 4297
f 4302 4262 4264
f 4327 4328 4329
f 4330 4331 4332
f 4333 4334 4335
f 4333 4331 4330
f 4330 4336 4337
f 4338 4339 4340
f 4341 4342 4334
f 4340 4343 4344
f 4345 4346 4347
f 4348 4347 4346
f 4349 4350 4351
f 4348 4352 4353
f 4354 4349 4347
f 4355 4353 4356
f 4354 4348 4355
f 4357 4358 4349
f 4359 4360 4358
f 4339 4338 4361
f 4362 4355 4361
f 4362 4363 4357
f 4364 4365 4358
f 4359 4365 4366
f 4367 4364 4357
f 4366 4365 4364
f 4332 4367 4363
f 4367 4368 4369
f 4369 4368 4370
f 3822 4371 3820
f 4370 4335 4372
f 4373 4329 4374
f 4375 4376 4377
f 4378 4342 4341
f 4379 4377 4380
f 4381 4344 4343
f 3756 3820 4371
f 4376 4375 4382
f 4338 4336 4383
f 4384 4350 4360
f 4382 4345 4351
f 4385 4351 4350
f 4386 4376 4385
f 4376 4386 4373
f 4377 4373 4387
f 4388 4341 4344
f 4341 4337 4389
f 4336 4338 4389
f 4350 4349 4358
f 4336 4330 4390
f 4363 4362 4383
f 4366 4369 4327
f 4391 4371 3822
f 4392 4360 4359
f 4331 4368 4367
f 4368 4331 4333
f 3818 3799 3756
f 4391 3821 3816
f 4393 4394 4395
f 4329 4395 4394
f 4384 4392 4395
f 4386 4395 4329
f 4393 4366 4396
f 310 1 3
f 3 2 5
f 4 6 5
f 6 8 7
f 9 8 11
f 10 12 11
f 12 14 13
f 14 16 15
f 17 16 19
f 18 20 19
f 21 20 23
f 22 24 23
f 25 24 27
f 26 28 27
f 28 30 29
f 31 30 33
f 33 32 35
f 35 34 37
f 36 38 37
f 39 38 41
f 41 40 43
f 42 44 43
f 44 46 45
f 46 48 47
f 49 48 51
f 50 52 51
f 53 52 55
f 153 56 58
f 323 59 61
f 324 62 64
f 106 65 67
f 77 68 70
f 59 71 60
f 324 73 62
f 84 75 65
f 325 76 77
f 326 78 80
f 73 81 74
f 93 83 84
f 325 85 76
f 45 47 88
f 326 89 78
f 101 91 81
f 327 92 93
f 85 94 86
f 105 96 87
f 89 98 90
f 328 100 101
f 327 102 92
f 322 104 94
f 323 61 105
f 70 69 102
f 328 106 100
f 64 63 98
f 138 107 109
f 374 110 112
f 379 113 115
f 147 116 118
f 148 119 121
f 382 122 124
f 385 125 127
f 152 128 130
f 391 131 133
f 393 134 136
f 149 137 138
f 374 139 110
f 398 141 113
f 400 142 116
f 403 143 119
f 122 144 123
f 405 109 146
f 385 112 125
f 379 115 128
f 131 147 132
f 393 148 134
f 382 124 149
f 136 135 151
f 398 127 141
f 400 152 142
f 391 133 144
f 274 153 154
f 1 155 2
f 2 156 4
f 157 158 4
f 158 159 6
f 159 160 8
f 160 161 10
f 161 162 12
f 162 163 14
f 16 163 18
f 164 165 18
f 20 165 22
f 22 166 24
f 24 167 26
f 168 169 26
f 169 170 28
f 30 170 32
f 32 171 34
f 34 172 36
f 36 173 38
f 174 175 38
f 175 176 40
f 176 177 42
f 139 151 140
f 46 178 48
f 48 179 50
f 180 181 50
f 52 181 54
f 231 183 185
f 183 186 184
f 261 188 190
f 231 185 192
f 204 193 195
f 193 196 194
f 255 198 200
f 198 192 199
f 210 201 203
f 201 204 202
f 250 205 207
f 250 208 205
f 186 210 187
f 247 211 213
f 240 214 216
f 214 207 215
f 236 217 219
f 190 189 217
f 242 220 222
f 242 213 220
f 240 216 196
f 236 219 224
f 228 225 227
f 222 221 225
f 208 228 209
f 230 229 183
f 259 230 231
f 249 232 208
f 234 233 225
f 232 234 228
f 57 235 224
f 247 237 211
f 257 239 196
f 243 241 242
f 233 243 222
f 276 244 217
f 276 217 235
f 246 245 214
f 239 246 240
f 241 154 213
f 229 248 186
f 251 249 250
f 245 251 207
f 58 57 237
f 253 252 201
f 248 253 210
f 266 192 254
f 254 198 256
f 258 257 193
f 252 258 204
f 266 259 192
f 244 260 190
f 459 262 249
f 460 230 263
f 460 264 230
f 278 265 244
f 263 259 267
f 461 268 252
f 268 269 258
f 462 254 270
f 462 267 254
f 272 253 271
f 461 252 272
f 237 224 238
f 463 273 245
f 459 249 273
f 264 271 229
f 464 274 241
f 280 275 239
f 463 245 275
f 465 276 277
f 465 278 276
f 281 279 233
f 464 241 279
f 269 280 257
f 154 58 247
f 56 277 57
f 466 234 262
f 466 281 234
f 205 282 206
f 209 284 205
f 187 203 286
f 211 287 212
f 216 215 290
f 215 206 289
f 219 218 292
f 189 293 218
f 220 294 221
f 220 212 294
f 216 290 197
f 238 223 298
f 223 219 297
f 227 226 300
f 221 295 226
f 209 227 284
f 185 184 302
f 184 187 301
f 188 303 189
f 191 185 304
f 194 305 195
f 197 296 194
f 200 199 308
f 191 304 199
f 203 202 285
f 202 195 309
f 238 298 211
f 1 310 312
f 256 255 314
f 155 1 315
f 310 80 311
f 270 317 146
f 79 319 321
f 255 200 313
f 43 45 322
f 53 59 51
f 11 324 9
f 21 23 106
f 33 35 70
f 53 55 59
f 11 13 324
f 23 25 65
f 35 37 77
f 3 326 310
f 13 15 73
f 25 27 84
f 37 39 325
f 177 178 44
f 5 89 3
f 15 17 81
f 27 29 93
f 41 94 39
f 49 105 47
f 5 7 89
f 19 328 17
f 31 102 29
f 43 322 41
f 51 323 49
f 31 33 102
f 19 21 328
f 7 9 98
f 80 79 316
f 90 329 78
f 86 95 332
f 365 333 335
f 92 103 337
f 100 67 339
f 61 60 341
f 62 342 63
f 76 344 68
f 442 346 348
f 83 349 75
f 91 351 82
f 96 353 97
f 90 99 329
f 104 356 95
f 103 69 336
f 443 358 360
f 67 66 338
f 60 72 340
f 74 363 62
f 78 330 79
f 76 86 344
f 399 364 365
f 92 337 83
f 100 339 91
f 61 341 96
f 63 343 99
f 384 366 104
f 68 345 69
f 408 367 369
f 66 75 361
f 74 82 363
f 384 97 366
f 405 370 372
f 4397 138 373
f 396 374 375
f 335 334 377
f 4398 378 379
f 401 116 380
f 409 381 148
f 4399 122 383
f 88 384 322
f 4400 385 386
f 444 387 389
f 413 390 152
f 4401 131 392
f 4402 393 394
f 4397 395 138
f 4403 139 396
f 378 397 113
f 348 347 399
f 4404 400 401
f 381 402 119
f 4399 404 122
f 88 87 384
f 372 373 405
f 4400 375 385
f 360 359 407
f 4398 379 390
f 407 406 408
f 4401 380 131
f 4402 409 393
f 383 382 395
f 4403 410 139
f 386 127 397
f 387 411 388
f 4404 413 400
f 404 392 144
f 394 136 410
f 146 318 405
f 71 414 72
f 182 416 54
f 265 418 260
f 71 55 414
f 188 421 303
f 362 72 423
f 143 403 425
f 54 417 55
f 260 419 261
f 188 261 421
f 403 402 424
f 415 414 429
f 417 416 431
f 418 432 419
f 414 420 428
f 422 421 436
f 423 415 437
f 424 438 425
f 420 417 434
f 419 433 426
f 426 440 421
f 424 427 438
f 428 365 429
f 430 442 431
f 432 443 433
f 428 434 365
f 436 435 369
f 429 335 437
f 439 438 444
f 431 348 434
f 433 360 440
f 440 407 435
f 438 441 387
f 367 445 368
f 364 447 333
f 346 449 347
f 333 448 334
f 358 452 359
f 388 412 455
f 406 456 367
f 359 453 406
f 389 388 457
f 347 450 364
f 376 334 458
f 150 135 153
f 140 150 274
f 114 141 459
f 124 460 137
f 124 123 460
f 143 265 120
f 137 263 107
f 132 118 461
f 118 117 268
f 108 462 146
f 107 267 108
f 133 272 145
f 133 132 272
f 129 115 463
f 115 114 273
f 145 271 123
f 110 140 464
f 142 130 280
f 130 129 275
f 134 121 277
f 121 120 465
f 125 111 281
f 111 110 279
f 117 142 269
f 135 134 56
f 141 126 262
f 126 125 466
f 256 314 270
f 443 444 358
f 143 425 265
f 425 439 418
f 439 444 432
f 389 457 358
f 468 450 467
f 450 468 447
f 470 448 469
f 448 470 451
f 471 472 451
f 1001 473 454
f 996 474 476
f 457 477 452
f 456 479 445
f 717 481 483
f 648 484 486
f 648 486 488
f 488 487 490
f 490 489 492
f 494 492 493
f 653 494 495
f 653 495 497
f 497 496 499
f 501 499 500
f 657 501 502
f 657 502 504
f 504 503 506
f 506 505 508
f 508 507 510
f 510 509 512
f 663 512 513
f 663 513 515
f 515 514 517
f 517 516 519
f 521 519 520
f 668 521 522
f 668 522 524
f 524 523 526
f 526 525 528
f 528 527 530
f 530 529 532
f 532 531 534
f 750 535 537
f 551 538 540
f 553 541 543
f 555 544 546
f 557 547 549
f 910 550 540
f 562 552 543
f 564 554 555
f 566 556 549
f 569 558 560
f 572 561 562
f 574 563 564
f 576 565 566
f 525 523 568
f 580 569 570
f 581 571 572
f 584 573 574
f 585 575 576
f 587 577 578
f 590 579 570
f 589 571 582
f 588 583 584
f 822 575 586
f 539 538 587
f 547 583 548
f 545 589 546
f 541 579 542
f 621 591 593
f 624 594 596
f 626 597 599
f 628 600 602
f 630 603 605
f 631 606 608
f 635 609 611
f 636 612 614
f 637 615 617
f 638 618 620
f 639 621 622
f 670 623 596
f 642 625 599
f 643 627 602
f 921 629 605
f 644 631 632
f 591 633 592
f 594 609 595
f 598 597 636
f 600 637 601
f 604 603 620
f 606 639 607
f 618 640 619
f 611 610 642
f 614 613 643
f 616 615 632
f 535 645 536
f 649 647 648
f 650 649 488
f 4405 650 490
f 4405 490 651
f 652 651 494
f 654 652 653
f 655 654 497
f 4406 655 499
f 4406 499 656
f 658 656 657
f 659 658 504
f 660 659 506
f 4407 660 508
f 4407 508 661
f 662 661 512
f 664 662 663
f 4408 664 515
f 4408 515 665
f 665 517 666
f 666 519 667
f 4409 667 668
f 4409 668 669
f 640 623 641
f 823 526 671
f 671 528 672
f 672 530 673
f 673 532 674
f 692 536 675
f 690 676 678
f 705 679 681
f 675 646 683
f 687 684 686
f 715 687 688
f 691 689 690
f 683 682 691
f 693 537 692
f 684 537 685
f 698 694 696
f 722 697 698
f 483 482 700
f 723 701 703
f 706 704 705
f 696 695 706
f 710 707 709
f 681 680 710
f 714 711 713
f 702 711 703
f 732 715 716
f 709 708 717
f 721 718 720
f 713 712 721
f 720 719 722
f 677 701 678
f 700 699 725
f 701 726 702
f 730 728 707
f 680 729 707
f 914 731 732
f 728 733 708
f 735 734 694
f 749 735 697
f 482 736 699
f 733 736 481
f 739 738 704
f 734 739 695
f 741 740 711
f 727 741 702
f 679 738 680
f 646 645 682
f 744 743 718
f 740 744 712
f 687 745 684
f 731 745 715
f 689 747 676
f 682 742 689
f 743 749 719
f 684 746 537
f 751 726 677
f 676 748 677
f 756 752 754
f 786 755 756
f 803 757 759
f 805 760 762
f 766 763 765
f 754 753 766
f 771 767 769
f 792 770 771
f 775 772 774
f 762 761 775
f 764 776 765
f 781 778 780
f 769 768 781
f 785 782 784
f 774 773 785
f 783 755 784
f 790 787 789
f 759 758 790
f 917 791 792
f 789 788 794
f 798 795 797
f 776 795 777
f 801 799 800
f 794 793 801
f 804 802 803
f 797 796 804
f 780 779 805
f 815 806 808
f 952 809 811
f 807 806 813
f 824 814 808
f 955 816 818
f 4410 819 821
f 567 523 822
f 551 531 538
f 493 491 553
f 544 503 545
f 557 514 547
f 550 533 551
f 552 495 553
f 554 505 544
f 556 516 557
f 486 485 569
f 561 496 552
f 563 507 554
f 518 516 565
f 669 524 823
f 580 487 569
f 571 498 561
f 509 507 573
f 520 518 575
f 577 527 568
f 579 489 580
f 500 498 589
f 583 511 573
f 822 522 575
f 529 527 538
f 547 513 583
f 545 502 589
f 541 491 579
f 821 820 824
f 847 570 825
f 585 576 827
f 859 828 830
f 588 584 832
f 546 582 834
f 853 540 835
f 855 543 836
f 858 566 837
f 940 838 840
f 574 564 842
f 581 572 844
f 587 578 846
f 861 590 847
f 586 585 848
f 548 588 849
f 957 850 852
f 866 555 834
f 910 540 854
f 562 543 856
f 825 560 857
f 826 576 858
f 892 859 860
f 831 584 842
f 582 581 833
f 835 539 846
f 542 590 836
f 867 862 848
f 549 548 837
f 1022 863 865
f 564 555 841
f 843 572 856
f 845 578 867
f 909 868 870
f 891 871 621
f 624 872 594
f 829 828 875
f 626 876 597
f 894 878 628
f 630 879 603
f 631 881 606
f 862 567 586
f 896 883 609
f 906 884 886
f 612 887 613
f 900 889 637
f 901 890 638
f 902 891 639
f 903 872 623
f 904 876 625
f 838 892 839
f 627 893 628
f 926 879 629
f 907 881 644
f 578 568 862
f 871 895 591
f 594 873 609
f 931 897 899
f 597 877 612
f 878 900 600
f 603 880 638
f 882 902 606
f 908 903 640
f 883 904 610
f 949 905 906
f 888 893 613
f 889 907 615
f 618 890 640
f 817 868 818
f 915 550 911
f 674 534 913
f 930 914 897
f 533 550 916
f 791 917 919
f 911 910 920
f 629 921 923
f 534 533 912
f 852 851 925
f 4411 926 923
f 932 915 927
f 913 912 929
f 941 930 931
f 938 916 932
f 919 918 934
f 911 920 927
f 923 922 937
f 928 912 938
f 851 931 924
f 4411 923 939
f 932 927 859
f 929 928 940
f 850 941 851
f 938 932 892
f 863 934 864
f 828 927 874
f 884 937 885
f 928 938 838
f 852 925 810
f 905 939 884
f 1022 865 943
f 860 830 945
f 1027 840 946
f 830 829 944
f 957 852 948
f 1031 949 950
f 978 951 952
f 950 906 953
f 839 860 946
f 947 829 954
f 619 641 750
f 641 670 535
f 726 642 727
f 607 622 730
f 608 607 729
f 921 605 914
f 622 593 728
f 735 601 734
f 602 601 749
f 592 634 736
f 593 592 733
f 616 632 739
f 734 617 739
f 741 598 740
f 727 599 741
f 632 608 738
f 645 670 742
f 614 643 744
f 740 636 744
f 745 604 746
f 605 604 731
f 747 595 748
f 742 596 747
f 643 602 743
f 746 620 750
f 751 611 726
f 748 635 751
f 724 816 956
f 886 885 957
f 922 921 930
f 922 930 936
f 885 936 850
f 953 886 948
f 976 809 958
f 975 959 961
f 980 962 964
f 970 965 967
f 959 968 960
f 969 968 970
f 1023 971 973
f 4412 974 961
f 964 963 958
f 4413 977 978
f 4414 979 980
f 969 970 982
f 1024 973 983
f 4412 961 985
f 993 964 986
f 958 951 986
f 475 987 989
f 4414 980 991
f 961 960 984
f 990 980 993
f 981 970 994
f 960 969 992
f 1003 995 473
f 467 997 468
f 469 468 999
f 469 999 470
f 473 1001 1003
f 1004 471 1000
f 471 1004 472
f 452 478 453
f 455 1007 457
f 2099 1008 987
f 445 480 446
f 453 1006 456
f 473 996 1011
f 473 1011 455
f 1006 1012 479
f 987 1009 988
f 478 1015 1006
f 725 724 800
f 476 1016 1011
f 1007 1018 477
f 477 1019 478
f 479 1013 480
f 1011 1017 1007
f 475 989 476
f 480 1020 1010
f 948 810 976
f 752 714 753
f 755 703 752
f 757 705 758
f 760 675 761
f 763 721 764
f 753 713 763
f 686 685 767
f 688 686 770
f 772 691 773
f 761 683 772
f 764 720 776
f 693 692 778
f 685 693 768
f 782 678 783
f 773 690 782
f 783 723 755
f 787 710 788
f 758 681 787
f 716 688 791
f 788 709 793
f 795 698 796
f 722 698 776
f 799 483 725
f 793 717 799
f 802 706 757
f 696 706 796
f 779 692 760
f 815 485 806
f 897 732 898
f 806 484 812
f 814 558 815
f 737 634 816
f 857 559 819
f 820 559 814
f 925 924 1022
f 868 633 869
f 634 633 817
f 716 791 898
f 898 919 899
f 924 899 863
f 925 1022 811
f 699 737 724
f 952 1023 978
f 4413 978 1024
f 1009 1025 1014
f 975 946 959
f 962 950 963
f 965 947 966
f 945 944 959
f 944 947 968
f 943 942 1023
f 974 1027 975
f 963 953 976
f 2035 1028 1030
f 979 1031 962
f 811 943 952
f 1008 1032 1009
f 1025 1009 1034
f 983 1035 1024
f 1032 1037 1033
f 1034 1033 1039
f 1035 1040 1036
f 1037 1042 1038
f 1038 1043 1039
f 1040 1045 1041
f 1042 1047 1043
f 1043 1048 1044
f 1045 1050 1046
f 4415 1049 1047
f 1055 1052 1054
f 1212 1055 1056
f 1212 1056 1058
f 1058 1057 1060
f 1215 1060 1061
f 1215 1061 1063
f 1063 1062 1065
f 1065 1064 1067
f 1220 1067 1068
f 1220 1068 1070
f 1222 1070 1071
f 1222 1071 1073
f 1225 1073 1074
f 1225 1074 1076
f 1076 1075 1078
f 1228 1078 1079
f 1228 1079 1081
f 1231 1081 1082
f 1231 1082 1084
f 1086 1084 1085
f 1234 1086 1087
f 1234 1087 1089
f 1089 1088 1091
f 1091 1090 1093
f 1240 1093 1094
f 1240 1094 1096
f 1242 1096 1097
f 1303 1098 1100
f 1114 1101 1103
f 1116 1104 1106
f 1117 1107 1109
f 1119 1110 1112
f 1417 1113 1114
f 1125 1115 1106
f 1126 1107 1118
f 1129 1119 1120
f 1132 1121 1123
f 1133 1124 1125
f 1135 1126 1127
f 1138 1128 1120
f 1139 1090 1130
f 1143 1131 1123
f 1144 1124 1134
f 1147 1135 1136
f 1148 1137 1138
f 1150 1139 1141
f 1153 1142 1143
f 1152 1144 1145
f 1151 1146 1136
f 1386 1137 1149
f 1102 1150 1103
f 1110 1146 1111
f 1109 1108 1145
f 1104 1142 1105
f 1184 1154 1156
f 1187 1157 1159
f 1188 1160 1162
f 1190 1163 1165
f 1192 1166 1168
f 1195 1169 1171
f 1198 1172 1174
f 1199 1175 1177
f 1200 1178 1180
f 1201 1181 1183
f 1202 1184 1185
f 1237 1186 1159
f 1205 1160 1189
f 1206 1163 1191
f 1481 1166 1193
f 1207 1194 1195
f 1155 1154 1197
f 1158 1157 1174
f 1161 1175 1162
f 1165 1164 1200
f 1168 1167 1183
f 1170 1202 1171
f 1181 1203 1182
f 1173 1172 1189
f 1177 1176 1191
f 1179 1194 1180
f 1100 1099 1209
f 1211 1210 1055
f 4416 1211 1212
f 4416 1212 1213
f 1213 1058 1214
f 1214 1060 1216
f 1216 1215 1217
f 1217 1063 1218
f 1218 1065 1219
f 4417 1219 1220
f 4417 1220 1221
f 1223 1221 1222
f 1224 1223 1073
f 4418 1224 1225
f 4418 1225 1226
f 1226 1076 1227
f 1229 1227 1228
f 1230 1229 1081
f 1232 1230 1231
f 4419 1232 1084
f 4419 1084 1233
f 1233 1086 1235
f 1235 1234 1236
f 1204 1203 1237
f 1239 1238 1093
f 4420 1239 1240
f 4420 1240 1241
f 4421 1241 1242
f 1247 1243 1245
f 1271 1246 1247
f 1484 1248 1250
f 1244 1251 1245
f 1257 1253 1255
f 1287 1256 1257
f 1261 1258 1260
f 1252 1251 1261
f 1265 1262 1264
f 1255 1254 1265
f 1270 1266 1268
f 1294 1269 1268
f 1264 1263 1271
f 1305 1272 1274
f 1278 1275 1277
f 1267 1266 1278
f 1282 1279 1281
f 1248 1279 1249
f 1286 1283 1285
f 1273 1272 1285
f 1276 1256 1277
f 1280 1288 1281
f 1293 1290 1292
f 1283 1290 1284
f 1292 1291 1294
f 1246 1295 1243
f 1243 1296 1244
f 1291 1298 1269
f 1283 1300 1290
f 1290 1301 1291
f 1280 1302 1288
f 1338 1304 1274
f 1276 1306 1256
f 1272 1308 1286
f 1286 1309 1283
f 1248 1310 1279
f 1311 1302 1279
f 1266 1312 1275
f 1275 1313 1276
f 1305 1209 1272
f 1263 1314 1246
f 1269 1299 1270
f 1270 1315 1266
f 1288 1303 1304
f 1254 1316 1262
f 1262 1317 1263
f 1321 1318 1251
f 1318 1319 1258
f 1256 1307 1253
f 1253 1320 1254
f 1244 1297 1251
f 1484 1322 1248
f 1298 1323 1299
f 1327 1325 1296
f 1295 1326 1296
f 1322 1328 1310
f 1325 1330 1297
f 1320 1331 1316
f 1307 1333 1320
f 1335 1334 1318
f 1321 1330 1318
f 1337 1336 1317
f 1332 1337 1316
f 1289 1288 1338
f 1315 1339 1312
f 1324 1339 1299
f 1314 1336 1295
f 1209 1208 1308
f 1313 1342 1306
f 1340 1342 1312
f 1345 1344 1311
f 1310 1329 1311
f 1309 1346 1300
f 1341 1346 1308
f 1306 1343 1307
f 1304 1100 1305
f 1302 1344 1303
f 1348 1323 1301
f 1300 1347 1301
f 1268 1267 1350
f 1367 1294 1350
f 1264 1271 1352
f 1274 1273 1354
f 1278 1277 1356
f 1267 1278 1349
f 1358 1282 1357
f 1249 1282 1359
f 1285 1284 1361
f 1273 1285 1353
f 1355 1277 1362
f 1289 1338 1364
f 1281 1289 1357
f 1293 1292 1366
f 1284 1293 1360
f 1292 1294 1365
f 1247 1245 1369
f 1271 1247 1351
f 1250 1249 1370
f 1245 1252 1368
f 1257 1255 1373
f 1287 1257 1362
f 1375 1261 1374
f 1252 1261 1371
f 1265 1264 1376
f 1372 1255 1376
f 1363 1338 1354
f 1380 1053 1377
f 1385 1259 1378
f 1377 1052 1379
f 1387 1121 1380
f 1334 1197 1382
f 4422 1383 1384
f 1259 1385 1260
f 1130 1088 1386
f 1095 1094 1101
f 1061 1059 1116
f 1107 1071 1108
f 1119 1080 1110
f 1113 1097 1101
f 1115 1062 1116
f 1126 1072 1107
f 1129 1082 1119
f 1054 1053 1132
f 1124 1064 1115
f 1135 1074 1126
f 1128 1083 1129
f 1236 1089 1238
f 1131 1056 1132
f 1144 1066 1124
f 1147 1075 1135
f 1085 1083 1137
f 1092 1090 1150
f 1142 1057 1131
f 1068 1066 1152
f 1077 1075 1146
f 1087 1085 1386
f 1094 1092 1102
f 1110 1079 1146
f 1108 1069 1152
f 1104 1059 1142
f 1384 1122 1387
f 1143 1123 1389
f 1410 1148 1390
f 1420 1391 1393
f 1412 1151 1394
f 1416 1109 1395
f 1418 1114 1396
f 1106 1105 1398
f 1120 1112 1400
f 1500 1401 1403
f 1127 1118 1405
f 1134 1133 1407
f 1141 1140 1409
f 1422 1153 1389
f 1149 1148 1411
f 1424 1111 1412
f 1501 1413 1415
f 1428 1117 1416
f 1479 1417 1418
f 1125 1106 1419
f 1123 1122 1388
f 1390 1138 1400
f 1455 1420 1421
f 1136 1127 1394
f 1145 1134 1395
f 1103 1141 1396
f 1105 1153 1397
f 1429 1149 1423
f 1112 1111 1399
f 1463 1425 1427
f 1404 1118 1428
f 1406 1133 1419
f 1408 1140 1423
f 1196 1430 1432
f 1452 1433 1184
f 1453 1434 1187
f 1391 1435 1392
f 1160 1437 1161
f 1456 1439 1163
f 1166 1440 1167
f 1459 1442 1169
f 1130 1386 1429
f 1460 1443 1198
f 1469 1444 1446
f 1175 1447 1176
f 1464 1449 1178
f 1465 1450 1201
f 1202 1451 1184
f 1467 1453 1186
f 1205 1454 1160
f 1401 1455 1402
f 1470 1456 1206
f 1481 1457 1166
f 1194 1458 1169
f 1140 1139 1429
f 1154 1433 1196
f 1157 1434 1198
f 1413 1461 1414
f 1438 1447 1161
f 1461 1463 1462
f 1164 1439 1178
f 1167 1441 1201
f 1442 1451 1170
f 1203 1466 1186
f 1443 1454 1172
f 1512 1468 1469
f 1176 1448 1206
f 1179 1449 1194
f 1450 1466 1181
f 1197 1196 1381
f 1113 1417 1472
f 4421 1242 1474
f 1328 1322 1476
f 1483 1097 1472
f 1250 1370 1478
f 1471 1417 1480
f 1486 1481 1482
f 1242 1097 1473
f 1322 1484 1475
f 1485 1484 1478
f 1499 1457 1486
f 1491 1472 1487
f 4423 1474 1488
f 1476 1475 1490
f 1497 1483 1491
f 1478 1477 1493
f 1487 1471 1494
f 1486 1482 1496
f 1488 1473 1497
f 1475 1485 1489
f 1485 1478 1498
f 1502 1499 1496
f 1491 1487 1420
f 4423 1488 1500
f 1490 1489 1501
f 1455 1497 1420
f 1463 1493 1425
f 1487 1494 1391
f 1444 1496 1445
f 1488 1497 1401
f 1489 1498 1413
f 1498 1493 1461
f 1468 1502 1444
f 1427 1426 1504
f 1421 1393 1506
f 1403 1402 1508
f 1393 1392 1505
f 1415 1414 1511
f 1525 1512 1513
f 1462 1427 1514
f 1414 1462 1510
f 1513 1469 1515
f 1402 1421 1507
f 1509 1392 1516
f 1098 1182 1099
f 1099 1204 1208
f 1323 1189 1324
f 1171 1185 1327
f 1326 1195 1327
f 1193 1192 1328
f 1185 1156 1325
f 1331 1165 1332
f 1333 1190 1331
f 1155 1197 1335
f 1156 1155 1330
f 1180 1207 1337
f 1332 1200 1337
f 1339 1162 1340
f 1324 1188 1339
f 1207 1195 1336
f 1208 1237 1341
f 1342 1177 1343
f 1340 1199 1342
f 1345 1168 1344
f 1329 1192 1345
f 1346 1158 1347
f 1341 1159 1346
f 1343 1191 1333
f 1344 1183 1098
f 1348 1173 1323
f 1347 1174 1348
f 1319 1334 1378
f 1446 1445 1415
f 1193 1328 1482
f 1482 1476 1495
f 1495 1490 1445
f 1446 1415 1515
f 1519 1517 1507
f 1507 1506 1519
f 1521 1518 1505
f 1505 1509 1521
f 1516 1522 1509
f 1513 1523 1525
f 1030 1029 1527
f 1515 1511 1529
f 1514 1504 1531
f 1744 1532 1534
f 1863 1535 1537
f 1536 1538 1537
f 1538 1540 1539
f 1540 1542 1541
f 1543 1542 1545
f 1545 1544 1547
f 1546 1548 1547
f 1548 1550 1549
f 1551 1550 1553
f 1553 1552 1555
f 1554 1556 1555
f 1556 1558 1557
f 1558 1560 1559
f 1560 1562 1561
f 1562 1564 1563
f 1565 1564 1567
f 1566 1568 1567
f 1568 1570 1569
f 1570 1572 1571
f 1573 1572 1575
f 1575 1574 1577
f 1576 1578 1577
f 1578 1580 1579
f 1580 1582 1581
f 1582 1584 1583
f 1584 1586 1585
f 1586 1588 1587
f 1998 1590 1592
f 1859 1593 1595
f 1860 1596 1598
f 1861 1599 1601
f 1862 1602 1604
f 1859 1605 1593
f 1860 1607 1596
f 1599 1609 1600
f 1862 1611 1602
f 1625 1613 1615
f 1607 1616 1608
f 1609 1618 1610
f 1611 1620 1612
f 1581 1622 1579
f 1865 1624 1625
f 1616 1626 1617
f 1618 1628 1619
f 1620 1630 1621
f 1622 1632 1634
f 1865 1635 1624
f 1641 1637 1626
f 1628 1638 1629
f 1858 1640 1630
f 1632 1595 1633
f 1604 1603 1638
f 1861 1601 1641
f 1598 1597 1635
f 1673 1642 1644
f 1915 1645 1647
f 1918 1648 1650
f 1919 1651 1653
f 1922 1654 1656
f 1683 1657 1659
f 1690 1660 1662
f 1691 1663 1665
f 1686 1666 1668
f 1930 1669 1671
f 1687 1672 1673
f 1915 1674 1645
f 1918 1676 1648
f 1919 1678 1651
f 1922 1680 1654
f 1935 1682 1683
f 1644 1643 1685
f 1647 1646 1660
f 1663 1650 1664
f 1653 1652 1686
f 1930 1656 1669
f 1659 1658 1687
f 1671 1670 1689
f 1676 1690 1677
f 1678 1691 1679
f 1935 1668 1682
f 1592 1591 1693
f 1535 1694 1536
f 1536 1695 1538
f 1538 1696 1540
f 1697 1698 1540
f 1542 1698 1544
f 1544 1699 1546
f 1546 1700 1548
f 1548 1701 1550
f 1702 1703 1550
f 1552 1703 1554
f 1554 1704 1556
f 1556 1705 1558
f 1558 1706 1560
f 1707 1708 1560
f 1562 1708 1564
f 1564 1709 1566
f 1566 1710 1568
f 1711 1712 1568
f 1712 1713 1570
f 1713 1714 1572
f 1574 1714 1576
f 1715 1716 1576
f 1689 1688 1674
f 1864 1717 1580
f 1717 1718 1582
f 1718 1719 1584
f 1719 1720 1586
f 1692 1591 1722
f 1790 1723 1725
f 1755 1726 1728
f 1737 1692 1729
f 1734 1730 1732
f 1760 1733 1734
f 1723 1735 1724
f 1735 1737 1736
f 1738 1721 1590
f 1732 1731 1590
f 1751 1739 1741
f 1739 1742 1740
f 1767 1744 1745
f 1770 1746 1748
f 1726 1749 1727
f 1749 1751 1750
f 1761 1752 1754
f 1752 1755 1753
f 1765 1756 1758
f 1770 1748 1756
f 1773 1759 1760
f 1532 1761 1533
f 1766 1762 1764
f 1762 1765 1763
f 1742 1766 1743
f 1790 1725 1746
f 2003 1767 1768
f 1999 1769 1770
f 2000 1752 1771
f 2000 1772 1752
f 1954 1773 1774
f 1771 1761 1775
f 1777 1739 1776
f 1788 1742 1777
f 2001 1778 1767
f 1775 1532 1778
f 1780 1749 1779
f 1776 1751 1780
f 1782 1756 1781
f 1999 1770 1782
f 1772 1779 1755
f 1787 1693 1737
f 1784 1762 1783
f 1781 1765 1784
f 1789 1785 1732
f 1774 1760 1785
f 1791 1786 1723
f 1786 1787 1735
f 1783 1766 1788
f 1998 1789 1590
f 2002 1790 1769
f 2002 1791 1790
f 2066 1792 1794
f 1792 1795 1793
f 1827 1797 1799
f 2067 1800 1802
f 1814 1803 1805
f 2066 1794 1803
f 2068 1806 1808
f 1806 1809 1807
f 1822 1811 1813
f 1811 1802 1812
f 2069 1814 1815
f 1842 1816 1818
f 2068 1808 1816
f 1823 1819 1821
f 1819 1822 1820
f 1795 1823 1796
f 1830 1824 1826
f 1824 1827 1825
f 1809 1828 1810
f 1838 1830 1831
f 1841 1832 1834
f 2069 1815 1832
f 1768 1835 1837
f 1835 1838 1836
f 1797 1839 1798
f 1839 1841 1840
f 2067 1842 1800
f 2070 1843 1845
f 1983 1846 1848
f 2072 1845 1849
f 2070 1850 1843
f 2073 1852 1854
f 1866 1855 1857
f 1577 1579 1858
f 1585 1587 1595
f 1545 1860 1543
f 1555 1557 1861
f 1567 1569 1604
f 1587 1589 1859
f 1545 1547 1860
f 1557 1559 1599
f 1569 1571 1862
f 1537 1625 1863
f 1547 1549 1607
f 1559 1561 1609
f 1573 1620 1571
f 1716 1864 1578
f 1537 1539 1625
f 1549 1551 1616
f 1563 1628 1561
f 1575 1630 1573
f 1581 1583 1622
f 1539 1541 1865
f 1553 1641 1551
f 1563 1565 1628
f 1575 1577 1630
f 1585 1595 1583
f 1565 1567 1638
f 1553 1555 1641
f 1541 1543 1635
f 1850 1866 1851
f 1613 1624 1868
f 1631 1869 1621
f 1904 1871 1873
f 1639 1874 1629
f 1601 1876 1637
f 1594 1593 1879
f 1597 1596 1881
f 1602 1612 1883
f 1979 1884 1886
f 1619 1887 1610
f 1627 1889 1617
f 1633 1891 1634
f 1624 1636 1867
f 1640 1894 1631
f 1603 1895 1639
f 1962 1896 1898
f 1601 1600 1876
f 1606 1900 1593
f 1608 1901 1596
f 1614 1613 1902
f 1612 1621 1882
f 1933 1903 1904
f 1619 1629 1887
f 1637 1877 1627
f 1633 1594 1891
f 1597 1881 1636
f 1640 1905 1894
f 1602 1883 1603
f 1980 1907 1909
f 1610 1888 1600
f 1608 1617 1901
f 1905 1634 1906
f 2074 1910 1912
f 1932 1673 1913
f 1937 1914 1647
f 1981 1873 1916
f 1941 1917 1650
f 4424 1919 1920
f 1943 1921 1656
f 4425 1923 1659
f 1858 1623 1640
f 4426 1660 1924
f 1982 1925 1927
f 4427 1928 1691
f 1942 1686 1929
f 4428 1930 1931
f 1944 1687 1932
f 1945 1674 1914
f 1946 1676 1917
f 1886 1885 1933
f 4424 1934 1919
f 1964 1680 1921
f 1949 1935 1923
f 1623 1622 1905
f 1913 1644 1936
f 4426 1937 1660
f 2071 1938 1940
f 1928 1941 1663
f 1920 1653 1942
f 4428 1943 1930
f 4425 1659 1944
f 4429 1689 1945
f 1924 1690 1946
f 1925 1947 1926
f 4427 1691 1934
f 1929 1668 1949
f 4429 1931 1689
f 2073 1854 1910
f 1606 1605 1951
f 1720 1952 1588
f 1773 1954 1938
f 1589 1956 1605
f 1829 1828 1958
f 1900 1606 1959
f 1680 1960 1681
f 1588 1953 1589
f 1977 1962 1963
f 1680 1964 1960
f 1951 1950 1967
f 1952 1968 1953
f 1938 1955 1939
f 1950 1956 1966
f 1958 1957 1973
f 1951 1967 1959
f 1960 1975 1961
f 1956 1953 1971
f 1940 1939 1977
f 1965 1978 1960
f 1966 1904 1967
f 1968 1979 1969
f 1939 1970 1962
f 1971 1933 1966
f 1973 1972 1980
f 1974 1967 1981
f 1976 1975 1982
f 1969 1886 1971
f 1898 1983 1963
f 1975 1978 1925
f 1909 1908 1985
f 1903 1986 1871
f 1885 1884 1989
f 1871 1987 1872
f 1897 1991 1898
f 1926 1948 1993
f 1846 1994 1847
f 1927 1926 1996
f 1885 1989 1903
f 1916 1872 1997
f 1670 1998 1688
f 1688 1592 1675
f 1648 1677 1999
f 1658 2000 1672
f 1657 1772 1658
f 1681 1954 1654
f 1672 1771 1642
f 1666 1652 1776
f 1651 1788 1652
f 1643 1778 1684
f 1642 1775 1643
f 1667 1780 1682
f 1667 1666 1780
f 1664 1649 1781
f 1649 1648 1782
f 1682 1779 1657
f 1645 1675 1787
f 1665 1784 1679
f 1665 1664 1784
f 1669 1655 1789
f 1654 1774 1655
f 1661 1646 1791
f 1646 1645 1786
f 1679 1783 1651
f 1670 1669 1998
f 1677 1662 1769
f 1662 1661 2002
f 1852 2003 1853
f 1896 1982 1897
f 1954 1681 1955
f 1961 1976 1955
f 1970 1976 1896
f 1897 1927 1991
f 2065 2005 1846
f 2077 2006 2008
f 2022 2009 2011
f 2078 2012 2014
f 2008 2007 2016
f 2012 2016 2013
f 2079 2017 2019
f 2077 2020 2006
f 2065 2022 2005
f 1994 2023 1995
f 2009 2025 2010
f 2015 2027 2013
f 2019 2018 2030
f 2021 2031 2006
f 2005 2011 2034
f 2005 2034 1994
f 2057 2035 2036
f 2026 2037 2010
f 2006 2032 2007
f 2011 2010 2033
f 2014 2013 2040
f 2007 2039 2015
f 2046 1523 2041
f 1517 1519 2043
f 1518 2044 1519
f 1518 1521 2044
f 4430 1524 2046
f 1521 1520 2045
f 1520 1522 2047
f 1511 1510 1528
f 1513 1515 2050
f 2056 2051 2035
f 1504 1503 1530
f 1510 1514 2049
f 1527 1526 2053
f 1523 1513 2053
f 2049 1531 2055
f 2076 2056 2057
f 1528 2049 2058
f 1837 2004 1768
f 1527 2053 2060
f 2050 1529 2062
f 1529 1528 2061
f 1531 1530 2054
f 2053 2050 2059
f 1030 1527 2036
f 1530 2052 2063
f 1991 2065 1983
f 1758 1757 2066
f 1757 1748 1792
f 1728 1727 1827
f 1729 1722 1802
f 1764 1763 1814
f 1763 1758 1803
f 1730 1806 1731
f 1733 1809 1730
f 1724 1736 1822
f 1736 1729 1811
f 1743 1764 2069
f 1738 1816 1721
f 1731 2068 1738
f 1747 1725 1823
f 1725 1724 1819
f 1748 1747 1795
f 1754 1753 1830
f 1753 1728 1824
f 1759 1828 1733
f 1533 1754 1838
f 1741 1740 1841
f 1743 2069 1740
f 1745 1534 1768
f 1534 1533 1835
f 1727 1750 1797
f 1741 1841 1750
f 1722 1721 2067
f 1535 1863 1845
f 1759 1773 2071
f 1694 1535 2072
f 1863 1615 2070
f 2001 1852 1684
f 1902 1855 1614
f 1615 1614 1850
f 1907 1977 1908
f 1936 1685 2074
f 1684 2073 1685
f 1759 2071 1828
f 2071 1940 1957
f 1972 1940 1907
f 1963 1848 1908
f 1767 2003 2001
f 1847 1995 2017
f 2018 1995 2029
f 4431 2075 2076
f 1986 1989 2008
f 1996 1993 2022
f 1997 1990 2078
f 1986 2008 1987
f 1987 2016 1990
f 1984 2017 1985
f 1989 1988 2077
f 1991 1996 2065
f 1993 1992 2009
f 1848 1847 1984
f 2051 2056 2081
f 2056 2075 2080
f 2087 2030 2083
f 2081 2080 2085
f 2080 2082 2084
f 4432 2087 2088
f 2085 2084 2090
f 2084 2086 2089
f 4432 2088 2093
f 2090 2089 2095
f 2089 2091 2094
f 4433 2093 2097
f 2096 2098 2094
f 474 2099 475
f 2142 2100 2102
f 2143 2103 2105
f 2148 2106 2108
f 2108 2107 2104
f 2105 2107 2110
f 2133 2111 2113
f 2157 2114 2107
f 2160 2112 2115
f 2121 2116 2118
f 2118 2119 2121
f 2167 2122 2117
f 2126 2123 2119
f 2122 2124 2118
f 2132 2125 2126
f 2119 2124 2126
f 2172 2128 2122
f 2139 2129 2131
f 2125 2132 2113
f 2127 2134 2126
f 2127 2124 2135
f 2129 2136 2130
f 2174 2138 2139
f 2144 2137 2140
f 2145 2136 2138
f 2174 2141 2138
f 2103 2143 2140
f 2140 2136 2146
f 2141 2147 2142
f 2102 2148 2145
f 2163 2149 2151
f 2102 2101 2148
f 2150 2149 2153
f 2165 2154 2156
f 2153 2152 2157
f 2159 2158 2155
f 2158 2159 2115
f 2151 2161 2163
f 2171 2164 2165
f 2110 2133 2134
f 4434 2166 2168
f 2116 2169 2117
f 2168 2167 2170
f 2163 2162 2165
f 2165 2156 2163
f 2156 2158 2149
f 2158 2115 2152
f 2114 2115 2109
f 2133 2110 2111
f 2167 2166 2122
f 2110 2134 2105
f 2135 2143 2127
f 2138 2142 2145
f 2174 2173 2141
f 2173 2174 2131
f 2104 2103 2146
f 2104 2146 2108
f 2243 2175 2177
f 2213 2178 2180
f 2218 2181 2183
f 2179 2183 2180
f 2180 2182 2185
f 2190 2186 2188
f 2230 2189 2182
f 2233 2186 2191
f 2197 2192 2194
f 2194 2195 2197
f 2240 2198 2193
f 2195 2199 2196
f 2198 2201 2194
f 2207 2202 2199
f 2195 2201 2199
f 2208 2201 2204
f 2239 2205 2204
f 2202 2207 2187
f 2238 2207 2203
f 2210 2203 2208
f 2211 2208 2206
f 2212 2209 2205
f 2214 2210 2211
f 2215 2211 2209
f 2216 2175 2212
f 2214 2178 2210
f 2219 2214 2215
f 2175 2216 2176
f 4435 2218 2215
f 2217 2220 2222
f 4435 2223 2218
f 2221 2224 2222
f 2237 2226 2228
f 4436 2229 2230
f 4437 2231 2227
f 2242 2232 2191
f 2220 2217 2235
f 2241 2236 2237
f 2188 2207 2185
f 2234 2239 2235
f 2236 2241 2192
f 2235 2240 2241
f 2237 2220 2241
f 2220 2237 2221
f 2221 2228 2224
f 2229 2242 2189
f 2191 2190 2189
f 2188 2185 2190
f 2239 2204 2240
f 2185 2238 2180
f 2213 2238 2210
f 2215 2209 2243
f 2212 2234 2216
f 2234 2212 2239
f 2179 2178 2219
f 2219 2218 2179
f 2282 2244 2246
f 2284 2247 2249
f 2288 2250 2252
f 2248 2252 2249
f 2249 2251 2254
f 2277 2255 2257
f 2299 2253 2258
f 2304 2256 2259
f 2265 2260 2262
f 2262 2263 2265
f 2311 2266 2261
f 2270 2267 2263
f 2266 2268 2262
f 2276 2269 2270
f 2263 2268 2270
f 2275 2272 2266
f 2310 2273 2275
f 2269 2276 2257
f 2309 2276 2271
f 2271 2268 2278
f 2274 2279 2275
f 2283 2280 2273
f 2278 2272 2281
f 2285 2279 2280
f 2286 2282 2283
f 2281 2247 2278
f 2289 2281 2285
f 2282 2286 2244
f 4438 2288 2285
f 2287 2290 2292
f 4438 2293 2288
f 2292 2291 2295
f 2312 2296 2298
f 4439 2299 2300
f 4440 2301 2297
f 2259 2302 2304
f 2290 2287 2306
f 2312 2307 2296
f 2254 2277 2309
f 2305 2310 2306
f 2260 2308 2261
f 2307 2306 2261
f 2312 2290 2307
f 2290 2312 2291
f 2291 2298 2294
f 4439 2302 2299
f 2259 2255 2299
f 2254 2253 2277
f 2310 2275 2311
f 2309 2284 2254
f 2284 2309 2278
f 2280 2282 2285
f 2283 2305 2286
f 2310 2305 2273
f 2289 2248 2281
f 2289 2288 2248
f 2350 2313 2315
f 2352 2316 2318
f 2357 2319 2321
f 2317 2321 2318
f 2320 2322 2318
f 2328 2324 2326
f 2369 2322 2327
f 2374 2324 2329
f 2335 2330 2332
f 2332 2333 2335
f 2381 2336 2331
f 2340 2337 2333
f 2336 2338 2332
f 2346 2339 2340
f 2333 2338 2340
f 2345 2342 2336
f 2380 2343 2345
f 2339 2346 2325
f 2379 2346 2341
f 2348 2341 2342
f 2349 2342 2344
f 2351 2347 2343
f 2353 2348 2349
f 2354 2349 2347
f 2355 2350 2351
f 2353 2316 2348
f 2358 2353 2354
f 2350 2355 2313
f 2362 2357 2354
f 2356 2359 2361
f 2357 2362 2319
f 2361 2360 2365
f 2378 2366 2368
f 2383 2369 2370
f 4441 2371 2367
f 2329 2372 2374
f 2359 2356 2376
f 2382 2377 2378
f 2323 2326 2379
f 2375 2380 2376
f 2330 2377 2331
f 2376 2381 2382
f 2378 2359 2382
f 2359 2378 2360
f 2360 2368 2364
f 2372 2329 2383
f 2329 2328 2369
f 2323 2322 2326
f 2380 2345 2381
f 2379 2352 2323
f 2352 2379 2348
f 2347 2350 2354
f 2351 2375 2355
f 2380 2375 2343
f 2358 2317 2353
f 2358 2357 2317
f 2427 2384 2386
f 2428 2387 2389
f 2432 2390 2392
f 2388 2392 2389
f 2389 2391 2394
f 2399 2395 2397
f 2390 2398 2391
f 2443 2395 2400
f 2406 2401 2403
f 2403 2404 2406
f 2409 2403 2407
f 2411 2408 2404
f 2413 2404 2409
f 2418 2410 2411
f 2413 2412 2404
f 2420 2413 2414
f 2456 2415 2417
f 2410 2418 2396
f 2412 2419 2411
f 2412 2413 2421
f 2424 2422 2416
f 2454 2423 2415
f 2421 2422 2425
f 2429 2424 2423
f 2454 2426 2423
f 2387 2428 2425
f 2425 2424 2430
f 2427 2426 2384
f 2429 2386 2430
f 2452 2433 2435
f 2386 2385 2432
f 2433 2436 2434
f 2447 2438 2440
f 2437 2436 2390
f 2442 2441 2439
f 2400 2441 2443
f 2452 2435 2445
f 2453 2446 2447
f 2397 2418 2394
f 2451 2448 2407
f 4442 2450 2401
f 2450 2451 2402
f 2447 2452 2453
f 2447 2440 2452
f 2440 2441 2433
f 2441 2400 2436
f 2398 2400 2393
f 2394 2393 2397
f 2407 2449 2409
f 2394 2419 2389
f 2421 2428 2412
f 2423 2427 2429
f 2426 2454 2431
f 2455 2454 2456
f 2388 2387 2430
f 2388 2430 2392
f 2501 2457 2459
f 2466 2460 2462
f 2504 2463 2465
f 2462 2465 2466
f 2466 2464 2468
f 2473 2469 2471
f 2514 2472 2464
f 2517 2469 2474
f 2480 2475 2477
f 2477 2478 2480
f 2525 2481 2476
f 2478 2482 2479
f 2486 2478 2481
f 2491 2484 2482
f 2486 2485 2478
f 2493 2486 2487
f 2532 2488 2490
f 2484 2491 2470
f 2485 2492 2482
f 2485 2486 2494
f 2498 2495 2489
f 2531 2496 2488
f 2502 2497 2498
f 2496 2499 2489
f 2531 2500 2496
f 2461 2460 2502
f 2505 2502 2499
f 2501 2500 2457
f 2499 2459 2505
f 2520 2506 2508
f 2459 2458 2504
f 2506 2509 2507
f 2522 2511 2513
f 2510 2509 2514
f 2516 2515 2512
f 2474 2515 2517
f 2508 2518 2520
f 2529 2521 2522
f 2468 2471 2492
f 2528 2523 2525
f 2475 2526 2476
f 2527 2528 2476
f 2522 2520 2529
f 2522 2513 2520
f 2513 2515 2506
f 2515 2474 2509
f 2472 2474 2467
f 2471 2468 2473
f 2525 2524 2481
f 2468 2492 2466
f 2494 2460 2485
f 2496 2501 2499
f 2531 2530 2500
f 2530 2531 2532
f 2462 2461 2505
f 2462 2505 2465
f 2580 2533 2535
f 2576 2536 2538
f 2581 2539 2541
f 2541 2540 2537
f 2540 2542 2538
f 2567 2544 2546
f 2590 2547 2540
f 2593 2545 2548
f 2554 2549 2551
f 2551 2552 2554
f 2561 2551 2555
f 2552 2556 2553
f 2561 2558 2551
f 2566 2559 2556
f 2558 2560 2552
f 2569 2558 2562
f 2608 2563 2565
f 2559 2566 2546
f 2560 2568 2556
f 2605 2560 2569
f 2573 2570 2564
f 2607 2571 2563
f 2577 2572 2573
f 2571 2574 2564
f 2607 2575 2571
f 2536 2576 2577
f 2577 2573 2578
f 2533 2575 2534
f 2574 2580 2578
f 2596 2582 2584
f 2580 2535 2581
f 2583 2582 2586
f 2598 2587 2589
f 2586 2585 2590
f 2592 2591 2588
f 2548 2591 2593
f 2584 2594 2596
f 2604 2597 2598
f 2567 2566 2543
f 2603 2599 2555
f 2549 2601 2550
f 2602 2603 2550
f 2598 2596 2604
f 2598 2589 2596
f 2589 2591 2582
f 2591 2548 2585
f 2547 2548 2542
f 2543 2542 2567
f 2555 2600 2561
f 2543 2568 2538
f 2576 2568 2605
f 2571 2533 2574
f 2607 2606 2575
f 2606 2607 2608
f 2537 2536 2578
f 2537 2578 2541
f 2655 2609 2611
f 2618 2612 2614
f 2656 2615 2617
f 2617 2616 2614
f 2616 2619 2618
f 2643 2621 2623
f 2665 2624 2616
f 2668 2622 2625
f 2631 2626 2628
f 2628 2629 2631
f 2676 2632 2627
f 2629 2633 2630
f 2632 2635 2628
f 2642 2636 2633
f 2635 2637 2629
f 2679 2638 2632
f 2682 2639 2641
f 2636 2642 2623
f 2637 2644 2633
f 2637 2635 2645
f 2640 2646 2641
f 2681 2648 2639
f 2652 2647 2649
f 2648 2650 2640
f 2681 2651 2648
f 2613 2612 2649
f 2649 2646 2653
f 2651 2654 2609
f 2650 2655 2653
f 2671 2657 2659
f 2655 2611 2656
f 2658 2657 2661
f 2673 2662 2664
f 2661 2660 2665
f 2667 2666 2663
f 2625 2666 2668
f 2659 2669 2671
f 2678 2672 2673
f 2620 2643 2644
f 4443 2674 2676
f 4444 2677 2626
f 4443 2676 2677
f 2671 2670 2673
f 2673 2664 2671
f 2657 2664 2660
f 2660 2666 2624
f 2624 2625 2619
f 2643 2620 2621
f 2676 2675 2632
f 2620 2644 2618
f 2645 2612 2637
f 2648 2609 2650
f 2681 2680 2651
f 2680 2681 2682
f 2614 2613 2653
f 2614 2653 2617
f 2733 2683 2685
f 2730 2686 2688
f 2735 2689 2691
f 2689 2687 2690
f 2756 2690 2692
f 2698 2693 2695
f 2756 2696 2690
f 2693 2698 2700
f 2707 2701 2703
f 2708 2704 2702
f 2703 2705 2707
f 2711 2704 2709
f 2704 2710 2703
f 2718 2711 2712
f 2720 2710 2711
f 2710 2713 2705
f 2723 2715 2717
f 2712 2695 2718
f 2718 2719 2711
f 2720 2721 2710
f 2726 2722 2716
f 2728 2723 2724
f 2729 2725 2726
f 2732 2724 2722
f 2733 2727 2724
f 2688 2725 2730
f 2725 2731 2722
f 2727 2733 2734
f 2683 2732 2735
f 2747 2736 2738
f 2683 2735 2684
f 2743 2738 2739
f 2744 2740 2742
f 2696 2743 2697
f 2746 2744 2745
f 2745 2700 2746
f 2736 2747 2749
f 2755 2741 2750
f 2718 2694 2719
f 4445 2751 2752
f 2754 2753 2707
f 2751 2754 2706
f 2747 2741 2748
f 2741 2747 2742
f 2742 2738 2745
f 2745 2743 2700
f 2693 2700 2756
f 2756 2692 2693
f 2714 2752 2705
f 2730 2719 2686
f 2719 2730 2720
f 2724 2732 2733
f 2728 2727 2757
f 2757 2715 2728
f 2687 2731 2688
f 2735 2731 2689
f 2802 2758 2760
f 4446 2761 2763
f 2803 2764 2766
f 2765 2764 2761
f 2824 2765 2767
f 2825 2768 2770
f 2824 2771 2765
f 2825 2770 2774
f 2781 2775 2777
f 2783 2778 2776
f 2777 2779 2781
f 2785 2782 2783
f 2778 2784 2777
f 2790 2782 2786
f 2791 2784 2782
f 2793 2787 2784
f 2794 2788 2787
f 2786 2769 2790
f 2820 2791 2790
f 2784 2791 2793
f 2797 2794 2793
f 2798 2788 2795
f 2793 2792 2797
f 2800 2795 2797
f 2801 2798 2758
f 4446 2763 2792
f 2797 2796 2800
f 2805 2801 2802
f 4447 2800 2803
f 2822 2804 2806
f 4447 2803 2807
f 2822 2806 2809
f 2815 2810 2812
f 2771 2813 2772
f 4448 2815 2816
f 2823 2774 2817
f 2826 2805 2818
f 2821 2811 2819
f 2768 2767 2790
f 2826 2818 2789
f 2819 2775 2821
f 2818 2821 2780
f 2818 2804 2821
f 2812 2811 2822
f 2816 2812 2809
f 2774 2823 2771
f 2774 2771 2825
f 2824 2767 2825
f 2789 2780 2787
f 4446 2820 2761
f 4446 2792 2820
f 2758 2795 2759
f 2798 2801 2826
f 2826 2789 2798
f 2762 2799 2763
f 2799 2762 2803
f 2869 2827 2829
f 2894 2830 2832
f 2873 2833 2835
f 2834 2833 2830
f 2841 2834 2836
f 2842 2837 2839
f 2884 2840 2841
f 2837 2842 2844
f 2851 2845 2847
f 2852 2848 2846
f 2847 2849 2851
f 2855 2848 2853
f 2848 2854 2847
f 2861 2855 2856
f 2862 2854 2855
f 2854 2857 2849
f 2865 2859 2858
f 2856 2839 2861
f 2890 2862 2861
f 2862 2863 2854
f 2857 2864 2858
f 2868 2859 2866
f 2863 2867 2857
f 2871 2866 2864
f 2872 2868 2869
f 2894 2832 2863
f 2864 2867 2871
f 2875 2872 2829
f 4449 2871 2873
f 2878 2874 2876
f 4449 2873 2877
f 2892 2878 2879
f 2885 2880 2882
f 2893 2883 2884
f 4450 2885 2886
f 4451 2887 2843
f 2895 2875 2888
f 2891 2889 2880
f 2861 2838 2890
f 2895 2888 2860
f 2889 2891 2851
f 2850 2888 2851
f 2888 2874 2889
f 2882 2881 2878
f 2886 2882 2892
f 2844 2887 2884
f 2844 2884 2837
f 2836 2838 2841
f 2860 2850 2858
f 2890 2836 2894
f 2894 2863 2890
f 2866 2871 2869
f 2868 2872 2895
f 2868 2895 2859
f 2832 2831 2867
f 2870 2831 2873
f 2937 2896 2898
f 2963 2899 2901
f 2941 2902 2904
f 2903 2902 2899
f 2903 2899 2906
f 2962 2907 2909
f 2952 2910 2906
f 2962 2909 2912
f 2919 2913 2915
f 2920 2916 2914
f 2915 2917 2919
f 2923 2916 2921
f 2916 2922 2915
f 2929 2923 2924
f 2930 2922 2923
f 2922 2925 2917
f 2932 2927 2926
f 2924 2908 2929
f 2958 2930 2929
f 2922 2930 2925
f 2935 2932 2925
f 2936 2927 2933
f 2925 2931 2935
f 2939 2933 2935
f 2940 2936 2937
f 2963 2901 2931
f 2935 2934 2939
f 2943 2940 2898
f 2945 2939 2941
f 2946 2942 2944
f 4452 2945 2904
f 2960 2946 2947
f 2953 2948 2950
f 2961 2951 2952
f 4453 2953 2954
f 4454 2955 2911
f 2964 2943 2956
f 2959 2949 2957
f 2929 2907 2958
f 2964 2956 2928
f 2959 2957 2919
f 2956 2959 2918
f 2956 2942 2959
f 2950 2949 2946
f 2954 2950 2960
f 2955 2961 2912
f 2912 2952 2962
f 2905 2907 2906
f 2928 2918 2926
f 2958 2905 2963
f 2963 2931 2958
f 2933 2939 2937
f 2936 2940 2964
f 2936 2964 2927
f 2901 2900 2934
f 2938 2900 2941
f 3012 2965 2967
f 3009 2968 2970
f 3016 2971 2973
f 2972 2971 2968
f 3031 2972 2974
f 3032 2975 2977
f 3031 2978 2972
f 3032 2977 2980
f 2986 2981 2983
f 2987 2984 2982
f 2989 2985 2983
f 2990 2984 2988
f 2994 2989 2984
f 2998 2990 2991
f 2994 2984 2992
f 3001 2993 2994
f 3002 2995 2997
f 2991 2976 2998
f 2998 2999 2990
f 2992 3000 2994
f 3006 3002 3003
f 3008 2995 3004
f 3000 3005 3003
f 3011 3004 3006
f 3012 3007 3004
f 2970 3005 3009
f 3005 3010 3006
f 3034 3007 2967
f 3016 2965 3010
f 3024 3013 3015
f 2965 3016 2966
f 3015 3014 3018
f 3022 3019 3021
f 2978 3018 2973
f 4455 3022 3023
f 4455 3023 2979
f 4456 3013 3025
f 3030 3020 3026
f 2975 2974 2998
f 3033 3027 2985
f 4457 2981 3029
f 2985 3028 2986
f 3025 3024 3030
f 3020 3024 3021
f 3021 3015 3023
f 3023 3018 2980
f 3032 2980 3031
f 2974 2975 3031
f 2993 3033 2989
f 3009 2999 2968
f 2999 3009 2992
f 3004 3011 3012
f 4458 3008 3034
f 4458 2996 3008
f 2969 3010 2970
f 3016 3010 2971
f 3083 3035 3037
f 3109 3038 3040
f 3087 3041 3043
f 3042 3041 3039
f 3104 3042 3044
f 3105 3045 3047
f 3104 3048 3042
f 3105 3047 3051
f 3058 3052 3054
f 3060 3055 3053
f 3054 3056 3058
f 3061 3059 3060
f 3065 3056 3055
f 3069 3059 3062
f 3065 3055 3063
f 3072 3064 3065
f 3073 3066 3068
f 3062 3046 3069
f 3069 3070 3059
f 3063 3071 3065
f 3078 3073 3074
f 3081 3066 3075
f 3074 3076 3078
f 3078 3079 3073
f 3083 3080 3075
f 3109 3077 3038
f 3078 3077 3079
f 3107 3080 3037
f 3087 3035 3082
f 3095 3084 3086
f 3035 3087 3036
f 3086 3085 3089
f 3093 3090 3092
f 3048 3089 3049
f 4459 3093 3094
f 4459 3094 3050
f 3084 3095 3097
f 3103 3091 3098
f 3069 3045 3070
f 3106 3099 3057
f 3102 3101 3058
f 3057 3100 3058
f 3096 3095 3103
f 3091 3095 3092
f 3092 3086 3094
f 3094 3089 3051
f 3105 3051 3104
f 3104 3044 3105
f 3064 3106 3056
f 3038 3070 3039
f 3070 3038 3063
f 3075 3079 3083
f 3081 3080 3108
f 3108 3067 3081
f 3040 3082 3109
f 3087 3082 3041
f 3161 3110 3112
f 3159 3113 3115
f 3165 3116 3118
f 3116 3114 3117
f 3117 3113 3120
f 3126 3121 3123
f 3120 3124 3117
f 3121 3126 3128
f 3134 3129 3131
f 3136 3132 3130
f 3138 3133 3131
f 3139 3135 3136
f 3132 3137 3131
f 3146 3135 3140
f 3137 3132 3141
f 3149 3142 3137
f 3150 3143 3145
f 3140 3123 3146
f 3146 3147 3135
f 3137 3141 3149
f 3155 3150 3151
f 3158 3143 3152
f 3151 3153 3155
f 3155 3156 3150
f 3110 3157 3152
f 3115 3154 3159
f 3154 3160 3155
f 3183 3157 3161
f 3165 3111 3160
f 3173 3162 3164
f 3111 3165 3112
f 3170 3164 3166
f 3171 3167 3169
f 3124 3170 3125
f 4460 3171 3172
f 4460 3172 3127
f 3162 3173 3175
f 3181 3168 3176
f 3122 3119 3146
f 3182 3177 3133
f 3180 3179 3134
f 3133 3178 3134
f 3174 3173 3181
f 3168 3173 3169
f 3169 3164 3172
f 3172 3170 3128
f 3121 3128 3120
f 3119 3122 3120
f 3142 3182 3138
f 3159 3147 3113
f 3159 3148 3147
f 3152 3156 3110
f 3158 3157 3184
f 3184 3144 3158
f 3114 3160 3115
f 3165 3160 3116
f 3235 3185 3187
f 3258 3188 3190
f 3240 3191 3193
f 3191 3190 3192
f 3192 3189 3195
f 3201 3196 3198
f 3195 3199 3192
f 3196 3201 3203
f 3210 3204 3206
f 3212 3207 3205
f 3206 3208 3210
f 3214 3211 3212
f 3207 3213 3206
f 3222 3211 3215
f 3213 3207 3216
f 3213 3217 3208
f 3226 3219 3221
f 3215 3198 3222
f 3222 3223 3211
f 3216 3224 3213
f 3229 3225 3221
f 3232 3219 3227
f 3233 3228 3229
f 3225 3230 3226
f 3185 3231 3227
f 3258 3228 3188
f 3228 3234 3225
f 3231 3185 3236
f 3240 3186 3234
f 3248 3237 3239
f 3186 3240 3187
f 3245 3239 3241
f 3246 3242 3244
f 3199 3245 3200
f 4461 3246 3247
f 4461 3247 3202
f 3237 3248 3250
f 3255 3243 3251
f 3222 3197 3223
f 3256 3252 3209
f 4462 3204 3254
f 3253 3254 3209
f 3248 3243 3249
f 3243 3248 3244
f 3247 3244 3245
f 3203 3247 3199
f 3196 3203 3195
f 3195 3194 3196
f 3218 3256 3208
f 3188 3223 3189
f 3223 3188 3216
f 3227 3230 3185
f 3232 3231 3257
f 3257 3220 3232
f 3190 3234 3258
f 3240 3234 3191
f 3329 3259 3261
f 3268 3262 3264
f 3306 3265 3267
f 3267 3266 3264
f 3276 3269 3271
f 3326 3272 3274
f 3314 3275 3276
f 3317 3273 3277
f 3282 3278 3280
f 3285 3281 3280
f 3286 3280 3283
f 3288 3284 3285
f 3289 3285 3286
f 3295 3287 3288
f 3285 3289 3288
f 3294 3291 3286
f 3324 3292 3294
f 4463 3287 3296
f 3290 3297 3288
f 4464 3290 3291
f 3300 3298 3293
f 3330 3299 3292
f 3303 3298 3301
f 3304 3300 3299
f 3330 3302 3299
f 3301 3263 3303
f 3307 3301 3304
f 3259 3302 3260
f 3329 3306 3304
f 3320 3308 3305
f 3329 3261 3306
f 3260 3308 3310
f 3322 3311 3313
f 3310 3309 3314
f 3316 3315 3312
f 3315 3316 3277
f 3305 3318 3320
f 3325 3321 3322
f 3296 3295 3323
f 3319 3318 3283
f 3278 3321 3279
f 3325 3319 3279
f 3320 3319 3322
f 3320 3322 3308
f 3308 3313 3309
f 3315 3277 3309
f 3277 3272 3275
f 3270 3269 3326
f 3283 3324 3286
f 3323 3297 3328
f 4464 3327 3290
f 3299 3259 3304
f 3330 3318 3302
f 3318 3330 3324
f 3307 3264 3301
f 3264 3307 3267
f 3379 3331 3333
f 3340 3334 3336
f 3380 3337 3339
f 3339 3338 3336
f 3347 3341 3343
f 3399 3344 3346
f 3388 3341 3348
f 3391 3345 3349
f 3355 3350 3352
f 3352 3353 3355
f 3358 3352 3356
f 3360 3357 3353
f 3363 3353 3358
f 3367 3359 3360
f 3363 3361 3353
f 3365 3362 3358
f 3402 3364 3366
f 4465 3359 3368
f 3361 3369 3360
f 4466 3361 3362
f 3364 3370 3365
f 3402 3372 3364
f 3377 3371 3374
f 3373 3375 3364
f 3372 3376 3373
f 3374 3335 3377
f 3381 3374 3375
f 3376 3378 3331
f 3375 3379 3381
f 3394 3382 3378
f 3379 3333 3380
f 3332 3382 3384
f 3398 3385 3387
f 3384 3383 3348
f 3386 3389 3387
f 3349 3390 3391
f 3378 3392 3394
f 3398 3395 3385
f 3368 3367 3397
f 3393 3392 3356
f 3396 3395 3350
f 3395 3393 3351
f 3394 3393 3398
f 3398 3387 3394
f 3382 3387 3383
f 3383 3390 3388
f 3349 3344 3388
f 3342 3341 3399
f 3356 3366 3358
f 3369 3400 3397
f 4466 3400 3361
f 3375 3373 3379
f 3372 3392 3376
f 3392 3372 3366
f 3381 3336 3374
f 3336 3381 3339
f 3451 3403 3405
f 3445 3406 3408
f 3448 3409 3411
f 3411 3410 3407
f 4467 3412 3414
f 4468 3415 3417
f 3457 3418 3412
f 3460 3416 3419
f 3469 3420 3422
f 3421 3423 3422
f 3467 3425 3420
f 3430 3426 3423
f 3432 3423 3425
f 3430 3427 3426
f 3432 3429 3423
f 3435 3431 3425
f 3466 3433 3435
f 4469 3428 3436
f 3429 3437 3430
f 3429 3432 3438
f 3434 3439 3435
f 3473 3441 3433
f 3446 3440 3442
f 3441 3443 3434
f 3473 3444 3441
f 3406 3445 3442
f 3449 3442 3443
f 3444 3447 3403
f 3451 3448 3443
f 3470 3450 3447
f 3448 3451 3409
f 3404 3450 3453
f 3464 3454 3456
f 3453 3452 3457
f 3459 3458 3455
f 3419 3458 3460
f 3470 3447 3462
f 3468 3463 3464
f 3436 3427 3465
f 3462 3461 3467
f 3463 3468 3469
f 3468 3462 3420
f 3464 3470 3468
f 3470 3464 3450
f 3450 3456 3452
f 3458 3419 3452
f 3418 3419 3413
f 4468 3414 3415
f 3467 3466 3425
f 3465 3437 3472
f 3438 3471 3429
f 3443 3441 3451
f 3473 3461 3444
f 3461 3473 3466
f 3407 3406 3449
f 3449 3448 3407
f 3519 3474 3476
f 3484 3477 3479
f 3483 3480 3482
f 3479 3483 3484
f 4470 3485 3487
f 3492 3488 3490
f 3530 3491 3485
f 3533 3488 3493
f 3540 3494 3496
f 3500 3497 3495
f 3539 3498 3494
f 3505 3499 3500
f 3498 3501 3495
f 3505 3502 3499
f 3501 3504 3500
f 3511 3501 3506
f 3516 3507 3508
f 4471 3503 3509
f 3504 3510 3505
f 3504 3501 3512
f 3507 3513 3506
f 3545 3515 3516
f 3520 3514 3517
f 3521 3513 3515
f 3545 3518 3515
f 3478 3477 3517
f 3523 3517 3521
f 3519 3518 3474
f 3521 3476 3523
f 3542 3524 3522
f 3476 3475 3480
f 3524 3525 3474
f 3541 3527 3529
f 3526 3525 3530
f 3528 3531 3529
f 3493 3532 3533
f 3542 3522 3535
f 3541 3536 3527
f 3509 3502 3538
f 3535 3534 3539
f 3537 3536 3540
f 3536 3535 3494
f 3542 3535 3541
f 3541 3529 3542
f 3524 3529 3525
f 3525 3532 3491
f 3491 3493 3486
f 3487 3486 3490
f 3539 3508 3498
f 3538 3510 3544
f 3512 3543 3504
f 3515 3519 3521
f 3545 3534 3518
f 3508 3534 3516
f 3479 3478 3523
f 3523 3480 3479
f 3588 3546 3548
f 3589 3549 3551
f 3593 3552 3554
f 3554 3553 3550
f 4472 3555 3557
f 3612 3558 3560
f 3600 3561 3555
f 3603 3559 3562
f 3567 3563 3565
f 3571 3566 3565
f 3610 3568 3564
f 3571 3569 3566
f 3574 3571 3568
f 3578 3572 3569
f 3574 3573 3571
f 3581 3574 3575
f 3609 3576 3575
f 4473 3572 3579
f 3573 3580 3569
f 4474 3573 3581
f 3584 3582 3577
f 3615 3583 3576
f 3590 3582 3585
f 3583 3586 3577
f 3615 3587 3583
f 3549 3589 3585
f 3585 3584 3591
f 3588 3587 3546
f 3548 3593 3586
f 3606 3594 3592
f 3593 3548 3552
f 3594 3595 3546
f 3608 3597 3599
f 3596 3595 3600
f 3602 3601 3598
f 3562 3601 3603
f 3592 3604 3606
f 3611 3607 3608
f 4475 3579 3580
f 3605 3604 3610
f 3607 3611 3563
f 3605 3610 3611
f 3608 3606 3611
f 3606 3608 3594
f 3599 3601 3594
f 3595 3601 3561
f 3561 3562 3556
f 3557 3556 3612
f 3610 3609 3568
f 4475 3580 3614
f 4474 3613 3573
f 3583 3588 3586
f 3587 3615 3592
f 3609 3604 3576
f 3550 3549 3591
f 3550 3591 3554
f 3685 3616 3618
f 3656 3619 3621
f 3661 3622 3624
f 3620 3624 3621
f 3623 3625 3621
f 3648 3627 3629
f 3671 3630 3623
f 3674 3628 3631
f 3637 3632 3634
f 3634 3635 3637
f 3682 3638 3633
f 3642 3639 3635
f 3638 3640 3634
f 3647 3641 3642
f 3635 3640 3642
f 3649 3640 3644
f 3681 3645 3644
f 3629 3641 3648
f 3680 3647 3643
f 3643 3640 3650
f 3652 3649 3646
f 3655 3651 3645
f 3650 3649 3653
f 3651 3654 3646
f 3658 3616 3655
f 3653 3619 3650
f 3653 3652 3657
f 3616 3658 3617
f 3654 3660 3657
f 3677 3662 3659
f 3660 3664 3661
f 3663 3662 3666
f 3679 3667 3669
f 4476 3670 3671
f 4477 3672 3668
f 3684 3673 3631
f 3659 3675 3677
f 3683 3678 3679
f 3626 3648 3680
f 3675 3681 3676
f 3632 3678 3633
f 3676 3682 3683
f 3679 3677 3683
f 3677 3679 3662
f 3662 3669 3665
f 3670 3684 3630
f 3631 3627 3630
f 3648 3626 3627
f 3681 3644 3682
f 3626 3680 3621
f 3650 3656 3643
f 3654 3651 3685
f 3655 3675 3658
f 3681 3675 3645
f 3657 3620 3653
f 3657 3661 3620
f 3724 3686 3688
f 3726 3689 3691
f 3730 3692 3694
f 3690 3694 3691
f 3693 3695 3691
f 3719 3697 3699
f 3742 3695 3700
f 3746 3698 3701
f 3707 3702 3704
f 3704 3705 3707
f 3753 3708 3703
f 3712 3709 3705
f 3708 3710 3704
f 3718 3711 3712
f 3710 3713 3705
f 3717 3714 3708
f 3752 3715 3717
f 3699 3711 3719
f 3751 3718 3713
f 3721 3713 3714
f 3722 3714 3716
f 3725 3720 3715
f 3755 3721 3722
f 3720 3723 3716
f 3728 3724 3725
f 3755 3689 3721
f 3755 3722 3727
f 3724 3728 3686
f 3734 3730 3723
f 3729 3731 3733
f 3730 3734 3692
f 3732 3736 3733
f 3750 3738 3740
f 4478 3741 3700
f 4479 3743 3739
f 3701 3744 3746
f 3731 3729 3748
f 3754 3749 3750
f 3696 3719 3751
f 3747 3752 3748
f 3749 3754 3702
f 3748 3753 3754
f 3750 3731 3754
f 3731 3750 3732
f 3732 3740 3736
f 3741 3744 3742
f 3701 3697 3742
f 3696 3695 3719
f 3752 3717 3753
f 3751 3726 3696
f 3726 3751 3721
f 3723 3720 3688
f 3728 3725 3729
f 3752 3747 3715
f 3727 3690 3755
f 3690 3727 3694
f 3820 3756 3758
f 3793 3759 3761
f 3796 3762 3764
f 3760 3764 3761
f 3763 3765 3761
f 3771 3767 3769
f 3805 3770 3763
f 3810 3767 3772
f 3778 3773 3775
f 3775 3776 3778
f 3815 3779 3774
f 3783 3780 3776
f 3779 3781 3775
f 3789 3782 3783
f 3776 3781 3783
f 3788 3785 3779
f 3814 3786 3788
f 3782 3789 3768
f 3813 3789 3784
f 3794 3784 3785
f 3787 3790 3788
f 3822 3791 3786
f 3794 3785 3792
f 3795 3790 3791
f 3792 3759 3794
f 3797 3792 3795
f 4480 3796 3795
f 4480 3798 3796
f 3756 3799 3801
f 3812 3802 3804
f 3819 3770 3806
f 4481 3807 3803
f 3772 3808 3810
f 3817 3811 3812
f 3766 3769 3813
f 3821 3814 3816
f 3773 3811 3774
f 3816 3815 3817
f 3812 3818 3817
f 3818 3812 3799
f 3799 3804 3800
f 3808 3772 3819
f 3772 3771 3770
f 3769 3766 3771
f 3814 3788 3815
f 3813 3793 3766
f 3793 3813 3794
f 3795 3791 3758
f 3814 3821 3786
f 3797 3760 3792
f 3760 3797 3764
f 3876 3823 3825
f 3872 3826 3828
f 3877 3829 3831
f 3829 3828 3830
f 3840 3832 3834
f 3841 3835 3837
f 3834 3838 3840
f 3835 3841 3843
f 3849 3844 3846
f 3850 3846 3847
f 3852 3848 3846
f 3853 3850 3851
f 3855 3852 3850
f 3893 3853 3854
f 3863 3855 3853
f 3855 3856 3852
f 3865 3858 3857
f 3893 3854 3861
f 3893 3862 3853
f 3855 3863 3856
f 3869 3865 3866
f 3871 3858 3867
f 3873 3868 3866
f 3875 3867 3869
f 3823 3870 3867
f 3826 3872 3873
f 3869 3868 3875
f 3878 3870 3876
f 3824 3875 3877
f 3888 3878 3879
f 3824 3877 3825
f 3884 3879 3880
f 3885 3881 3883
f 3838 3884 3839
f 3887 3885 3886
f 3886 3843 3887
f 3878 3888 3890
f 3894 3882 3891
f 3861 3892 3893
f 3859 3890 3848
f 3894 3891 3849
f 3848 3889 3849
f 3888 3882 3889
f 3883 3882 3879
f 3886 3883 3884
f 3886 3884 3843
f 3843 3838 3835
f 3833 3836 3834
f 3857 3859 3852
f 3896 3862 3895
f 3862 3896 3863
f 3867 3875 3823
f 3871 3870 3890
f 3890 3859 3871
f 3872 3828 3868
f 3877 3874 3829
f 3948 3897 3899
f 3945 3900 3902
f 3951 3903 3905
f 3903 3902 3904
f 3913 3906 3908
f 3914 3909 3911
f 3966 3912 3908
f 3909 3914 3916
f 3922 3917 3919
f 3923 3920 3918
f 3925 3921 3919
f 3926 3920 3924
f 4482 3925 3920
f 3965 3926 3927
f 4482 3920 3928
f 4482 3929 3925
f 3939 3931 3932
f 3965 3927 3934
f 3965 3935 3926
f 4482 3928 3929
f 3941 3937 3930
f 3943 3938 3932
f 3946 3940 3941
f 3937 3942 3932
f 3897 3944 3943
f 3900 3945 3946
f 3937 3940 3942
f 3944 3897 3949
f 3951 3898 3947
f 3960 3949 3950
f 3898 3951 3899
f 3956 3950 3952
f 3958 3953 3955
f 3966 3956 3912
f 3959 3957 3955
f 3957 3959 3915
f 3949 3960 3962
f 4483 3963 3953
f 3934 3964 3965
f 3931 3962 3921
f 4483 3917 3963
f 3921 3961 3922
f 3960 3954 3961
f 3954 3960 3955
f 3959 3955 3956
f 3916 3959 3966
f 3916 3966 3909
f 3907 3910 3908
f 3930 3931 3925
f 3935 3964 3968
f 3935 3968 3928
f 3897 3943 3898
f 3938 3944 3962
f 3962 3931 3938
f 3945 3902 3940
f 3951 3947 3903
f 4021 3969 3971
f 4019 3972 3974
f 4023 3975 3977
f 3975 3973 3976
f 4039 3978 3980
f 3986 3981 3983
f 4039 3984 3978
f 3981 3986 3988
f 4037 3989 3991
f 3995 3992 3989
f 3990 3993 3991
f 3998 3992 3996
f 4009 3993 3992
f 4004 3997 3996
f 4009 3992 3999
f 4009 4000 3993
f 4011 4002 4001
f 3997 4004 4006
f 3997 4007 3998
f 3999 4008 4009
f 4014 4010 4001
f 4017 4002 4012
f 4018 4013 4014
f 4010 4015 4011
f 3969 4016 4012
f 3974 4013 4019
f 4010 4013 4015
f 4016 3969 4022
f 3970 4015 4023
f 4032 4022 4024
f 3971 3970 3977
f 4029 4024 4025
f 4030 4026 4028
f 3984 4029 3985
f 4484 4030 4031
f 4484 4031 3987
f 4036 4022 4033
f 4038 4027 4034
f 4006 4035 3997
f 4003 4036 3994
f 4034 4037 4038
f 3994 4033 3991
f 4033 4032 4038
f 4028 4027 4024
f 4031 4028 4029
f 4031 4029 3988
f 3981 3988 4039
f 4039 3980 3981
f 4001 4003 3993
f 4041 4007 4040
f 4007 4041 3999
f 3969 4012 3970
f 4017 4016 4036
f 4036 4003 4017
f 3973 4020 3974
f 4020 3973 4023
f 4092 4042 4044
f 4114 4045 4047
f 4095 4048 4050
f 4050 4049 4046
f 4110 4051 4053
f 4111 4054 4056
f 4110 4057 4051
f 4111 4056 4060
f 4109 4061 4063
f 4067 4062 4064
f 4062 4065 4063
f 4071 4067 4068
f 4067 4069 4062
f 4076 4070 4068
f 4069 4067 4072
f 4081 4073 4069
f 4083 4074 4075
f 4070 4076 4078
f 4070 4079 4071
f 4072 4080 4069
f 4086 4082 4073
f 4088 4083 4084
f 4089 4085 4086
f 4091 4084 4082
f 4092 4087 4084
f 4114 4085 4045
f 4082 4085 4091
f 4093 4087 4044
f 4048 4042 4090
f 4104 4093 4094
f 4042 4048 4043
f 4094 4044 4097
f 4102 4098 4100
f 4057 4097 4058
f 4103 4101 4100
f 4101 4103 4059
f 4108 4093 4105
f 4485 4106 4098
f 4078 4107 4070
f 4074 4108 4066
f 4485 4109 4106
f 4066 4105 4063
f 4104 4099 4105
f 4099 4104 4100
f 4103 4100 4097
f 4060 4103 4057
f 4111 4060 4110
f 4053 4054 4110
f 4073 4074 4065
f 4113 4079 4112
f 4079 4113 4072
f 4084 4091 4092
f 4088 4087 4108
f 4088 4108 4083
f 4047 4090 4114
f 4090 4047 4048
f 4167 4115 4117
f 4165 4118 4120
f 4168 4121 4123
f 4121 4119 4122
f 4184 4124 4126
f 4132 4127 4129
f 4184 4130 4124
f 4127 4132 4134
f 4141 4135 4137
f 4143 4137 4138
f 4137 4139 4141
f 4144 4142 4138
f 4148 4139 4143
f 4486 4142 4145
f 4148 4143 4146
f 4155 4147 4148
f 4156 4149 4147
f 4486 4145 4152
f 4486 4153 4142
f 4148 4146 4155
f 4160 4156 4157
f 4163 4149 4158
f 4164 4159 4157
f 4160 4161 4156
f 4167 4162 4158
f 4120 4159 4165
f 4159 4166 4160
f 4169 4162 4117
f 4115 4161 4168
f 4178 4169 4170
f 4116 4115 4123
f 4170 4117 4172
f 4176 4173 4175
f 4130 4172 4131
f 4487 4176 4177
f 4487 4177 4133
f 4169 4178 4180
f 4183 4174 4181
f 4486 4152 4153
f 4150 4180 4140
f 4181 4135 4183
f 4179 4183 4140
f 4179 4178 4183
f 4175 4174 4170
f 4175 4170 4177
f 4134 4177 4130
f 4127 4134 4184
f 4126 4128 4184
f 4147 4150 4139
f 4186 4153 4185
f 4153 4186 4146
f 4158 4161 4167
f 4180 4163 4169
f 4163 4180 4149
f 4119 4166 4120
f 4168 4166 4121
f 4233 4187 4189
f 4257 4190 4192
f 4238 4193 4195
f 4194 4193 4190
f 4194 4190 4197
f 4203 4198 4200
f 4197 4201 4194
f 4198 4203 4205
f 4212 4206 4208
f 4213 4209 4207
f 4208 4210 4212
f 4216 4209 4214
f 4209 4215 4208
f 4222 4216 4217
f 4221 4215 4216
f 4224 4218 4215
f 4225 4219 4218
f 4222 4217 4199
f 4253 4221 4222
f 4221 4223 4215
f 4228 4225 4224
f 4230 4219 4226
f 4223 4227 4224
f 4228 4229 4225
f 4232 4230 4187
f 4257 4192 4223
f 4227 4231 4228
f 4235 4232 4233
f 4238 4234 4231
f 4249 4235 4237
f 4234 4238 4239
f 4255 4237 4240
f 4246 4241 4243
f 4201 4244 4202
f 4488 4246 4247
f 4256 4205 4248
f 4235 4249 4251
f 4254 4242 4252
f 4222 4199 4253
f 4251 4250 4220
f 4254 4252 4212
f 4250 4254 4211
f 4250 4249 4254
f 4243 4242 4237
f 4247 4243 4255
f 4205 4256 4201
f 4205 4201 4198
f 4197 4196 4198
f 4220 4211 4218
f 4257 4253 4190
f 4253 4257 4221
f 4187 4226 4188
f 4230 4232 4251
f 4230 4251 4219
f 4192 4191 4227
f 4231 4191 4238
f 4301 4258 4260
f 4325 4261 4263
f 4304 4264 4266
f 4265 4264 4261
f 4265 4261 4268
f 4273 4269 4271
f 4324 4272 4268
f 4269 4273 4275
f 4282 4276 4278
f 4283 4279 4277
f 4278 4280 4282
f 4286 4279 4284
f 4279 4285 4278
f 4293 4286 4287
f 4285 4279 4288
f 4285 4289 4280
f 4295 4291 4290
f 4293 4287 4270
f 4321 4288 4293
f 4285 4288 4289
f 4298 4295 4289
f 4300 4291 4296
f 4289 4294 4298
f 4298 4299 4295
f 4303 4300 4301
f 4325 4263 4294
f 4297 4302 4298
f 4306 4303 4260
f 4308 4299 4304
f 4323 4305 4307
f 4489 4308 4266
f 4323 4307 4310
f 4316 4311 4313
f 4324 4314 4272
f 4490 4316 4317
f 4491 4318 4274
f 4326 4306 4319
f 4322 4312 4320
f 4293 4270 4321
f 4326 4319 4292
f 4320 4276 4322
f 4319 4322 4281
f 4319 4305 4322
f 4313 4312 4323
f 4317 4313 4310
f 4275 4318 4324
f 4275 4324 4269
f 4267 4270 4268
f 4292 4281 4290
f 4321 4267 4325
f 4325 4294 4321
f 4301 4296 4258
f 4326 4300 4306
f 4300 4326 4291
f 4263 4262 4297
f 4304 4302 4264
f 4396 4327 4329
f 4390 4330 4332
f 4370 4333 4335
f 4334 4333 4330
f 4334 4330 4337
f 4389 4338 4340
f 4337 4341 4334
f 4389 4340 4344
f 4351 4345 4347
f 4352 4348 4346
f 4347 4349 4351
f 4355 4348 4353
f 4348 4354 4347
f 4361 4355 4356
f 4362 4354 4355
f 4354 4357 4349
f 4365 4359 4358
f 4356 4339 4361
f 4383 4362 4361
f 4354 4362 4357
f 4357 4364 4358
f 4393 4359 4366
f 4363 4367 4357
f 4369 4366 4364
f 4390 4332 4363
f 4364 4367 4369
f 4492 4369 4370
f 3791 3822 3820
f 4492 4370 4372
f 4387 4373 4374
f 4379 4375 4377
f 4388 4378 4341
f 4493 4379 4380
f 4494 4381 4343
f 4391 3756 4371
f 4385 4376 4382
f 4361 4338 4383
f 4392 4384 4360
f 4385 4382 4351
f 4384 4385 4350
f 4384 4386 4385
f 4377 4376 4373
f 4380 4377 4387
f 4381 4388 4344
f 4344 4341 4389
f 4337 4336 4389
f 4360 4350 4358
f 4383 4336 4390
f 4390 4363 4383
f 4396 4366 4327
f 3821 4391 3822
f 4393 4392 4359
f 4332 4331 4367
f 4370 4368 4333
f 4391 3818 3756
f 3818 4391 3816
f 4392 4393 4395
f 4396 4329 4394
f 4386 4384 4395
f 4373 4386 4329
f 4394 4393 4396

