# https://github.com/mikedh/trimesh

o v2_Body-mesh
v -0.01930972 -0.06433540 1.66319808
v -0.01956684 -0.06432937 1.66225848
v -0.01552309 -0.06458247 1.66259086
v -0.01941515 -0.06439612 1.66394276
v -0.01545153 -0.06468144 1.66390192
v -0.01539558 -0.06460689 1.66501607
v -0.02317266 -0.06390792 1.66230297
v -0.02350577 -0.06362241 1.66302076
v -0.01957602 -0.06406743 1.66503466
v -0.02700715 -0.06223544 1.66180345
v -0.02376360 -0.06322335 1.66391952
v -0.02670349 -0.06225010 1.66097708
v -0.02995059 -0.05988813 1.65989913
v -0.02782279 -0.06182087 1.66249800
v -0.02935305 -0.06011950 1.65955933
v -0.03109190 -0.05876280 1.65905239
v -0.03064458 -0.05973335 1.66070513
v -0.03026670 -0.05934032 1.65874037
v -0.03170670 -0.05730590 1.65801893
v -0.03203399 -0.05800682 1.65944422
v -0.03096882 -0.05797590 1.65789552
v -0.03206737 -0.05646080 1.65721492
v -0.03281620 -0.05667453 1.65822602
v -0.03115123 -0.05709820 1.65728078
v -0.03191302 -0.05602088 1.65644987
v -0.03307266 -0.05583964 1.65705332
v -0.03091558 -0.05655532 1.65651296
v -0.03299662 -0.05550807 1.65619917
v -0.03260258 -0.05543565 1.65509144
v -0.03132683 -0.05601326 1.65544519
v -0.03190256 -0.05560102 1.65409982
v -0.03052277 -0.05655373 1.65578134
v -0.03070341 -0.05636312 1.65464859
v -0.02780973 -0.05904153 1.65275534
v -0.02864683 -0.05807786 1.65174235
v -0.02520571 -0.06082673 1.65070900
v -0.02756589 -0.05970828 1.65363926
v -0.02468057 -0.06154195 1.65179072
v -0.01565304 -0.06370393 1.65267365
v -0.01579560 -0.06304201 1.65151401
v -0.01154642 -0.06269940 1.65200512
v -0.01606838 -0.06286244 1.65037839
v -0.01163486 -0.06249783 1.65087426
v -0.00841223 -0.06186191 1.65354828
v -0.01170979 -0.06312335 1.65304788
v -0.00791570 -0.06172347 1.65178884
v -0.00624055 -0.06062432 1.65429296
v -0.00810857 -0.06187657 1.65272191
v -0.00583694 -0.06071476 1.65356687
v -0.01542741 -0.06472379 1.66316089
v -0.01169302 -0.06361090 1.66191580
v -0.01110164 -0.06358573 1.66426032
v -0.00718717 -0.06312743 1.66268649
v -0.01125278 -0.06366595 1.66323615
v -0.00786291 -0.06263942 1.66124085
v -0.01149733 -0.06382808 1.66258621
v -0.00425941 -0.06222671 1.66105512
v -0.00757501 -0.06284555 1.66191303
v -0.00513332 -0.06166339 1.65969215
v -0.00816158 -0.06234128 1.66056213
v -0.00247612 -0.06117111 1.65956398
v -0.00466888 -0.06176070 1.66027059
v -0.00542420 -0.06145189 1.65911183
v -0.00419638 -0.06060408 1.65835973
v -0.00104110 -0.06041449 1.65845160
v -0.00188617 -0.06033993 1.65823344
v -0.00126806 -0.05985034 1.65738759
v -0.00179386 -0.05935304 1.65734210
v -0.00262527 -0.06035163 1.65793072
v -0.00291493 -0.05945852 1.65777753
v -0.00060727 -0.05994700 1.65760110
v -0.00107214 -0.05970252 1.65636254
v -0.00171002 -0.05910829 1.65658635
v -0.00230279 -0.05895843 1.65711741
v -0.00047284 -0.06001013 1.65630687
v -0.00133231 -0.05969110 1.65551581
v -0.00214368 -0.05921089 1.65574138
v -0.00251231 -0.05864395 1.65653432
v -0.02580966 -0.05946185 1.64968119
v -0.00515379 -0.06077743 1.65275534
v -0.00744037 -0.06154789 1.65067746
v -0.01137027 -0.06207871 1.64955678
v -0.01612361 -0.06210814 1.64903125
v -0.01588072 -0.06150491 1.64770160
v -0.03297713 -0.05510408 1.65357152
v -0.03377534 -0.05493910 1.65474600
v -0.03427612 -0.05514318 1.65697440
v -0.03402272 -0.05597278 1.65823997
v -0.03306519 -0.05726719 1.65974041
v -0.03138190 -0.05921042 1.66148878
v -0.02409853 -0.06286170 1.66435307
v -0.01969413 -0.06395992 1.66549046
v -0.01514499 -0.06445545 1.66548028
v -0.00385292 -0.06268734 1.66193251
v -0.00697284 -0.06352333 1.66345996
v -0.02817155 -0.06136172 1.66301888
v -0.02935710 -0.06106202 1.66407924
v 0.00035474 -0.06019991 1.65774045
v -0.00072393 -0.06001449 1.65518154
v -0.00004505 -0.06014291 1.65483886
v -0.00177931 -0.06169617 1.66036157
v -0.00016470 -0.06083611 1.65906169
v 0.00080861 -0.06132812 1.65986670
v -0.00304952 -0.06098216 1.65916286
v -0.00349525 -0.06106350 1.65868747
v -0.00070417 -0.06234008 1.66154999
v 0.00274270 -0.06214407 1.66118606
v 0.00158716 -0.06040938 1.65807095
v 0.00361462 -0.06114334 1.65901620
v 0.00152761 -0.06033147 1.65639043
v 0.00357798 -0.06117882 1.65697075
v 0.00091514 -0.06031969 1.65469408
v 0.00279500 -0.06128624 1.65518342
v 0.00620851 -0.06693507 1.66501518
v 0.00343188 -0.06468108 1.66433082
v 0.00499048 -0.06389548 1.66191680
v 0.00803790 -0.06598689 1.65860025
v 0.00564734 -0.06332771 1.65920746
v 0.00532465 -0.06323319 1.65677296
v 0.00719471 -0.06623452 1.65616752
v 0.00454291 -0.06326977 1.65460864
v 0.00764724 -0.06657667 1.66197059
v 0.00915404 -0.06801769 1.66461495
v 0.01032409 -0.06777907 1.66166145
v 0.01072487 -0.06811017 1.65852963
v 0.01034124 -0.06959547 1.65487970
v 0.00632805 -0.06622181 1.65343970
v 0.01250020 -0.06857469 1.66438284
v 0.01029404 -0.07615969 1.64715847
v 0.01339071 -0.07655133 1.64858464
v 0.01287403 -0.07301546 1.65227353
v 0.01295339 -0.06867896 1.66179881
v 0.01302340 -0.07102635 1.65542106
v 0.00924015 -0.07127658 1.65093923
v 0.01583678 -0.06896874 1.66376998
v 0.01698092 -0.07618829 1.64914537
v 0.01651056 -0.07302585 1.65276463
v 0.01582487 -0.06919343 1.66164197
v 0.01313658 -0.06958470 1.65887873
v 0.01599422 -0.07000187 1.65880911
v -0.01544689 -0.06103731 1.64685110
v -0.00978997 -0.06147724 1.64715382
v -0.01072620 -0.06170768 1.64825314
v -0.00658549 -0.06142041 1.64958179
v -0.00322966 -0.06091847 1.65133669
v -0.00534931 -0.06141725 1.64878420
v -0.02722371 -0.05754602 1.64850196
v -0.02641482 -0.05816791 1.64902837
v -0.03025962 -0.05593954 1.64998568
v -0.03574525 -0.05457169 1.65689361
v -0.03553036 -0.05511459 1.65832719
v -0.03750186 -0.05430605 1.65849620
v -0.03711353 -0.05349307 1.65418250
v -0.03543362 -0.05430810 1.65446940
v -0.03583069 -0.05437532 1.65566988
v -0.03447586 -0.05647946 1.66002177
v -0.03644864 -0.05574178 1.66056678
v -0.03771072 -0.05377366 1.65687689
v -0.03260347 -0.05848212 1.66196505
v -0.03438106 -0.05781454 1.66252025
v -0.02497931 -0.06287062 1.66590741
v -0.02565841 -0.06371804 1.66714320
v -0.00925105 -0.06576926 1.66788789
v -0.01013205 -0.06429046 1.66619242
v -0.00619595 -0.06401618 1.66463078
v -0.02013824 -0.06448247 1.66699378
v -0.01425814 -0.06630983 1.66868548
v -0.01494216 -0.06497726 1.66728432
v -0.00490348 -0.06506129 1.66649979
v -0.00286999 -0.06334228 1.66311827
v -0.02021019 -0.06572422 1.66827229
v -0.00134437 -0.06398629 1.66497246
v -0.03041192 -0.06103788 1.66497423
v 0.00437037 -0.06774824 1.66751366
v 0.00771758 -0.06921015 1.66779967
v 0.01173432 -0.06905072 1.66726949
v 0.01578287 -0.06938544 1.66779314
v -0.00458471 -0.07064058 1.67269092
v -0.00744911 -0.06796708 1.66983958
v -0.00263468 -0.06721473 1.66827871
v -0.01141399 -0.07082711 1.67359621
v -0.01310619 -0.06850309 1.67043097
v -0.02778548 -0.06649478 1.67179217
v -0.02664538 -0.06522739 1.66887209
v -0.02005872 -0.06737777 1.67004656
v -0.03301616 -0.06145031 1.66630853
v -0.01992302 -0.06922278 1.67332050
v 0.00096545 -0.06567381 1.66663350
v 0.00092139 -0.06920894 1.67018403
v -0.04155646 -0.05088625 1.65481938
v -0.03949949 -0.05250201 1.65507108
v -0.03972557 -0.05259699 1.65702366
v -0.03958063 -0.05348202 1.65912578
v -0.04163045 -0.05217091 1.66000782
v -0.04089373 -0.05130499 1.65281754
v -0.03889649 -0.05259699 1.65388720
v -0.03869006 -0.05512377 1.66120277
v -0.04083451 -0.05396539 1.66283503
v -0.03658036 -0.05763562 1.66355559
v -0.03888215 -0.05691177 1.66604388
v -0.03527229 -0.06192876 1.66896031
v -0.03654179 -0.06162774 1.67327589
v -0.04107315 -0.05574484 1.66944212
v -0.01007482 -0.07214685 1.67855343
v -0.00029519 -0.07251361 1.67824142
v -0.04418980 -0.04907616 1.65425766
v -0.04193859 -0.05134483 1.65725200
v -0.04453763 -0.04927616 1.65779336
v -0.04313426 -0.04949324 1.65152419
v -0.04435185 -0.05006027 1.66147384
v -0.01926451 -0.07094883 1.67753481
v -0.04190118 -0.05009573 1.65001723
v -0.03979253 -0.05170248 1.65185293
v -0.04309281 -0.05202299 1.66525559
v -0.02838456 -0.06706423 1.67589889
v 0.00521834 -0.07126758 1.67267421
v 0.01076085 -0.07077641 1.67310599
v 0.01574612 -0.07041672 1.67399180
v -0.03705459 -0.06058886 1.67748013
v -0.02862818 -0.06605254 1.68067227
v -0.01952622 -0.06990549 1.68286348
v 0.01558956 -0.07065339 1.68116525
v -0.00081967 -0.07196543 1.68517258
v 0.00855004 -0.07196515 1.68091832
v -0.01031307 -0.07136368 1.68417731
v -0.01075304 -0.07035292 1.68931550
v -0.03730279 -0.05852000 1.68116902
v 0.00840515 -0.07110018 1.68616797
v -0.02896323 -0.06422305 1.68520878
v -0.00088442 -0.07106833 1.69079458
v 0.00801759 -0.06986259 1.69185305
v 0.01533925 -0.06984913 1.68715959
v -0.04548398 -0.04057734 1.69783532
v -0.03761199 -0.04961729 1.70642476
v -0.03996891 -0.04569563 1.71077565
v -0.02734435 -0.05612580 1.71196972
v -0.02919483 -0.05274053 1.71729829
v -0.01673116 -0.05976751 1.71624535
v -0.01810160 -0.05665309 1.72235014
v -0.04604570 -0.04666414 1.64977959
v -0.04770160 -0.04566555 1.65860113
v -0.04717296 -0.04590212 1.65369970
v -0.04296823 -0.05389493 1.67271782
v -0.04456081 -0.04765511 1.64755771
v -0.04616900 -0.04944282 1.66742733
v -0.04426634 -0.05151845 1.67579584
v -0.04755626 -0.04706255 1.66305884
v -0.04830720 -0.04609738 1.66958612
v -0.05021657 -0.04300719 1.66404304
v -0.05628190 -0.02475843 1.67703905
v -0.05204762 -0.03202615 1.68792088
v -0.05364474 -0.02700687 1.69037397
v -0.05003062 -0.02989973 1.70507939
v -0.05553567 -0.02116002 1.69314186
v -0.05081017 -0.03710526 1.68518099
v -0.06000157 -0.01555126 1.66624998
v -0.05743684 -0.02011628 1.67859793
v -0.05896700 -0.01474963 1.68047447
v -0.04702874 0.02454594 1.75045180
v -0.03586932 0.02652690 1.75833287
v -0.04479629 0.05632264 1.75271087
v 0.01935444 -0.09181966 1.62936584
v 0.01548297 -0.09152329 1.62940945
v 0.01600767 -0.09233749 1.62733246
v 0.00541897 -0.08226422 1.62864529
v 0.00866935 -0.08758697 1.62877623
v 0.00810990 -0.08383002 1.63310299
v 0.00285776 -0.07640379 1.62832032
v 0.00536009 -0.07866810 1.63243911
v 0.00824012 -0.08090417 1.63628959
v 0.00571851 -0.07684640 1.63551060
v 0.00307891 -0.07414877 1.63108256
v 0.01205918 -0.09024588 1.62931758
v 0.01483364 -0.08922222 1.63307145
v 0.01861424 -0.08701512 1.63586058
v 0.01462765 -0.08661660 1.63626546
v 0.01128173 -0.08447290 1.63640659
v 0.01154482 -0.08754406 1.63314760
v 0.01241945 -0.09118996 1.62696388
v 0.01897197 -0.08932268 1.63265361
v -0.00214694 -0.06796402 1.62739555
v -0.00074762 -0.06912361 1.62564629
v 0.00119036 -0.07121466 1.62908636
v 0.01271869 -0.08731872 1.61921564
v 0.01342331 -0.08854145 1.61930839
v 0.01105759 -0.08878118 1.62147836
v 0.00019597 -0.07459695 1.62161672
v -0.00082017 -0.07019824 1.61891292
v 0.00120801 -0.07193618 1.61721746
v 0.01544185 -0.08889465 1.61883588
v 0.01756345 -0.08932890 1.61837156
v 0.01702021 -0.09165643 1.62118582
v 0.01421232 -0.08537001 1.61757120
v 0.01514179 -0.08595775 1.61689071
v 0.01936091 -0.08949362 1.61834655
v 0.01958753 -0.09200935 1.62119612
v 0.01647559 -0.08519629 1.61605317
v 0.01757324 -0.08483057 1.61532342
v 0.01374905 -0.08188131 1.61577457
v 0.01473159 -0.08202430 1.61460564
v 0.01618831 -0.08145180 1.61350355
v 0.01734557 -0.08079897 1.61275986
v 0.01191589 -0.07872557 1.61423241
v 0.01258282 -0.07907877 1.61176171
v 0.01884008 -0.08441645 1.61506243
v 0.00488028 -0.07394181 1.61103097
v 0.00855989 -0.07651800 1.61083318
v 0.00860383 -0.07581142 1.61312003
v 0.00548320 -0.07317980 1.61314704
v 0.00584087 -0.07340877 1.61484704
v 0.00423075 -0.07261649 1.61558707
v 0.01001284 -0.08599257 1.62007533
v 0.01034157 -0.08731947 1.62071973
v 0.00765936 -0.08527763 1.62098161
v 0.00403663 -0.07713684 1.61863067
v 0.00565170 -0.08072015 1.61972534
v 0.00502271 -0.08111763 1.62056466
v 0.00362453 -0.07410299 1.61695469
v 0.00272771 -0.07650100 1.61929544
v 0.01203267 -0.08627491 1.61922671
v 0.01334073 -0.08441896 1.61795384
v 0.01299966 -0.08133713 1.61692868
v 0.01123751 -0.07813347 1.61603734
v 0.00880007 -0.07556462 1.61525281
v 0.00236084 -0.07293570 1.61703272
v 0.00103020 -0.07580129 1.62022398
v 0.00359802 -0.08120835 1.62182646
v 0.01956484 -0.09277303 1.62561287
v 0.01636198 -0.09266003 1.62596661
v 0.01679397 -0.09272726 1.62403074
v 0.00735199 -0.08608643 1.62213383
v 0.00565439 -0.08452982 1.62636309
v 0.00090424 -0.07230656 1.62709194
v 0.00070124 -0.07337153 1.62537799
v -0.00045126 -0.06980939 1.62457852
v -0.00032962 -0.07068022 1.62388774
v 0.00329845 -0.07165857 1.61466419
v -0.00786031 -0.06684082 1.62612168
v -0.01212774 -0.06568394 1.63029061
v -0.01493072 -0.06585393 1.62369460
v 0.01528634 -0.07957087 1.61076168
v 0.01687428 -0.07942110 1.61015358
v 0.01842336 -0.08032535 1.61230207
v 0.00523408 -0.07413735 1.61635766
v 0.00487908 -0.07525451 1.61715437
v 0.01202259 -0.08044680 1.61805589
v 0.01066820 -0.07763292 1.61766506
v 0.00963784 -0.08429213 1.61950065
v 0.01126308 -0.08449992 1.61910042
v 0.01214634 -0.08312753 1.61839945
v 0.00792224 -0.08417152 1.62018214
v 0.00811881 -0.08258399 1.61972623
v 0.00874274 -0.07546406 1.61701324
v 0.00524739 -0.07716218 1.61895000
v 0.00656591 -0.07427551 1.61613020
v 0.01835318 -0.07917970 1.60972279
v 0.01645766 -0.07926140 1.60743218
v -0.00611486 -0.06937774 1.59189574
v -0.00544130 -0.06927755 1.59070168
v -0.00370029 -0.07183341 1.59304520
v -0.00252886 -0.06930625 1.58307608
v 0.00193338 -0.07187388 1.58150691
v 0.00159834 -0.07248808 1.58283368
v 0.00184688 -0.07097176 1.61336796
v 0.00666320 -0.07976519 1.61961023
v -0.00424143 -0.06796903 1.58527006
v -0.00499667 -0.06766032 1.58411042
v 0.01893605 -0.08195512 1.59994394
v 0.01706504 -0.08198029 1.60007023
v 0.01697893 -0.08261278 1.59907949
v 0.01839436 -0.07895973 1.60710533
v 0.01660304 -0.07966250 1.60364489
v 0.00990553 -0.07713841 1.61956562
v 0.00874683 -0.07576341 1.61823974
v 0.00568194 -0.07586582 1.61786651
v 0.00747286 -0.07526194 1.61817012
v 0.00635904 -0.07530716 1.61804294
v 0.00957055 -0.08290581 1.61932610
v 0.01037533 -0.08261751 1.61942915
v 0.01120912 -0.08184213 1.61978378
v 0.00859298 -0.08125755 1.62059621
v 0.01093529 -0.07953567 1.61973652
v 0.00728491 -0.07881712 1.62013476
v 0.00833730 -0.07837201 1.62079500
v 0.00623225 -0.07691743 1.61952666
v 0.00711108 -0.07658642 1.62018778
v 0.00946224 -0.08076351 1.62087480
v 0.00950347 -0.07871089 1.62066594
v 0.00860438 -0.07658939 1.62032979
v 0.01009962 -0.08059990 1.62079311
v -0.00615543 -0.06689607 1.58198230
v -0.00340858 -0.06836735 1.58020149
v 0.00185717 -0.07132849 1.57830923
v -0.00507139 -0.06916279 1.59033498
v -0.00324178 -0.07155523 1.59211401
v 0.01428260 -0.07998172 1.60442477
v -0.00280795 -0.07108764 1.59126351
v -0.00044346 -0.07399335 1.59280944
v -0.00219100 -0.07066908 1.59079454
v -0.00013426 -0.07326067 1.59194035
v -0.00186442 -0.07018608 1.59040560
v -0.00154870 -0.06961098 1.59001090
v 0.00019425 -0.07187797 1.59094131
v -0.00106849 -0.06890607 1.58989302
v 0.00074319 -0.07090175 1.59053089
v -0.00064247 -0.06774081 1.58974725
v 0.00157642 -0.06997940 1.59022640
v -0.00589803 -0.06716831 1.58777518
v -0.00539016 -0.06726887 1.58668140
v -0.00511793 -0.06730155 1.58715679
v -0.00479811 -0.06702579 1.58798869
v -0.00534024 -0.06718381 1.58798028
v -0.00422875 -0.06630463 1.58796645
v -0.00444502 -0.06680834 1.58780208
v -0.00434386 -0.06681325 1.58752626
v -0.00405929 -0.06466937 1.58834333
v -0.00423534 -0.06614697 1.58749194
v -0.00352469 -0.06799114 1.58659684
v -0.00378308 -0.06805575 1.58603423
v -0.00197367 -0.06982833 1.58572874
v -0.00218956 -0.06471514 1.58859314
v -0.00340437 -0.06377951 1.58784945
v -0.00305832 -0.06596702 1.58817166
v -0.00434669 -0.06890662 1.59006480
v -0.00362198 -0.06865054 1.58979462
v -0.00277491 -0.06782540 1.58940368
v -0.00248204 -0.06713721 1.58937402
v -0.00740572 -0.06692096 1.58706116
v -0.00691826 -0.06676664 1.58557932
v -0.00586838 -0.06707416 1.58618930
v -0.00309280 -0.06781230 1.58715956
v -0.00162440 -0.06982350 1.58667022
v -0.00144532 -0.06712950 1.58903510
v -0.00289639 -0.06720062 1.58759599
v -0.00222963 -0.06975137 1.58441403
v 0.01160565 -0.08183377 1.60072105
v 0.01098410 -0.08180602 1.59930418
v 0.01421398 -0.08233163 1.59981112
v 0.00215901 -0.07657928 1.59453081
v 0.00237125 -0.07577614 1.59346768
v 0.00481294 -0.07766848 1.59458648
v 0.00236837 -0.07479500 1.59266732
v 0.00246854 -0.07389492 1.59187538
v 0.00516634 -0.07549934 1.59261254
v 0.01167067 -0.07994244 1.60396521
v 0.01197478 -0.07863633 1.60790192
v 0.00840039 -0.07758622 1.60744613
v 0.00162274 -0.07650194 1.59683537
v 0.00206493 -0.07687908 1.59594026
v 0.00471439 -0.07900959 1.59735802
v 0.00766877 -0.07800951 1.59423373
v 0.00772084 -0.07665987 1.59322717
v 0.01052061 -0.07744036 1.59345650
v 0.00786590 -0.08025451 1.59697372
v 0.00786556 -0.07913159 1.59542027
v 0.01061524 -0.08036213 1.59604519
v 0.01058718 -0.07904459 1.59466639
v 0.01318788 -0.07786895 1.59356796
v 0.01086738 -0.08126267 1.59768675
v 0.01356985 -0.08084986 1.59616960
v 0.01335745 -0.07955434 1.59478616
v 0.01600220 -0.07791796 1.59347609
v 0.01392199 -0.08182606 1.59791144
v 0.01659922 -0.08107687 1.59581585
v 0.01628079 -0.07969500 1.59451686
v 0.01869968 -0.07778863 1.59346303
v 0.01910490 -0.08200564 1.59725320
v 0.01668091 -0.08209672 1.59736554
v 0.00793552 -0.07510409 1.59221518
v 0.01041070 -0.07546787 1.59222348
v 0.01344483 -0.07577642 1.59206099
v 0.01597186 -0.07576638 1.59195607
v 0.01848501 -0.07565905 1.59193935
v 0.00489286 -0.07861221 1.59585205
v 0.00815910 -0.08068905 1.59849641
v 0.00149391 -0.07284277 1.58489772
v 0.00237213 -0.07028608 1.58980480
v -0.00149667 -0.06887217 1.58820220
v -0.00148887 -0.06956984 1.58749748
v 0.00164560 -0.07290961 1.58658112
v 0.00624271 -0.07568747 1.58437784
v 0.00189066 -0.07289457 1.58789118
v 0.00649014 -0.07589554 1.58663027
v 0.00709481 -0.07520985 1.58903046
v 0.00203947 -0.07198029 1.58877422
v 0.00733760 -0.07436075 1.59019939
v 0.00700870 -0.07584225 1.58803972
v 0.01318356 -0.07791444 1.58668505
v 0.01296081 -0.07789569 1.58434995
v 0.01382846 -0.07388611 1.57931104
v 0.00681257 -0.07326049 1.58006967
v 0.00726643 -0.07253599 1.57725164
v 0.01282140 -0.07687417 1.58140297
v 0.01342867 -0.07606675 1.59040184
v 0.00004898 -0.07233367 1.59142777
v -0.00458178 -0.06713293 1.58735082
v -0.00308461 -0.06841109 1.58961266
v 0.00489748 -0.07659497 1.59359674
v 0.01887833 -0.07948990 1.59440363
v 0.00782312 -0.07388425 1.59093201
v 0.00246754 -0.06808277 1.59042597
v 0.01344251 -0.07677500 1.58951238
v 0.00834488 -0.07286041 1.59135538
v 0.01034838 -0.07318723 1.59134708
v 0.01341218 -0.07217982 1.59120308
v 0.00661788 -0.07250071 1.59137210
v 0.00827809 -0.07223200 1.59103882
v 0.00132888 -0.06522888 1.58873703
v 0.00246754 -0.06808277 1.59042597
v 0.01613257 -0.07216366 1.59082520
v 0.01810182 -0.07213814 1.59051606
v -0.00460302 -0.06255353 1.58876304
v -0.00405929 -0.06466937 1.58834333
v -0.00435321 -0.06445267 1.58785687
v 0.01613257 -0.07216366 1.59082520
v 0.01614398 -0.07179181 1.59229321
v 0.01803187 -0.07186934 1.59198673
v -0.00109777 -0.06643759 1.59049559
v -0.00064247 -0.06774081 1.58974725
v -0.00213256 -0.06615643 1.58942228
v 0.00834488 -0.07286041 1.59135538
v 0.00845695 -0.07173554 1.59269057
v 0.01040201 -0.07227861 1.59232011
v -0.00340437 -0.06377951 1.58784945
v -0.00218956 -0.06471514 1.58859314
v -0.00187665 -0.06315900 1.58739819
v 0.00704855 -0.06992917 1.58816878
v 0.00009502 -0.06299169 1.58633596
v 0.01341218 -0.07217982 1.59120308
v 0.01334649 -0.07184538 1.59220500
v 0.00782312 -0.07388425 1.59093201
v 0.01352209 -0.07537401 1.59083074
v 0.01284160 -0.07358276 1.59079919
v 0.00709509 -0.07117955 1.59214921
v 0.00204274 -0.06856614 1.59099787
v 0.01612876 -0.07090853 1.59605726
v 0.01787685 -0.07130537 1.59539248
v 0.01140614 -0.07052701 1.59606744
v 0.01387042 -0.07079888 1.59607021
v 0.01195353 -0.07179923 1.58797010
v 0.00716084 -0.06845946 1.59516038
v 0.00879974 -0.06974041 1.59556604
v -0.00452632 -0.06200415 1.58687355
v -0.00305932 -0.06137658 1.58511776
v -0.00312733 -0.06513548 1.59426251
v -0.00231613 -0.06473873 1.58998588
v 0.00097840 -0.06593555 1.59472118
v 0.00674837 -0.06882491 1.58381512
v -0.00867444 -0.06027307 1.59101281
v -0.00568840 -0.06196459 1.58822921
v 0.00116938 -0.06322261 1.58201107
v -0.00960674 -0.05992601 1.58928769
v -0.01042646 -0.05860106 1.58955787
v 0.01615438 -0.07053509 1.60059664
v 0.01767236 -0.07072748 1.60065697
v 0.01153652 -0.07031086 1.60089837
v 0.01381170 -0.07052321 1.60070522
v 0.01237258 -0.07118625 1.58338898
v 0.00707904 -0.06904636 1.60105344
v 0.00887102 -0.06995832 1.60107015
v -0.00602266 -0.06014319 1.58188013
v -0.00624891 -0.06060307 1.58552818
v -0.00474686 -0.06320441 1.59372768
v -0.00568690 -0.06340161 1.59845368
v -0.00370599 -0.06534894 1.59955953
v -0.00003060 -0.06737981 1.60063284
v 0.00679525 -0.06749273 1.57946057
v 0.00194556 -0.06269151 1.57846984
v 0.00654145 -0.06246570 1.57330276
v -0.00240301 -0.06127269 1.58094607
v -0.00921425 -0.05943243 1.59355313
v -0.01145942 -0.05717434 1.59037306
v 0.01604680 -0.07063863 1.60525114
v 0.01757081 -0.07084150 1.60512585
v 0.01143674 -0.07050111 1.60565127
v 0.01368125 -0.07051347 1.60572565
v 0.00699492 -0.06941014 1.60600225
v 0.00894175 -0.07002935 1.60591503
v -0.00575132 -0.05951673 1.57934070
v -0.00676370 -0.06331238 1.60353155
v -0.00450756 -0.06529759 1.60502092
v -0.00024539 -0.06746774 1.60574878
v 0.00024417 0.01246794 1.54713619
v 0.00913960 0.01260956 1.54611480
v 0.00732432 0.02441300 1.56194466
v -0.00828500 -0.06201195 1.60936252
v -0.00556393 -0.06485247 1.61128820
v -0.00121388 -0.06707722 1.61248780
v 0.00642678 -0.02125301 1.56126771
v 0.01282666 -0.02110346 1.55904860
v 0.00823116 -0.06942695 1.61255742
v 0.01095809 -0.06956845 1.61265394
v 0.00645489 -0.05374766 1.56898717
v 0.00149634 -0.05156433 1.56981731
v 0.00252394 -0.06013343 1.57322484
v -0.00190460 -0.06084559 1.57777441
v 0.01074253 -0.03809317 1.56246366
v -0.01016729 -0.05833848 1.59643701
v -0.01307238 -0.05479007 1.59111486
v 0.01585919 -0.06955248 1.61113778
v 0.01719780 -0.06887245 1.61049150
v 0.01299429 -0.05608736 1.56561218
v 0.01662872 -0.05428786 1.56506894
v 0.01389654 -0.06973566 1.61192231
v 0.01303137 -0.07032972 1.57926743
v 0.01446677 -0.06515785 1.57222668
v 0.00652280 -0.06924608 1.61267718
v -0.00604718 -0.05712522 1.57612355
v 0.01506630 -0.06018655 1.62034739
v 0.01585316 -0.05950159 1.61931028
v 0.01768294 -0.06461023 1.57192772
v 0.00997964 -0.06029536 1.62223500
v 0.01263075 -0.06040343 1.62149043
v 0.00529327 -0.05936650 1.62193604
v 0.00692381 -0.05980280 1.62238642
v -0.00164621 -0.05892806 1.57339285
v -0.00315650 -0.05120564 1.57085530
v -0.00631404 -0.05692949 1.61825556
v -0.00217528 -0.05754184 1.62019332
v 0.00330957 -0.03840263 1.56558894
v 0.01836614 -0.07267480 1.58273904
v -0.01235752 -0.05634278 1.59960126
v -0.01748254 -0.04965089 1.59328295
v -0.00233682 -0.03817385 1.56948581
v 0.01815628 -0.07186841 1.58715214
v -0.01585100 -0.05137713 1.60329756
v -0.02089040 -0.03960948 1.59557534
v 0.01308085 -0.04469806 1.62935378
v 0.01383699 -0.04442397 1.62778095
v 0.01825949 -0.07343727 1.59040925
v 0.00723273 -0.04485247 1.63196372
v 0.01014771 -0.04475934 1.63093679
v 0.00253307 -0.04458413 1.63160908
v 0.00422627 -0.04473864 1.63195265
v -0.00816375 -0.05088940 1.57495461
v -0.00687117 -0.03782382 1.57322661
v -0.00993104 -0.05590407 1.61593805
v -0.01319568 -0.04422797 1.62326005
v -0.00849486 -0.04417941 1.62573728
v -0.00517709 -0.04414867 1.62751819
v 0.01855070 -0.07599340 1.59093666
v -0.00124775 -0.02172989 1.56365019
v -0.01723196 0.00749567 1.56229741
v -0.00788980 -0.02165373 1.56696497
v 0.01864157 -0.07666415 1.59051330
v 0.01855070 -0.07599340 1.59093666
v -0.02069388 -0.04087056 1.60830869
v -0.02617680 -0.02240157 1.59767657
v 0.01020200 -0.02290120 1.63294604
v 0.01127846 -0.02372026 1.63125998
v 0.01870605 -0.07706933 1.58988749
v 0.00246306 -0.02297281 1.63595533
v 0.00631349 -0.02286716 1.63486531
v -0.00502938 -0.02345048 1.63490150
v -0.00151217 -0.02342424 1.63622363
v -0.01221938 -0.03835695 1.57633894
v -0.01247971 -0.02127924 1.57274945
v -0.01562437 -0.02438277 1.62930552
v -0.01236018 -0.02403887 1.63171866
v 0.01878380 -0.07742495 1.58851422
v 0.00712365 -0.00169069 1.62884308
v 0.00882841 -0.00233018 1.62735283
v 0.01337322 -0.07751008 1.58834244
v 0.01886887 -0.07772010 1.58657924
v -0.00020493 -0.00103456 1.63070656
v 0.00336785 -0.00103274 1.62998512
v -0.00995727 0.01257193 1.55777750
v -0.00718590 -0.00176513 1.62912533
v -0.00399759 -0.00138781 1.63069638
v -0.02164178 -0.00139705 1.57857288
v -0.01702209 -0.02242913 1.57648194
v -0.01810320 -0.00250400 1.62425267
v -0.01954382 -0.02449367 1.62583390
v -0.01444569 -0.00230549 1.62659342
v 0.01897678 -0.07812864 1.58428032
v -0.01095254 0.02316941 1.56914313
v -0.01973923 0.00086374 1.57050344
v 0.01899272 -0.07757220 1.58108542
v -0.02991400 -0.00182169 1.60754541
v -0.02625799 -0.02376653 1.61077939
v -0.01685629 0.01669116 1.61407734
v -0.02221480 -0.00255011 1.62067800
v -0.01306081 0.01667423 1.61569101
v -0.00349154 0.01664993 1.61832983
v -0.00084945 0.01716865 1.61866598
v -0.01561419 0.02327793 1.57531301
v -0.02869935 0.01799447 1.60300978
v -0.02826027 -0.00101037 1.59768952
v 0.00501533 0.01685552 1.61757220
v 0.00692054 0.01591742 1.61694362
v 0.00260822 0.01727269 1.61830759
v 0.00022640 0.02410674 1.56293993
v -0.00632931 0.01634837 1.61732427
v -0.01675884 0.02304782 1.58450037
v -0.01012513 0.02711680 1.58774076
v -0.00272051 0.02740308 1.58582537
v -0.00726787 0.02782247 1.58611868
v 0.00634288 0.02752224 1.58564794
v -0.02131610 0.01695703 1.61168368
v -0.01232293 0.02708050 1.60060494
v -0.01066344 0.02713130 1.60130691
v -0.00964376 0.02748759 1.60364666
v -0.00672938 0.02797367 1.60445820
v -0.01912244 0.02735300 1.59822811
v -0.02746854 0.02068980 1.59721977
v 0.00418333 0.02708027 1.60253805
v 0.00596035 0.02717060 1.60212586
v 0.00000952 0.02868392 1.60463651
v 0.00226300 0.02865571 1.60443319
v -0.00507532 0.02417586 1.56509031
v 0.00139817 0.02838640 1.58478637
v -0.00405896 0.02790471 1.60278133
v -0.00220478 0.02803249 1.60283424
v -0.01206432 0.02728426 1.58962195
v -0.01066344 0.02713130 1.60130691
v -0.00591934 -0.06092200 1.71945420
v 0.01391319 -0.07244760 1.57662583
v 0.00759760 -0.07125756 1.57300291
v -0.01176680 -0.06557995 1.58674914
v -0.01101348 -0.06493567 1.58357283
v -0.00921137 -0.06615765 1.58463219
v -0.00755138 -0.06562284 1.57944474
v -0.00361551 -0.06754620 1.57717084
v -0.00645760 -0.06707666 1.58728673
v 0.00283834 -0.07005452 1.57426748
v 0.00586276 -0.05356559 1.54392734
v 0.00524199 -0.04719096 1.54214742
v 0.01178551 -0.04860820 1.54160330
v -0.03598759 -0.01167420 1.56213027
v -0.03633391 -0.01966612 1.56536702
v -0.04194716 -0.01312057 1.57141703
v -0.04479065 0.01478982 1.57075314
v -0.04924885 0.02282225 1.57591745
v -0.04783912 0.02762080 1.56433732
v -0.04374723 0.01932124 1.56010619
v -0.04711607 0.03141257 1.55139699
v -0.04316093 0.02339936 1.54751683
v -0.04798046 0.03429668 1.53892086
v -0.04439395 0.02623946 1.53503241
v -0.05063523 0.03704076 1.52760538
v -0.05262860 0.03255539 1.51318785
v -0.04768483 0.02889074 1.52342162
v -0.06081271 0.03632574 1.50479620
v -0.05633747 0.04065456 1.51800107
v -0.03681262 0.00362498 1.55964751
v -0.04083385 0.00879914 1.56471055
v -0.04014240 0.01281898 1.55557056
v -0.03521584 0.00771034 1.55137098
v -0.04026216 0.01707307 1.54415756
v -0.03591094 0.01186466 1.54096819
v -0.04167173 0.01980449 1.53176600
v -0.03778438 0.01454637 1.52865743
v -0.04476923 0.02246185 1.51988226
v -0.04625998 0.01993703 1.50592795
v -0.04066378 0.01702051 1.51641895
v -0.05319464 0.02376024 1.49599225
v -0.04965761 0.02573718 1.50930028
v -0.04676925 -0.00828815 1.58010210
v -0.04577901 -0.00090108 1.57645593
v 0.00424299 -0.04008645 1.54077782
v 0.00302257 -0.03105959 1.53910571
v 0.00951720 -0.03285603 1.53858294
v 0.00302257 -0.03105959 1.53910571
v 0.00199166 -0.02014057 1.53584295
v 0.00841954 -0.02069769 1.53580488
v 0.00098476 -0.01292926 1.52702417
v 0.00711501 -0.01409321 1.52682450
v 0.00087485 -0.01240456 1.51433542
v 0.00695751 -0.01387677 1.51378023
v -0.01342335 -0.00410538 1.50446282
v -0.00654438 -0.00664227 1.50334313
v -0.00544080 -0.00913583 1.51561770
v 0.00012325 -0.00817768 1.50215925
v -0.00825871 -0.00360210 1.49045848
v 0.00653730 -0.00924839 1.50140627
v -0.00111387 -0.00442731 1.48924958
v 0.00584610 -0.00451647 1.48817904
v -0.00313237 -0.00122544 1.47653294
v 0.00493609 -0.00043011 1.47554043
v -0.01063976 -0.00928674 1.52932121
v -0.01574463 -0.00543244 1.53172693
v -0.01753794 -0.00332944 1.51898627
v 0.01242482 -0.00387057 1.48761167
v 0.01275145 -0.00955665 1.50125397
v -0.01150376 -0.00117728 1.47811794
v -0.01546123 -0.00155356 1.49187535
v -0.04838385 0.01792501 1.49238781
v -0.04114022 0.01385863 1.50234775
v -0.03615062 0.01118937 1.51345615
v -0.03314710 0.00920807 1.52585701
v 0.01273031 -0.01485190 1.52658597
v -0.03030400 -0.01838959 1.55776732
v -0.02999187 -0.02625488 1.56027421
v -0.04774084 -0.03575551 1.70139427
v -0.04157931 -0.03950429 1.71558057
v -0.05753446 0.02934044 1.50064952
v -0.05005352 0.03910834 1.56807535
v -0.04869564 0.04231122 1.55500231
v -0.05821362 0.05004142 1.52196302
v -0.06669947 0.05350429 1.51218416
v -0.06470339 0.04454467 1.50885278
v -0.05226434 0.04734232 1.53226729
v -0.04878066 0.04484418 1.54294490
v -0.04779451 0.05233142 1.57167326
v -0.04712410 0.05430969 1.55827613
v -0.05739345 0.05924078 1.52379020
v -0.06543534 0.06225035 1.51340047
v -0.04851390 0.05595734 1.54650573
v -0.05159171 0.05753093 1.53524315
v -0.04161268 0.06516816 1.57365374
v -0.04220982 0.06590349 1.56075148
v -0.05429429 0.06905124 1.52509849
v -0.06277056 0.07112939 1.51409590
v -0.04480941 0.06667147 1.54917788
v -0.04826011 0.06752468 1.53757184
v -0.03597519 0.07474960 1.57552375
v -0.03592239 0.07548039 1.56282847
v -0.04865558 0.07809271 1.52578927
v -0.05687579 0.07984789 1.51360380
v -0.03865995 0.07585296 1.55117971
v -0.04200943 0.07670130 1.53929785
v -0.02958975 0.08274023 1.57750788
v -0.02986176 0.08230098 1.56468365
v -0.04067015 0.08499017 1.52519035
v -0.04860467 0.08773830 1.51184060
v -0.03193604 0.08271871 1.55249542
v -0.03398868 0.08295237 1.54031914
v -0.02296722 0.08863506 1.57999252
v -0.02308566 0.08780687 1.56663624
v -0.03036217 0.09039683 1.52484502
v -0.03732720 0.09392810 1.51017956
v -0.02407208 0.08777732 1.55423073
v -0.02558790 0.08778656 1.54040924
v -0.00918000 0.09542949 1.58340293
v -0.00198324 0.09619996 1.58368606
v -0.00143253 0.09443050 1.57049967
v -0.00039719 0.09582840 1.52383569
v -0.00061801 0.10230509 1.50605800
v -0.01124973 0.10034143 1.50666145
v -0.00858523 0.09412065 1.57000480
v -0.00103601 0.09380796 1.55798647
v -0.00811941 0.09301136 1.55705705
v -0.00058364 0.09352587 1.54173324
v -0.00826945 0.09304213 1.54095236
v -0.04731343 0.10467107 1.72102060
v -0.04992485 0.08489432 1.73965166
v -0.03732095 0.09017862 1.74515755
v -0.02480226 0.09209279 1.74778243
v -0.02489541 0.11265574 1.72883193
v -0.06389400 0.08540474 1.70585562
v -0.06771738 0.06865698 1.72120445
v -0.05863062 0.07880220 1.73180680
v -0.07435507 0.04005858 1.68279663
v -0.07392190 0.04910669 1.69671652
v -0.07415179 0.06012150 1.68733314
v -0.05560136 0.09726834 1.71391577
v -0.07212576 0.05915749 1.70755286
v -0.05971899 -0.01103340 1.63073534
v -0.06120293 -0.01133242 1.64252157
v -0.06349327 -0.00225496 1.64220678
v -0.06115451 -0.01267900 1.65413790
v -0.06391421 -0.00378766 1.65474976
v -0.06613835 0.02306304 1.71846357
v -0.06987555 0.04158431 1.71607456
v -0.07197175 0.03447040 1.70329206
v -0.06209721 -0.00129051 1.63075205
v -0.05956142 -0.00039939 1.61896671
v -0.06651352 0.06588956 1.63061281
v -0.05921548 0.08007379 1.63243169
v -0.05922921 0.07557060 1.62335203
v -0.06185918 -0.00878684 1.66710513
v -0.05761649 0.02430481 1.73774546
v -0.05362597 0.05193534 1.74541566
v -0.06410519 0.04659648 1.73030547
v -0.05340034 0.09498808 1.63539825
v -0.05089180 0.09040867 1.62457575
v -0.04166326 -0.02249687 1.57838162
v -0.04656293 -0.01694395 1.58674449
v -0.05326985 0.03449037 1.57995821
v -0.05399351 0.04898499 1.58613075
v -0.04516211 0.06574290 1.58532297
v -0.03893218 0.07690822 1.58591170
v -0.03147675 0.08607007 1.58814277
v -0.03534728 -0.05659116 1.63990134
v -0.03172497 -0.05723404 1.64387070
v -0.03671728 -0.05362371 1.64666537
v -0.03620630 -0.05374971 1.65283060
v -0.03152756 -0.05544866 1.64973033
v -0.03278948 -0.05496844 1.64928937
v -0.02809408 -0.05713498 1.64770536
v -0.03617365 -0.05366094 1.65115185
v -0.03434968 -0.05409111 1.65132917
v -0.02944990 -0.05720043 1.64617615
v -0.03481693 -0.05423438 1.64834412
v -0.03769794 -0.05357692 1.65547120
v 0.00111481 -0.06305381 1.66323150
v -0.05113037 -0.00549941 1.59124580
v -0.05008728 -0.01399604 1.59734784
v 0.01305534 -0.01476463 1.51356484
v 0.01231176 0.00059090 1.47497782
v 0.01220506 -0.05490224 1.54355865
v 0.01254298 -0.05956557 1.54476666
v 0.00598078 -0.05796950 1.54520586
v -0.00706138 -0.05018004 1.55066348
v -0.00820514 -0.04490010 1.54883619
v -0.00098116 -0.04994133 1.54591612
v -0.00194163 -0.04312353 1.54437949
v -0.01432333 -0.04499917 1.55441181
v -0.01570739 -0.03920485 1.55226697
v -0.01678645 -0.03213246 1.55052513
v -0.00936860 -0.03792549 1.54718998
v -0.01691456 -0.01760423 1.54634137
v -0.01594048 -0.01050760 1.54103593
v -0.01032840 -0.01468034 1.53857265
v -0.00503602 -0.01200400 1.52770566
v -0.01173553 -0.00687997 1.51714504
v -0.02236732 0.00103097 1.49382882
v -0.02764303 0.00383024 1.48233048
v -0.02002856 0.00084652 1.48014391
v -0.01941741 -0.00124802 1.50605800
v -0.01039896 -0.02224628 1.54365528
v -0.00428498 -0.01791647 1.53681410
v -0.00292910 -0.03528227 1.54278242
v -0.01708546 -0.02458244 1.54896802
v -0.01691456 -0.01760423 1.54634137
v -0.01039896 -0.02224628 1.54365528
v -0.03556151 -0.02979304 1.57136777
v -0.02650255 -0.00157674 1.54660225
v -0.02843360 -0.00630430 1.55267174
v -0.03227036 -0.00135410 1.55524095
v -0.03071758 0.00554430 1.51023335
v -0.02754048 0.00428787 1.52343645
v -0.03528972 0.00863671 1.49911477
v -0.04191590 0.01236379 1.48854297
v -0.03488490 -0.00550693 1.55976639
v -0.03933927 -0.00058241 1.56464370
v -0.03681262 0.00362498 1.55964751
v -0.04730800 0.00968965 1.57952278
v -0.05049704 0.01791295 1.58536946
v -0.04924885 0.02282225 1.57591745
v -0.03227036 -0.00135410 1.55524095
v -0.02843360 -0.00630430 1.55267174
v -0.04355884 0.00430214 1.57148477
v -0.04083385 0.00879914 1.56471055
v -0.05446712 0.02753939 1.58962195
v -0.05326985 0.03449037 1.57995821
v -0.07568017 0.03588178 1.67368720
v -0.07465358 0.04870341 1.67615136
v -0.07418295 0.03254504 1.66369107
v -0.07499946 0.04304816 1.66855454
v -0.06359228 0.00369581 1.62939551
v -0.00596566 0.09505736 1.75083156
v -0.06960116 0.07315652 1.69725135
v -0.05228022 0.00677699 1.59357726
v -0.05668490 -0.00024549 1.60825755
v -0.05857352 0.10091445 1.67806598
v -0.06128052 0.09538980 1.69253000
v -0.05288727 0.10617373 1.69804883
v -0.05785345 0.03764272 1.59442400
v -0.05399351 0.04898499 1.58613075
v -0.01118421 0.10580460 1.60228558
v -0.00373925 0.10756066 1.60289279
v -0.00283513 0.10181126 1.59441105
v -0.02451321 0.11493368 1.62719687
v -0.01465185 0.11845433 1.62750325
v -0.01339806 0.11466146 1.61817665
v -0.03331406 0.10881577 1.62679487
v -0.02223372 0.10965376 1.61761669
v -0.03356078 0.08832437 1.59687898
v -0.02578221 0.09480107 1.59899593
v -0.02391098 0.09127982 1.58985959
v -0.04159508 0.07921505 1.59509065
v -0.03147675 0.08607007 1.58814277
v -0.03893218 0.07690822 1.58591170
v -0.04516211 0.06574290 1.58532297
v -0.05467166 0.05436708 1.59682884
v -0.04941344 0.06705189 1.59590407
v -0.01642202 0.09290565 1.58210206
v -0.02391098 0.09127982 1.58985959
v -0.06124599 0.08409352 1.64544164
v -0.05465014 0.09872754 1.64844994
v -0.01703676 0.12428441 1.63863024
v -0.01907700 0.12810208 1.65295501
v -0.00778675 0.13141415 1.65322608
v -0.06647062 0.07047431 1.64260702
v -0.04681208 0.10942276 1.65051309
v -0.03842845 0.11731511 1.65163842
v -0.03582991 0.11333490 1.63817909
v -0.06933962 0.05984850 1.63977139
v -0.04460204 0.10550647 1.63731652
v -0.07311518 0.05872156 1.66083508
v -0.06933901 0.07116941 1.66722489
v -0.06821701 0.07285358 1.65581377
v -0.05120724 0.11067094 1.68100465
v -0.04907054 0.11183700 1.66528249
v -0.06506969 0.08732755 1.67360551
v -0.05677246 0.10161337 1.66301047
v -0.02049908 0.12933477 1.66977273
v -0.02167094 0.12815637 1.68803975
v -0.00895276 0.13375152 1.68766929
v -0.06319226 0.08784605 1.66005232
v -0.04325518 0.11787258 1.68392285
v -0.04076777 0.11947932 1.66707081
v -0.07111250 0.06661043 1.67729064
v -0.06681634 0.08138009 1.68542705
v -0.02383106 0.12478691 1.70760953
v -0.00800674 0.11653351 1.73064904
v 0.00431543 0.00551275 1.76623894
v 0.00131122 0.03043141 1.76750904
v -0.01147509 0.02810344 1.76629462
v -0.04160205 0.00260302 1.75030050
v -0.02986624 0.00377882 1.75768746
v -0.03133492 -0.04724026 1.72407903
v -0.03329475 -0.03958599 1.73204543
v -0.05217036 -0.02305871 1.70927156
v -0.05740551 -0.01473934 1.69606382
v -0.04419992 -0.03297525 1.72172898
v -0.03195237 0.05950582 1.75862253
v -0.04242770 0.10150666 1.62589234
v 0.00385475 -0.05690294 1.72810407
v 0.00435236 -0.06035905 1.72115243
v 0.01322845 -0.05964560 1.72186645
v -0.01957913 -0.05071476 1.73042988
v -0.00647847 -0.05767693 1.72613655
v -0.04614803 -0.02421923 1.72777169
v -0.05458036 -0.01467453 1.71318049
v -0.05994274 -0.00745354 1.69910089
v -0.02696880 0.11898196 1.63842414
v -0.06593336 0.01046505 1.70346473
v -0.06164821 0.00814157 1.71853220
v -0.05225781 0.00353040 1.73845572
v 0.01084668 -0.04197453 1.54007774
v -0.00359304 -0.02695270 1.54088927
v -0.01027472 -0.02998115 1.54559026
v -0.04116291 -0.00557140 1.56775415
v -0.05384796 0.01606767 1.59690399
v -0.02955965 -0.01160043 1.55554267
v -0.04479065 0.01478982 1.57075314
v -0.05621621 0.02513571 1.59965793
v -0.06068155 0.04418306 1.60104414
v -0.06992420 0.05180291 1.63797853
v -0.06665741 0.05758079 1.62965927
v -0.07400734 0.05074404 1.65614339
v -0.07151135 0.06066955 1.65128467
v -0.07432645 0.05457754 1.66894171
v -0.05774188 -0.00454719 1.71640694
v -0.04882471 -0.01322240 1.73356911
v -0.06296945 0.00087696 1.70178321
v -0.00697898 0.12780583 1.63857091
v -0.00605233 0.12245518 1.62736865
v -0.03723987 -0.01668921 1.74652063
v 0.00082061 -0.02954801 1.75556686
v 0.00200117 -0.04078253 1.74722071
v 0.01017544 -0.03982758 1.74864223
v -0.01570894 0.09101743 1.55590018
v -0.00249344 0.06310904 1.76393626
v -0.02091254 0.06117854 1.76167819
v -0.06567884 0.04958628 1.61483032
v -0.06313758 0.04562976 1.61733722
v -0.06548642 0.04834186 1.62333996
v -0.01728286 0.00379997 1.76293435
v -0.02536023 -0.01671527 1.75388723
v 0.00304581 -0.05053705 1.73729796
v 0.01160686 -0.04956984 1.73817259
v -0.02958549 0.12299394 1.65243878
v -0.01583030 0.09160213 1.56879591
v -0.03787626 0.11000485 1.72576885
v 0.00699022 -0.01583317 1.76121852
v -0.00497941 0.00369448 1.76510985
v -0.01986945 0.09348089 1.52445231
v -0.00871196 0.09494717 1.52389424
v -0.03321600 0.12340552 1.68616697
v -0.00972234 0.10003965 1.59400904
v -0.01664815 0.09119730 1.54069148
v -0.02287054 -0.03068430 1.74732276
v 0.01849729 -0.07246663 1.57668339
v 0.01854102 -0.07334674 1.57906133
v 0.01413285 -0.07183016 1.57250339
v 0.01850720 -0.07189960 1.57367322
v -0.00036803 -0.05464254 1.54750754
v -0.00359304 -0.02695270 1.54088927
v 0.00951720 -0.03285603 1.53858294
v 0.01323558 -0.02038646 1.53622360
v 0.01472179 -0.03260877 1.53873801
v 0.01579344 -0.04193896 1.54032943
v 0.01650940 -0.04830802 1.54201925
v 0.01723793 -0.05484514 1.54399884
v 0.00151455 -0.06392769 1.64812773
v 0.00426404 -0.06552313 1.65044812
v 0.00283596 -0.06326392 1.65185470
v -0.01308262 -0.04973873 1.55723526
v -0.00617651 -0.05415592 1.55287330
v 0.00000310 -0.05814219 1.54930140
v 0.00609229 -0.06160480 1.54681299
v -0.02578392 0.00239544 1.53662848
v -0.03045016 0.00293032 1.54826329
v -0.03057186 0.00689565 1.53826262
v -0.06787389 0.05036484 1.63040484
v -0.06857224 0.04432502 1.63100552
v -0.07431931 0.04339577 1.65143598
v -0.07221471 0.05190269 1.65018071
v -0.00868136 -0.04156135 1.74431269
v -0.00745658 -0.05135941 1.73486246
v -0.02127376 -0.04156655 1.73934341
v -0.01729399 0.09642725 1.59238596
v -0.02334494 0.02708974 1.76336059
v -0.01238298 -0.01820841 1.75811736
v -0.03537417 0.12032484 1.70432453
v -0.02428924 0.09796626 1.50823339
v -0.03147726 0.12516341 1.66862969
v -0.00126667 -0.01696204 1.76017676
v -0.01956434 -0.06357664 1.66230862
v -0.01972683 -0.06219598 1.66222505
v -0.01593971 -0.06259011 1.66227696
v -0.02962866 -0.05834786 1.65842570
v -0.02980160 -0.05921980 1.65828358
v -0.03054479 -0.05832131 1.65755660
v -0.02890412 -0.05906753 1.65904863
v -0.02912892 -0.06031338 1.65901897
v -0.02673403 -0.06107436 1.66035039
v -0.02678839 -0.06220081 1.66041359
v -0.02337067 -0.06285668 1.66149243
v -0.02334366 -0.06388025 1.66155187
v -0.01574225 -0.06349418 1.66242838
v -0.00322252 -0.05877961 1.65568106
v -0.00363216 -0.05867858 1.65659276
v -0.00490475 -0.06020492 1.65859272
v -0.00651488 -0.06002359 1.65852963
v -0.00618227 -0.05955118 1.65795496
v -0.00351478 -0.05900392 1.65717308
v -0.00676282 -0.06027930 1.65481473
v -0.00562005 -0.05974709 1.65519360
v -0.00625792 -0.05915285 1.65541829
v -0.01200438 -0.06251370 1.65439878
v -0.01191345 -0.06318445 1.65397541
v -0.00845025 -0.06172217 1.65437653
v -0.01572300 -0.06343513 1.65414443
v -0.01552304 -0.06419761 1.65354363
v -0.00825910 -0.06151289 1.66051199
v -0.01178445 -0.06279318 1.66168004
v -0.02727501 -0.05991970 1.65421870
v -0.02437475 -0.06214472 1.65360307
v -0.02427352 -0.06153879 1.65412948
v -0.02955904 -0.05749383 1.65540158
v -0.02912416 -0.05793124 1.65506820
v -0.02888137 -0.05769299 1.65543501
v -0.03050357 -0.05687955 1.65654550
v -0.03011379 -0.05687267 1.65590575
v -0.02987886 -0.05654770 1.65617405
v -0.03037285 -0.05654437 1.65718150
v -0.03064884 -0.05733534 1.65703196
v -0.03011396 -0.05723757 1.65760210
v -0.01599727 -0.06037075 1.65423906
v -0.01600479 -0.06262874 1.65408964
v -0.01247656 -0.06171864 1.65452418
v -0.02630630 -0.05874358 1.65474146
v -0.02392404 -0.06055803 1.65417785
v -0.02422554 -0.05805687 1.65430503
v -0.03019918 -0.05423279 1.65789264
v -0.02997045 -0.05609479 1.65763453
v -0.03027517 -0.05578607 1.65714154
v -0.02024339 -0.06012777 1.66181087
v -0.02344395 -0.06145987 1.66150361
v -0.00686132 -0.06039860 1.65919075
v -0.00861921 -0.06081475 1.66036710
v -0.00859004 -0.05874098 1.66052870
v -0.01262266 -0.05968266 1.65440343
v -0.00919765 -0.06027837 1.65492154
v -0.03022741 -0.05389103 1.65740707
v -0.03018180 -0.05570417 1.65676731
v -0.02409604 -0.05903447 1.66106441
v -0.02648201 -0.05926521 1.66034851
v -0.00690377 -0.05761500 1.65884442
v -0.00651393 -0.05760804 1.65820555
v -0.00700139 -0.05776235 1.65968750
v -0.00811543 -0.05693061 1.65550928
v -0.00784641 -0.05915565 1.65536627
v -0.00695247 -0.05885100 1.65556406
v -0.02968898 -0.05577836 1.65613697
v -0.03034351 -0.05349475 1.65644987
v -0.02683238 -0.05714333 1.66049528
v -0.02864252 -0.05742141 1.65942839
v -0.00564064 -0.05924617 1.65730402
v -0.02933845 -0.05631353 1.65589922
v -0.02850239 -0.05698316 1.65559284
v -0.02936949 -0.05437978 1.65541553
v -0.02866393 -0.05565060 1.65932623
v -0.02965312 -0.05657175 1.65841640
v -0.00565198 -0.05900708 1.65663826
v -0.00606146 -0.05731936 1.65745909
v -0.01198496 -0.06188373 1.66162149
v -0.01636711 -0.06050566 1.66195852
v -0.02968965 -0.05477448 1.65877756
v -0.00640674 -0.05884534 1.65613973
v -0.00595421 -0.05733478 1.65699853
v -0.01194372 -0.05983103 1.66141263
v -0.00748741 -0.05933372 1.66404116
v -0.00859004 -0.05874098 1.66052870
v -0.01194372 -0.05983103 1.66141263
v -0.01477166 -0.06076750 1.64843975
v -0.01599727 -0.06037075 1.65423906
v -0.01262266 -0.05968266 1.65440343
v -0.02802744 -0.05690657 1.65132363
v -0.02670952 -0.05609052 1.65448334
v -0.02422554 -0.05805687 1.65430503
v -0.03019918 -0.05423279 1.65789264
v -0.03022741 -0.05389103 1.65740707
v -0.03183167 -0.05469612 1.65805147
v -0.02024339 -0.06012777 1.66181087
v -0.02409604 -0.05903447 1.66106441
v -0.02422172 -0.05971709 1.66547198
v -0.00509502 -0.05777275 1.66198365
v -0.00700139 -0.05776235 1.65968750
v -0.00895220 -0.05770070 1.65524651
v -0.00762427 -0.05839642 1.65049173
v -0.03025563 -0.05354934 1.65692150
v -0.03198159 -0.05470550 1.65665220
v -0.02683238 -0.05714333 1.66049528
v -0.02698756 -0.05816606 1.66399102
v -0.00369000 -0.05659821 1.66010069
v -0.00311875 -0.05558820 1.65866610
v -0.00651393 -0.05760804 1.65820555
v -0.00690377 -0.05761500 1.65884442
v -0.00608216 -0.05740925 1.65141561
v -0.00811543 -0.05693061 1.65550928
v -0.00747330 -0.05684844 1.65561885
v -0.03034351 -0.05349475 1.65644987
v -0.02866393 -0.05565060 1.65932623
v -0.02915886 -0.05684101 1.66226313
v -0.00606146 -0.05731936 1.65745909
v -0.03120132 -0.05447374 1.65433757
v -0.02992429 -0.05375862 1.65592058
v -0.02936949 -0.05437978 1.65541553
v -0.02968965 -0.05477448 1.65877756
v -0.03056339 -0.05569897 1.66066329
v -0.00595421 -0.05733478 1.65699853
v -0.00287276 -0.05499036 1.65724370
v -0.01121526 -0.06060417 1.66576075
v -0.01636711 -0.06050566 1.66195852
v -0.03144809 -0.05504355 1.65929380
v -0.02028596 -0.06078365 1.66649880
v -0.01594104 -0.06119321 1.66675702
v -0.00347322 -0.05561058 1.65437554
v -0.00643248 -0.05714008 1.65650643
v -0.00293352 -0.05498338 1.65593917
v -0.00175933 -0.05260051 1.65742290
v -0.01090545 -0.05696404 1.66956376
v -0.03160714 -0.05356929 1.66227519
v -0.02071049 -0.05723674 1.67019056
v -0.01601857 -0.05741826 1.67044680
v -0.00252405 -0.05237480 1.65338391
v -0.00658665 -0.05576731 1.66703086
v -0.01503591 -0.05616033 1.64463199
v -0.01051518 -0.05975359 1.64917237
v -0.02508850 -0.05844256 1.64964588
v -0.02603424 -0.05543556 1.64702377
v -0.03256594 -0.05295668 1.66034762
v -0.01022286 -0.05523287 1.64594581
v -0.03310974 -0.05267359 1.65835973
v -0.02478173 -0.05642394 1.66833638
v -0.00242111 -0.05345175 1.66163732
v -0.00186852 -0.05287386 1.65929568
v -0.00395331 -0.05450281 1.66425279
v -0.00535563 -0.05354386 1.64889190
v -0.00471952 -0.05652560 1.65252600
v -0.03327223 -0.05251464 1.65667080
v -0.03185851 -0.05391860 1.65549444
v -0.02776866 -0.05529517 1.66649979
v -0.03032121 -0.05529359 1.65301722
v -0.03145882 -0.05334470 1.65184540
v -0.02997676 -0.05437050 1.66442092
v -0.02514716 -0.05305371 1.67055173
v -0.00349276 -0.05088142 1.66592224
v -0.01041319 -0.05094790 1.64439158
v -0.00720250 -0.05422221 1.64747503
v -0.03369836 -0.04974848 1.65677761
v -0.00200217 -0.05014921 1.66276541
v -0.00125012 -0.04957578 1.65996510
v -0.00380035 -0.05287201 1.65076567
v -0.00371008 -0.04946427 1.64964311
v -0.03295522 -0.05247963 1.65509698
v -0.03035602 -0.05151391 1.66592036
v -0.03241365 -0.05278547 1.65364391
v -0.03194744 -0.04988450 1.65116668
v -0.03214606 -0.05092403 1.66368830
v -0.00183747 -0.05234398 1.65563833
v -0.00122882 -0.04924793 1.65762069
v -0.01600679 -0.05326206 1.67253586
v -0.03309280 -0.05033259 1.66139027
v -0.02094270 -0.05338964 1.67228892
v -0.00138405 -0.04902880 1.65537003
v -0.00645499 -0.05179487 1.66894824
v -0.02941487 -0.05428033 1.64945362
v -0.02668064 -0.05128698 1.64564962
v -0.03363227 -0.04998394 1.65893352
v -0.02088033 -0.05015228 1.67303726
v -0.01614260 -0.04994931 1.67336599
v -0.00213986 -0.04918387 1.65274892
v -0.00137055 -0.04678150 1.65533561
v -0.00684560 -0.04869910 1.66978203
v -0.01099965 -0.05272149 1.67173738
v -0.01536653 -0.05143675 1.64286237
v -0.01060672 -0.04763357 1.64382421
v -0.02992999 -0.05055459 1.64857257
v -0.02660974 -0.04791852 1.64545935
v -0.03363388 -0.04771017 1.65936253
v -0.02496315 -0.05007623 1.67141053
v -0.00376958 -0.04795891 1.66676909
v -0.00717124 -0.05027289 1.64613431
v -0.00751657 -0.04725669 1.64557812
v -0.03359088 -0.04756635 1.65702919
v -0.02817565 -0.05224389 1.66817290
v -0.02804045 -0.04964551 1.66905317
v -0.00206692 -0.04739941 1.66344324
v -0.00136551 -0.04712893 1.66038016
v -0.00528102 -0.04996268 1.64757343
v -0.00391518 -0.04688679 1.64930320
v -0.03338020 -0.04964254 1.65482868
v -0.03030521 -0.04901330 1.66689626
v -0.00114603 -0.04687639 1.65795308
v -0.03277796 -0.04724583 1.65303581
v -0.03286502 -0.04968293 1.65317228
v -0.03198623 -0.04851498 1.66448589
v -0.03310038 -0.04804823 1.66200401
v -0.03165413 -0.04667379 1.66485724
v -0.03284659 -0.04631530 1.66228537
v -0.03338009 -0.04597724 1.65964378
v -0.03328833 -0.04728696 1.65488258
v -0.03313453 -0.04547827 1.65506355
v -0.03351844 -0.04586071 1.65721304
v -0.00256284 -0.04483622 1.65267277
v -0.00232935 -0.04677973 1.65260591
v -0.03177909 -0.04734444 1.65102744
v -0.03155175 -0.04534586 1.65110636
v -0.02989109 -0.04766783 1.64822248
v -0.02672994 -0.04539016 1.64568305
v -0.01567689 -0.04794396 1.64237392
v -0.01090822 -0.04513250 1.64395050
v -0.02479119 -0.04768844 1.67183854
v -0.00778260 -0.04503696 1.64562826
v -0.01123242 -0.04933837 1.67237437
v -0.01145865 -0.04672356 1.67268262
v -0.00734053 -0.04620416 1.67018215
v -0.00137475 -0.04501440 1.65821208
v -0.00159922 -0.04491941 1.65559373
v -0.00241071 -0.04543510 1.66406440
v -0.00161411 -0.04515896 1.66091023
v -0.00562160 -0.04702791 1.64720861
v -0.00425166 -0.04486213 1.64936264
v -0.00432411 -0.04575106 1.66718316
v -0.01628140 -0.04724221 1.67348575
v -0.02082698 -0.04750990 1.67326006
v -0.02792821 -0.04754490 1.66949513
v -0.03018208 -0.04700461 1.66734376
v -0.02969927 -0.04538792 1.64837755
v -0.02983314 -0.04526602 1.66753414
v -0.02743821 -0.04541606 1.66966780
v -0.00312490 -0.04343857 1.66439214
v -0.00203017 -0.04331360 1.66125656
v -0.00503531 -0.04375983 1.66741903
v -0.00596893 -0.04491133 1.64726240
v -0.00630364 -0.04296291 1.64760508
v -0.00813115 -0.04299122 1.64605915
v -0.01120015 -0.04279438 1.64445843
v -0.01594015 -0.04277414 1.64318634
v -0.01582958 -0.04513947 1.64258101
v -0.01181860 -0.04443883 1.67244764
v -0.00788000 -0.04402277 1.67013301
v -0.03277469 -0.04383169 1.65526046
v -0.03299113 -0.04408944 1.65759468
v -0.02448731 -0.04550547 1.67172343
v -0.02071530 -0.04526221 1.67304190
v -0.03253983 -0.04533937 1.65312115
v -0.03201253 -0.04356818 1.65350190
v -0.03149247 -0.04495191 1.66513671
v -0.01637265 -0.04483762 1.67315978
v -0.00176912 -0.04335305 1.65856959
v -0.00191229 -0.04315510 1.65594747
v -0.02646884 -0.04298602 1.64620581
v -0.02940569 -0.04326002 1.64891702
v -0.03248980 -0.04466343 1.66257504
v -0.00279151 -0.04297414 1.65293088
v -0.03292329 -0.04440113 1.66003383
v -0.03123352 -0.04340737 1.65156415
v -0.03159430 -0.04170536 1.65406086
v -0.03209084 -0.04184389 1.65582030
v -0.03096999 -0.04309921 1.66532621
v -0.02925576 -0.04304480 1.66751931
v -0.01226942 -0.04209412 1.67183390
v -0.00861639 -0.04169524 1.66978944
v -0.00262648 -0.04115857 1.65627621
v -0.00351960 -0.04088030 1.65334683
v -0.00249117 -0.04126981 1.65879893
v -0.02602466 -0.04063082 1.64710922
v -0.02894463 -0.04100742 1.64964123
v -0.03188119 -0.04278918 1.66295291
v -0.02051015 -0.04293263 1.67245041
v -0.01645788 -0.04244369 1.67264732
v -0.00293950 -0.04124706 1.66157412
v -0.00871944 -0.04057818 1.64683250
v -0.01151798 -0.04033769 1.64542493
v -0.03243157 -0.04234843 1.66049063
v -0.00402825 -0.04138262 1.66452397
v -0.00585913 -0.04152467 1.66726396
v -0.03065564 -0.04133313 1.65220944
v -0.03248857 -0.04212893 1.65805701
v -0.02703919 -0.04322743 1.66946348
v -0.02410694 -0.04313802 1.67141429
v -0.00695640 -0.04075542 1.64820211
v -0.01610441 -0.04009545 1.64442401
v -0.00403539 -0.03861433 1.65924830
v -0.00417673 -0.03849251 1.65691032
v -0.02528712 -0.03773440 1.64864219
v -0.02790286 -0.03827265 1.65100708
v -0.03070202 -0.04012284 1.66293255
v -0.02978960 -0.04036202 1.66492973
v -0.02044407 -0.04009350 1.67126664
v -0.01684660 -0.03967020 1.67126664
v -0.00466983 -0.03853736 1.66173572
v -0.00974083 -0.03780376 1.64822248
v -0.01255925 -0.03745539 1.64708697
v -0.03114155 -0.03984996 1.66057607
v -0.00574955 -0.03868889 1.66440697
v -0.00738702 -0.03882482 1.66687391
v -0.02958799 -0.03871693 1.65311750
v -0.03121848 -0.03952248 1.65841452
v -0.02624005 -0.04036601 1.66876716
v -0.02357522 -0.04032544 1.67043374
v -0.00984488 -0.03907551 1.66904199
v -0.00807475 -0.03791063 1.64939894
v -0.01657708 -0.03732076 1.64629679
v -0.03090806 -0.03932982 1.65636630
v -0.02825667 -0.04033491 1.66702532
v -0.01313586 -0.03927290 1.67062046
v -0.03050677 -0.03919705 1.65469685
v -0.00498372 -0.03819271 1.65416856
v -0.02249859 -0.03277776 1.65542848
v -0.02709321 -0.03562228 1.65451112
v -0.02587026 -0.03530381 1.65276463
v -0.02784814 -0.03582543 1.65570795
v -0.02280524 -0.03275780 1.65634771
v -0.02285532 -0.03259699 1.65754731
v -0.01245266 -0.03565022 1.66727226
v -0.01656956 -0.03363512 1.66525470
v -0.01567971 -0.03303124 1.66422589
v -0.02629241 -0.03690740 1.66568361
v -0.02739344 -0.03675577 1.66415074
v -0.02243174 -0.03342621 1.66309780
v -0.01826060 -0.03305287 1.65195409
v -0.02031119 -0.03318147 1.65226611
v -0.02098587 -0.03482025 1.64973221
v -0.02186863 -0.03367022 1.66415351
v -0.02118864 -0.03409259 1.66513030
v -0.02454321 -0.03698734 1.66714043
v -0.01745464 -0.03452638 1.64927265
v -0.01439578 -0.03441339 1.64983061
v -0.01749079 -0.03263023 1.65279153
v -0.02198292 -0.03296513 1.65443320
v -0.02371778 -0.03496222 1.65114078
v -0.01757501 -0.03398981 1.66598721
v -0.01495872 -0.03606229 1.66842360
v -0.01764481 -0.03643071 1.66910143
v -0.02811195 -0.03665754 1.66253973
v -0.02270934 -0.03316512 1.66177102
v -0.02003044 -0.03470976 1.66659908
v -0.02039896 -0.03685243 1.66903646
v -0.02253014 -0.03686608 1.66831590
v -0.00980342 -0.03442026 1.65314439
v -0.00843924 -0.03458859 1.65543224
v -0.01486640 -0.03198084 1.65684169
v -0.01244109 -0.03450837 1.65064492
v -0.01668240 -0.03249420 1.65346195
v -0.00771713 -0.03483910 1.65760951
v -0.01453823 -0.03193896 1.65843123
v -0.02847438 -0.03634724 1.66064846
v -0.02271819 -0.03278435 1.66035316
v -0.01105631 -0.03456677 1.65162359
v -0.01556328 -0.03206673 1.65524186
v -0.01838229 -0.03441988 1.66663627
v -0.02836221 -0.03607919 1.65868282
v -0.01617823 -0.03219652 1.65429850
v -0.00765288 -0.03499833 1.65948229
v -0.00914170 -0.03519591 1.66372549
v -0.01512779 -0.03267117 1.66292048
v -0.01466197 -0.03233283 1.66142746
v -0.02278676 -0.03269067 1.65895023
v -0.01055502 -0.03552562 1.66565206
v -0.02101122 -0.03301610 1.65325773
v -0.01446489 -0.03211408 1.66002542
v -0.00817227 -0.03502368 1.66160666
v -0.02832956 -0.03599043 1.65700418
v -0.02143414 -0.03748696 1.64680007
v -0.04032780 -0.05128828 1.64892721
v -0.04310255 -0.04935638 1.64602750
v -0.04037213 -0.05270470 1.64267940
v -0.05370700 -0.01264054 1.60813314
v -0.05908128 0.00830737 1.60722609
v -0.05776640 0.01649957 1.60540522
v -0.03789689 -0.05247768 1.65084171
v -0.03288660 -0.05465201 1.65159481
v -0.02921525 -0.05699439 1.65063839
v -0.03073218 -0.05648532 1.65270055
v -0.02993055 -0.05716746 1.65378880
v -0.02931807 -0.05779030 1.65468202
v -0.02670952 -0.05609052 1.65448334
v -0.05214259 0.01506194 1.47726191
v -0.01520322 0.00005916 1.46713296
v -0.00531744 -0.00002900 1.46504113
v -0.02621753 0.00330211 1.46938085
v -0.06379726 0.02696505 1.48606574
v -0.06760469 0.08436984 1.50248146
v -0.01417884 0.10492809 1.49383535
v -0.07553961 0.06673915 1.50360214
v -0.00075216 0.10680352 1.49407210
v -0.03036388 0.10317617 1.49480372
v -0.04500843 0.09916707 1.49725405
v -0.07842066 0.05735627 1.50274234
v -0.07318209 0.04010612 1.49543053
v -0.07716191 0.04830871 1.49939148
v -0.05806663 0.09267433 1.50045638
v -0.05301085 0.10491635 1.48717436
v -0.06912793 0.09892147 1.49062096
v -0.07230253 0.07572334 1.50338110
v -0.08020860 0.09099868 1.49266641
v -0.08670948 0.08176948 1.49363290
v -0.01698236 0.10859057 1.48404354
v -0.03622733 0.10824148 1.48473897
v -0.00095875 0.11081815 1.48350783
v -0.00091320 0.11271047 1.47297964
v -0.06088665 0.11130013 1.47650328
v -0.04194324 0.11292847 1.47432877
v -0.02047672 0.11215661 1.47246717
v -0.05866117 0.02093104 1.48164623
v -0.06886412 0.03312320 1.49085218
v 0.00407952 0.00236722 1.46316282
v 0.01243705 0.00302734 1.46246728
v -0.00105338 0.11660866 1.46037634
v -0.02281681 0.11576979 1.45943674
v -0.15995993 0.06469864 1.29585483
v -0.16428547 0.06118960 1.27120066
v -0.16890980 0.06845437 1.27148478
v -0.22918037 0.01836891 1.29001457
v -0.23189527 0.03388643 1.29319187
v -0.23398698 0.03287842 1.26532420
v -0.19269312 -0.01366780 1.28865249
v -0.19588971 -0.01631243 1.26534656
v -0.18312876 -0.01624331 1.26488877
v -0.15693871 0.05410193 1.29519460
v -0.16094477 0.05048007 1.27093601
v -0.22834855 0.04830434 1.29536450
v -0.23082118 0.04763082 1.26582007
v -0.15656926 0.03966504 1.29443054
v -0.16021516 0.03631733 1.26989425
v -0.22206657 0.05975331 1.29667367
v -0.22452029 0.05911720 1.26638179
v -0.22133939 0.00393705 1.28777133
v -0.23168441 0.01678972 1.26549975
v -0.21297927 0.06830185 1.29838120
v -0.21684699 0.06733347 1.26707999
v -0.16275439 0.00471987 1.29195332
v -0.16504358 0.00196155 1.26686836
v -0.16181458 0.01859256 1.26930098
v -0.19466373 0.07550569 1.26995280
v -0.20638478 0.07254294 1.26825081
v -0.20329172 0.07452585 1.29956043
v -0.15658032 0.02159259 1.29370811
v -0.16521172 0.07172775 1.29676100
v -0.17566492 0.07345482 1.27163421
v -0.21059790 -0.01014726 1.26515718
v -0.20842263 -0.00761292 1.28762379
v -0.16488212 0.04825353 1.24576472
v -0.16831743 0.05922042 1.24657349
v -0.23299016 0.04560618 1.24292909
v -0.16413060 0.03326825 1.24464127
v -0.22776638 0.05727420 1.24225038
v -0.22405150 0.00173665 1.26474300
v -0.23358187 0.01336145 1.24320304
v -0.21912540 0.06563853 1.24244906
v -0.17174383 -0.00086206 1.24181406
v -0.16665311 0.01574171 1.24337947
v -0.19900637 0.07352931 1.24493370
v -0.20988369 0.07055699 1.24317149
v -0.17324259 0.06657135 1.24697826
v -0.22582037 -0.00189142 1.24356974
v -0.21385502 -0.01357543 1.24371374
v -0.19924258 -0.01923522 1.24276108
v -0.23586167 0.03015885 1.24265991
v -0.18680019 -0.01852142 1.24073599
v -0.16720166 0.03161424 1.22207992
v -0.16813228 0.04710402 1.22376697
v -0.22915447 0.05471053 1.22209752
v -0.23574498 0.00873688 1.22397683
v -0.22203194 0.06290001 1.22137242
v -0.17407340 -0.00229797 1.21907816
v -0.16913691 0.01389350 1.22039375
v -0.20267826 0.07112447 1.22381988
v -0.21317918 0.06817517 1.22217190
v -0.18013160 0.07122823 1.24692159
v -0.17749303 0.06506076 1.22562857
v -0.22814232 -0.00523359 1.22521074
v -0.21694894 -0.01587971 1.22482268
v -0.20237251 -0.02065475 1.22350985
v -0.17209702 0.05807085 1.22503442
v -0.23844363 0.02570131 1.22311980
v -0.19057477 -0.01984327 1.22102332
v -0.23482306 0.04219976 1.22297679
v -0.19673817 -0.05622273 0.77105451
v -0.20094951 -0.05391024 0.77044237
v -0.19991935 -0.05493241 0.76735217
v -0.19982001 -0.03932843 0.76557707
v -0.20110234 -0.03953279 0.76789546
v -0.19764186 -0.03652384 0.76811512
v -0.20298820 -0.04922481 0.76608710
v -0.20433366 -0.04877422 0.76906042
v -0.20365057 -0.04345992 0.76815524
v -0.20840824 -0.04444533 0.78663605
v -0.20757306 -0.03940345 0.78688033
v -0.20644588 -0.03949073 0.78353024
v -0.20275848 -0.05188390 0.78864159
v -0.20620921 -0.04915861 0.78742667
v -0.20502241 -0.04994792 0.78425019
v -0.20340935 -0.03579655 0.78789602
v -0.19870731 -0.03318815 0.78644479
v -0.20031665 -0.03419640 0.78400923
v -0.18940812 -0.05779243 0.75793166
v -0.19368001 -0.05522275 0.75600348
v -0.18960552 -0.05672644 0.74934487
v -0.19293035 -0.04190963 0.75342320
v -0.18981165 -0.03919519 0.75482596
v -0.18677066 -0.04088077 0.74719676
v -0.19614903 -0.05128188 0.75445716
v -0.19535072 -0.04592162 0.75338540
v -0.19207363 -0.04782809 0.74678944
v -0.18450246 -0.05528793 0.76682310
v -0.18675302 -0.05709495 0.76564962
v -0.18353785 -0.05761008 0.75949895
v -0.20497171 -0.04822892 0.77187568
v -0.20382244 -0.04304359 0.77167069
v -0.18842950 -0.05457550 0.77481379
v -0.19156584 -0.05623639 0.77472491
v -0.19078080 -0.05657435 0.77263785
v -0.19335475 -0.05329558 0.78832637
v -0.19285606 -0.05400782 0.78500683
v -0.18977469 -0.05165160 0.78597438
v -0.19597969 -0.03516314 0.77800704
v -0.20035908 -0.03555069 0.77730629
v -0.20090002 -0.03411581 0.78172852
v -0.18649248 -0.03844163 0.75649779
v -0.19657856 -0.03412648 0.78559678
v -0.19665860 -0.03681028 0.76612734
v -0.19265579 -0.03584196 0.76962430
v -0.18675302 -0.05709495 0.76564962
v -0.18903543 -0.05757572 0.76419966
v -0.18644309 -0.05807433 0.75876206
v -0.19720232 -0.05389576 0.78710845
v -0.19643679 -0.05452610 0.78399567
v -0.19285606 -0.05400782 0.78500683
v -0.19255394 -0.05478627 0.78055001
v -0.19747975 -0.05559211 0.77351109
v -0.20148673 -0.05329373 0.77293277
v -0.19888121 -0.03607491 0.77158917
v -0.18588479 -0.04486704 0.73863355
v -0.18413859 -0.04538607 0.73550395
v -0.18666129 -0.04945461 0.73682896
v -0.18719646 -0.05382520 0.73825241
v -0.18481665 -0.05770600 0.73959845
v -0.18563094 -0.05768576 0.74147410
v -0.17218170 -0.05807117 0.73828495
v -0.17413719 -0.05897477 0.73978993
v -0.17307974 -0.05965804 0.73386284
v -0.17959438 -0.05985182 0.74079948
v -0.17619128 -0.05959621 0.74047673
v -0.17771271 -0.05955015 0.74383766
v -0.18816201 -0.04925165 0.73885050
v -0.17932317 -0.05968701 0.73513310
v -0.17517691 -0.06007689 0.73131582
v -0.17563001 -0.05996491 0.73589827
v -0.17215367 -0.05946910 0.72705087
v -0.17563307 -0.05955433 0.72969640
v -0.17618154 -0.04479109 0.72817333
v -0.17715078 -0.04725066 0.72356421
v -0.17968434 -0.04698827 0.72726937
v -0.17091515 -0.05843811 0.72508617
v -0.17215367 -0.05946910 0.72705087
v -0.17322978 -0.05920717 0.72550074
v -0.18317750 -0.04680703 0.73241115
v -0.18228959 -0.04796662 0.73089229
v -0.18460302 -0.05061262 0.73384192
v -0.17345234 -0.04969091 0.72109600
v -0.17112545 -0.05364219 0.72145462
v -0.17285022 -0.05383791 0.72108941
v -0.18451778 -0.05435434 0.73509110
v -0.18254790 -0.05757647 0.73587076
v -0.18381881 -0.05764954 0.73766407
v -0.18559724 -0.05020975 0.73492269
v -0.18304148 -0.05070473 0.73303154
v -0.18330888 -0.05425685 0.73445206
v -0.18107523 -0.05724045 0.73475517
v -0.20730836 -0.04517939 0.78347308
v -0.19227883 -0.05277173 0.74776491
v -0.18176473 -0.04488980 0.76708614
v -0.17882178 -0.04605207 0.76129314
v -0.18091766 -0.04102468 0.75895947
v -0.18500783 -0.04383559 0.77414277
v -0.18495937 -0.04458609 0.77200241
v -0.18733481 -0.03975730 0.77102501
v -0.18857573 -0.04060241 0.78907824
v -0.18737446 -0.04116656 0.78614837
v -0.19023828 -0.03699235 0.78504026
v -0.17069687 -0.04779633 0.72512613
v -0.16736211 -0.05279142 0.72609910
v -0.18104375 -0.04899854 0.73006996
v -0.16971536 -0.05825195 0.73067485
v -0.17702915 -0.04838936 0.72260883
v -0.17919578 -0.04834182 0.72630093
v -0.17307974 -0.05965804 0.73386284
v -0.17847258 -0.05871861 0.73319364
v -0.16983113 -0.04649775 0.73141273
v -0.17236535 -0.04561123 0.73870533
v -0.17039659 -0.04993789 0.73979967
v -0.17552120 -0.05886744 0.74336609
v -0.17332244 -0.05751397 0.74261902
v -0.17552120 -0.05886744 0.74336609
v -0.18598015 -0.05417616 0.73661478
v -0.17678942 -0.04331870 0.73374944
v -0.17956652 -0.04473956 0.73055974
v -0.17950682 -0.05989063 0.73795124
v -0.18704949 -0.04418330 0.74086462
v -0.18851510 -0.05365138 0.73992574
v -0.18668282 -0.05742995 0.74335430
v -0.17673575 -0.04463427 0.74770492
v -0.17498388 -0.04881590 0.74889643
v -0.17348632 -0.04886243 0.74619164
v -0.20671217 -0.04591141 0.78057746
v -0.20605425 -0.04030251 0.78089977
v -0.20472808 -0.04207685 0.77653920
v -0.19255394 -0.05478627 0.78055001
v -0.18915056 -0.05304331 0.78084559
v -0.19156584 -0.05623639 0.77472491
v -0.19572408 -0.05522675 0.77989542
v -0.20011647 -0.05364275 0.78288966
v -0.20383405 -0.05099962 0.78146797
v -0.20261401 -0.05201065 0.77825325
v -0.20436561 -0.03752503 0.78132530
v -0.20588349 -0.04719663 0.77680965
v -0.18627438 -0.04296717 0.78039096
v -0.18904871 -0.03805510 0.77928456
v -0.20120838 -0.04959741 0.76281439
v -0.20098590 -0.04346874 0.76197169
v -0.19864769 -0.04430735 0.75895538
v -0.18016391 -0.04151929 0.74268051
v -0.17818512 -0.04222336 0.73857390
v -0.18169991 -0.04243395 0.73831434
v -0.19651431 -0.04016602 0.76002093
v -0.19823480 -0.03954087 0.76278356
v -0.19541842 -0.03716097 0.76383351
v -0.17698728 -0.05666877 0.74984417
v -0.17868186 -0.05829661 0.74946618
v -0.17721615 -0.05838369 0.74719377
v -0.17961406 -0.05816588 0.75082511
v -0.18159351 -0.05894283 0.75022697
v -0.18047737 -0.05899687 0.74880905
v -0.18683667 -0.05523631 0.77102163
v -0.18937749 -0.05675754 0.77019244
v -0.18833990 -0.05698846 0.76815413
v -0.18406245 -0.04496899 0.77049754
v -0.18285838 -0.04482081 0.76888587
v -0.18569863 -0.04012554 0.76760243
v -0.19369802 -0.03778612 0.76107089
v -0.19827473 -0.05489221 0.76404841
v -0.19930311 -0.05052878 0.75905964
v -0.19428984 -0.05708511 0.76557209
v -0.19648813 -0.05496204 0.76060524
v -0.19053967 -0.03685289 0.76583784
v -0.18457925 -0.04008849 0.76543578
v -0.18937749 -0.05675754 0.77019244
v -0.19267836 -0.05695661 0.76915234
v -0.19121941 -0.05734638 0.76705033
v -0.18048517 -0.05978191 0.74367080
v -0.17928816 -0.05919166 0.74714419
v -0.19897898 -0.05429101 0.77930442
v -0.18928891 -0.04896084 0.74068852
v -0.20266498 -0.04302492 0.76491966
v -0.17605016 -0.04853476 0.75061841
v -0.19229758 -0.05743135 0.76255671
v -0.18907126 -0.03721723 0.76292164
v -0.17795336 -0.05668466 0.75134627
v -0.17961406 -0.05816588 0.75082511
v -0.17868186 -0.05829661 0.74946618
v -0.18833990 -0.05698846 0.76815413
v -0.18585972 -0.05545738 0.76909932
v -0.19395242 -0.03524800 0.77253674
v -0.18699665 -0.04004235 0.76936840
v -0.19078080 -0.05657435 0.77263785
v -0.19371241 -0.05651427 0.77176898
v -0.20322402 -0.03882138 0.77675730
v -0.18725088 -0.03914254 0.77384016
v -0.18781363 -0.05501533 0.77294389
v -0.19580142 -0.05664520 0.76801373
v -0.19176862 -0.03637101 0.76760658
v -0.18543698 -0.05884274 0.75080961
v -0.18848205 -0.05722903 0.74692852
v -0.18905084 -0.04349427 0.74458948
v -0.18996530 -0.04317729 0.74668479
v -0.19114830 -0.04838202 0.74427375
v -0.18572500 -0.04107130 0.74538193
v -0.18273341 -0.04063750 0.74839498
v -0.19118413 -0.05322372 0.74503200
v -0.18353785 -0.05761008 0.75949895
v -0.18270788 -0.05878314 0.75193389
v -0.17646956 -0.04814934 0.75229843
v -0.17803137 -0.04395657 0.75098217
v -0.18045703 -0.05809530 0.75238421
v -0.17857127 -0.05671882 0.75303171
v -0.18045703 -0.05809530 0.75238421
v -0.17773498 -0.04442843 0.74924525
v -0.18394128 -0.05924264 0.74924780
v -0.18763453 -0.05747090 0.74501462
v -0.18805960 -0.04374051 0.74282534
v -0.19041795 -0.05336512 0.74314151
v -0.18469252 -0.04149886 0.74380329
v -0.18218310 -0.04089637 0.74699593
v -0.18067273 -0.04329948 0.73454083
v -0.16732181 -0.05147686 0.73202713
v -0.17413719 -0.05897477 0.73978993
v -0.18170465 -0.05097640 0.76725599
v -0.17869012 -0.05089766 0.76154506
v -0.18552463 -0.05025840 0.77485630
v -0.18549501 -0.05081224 0.77291246
v -0.18829682 -0.04566396 0.78973671
v -0.18723685 -0.04711946 0.78602994
v -0.16858270 -0.05525683 0.73502751
v -0.16800825 -0.05662811 0.72816264
v -0.17062128 -0.05689774 0.72317936
v -0.17206220 -0.05731380 0.72253534
v -0.17074579 -0.05375779 0.74134848
v -0.18667614 -0.04934375 0.78093779
v -0.17511284 -0.05268984 0.74959922
v -0.17322050 -0.05237108 0.74669879
v -0.18457247 -0.05108904 0.77104067
v -0.18316396 -0.05095478 0.76946270
v -0.17617959 -0.05277683 0.75142612
v -0.17656389 -0.05250721 0.75335690
v -0.19086975 -0.03678149 0.77323648
v -0.19355661 -0.03465442 0.78726562
v -0.19159555 -0.03683042 0.78859638
v -0.19270463 -0.03577696 0.77866257
v -0.17879811 -0.04256226 0.74675043
v -0.17481397 -0.04807450 0.72158600
v -0.17359876 -0.04544224 0.72630940
v -0.18904462 -0.03799568 0.76857219
v -0.17981555 -0.04167128 0.74970963
v -0.17349477 -0.04429408 0.73280469
v -0.17449160 -0.04362064 0.73861573
v -0.18357880 -0.03893586 0.75806210
v -0.18997301 -0.03728511 0.77040457
v -0.18691690 -0.03850709 0.76415566
v -0.17561182 -0.04884543 0.72175369
v -0.17941555 -0.04222828 0.74833117
v -0.17721114 -0.04266894 0.74424608
v -0.18814900 -0.03811620 0.76667329
v -0.17526456 -0.05108754 0.72152850
v -0.17430608 -0.05062330 0.72102499
v -0.17285022 -0.05383791 0.72108941
v -0.18213631 -0.05092683 0.73307753
v -0.18223109 -0.05416548 0.73485938
v -0.17312022 -0.05674481 0.72304903
v -0.17395251 -0.05429789 0.72144316
v -0.18034924 -0.04914106 0.73014777
v -0.17322978 -0.05920717 0.72550074
v -0.17530607 -0.05848322 0.72918343
v -0.17636928 -0.04941469 0.72303973
v -0.17814269 -0.04910773 0.72624692
v -0.17561182 -0.04884543 0.72175369
v -0.17589881 -0.04983548 0.72205801
v -0.17803768 -0.05827237 0.73278931
v -0.17214790 -0.05840886 0.72362226
v -0.17354157 -0.05820013 0.72525330
v -0.18041497 -0.05653071 0.73437226
v -0.17469484 -0.05415602 0.72267762
v -0.17574106 -0.05445434 0.72327006
v -0.17331603 -0.05768909 0.72384274
v -0.17796507 -0.05430605 0.72632943
v -0.17959206 -0.05428033 0.72904270
v -0.18952075 -0.05337998 0.74153177
v -0.17502111 -0.04482573 0.74490283
v -0.18140911 -0.04136563 0.74543389
v -0.18355298 -0.04192067 0.74183427
v -0.17559677 -0.05672096 0.74752970
v -0.18175720 -0.05947198 0.74639701
v -0.19042380 -0.04871024 0.74230285
v -0.17721615 -0.05838369 0.74719377
v -0.19800146 -0.03238195 0.75916562
v -0.20109937 -0.03091521 0.75820853
v -0.19904499 -0.03047270 0.75516455
v -0.20115638 -0.01658567 0.75500533
v -0.20259888 -0.01608431 0.75829907
v -0.19834231 -0.01297596 0.75914841
v -0.20462715 -0.02573179 0.75754697
v -0.20453515 -0.02008683 0.75763098
v -0.20234679 -0.02037511 0.75388016
v -0.21267947 -0.02442738 0.78280266
v -0.21341316 -0.01828992 0.78396219
v -0.21138711 -0.01954907 0.77939967
v -0.20199823 -0.03171631 0.78113420
v -0.20278373 -0.03085329 0.78858398
v -0.20889718 -0.02899074 0.78485652
v -0.20658004 -0.01582692 0.77980488
v -0.20691709 -0.01489884 0.78810704
v -0.20187818 -0.01480879 0.78625806
v -0.18683872 -0.03162801 0.73447664
v -0.18837936 -0.03199291 0.74169619
v -0.19127931 -0.03010047 0.74054386
v -0.19196500 -0.01675611 0.74091077
v -0.18912818 -0.01441459 0.74178374
v -0.18695664 -0.01517554 0.73482335
v -0.19215283 -0.02562105 0.73349099
v -0.19495009 -0.02566190 0.74032027
v -0.19455807 -0.02077679 0.74033206
v -0.18287362 -0.03081382 0.75094786
v -0.18593262 -0.03255845 0.74991556
v -0.18271846 -0.03249912 0.74354861
v -0.20556688 -0.02005506 0.76124422
v -0.18940571 -0.03042618 0.76437061
v -0.19268049 -0.03288324 0.76372914
v -0.19194671 -0.03271592 0.76143908
v -0.19420247 -0.03035376 0.78323815
v -0.19309135 -0.03117956 0.77855504
v -0.19037506 -0.02835974 0.77933171
v -0.19639045 -0.01158079 0.77230092
v -0.20098080 -0.01279057 0.77153028
v -0.20154921 -0.01302882 0.77482187
v -0.18279320 -0.01417828 0.73600829
v -0.19752859 -0.01245447 0.78239069
v -0.20234437 -0.01337200 0.78074592
v -0.19736564 -0.01330874 0.75632380
v -0.19452076 -0.01197017 0.76013776
v -0.18593262 -0.03255845 0.74991556
v -0.18835057 -0.03271471 0.74880174
v -0.18583234 -0.03274721 0.74289784
v -0.19735245 -0.03210702 0.78201830
v -0.19656407 -0.03290014 0.77712228
v -0.19309135 -0.03117956 0.77855504
v -0.19274772 -0.03230432 0.77405732
v -0.19899625 -0.03233580 0.76218570
v -0.20170734 -0.03062599 0.76170909
v -0.19939606 -0.01303950 0.76200235
v -0.18553289 -0.01763340 0.72530466
v -0.18458315 -0.01793098 0.72199963
v -0.18600661 -0.02092400 0.72250706
v -0.18624458 -0.02532668 0.72295251
v -0.18441917 -0.02936129 0.72320138
v -0.18560680 -0.02956129 0.72562211
v -0.17181161 -0.03017474 0.71941946
v -0.17636194 -0.03178818 0.72095676
v -0.17502027 -0.03191018 0.71516625
v -0.18237083 -0.03126720 0.72310863
v -0.17966485 -0.03191649 0.72231718
v -0.18062361 -0.03191724 0.72597784
v -0.18760713 -0.02102372 0.72490437
v -0.18069845 -0.03088810 0.71878967
v -0.17853302 -0.03133276 0.71551319
v -0.17856709 -0.03190972 0.71881075
v -0.17656463 -0.03096470 0.71182286
v -0.17857192 -0.03078625 0.71485545
v -0.17833107 -0.01647143 0.71518750
v -0.17851687 -0.01790287 0.71121747
v -0.18134309 -0.01852524 0.71569122
v -0.17609175 -0.02965396 0.70871573
v -0.17487607 -0.02980093 0.70874451
v -0.17656463 -0.03096470 0.71182286
v -0.18400126 -0.01849696 0.71998766
v -0.18310248 -0.01928713 0.71842607
v -0.18472000 -0.02140989 0.72019215
v -0.17691931 -0.02114558 0.70744568
v -0.17526299 -0.02018943 0.70736870
v -0.17434220 -0.02385912 0.70634913
v -0.18474702 -0.02527987 0.72104154
v -0.18301261 -0.02894858 0.72040710
v -0.18410136 -0.02921432 0.72190233
v -0.18561971 -0.02123811 0.72133187
v -0.18345745 -0.02211324 0.71958538
v -0.18354946 -0.02509342 0.72023421
v -0.18179498 -0.02841619 0.71962379
v -0.20264679 -0.02587513 0.75403374
v -0.21134840 -0.02479297 0.78001070
v -0.18042843 -0.02232542 0.75153819
v -0.17828604 -0.02224340 0.74501766
v -0.17948463 -0.01796573 0.74469745
v -0.20577988 -0.02572958 0.76132640
v -0.18782524 -0.01672861 0.76458251
v -0.18616984 -0.02178318 0.76530467
v -0.18604691 -0.02194152 0.76318662
v -0.18806590 -0.01910263 0.78658126
v -0.18798131 -0.02028994 0.77921975
v -0.19022929 -0.01596328 0.77867612
v -0.17140540 -0.01867322 0.71065431
v -0.16954396 -0.02331190 0.70988799
v -0.18273368 -0.02019795 0.71796203
v -0.17201225 -0.03084223 0.71308356
v -0.17894277 -0.01939699 0.71048629
v -0.18109212 -0.01934519 0.71437906
v -0.17502027 -0.03191018 0.71516625
v -0.18004646 -0.03011941 0.71794791
v -0.17096381 -0.01831781 0.71840742
v -0.17320536 -0.01833415 0.72585332
v -0.17117902 -0.02244281 0.72592416
v -0.17804956 -0.03177630 0.72611271
v -0.17484562 -0.03040492 0.72630215
v -0.17804956 -0.03177630 0.72611271
v -0.18595861 -0.02532430 0.72196769
v -0.17788243 -0.01581408 0.71967852
v -0.18181700 -0.01716936 0.71807780
v -0.18163009 -0.03117092 0.72075924
v -0.18840294 -0.02080080 0.72701097
v -0.18849589 -0.02557656 0.72661367
v -0.18773304 -0.02538519 0.72502369
v -0.17463096 -0.01822739 0.73121681
v -0.17582565 -0.01835634 0.73369697
v -0.17430812 -0.02248863 0.73417126
v -0.20944080 -0.02546111 0.77479459
v -0.20976384 -0.01977531 0.77463559
v -0.20818113 -0.02020941 0.77026234
v -0.19274772 -0.03230432 0.77405732
v -0.19005185 -0.03002823 0.77455667
v -0.19518851 -0.01209879 0.76253463
v -0.19268049 -0.03288324 0.76372914
v -0.19643046 -0.03330403 0.77322215
v -0.20067124 -0.03228993 0.77580829
v -0.20536929 -0.02979862 0.77537961
v -0.20377090 -0.03031541 0.77110697
v -0.20555712 -0.01548507 0.77072910
v -0.20794028 -0.02585111 0.77021369
v -0.18730575 -0.02137115 0.77498082
v -0.18969586 -0.01586185 0.77406385
v -0.19943877 -0.02574667 0.74917951
v -0.19955566 -0.02088525 0.74959496
v -0.19734234 -0.02095791 0.74558935
v -0.18031693 -0.01496198 0.72983652
v -0.17911324 -0.01540200 0.72586091
v -0.18318968 -0.01570650 0.72574452
v -0.19500319 -0.01679491 0.74683864
v -0.19772933 -0.01686464 0.75080873
v -0.19538425 -0.01401108 0.75260818
v -0.17621533 -0.03055626 0.73067468
v -0.17710901 -0.03051661 0.73298876
v -0.18012500 -0.03206886 0.73202182
v -0.18322496 -0.03221185 0.73342353
v -0.18234716 -0.03216867 0.73100884
v -0.18012500 -0.03206886 0.73202182
v -0.19111895 -0.03279429 0.75901824
v -0.18936152 -0.03295891 0.75492381
v -0.18609863 -0.03092078 0.75693511
v -0.18479531 -0.02207234 0.76116884
v -0.18334668 -0.02239576 0.75853361
v -0.18446421 -0.01698313 0.75759202
v -0.19251318 -0.01431464 0.74779518
v -0.19657475 -0.02969991 0.75061414
v -0.19742433 -0.02568608 0.74557164
v -0.19391881 -0.03171074 0.75187949
v -0.19419949 -0.02992006 0.74680400
v -0.19160958 -0.01244888 0.75423303
v -0.19373506 -0.03306624 0.75758400
v -0.19168859 -0.03286096 0.75366200
v -0.18936152 -0.03295891 0.75492381
v -0.18343879 -0.03118875 0.72608133
v -0.18172535 -0.03204268 0.72904508
v -0.17559576 -0.02262117 0.73606429
v -0.19131561 -0.03172996 0.74785589
v -0.18735793 -0.01323663 0.74914553
v -0.17832867 -0.03055115 0.73520793
v -0.18076083 -0.03205289 0.73410435
v -0.17970115 -0.03205856 0.72973785
v -0.18638469 -0.01697915 0.76055333
v -0.19472475 -0.03315055 0.76032521
v -0.19111895 -0.03279429 0.75901824
v -0.20306479 -0.01597861 0.76145524
v -0.19194671 -0.03271592 0.76143908
v -0.18893887 -0.03022368 0.76215211
v -0.19646696 -0.03201064 0.75614571
v -0.19361101 -0.01209254 0.75792441
v -0.18855902 -0.03045589 0.73374363
v -0.18747129 -0.03049842 0.73131090
v -0.18840108 -0.01727246 0.73179055
v -0.18948175 -0.01730091 0.73416395
v -0.19122704 -0.02551601 0.73086268
v -0.19164504 -0.02057616 0.73361546
v -0.18610401 -0.01534821 0.73266340
v -0.18271846 -0.03249912 0.74354861
v -0.18388771 -0.03247080 0.73554136
v -0.17710928 -0.02258531 0.73787443
v -0.17823684 -0.01839944 0.73738205
v -0.18145572 -0.03214639 0.73602052
v -0.17909653 -0.03061234 0.73707694
v -0.18145572 -0.03214639 0.73602052
v -0.17705617 -0.01843852 0.73553649
v -0.18502222 -0.03137296 0.73003282
v -0.18561200 -0.03166441 0.73219798
v -0.18744131 -0.01727351 0.72958333
v -0.19066028 -0.02036155 0.73115350
v -0.18915966 -0.02050427 0.72874396
v -0.18505510 -0.01546438 0.73060418
v -0.18203138 -0.01460513 0.73399632
v -0.18967646 -0.02553754 0.72845928
v -0.18220194 -0.01623878 0.72112826
v -0.16839375 -0.02275781 0.71777735
v -0.17636194 -0.03178818 0.72095676
v -0.18094338 -0.02729941 0.75147300
v -0.17828604 -0.02670553 0.74469175
v -0.18740138 -0.02750311 0.76474074
v -0.18727437 -0.02723273 0.76254625
v -0.18869198 -0.02323503 0.78666726
v -0.18876366 -0.02584341 0.77919562
v -0.16925148 -0.02747433 0.71823481
v -0.16991600 -0.02847116 0.71093180
v -0.17437126 -0.02809836 0.70749471
v -0.17578572 -0.02750813 0.70734800
v -0.17194262 -0.02740479 0.72625052
v -0.18812050 -0.02707273 0.77487943
v -0.17309951 -0.02250174 0.73157244
v -0.17485491 -0.02729720 0.73390467
v -0.18591293 -0.02769178 0.76049815
v -0.18411649 -0.02753570 0.75820156
v -0.17609955 -0.02723743 0.73586307
v -0.17757417 -0.02743793 0.73781532
v -0.19264744 -0.01207798 0.77291290
v -0.19452724 -0.01316889 0.78402849
v -0.19118033 -0.01421182 0.78553756
v -0.19346784 -0.01265880 0.77705333
v -0.17842365 -0.01567688 0.73280038
v -0.17464934 -0.01689447 0.71177383
v -0.18779821 -0.01670072 0.76237569
v -0.18957850 -0.01352884 0.75910054
v -0.18131802 -0.01416832 0.74357047
v -0.17351789 -0.01662528 0.71840526
v -0.17617522 -0.01604170 0.72581071
v -0.18180604 -0.01725856 0.75112418
v -0.19147792 -0.01318067 0.76353926
v -0.18414314 -0.01361506 0.75012176
v -0.17772914 -0.02016049 0.70863963
v -0.17689536 -0.01832623 0.70915752
v -0.17953839 -0.01559929 0.73475279
v -0.17747288 -0.01566627 0.73043289
v -0.18769200 -0.01342678 0.75571813
v -0.17713528 -0.02185805 0.70783640
v -0.17691931 -0.02114558 0.70744568
v -0.17607263 -0.02422382 0.70658107
v -0.18298764 -0.02216321 0.71955538
v -0.18283063 -0.02515535 0.71981250
v -0.17648757 -0.02660055 0.70777679
v -0.17707641 -0.02441320 0.70726975
v -0.18223072 -0.02066233 0.71741519
v -0.17727632 -0.03035357 0.71115377
v -0.17843405 -0.02960094 0.71418066
v -0.17872485 -0.02011267 0.71020643
v -0.18044924 -0.02036238 0.71378408
v -0.17772914 -0.02016049 0.70863963
v -0.17769609 -0.02088497 0.70863880
v -0.18000356 -0.02961719 0.71749765
v -0.17609175 -0.02965396 0.70871573
v -0.17700845 -0.02915053 0.71047284
v -0.18139415 -0.02800505 0.71946988
v -0.17767909 -0.02450148 0.70831987
v -0.17841892 -0.02484670 0.70995130
v -0.17663147 -0.02858378 0.70882420
v -0.18002742 -0.02493652 0.71364185
v -0.18146899 -0.02499419 0.71673315
v -0.18657753 -0.01739858 0.72780298
v -0.18615768 -0.02977902 0.72741364
v -0.18650074 -0.03014188 0.72896754
v -0.18106278 -0.01461792 0.73194921
v -0.18433738 -0.01552453 0.72872924
v -0.17970115 -0.03205856 0.72973785
v -0.18406756 -0.03124381 0.72810453
v -0.17358938 -0.02726001 0.73125240
v -0.20210882 -0.01141493 0.76601217
v -0.20306693 -0.01127248 0.76775716
v -0.20609268 -0.00876498 0.76721022
v -0.20526392 0.00436280 0.76518525
v -0.20598758 0.00384092 0.76772590
v -0.20363526 0.00591000 0.76835951
v -0.20771308 -0.00309777 0.76421742
v -0.20843210 -0.00362014 0.76691867
v -0.20764752 0.00097553 0.76717679
v -0.21443394 -0.00590057 0.78709926
v -0.21539149 -0.00071175 0.78830788
v -0.21345949 -0.00126544 0.78482708
v -0.20581599 -0.01174742 0.78346367
v -0.20561386 -0.01227262 0.78932894
v -0.21083225 -0.01064778 0.78727254
v -0.21352244 0.00227612 0.79359644
v -0.20316274 0.00586468 0.79343091
v -0.20537858 0.00587337 0.78744299
v -0.19617077 -0.00844969 0.75265229
v -0.19822792 -0.00636020 0.75186100
v -0.19416217 -0.00575193 0.74407342
v -0.19426115 0.00537545 0.74518092
v -0.19799460 0.00461926 0.75242190
v -0.19586409 0.00635589 0.75316830
v -0.19671792 -0.00044234 0.74384247
v -0.20064896 -0.00168207 0.75140969
v -0.19961676 0.00252251 0.75176659
v -0.19171877 -0.00902830 0.76458572
v -0.19417590 -0.01091519 0.76336582
v -0.19002705 -0.00964038 0.75434432
v -0.20829525 0.00042309 0.76992946
v -0.19437572 -0.00997072 0.77215665
v -0.19773964 -0.01200736 0.77122358
v -0.19688255 -0.01176923 0.76912821
v -0.19719730 -0.01145367 0.78372699
v -0.19819784 -0.01203792 0.78099541
v -0.19501219 -0.01001167 0.78196251
v -0.20159583 0.00653720 0.77936132
v -0.20555537 0.00509879 0.77844972
v -0.20591497 0.00538093 0.78231543
v -0.19252386 0.00699133 0.74556328
v -0.19197131 0.00784072 0.75434460
v -0.20095935 0.00612014 0.78761765
v -0.20269794 0.00634172 0.76597321
v -0.19962427 0.00748587 0.76942540
v -0.19417590 -0.01091519 0.76336582
v -0.19719694 -0.01141792 0.76205935
v -0.19340201 -0.00991859 0.75315618
v -0.20080958 -0.01288737 0.78358586
v -0.20175348 -0.01325743 0.78089020
v -0.19819784 -0.01203792 0.78099541
v -0.19841092 -0.01245182 0.77851967
v -0.20626993 -0.00887849 0.76973570
v -0.20444090 0.00507019 0.77133055
v -0.18945919 0.00628113 0.73436933
v -0.18816237 0.00619015 0.73084475
v -0.19003941 0.00378741 0.73153697
v -0.19096650 0.00004722 0.73214352
v -0.18929912 -0.00395425 0.73219006
v -0.19038889 -0.00417600 0.73474217
v -0.17653622 -0.00531993 0.72880561
v -0.17950144 -0.00697244 0.72926395
v -0.17838846 -0.00665024 0.72338634
v -0.18657940 -0.00641382 0.73151262
v -0.18332857 -0.00739365 0.73012668
v -0.18474359 -0.00816607 0.73515380
v -0.19105490 0.00410734 0.73430303
v -0.18475752 -0.00539641 0.72556245
v -0.18216972 -0.00590351 0.72151599
v -0.18163612 -0.00666629 0.72535929
v -0.17908762 -0.00532735 0.71842319
v -0.18228811 -0.00522225 0.72023427
v -0.18097523 0.00853826 0.72377445
v -0.18125183 0.00746694 0.71900655
v -0.18343154 0.00714906 0.72234142
v -0.17722033 -0.00357018 0.71703233
v -0.17908762 -0.00532735 0.71842319
v -0.18012009 -0.00418215 0.71716991
v -0.18648915 0.00629602 0.72741691
v -0.18578433 0.00604747 0.72562554
v -0.18794148 0.00378746 0.72863255
v -0.17809487 0.00465412 0.71600911
v -0.17667243 0.00161567 0.71611924
v -0.17872930 0.00134206 0.71478483
v -0.18882151 0.00016852 0.72907723
v -0.18722423 -0.00345412 0.72826879
v -0.18814557 -0.00368727 0.72974333
v -0.18880034 0.00402289 0.72962390
v -0.18726472 0.00341600 0.72764614
v -0.18784223 0.00009835 0.72835086
v -0.18628386 -0.00322273 0.72743711
v -0.20568880 -0.00831953 0.76473255
v -0.21302441 -0.00558629 0.78387547
v -0.18915483 -0.00030881 0.76780642
v -0.18492389 0.00048852 0.75738670
v -0.18696592 0.00528857 0.75681728
v -0.20894937 -0.00415714 0.76966752
v -0.19080912 -0.00039325 0.77423713
v -0.19070421 -0.00059852 0.77246358
v -0.19310519 0.00457531 0.77244216
v -0.19196175 -0.00176170 0.78719556
v -0.19198078 -0.00150314 0.78467267
v -0.19445613 0.00338263 0.78416330
v -0.17514637 0.00565654 0.72139507
v -0.17390637 0.00183543 0.72113308
v -0.18597290 0.00568863 0.72450392
v -0.17563577 -0.00455881 0.72197029
v -0.18220111 0.00629225 0.71795865
v -0.18387312 0.00653532 0.72058303
v -0.17838846 -0.00665024 0.72338634
v -0.18426652 -0.00475942 0.72458444
v -0.17564951 0.00593684 0.72795367
v -0.17814092 0.00601116 0.73580385
v -0.17645925 0.00200832 0.73633259
v -0.18146110 -0.00793019 0.73527207
v -0.17892224 -0.00637203 0.73568415
v -0.18146110 -0.00793019 0.73527207
v -0.18989734 0.00007101 0.73034219
v -0.18224605 0.00870108 0.72847826
v -0.18407118 0.00781460 0.72579455
v -0.18556929 -0.00581219 0.72778399
v -0.19058824 0.00650957 0.73740656
v -0.19329180 0.00001290 0.73618068
v -0.19216359 0.00008219 0.73432417
v -0.18268875 0.00568614 0.74408908
v -0.18119453 0.00169653 0.74505242
v -0.17959086 0.00205547 0.74253905
v -0.21217874 -0.00079802 0.78146382
v -0.21068425 -0.00040549 0.77761311
v -0.21078814 -0.00507532 0.77771013
v -0.19841092 -0.01245182 0.77851967
v -0.19476661 -0.01007515 0.77938528
v -0.20029149 0.00708414 0.77212532
v -0.19773964 -0.01200736 0.77122358
v -0.20199675 -0.01322523 0.77759120
v -0.20555369 -0.01256610 0.78101876
v -0.20870127 -0.00990641 0.78114029
v -0.20790156 -0.00947380 0.77760204
v -0.20794372 0.00335236 0.77802563
v -0.21168655 -0.00568851 0.78105518
v -0.19166890 -0.00123274 0.78214376
v -0.20458687 -0.00220013 0.75940813
v -0.20612416 -0.00258857 0.76181219
v -0.20520756 0.00145014 0.76206483
v -0.18408009 0.00855463 0.73528945
v -0.18719313 0.00788395 0.73468229
v -0.18866004 0.00776308 0.73831855
v -0.20195209 0.00425189 0.76036782
v -0.20367797 0.00430010 0.76261770
v -0.20138255 0.00639778 0.76368215
v -0.18198366 -0.00670387 0.74274548
v -0.18404258 -0.00861943 0.74146010
v -0.18295068 -0.00832329 0.73928355
v -0.18520560 -0.00888541 0.74358530
v -0.18837824 -0.00868047 0.74223168
v -0.18712451 -0.00859524 0.74021053
v -0.19635229 -0.01158245 0.76766496
v -0.19544738 -0.01142213 0.76533262
v -0.19294566 -0.00933943 0.76660549
v -0.19289459 0.00468561 0.77104178
v -0.19065610 -0.00077522 0.77112092
v -0.18997748 -0.00030023 0.76911786
v -0.19979429 0.00640925 0.76148999
v -0.20286480 -0.00707677 0.76004052
v -0.20446579 -0.00751031 0.76233900
v -0.19994118 -0.01024909 0.76117836
v -0.20128497 -0.01107469 0.76389727
v -0.19734782 0.00797139 0.76555167
v -0.19142043 0.00473121 0.76735151
v -0.19635229 -0.01158245 0.76766496
v -0.19955539 -0.01222127 0.76636343
v -0.19858911 -0.01194118 0.76435141
v -0.18795299 -0.00679010 0.73503808
v -0.18615090 -0.00839025 0.73814438
v -0.20525054 -0.01192961 0.77770387
v -0.19228449 0.00387091 0.73653752
v -0.20678358 0.00136314 0.76436358
v -0.18318540 0.00534734 0.74608704
v -0.18166835 0.00162994 0.74667505
v -0.20372207 0.00171799 0.75966198
v -0.18307556 -0.00699990 0.74492214
v -0.18520560 -0.00888541 0.74358530
v -0.18404258 -0.00861943 0.74146010
v -0.19544738 -0.01142213 0.76533262
v -0.19688255 -0.01176923 0.76912821
v -0.20028992 -0.01231878 0.76799386
v -0.19412884 0.00371441 0.78127831
v -0.19411770 -0.00973020 0.77017861
v -0.19858947 0.00781062 0.76767957
v -0.19220520 -0.00765979 0.74443912
v -0.19307742 -0.00552962 0.74136054
v -0.19293981 0.00577984 0.74224696
v -0.19576288 0.00344384 0.74479076
v -0.19423460 0.00368453 0.74147477
v -0.19111440 0.00728974 0.74294825
v -0.18875623 0.00831141 0.74631378
v -0.19533085 -0.00056521 0.74101238
v -0.19002705 -0.00964038 0.75434432
v -0.18979038 -0.00890422 0.74506138
v -0.18217279 0.00151505 0.74931753
v -0.18748123 -0.00800845 0.75529272
v -0.18666685 -0.00930445 0.74620160
v -0.18666685 -0.00930445 0.74620160
v -0.18374091 0.00560949 0.74851762
v -0.18410432 -0.00774857 0.74741736
v -0.19097783 -0.00749753 0.74182918
v -0.19227511 -0.00511290 0.73881740
v -0.19168737 0.00628865 0.73963718
v -0.19426532 -0.00019208 0.73824677
v -0.18975918 0.00754216 0.74054917
v -0.18742618 0.00821732 0.74391447
v -0.18576168 0.00793381 0.72954537
v -0.17390136 0.00190438 0.72837311
v -0.17950144 -0.00697244 0.72926395
v -0.18981360 -0.00568397 0.76641606
v -0.18524107 -0.00424014 0.75673903
v -0.19171244 -0.00637314 0.77333488
v -0.19165117 -0.00627651 0.77129547
v -0.19282143 -0.00698921 0.78548897
v -0.19264223 -0.00693630 0.78346173
v -0.17444043 -0.00236117 0.72880583
v -0.17429466 -0.00206768 0.72140138
v -0.17645525 -0.00183348 0.71631748
v -0.17841037 -0.00129350 0.71498246
v -0.17663900 -0.00263102 0.73621726
v -0.19245431 -0.00639512 0.78083104
v -0.18090438 -0.00315052 0.74433275
v -0.19176779 -0.00616766 0.77001214
v -0.19080894 -0.00581241 0.76805402
v -0.18162674 -0.00332351 0.74606966
v -0.18201076 -0.00327315 0.74897723
v -0.19755226 0.00608660 0.78004928
v -0.19310954 0.00445008 0.77405073
v -0.19812802 0.00541247 0.78718637
v -0.19506874 0.00354495 0.78760575
v -0.19772273 0.00567977 0.78335979
v -0.18518563 0.00740811 0.74486492
v -0.17954916 0.00649994 0.71675457
v -0.17699629 0.00745649 0.72199127
v -0.19617152 0.00716118 0.77082401
v -0.18955864 0.00731757 0.75555891
v -0.17798066 0.00772213 0.72786684
v -0.18026530 0.00763264 0.73533494
v -0.19393172 0.00722693 0.76625302
v -0.19652118 0.00676182 0.77308557
v -0.19244232 0.00482867 0.76899096
v -0.18062621 0.00523505 0.71549565
v -0.18407777 0.00713052 0.74316885
v -0.18161152 0.00613253 0.74202050
v -0.19539603 0.00703146 0.76967449
v -0.18029706 0.00309641 0.71580158
v -0.17974684 0.00377894 0.71476839
v -0.17872930 0.00134206 0.71478483
v -0.18652461 0.00323841 0.72735559
v -0.18652415 0.00010300 0.72820459
v -0.17948297 -0.00096788 0.71581951
v -0.17987125 0.00112528 0.71556881
v -0.18562194 0.00489226 0.72422317
v -0.18089946 -0.00355434 0.71794548
v -0.18012009 -0.00418215 0.71716991
v -0.18245560 0.00504196 0.71774796
v -0.18395271 0.00549620 0.72042149
v -0.18062621 0.00523505 0.71549565
v -0.18117671 0.00390589 0.71615162
v -0.18442753 -0.00405087 0.72421586
v -0.18232664 -0.00427424 0.72050622
v -0.17992511 -0.00205617 0.71663387
v -0.17876413 -0.00263672 0.71552536
v -0.18559724 -0.00294863 0.72714955
v -0.18127383 0.00087752 0.71636037
v -0.18253184 0.00064386 0.71763042
v -0.18371426 0.00052852 0.71970304
v -0.18497979 0.00039322 0.72338678
v -0.19140206 -0.00457729 0.73691617
v -0.18530968 0.00834135 0.73988368
v -0.18081079 -0.00658759 0.74035149
v -0.18911389 -0.00698191 0.73753877
v -0.19353349 0.00378520 0.73871928
v -0.18295068 -0.00832329 0.73928355
v -0.17940673 -0.00295814 0.74203660
v -0.18307176 0.00760690 0.74104896
v -0.20270046 0.01201624 0.78086773
v -0.20506977 0.01566058 0.78106076
v -0.20355634 0.01595655 0.77877480
v -0.20194874 0.02392477 0.77990915
v -0.20356422 0.02396064 0.78218189
v -0.19918073 0.02573590 0.78317567
v -0.20466791 0.01897862 0.77908632
v -0.20612834 0.01880263 0.78136631
v -0.20533299 0.02192199 0.78181043
v -0.21142044 0.01601559 0.79528520
v -0.21334390 0.01543567 0.79860906
v -0.21179257 0.01846892 0.79937527
v -0.21060421 0.00811683 0.79711421
v -0.21287576 0.01215133 0.79825542
v -0.21123576 0.01291057 0.79524170
v -0.20756656 0.02213168 0.79519129
v -0.20930804 0.02115766 0.79917321
v -0.20351140 0.02432988 0.79890757
v -0.19550132 0.01475247 0.77121257
v -0.19765254 0.01747209 0.77063811
v -0.19574069 0.01762677 0.76760204
v -0.19477970 0.02554591 0.76922976
v -0.19682767 0.02490411 0.77282535
v -0.19401817 0.02658872 0.77389683
v -0.19690530 0.02052886 0.76791948
v -0.19899337 0.02016256 0.77091327
v -0.19829042 0.02298545 0.77180085
v -0.18908307 0.01390546 0.77809044
v -0.19195376 0.01207280 0.77638230
v -0.19053336 0.01252439 0.77350047
v -0.20598972 0.02159016 0.78376495
v -0.19315699 0.01312320 0.78627256
v -0.19670233 0.01008042 0.78471684
v -0.19544339 0.01055582 0.78282485
v -0.19722692 0.01023649 0.79436818
v -0.19974332 0.00803956 0.79211819
v -0.19907332 0.00829746 0.79168254
v -0.20151171 0.02459907 0.79023097
v -0.20218886 0.02450714 0.79249729
v -0.19823805 0.02473692 0.79324203
v -0.19229915 0.02723788 0.77041232
v -0.19127958 0.02708050 0.77491385
v -0.20317408 0.02428832 0.79525615
v -0.19868772 0.02426983 0.79868797
v -0.19817240 0.02582755 0.78095871
v -0.19543392 0.02607155 0.78424045
v -0.19195376 0.01207280 0.77638230
v -0.19477507 0.01232948 0.77522620
v -0.19304056 0.01292899 0.77233407
v -0.19974332 0.00803956 0.79211819
v -0.20388279 0.00820758 0.79229955
v -0.20232385 0.00833814 0.79113913
v -0.20118656 0.00884558 0.78906081
v -0.19783434 0.00906938 0.78975259
v -0.19907332 0.00829746 0.79168254
v -0.20377638 0.01186228 0.78324175
v -0.20582872 0.01510279 0.78334845
v -0.20011350 0.02553130 0.78523561
v -0.18918380 0.02749224 0.76123929
v -0.18705765 0.02813382 0.75834019
v -0.18895707 0.02552339 0.75831722
v -0.18988110 0.02239700 0.75803620
v -0.18954740 0.01864839 0.75787355
v -0.19078275 0.01878995 0.75986858
v -0.17914629 0.01760287 0.75708962
v -0.18245746 0.01593231 0.75763380
v -0.18154828 0.01671617 0.75399284
v -0.18740881 0.01664882 0.75836294
v -0.18496345 0.01599052 0.75819968
v -0.18655061 0.01525669 0.76114953
v -0.19087170 0.02525603 0.76049964
v -0.18551172 0.01807438 0.75473498
v -0.18355578 0.01740983 0.75296835
v -0.18369802 0.01665397 0.75531059
v -0.18190557 0.01774083 0.75116214
v -0.18390990 0.01809514 0.75203074
v -0.18185915 0.02875946 0.75352465
v -0.18215292 0.02806155 0.75130515
v -0.18354602 0.02774450 0.75278549
v -0.18055499 0.01908853 0.74979834
v -0.18249423 0.01817920 0.75039919
v -0.18575313 0.02730054 0.75605257
v -0.18513996 0.02688397 0.75456037
v -0.18647215 0.02528940 0.75545194
v -0.18152721 0.02605711 0.74832597
v -0.18044061 0.02645850 0.74872393
v -0.17989121 0.02365586 0.74781975
v -0.18806033 0.02246656 0.75682946
v -0.18723620 0.02262860 0.75584592
v -0.18680176 0.01976232 0.75553622
v -0.18718616 0.02538133 0.75674479
v -0.18634569 0.02528940 0.75512835
v -0.18678273 0.02261432 0.75525055
v -0.18638014 0.02005154 0.75498164
v -0.18857128 0.02296851 0.77994208
v -0.18761801 0.02024999 0.77999510
v -0.18609546 0.02092744 0.77678016
v -0.20688932 0.01823787 0.78349350
v -0.19175692 0.02131682 0.78783565
v -0.19132582 0.01854224 0.78789757
v -0.19033996 0.01886683 0.78583176
v -0.19394193 0.01958666 0.79582711
v -0.19406338 0.01609042 0.79558051
v -0.19359942 0.01665607 0.79411975
v -0.18044061 0.02645850 0.74872393
v -0.17755513 0.02702034 0.75102395
v -0.17660474 0.02363135 0.75056948
v -0.18517877 0.02650299 0.75377269
v -0.17926161 0.01792906 0.75246202
v -0.18190557 0.01774083 0.75116214
v -0.18275745 0.02743385 0.75064264
v -0.18397648 0.02732151 0.75200456
v -0.18154828 0.01671617 0.75399284
v -0.18531711 0.01859686 0.75395847
v -0.17702646 0.02670771 0.75671894
v -0.17993049 0.02595965 0.76360351
v -0.17882633 0.02245748 0.76368874
v -0.18415335 0.01515591 0.76166006
v -0.18093196 0.01664268 0.76241310
v -0.18415335 0.01515591 0.76166006
v -0.18290750 0.02925346 0.75705813
v -0.18378604 0.02845000 0.75474334
v -0.18767678 0.01948732 0.75668629
v -0.18615025 0.01749561 0.75621721
v -0.19186082 0.02644876 0.76416280
v -0.19151969 0.02200235 0.76011324
v -0.19261159 0.01844462 0.76269712
v -0.18236535 0.02539549 0.76822032
v -0.18336896 0.02511352 0.76953321
v -0.18254094 0.02173853 0.76972364
v -0.20877435 0.01990997 0.79176195
v -0.20724577 0.02060839 0.78902893
v -0.20846897 0.01717867 0.78865748
v -0.19564413 0.01112700 0.79325121
v -0.19783434 0.00906938 0.78975259
v -0.19791446 0.02506195 0.79107737
v -0.20009326 0.00953054 0.78387176
v -0.19670233 0.01008042 0.78471684
v -0.20697001 0.01048304 0.79118833
v -0.20909885 0.01346565 0.79171132
v -0.20764437 0.01421953 0.78849887
v -0.20498472 0.02301367 0.78959293
v -0.20968185 0.01660682 0.79180789
v -0.19353247 0.01983393 0.79430858
v -0.19299310 0.01755394 0.79225478
v -0.20111543 0.01953497 0.77413369
v -0.20288801 0.01921798 0.77658480
v -0.20219657 0.02210451 0.77720131
v -0.18708625 0.02847042 0.76637510
v -0.18494591 0.02885095 0.76268245
v -0.18725069 0.02869057 0.76207463
v -0.19839561 0.02458683 0.77564963
v -0.20022863 0.02422749 0.77815690
v -0.19708255 0.02582727 0.77906673
v -0.18462047 0.01559921 0.76792513
v -0.18719544 0.01416147 0.76667893
v -0.18593688 0.01445041 0.76487959
v -0.18820444 0.01396417 0.76820295
v -0.19021610 0.01408604 0.76720352
v -0.18941518 0.01437520 0.76567823
v -0.19136686 0.01311533 0.78239313
v -0.19433431 0.01097215 0.78080719
v -0.19323285 0.01146603 0.77883972
v -0.18997618 0.02190965 0.78376257
v -0.18930088 0.01931133 0.78376002
v -0.18857397 0.01961494 0.78185935
v -0.19564451 0.02623614 0.77693788
v -0.20178914 0.01635822 0.77653466
v -0.19923561 0.01351130 0.77668015
v -0.19984266 0.01687982 0.77396518
v -0.19381965 0.02638208 0.78023534
v -0.18926422 0.02236844 0.78196268
v -0.19433431 0.01097215 0.78080719
v -0.19743787 0.01077724 0.77962087
v -0.19616019 0.01148274 0.77769552
v -0.18923858 0.01619784 0.76049865
v -0.18835522 0.01468551 0.76398781
v -0.20567059 0.01114654 0.78843639
v -0.19286934 0.02462142 0.76323582
v -0.20386310 0.02202742 0.77964063
v -0.18375976 0.02162618 0.77108555
v -0.19749498 0.01413191 0.77426994
v -0.20012687 0.02271776 0.77467992
v -0.19260890 0.02646642 0.77823079
v -0.18545128 0.01562051 0.76965197
v -0.18820444 0.01396417 0.76820295
v -0.18719544 0.01416147 0.76667893
v -0.19323285 0.01146603 0.77883972
v -0.19031637 0.01349631 0.78059235
v -0.19631366 0.02598688 0.78629442
v -0.19438380 0.01220457 0.79107903
v -0.19096947 0.02166266 0.78587869
v -0.19544339 0.01055582 0.78282485
v -0.19883460 0.00999409 0.78181923
v -0.20441203 0.02357241 0.78419513
v -0.19323860 0.02046954 0.79234532
v -0.19212571 0.01311539 0.78433470
v -0.20123177 0.01277808 0.77888399
v -0.19464108 0.02633277 0.78207253
v -0.19389199 0.01525331 0.76811152
v -0.19479957 0.01785943 0.76618467
v -0.19373664 0.02600448 0.76747929
v -0.19616501 0.02077580 0.76645053
v -0.19629900 0.02359897 0.76858270
v -0.19136770 0.02754117 0.76888476
v -0.18969317 0.02770857 0.77127106
v -0.19111367 0.01348612 0.76885106
v -0.18889940 0.01335707 0.77006283
v -0.18695218 0.02395654 0.77660522
v -0.18469140 0.02132286 0.77261311
v -0.18740566 0.01437105 0.77488269
v -0.18889940 0.01335707 0.77006283
v -0.18547607 0.02433065 0.77265285
v -0.18618766 0.01538763 0.77144224
v -0.19296247 0.01554961 0.76642325
v -0.19392327 0.01803569 0.76450249
v -0.19051572 0.02794333 0.76719295
v -0.19523540 0.02107205 0.76476227
v -0.19549056 0.02381060 0.76700695
v -0.18895066 0.02796254 0.76996261
v -0.18498044 0.02897956 0.75768660
v -0.17572194 0.02319121 0.75685591
v -0.18245746 0.01593231 0.75763380
v -0.18757910 0.01732765 0.77937078
v -0.18607587 0.01758854 0.77628163
v -0.19176351 0.01576141 0.78732694
v -0.19066195 0.01625528 0.78535958
v -0.19522705 0.01286995 0.79524016
v -0.19437944 0.01383146 0.79369522
v -0.17641681 0.01983858 0.75695741
v -0.17680752 0.02008762 0.75120968
v -0.17972251 0.02095190 0.74841855
v -0.18104894 0.02094598 0.74805994
v -0.17972251 0.02095190 0.74841855
v -0.17921528 0.01922484 0.76313703
v -0.19352291 0.01488413 0.79177441
v -0.18132387 0.02184396 0.76820112
v -0.18289999 0.01819530 0.76897054
v -0.18952113 0.01636796 0.78330102
v -0.18860108 0.01673488 0.78150245
v -0.18388771 0.01842155 0.77052948
v -0.18491155 0.01837949 0.77215405
v -0.19411027 0.02365393 0.79227105
v -0.19555844 0.02296221 0.79586132
v -0.19495277 0.02318114 0.79407321
v -0.18469948 0.02484583 0.77111793
v -0.18568665 0.02755085 0.76902688
v -0.18119723 0.02758106 0.75013344
v -0.18024117 0.02827854 0.75245189
v -0.19261549 0.02458666 0.78523539
v -0.18864992 0.02610409 0.77578162
v -0.18055528 0.02819287 0.75664534
v -0.18263044 0.02828436 0.76321434
v -0.19009298 0.02532770 0.77916076
v -0.19340081 0.02424780 0.78735301
v -0.19115628 0.02510909 0.78122303
v -0.18207762 0.02708077 0.74957620
v -0.18119723 0.02758106 0.75013344
v -0.18720919 0.02687341 0.77224176
v -0.18481768 0.02780481 0.76739500
v -0.19189814 0.02496078 0.78322448
v -0.18233695 0.02563407 0.74851568
v -0.18100763 0.02356499 0.74762317
v -0.18574274 0.02514784 0.75475119
v -0.18628163 0.02280459 0.75486027
v -0.18185246 0.02110182 0.74838540
v -0.18224837 0.02348115 0.74791095
v -0.18494831 0.02617819 0.75362288
v -0.18363915 0.01861032 0.75179017
v -0.18313628 0.02667174 0.75073429
v -0.18384482 0.02667910 0.75181618
v -0.18273461 0.02643880 0.74961251
v -0.18471740 0.01910469 0.75360677
v -0.18134430 0.01954117 0.74898360
v -0.18263007 0.01936540 0.74991993
v -0.18586204 0.02009360 0.75465130
v -0.18306628 0.02334019 0.74937636
v -0.18342328 0.02310726 0.75019592
v -0.18225385 0.02001479 0.74897452
v -0.18422633 0.02281107 0.75156055
v -0.18516131 0.02259938 0.75345984
v -0.19312133 0.02615274 0.76580154
v -0.19365725 0.02142441 0.76274128
v -0.18796265 0.02829410 0.76805745
v -0.18925929 0.02822530 0.76523279
v -0.18321985 0.01583862 0.76639442
v -0.19091441 0.01619142 0.76282756
v -0.19451546 0.02430442 0.76536328
v -0.18593688 0.01445041 0.76487959
v -0.18173584 0.01818075 0.76745383
v -0.17162897 -0.05545347 0.80626493
v -0.17512817 -0.05962258 0.80556103
v -0.17429141 -0.05959816 0.80241970
v -0.18598897 -0.05583045 0.79939348
v -0.18682609 -0.05627147 0.80240808
v -0.19119742 -0.04895109 0.79992299
v -0.18034413 -0.06068514 0.80098008
v -0.18102834 -0.06082896 0.80424084
v -0.17388112 -0.04462545 0.80992327
v -0.17151978 -0.05061978 0.81023391
v -0.17046511 -0.05052349 0.80637999
v -0.18834668 -0.04490326 0.79844425
v -0.18987590 -0.04924858 0.79742955
v -0.17151978 -0.05061978 0.81023391
v -0.17271771 -0.05539629 0.80995454
v -0.18766990 -0.05091317 0.78875316
v -0.18666955 -0.05207193 0.78609901
v -0.18297055 -0.05577353 0.78995354
v -0.17796377 -0.05776783 0.79261367
v -0.17235431 -0.05688995 0.79311031
v -0.17273610 -0.05737870 0.79498890
v -0.16771791 -0.04592877 0.78455114
v -0.16475083 -0.05028960 0.78846616
v -0.16429736 -0.05184184 0.78445579
v -0.16716591 -0.05435564 0.79088683
v -0.16773062 -0.05423669 0.79389600
v -0.18371984 -0.05552971 0.79180584
v -0.17136297 -0.05652783 0.78967517
v -0.16647624 -0.05488440 0.78521287
v -0.16652498 -0.05474263 0.78787389
v -0.16435288 -0.05360617 0.78066761
v -0.16724614 -0.05572516 0.78369505
v -0.18411119 -0.05046165 0.78046207
v -0.18234679 -0.05259299 0.77773752
v -0.18427005 -0.05493919 0.78218786
v -0.16691160 -0.05134213 0.77623022
v -0.16435288 -0.05360617 0.78066761
v -0.16596464 -0.05589423 0.77812934
v -0.18554533 -0.05342585 0.78381382
v -0.18159304 -0.05656404 0.78704032
v -0.17747984 -0.05417244 0.77325868
v -0.17850962 -0.05111336 0.77517617
v -0.17334166 -0.05040427 0.77418992
v -0.17689118 -0.05729849 0.79004900
v -0.17175720 -0.05659784 0.79126559
v -0.18228496 -0.05616823 0.78839322
v -0.18099092 -0.05691817 0.78548288
v -0.17650446 -0.05685095 0.78891781
v -0.17119305 -0.05652868 0.78858968
v -0.18656054 -0.04158326 0.80663262
v -0.18045397 -0.04084131 0.80852560
v -0.17953208 -0.04142217 0.80438141
v -0.18026066 -0.04856762 0.77844253
v -0.17360972 -0.04756505 0.77737066
v -0.18239850 -0.05655095 0.78129071
v -0.16691540 -0.04839846 0.77961108
v -0.18022353 -0.05530780 0.77570502
v -0.16429736 -0.05184184 0.78445579
v -0.18151412 -0.04634613 0.78277183
v -0.18264474 -0.04454829 0.78767698
v -0.17592063 -0.04287247 0.78826815
v -0.16611031 -0.04973083 0.79220845
v -0.16881594 -0.04432462 0.79016029
v -0.16611031 -0.04973083 0.79220845
v -0.17740323 -0.05759086 0.79135109
v -0.18520940 -0.04869558 0.78370407
v -0.18835662 -0.05014206 0.79098036
v -0.17844176 -0.05821378 0.79408007
v -0.17317369 -0.05797933 0.79682715
v -0.18420674 -0.04274722 0.79508785
v -0.17774176 -0.04121725 0.79622641
v -0.17734809 -0.04156385 0.79450908
v -0.18618433 -0.04693646 0.78764853
v -0.16993457 -0.04336215 0.79522671
v -0.17053921 -0.04327673 0.79753066
v -0.16788698 -0.04954756 0.79820484
v -0.16844268 -0.04976584 0.80021492
v -0.16994127 -0.05476185 0.80031747
v -0.16926068 -0.05451032 0.79846987
v -0.18789469 -0.05598921 0.80651369
v -0.19235097 -0.04866837 0.80457129
v -0.16853813 -0.05437328 0.79645431
v -0.18450357 -0.05554893 0.79336693
v -0.18452501 -0.04248037 0.79713474
v -0.17786609 -0.04099571 0.79855775
v -0.17609259 -0.05934403 0.80974656
v -0.18219313 -0.06050371 0.80793427
v -0.18875140 -0.04467615 0.80157363
v -0.17097540 -0.04323235 0.79928921
v -0.16844268 -0.04976584 0.80021492
v -0.16788698 -0.04954756 0.79820484
v -0.17065201 -0.05512943 0.80295458
v -0.17378325 -0.05903595 0.80016373
v -0.18548750 -0.05568374 0.79680318
v -0.17979382 -0.06023742 0.79855604
v -0.18817296 -0.04501180 0.79594571
v -0.18945883 -0.04928972 0.79504851
v -0.17046511 -0.05052349 0.80637999
v -0.17835865 -0.04087492 0.80060923
v -0.18488565 -0.04251574 0.79922280
v -0.17251883 -0.04449899 0.80556142
v -0.16928528 -0.04997726 0.80281540
v -0.16928528 -0.04997726 0.80281540
v -0.17169954 -0.04340960 0.80184469
v -0.17377712 -0.05827024 0.79846434
v -0.18503755 -0.05550195 0.79525316
v -0.17948872 -0.05929251 0.79701459
v -0.18785476 -0.04527864 0.79389888
v -0.18905075 -0.04959825 0.79320627
v -0.17466995 -0.04459583 0.78277814
v -0.16475083 -0.05028960 0.78846616
v -0.17282300 -0.05413233 0.77290781
v -0.18817296 -0.04501180 0.79594571
v -0.18234679 -0.05259299 0.77773752
v -0.18411119 -0.05046165 0.78046207
v -0.18649556 -0.04285641 0.80238627
v -0.18834668 -0.04490326 0.79844425
v -0.18520940 -0.04869558 0.78370407
v -0.18618433 -0.04693646 0.78764853
v -0.19021646 -0.04415378 0.80577587
v -0.18022353 -0.05530780 0.77570502
v -0.18785476 -0.04527864 0.79389888
v -0.18364388 -0.04332307 0.79249175
v -0.17747984 -0.05417244 0.77325868
v -0.17282300 -0.05413233 0.77290781
v -0.17281011 -0.05592265 0.77464267
v -0.18087848 -0.05646618 0.78535715
v -0.17620912 -0.05640203 0.78812182
v -0.16903422 -0.05608745 0.77564719
v -0.18112435 -0.05606164 0.78137876
v -0.16596464 -0.05589423 0.77812934
v -0.16812820 -0.05599646 0.78288977
v -0.17910721 -0.05625793 0.77657960
v -0.17738254 -0.05577511 0.77478424
v -0.17112192 -0.05615040 0.78829875
v -0.16772942 -0.05506537 0.77507230
v -0.16738401 -0.05603695 0.77792303
v -0.17335382 -0.05697638 0.77681391
v -0.17433394 -0.05738093 0.78120410
v -0.17906643 -0.05895824 0.79550785
v -0.18711764 -0.04570844 0.79129819
v -0.16714949 -0.04956074 0.79573093
v -0.16714949 -0.04956074 0.79573093
v -0.18711764 -0.04570844 0.79129819
v -0.19827918 -0.05325723 0.79057785
v -0.20152842 -0.05274879 0.78593968
v -0.20396738 -0.03622217 0.78349079
v -0.19454387 -0.05619172 0.77413032
v -0.20214020 -0.03954978 0.77136592
v -0.18273759 -0.05946260 0.74774105
v -0.19817695 -0.03182235 0.78708382
v -0.19565740 -0.03318444 0.76301301
v -0.20029808 -0.03251500 0.77225870
v -0.20615452 -0.01582742 0.77479774
v -0.20242608 -0.01154084 0.78690175
v -0.21077783 0.00289740 0.78625441
v -0.20120290 -0.01249310 0.77042167
v -0.20365465 -0.01128167 0.77024142
v -0.20659898 0.00306170 0.77079861
v -0.20943570 0.00316752 0.78228394
v -0.18993049 -0.00739726 0.73959966
v -0.20402810 0.00763629 0.79510756
v -0.20868000 0.00939462 0.79437981
v -0.21022279 0.01921826 0.79535211
v -0.20622017 0.02259750 0.79193418
v -0.19203305 0.01584587 0.76473498
v -0.18068024 -0.05541141 0.76073429
v -0.19043429 -0.05063268 0.78962995
v -0.17214790 -0.05840886 0.72362226
v -0.19395242 -0.03524800 0.77253674
v -0.19657856 -0.03412648 0.78559678
v -0.19369328 -0.03473613 0.78429922
v -0.19711402 -0.03386586 0.78272142
v -0.18140911 -0.04136563 0.74543389
v -0.17715078 -0.04725066 0.72356421
v -0.17618154 -0.04479109 0.72817333
v -0.19176862 -0.03637101 0.76760658
v -0.18273341 -0.04063750 0.74839498
v -0.17678942 -0.04331870 0.73374944
v -0.17818512 -0.04222336 0.73857390
v -0.18907126 -0.03721723 0.76292164
v -0.19265579 -0.03584196 0.76962430
v -0.17702915 -0.04838936 0.72260883
v -0.18016391 -0.04151929 0.74268051
v -0.19053967 -0.03685289 0.76583784
v -0.17206220 -0.05731380 0.72253534
v -0.17982660 -0.03016667 0.74414868
v -0.19095944 -0.02721269 0.78463609
v -0.18798309 -0.03065347 0.76002132
v -0.19639045 -0.01158079 0.77230092
v -0.19752859 -0.01245447 0.78239069
v -0.19686639 -0.01191185 0.77605041
v -0.18106278 -0.01461792 0.73194921
v -0.17851687 -0.01790287 0.71121747
v -0.17833107 -0.01647143 0.71518750
v -0.19077319 -0.01334775 0.76106502
v -0.19361101 -0.01209254 0.75792441
v -0.18041609 -0.01533232 0.73665192
v -0.18279320 -0.01417828 0.73600829
v -0.17788243 -0.01581408 0.71967852
v -0.17911324 -0.01540200 0.72586091
v -0.18435585 -0.01346109 0.74309281
v -0.19452076 -0.01197017 0.76013776
v -0.18735793 -0.01323663 0.74914553
v -0.17894277 -0.01939699 0.71048629
v -0.18203138 -0.01460513 0.73399632
v -0.18031693 -0.01496198 0.72983652
v -0.19160958 -0.01244888 0.75423303
v -0.17578572 -0.02750813 0.70734800
v -0.19543419 -0.00960579 0.78466338
v -0.17876413 -0.00263672 0.71552536
v -0.19379626 -0.00945383 0.76872189
v -0.20159583 0.00653720 0.77936132
v -0.20095935 0.00612014 0.78761765
v -0.20167094 0.00647106 0.78246906
v -0.18609648 0.00827200 0.74210556
v -0.18125183 0.00746694 0.71900655
v -0.18097523 0.00853826 0.72377445
v -0.19858947 0.00781062 0.76767957
v -0.19197131 0.00784072 0.75434460
v -0.18655729 0.00787842 0.74737369
v -0.18224605 0.00870108 0.72847826
v -0.18408009 0.00855463 0.73528945
v -0.19646826 0.00793409 0.76380944
v -0.20029149 0.00708414 0.77212532
v -0.19734782 0.00797139 0.76555167
v -0.19459029 0.00709891 0.76809564
v -0.18220111 0.00629225 0.71795865
v -0.18742618 0.00821732 0.74391447
v -0.17841037 -0.00129350 0.71498246
v -0.18530968 0.00834135 0.73988368
v -0.18055499 0.01908853 0.74979834
v -0.18653121 0.02707098 0.77066839
v -0.21714086 -0.00573749 0.79211349
v -0.21808894 -0.00045501 0.79425268
v -0.18976198 -0.01347216 0.79867519
v -0.18729331 -0.01743567 0.79841829
v -0.18721262 -0.01838212 0.79173212
v -0.21460088 0.01469785 0.80336173
v -0.19571164 0.02237569 0.79862560
v -0.19870889 0.02390867 0.80283593
v -0.20444796 -0.05083518 0.79190485
v -0.20751866 -0.04945443 0.79114981
v -0.19124058 -0.04468720 0.79886833
v -0.19116176 -0.04890801 0.79296803
v -0.18897536 -0.04423084 0.79286487
v -0.21299423 0.01880130 0.80431323
v -0.21028982 0.02059948 0.80382484
v -0.19446941 0.01830262 0.80022577
v -0.19468807 0.01590137 0.80099995
v -0.19456031 0.01581985 0.79808010
v -0.19506541 0.02045027 0.80214116
v -0.19352801 0.00486398 0.79603808
v -0.19284250 0.00523826 0.79853789
v -0.19142555 -0.00083981 0.79829416
v -0.19922827 -0.05270367 0.79374957
v -0.18787445 -0.02299916 0.79836815
v -0.18885864 -0.02543881 0.79417111
v -0.21210205 -0.02904384 0.78968081
v -0.19026697 -0.04147407 0.79612425
v -0.18972315 -0.03862547 0.79407089
v -0.19488731 0.01103120 0.80040535
v -0.19634467 0.01015027 0.79806853
v -0.19421946 -0.05163851 0.79553568
v -0.19111877 -0.00567384 0.79814241
v -0.19445558 -0.00772875 0.79133881
v -0.19217845 -0.00176801 0.79357585
v -0.21528955 -0.02373128 0.78809443
v -0.21601757 -0.01832861 0.78961368
v -0.19362012 -0.05227945 0.79189129
v -0.20392763 0.02438572 0.80278712
v -0.18993337 -0.03235316 0.79444544
v -0.18926272 -0.03214992 0.79835753
v -0.18936746 -0.03810487 0.79674419
v -0.21302032 -0.01171162 0.79294445
v -0.20985909 -0.04409120 0.79047375
v -0.20997609 -0.03775854 0.79052173
v -0.19038990 -0.00416123 0.80407061
v -0.18994284 -0.01275421 0.80459968
v -0.19123892 -0.01187864 0.81044908
v -0.18955714 -0.01795256 0.81010496
v -0.19314027 0.01346648 0.80425130
v -0.20553560 0.02372886 0.80792088
v -0.20689407 0.02384115 0.81405069
v -0.19815336 0.02363877 0.81131518
v -0.18842903 -0.02320619 0.80336173
v -0.19272487 0.00571287 0.80397293
v -0.19152638 0.00872089 0.80867990
v -0.19118794 0.00157914 0.80936271
v -0.18847387 -0.03158521 0.80231947
v -0.18758318 -0.03110899 0.80814363
v -0.18846877 -0.03795715 0.80614146
v -0.18765031 -0.03165076 0.81407952
v -0.18877740 -0.02302218 0.80937621
v -0.19241067 0.01699770 0.80852903
v -0.19215135 0.01861967 0.81231522
v -0.19071767 0.01049416 0.81431921
v -0.18912643 -0.03907207 0.81116078
v -0.19146203 -0.03058365 0.82271031
v -0.18825003 -0.04007419 0.81859146
v -0.19303285 -0.01171450 0.81645398
v -0.19158682 -0.01752062 0.81554155
v -0.20783119 -0.04918154 0.79922690
v -0.19912131 -0.05171205 0.80092817
v -0.20098935 -0.05078579 0.80917017
v -0.18958259 -0.02396405 0.81506251
v -0.21197484 -0.01244855 0.79464008
v -0.19153352 0.01205425 0.82275563
v -0.19363906 0.00172298 0.82382058
v -0.19213751 0.00296657 0.81652316
v -0.19270018 -0.02400644 0.82373342
v -0.19515881 -0.01263390 0.82341520
v -0.19414192 -0.01759638 0.82352943
v -0.21690019 0.01457515 0.81824862
v -0.21781865 0.00812712 0.81673661
v -0.21932391 0.00923015 0.82341808
v -0.22344668 -0.02186840 0.81809477
v -0.22151487 -0.01562144 0.81834215
v -0.21782765 -0.01706658 0.80711438
v -0.21793592 0.01540821 0.82392236
v -0.21321632 0.02128717 0.82277401
v -0.22145349 -0.00867140 0.81912878
v -0.21805616 -0.01068480 0.80941678
v -0.22099834 -0.00506745 0.81190773
v -0.21669026 0.02411869 0.84167840
v -0.22065593 0.01921100 0.84114546
v -0.22202889 0.02108167 0.85514194
v -0.21965400 0.00190057 0.81381372
v -0.22313490 -0.00287331 0.82039125
v -0.22385977 0.01156708 0.84138841
v -0.22657039 0.01208990 0.85647154
v -0.22064766 -0.02312888 0.80633095
v -0.21748449 -0.02818611 0.80718754
v -0.22130252 -0.02789531 0.81824873
v -0.22508296 -0.02718253 0.84845395
v -0.22288773 -0.02753933 0.83339495
v -0.22095843 -0.03475832 0.83547720
v -0.22804771 -0.01947325 0.84720222
v -0.23014980 -0.01912155 0.86169429
v -0.23105758 -0.01226012 0.86072901
v -0.22820184 -0.00038568 0.84443356
v -0.22560291 -0.00131708 0.83126660
v -0.22489801 -0.00731225 0.83134961
v -0.22274503 -0.03542200 0.85143789
v -0.21796536 -0.04280534 0.83869192
v -0.21386979 -0.02885175 0.79830307
v -0.21222219 -0.03638642 0.79792663
v -0.21563336 -0.03509480 0.80753990
v -0.21448927 -0.01630707 0.79323909
v -0.22851233 -0.01278293 0.84631741
v -0.23097866 -0.00575862 0.85970203
v -0.22615415 0.00569417 0.84339545
v -0.22326024 0.00457847 0.83118729
v -0.22568100 -0.02043698 0.83244605
v -0.21518434 -0.01221761 0.80195870
v -0.21400684 -0.04320199 0.80126072
v -0.21647783 0.01304726 0.81417200
v -0.21625990 0.00736212 0.81081301
v -0.21850081 -0.03555319 0.81913730
v -0.21847101 0.00155767 0.80577559
v -0.19362012 -0.05227945 0.79189129
v -0.19711402 -0.03386586 0.78272142
v -0.19335475 -0.05329558 0.78832637
v -0.19141914 -0.03140248 0.79126421
v -0.19546559 -0.03122718 0.78842487
v -0.19529836 -0.01298626 0.78839587
v -0.19213101 -0.01341754 0.79156731
v -0.20673669 -0.02946362 0.78041896
v -0.19686639 -0.01191185 0.77605041
v -0.20167094 0.00647106 0.78246906
v -0.19493095 -0.03024160 0.78855200
v -0.19616539 0.00536228 0.79317202
v -0.20965260 -0.00987387 0.78350761
v -0.19066085 -0.02822464 0.79068101
v -0.19766210 -0.01226731 0.78644467
v -0.19420247 -0.03035376 0.78323815
v -0.19603549 -0.00977265 0.78872920
v -0.19871297 0.00715531 0.79198515
v -0.19417015 0.01888116 0.79778794
v -0.19819682 -0.01217682 0.78680141
v -0.19975881 0.00807089 0.79365543
v -0.19819682 -0.01217682 0.78680141
v -0.19812245 0.00959037 0.79600089
v -0.19975881 0.00807089 0.79365543
v -0.19890786 0.02456735 0.79545809
v -0.17080299 0.04698050 1.20530680
v -0.23287111 0.05135109 1.20237643
v -0.23050792 -0.00748375 1.20850913
v -0.22604961 0.05944821 1.20145454
v -0.17617810 -0.00153706 1.20038766
v -0.17135061 0.01386290 1.20101623
v -0.20794139 0.06832603 1.20409879
v -0.21758597 0.06498749 1.20220011
v -0.16950023 0.03074980 1.20322328
v -0.18407126 0.06922186 1.22585514
v -0.18222163 0.06367397 1.20688063
v -0.21977218 -0.01710156 1.20798736
v -0.20591154 -0.02103816 1.20667630
v -0.17600753 0.05734127 1.20647851
v -0.24079733 0.02260879 1.20556957
v -0.19449930 -0.01938377 1.20438292
v -0.23833267 0.03896473 1.20428264
v -0.22204132 0.05827694 1.18442597
v -0.17383506 0.01093330 1.18601750
v -0.17193556 0.02666770 1.18882058
v -0.18909133 0.06715449 1.20699662
v -0.18721235 0.05785961 1.19290871
v -0.23356524 -0.01122538 1.19076575
v -0.22340963 -0.02018368 1.19000435
v -0.21053160 -0.02328212 1.18869983
v -0.23743704 0.00602334 1.20733831
v -0.24465308 0.01809630 1.18815670
v -0.19884769 -0.02115504 1.18699141
v -0.18019799 0.05187552 1.19287152
v -0.24217605 0.03410840 1.18676396
v -0.17441081 0.04193998 1.19154752
v -0.23685534 0.04538748 1.18502765
v -0.24080987 0.00193190 1.19013994
v -0.22996839 0.05295873 1.18394505
v -0.17916115 -0.00296158 1.18473888
v -0.21242897 0.06100338 1.18696640
v -0.19432234 0.06138646 1.19245834
v -0.19058303 0.05390148 1.18181515
v -0.23624422 -0.01393980 1.17648193
v -0.22648172 -0.02219398 1.17559889
v -0.21406942 -0.02497903 1.17465929
v -0.24730132 0.01502957 1.17483107
v -0.20250900 -0.02226903 1.17288768
v -0.18324260 0.04777128 1.18208345
v -0.24467610 0.03072621 1.17360912
v -0.17693955 0.03779480 1.18122553
v -0.23938326 0.04200712 1.17172151
v -0.24353470 -0.00089123 1.17615132
v -0.23255923 0.04973632 1.17038079
v -0.18167800 -0.00375104 1.17251722
v -0.17557282 0.00860372 1.17500928
v -0.21531303 0.05686345 1.17345040
v -0.22524720 0.05509554 1.17075966
v -0.17383163 0.02352941 1.17843075
v -0.19169880 0.04879705 1.17314214
v -0.24925846 0.01316625 1.16171984
v -0.21828726 -0.02616938 1.15751561
v -0.20642638 -0.02358401 1.15661320
v -0.18459447 0.04236944 1.17321918
v -0.24610224 0.02808734 1.16171243
v -0.17866820 0.03263972 1.17156002
v -0.24039010 0.03959154 1.16112835
v -0.24643028 -0.00264635 1.16096221
v -0.23343137 0.04755855 1.16153411
v -0.18468852 -0.00570571 1.15930017
v -0.17753657 0.00555554 1.16317479
v -0.21657271 0.05457787 1.16490080
v -0.22568546 0.05336964 1.16280621
v -0.17539770 0.01893318 1.16773366
v -0.19783573 0.05704104 1.18054405
v -0.22983748 -0.02346714 1.15865300
v -0.19928092 0.05225140 1.17115325
v -0.19201997 0.04581317 1.16020181
v -0.23312356 -0.02269516 1.14117339
v -0.23934881 -0.01556958 1.15982481
v -0.22181533 -0.02585792 1.14058001
v -0.25076150 0.01383573 1.14712588
v -0.20983551 -0.02350078 1.14103404
v -0.18513643 0.03928672 1.16087864
v -0.24711041 0.02810234 1.14829759
v -0.17958983 0.03017280 1.15951744
v -0.24068518 0.03919407 1.14912031
v -0.24255960 -0.01460082 1.14320113
v -0.23365969 0.04720126 1.15007197
v -0.18693612 -0.00642350 1.14556878
v -0.17893877 0.00521170 1.14990207
v -0.21644058 0.05350916 1.15424090
v -0.22504025 0.05310798 1.15219910
v -0.17639760 0.01752722 1.15481192
v -0.19129267 0.04342105 1.14173046
v -0.24905337 -0.00176280 1.14519931
v -0.25213947 0.01524097 1.12769358
v -0.22460246 -0.02493602 1.12610957
v -0.21230231 -0.02400677 1.12783658
v -0.18466670 0.03739335 1.14285579
v -0.24815663 0.02916463 1.12883839
v -0.17952121 0.02904531 1.14216125
v -0.24111580 0.03955485 1.12991546
v -0.24511286 -0.01254867 1.12598605
v -0.23321122 0.04711387 1.13132668
v -0.18744800 -0.00737146 1.13245766
v -0.17956216 0.00518635 1.13537673
v -0.21579780 0.05211271 1.13592086
v -0.22418029 0.05218931 1.13363124
v -0.17670538 0.01818485 1.13883817
v -0.19968463 0.05014457 1.15866695
v -0.23565815 -0.02084696 1.12527667
v -0.18238263 0.03529571 1.11823593
v -0.25265487 0.01924802 1.10169868
v -0.17794297 0.02669432 1.11815889
v -0.24833674 0.03259900 1.10247303
v -0.24701766 -0.00855739 1.10291035
v -0.25093755 0.00005585 1.12660632
v -0.23240037 0.04912595 1.10565222
v -0.18719043 -0.00873986 1.11242920
v -0.17931211 0.00351169 1.11481168
v -0.21454944 0.05312935 1.11131041
v -0.22323481 0.05243723 1.10826581
v -0.17568126 0.01638999 1.11734835
v -0.19904797 0.04802459 1.14037115
v -0.18854360 0.04254593 1.11726379
v -0.23805485 -0.01777651 1.10380169
v -0.22732729 -0.02342595 1.10674877
v -0.25227085 0.00447857 1.10158446
v -0.21493281 -0.02398536 1.10876168
v -0.17732692 0.02140648 1.08582621
v -0.24093530 0.04215847 1.10356582
v -0.24000226 0.04053795 1.07170852
v -0.24642937 -0.00822628 1.07500924
v -0.23164913 0.04681436 1.07355341
v -0.18705673 -0.01029585 1.08359503
v -0.17920544 0.00023743 1.08434614
v -0.21329135 0.04976792 1.07915781
v -0.22208877 0.04929408 1.07671489
v -0.17559872 0.01139055 1.08541302
v -0.19669397 0.04816222 1.11582655
v -0.18739220 0.03875106 1.08471848
v -0.23808449 -0.01732764 1.07784763
v -0.22754977 -0.02300243 1.08122639
v -0.25105360 0.00466386 1.07237794
v -0.21540402 -0.02367030 1.08270181
v -0.18154217 0.03138894 1.08574441
v -0.24698329 0.03119785 1.07045779
v -0.24482976 -0.00785581 1.03963208
v -0.23105099 0.04240016 1.03830707
v -0.18994358 -0.01207754 1.04922144
v -0.18241419 -0.00280805 1.04965510
v -0.21291874 0.04426193 1.04370626
v -0.22152610 0.04413928 1.04132931
v -0.17943384 0.00752715 1.05021494
v -0.19518258 0.04486576 1.08351147
v -0.18830573 0.03296896 1.04895591
v -0.23698960 -0.01648593 1.04325035
v -0.22717056 -0.02138344 1.04651487
v -0.18337621 0.02581510 1.05022147
v -0.24872627 0.00330200 1.03680475
v -0.25094220 0.01809254 1.07113651
v -0.21556586 -0.02203139 1.04826978
v -0.24512584 0.02597946 1.03520780
v -0.18012528 0.01682022 1.05030969
v -0.23882225 0.03533147 1.03625698
v -0.21447934 0.03800029 1.00594926
v -0.22381036 0.03781483 1.00390382
v -0.18691356 -0.00640497 1.01469466
v -0.18402215 0.00252765 1.01487209
v -0.19536771 0.03942180 1.04737467
v -0.19077662 0.02717690 1.01171791
v -0.23462458 -0.01689093 1.00573387
v -0.22557106 -0.02196958 1.00916465
v -0.18660883 0.01954555 1.01367338
v -0.24866841 0.01488871 1.03559121
v -0.24655694 0.01030694 0.99961424
v -0.21513458 -0.02248829 1.01164276
v -0.24356087 0.02025176 0.99945818
v -0.18386264 0.01102185 1.01454247
v -0.23856004 0.02882732 1.00081849
v -0.24167207 -0.00935913 1.00280350
v -0.23188273 0.03475447 1.00203292
v -0.19330368 -0.01416887 1.01419979
v -0.19727911 0.03289347 1.00864565
v -0.19418333 0.02239799 0.97899429
v -0.23231235 -0.01799019 0.97602220
v -0.22453385 -0.02251187 0.97885505
v -0.19018536 0.01493825 0.98144374
v -0.24573892 -0.00010044 1.00064848
v -0.24358345 0.00601675 0.97061006
v -0.21533356 -0.02384727 0.98035361
v -0.18798569 0.00676741 0.98292746
v -0.24224625 0.01407142 0.97040120
v -0.23884611 0.02105650 0.97059246
v -0.23837501 -0.01092316 0.97364536
v -0.23372244 0.02667738 0.97085523
v -0.19671607 -0.01679707 0.98285773
v -0.19123604 -0.01006243 0.98348454
v -0.21801038 0.03193943 0.97177623
v -0.22682247 0.03038664 0.97068156
v -0.18853117 -0.00209625 0.98346318
v -0.19293443 0.01131472 0.95455463
v -0.24199807 -0.00242830 0.97166389
v -0.24034563 0.00192536 0.94687047
v -0.22341892 -0.02382193 0.95360949
v -0.21594274 -0.02618267 0.95455651
v -0.19116259 0.00265610 0.95607831
v -0.24068806 0.00906583 0.94643593
v -0.23889226 0.01539460 0.94625119
v -0.23479235 -0.01269301 0.94935611
v -0.23491100 0.02069683 0.94614438
v -0.19972121 -0.02015972 0.95662896
v -0.19497803 -0.01374229 0.95714796
v -0.22078248 0.02725792 0.94575444
v -0.22865235 0.02486919 0.94627067
v -0.19214400 -0.00635532 0.95682952
v -0.20021999 0.02783702 0.97579474
v -0.19668923 0.01889704 0.95232068
v -0.22992586 -0.01924181 0.95150826
v -0.19460488 0.00738919 0.93454665
v -0.23811401 0.00553882 0.92857180
v -0.19421128 -0.00184100 0.93609081
v -0.23733936 0.01158629 0.92813991
v -0.23200493 -0.01428039 0.93126209
v -0.23828458 -0.00535601 0.94780454
v -0.23414927 0.01671058 0.92782506
v -0.20264214 -0.02282411 0.93696167
v -0.19876709 -0.01740340 0.93750392
v -0.22144013 0.02345292 0.92747857
v -0.22848558 0.02095732 0.92773530
v -0.19589204 -0.01051385 0.93701093
v -0.20262570 0.02421178 0.94975812
v -0.19729655 0.01543616 0.93283768
v -0.22789034 -0.02022115 0.93266203
v -0.22258440 -0.02482733 0.93420502
v -0.23729442 -0.00103638 0.92931853
v -0.21578238 -0.02768445 0.93515209
v -0.19546131 -0.00507360 0.92218287
v -0.23555026 0.00401530 0.91386826
v -0.23083281 -0.01532673 0.91625517
v -0.23512966 -0.00762891 0.92998059
v -0.23451539 0.00972269 0.91316038
v -0.20430386 -0.02407722 0.92259888
v -0.20051721 -0.01927939 0.92321877
v -0.22179908 0.02154191 0.91270585
v -0.22746045 0.01878946 0.91299203
v -0.19755932 -0.01312367 0.92285611
v -0.20290240 0.02107288 0.93038381
v -0.19780259 0.01273784 0.91911669
v -0.22726824 -0.02121575 0.91752500
v -0.22262581 -0.02581021 0.91893749
v -0.19542260 0.00417198 0.92103618
v -0.23505622 -0.00262128 0.91459468
v -0.21699481 -0.02875917 0.91943906
v -0.23058711 -0.01599189 0.90452628
v -0.23325560 -0.00942189 0.91538419
v -0.23190437 0.00884197 0.90132827
v -0.23195675 0.01455595 0.91284969
v -0.20472753 -0.02546466 0.91246854
v -0.20505844 -0.02722697 0.90432262
v -0.20086167 -0.02273169 0.90597702
v -0.22014145 0.02176045 0.89375264
v -0.22442930 0.01822254 0.89194971
v -0.22589733 0.01803958 0.90157786
v -0.22964303 0.01362011 0.90108825
v -0.20075220 -0.02079394 0.91328628
v -0.19813414 -0.01707694 0.90702315
v -0.20313925 0.01900003 0.91651876
v -0.19720947 0.01077741 0.91061547
v -0.22764039 -0.02178257 0.90569505
v -0.22825840 -0.02280297 0.89607552
v -0.22385112 -0.02838926 0.89781725
v -0.23230521 -0.00995699 0.90359426
v -0.22305764 -0.02663719 0.90707108
v -0.21798170 -0.03223181 0.89987266
v -0.19537802 0.00166326 0.91238714
v -0.23321177 -0.00324072 0.90272461
v -0.19581961 -0.00791630 0.91325014
v -0.23300026 0.00320742 0.90195901
v -0.21968723 -0.00652379 0.80677264
v -0.21982084 -0.02317791 0.80215870
v -0.20809181 -0.04931385 0.80911987
v -0.21482094 -0.04347719 0.80770388
v -0.21882244 -0.00571225 0.80056208
v -0.21607290 -0.00869464 0.79893685
v -0.21863256 -0.02357101 0.79650334
v -0.21546642 -0.02693548 0.79476493
v -0.21356896 0.01728183 0.80819283
v -0.20787733 -0.03042442 0.79266381
v -0.20759098 -0.03538616 0.79198144
v -0.21419578 0.00961483 0.80327269
v -0.21566456 0.01049776 0.80844392
v -0.21359208 0.00747840 0.80191265
v -0.21910553 -0.00225629 0.79982365
v -0.21208060 0.01988977 0.81144236
v -0.21555370 0.01378094 0.80996627
v -0.21215041 0.02080906 0.81666334
v -0.21572556 0.00260220 0.79868770
v -0.19315791 -0.00501748 0.81695820
v -0.21723315 -0.03632505 0.89122666
v -0.21798170 -0.03223181 0.89987266
v -0.22385112 -0.02838926 0.89781725
v -0.22382077 -0.03155606 0.88885004
v -0.22825840 -0.02280297 0.89607552
v -0.17270045 -0.05037289 0.81459216
v -0.17377238 -0.05488775 0.81426880
v -0.19021646 -0.04415378 0.80577587
v -0.19365717 -0.04766170 0.80956061
v -0.17483430 -0.04438934 0.81506373
v -0.18795021 -0.04053593 0.81162460
v -0.18172619 -0.03998812 0.81367918
v -0.18344983 -0.05998886 0.81229618
v -0.18980794 -0.05621327 0.81126587
v -0.19133761 -0.04321657 0.81097809
v -0.17727167 -0.05905685 0.81356490
v -0.17270045 -0.05037289 0.81459216
v -0.17832662 -0.05794350 0.81833938
v -0.17514293 -0.04420503 0.81860535
v -0.17356654 -0.04968024 0.81877686
v -0.19133761 -0.04321657 0.81097809
v -0.19431584 -0.04705893 0.81433593
v -0.17356654 -0.04968024 0.81877686
v -0.17496605 -0.05403373 0.81867215
v -0.18852013 -0.04020260 0.81565102
v -0.18263870 -0.03932797 0.81695129
v -0.19243686 -0.04206060 0.81523950
v -0.18490264 -0.05928062 0.81724687
v -0.19155692 -0.05499899 0.81543906
v -0.19285996 -0.05486185 0.81992123
v -0.18590410 -0.05892891 0.82234793
v -0.17881074 -0.05692421 0.82301253
v -0.17558025 -0.04378425 0.82103067
v -0.17395113 -0.04922806 0.82232230
v -0.19243686 -0.04206060 0.81523950
v -0.19562352 -0.04553704 0.81760327
v -0.17395113 -0.04922806 0.82232230
v -0.17560958 -0.05331062 0.82289166
v -0.18280769 -0.03922332 0.81961623
v -0.18952401 -0.03939221 0.81843518
v -0.17634921 -0.04288835 0.82386452
v -0.18949772 -0.03927439 0.82153235
v -0.18335958 -0.03876233 0.82198217
v -0.19319997 -0.04178864 0.81873519
v -0.19427423 -0.05469407 0.82443034
v -0.19665544 -0.04493808 0.82093272
v -0.17976931 -0.05645847 0.82773898
v -0.17623176 -0.05273877 0.82686053
v -0.17470273 -0.04823142 0.82550813
v -0.19319997 -0.04178864 0.81873519
v -0.17470273 -0.04823142 0.82550813
v -0.17640288 -0.04282539 0.82671282
v -0.17561498 -0.04654983 0.82936731
v -0.19421258 -0.04100212 0.82481276
v -0.19358836 -0.04149655 0.82194188
v -0.17561498 -0.04654983 0.82936731
v -0.17652888 -0.05157547 0.83194421
v -0.18386153 -0.03829103 0.82509849
v -0.18911500 -0.03970224 0.82547703
v -0.19358836 -0.04149655 0.82194188
v -0.19660493 -0.05396920 0.82841448
v -0.18708087 -0.05895165 0.82766006
v -0.19778541 -0.04583463 0.82475122
v -0.18065481 -0.05634112 0.83354149
v -0.18933691 -0.05920644 0.83325587
v -0.18167095 -0.05660602 0.84100765
v -0.17749739 -0.04937467 0.83892358
v -0.18047922 -0.03761936 0.83222795
v -0.17647791 -0.04284192 0.83549114
v -0.19617625 -0.04186209 0.82634618
v -0.17647791 -0.04284192 0.83549114
v -0.19085118 -0.03885379 0.82803882
v -0.18495091 -0.03865203 0.83089420
v -0.19421258 -0.04100212 0.82481276
v -0.19780444 -0.05528263 0.83463755
v -0.20110364 -0.04613044 0.82819239
v -0.18137939 -0.05574224 0.84951956
v -0.17689146 -0.03825649 0.84314995
v -0.17776646 -0.04591354 0.84726586
v -0.19183724 -0.02234501 0.83701859
v -0.18444870 -0.02351937 0.85143468
v -0.18218495 -0.02985915 0.84622034
v -0.17953821 -0.02753375 0.86220643
v -0.17765366 -0.03224072 0.85252713
v -0.17953821 -0.02753375 0.86220643
v -0.17995444 -0.03208567 0.86969771
v -0.17793267 -0.03956687 0.85828516
v -0.19418585 -0.01786944 0.83874903
v -0.18710000 -0.01838815 0.85517731
v -0.19634003 -0.01299252 0.83856551
v -0.19034599 -0.01263827 0.85651963
v -0.19649073 -0.00634055 0.83824270
v -0.19345058 -0.00626118 0.85637961
v -0.19461796 -0.05789846 0.86455687
v -0.19649649 -0.05155410 0.87523116
v -0.20752775 -0.05088765 0.87425254
v -0.19471610 0.00197949 0.83834298
v -0.19211495 0.00297753 0.85429532
v -0.19263610 0.01281095 0.83605536
v -0.19181133 0.01409882 0.84925132
v -0.19393535 0.02306414 0.85423621
v -0.19094348 0.01510500 0.86243632
v -0.19432930 0.02576750 0.84140794
v -0.19546559 -0.03122718 0.78842487
v -0.19054450 -0.02923641 0.83305708
v -0.19094839 -0.03885425 0.82375484
v -0.18126297 -0.03495135 0.83950628
v -0.17689146 -0.03825649 0.84314995
v -0.19123400 -0.00467470 0.81057061
v -0.19554598 -0.00562032 0.82346053
v -0.19725859 0.02301395 0.80688432
v -0.22857332 0.00663830 0.85739166
v -0.22112379 0.00327538 0.82206219
v -0.21167865 -0.03905452 0.79450991
v -0.21229080 -0.04339335 0.79589939
v -0.20957423 -0.04733385 0.79554349
v -0.21706574 -0.01765852 0.79898068
v -0.21784854 -0.02012746 0.79443869
v -0.18783164 -0.03449129 0.83339340
v -0.21912327 0.01686798 0.83051798
v -0.22120513 0.01062195 0.83079104
v -0.22764678 -0.02688557 0.86311459
v -0.22388242 -0.03549618 0.86619306
v -0.21817306 -0.04443679 0.85585303
v -0.23022269 0.00073705 0.85853287
v -0.22821028 -0.00677637 0.84539059
v -0.22509094 -0.01389399 0.83189706
v -0.19993700 0.02580281 0.81808469
v -0.19333553 0.02163411 0.81903830
v -0.19015556 0.00471228 0.86909415
v -0.19617625 -0.04186209 0.82634618
v -0.19711550 -0.04325361 0.82293948
v -0.19182888 -0.03682662 0.82819876
v -0.19711550 -0.04325361 0.82293948
v -0.20457897 -0.04513779 0.82682433
v -0.18909931 -0.05957225 0.84029009
v -0.19117253 -0.05972815 0.84981669
v -0.20176564 -0.05503334 0.84145072
v -0.20895168 -0.05366549 0.86190719
v -0.21755302 -0.04484476 0.86991521
v -0.20890526 0.02816305 0.84180978
v -0.20555314 0.02863550 0.86469561
v -0.19878047 0.02856781 0.85786389
v -0.20166036 0.02793797 0.83138226
v -0.20856822 0.02613708 0.83103256
v -0.20774873 0.02425643 0.82064377
v -0.18146445 -0.05131725 0.86466041
v -0.18347351 -0.04107445 0.87633158
v -0.23106001 -0.01770601 0.88520460
v -0.23084385 -0.01851617 0.87455532
v -0.22827370 -0.02613490 0.87597988
v -0.23224810 -0.01103080 0.88417723
v -0.23194466 -0.01174881 0.87339313
v -0.23225693 -0.00457525 0.88314886
v -0.23190271 -0.00525124 0.87239686
v -0.23157373 0.00174694 0.88221230
v -0.23112183 0.00124737 0.87132417
v -0.22997450 0.00780475 0.88136994
v -0.22954026 0.00739384 0.87055817
v -0.21023616 -0.02762836 0.92097359
v -0.20883320 -0.02686050 0.93605362
v -0.20588396 -0.02182352 0.98194038
v -0.20740250 -0.02461637 0.95570973
v -0.04436739 0.01016283 1.47407342
v -0.03511351 0.00780974 1.48520971
v -0.02946562 0.00429118 1.49648159
v -0.02526089 0.00183660 1.50801800
v -0.02278261 0.00020555 1.52103260
v -0.02100739 -0.00186569 1.53432857
v -0.02115920 -0.00586925 1.54422995
v -0.02311262 -0.01185246 1.54971923
v -0.02383095 -0.01814925 1.55228833
v -0.02311262 -0.01185246 1.54971923
v -0.02376571 -0.02534245 1.55400416
v -0.02299152 -0.03308194 1.55614623
v -0.02183481 -0.04026379 1.55901429
v -0.02900777 -0.03543157 1.56455271
v -0.02017140 -0.04639543 1.56276815
v 0.01950270 -0.09259095 1.62718204
v 0.01271227 -0.09172348 1.62532974
v -0.00825101 -0.06596945 1.58279195
v -0.00944956 -0.06498942 1.58120795
v -0.00602914 -0.06699142 1.58478350
v -0.00459141 -0.06758093 1.58616605
v -0.00516182 -0.06739718 1.58567207
v -0.00433302 -0.06751612 1.58672966
v -0.00408243 -0.06736468 1.58719387
v -0.00387999 -0.06676358 1.58744557
v -0.00401425 -0.06572460 1.58784757
v -0.00414170 -0.06386744 1.58782997
v -0.00802843 -0.06022415 1.58749571
v -0.00808239 -0.05939900 1.58577146
v -0.00834184 -0.05855881 1.58469163
v -0.00942455 -0.05624130 1.58331372
v -0.01302069 -0.05046481 1.58361179
v -0.01796567 -0.03929426 1.58588292
v -0.02409355 -0.00106755 1.58871014
v -0.02212957 0.02272672 1.59113623
v -0.01455599 0.02723878 1.59214832
v -0.01722586 0.02716075 1.59448532
v -0.01232293 0.02708050 1.60060494
v -0.02501854 0.01756778 1.60734120
v -0.02609966 -0.00228341 1.61411630
v -0.02294853 -0.02413295 1.61835208
v -0.01800801 -0.04247387 1.61676907
v -0.01311034 -0.05383364 1.60994748
v -0.00837034 -0.06081977 1.59989380
v -0.00728159 -0.06129506 1.59614082
v -0.00337432 -0.06358658 1.58942040
v -0.00668141 -0.06163062 1.59255133
v -0.00319380 -0.06499890 1.58894877
v -0.00339569 -0.06635792 1.58855507
v -0.00319380 -0.06499890 1.58894877
v -0.00213256 -0.06615643 1.58942228
v -0.00388674 -0.06697090 1.58866741
v -0.00422593 -0.06728566 1.58876681
v -0.00466506 -0.06752476 1.58876581
v -0.00625051 -0.06753274 1.58862192
v -0.00797221 -0.06740154 1.58948913
v -0.00942001 -0.06650221 1.58706393
v -0.00980768 -0.06709718 1.59034240
v 0.00958084 -0.08961079 1.62454786
v 0.00910667 -0.08910449 1.62608549
v 0.00610131 -0.08559935 1.62485711
v -0.16860619 -0.00771347 1.28947886
v -0.17445529 -0.01012961 1.26566500
v -0.17731745 -0.01258359 1.24008517
v -0.18134143 -0.01365469 1.21940955
v -0.18441629 -0.01288028 1.20202269
v -0.22751559 0.01345503 0.88112759
v -0.22768040 0.01334285 0.87095537
v -0.22344334 0.01941417 0.88191545
v -0.22257947 0.02068017 0.87141858
v -0.03541270 0.00619628 1.47161390
v 0.01026825 -0.08960791 1.62326757
v 0.00677062 -0.08617566 1.62332978
v 0.00216975 -0.07931404 1.62492862
v 0.00254629 -0.07813504 1.62664068
v -0.00002634 -0.07386827 1.62324245
v -0.00435321 -0.06445267 1.58785687
v -0.00508057 -0.06214101 1.58723571
v -0.02152745 -0.02222293 1.58702497
v -0.01722586 0.02716075 1.59448532
v -0.01577269 0.02725465 1.59936639
v -0.01577269 0.02725465 1.59936639
v -0.01016437 -0.05933967 1.60458914
v -0.00540842 -0.06760210 1.58893294
v -0.00745896 -0.06958340 1.59419001
v -0.05338624 -0.03619246 1.65750270
v -0.05276712 -0.03821471 1.66461683
v -0.05448644 -0.03401033 1.66469298
v -0.05041220 -0.04219922 1.67152752
v -0.05200274 -0.03855936 1.67284976
v -0.04580895 -0.04930401 1.67822470
v -0.04745078 -0.04618513 1.68031940
v -0.03824129 -0.05608364 1.68453471
v -0.02998551 -0.06203154 1.68933033
v -0.03144140 -0.05933177 1.69340927
v -0.02119694 -0.06668281 1.69286050
v -0.02253551 -0.06430838 1.69751965
v -0.01162185 -0.06891526 1.69460234
v -0.01271409 -0.06645495 1.70019555
v -0.00188822 -0.06942045 1.69671652
v -0.00293535 -0.06740451 1.70261523
v 0.00712636 -0.06845872 1.69816494
v 0.00628527 -0.06660480 1.70407936
v 0.01477664 -0.06769355 1.69902097
v 0.01440895 -0.06595291 1.70523723
v -0.17965056 -0.01382138 1.28874347
v -0.22405196 -0.03386975 0.87837011
v -0.21920136 0.02382472 0.88416068
v -0.22442930 0.01822254 0.89194971
v -0.21682034 -0.02957847 0.90849509
v -0.21086771 -0.03086907 0.90226178
v -0.19219331 0.07792481 1.29990765
v -0.18242460 0.07865736 1.29951029
v -0.18418398 0.07572301 1.27116347
v -0.18877184 0.07336229 1.24634869
v -0.19251522 0.07142060 1.22530272
v -0.19781048 0.06877923 1.20625758
v -0.20258681 0.06249125 1.19090876
v -0.20563123 0.05771035 1.17808907
v -0.20730343 0.05405306 1.16839754
v -0.20777938 0.05261832 1.15710342
v -0.20735385 0.05103215 1.13855681
v -0.20584273 0.05191824 1.11357401
v -0.20402048 0.04873368 1.08120414
v -0.20389662 0.04311922 1.04521599
v -0.20497367 0.03679078 1.00707183
v -0.20848446 0.03125252 0.97345864
v -0.21137522 0.02709284 0.94735328
v -0.21222182 0.02369549 0.92803332
v -0.21292821 0.02178297 0.91360057
v -0.21249590 0.02138507 0.90438393
v -0.20923645 0.02340196 0.88922626
v -0.22014145 0.02176045 0.89375264
v -0.19140539 -0.00030664 0.80433764
v -0.19084783 -0.04566443 0.80360878
v -0.18876886 -0.03800320 0.80122259
v -0.18896375 -0.01708368 0.80354453
v -0.19467209 0.01921355 0.80381327
v -0.19431174 -0.05043593 0.80222096
v -0.19068377 -0.04510808 0.80757344
v -0.19408352 -0.04772187 0.80956050
v -0.19421946 -0.05163851 0.79553568
v -0.20707465 -0.04502312 0.82199202
v -0.19514284 -0.04695977 0.81671730
v -0.20505008 -0.05422380 0.84493618
v -0.21600717 -0.04308732 0.81992355
v -0.21305468 -0.04795714 0.84269703
v -0.21868605 0.02694867 0.85573039
v -0.21824352 0.02635629 0.87388236
v -0.20867444 0.02515807 0.88104740
v -0.21063874 -0.04789940 0.82157878
v -0.19417405 0.02473753 0.83231428
v -0.20050913 0.02813637 0.84108469
v -0.19499790 0.01727862 0.87936494
v -0.20555314 0.02863550 0.86469561
v -0.20867444 0.02515807 0.88104740
v -0.19386710 0.00541851 0.88497194
v -0.20069380 0.01647897 0.88923146
v -0.19690232 0.00661456 0.89319695
v -0.19519502 -0.00303180 0.89433473
v -0.19312644 -0.00471293 0.88672064
v -0.19467849 -0.01302494 0.89463607
v -0.19047394 -0.01592017 0.88742974
v -0.19403683 -0.02271885 0.89299877
v -0.18825541 -0.02342330 0.88519253
v -0.19454201 -0.03261054 0.88981676
v -0.20120995 -0.04122960 0.88711866
v -0.20853442 -0.04507391 0.88511799
v -0.19246638 0.01730457 0.87163010
v -0.19878047 0.02856781 0.85786389
v -0.19141793 0.00481262 0.87891927
v -0.19094348 0.01510500 0.86243632
v -0.19029790 -0.00569869 0.87218319
v -0.18324993 -0.02134680 0.86956368
v -0.19015556 0.00471228 0.86909415
v -0.19113706 -0.00601309 0.88152761
v -0.19029790 -0.00569869 0.87218319
v -0.18767901 -0.01569083 0.88136523
v -0.18714717 -0.01423771 0.87240705
v -0.18362141 -0.02335540 0.87810298
v -0.18324993 -0.02134680 0.86956368
v -0.19431174 -0.05043593 0.80222096
v -0.19408352 -0.04772187 0.80956050
v -0.17370210 0.07667147 1.29851491
v -0.17566492 0.07345482 1.27163421
v -0.18013160 0.07122823 1.24692159
v -0.18407126 0.06922186 1.22585514
v -0.18909133 0.06715449 1.20699662
v -0.19432234 0.06138646 1.19245834
v -0.19783573 0.05704104 1.18054405
v -0.19928092 0.05225140 1.17115325
v -0.19968463 0.05014457 1.15866695
v -0.19904797 0.04802459 1.14037115
v -0.19669397 0.04816222 1.11582655
v -0.19518258 0.04486576 1.08351147
v -0.19536771 0.03942180 1.04737467
v -0.19727911 0.03289347 1.00864565
v -0.20021999 0.02783702 0.97579474
v -0.20262570 0.02421178 0.94975812
v -0.20290240 0.02107288 0.93038381
v -0.20313925 0.01900003 0.91651876
v -0.20205115 0.01830770 0.90768388
v -0.21777140 -0.04024614 0.88161621
v -0.21491963 0.02263718 0.83045406
v -0.20308846 -0.01913306 1.04914440
v -0.20500023 -0.02020814 1.01355085
v -0.20134839 -0.01912548 1.08345944
v -0.20054488 -0.01877639 1.11104487
v -0.19905735 -0.01746034 1.12997578
v -0.19763750 -0.01610435 1.14301916
v -0.19483644 -0.01538673 1.15730021
v -0.19142693 -0.01442643 1.17171409
v -0.18823655 -0.01402049 1.18543342
v -0.19514284 -0.04695977 0.81671730
v -0.17765366 -0.03224072 0.85252713
v -0.20301623 -0.03359827 0.89514046
v -0.20505844 -0.02722697 0.90432262
v -0.21086771 -0.03086907 0.90226178
v -0.19849524 -0.02702121 0.89737302
v -0.20086167 -0.02273169 0.90597702
v -0.19695627 -0.01938692 0.90033078
v -0.19813414 -0.01707694 0.90702315
v -0.19609649 -0.01098840 0.90091713
v -0.19588154 -0.00184897 0.90029896
v -0.20202971 0.01688414 0.89572150
v -0.19729683 0.00782783 0.89910268
v -0.20923645 0.02340196 0.88922626
v -0.21077700 0.02165961 0.89680117
v -0.20967934 -0.03678344 0.89372768
v -0.23090057 -0.01651173 0.89478057
v -0.23058053 0.00830339 0.89143237
v -0.22181069 0.02134793 0.90231309
v -0.19779646 -0.01537638 0.91343294
v -0.20205115 0.01830770 0.90768388
v -0.19733221 0.00912178 0.90471012
v -0.23212507 -0.01028982 0.89379077
v -0.19562909 -0.00034959 0.90648760
v -0.23245237 -0.00385225 0.89282682
v -0.19610151 -0.00977171 0.90713383
v -0.23184003 0.00256628 0.89203244
v -0.21064572 -0.02876020 0.91062078
v -0.21077700 0.02165961 0.89680117
v -0.20202990 0.01742987 0.90138455
v -0.23090057 -0.01651173 0.89478057
v -0.22855475 -0.02458460 0.88668589
v -0.19610151 -0.00977171 0.90713383
v -0.22819600 0.01330864 0.89116180
v -0.23184003 0.00256628 0.89203244
v -0.20202990 0.01742987 0.90138455
v -0.19733221 0.00912178 0.90471012
v -0.23245237 -0.00385225 0.89282682
v -0.23058053 0.00830339 0.89143237
v -0.23212507 -0.01028982 0.89379077
v -0.19562909 -0.00034959 0.90648760
v -0.10550113 0.09695128 0.04565665
v -0.11726164 0.09105546 0.04302872
v -0.11812475 0.08840374 0.05424155
v -0.07949557 0.04600238 0.06722356
v -0.07679814 0.02674606 0.06913789
v -0.07545216 0.02680821 0.05826094
v -0.13977960 0.03216434 0.04903573
v -0.14179544 0.01252074 0.04675685
v -0.13975583 0.01233911 0.05833975
v -0.13989094 0.03158181 0.06264786
v -0.13664224 0.01228222 0.07226678
v -0.13665534 0.02174999 0.08958728
v -0.13981675 0.03600243 0.09146897
v -0.13924378 0.03250199 0.07679604
v -0.13749098 0.02591842 0.10871036
v -0.13936791 0.03647024 0.10867787
v -0.13981675 0.03600243 0.09146897
v -0.13890850 0.02723042 0.13431648
v -0.14039241 0.03945838 0.13375725
v -0.14164884 0.02849410 0.17341408
v -0.13988749 0.05292276 0.13170993
v -0.14437627 0.04358149 0.17356302
v -0.14367294 0.05993461 0.17273843
v -0.13938407 0.06976006 0.17182099
v -0.13798047 0.06326831 0.13214289
v -0.13782161 0.06073425 0.10818994
v -0.10783488 0.00759949 0.14191012
v -0.10510754 0.01071432 0.17817974
v -0.11223536 0.00937353 0.17785755
v -0.09752570 0.08139116 0.13381575
v -0.10701614 0.08797218 0.12941035
v -0.10513317 0.08989471 0.17166519
v -0.09317981 0.02022841 0.14321390
v -0.08919743 0.02613774 0.17661209
v -0.09351844 0.01853981 0.17742581
v -0.13261279 0.01927808 0.13636027
v -0.11326246 0.00721679 0.14119193
v -0.11809718 0.00944498 0.17672211
v -0.08952129 0.03032914 0.14391296
v -0.08612153 0.03659027 0.17557338
v -0.13905437 0.05105916 0.10931360
v -0.10277146 0.00964494 0.14221392
v -0.13426142 0.01786320 0.17436096
v -0.12560262 0.01227319 0.13949726
v -0.13063057 0.08040624 0.16993959
v -0.13033660 0.07296559 0.13034237
v -0.09009241 0.07012875 0.13822115
v -0.09628273 0.08412153 0.17292635
v -0.11906439 0.08087515 0.12899727
v -0.11778057 0.08863336 0.17052102
v -0.10801445 0.00180538 0.11728151
v -0.10340665 0.00310449 0.11856932
v -0.13208355 0.01533992 0.10890302
v -0.12514189 0.00851800 0.11175283
v -0.14067021 0.05019632 0.09171154
v -0.09155245 -0.03518125 0.07078582
v -0.09129795 -0.01049298 0.08528354
v -0.09826384 -0.01656579 0.08517944
v -0.11284529 0.00208121 0.11606000
v -0.11941127 0.00830389 0.13993161
v -0.02988844 -0.05699569 1.65499028
v -0.02454880 -0.06211176 1.65294383
v -0.01098122 -0.06391646 1.66474777
v 0.00048131 -0.06017632 1.65634671
v -0.03435677 -0.05502824 1.65594194
v -0.03176265 -0.05552766 1.65196062
v -0.03436069 -0.05436399 1.65301910
v -0.00445980 -0.06093230 1.65194856
v -0.06199649 -0.12121448 0.02872287
v -0.06605888 -0.12135542 0.03401558
v -0.06670379 -0.12499082 0.03368435
v -0.08456122 -0.13660296 0.02487903
v -0.08377618 -0.13965685 0.02412648
v -0.08064747 -0.13707241 0.02787708
v -0.06695454 -0.15497699 0.01827155
v -0.06415467 -0.15165876 0.02142760
v -0.06626519 -0.15326709 0.02327825
v -0.08272407 -0.14353524 0.02461576
v -0.08172570 -0.14499974 0.02518507
v -0.07950410 -0.14058766 0.02641489
v -0.06078145 -0.14207547 0.01277082
v -0.05891952 -0.13978508 0.01807730
v -0.06073462 -0.14501664 0.01856946
v -0.06082196 -0.12832902 0.01337460
v -0.05903800 -0.12770601 0.01979844
v -0.05752212 -0.13186369 0.01846829
v -0.06193682 -0.12502509 0.02790165
v -0.06684042 -0.12769124 0.03274686
v -0.06206173 -0.12156349 0.01518977
v -0.06082251 -0.12048747 0.02137210
v -0.05984118 -0.12465146 0.02073578
v -0.06169155 -0.12472054 0.01393035
v -0.06138020 -0.12817377 0.02759351
v -0.06682858 -0.13038692 0.03219715
v -0.08082357 -0.12917060 0.01197345
v -0.07518204 -0.12936633 0.00776988
v -0.07742744 -0.13386550 0.00775089
v -0.07340628 -0.12328881 0.00941692
v -0.07452684 -0.12628792 0.00810392
v -0.07918101 -0.12597920 0.01268399
v -0.08268937 -0.14851175 0.01381324
v -0.08344812 -0.14305150 0.01288112
v -0.07955386 -0.14430626 0.00766982
v -0.08161435 -0.15422697 0.01822927
v -0.07856301 -0.15547763 0.01685363
v -0.07842221 -0.15722078 0.02051175
v -0.08024452 -0.14562117 0.02542580
v -0.07880220 -0.14159776 0.02611393
v -0.08011015 -0.15463931 0.02294980
v -0.08078267 -0.15316142 0.02381186
v -0.08190329 -0.15263033 0.02276711
v -0.06893219 -0.15545219 0.02330348
v -0.06806403 -0.15711726 0.02143502
v -0.07956453 -0.12431126 0.03148655
v -0.07940924 -0.12114762 0.03214440
v -0.08200717 -0.12205569 0.02741420
v -0.06701868 -0.13792922 0.02893804
v -0.06334473 -0.14010922 0.02520090
v -0.06180096 -0.13608422 0.02580568
v -0.06827052 -0.14186145 0.02724208
v -0.06653797 -0.14675886 0.02574900
v -0.06544602 -0.14534570 0.02575825
v -0.08007855 -0.12757518 0.03070047
v -0.08279619 -0.12485620 0.02743921
v -0.08018288 -0.13045730 0.03041983
v -0.08351657 -0.12793720 0.02681888
v -0.06922208 -0.14243962 0.02659076
v -0.06777189 -0.14696610 0.02600170
v -0.07084515 -0.15773117 0.02041761
v -0.07062372 -0.15607355 0.01688866
v -0.06505896 -0.14505563 0.00844228
v -0.06362210 -0.14927431 0.01363521
v -0.06445424 -0.12935342 0.00779677
v -0.05937913 -0.13294816 0.01287840
v -0.06505763 -0.12192096 0.01060522
v -0.06502464 -0.12536445 0.00903378
v -0.08241316 -0.13365780 0.01192547
v -0.08534995 -0.13331927 0.01611426
v -0.08308984 -0.12296124 0.01770141
v -0.07818739 -0.12317099 0.01342535
v -0.08406357 -0.14731297 0.01712636
v -0.08457981 -0.14193908 0.01659147
v -0.08318906 -0.15080948 0.02030250
v -0.08465657 -0.12828899 0.01663221
v -0.07821894 -0.15655877 0.02211551
v -0.08096923 -0.15531330 0.02137492
v -0.07083917 -0.15688672 0.02209476
v -0.06126005 -0.13123937 0.02696232
v -0.06651640 -0.13549992 0.03000559
v -0.07371708 -0.13525629 0.03107044
v -0.07364203 -0.13060065 0.03320824
v -0.10210500 -0.14372883 0.02056787
v -0.10172070 -0.14706702 0.02015009
v -0.09924962 -0.14644763 0.02337609
v -0.08930207 -0.15586129 0.01701341
v -0.08879085 -0.15333469 0.01892122
v -0.08952185 -0.15417914 0.01987847
v -0.10043799 -0.15038190 0.02103335
v -0.09958368 -0.15110910 0.02102632
v -0.09871407 -0.14904377 0.02222442
v -0.08758783 -0.15046019 0.01371197
v -0.08711321 -0.14192152 0.01102483
v -0.08704177 -0.14355502 0.01822102
v -0.10172135 -0.14047039 0.02078138
v -0.09926986 -0.14477217 0.02420828
v -0.07590547 0.04904095 0.03099406
v -0.07545028 0.02578322 0.03941880
v -0.07543246 0.02602207 0.03158290
v -0.10117149 -0.15155319 0.01256860
v -0.10101894 -0.14255439 0.01022148
v -0.09681206 -0.14249162 0.00727567
v -0.10016539 -0.15560103 0.01641255
v -0.09730666 -0.15741158 0.01520643
v -0.09706294 -0.15785930 0.01756422
v -0.09863310 -0.15155627 0.02093451
v -0.09809337 -0.14968490 0.02172773
v -0.09959399 -0.15632348 0.01833691
v -0.09839132 -0.15629583 0.01938787
v -0.09922306 -0.15472964 0.01995412
v -0.09077744 -0.15624596 0.01976203
v -0.09020717 -0.15670472 0.01879326
v -0.07480217 0.04928705 0.02065243
v -0.07556711 0.02597796 0.02345313
v -0.08824852 -0.13590177 0.01191977
v -0.08765822 -0.13864156 0.01879736
v -0.10009399 -0.13603306 0.01094386
v -0.09676303 -0.13495917 0.00912156
v -0.09114336 -0.14647790 0.02445195
v -0.08896615 -0.14690788 0.02326768
v -0.08894563 -0.14439409 0.02447425
v -0.09156963 -0.14909521 0.02264613
v -0.09032629 -0.15047030 0.02165318
v -0.08972621 -0.14989975 0.02208341
v -0.09139646 -0.14201131 0.02711795
v -0.09124122 -0.14461907 0.02508927
v -0.09197417 -0.14975536 0.02214213
v -0.09140482 -0.15114178 0.02136292
v -0.09188188 -0.15766849 0.01797896
v -0.09137576 -0.15729989 0.01560173
v -0.09058024 -0.14218986 0.00742000
v -0.10229608 -0.14886383 0.01590124
v -0.10239125 -0.14283525 0.01475246
v -0.09989260 -0.15409660 0.01904662
v -0.10066352 -0.15346505 0.01822252
v -0.09717640 -0.15711336 0.01857688
v -0.09201011 -0.15710750 0.01917734
v -0.09123444 -0.13513651 0.00891850
v -0.10177037 -0.13790025 0.01507704
v -0.00116728 -0.07018042 1.62141328
v -0.00281808 -0.06790237 1.62048486
v -0.00153630 -0.06849056 1.62065288
v -0.01104436 -0.06387217 1.63794510
v -0.00436782 -0.06517754 1.63898122
v -0.00670315 -0.06266162 1.64173980
v 0.00403500 -0.07074587 1.64357451
v 0.00706808 -0.07383485 1.64543146
v 0.00551912 -0.06926520 1.64809718
v 0.01425437 -0.08047010 1.64409074
v 0.01101492 -0.07978163 1.64320128
v 0.01139081 -0.08212086 1.63943901
v 0.00063810 -0.06778232 1.64189853
v 0.00253539 -0.06655495 1.64607764
v 0.01488134 -0.08402678 1.63984754
v 0.01759881 -0.08034002 1.64437852
v 0.01815827 -0.08409706 1.64005176
v -0.00059056 -0.06491673 1.64364878
v -0.00078785 -0.06837571 1.61648395
v -0.00728325 -0.06145820 1.64416412
v -0.00188916 -0.06239327 1.64606845
v -0.00391679 -0.06141326 1.64762080
v 0.01403771 -0.06406000 1.71088612
v 0.00552069 -0.06456649 1.70979986
v -0.00439140 -0.06506965 1.70838941
v -0.01417501 -0.06403856 1.70577859
v -0.02401557 -0.06156619 1.70233940
v 0.00430325 -0.07604400 1.60685186
v -0.00363028 -0.06884182 1.61278864
v -0.00062570 -0.07376661 1.60609611
v 0.01418371 -0.09066536 1.62140874
v 0.01330875 -0.09166080 1.62367047
v -0.00406129 -0.07232903 1.59482977
v -0.00535900 -0.07168632 1.59865889
v 0.01963298 -0.09296570 1.62385808
v -0.00464481 -0.05995043 1.65458539
v -0.00397374 -0.05999194 1.65414443
v -0.00319181 -0.06020131 1.65380916
v -0.00096904 -0.06064048 1.65306924
v -0.00176713 -0.06133230 1.65094299
v 0.00331622 -0.07282521 1.63389959
v 0.00095122 -0.06977253 1.63169453
v -0.03323880 -0.05611261 1.69744726
v -0.00535662 -0.06742735 1.62242161
v -0.05698043 -0.01188583 1.61914879
v -0.03789523 -0.05291880 1.65282130
v -0.01463768 -0.06092952 1.64398769
v -0.01543272 -0.06162662 1.64176770
v -0.06142497 0.00551878 1.61670687
v -0.00882304 -0.06144669 1.64578798
v -0.00883151 -0.06098708 1.65488070
v -0.02932411 -0.05716886 1.65566988
v -0.00895220 -0.05770070 1.65524651
v -0.02992429 -0.05375862 1.65592058
v -0.00458338 -0.04291907 1.64961334
v -0.00514394 -0.04070055 1.65021225
v -0.00652495 -0.03798611 1.65131533
v -0.04170521 -0.04955619 1.69074820
v -0.04005734 -0.05329661 1.68766652
v -0.00218408 -0.06068078 1.65321866
v 0.01901214 -0.07468451 1.56696397
v 0.00261669 -0.08038357 1.62342165
v 0.01466673 -0.07925434 1.60793170
v -0.05305921 -0.03583648 1.65042111
v -0.05528138 -0.03187889 1.65663549
v 0.00793535 -0.07074762 1.56842456
v -0.00747418 -0.06788333 1.61595842
v 0.00295212 -0.06776403 1.57013940
v -0.00357522 -0.06605635 1.57234180
v -0.00862010 -0.06364878 1.57548191
v -0.00467884 -0.06703572 1.63061005
v -0.01164112 -0.06243367 1.57819866
v -0.01383831 -0.06284285 1.58187272
v -0.01446462 -0.06397551 1.58601099
v -0.01217074 -0.06621939 1.59086605
v -0.00991915 -0.06900003 1.59621598
v -0.00739693 -0.07015042 1.60166807
v -0.01073683 -0.06720062 1.61962883
v -0.01454165 -0.06688168 1.60608681
v -0.01007444 -0.06855501 1.60381568
v -0.00857311 -0.06829977 1.60971250
v -0.04923468 -0.04194045 1.68271672
v -0.05381846 -0.03382073 1.67419513
v -0.05623343 -0.02961125 1.66494269
v -0.05694031 -0.02716953 1.65566158
v -0.04718193 -0.03709449 1.61690743
v -0.04808899 -0.02910206 1.61148965
v -0.04411996 -0.03413809 1.60418337
v -0.05672569 -0.02620463 1.64649458
v -0.05515962 -0.03114288 1.64850196
v -0.05406352 -0.03241472 1.64088742
v -0.05531435 -0.02675440 1.63782534
v -0.05383113 -0.02974792 1.63041413
v -0.05259357 -0.03545794 1.63422367
v -0.05126553 -0.03332501 1.62363051
v -0.05020090 -0.03929612 1.62810028
v -0.04698253 -0.04385890 1.62232510
v -0.04120713 -0.04821861 1.61801693
v -0.02617005 -0.04372268 1.56902713
v 0.01909998 -0.07286634 1.55513790
v 0.01916855 -0.07481273 1.56148598
v 0.01293220 -0.07417329 1.56096687
v -0.01937236 -0.06236617 1.59115670
v -0.01993713 -0.05921738 1.58397948
v -0.01739787 -0.06193814 1.58514754
v 0.00813348 -0.07737035 1.64222538
v 0.00650144 -0.07017141 1.55606267
v 0.00637675 -0.06744267 1.55190204
v 0.01291427 -0.06946028 1.55074151
v -0.01834372 -0.05707843 1.57758126
v -0.01607209 -0.06021300 1.58016065
v -0.01058635 -0.05628866 1.56327331
v -0.00465179 -0.06028998 1.55839124
v -0.00390290 -0.06192894 1.56232430
v 0.00143940 -0.06592739 1.55863265
v 0.00079903 -0.06362213 1.55466528
v -0.01485727 -0.05683219 1.57181903
v -0.01995633 -0.05396437 1.57493137
v 0.01855126 -0.06671762 1.54797640
v 0.01880251 -0.06942277 1.55074428
v -0.01617226 -0.05372213 1.56852761
v -0.00975738 -0.05850634 1.56677736
v 0.00622068 -0.06473186 1.54904328
v 0.01285511 -0.06681993 1.54807579
v 0.00048325 -0.06112273 1.55172107
v -0.03952041 -0.05253181 1.62697130
v -0.04532226 -0.04851749 1.63027478
v -0.05191966 -0.02601519 1.61881817
v -0.04829475 -0.04335677 1.63462944
v -0.05059809 -0.03974829 1.63834899
v 0.00499264 -0.07350802 1.64097188
v 0.00190117 -0.07002434 1.63955600
v -0.05196682 -0.03732095 1.64393479
v -0.05709477 -0.02142024 1.63504351
v -0.05840982 -0.02115881 1.64494124
v -0.05983736 -0.01597214 1.64366826
v -0.05853478 -0.02225447 1.65486299
v -0.05985701 -0.01737207 1.65454090
v -0.05071597 -0.04153359 1.65845259
v -0.05024562 -0.04101066 1.65229666
v -0.04898398 -0.04183581 1.64708143
v -0.04771111 -0.04387579 1.64342409
v -0.04626192 -0.04678298 1.64056710
v -0.04306713 -0.05083954 1.63699432
v -0.03755986 -0.05485517 1.63424038
v -0.05491130 -0.02299235 1.62655070
v -0.05864623 -0.01575049 1.63271493
v 0.00487418 -0.06263562 1.71506523
v 0.01369841 -0.06229616 1.71589160
v -0.00524395 -0.06297665 1.71363917
v -0.02577512 -0.05885165 1.70724460
v -0.01559913 -0.06183276 1.71091025
v -0.04361750 -0.04525896 1.69425601
v -0.03558868 -0.05310645 1.70213054
v -0.05745516 -0.02495163 1.66538100
v -0.05868768 -0.02019995 1.66581366
v -0.05522221 -0.02940623 1.67557204
v -0.05636386 -0.01710427 1.62300293
v -0.05268721 -0.01990110 1.61304764
v -0.04866947 -0.02123751 1.60487980
v -0.04512237 -0.02405265 1.59641012
v -0.01507449 -0.06078087 1.64573230
v -0.04284676 -0.04222828 1.61036343
v -0.03909173 -0.04184222 1.59715746
v 0.01294371 -0.07219477 1.55499213
v -0.02294886 -0.05889521 1.59046869
v -0.02254917 -0.05585765 1.58267872
v -0.00317642 -0.06360170 1.56728252
v 0.00739239 -0.07110343 1.56210061
v 0.00245930 -0.06705893 1.56422033
v -0.01316280 -0.05999026 1.57512540
v -0.00954000 -0.06137110 1.57159999
v -0.00543919 -0.05775344 1.55542944
v -0.00262875 -0.06678020 1.63698967
v -0.00778415 -0.06530753 1.63422555
v -0.02011130 -0.06406493 1.62770480
v -0.01572825 -0.06466092 1.59103418
v -0.01256046 -0.06746821 1.59725220
v -0.01676613 -0.06537048 1.59829861
v -0.01166890 -0.05360625 1.56020093
v -0.01765902 -0.05080231 1.56552109
v -0.02220556 -0.05018506 1.57213017
v 0.01818915 -0.06323374 1.54590494
v -0.02554352 -0.05085783 1.58136490
v -0.04038752 -0.03229801 1.58875375
v 0.01260612 -0.05592451 1.72879851
v -0.00006840 -0.06196126 1.64963846
v 0.00078741 -0.06127102 1.65316299
v -0.03733650 -0.04808184 1.60510814
v -0.03559311 -0.05271361 1.61333830
v -0.00046443 -0.06865742 1.63428311
v 0.00300835 -0.07165429 1.63680018
v 0.00566066 -0.07537697 1.63821617
v 0.00823110 -0.07905565 1.63897568
v 0.01352702 -0.07344367 1.56717936
v -0.00578048 -0.07060835 1.60639972
v -0.00516265 0.11695018 1.61831401
v -0.00452649 0.11252076 1.61049249
v -0.02082759 0.10601202 1.60893815
v -0.01238115 0.11025483 1.60999386
v -0.02830747 0.09923714 1.60749903
v -0.01909505 0.10187735 1.60076278
v -0.03980482 0.09660716 1.61574303
v -0.03097370 0.10389391 1.61682386
v -0.04797554 0.08543950 1.61425377
v -0.03615544 0.09166035 1.60590850
v -0.05744364 0.07077659 1.61424359
v -0.04440801 0.08114760 1.60456590
v -0.05909429 0.05902345 1.61260944
v -0.05447144 0.06799282 1.60494012
v -0.05673930 0.05666571 1.60472561
v -0.06377978 0.04700994 1.60832629
v -0.05981738 0.03883640 1.60703936
v -0.06052212 0.04213772 1.61185269
v -0.00972234 0.10003965 1.59400904
v -0.01729399 0.09642725 1.59238596
v -0.05805888 0.03273055 1.60335147
v -0.02139141 -0.06188595 1.59832086
v -0.01944061 -0.06441126 1.60690289
v -0.02474726 -0.06094020 1.60802080
v -0.01271819 -0.06718493 1.61295666
v -0.01731026 -0.06561133 1.61690455
v -0.02611360 -0.05772011 1.59895232
v -0.02686078 -0.05430457 1.59035823
v 0.01266954 -0.06322734 1.54591058
v 0.01778006 -0.05959436 1.54493933
v -0.03119313 -0.05322641 1.60104226
v -0.03012314 -0.05698243 1.60957326
v -0.02473619 -0.06170332 1.62927951
v -0.02166038 -0.06171298 1.63701103
v -0.02854362 -0.05985257 1.63779645
v -0.03224850 -0.04873894 1.59219105
v -0.02494599 -0.06030604 1.64184750
v -0.03226134 -0.04154473 1.58117264
v -0.01705043 -0.06368314 1.63420231
v -0.03119717 -0.05889028 1.63104913
v -0.02322744 -0.05957513 1.64437487
v -0.02202220 -0.05912602 1.64634228
v -0.02162175 -0.05957615 1.64740452
v -0.02154538 -0.06036750 1.64810360
v -0.02110159 -0.06118568 1.64918809
v -0.02072354 -0.06228056 1.65047314
v -0.02036892 -0.06311509 1.65146288
v -0.02171566 -0.04024698 1.64508701
v -0.02193697 -0.04286699 1.64402012
v -0.02199984 -0.04534643 1.64341568
v -0.02171810 -0.05167100 1.64359952
v -0.02195800 -0.04798305 1.64310189
v -0.02131399 -0.05620481 1.64526809
v -0.02035325 -0.05960307 1.64912223
v -0.02072952 -0.05982638 1.65386860
v -0.02016359 -0.06227332 1.65411930
v -0.02072952 -0.05982638 1.65386860
v -0.02031546 -0.06379325 1.65252699
v -0.02031009 -0.06402166 1.65337749
v -0.02060865 -0.03443929 1.66600680
v -0.02009203 -0.06359409 1.65382499
v -0.00643248 -0.05714008 1.65650643
v -0.03328645 -0.05600250 1.62253407
v -0.02229421 -0.06345668 1.61885160
v -0.02756893 -0.06011467 1.61932699
v -0.00344500 -0.07275920 1.60194578
v -0.00136186 -0.07437458 1.59754651
v -0.00081104 -0.07433140 1.59411950
v 0.01436633 -0.08156962 1.60126141
v 0.00816270 -0.08023047 1.59986591
v 0.00137985 -0.07588328 1.59976939
v 0.00629600 -0.07487782 1.58219215
v -0.00690172 -0.06759912 1.58879094
v -0.00110386 -0.07440874 1.59495141
v 0.00292351 -0.07285363 1.59117895
v 0.01853371 -0.07935025 1.60350377
v 0.00838362 -0.07956222 1.60272012
v 0.00395741 -0.07125384 1.59084192
v 0.00541354 -0.07421971 1.59161726
v 0.00447330 -0.07785631 1.60137841
v 0.00473786 -0.07865900 1.59845556
v 0.00409841 -0.07025284 1.59162656
v 0.00661788 -0.07250071 1.59137210
v 0.00389128 -0.06771797 1.59519746
v 0.00328893 -0.06864701 1.60109240
v 0.00297116 -0.06865399 1.60620104
v 0.00248819 -0.06839790 1.61287033
v 0.00151117 -0.05807813 1.62118117
v -0.00183282 -0.04438349 1.62950143
v -0.00854057 -0.02348727 1.63339265
v -0.01092598 -0.00152661 1.62796657
v -0.00909305 0.01547861 1.61607453
v -0.00405896 0.02790471 1.60278133
v -0.00220478 0.02803249 1.60283424
v 0.00418333 0.02708027 1.60253805
v 0.00596035 0.02717060 1.60212586
v 0.00395741 -0.07125384 1.59084192
v 0.00157642 -0.06997940 1.59022640
v -0.02020466 -0.06845650 1.68796925
v 0.01512087 -0.06917384 1.69251040
v -0.04523311 0.11511321 1.70085844
v -0.00883272 0.12798957 1.70968287
v -0.07500213 0.04746878 1.66271892
v -0.07456027 0.03815408 1.65963636
v -0.07475718 0.04137483 1.65600326
v -0.06190816 0.06283681 1.62067424
v -0.06613714 0.05282967 1.62166863
v -0.06357468 -0.00233129 1.68566280
v -0.06095970 -0.00875082 1.68285784
v -0.06633476 0.00460836 1.68806111
v -0.06921090 0.02135368 1.70403852
v -0.07087675 0.02037772 1.68971009
v -0.06867662 0.01218902 1.68941301
v -0.07296309 0.02081665 1.67789320
v -0.07138075 0.01470095 1.67745688
v -0.06626282 0.00256971 1.67291938
v -0.06414653 -0.00340010 1.66923602
v -0.06917847 0.00838773 1.67565649
v -0.07320101 0.02088195 1.66866965
v -0.07211426 0.01582151 1.66806432
v -0.06821026 0.00643050 1.66165591
v -0.06612661 0.00222459 1.65470615
v -0.06076335 0.03410757 1.61118693
v -0.06217098 0.03733363 1.61458616
v -0.06406429 0.04032914 1.61974947
v -0.06627333 0.04274964 1.62530837
v -0.05860771 0.02291572 1.60473214
v -0.05980167 0.02921344 1.60740340
v -0.07430127 0.02821723 1.67742711
v -0.07296697 0.02966852 1.68790239
v -0.06509432 0.00281770 1.64093480
v -0.07257503 0.02928649 1.65629945
v -0.07138700 0.04511197 1.63859216
v -0.07227929 0.03984407 1.63225803
v -0.06482962 0.00730717 1.62803154
v -0.08364209 0.03896363 1.64896617
v -0.08380956 0.03637539 1.65292347
v -0.08054049 0.03517009 1.65142391
v -0.06245903 0.01277775 1.60872187
v -0.06640681 0.02759119 1.61351562
v -0.06779131 0.01137991 1.64063672
v -0.06703434 0.01101504 1.63472695
v -0.06692747 0.00904790 1.63605284
v -0.07561409 0.02806298 1.61290929
v -0.07678248 0.03167954 1.61610795
v -0.07223357 0.03020821 1.61699188
v -0.07023285 0.01074846 1.66571615
v -0.07133172 0.01585013 1.65934117
v -0.06602374 0.00647997 1.63827560
v -0.07489438 0.02229826 1.65522792
v -0.07843234 0.02118622 1.65610631
v -0.07516450 0.01868829 1.65337838
v -0.07163073 0.01787532 1.60710810
v -0.07216329 0.02185077 1.60574690
v -0.06914548 0.02088698 1.60562072
v -0.07215029 0.01604415 1.65027722
v -0.07190661 0.01562339 1.65365974
v -0.06986354 0.03747935 1.62567883
v -0.07357927 0.02469968 1.60758537
v -0.07074453 0.02439568 1.60788067
v -0.06867103 0.01229871 1.64511479
v -0.06769119 0.00920546 1.64318357
v -0.07991202 0.03756729 1.64498020
v -0.08324402 0.04058947 1.64414088
v -0.07363872 0.03398769 1.65404226
v -0.06532991 0.01190345 1.61528435
v -0.06659482 0.01299989 1.61573938
v -0.06894287 0.01509304 1.61005330
v -0.07746485 0.03562560 1.62069837
v -0.07785280 0.03798612 1.62483110
v -0.07522322 0.03535254 1.62571868
v -0.07025769 0.01405250 1.64775451
v -0.07434576 0.01618970 1.64768588
v -0.06959402 0.01685940 1.61262892
v -0.06707048 0.01146353 1.62679110
v -0.06768517 0.01351126 1.63391176
v -0.07837125 0.02825740 1.61373942
v -0.07960715 0.03106275 1.61605128
v -0.07746552 0.01816227 1.65072760
v -0.06728277 0.01436590 1.61796491
v -0.08776868 0.03808712 1.64255411
v -0.08815530 0.03658712 1.64634970
v -0.07291196 0.01953824 1.60920468
v -0.07394105 0.02154251 1.60719543
v -0.06940852 0.01430951 1.64264974
v -0.06839509 0.01372056 1.63871569
v -0.08615247 0.03050429 1.65485745
v -0.08313687 0.03220728 1.65699853
v -0.08568195 0.04000489 1.63618555
v -0.08195797 0.04130869 1.63809364
v -0.08013129 0.03991745 1.63171866
v -0.08168574 0.03738483 1.62390357
v -0.07563762 0.02526876 1.60860200
v -0.08780216 0.03434095 1.65030412
v -0.08035255 0.02068299 1.65309525
v -0.08136171 0.03528249 1.62105676
v -0.08433990 0.02601682 1.65610354
v -0.08250758 0.02718554 1.65944610
v -0.07851618 0.02157240 1.65031253
v -0.07635385 0.01879554 1.64821595
v -0.08184214 0.03360174 1.62206698
v -0.08324744 0.03599368 1.62560733
v -0.08363362 0.03050214 1.65149630
v -0.06860445 0.01501086 1.63723938
v -0.06818186 0.01547147 1.63322552
v -0.07714984 0.02533151 1.61255000
v -0.07155547 0.01532614 1.64503410
v -0.07399915 0.01692974 1.64532841
v -0.07199367 0.01953448 1.61351473
v -0.06794184 0.01400130 1.62708264
v -0.07909739 0.02695459 1.61527882
v -0.08031641 0.03087907 1.61901597
v -0.06782966 0.01551116 1.61936971
v -0.08445928 0.03712981 1.64197191
v -0.08456027 0.03564691 1.64549643
v -0.07479248 0.02211962 1.61215907
v -0.06969497 0.01556229 1.64070823
v -0.08420093 0.03782552 1.63598599
v -0.08413524 0.03995475 1.63084115
v -0.08429818 0.03346062 1.64907298
v -0.06921039 0.01773375 1.61547661
v -0.07024584 0.01676094 1.63838795
v -0.06849808 0.01687612 1.63536759
v -0.06897475 0.01601886 1.63605284
v -0.07387314 0.02121090 1.61698723
v -0.07545001 0.02377756 1.61911536
v -0.07621113 0.02446187 1.61644587
v -0.08196002 0.03303820 1.64377595
v -0.08118694 0.03135690 1.64696809
v -0.08150428 0.03305562 1.64779170
v -0.06735195 0.01668524 1.62080795
v -0.06702001 0.01755068 1.62207163
v -0.06945878 0.01821595 1.61925549
v -0.07414925 0.02293039 1.64879538
v -0.07404454 0.02032964 1.64587719
v -0.07539827 0.01967599 1.64698669
v -0.08081604 0.03221365 1.62497134
v -0.08259607 0.03396130 1.62788400
v -0.08220734 0.03487318 1.62672801
v -0.06786165 0.01769883 1.63227109
v -0.06796238 0.01694579 1.63240380
v -0.07631174 0.02676332 1.62059167
v -0.07885843 0.03028060 1.62328517
v -0.07856361 0.03064680 1.62104005
v -0.07355005 0.01834661 1.64312137
v -0.07359533 0.01781511 1.64370910
v -0.08230093 0.03648496 1.64105644
v -0.08269701 0.03368016 1.64036566
v -0.07195221 0.01948844 1.61575233
v -0.07323311 0.01880673 1.61779589
v -0.06939419 0.02023422 1.62919218
v -0.07018696 0.01992475 1.62871867
v -0.06634594 0.01811467 1.62234093
v -0.07981091 0.02896977 1.64817333
v -0.08040364 0.02973056 1.64950564
v -0.08352549 0.03330721 1.63431189
v -0.08343987 0.03408671 1.63464239
v -0.08315580 0.03429894 1.62989414
v -0.08278412 0.03311583 1.62820620
v -0.07836859 0.02671219 1.64983803
v -0.07596712 0.02291826 1.62138085
v -0.07233685 0.01724121 1.64108433
v -0.07315474 0.01910086 1.64243988
v -0.07382355 0.01934432 1.62007256
v -0.06412018 0.02465612 1.62548193
v -0.06482458 0.02746551 1.62529908
v -0.06576672 0.02638877 1.62328241
v -0.06898604 0.02116514 1.63445578
v -0.06812337 0.02120587 1.63345762
v -0.06808075 0.02000887 1.63371397
v -0.07633908 0.02604100 1.63952069
v -0.07748948 0.02718221 1.63895244
v -0.07529792 0.02709007 1.63781970
v -0.06462540 0.02465246 1.62332602
v -0.06355836 0.02250851 1.62450613
v -0.07330887 0.03132407 1.62815141
v -0.07148778 0.03065322 1.62592300
v -0.07004833 0.03059849 1.62839282
v -0.07841735 0.02918162 1.63666836
v -0.07509764 0.02889024 1.63623481
v -0.07549112 0.02805977 1.63719953
v -0.07317848 0.03154025 1.63298234
v -0.07614998 0.03151966 1.63223489
v -0.07471800 0.03167069 1.63041225
v -0.06616658 0.02913535 1.62609014
v -0.06690445 0.02797267 1.62380605
v -0.06427182 0.02348109 1.62954504
v -0.06321224 0.02154285 1.62643370
v -0.06603109 0.02140731 1.63118848
v -0.07413530 0.03058892 1.63458671
v -0.07741703 0.03074061 1.63419212
v -0.07197861 0.02423613 1.63837035
v -0.07113951 0.02356123 1.63797111
v -0.07162165 0.02256751 1.63950033
v -0.07117665 0.03104372 1.63019122
v -0.07192244 0.03143554 1.63191269
v -0.08023472 0.03130693 1.63202127
v -0.07917493 0.03156631 1.62962119
v -0.08062772 0.03094039 1.63444836
v -0.07778191 0.02659287 1.64214092
v -0.07928710 0.02759286 1.64147615
v -0.06951456 0.01993399 1.63525337
v -0.06825320 0.01898991 1.63423208
v -0.06989421 0.01900623 1.63613176
v -0.07121771 0.01952153 1.63791998
v -0.07085068 0.02061747 1.63675292
v -0.07082772 0.02152015 1.62079035
v -0.08106115 0.02996089 1.63765444
v -0.07822963 0.02807544 1.63813360
v -0.06391033 0.02016433 1.62360549
v -0.06680948 0.02024258 1.63048564
v -0.07137892 0.02158391 1.63826166
v -0.07185504 0.02057961 1.63960614
v -0.07258323 0.02700987 1.62358325
v -0.06902533 0.02923574 1.62403727
v -0.06739102 0.01917758 1.63257381
v -0.06707706 0.02043971 1.63269822
v -0.06442694 0.02101067 1.62158606
v -0.07176349 0.02507406 1.62251083
v -0.07570386 0.02555095 1.64254669
v -0.07715692 0.03074924 1.62768709
v -0.07250707 0.02361585 1.63997007
v -0.07155132 0.02239766 1.64118738
v -0.07674624 0.02257824 1.64956884
v -0.07196123 0.01600469 1.64312137
v -0.07235566 0.01644417 1.64187351
v -0.07065322 0.01602789 1.63944089
v -0.06929341 0.01583407 1.62749218
v -0.03489845 -0.03110871 1.74053459
v 0.00864312 -0.02873967 1.75679900
v -0.01021063 -0.03047873 1.75237561
v -0.06875216 0.01070789 1.64836736
v -0.07390275 0.03300986 1.62161572
v -0.08082241 0.03334711 1.62360361
v -0.08041033 0.02868647 1.64007411
v -0.07506787 0.02936928 1.62560080
v -0.07043467 0.01818124 1.62825169
v -0.06984667 0.01788689 1.61767989
v -0.07655895 0.02609457 1.62238918
v -0.07590492 0.02579069 1.62382365
v -0.07847019 0.02887591 1.62561098
v -0.07164008 0.02186937 1.64344822
v -0.07255224 0.01976387 1.64139812
v -0.08292840 0.03259192 1.63986238
v -0.08267305 0.03144018 1.63891259
v -0.08167767 0.03025204 1.64208337
v -0.07230004 0.02051028 1.62089339
v -0.07417708 0.02110659 1.62200754
v -0.07009438 0.01818191 1.63682342
v -0.06817560 0.01826940 1.63455417
v -0.06837450 0.01751598 1.63486996
v -0.07478047 0.02354618 1.62324433
v -0.08181492 0.03190722 1.64338048
v -0.08045394 0.02893568 1.64424581
v -0.06486576 0.01903789 1.62233628
v -0.06534684 0.01960283 1.62024069
v -0.07236102 0.02365852 1.64499691
v -0.07209329 0.02136277 1.64523002
v -0.08141396 0.03049334 1.62709759
v -0.08313610 0.03199339 1.62890993
v -0.06751040 0.01860335 1.63260347
v -0.06764537 0.01820261 1.63243545
v -0.07171248 0.01869599 1.63916042
v -0.07021016 0.01745538 1.63741957
v -0.07957599 0.02971987 1.62468898
v -0.07437886 0.02196521 1.61497333
v -0.07711337 0.02683466 1.61870029
v -0.08267487 0.03583269 1.62954316
v -0.07047452 0.02291932 1.63691264
v -0.06715216 0.02191281 1.63242616
v -0.07482187 0.02501989 1.63981412
v -0.07476255 0.02642984 1.63824683
v -0.08274388 0.03605340 1.63483188
v -0.08074155 0.03070845 1.65083430
v -0.08419817 0.03747531 1.63023671
v -0.07939873 0.02715776 1.65145358
v -0.08204414 0.03513810 1.64458373
v -0.08186500 0.02652989 1.65206090
v -0.06806403 0.02998668 1.62681711
v -0.06977096 0.02199073 1.63568603
v -0.06379090 0.02379305 1.62758958
v -0.06876046 0.02446159 1.63585693
v -0.06814732 0.02344578 1.63491080
v -0.06810881 0.02254819 1.63394054
v -0.06760873 0.02253436 1.63274736
v -0.06678458 0.02286176 1.63191822
v -0.06563756 0.02284864 1.63102600
v -0.06545255 0.02369942 1.63079755
v -0.06416612 0.02512846 1.62871037
v -0.06416469 0.02617521 1.62744104
v -0.06561199 0.02814931 1.62728132
v -0.06668347 0.02925185 1.62746240
v -0.06817322 0.02971340 1.62868989
v -0.06956895 0.03010971 1.63020428
v -0.07023046 0.03059926 1.63182912
v -0.07047391 0.03075406 1.63330078
v -0.07051796 0.03090431 1.63431465
v -0.07087825 0.03062655 1.63506299
v -0.07135202 0.02878813 1.63654860
v -0.07243529 0.02756723 1.63704811
v -0.07391210 0.02551586 1.63851324
v -0.07243125 0.02665696 1.63747248
v -0.07138811 0.02492032 1.63769905
v -0.07023633 0.02482575 1.63699709
v -0.06942761 0.02998790 1.63254127
v -0.06929635 0.03017606 1.63383738
v -0.06897956 0.02616071 1.63649657
v -0.06758987 0.02577498 1.63516792
v -0.07261200 0.02401902 1.64217712
v -0.06893484 0.02930287 1.63110768
v -0.06745593 0.02708066 1.63481882
v -0.06733784 0.02636226 1.63356078
v -0.06796719 0.02830943 1.63445301
v -0.06885172 0.02747702 1.63633232
v -0.07224763 0.02585013 1.63771111
v -0.06717181 0.02482923 1.63421249
v -0.06680052 0.02537989 1.63177345
v -0.06649348 0.02362621 1.63160532
v -0.06712123 0.02391049 1.63287089
v -0.06529676 0.02579689 1.62956541
v -0.06463620 0.02411360 1.62987001
v -0.06766956 0.02769446 1.63300924
v -0.06674672 0.02665342 1.63105101
v -0.06858498 0.02916070 1.63270929
v -0.06756214 0.02804389 1.63085233
v -0.06865493 0.02942950 1.63418006
v -0.06899057 0.02957322 1.63564984
v -0.06565477 0.02468506 1.63045498
v -0.06907862 0.02865199 1.63607232
v -0.06934161 0.03025542 1.63522736
v -0.06559599 0.02685298 1.62903069
v -0.06743784 0.02890164 1.62931847
v -0.06791721 0.02018691 1.63017362
v -0.07910486 0.02757199 1.64539150
v -0.08097797 0.03057862 1.64608882
v -0.08343301 0.03343716 1.63012071
v -0.08314108 0.03232085 1.63121726
v -0.07753059 0.02633133 1.64811855
v -0.07203551 0.01806065 1.64011684
v -0.06761245 0.01904132 1.62001312
v -0.07517457 0.02041918 1.62033909
v -0.07231963 0.02361247 1.64723462
v -0.08130953 0.03145901 1.62583667
v -0.07272037 0.02229002 1.62170770
v -0.08304368 0.03234930 1.63456812
v -0.07657151 0.02583768 1.64585206
v -0.07694430 0.02754078 1.65607100
v -0.07912196 0.03183196 1.65538298
v -0.07860866 0.03803687 1.63941300
v -0.07738892 0.03801573 1.63210307
v -0.06648219 0.00966132 1.62681988
v -0.08023893 0.03635441 1.64876107
v -0.07407254 0.03659470 1.65155297
v -0.06799353 0.01747193 1.60576085
v -0.06609302 0.01354080 1.60828080
v -0.07123315 0.02722494 1.61375148
v -0.06741183 0.03224265 1.61647377
v -0.07020987 0.01287299 1.65135983
v -0.07346345 0.01905798 1.65462159
v -0.07166200 0.02006172 1.65992702
v -0.06403319 0.02014745 1.60666713
v -0.06580629 0.02430005 1.60907097
v -0.06750685 0.00676382 1.64733025
v -0.07468235 0.03833505 1.64901454
v -0.06894248 0.00884375 1.65349161
v -0.06857385 0.03472580 1.62103917
v -0.07398151 0.03999432 1.63954482
v -0.06339537 0.00971871 1.61565858
v -0.06365592 0.01639115 1.60577756
v -0.07007186 0.01202659 1.65718150
v -0.07071880 0.02986211 1.63604255
v -0.07400026 0.02624820 1.66759258
v -0.07225295 0.02443176 1.65900690
v -0.07334175 0.04482199 1.64682697
v -0.07439347 0.03907669 1.64525968
v -0.00839923 0.13285365 1.67033811
v -0.07332403 -0.12203730 0.03591681
v -0.07272978 -0.11449400 0.03790951
v -0.07822071 -0.11516743 0.03504024
v -0.08117909 -0.11618050 0.02924873
v -0.05801898 -0.10216432 0.01682884
v -0.05634139 -0.10265095 0.02455206
v -0.05822077 -0.10910096 0.02308267
v -0.08170251 -0.11199292 0.03282206
v -0.05909832 -0.10729376 0.01645987
v -0.06284975 -0.10775754 0.01198811
v -0.06166282 -0.10197732 0.01208557
v -0.07769181 -0.11165458 0.01184998
v -0.07453243 -0.10835808 0.00944370
v -0.07295075 -0.11333849 0.01045508
v -0.07655995 -0.11514997 0.01430502
v -0.08123415 -0.11679358 0.01851633
v -0.08093525 -0.11483113 0.01984532
v -0.05991113 -0.10983493 0.03094259
v -0.05850837 -0.10357877 0.03255244
v -0.06378160 -0.10615432 0.03829403
v -0.06048619 -0.09564021 0.01218021
v -0.08020933 -0.10957226 0.01047639
v -0.07954982 -0.10456038 0.00753916
v -0.08132055 -0.11261585 0.01858739
v -0.05831186 -0.09696924 0.03497560
v -0.06353018 -0.09898518 0.04100065
v -0.05650472 -0.09497922 0.01807338
v -0.05537761 -0.09510057 0.02658102
v -0.08353910 -0.10812707 0.03272229
v -0.07831923 -0.11014467 0.03697323
v -0.09960050 -0.12607901 0.01254552
v -0.09605933 -0.12490977 0.01046360
v -0.09593427 -0.12667185 0.01048170
v -0.08931897 -0.13352697 0.02617436
v -0.08863097 -0.13016649 0.02707052
v -0.09109517 -0.13195820 0.03065963
v -0.08855836 -0.12846941 0.01363748
v -0.08845223 -0.12568004 0.01391856
v -0.08672803 -0.12682255 0.02034241
v -0.08804230 0.09118485 0.03526122
v -0.10526204 0.09680186 0.03373876
v -0.10550113 0.09695128 0.04565665
v -0.10382744 0.09500556 0.02231685
v -0.08936893 -0.12153323 0.02911541
v -0.09228410 -0.12147854 0.03218763
v -0.09138356 -0.12666034 0.03257303
v -0.08660766 -0.12216851 0.02201822
v -0.08686173 -0.12449873 0.02125461
v -0.08822707 -0.12335372 0.01402631
v -0.09118589 -0.12258938 0.01074784
v -0.09071338 -0.12118932 0.01041645
v -0.08784483 -0.12158438 0.01359149
v -0.09896151 -0.12114466 0.01268526
v -0.09544839 -0.12099982 0.01013753
v -0.09581254 -0.12276970 0.01038751
v -0.09946949 -0.12366160 0.01264370
v -0.10223981 -0.12526714 0.01741497
v -0.10147233 -0.12228048 0.01757375
v -0.10091374 -0.12666007 0.03079777
v -0.09980365 -0.12171716 0.03089040
v -0.10134800 -0.12177704 0.02476806
v -0.10260100 -0.12778427 0.01682806
v -0.09143426 -0.12463670 0.01082349
v -0.08878083 -0.12598663 0.02778836
v -0.10258187 0.08912872 0.01266246
v -0.08868222 0.09045488 0.02195286
v -0.10283609 0.08231615 0.00706227
v -0.08885891 0.08465054 0.01346476
v -0.10046260 -0.13223192 0.02918110
v -0.10238940 -0.12700053 0.02403002
v -0.11136351 0.08178935 0.00753296
v -0.11220174 0.08662714 0.01228608
v -0.11356987 0.09100919 0.02062719
v -0.09980754 -0.12840599 0.01225298
v -0.10232273 -0.13038154 0.01639745
v -0.10194437 -0.13322159 0.02260147
v -0.09898379 -0.13536788 0.02803048
v -0.09159033 -0.12668216 0.01090822
v -0.07504795 0.00760021 0.05976343
v -0.07803648 0.00777923 0.06926552
v -0.07913037 -0.01370223 0.06745632
v -0.10069666 -0.11340070 0.02601725
v -0.10076983 -0.11600557 0.02536559
v -0.09905965 -0.11492110 0.03150083
v -0.08502514 -0.11402835 0.01001832
v -0.08582451 -0.11617419 0.01097314
v -0.08948099 -0.11550846 0.00911923
v -0.09813469 -0.11361888 0.01040926
v -0.09514171 -0.11181094 0.00808483
v -0.09496771 -0.11514690 0.00885929
v -0.09882577 -0.11613453 0.01128261
v -0.10105608 -0.11735318 0.01713189
v -0.10078431 -0.11558496 0.01687289
v -0.08842298 -0.11203397 0.03094956
v -0.09148300 -0.11022145 0.03325546
v -0.09181317 -0.11440950 0.03267707
v -0.08973652 0.08907885 0.04723030
v -0.10612461 0.09486272 0.05717098
v -0.08428700 -0.11683676 0.02110895
v -0.10217324 -0.10765261 0.02949185
v -0.09922028 -0.11064810 0.03231065
v -0.08288120 -0.10953066 0.01012065
v -0.08878900 -0.11206507 0.00805627
v -0.11550326 0.09223647 0.03153552
v -0.07698991 0.04787134 0.04227352
v -0.10005786 -0.11085850 0.01235714
v -0.09748429 -0.10636554 0.00998268
v -0.08591611 -0.10864229 0.03137105
v -0.08950346 -0.10301806 0.03641151
v -0.08289951 -0.11347071 0.02058098
v -0.11737482 -0.13929102 0.01746804
v -0.11423384 -0.13874322 0.02243943
v -0.11449883 -0.13735234 0.02296856
v -0.10661374 -0.14754101 0.01780541
v -0.10574829 -0.14670594 0.01452893
v -0.10512221 -0.14538442 0.01645196
v -0.11618357 -0.14158234 0.01908531
v -0.11542732 -0.14249664 0.01916256
v -0.11314389 -0.14142646 0.02040948
v -0.10439520 -0.14372438 0.01157321
v -0.10366050 -0.13768474 0.00957293
v -0.10293284 -0.13774844 0.01263003
v -0.11775828 -0.13707101 0.01714318
v -0.11503605 -0.13476093 0.02318715
v -0.11585646 -0.14356588 0.01138040
v -0.11616518 -0.13764231 0.00862497
v -0.11344434 -0.13816402 0.00572181
v -0.11464070 -0.14768920 0.01785748
v -0.11484024 -0.14668635 0.01494239
v -0.11267880 -0.14822920 0.01413346
v -0.11472835 -0.14275958 0.01969850
v -0.11310638 -0.14198439 0.02013509
v -0.11359513 -0.14710453 0.01945095
v -0.11382038 -0.14590065 0.01961145
v -0.11521172 -0.14621003 0.01863621
v -0.10783126 -0.14746079 0.01973806
v -0.10621950 -0.14622627 0.01923916
v -0.10416689 -0.13333162 0.00913567
v -0.10347136 -0.13460040 0.01275339
v -0.11635552 -0.13235272 0.00858889
v -0.11364275 -0.13194641 0.00558854
v -0.10813061 -0.13844192 0.02294432
v -0.10472946 -0.13978748 0.01992402
v -0.10454005 -0.13709366 0.01937397
v -0.10822828 -0.14030866 0.02144814
v -0.10881982 -0.14134336 0.02102029
v -0.10668282 -0.14205040 0.02029945
v -0.10832132 -0.13704872 0.02366736
v -0.10481489 -0.13468201 0.01980547
v -0.10925500 -0.14181698 0.02079256
v -0.10763266 -0.14262374 0.02058132
v -0.10826227 -0.14824193 0.01382072
v -0.10651188 -0.13821806 0.00640260
v -0.11732987 -0.14219284 0.01281725
v -0.11774501 -0.13737890 0.01136120
v -0.11577141 -0.14465285 0.01643032
v -0.11267435 -0.14848333 0.01889282
v -0.10868919 -0.14859383 0.01919112
v -0.10849179 -0.14897154 0.01725254
v -0.10704409 -0.13247249 0.00595822
v -0.11778827 -0.13347619 0.01199714
v -0.11654522 -0.12445574 0.00994366
v -0.11294102 -0.12365482 0.00824233
v -0.11293729 -0.12542248 0.00759549
v -0.10530383 -0.12687259 0.02327698
v -0.10823813 -0.12764741 0.02765621
v -0.10899085 -0.13054671 0.02637902
v -0.10541914 -0.12638012 0.01104232
v -0.10533966 -0.12461043 0.01179065
v -0.10420022 -0.12586974 0.01563848
v -0.10567021 -0.11990717 0.02471079
v -0.10937060 -0.11874684 0.02891513
v -0.10842558 -0.12290962 0.02864844
v -0.10499612 -0.12162887 0.01246760
v -0.10445324 -0.12159850 0.01643923
v -0.10420004 -0.12382390 0.01619152
v -0.10504459 -0.12302374 0.01228082
v -0.10801241 -0.12225912 0.00909477
v -0.10809087 -0.12095766 0.00964255
v -0.11629266 -0.12008442 0.01032718
v -0.11288715 -0.12049248 0.00898359
v -0.11301556 -0.12207509 0.00869631
v -0.11834305 -0.12260294 0.01554534
v -0.11809710 -0.11934469 0.01621182
v -0.11684651 -0.12252207 0.02595454
v -0.11573575 -0.11850199 0.02716986
v -0.11800155 -0.11894275 0.02181761
v -0.11821157 -0.12529787 0.01472750
v -0.11652348 -0.12259607 0.01031285
v -0.10793052 -0.12374619 0.00854793
v -0.10536055 -0.12371156 0.02419394
v -0.11670102 -0.12744389 0.02542526
v -0.11833747 -0.12331621 0.02133258
v -0.11629769 -0.12686637 0.00978931
v -0.11791863 -0.12771009 0.01411115
v -0.11818660 -0.12656832 0.02042514
v -0.11805122 -0.12898499 0.01951349
v -0.11562063 -0.13049314 0.02451515
v -0.10795744 -0.12532732 0.00817736
v -0.11686090 -0.10851276 0.02338794
v -0.11696860 -0.11120927 0.02310636
v -0.11507700 -0.11013085 0.02739355
v -0.10442984 -0.11540288 0.01119650
v -0.10443012 -0.11735113 0.01157609
v -0.10779097 -0.11483010 0.00825235
v -0.11555248 -0.11366411 0.01009884
v -0.11599592 -0.10958173 0.01097480
v -0.11261836 -0.10916373 0.00785306
v -0.11753433 -0.11283543 0.01587241
v -0.10541172 -0.11125868 0.02610706
v -0.10860980 -0.10776672 0.03044634
v -0.10880868 -0.11111940 0.02931835
v -0.10344555 -0.11553882 0.01735786
v -0.10392920 -0.11740731 0.01694334
v -0.11765095 -0.10303682 0.02562470
v -0.11487812 -0.10687584 0.02758891
v -0.10361231 -0.11101653 0.01247518
v -0.10705588 -0.11166154 0.00775433
v -0.11673072 -0.10532350 0.01098188
v -0.11358845 -0.10129396 0.00670564
v -0.11785104 -0.11070557 0.01583434
v -0.11786459 -0.10781947 0.01731619
v -0.10470346 -0.10733256 0.02858933
v -0.10732496 -0.10150658 0.03325744
v -0.10264631 -0.11310015 0.01920086
v -0.13166305 -0.12766980 0.01723981
v -0.12925381 -0.12723870 0.02018052
v -0.12958954 -0.12603593 0.02051679
v -0.12177131 -0.13389317 0.01748514
v -0.12100270 -0.13370431 0.01532087
v -0.12058256 -0.13183379 0.01638217
v -0.13017607 -0.12949260 0.01860466
v -0.12940681 -0.13012898 0.01849569
v -0.12834816 -0.12936400 0.01897030
v -0.11945287 -0.12469900 0.00919250
v -0.11872437 -0.12568571 0.01337228
v -0.11884907 -0.12893830 0.01337078
v -0.13231697 -0.12582638 0.01688966
v -0.12993782 -0.12464719 0.02094448
v -0.13181856 -0.12511552 0.00881950
v -0.12932177 -0.12508757 0.00523947
v -0.12930403 -0.13222208 0.00834344
v -0.13007784 -0.13312866 0.01545425
v -0.12885436 -0.13450792 0.01371302
v -0.12805977 -0.13475945 0.01612422
v -0.12872485 -0.13104559 0.01837908
v -0.12788158 -0.13009761 0.01911182
v -0.12890460 -0.13337349 0.01780933
v -0.12894851 -0.13198039 0.01798704
v -0.12995909 -0.13181428 0.01779395
v -0.12240508 -0.13353004 0.01816806
v -0.12148542 -0.13230620 0.01806773
v -0.12036325 -0.12054225 0.00815644
v -0.11912910 -0.12281557 0.01313652
v -0.13217297 -0.12094327 0.00877096
v -0.12967478 -0.11942622 0.00583921
v -0.12259617 -0.12692691 0.02073982
v -0.11968889 -0.12753795 0.01785515
v -0.11965296 -0.12595711 0.01813337
v -0.12297630 -0.12842280 0.02014766
v -0.12335530 -0.12899102 0.01936594
v -0.12178913 -0.12980086 0.01877600
v -0.12254092 -0.12590344 0.02092842
v -0.12009538 -0.12447737 0.01855153
v -0.12340506 -0.12982918 0.01908392
v -0.12252356 -0.13055721 0.01879969
v -0.12297666 -0.13475573 0.01662325
v -0.12248011 -0.13485053 0.01443324
v -0.12248772 -0.13256014 0.00836071
v -0.12174716 -0.12448462 0.00495487
v -0.13256006 -0.12511004 0.01257181
v -0.13191002 -0.13085952 0.01181495
v -0.13063252 -0.13145951 0.01698031
v -0.12954042 -0.13357655 0.01672130
v -0.12754863 -0.13427868 0.01747894
v -0.12255921 -0.11948155 0.00560501
v -0.13248290 -0.12232449 0.01219703
v -0.13221679 -0.11750443 0.00950170
v -0.13259729 -0.11379038 0.01075824
v -0.12956494 -0.11273079 0.00722730
v -0.12078227 -0.11556249 0.02097369
v -0.12291065 -0.11651114 0.02477958
v -0.12348928 -0.11931378 0.02361247
v -0.12046668 -0.11329271 0.00970840
v -0.11924405 -0.11445239 0.01459036
v -0.11972565 -0.11799559 0.01352851
v -0.12125423 -0.11092256 0.02203161
v -0.12379550 -0.11002128 0.02588415
v -0.12303600 -0.11306941 0.02634194
v -0.11947292 -0.11157845 0.01446512
v -0.11935649 -0.11287629 0.01448084
v -0.12043113 -0.11217574 0.01008141
v -0.12346468 -0.11187769 0.00670388
v -0.12356811 -0.11030196 0.00650195
v -0.12044951 -0.11078839 0.00904878
v -0.13260415 -0.10988878 0.01102455
v -0.12901509 -0.11002972 0.00680593
v -0.12958388 -0.11170963 0.00722210
v -0.13297008 -0.11156581 0.01127409
v -0.13368482 -0.11202514 0.01484394
v -0.13373291 -0.10942584 0.01483066
v -0.13170956 -0.11342520 0.02446534
v -0.13057160 -0.10950383 0.02447082
v -0.13216879 -0.10945935 0.02076865
v -0.13348818 -0.11471729 0.01431238
v -0.12318325 -0.11307861 0.00692204
v -0.12083213 -0.11287044 0.02095991
v -0.13145728 -0.11667593 0.02347455
v -0.13269580 -0.11300117 0.02016880
v -0.13264231 -0.11860822 0.01310210
v -0.13257045 -0.11634521 0.01953906
v -0.13195469 -0.12023807 0.01877273
v -0.13018136 -0.11981479 0.02249062
v -0.12072675 -0.11636982 0.00820033
v -0.12286581 -0.11632664 0.00621757
v -0.13234121 -0.09915574 0.02053118
v -0.13222719 -0.10287053 0.02008810
v -0.13060457 -0.10272531 0.02444525
v -0.12027022 -0.10558942 0.00811626
v -0.12062183 -0.10754519 0.00827482
v -0.12296459 -0.10648439 0.00626872
v -0.13121208 -0.10049732 0.00833138
v -0.12882456 -0.10092971 0.00595498
v -0.12882670 -0.10473335 0.00671367
v -0.13181225 -0.10440282 0.00949821
v -0.13320915 -0.10375026 0.01504998
v -0.13318075 -0.10077753 0.01513625
v -0.12115219 -0.10478359 0.02360742
v -0.12407962 -0.10045116 0.02787724
v -0.12418993 -0.10408016 0.02685208
v -0.11944191 -0.10777090 0.01436230
v -0.13275105 -0.09357070 0.02457752
v -0.13052778 -0.09835780 0.02471826
v -0.11835772 -0.10377423 0.01109694
v -0.12216033 -0.10303515 0.00596312
v -0.13129917 -0.09539676 0.00727977
v -0.12939456 -0.09314183 0.00550016
v -0.13278577 -0.09714835 0.01516304
v -0.12058785 -0.10160444 0.02579815
v -0.12263628 -0.09540232 0.02930839
v -0.11875642 -0.10663202 0.01666497
v -0.14552964 -0.09018896 0.02387157
v -0.14769301 -0.08960299 0.01917906
v -0.14673547 -0.09395175 0.01882094
v -0.14676935 -0.08352102 0.02475412
v -0.09518395 -0.14953438 0.02247933
v -0.09526120 -0.14878964 0.02312236
v -0.14269636 -0.06820487 0.02687610
v -0.14721447 -0.06924330 0.02177117
v -0.14037987 -0.09510400 0.00657393
v -0.14566946 -0.09463215 0.00903849
v -0.14483234 -0.09109591 0.00742969
v -0.13401231 -0.09736069 0.01439024
v -0.13459177 -0.09904525 0.01396571
v -0.13661774 -0.09707222 0.00760280
v -0.14821028 -0.08983427 0.01213189
v -0.14758262 -0.09418164 0.01323409
v -0.13401231 -0.09736069 0.01439024
v -0.13549379 -0.09605589 0.02067789
v -0.13578924 -0.09810636 0.02028246
v -0.13538405 -0.09538060 0.00706526
v -0.13389587 -0.09442509 0.00692834
v -0.14954284 -0.08372956 0.01216753
v -0.14398417 -0.08560706 0.00628205
v -0.14954284 -0.08372956 0.01216753
v -0.14821028 -0.08983427 0.01213189
v -0.13351195 -0.09688457 0.01490432
v -0.13530420 -0.09241009 0.02469623
v -0.07512697 0.02620664 0.04840549
v -0.07811877 0.04772856 0.05475812
v -0.09362725 -0.14234064 0.00712132
v -0.09367395 -0.15402854 0.00986087
v -0.09192998 -0.13541627 0.02937619
v -0.09552406 -0.13538730 0.02986292
v -0.09533455 -0.14199525 0.02635810
v -0.12764288 -0.11324555 0.02672989
v -0.12707937 -0.11686321 0.02549100
v -0.09507532 -0.15148626 0.02175003
v -0.09504580 -0.15464645 0.02111028
v -0.09581653 -0.13241352 0.03131714
v -0.11241901 -0.11824322 0.02945384
v -0.11237453 -0.12270275 0.02891314
v -0.11074532 -0.14119517 0.02064418
v -0.11075906 -0.14035489 0.02157304
v -0.09541069 -0.11419501 0.03316281
v -0.08621915 -0.10570669 0.00726139
v -0.09943596 -0.14207119 0.02632888
v -0.09533520 -0.14460263 0.02496719
v -0.10085711 -0.10230666 0.03501462
v -0.09530800 -0.10917413 0.03399599
v -0.10085637 -0.11297517 0.01900301
v -0.11940821 -0.09899251 0.00566022
v -0.10466828 -0.10642014 0.00713178
v -0.13351195 -0.09688457 0.01490432
v -0.09433040 -0.15744881 0.01531213
v -0.11051171 -0.12361007 0.00820083
v -0.11043715 -0.12518971 0.00774685
v -0.09598868 -0.12145077 0.03285012
v -0.09514663 -0.14636676 0.02433844
v -0.08019245 0.07416137 0.03748747
v -0.07881072 0.07375842 0.02633569
v -0.11110947 -0.13719366 0.02358069
v -0.11173222 -0.13487765 0.02472479
v -0.12376356 0.08014325 0.02106169
v -0.12504636 0.07941988 0.02952135
v -0.12585378 -0.00736034 0.07833543
v -0.13151058 -0.00004969 0.07561011
v -0.12945260 -0.01838068 0.06103862
v -0.13790035 0.06063967 0.08998979
v -0.13796340 0.06046639 0.07449712
v -0.14151115 0.04907769 0.07577237
v -0.13342866 -0.01169817 0.05652120
v -0.10419828 -0.03848360 0.07002172
v -0.10345753 -0.01871418 0.08337047
v -0.10869763 -0.01835611 0.08154871
v -0.12997161 0.06768251 0.02207938
v -0.13042565 0.06604243 0.02987703
v -0.11414824 -0.01651145 0.08063435
v -0.11914239 -0.01289511 0.07947903
v -0.12115683 -0.02925238 0.06608727
v -0.14067021 0.05019632 0.09171154
v -0.11573010 -0.03323003 0.06765937
v -0.11035387 -0.03712290 0.06782684
v -0.11310674 -0.00536547 0.09544055
v -0.11855251 -0.00231491 0.09424277
v -0.10364851 -0.00628625 0.09907767
v -0.13182581 0.06145569 0.04598814
v -0.13390440 0.05935285 0.05997196
v -0.12731623 0.07007208 0.06207612
v -0.13665534 0.02174999 0.08958728
v -0.13178838 0.01041834 0.08972929
v -0.08428633 -0.01292240 0.07515758
v -0.08552378 -0.03573676 0.06746114
v -0.12546065 0.00376854 0.09214503
v -0.07268091 -0.01400284 0.03982192
v -0.06909096 -0.03447086 0.03762959
v -0.07303095 -0.03207666 0.02977122
v -0.07168386 -0.01571153 0.04710921
v -0.13932883 0.04802276 0.06134267
v -0.14909569 -0.03827627 0.01877877
v -0.15201104 -0.05982285 0.01082006
v -0.15064124 -0.06022591 0.01785975
v -0.14665292 -0.03614724 0.02675507
v -0.14619434 -0.05750061 0.02621748
v -0.14478025 -0.01130840 0.02853631
v -0.14017097 0.01173853 0.03320443
v -0.14088627 0.01280785 0.02697318
v -0.07130980 -0.05346753 0.01732260
v -0.07809044 -0.02951264 0.02282865
v -0.08259131 -0.05332000 0.01434863
v -0.08600432 -0.02773106 0.01850061
v -0.09156136 -0.05322140 0.01160172
v -0.09449586 -0.02558319 0.01523415
v -0.10057596 -0.05209597 0.01005994
v -0.10261725 -0.02296452 0.01190920
v -0.10776626 -0.04917189 0.00859802
v -0.11530057 -0.04626062 0.00588952
v -0.11692394 -0.01592255 0.00609656
v -0.11041487 -0.01885286 0.00879775
v -0.14193890 -0.00567179 0.01274984
v -0.14371250 -0.00884423 0.01622472
v -0.14032528 0.01473238 0.01993143
v -0.13634281 -0.00800950 0.00752261
v -0.13818716 0.01799507 0.01462611
v -0.14153863 -0.05850793 0.03031639
v -0.13866700 -0.03361999 0.03807321
v -0.14230343 -0.03334052 0.03323708
v -0.13630631 -0.05718122 0.03474416
v -0.13458296 -0.03556007 0.04342520
v -0.13025796 -0.06067697 0.03749528
v -0.13051766 -0.04020455 0.04663852
v -0.12153249 -0.04332501 0.00321555
v -0.12293006 -0.01353171 0.00503253
v -0.12673593 -0.04230906 0.00279467
v -0.09310980 -0.12104967 0.01008739
v -0.09348473 -0.12272643 0.01042929
v -0.09225773 -0.11528255 0.00884590
v -0.09225049 -0.11175746 0.00808865
v -0.09251056 0.08490977 0.05919340
v -0.08519677 0.06658596 0.06333057
v -0.08285734 0.07064775 0.05011225
v -0.12687157 -0.04588950 0.04766827
v -0.12960988 -0.01049320 0.00595274
v -0.13292142 -0.04168465 0.00199874
v -0.13994599 -0.04097324 0.00307935
v -0.14446484 -0.03964857 0.00608325
v -0.13233916 0.05374929 0.01181694
v -0.13401369 0.05393281 0.01743628
v -0.12928341 0.06821601 0.01496137
v -0.14834937 -0.03941469 0.01139213
v -0.14546715 -0.01079670 0.02212310
v -0.14909569 -0.03827627 0.01877877
v -0.12557978 -0.06318398 0.03880251
v -0.12100623 -0.06689348 0.04140952
v -0.12136045 -0.05032414 0.05036981
v -0.11586473 -0.05392323 0.05306702
v -0.11581830 -0.07040901 0.04342320
v -0.11109722 -0.07160880 0.04594315
v -0.11125813 -0.05550018 0.05492391
v -0.10636155 -0.07272132 0.04734470
v -0.10072517 -0.07353709 0.04902029
v -0.09980922 -0.05656646 0.05922346
v -0.10622312 -0.05623221 0.05700666
v -0.09436633 -0.07294676 0.05066888
v -0.08778318 -0.07244202 0.05289955
v -0.08636913 -0.05770497 0.06036013
v -0.09312160 -0.05680749 0.06053390
v -0.12009009 0.07615695 0.00912045
v -0.12775540 0.06654822 0.01017223
v -0.13686805 0.04846228 0.04758848
v -0.12600075 0.07749883 0.03867025
v -0.11550326 0.09223647 0.03153552
v -0.07943271 -0.07126470 0.05315573
v -0.07341751 -0.05778176 0.05295539
v -0.07871619 -0.05711436 0.05737768
v -0.08973131 0.07726811 0.00761913
v -0.07877192 0.07110598 0.01599245
v -0.07209665 -0.07059006 0.04958212
v -0.06536307 -0.06956780 0.04352254
v -0.06820428 -0.05548747 0.04692897
v -0.09952863 0.00643509 0.12024515
v -0.09947803 -0.00368822 0.10171773
v -0.09461674 0.00300752 0.10413208
v -0.12237603 0.07883186 0.01383190
v -0.07349615 0.00457929 0.04453198
v -0.07588245 -0.01321627 0.05993675
v -0.07579861 -0.03429807 0.05936147
v -0.07139796 -0.03313830 0.05232604
v -0.12687380 0.07372444 0.04829973
v -0.09504821 0.01265550 0.12187734
v -0.09044672 0.02379848 0.12322532
v -0.10607410 0.09169173 0.07248688
v -0.11754427 0.08578611 0.06690207
v -0.11740481 0.08046374 0.07887519
v -0.07324030 -0.01338849 0.05301295
v -0.07397171 0.00655812 0.05184910
v -0.13097420 0.06402960 0.03775992
v -0.12504636 0.07941988 0.02952135
v -0.13042565 0.06604243 0.02987703
v -0.09947803 -0.00368822 0.10171773
v -0.09461674 0.00300752 0.10413208
v -0.08645530 0.01071498 0.09268616
v -0.09461340 0.08215831 0.07355016
v -0.08590680 0.06348963 0.07782518
v -0.09660213 0.07912473 0.08679953
v -0.10607410 0.09169173 0.07248688
v -0.10734083 0.08950283 0.08487135
v -0.10797481 0.08646704 0.11094189
v -0.11887219 0.07789548 0.10859421
v -0.09008200 0.06639847 0.11696304
v -0.09952956 0.07986277 0.11459169
v -0.08754162 0.05625341 0.13963700
v -0.08508812 0.06389899 0.17306582
v -0.08418549 0.05007944 0.17319998
v -0.13476391 0.05046175 0.03146170
v -0.13447487 0.05210253 0.02439423
v -0.13759134 0.03394630 0.02638726
v -0.13738865 0.03633216 0.02005518
v -0.13565600 0.03790941 0.01350278
v -0.12938862 0.06906247 0.09005133
v -0.11895520 0.07930006 0.09300107
v -0.12920858 0.06936431 0.07579373
v -0.10882874 0.08731167 0.09760730
v -0.11895520 0.07930006 0.09300107
v -0.09870562 0.07739379 0.10096622
v -0.13790035 0.06063967 0.08998979
v -0.12987783 0.06969387 0.10632795
v -0.08940430 0.01677146 0.10730398
v -0.10882874 0.08731167 0.09760730
v -0.11840423 0.00419816 0.11429447
v -0.11855251 -0.00231491 0.09424277
v -0.11310674 -0.00536547 0.09544055
v -0.08573469 0.06207718 0.09156122
v -0.09870562 0.07739379 0.10096622
v -0.10612461 0.09486272 0.05717098
v -0.13799682 0.03280243 0.04025225
v -0.10734083 0.08950283 0.08487135
v -0.13178838 0.01041834 0.08972929
v -0.10364851 -0.00628625 0.09907767
v -0.10808131 -0.00665860 0.09677783
v -0.09805939 0.01372858 0.14284965
v -0.10808131 -0.00665860 0.09677783
v -0.12546065 0.00376854 0.09214503
v -0.09809560 0.01371917 0.17745877
v -0.12586213 0.01208575 0.17641746
v -0.14478025 -0.01130840 0.02853631
v -0.09052397 -0.15437952 0.02062039
v -0.07485425 -0.01130208 0.03101642
v -0.07564316 0.00705470 0.02789296
v -0.07468069 0.00544967 0.03741564
v -0.14269023 -0.01077385 0.03471067
v -0.08190313 0.00859830 0.07998536
v -0.07927997 0.02676145 0.08111594
v -0.08940430 0.01677146 0.10730398
v -0.08271588 0.02750729 0.09411742
v -0.08587741 0.03095379 0.10760342
v -0.08749673 0.03713125 0.12291112
v -0.13537662 0.04937388 0.03886882
v -0.14063418 -0.00996464 0.04022769
v -0.14031459 0.01213876 0.03934652
v -0.06036859 -0.07043501 0.03748503
v -0.06313659 -0.05727990 0.04127487
v -0.13137623 0.03972270 0.00757286
v -0.13476391 0.05046175 0.03146170
v -0.12864676 0.05341940 0.00658282
v -0.13751196 0.03286923 0.03339575
v -0.14017097 0.01173853 0.03320443
v -0.13751196 0.03286923 0.03339575
v -0.13408807 0.02222659 0.01006990
v -0.06142093 -0.05526249 0.03005462
v -0.08721498 0.04290244 0.14269850
v -0.13733332 -0.01033044 0.04755018
v -0.13844918 -0.09618059 0.02514622
v -0.13730973 -0.08862640 0.02728569
v -0.13791065 -0.09375250 0.02584419
v -0.14202432 -0.09159673 0.02645949
v -0.14447014 -0.09407245 0.02333537
v -0.12567346 -0.13463503 0.01365253
v -0.12550596 -0.13116917 0.01888209
v -0.12542918 -0.13237779 0.01833386
v -0.05714358 -0.07144715 0.02763573
v -0.05682735 -0.07224370 0.01600744
v -0.06501357 -0.05518468 0.02195806
v -0.06353826 -0.07425769 0.00966424
v -0.12475843 -0.02459429 0.06385238
v -0.13278577 -0.09714835 0.01516304
v -0.07413132 -0.07595952 0.00573772
v -0.08539107 -0.07728744 0.00472999
v -0.09532202 -0.14795262 0.02358009
v -0.10526204 0.09680186 0.03373876
v -0.13256006 -0.12511004 0.01257181
v -0.13229247 -0.12890329 0.01438321
v -0.13235300 -0.12387692 0.01687969
v -0.11912910 -0.12281557 0.01313652
v -0.11972565 -0.11799559 0.01352851
v -0.12078089 -0.11974709 0.01986806
v -0.13348818 -0.11471729 0.01431238
v -0.13264231 -0.11860822 0.01310210
v -0.13368482 -0.11202514 0.01484394
v -0.13373291 -0.10942584 0.01483066
v -0.12226071 -0.13231901 0.01836480
v -0.12101672 -0.12913857 0.01838318
v -0.11872437 -0.12568571 0.01337228
v -0.12619118 -0.11945630 0.00552824
v -0.12622238 -0.11630092 0.00523489
v -0.11924405 -0.11445239 0.01459036
v -0.11935649 -0.11287629 0.01448084
v -0.11947292 -0.11157845 0.01446512
v -0.13320915 -0.10375026 0.01504998
v -0.13318075 -0.10077753 0.01513625
v -0.12932344 0.02211420 0.00717943
v -0.08056982 0.04447106 0.08037109
v -0.08219694 0.04432075 0.09317999
v -0.08520871 0.04711770 0.10621635
v -0.08587741 0.03095379 0.10760342
v -0.08520871 0.04711770 0.10621635
v -0.08731167 0.05142674 0.12110958
v -0.08749673 0.03713125 0.12291112
v -0.08721498 0.04290244 0.14269850
v -0.09831816 -0.03650982 0.07152541
v -0.09386142 -0.07688363 0.00538978
v -0.10164001 -0.07498459 0.00536621
v -0.11044115 -0.07236738 0.00421364
v -0.11657595 -0.07007466 0.00257756
v -0.07907387 -0.00779970 0.02294039
v -0.09368928 -0.00041030 0.01355098
v -0.08666992 -0.00527200 0.01808129
v -0.11569807 0.01567164 0.00555291
v -0.10665078 0.00934979 0.00776811
v -0.10041747 0.00427546 0.00988954
v -0.12353719 0.02035592 0.00560751
v -0.10460727 0.07335277 0.00402581
v -0.07926507 0.00880833 0.02072100
v -0.11180306 0.07480234 0.00480730
v -0.09135868 0.06895417 0.00394158
v -0.08079600 0.06602332 0.01002618
v -0.11921517 0.07197701 0.00576823
v -0.12314704 0.05657312 0.00412692
v -0.11630362 0.05762086 0.00264951
v -0.12113083 0.04045023 0.00381828
v -0.10359606 0.03269855 0.00444580
v -0.09877330 0.05255977 0.00280126
v -0.09013632 0.04539240 0.00460580
v -0.11331370 0.03892101 0.00337792
v -0.08841156 0.01983100 0.01194987
v -0.12650576 0.04045145 0.00534306
v -0.09581681 0.02654169 0.00718901
v -0.08491872 0.00840893 0.01755498
v -0.12572760 0.06499043 0.00692453
v -0.08418012 0.05618684 0.00552809
v -0.08024840 0.02455456 0.01628095
v -0.08038182 0.04216662 0.01042542
v -0.07671502 0.04671524 0.01496868
v -0.11009650 0.05671253 0.00232897
v -0.08032826 -0.03621521 0.06405439
v -0.12233127 -0.06675002 0.00162839
v -0.12803925 -0.06500410 0.00050245
v -0.12580957 -0.10551412 0.00654599
v -0.07488651 -0.15752597 0.02067329
v -0.07471987 -0.15652572 0.01592825
v -0.07253203 -0.10844118 0.04042791
v -0.06424006 -0.11212012 0.03556311
v -0.08123415 -0.11679358 0.01851633
v -0.08308984 -0.12296124 0.01770141
v -0.07340677 -0.12520345 0.03451969
v -0.07347993 -0.12780832 0.03386804
v -0.08069097 -0.13511785 0.02889261
v -0.08407204 -0.13092136 0.02640104
v -0.08534995 -0.13331927 0.01611426
v -0.08457981 -0.14193908 0.01659147
v -0.07397801 -0.13721521 0.03030494
v -0.07394619 -0.14019965 0.02770562
v -0.06771871 -0.14063993 0.02803857
v -0.07401448 -0.14159870 0.02677056
v -0.07466592 -0.14644475 0.02578962
v -0.07456990 -0.15378676 0.02433053
v -0.07445169 -0.15527514 0.02341411
v -0.07496377 -0.15668355 0.02224894
v -0.06793094 -0.15403597 0.02423678
v -0.06914127 -0.12255911 0.00955333
v -0.07221764 -0.14482306 0.00717893
v -0.07342161 -0.15096398 0.00922676
v -0.07023029 -0.09964144 0.00955743
v -0.06852393 -0.10489936 0.01030206
v -0.06816919 -0.11055600 0.01063544
v -0.06973686 -0.12601551 0.00773363
v -0.06994085 -0.12908963 0.00660423
v -0.06431344 -0.13353301 0.00717135
v -0.06761200 -0.15066259 0.01082239
v -0.07069728 -0.13365380 0.00663832
v -0.08519251 -0.11824174 0.02205093
v -0.09372409 -0.12477393 0.01041258
v -0.09411833 -0.13509751 0.00882188
v -0.09013548 -0.15340126 0.01076599
v -0.09477440 -0.15706767 0.01881253
v -0.09454859 -0.15790536 0.01762460
v -0.09492082 -0.15650613 0.02019574
v -0.09137697 -0.14843765 0.02340925
v -0.10177037 -0.13790025 0.01507704
v -0.09618784 -0.12665402 0.03303431
v -0.13407414 -0.06400393 0.00000000
v -0.14248002 -0.06257684 0.00075603
v -0.06907978 -0.03480354 0.04518878
v -0.14968045 -0.06157640 0.00452400
v -0.15201104 -0.05982285 0.01082006
v -0.11209710 -0.10606667 0.03047158
v -0.11224547 -0.10960169 0.02981560
v -0.10570419 -0.11395871 0.02580734
v -0.11223805 -0.12772197 0.02754364
v -0.10433857 -0.12847730 0.01470055
v -0.10533344 -0.12938620 0.02216283
v -0.10861082 -0.13482221 0.02428465
v -0.11071682 -0.14175282 0.02046222
v -0.11083780 -0.14324286 0.02008208
v -0.11078060 -0.14584243 0.02000299
v -0.11082350 -0.14705188 0.01972284
v -0.11081245 -0.14872697 0.01898309
v -0.11069314 -0.14938527 0.01694450
v -0.11057633 -0.14902789 0.01378270
v -0.10751864 -0.14633853 0.02013824
v -0.10564913 -0.14101124 0.02002435
v -0.10293284 -0.13774844 0.01263003
v -0.10347136 -0.13460040 0.01275339
v -0.10433857 -0.12847730 0.01470055
v -0.11018870 -0.13234649 0.00564908
v -0.10420022 -0.12586974 0.01563848
v -0.10420004 -0.12382390 0.01619152
v -0.10445324 -0.12159850 0.01643923
v -0.10392920 -0.11740731 0.01694334
v -0.10344555 -0.11553882 0.01735786
v -0.10264631 -0.11310015 0.01920086
v -0.10085637 -0.11297517 0.01900301
v -0.10078431 -0.11558496 0.01687289
v -0.10105608 -0.11735318 0.01713189
v -0.10147233 -0.12228048 0.01757375
v -0.10223981 -0.12526714 0.01741497
v -0.10260100 -0.12778427 0.01682806
v -0.10231502 -0.13062610 0.02302302
v -0.10232273 -0.13038154 0.01639745
v -0.09378955 -0.12672487 0.01050588
v -0.08725162 -0.13054996 0.01974354
v -0.10239125 -0.14283525 0.01475246
v -0.08704177 -0.14355502 0.01822102
v -0.08915046 -0.14077382 0.02490869
v -0.08765822 -0.13864156 0.01879736
v -0.08725162 -0.13054996 0.01974354
v -0.08672803 -0.12682255 0.02034241
v -0.08686173 -0.12449873 0.02125461
v -0.08660766 -0.12216851 0.02201822
v -0.08519251 -0.11824174 0.02205093
v -0.08920514 -0.11520577 0.03097652
v -0.08428700 -0.11683676 0.02110895
v -0.08289951 -0.11347071 0.02058098
v -0.08132055 -0.11261585 0.01858739
v -0.08093525 -0.11483113 0.01984532
v -0.08375703 -0.12538980 0.01736399
v -0.08465657 -0.12828899 0.01663221
v -0.11774501 -0.13737890 0.01136120
v -0.11778827 -0.13347619 0.01199714
v -0.11791530 -0.13456577 0.01730611
v -0.11791863 -0.12771009 0.01411115
v -0.11821157 -0.12529787 0.01472750
v -0.11834305 -0.12260294 0.01554534
v -0.11809710 -0.11934469 0.01621182
v -0.11056501 -0.12063464 0.00911873
v -0.10994264 -0.11440568 0.00822634
v -0.11210733 -0.11425918 0.00838650
v -0.11785104 -0.11070557 0.01583434
v -0.11786459 -0.10781947 0.01731619
v -0.11875642 -0.10663202 0.01666497
v -0.12108162 -0.10664140 0.02324731
v -0.11962984 -0.10907310 0.01462805
v -0.11944191 -0.10777090 0.01436230
v -0.12749041 -0.09837775 0.02800199
v -0.12796395 -0.10284899 0.02703732
v -0.12617642 -0.11026241 0.00549937
v -0.11962984 -0.10907310 0.01462805
v -0.12770081 -0.10962546 0.02661899
v -0.12967746 -0.11673090 0.00629652
v -0.12620242 -0.12615060 0.02215580
v -0.12271687 -0.12432519 0.02146574
v -0.12582778 -0.12856559 0.02070783
v -0.12574151 -0.12931061 0.01997239
v -0.12575842 -0.12996437 0.01931979
v -0.12548284 -0.13349419 0.01814565
v -0.12568832 -0.13442956 0.01756882
v -0.12382418 -0.13430226 0.01756483
v -0.12555443 -0.13480522 0.01627702
v -0.12564217 -0.12474339 0.00475993
v -0.12637493 -0.12475805 0.02269406
v -0.12625014 -0.11323356 0.00587511
v -0.12615628 -0.11184028 0.00559984
v -0.12535619 -0.10170620 0.00499192
v -0.12436067 -0.09361007 0.00468981
v -0.10982147 -0.13818901 0.00589099
v -0.10689442 -0.14517290 0.00974659
v -0.11050132 -0.12212115 0.00875668
v -0.11753433 -0.11283543 0.01587241
v -0.10978248 -0.11013372 0.00766821
v -0.07417370 -0.13926911 0.02889305
v -0.08111473 -0.10108040 0.03993427
v -0.11207418 -0.13069630 0.02645002
v -0.12602767 -0.12717212 0.02152329
v -0.11548200 -0.09990726 0.03049211
v -0.11092944 -0.13849374 0.02294957
v -0.12853422 -0.12871322 0.01978954
v -0.11324035 -0.14529017 0.00977703
v -0.11252282 -0.14932335 0.01751104
v -0.12567811 -0.13299420 0.00767574
v -0.12660770 -0.12001877 0.02414829
v -0.13048600 -0.09220703 0.02880711
v -0.13745087 -0.10052545 0.00725254
v -0.13779599 -0.09783793 0.00739637
v -0.14182311 -0.09503121 0.02602406
v -0.13990328 -0.10038868 0.00654484
v -0.13952872 -0.09712997 0.00685075
v -0.05978590 -0.08232958 0.03384966
v -0.06395792 -0.08144632 0.04006111
v -0.07209815 -0.08332910 0.04635866
v -0.08076994 -0.08496928 0.04756517
v -0.07345597 -0.09691595 0.04571038
v -0.08910552 -0.08625449 0.04432539
v -0.10112340 -0.08528607 0.04108981
v -0.09519027 -0.09968108 0.03761482
v -0.10653147 -0.08427783 0.03990249
v -0.11071979 -0.08278353 0.03855342
v -0.11170185 -0.09824814 0.03253711
v -0.11518525 -0.08129442 0.03717717
v -0.12112703 -0.07788046 0.03620935
v -0.12536343 -0.07378685 0.03484699
v -0.12674299 -0.09157203 0.03047861
v -0.12976150 -0.07202170 0.03273009
v -0.15115554 -0.07021310 0.00981881
v -0.05694523 -0.08333858 0.02601514
v -0.05576401 -0.08476018 0.01615316
v -0.05999420 -0.08598402 0.01005086
v -0.07135530 -0.08760628 0.00632857
v -0.08175116 -0.08919770 0.00512660
v -0.08960634 -0.08962035 0.00538306
v -0.13816794 -0.07438294 0.00093844
v -0.13140956 -0.07657946 0.00095615
v -0.12003698 -0.08184222 0.00209000
v -0.10791557 -0.10026045 0.00669940
v -0.09391610 -0.10028014 0.00667443
v -0.11509017 -0.08378220 0.00435466
v -0.10829783 -0.08625329 0.00502964
v -0.14529390 -0.11279430 0.01538606
v -0.14485147 -0.11427412 0.01496790
v -0.14302495 -0.11339364 0.01710355
v -0.13532305 -0.12005071 0.01312357
v -0.13481953 -0.11817814 0.01428637
v -0.13569518 -0.11874907 0.01476203
v -0.08719943 -0.14903792 0.01803702
v -0.14374991 -0.11582999 0.01545436
v -0.14300229 -0.11628013 0.01552924
v -0.14222329 -0.11440708 0.01578614
v -0.08719943 -0.14903792 0.01803702
v -0.08879085 -0.15333469 0.01892122
v -0.08930207 -0.15586129 0.01701341
v -0.09137576 -0.15729989 0.01560173
v -0.13421991 -0.11707528 0.00986342
v -0.13371547 -0.11094002 0.00923960
v -0.13280099 -0.11257740 0.01260014
v -0.14337769 -0.11274694 0.01771985
v -0.14360506 -0.11191410 0.01797464
v -0.14596946 -0.11191195 0.00878613
v -0.14387062 -0.11123584 0.00628442
v -0.14342011 -0.11697863 0.00756041
v -0.09433040 -0.15744881 0.01531213
v -0.09730666 -0.15741158 0.01520643
v -0.09711391 -0.15390729 0.00970935
v -0.14371862 -0.11927830 0.01294985
v -0.14195775 -0.12120306 0.01154305
v -0.14155414 -0.12137298 0.01316923
v -0.14234697 -0.11673202 0.01559509
v -0.14183435 -0.11495731 0.01573284
v -0.14316654 -0.11954107 0.01403113
v -0.14208513 -0.11951915 0.01441714
v -0.14244985 -0.11822261 0.01503011
v -0.13679786 -0.12006918 0.01484471
v -0.13599017 -0.12033575 0.01427181
v -0.13380126 -0.10982871 0.00894767
v -0.13306330 -0.11035181 0.01294022
v -0.14608933 -0.11042842 0.00876947
v -0.14416281 -0.10994180 0.00615817
v -0.13682079 -0.11355483 0.01761985
v -0.13444107 -0.11454347 0.01543106
v -0.13388658 -0.11248707 0.01603849
v -0.13692479 -0.11458638 0.01602704
v -0.13609341 -0.11661651 0.01555558
v -0.13552054 -0.11614271 0.01533039
v -0.10066352 -0.15346505 0.01822252
v -0.13687985 -0.11281054 0.01807807
v -0.13386012 -0.11136982 0.01650387
v -0.13708458 -0.11496186 0.01582598
v -0.13676230 -0.11690629 0.01577075
v -0.10229608 -0.14886383 0.01590124
v -0.13738086 -0.12166563 0.01348662
v -0.13678105 -0.12175422 0.01214634
v -0.09907590 -0.14839681 0.02293314
v -0.13655896 -0.11778214 0.00721042
v -0.13622684 -0.11044959 0.00525964
v -0.14604319 -0.11254426 0.01251281
v -0.14515138 -0.11607056 0.00981311
v -0.14405223 -0.11760684 0.01412443
v -0.14119842 -0.12052573 0.01413434
v -0.13767008 -0.12092340 0.01438875
v -0.13641755 -0.10915407 0.00505006
v -0.14641124 -0.11115980 0.01219222
v -0.14644717 -0.10950328 0.00938437
v -0.14720380 -0.10690927 0.01088758
v -0.14390125 -0.10547308 0.00738193
v -0.13497589 -0.10729403 0.01852674
v -0.13776376 -0.10863041 0.02152274
v -0.13740128 -0.11039555 0.02007145
v -0.13440960 -0.10584326 0.00962113
v -0.13382576 -0.10645877 0.01425194
v -0.13331009 -0.10896159 0.01328462
v -0.13565684 -0.10330617 0.01993945
v -0.13786747 -0.10332911 0.02345430
v -0.13745755 -0.10657539 0.02275886
v -0.13429354 -0.10312271 0.01456822
v -0.13426382 -0.10423698 0.01448150
v -0.13471331 -0.10333792 0.01032940
v -0.13667168 -0.10228029 0.00630858
v -0.13698977 -0.10154196 0.00655480
v -0.13492602 -0.10231993 0.01039847
v -0.14740166 -0.10366039 0.01132390
v -0.14360943 -0.10165495 0.00842424
v -0.14375548 -0.10277303 0.00822700
v -0.14738448 -0.10458870 0.01132866
v -0.14754028 -0.10577986 0.01504909
v -0.14794074 -0.10411591 0.01500432
v -0.14476614 -0.10773905 0.02139214
v -0.14483717 -0.10429929 0.02240008
v -0.14642739 -0.10452862 0.01963242
v -0.14691356 -0.10781761 0.01381120
v -0.13650612 -0.10534736 0.00521540
v -0.13544106 -0.10507123 0.01903351
v -0.14561609 -0.10860867 0.01785964
v -0.14368612 -0.10930392 0.02019718
v -0.14648626 -0.11004403 0.01274093
v -0.14556873 -0.11028506 0.01675025
v -0.14376524 -0.11060985 0.01935405
v -0.13399020 -0.10862594 0.00873853
v -0.13661216 -0.10813683 0.00493430
v -0.14118979 -0.10720582 0.02192807
v -0.13919271 -0.12236107 0.01116523
v -0.13937534 -0.12179831 0.01291809
v -0.13918983 -0.11704390 0.01581276
v -0.13939243 -0.11862882 0.01533161
v -0.14337536 -0.11814732 0.01493902
v -0.14604319 -0.11254426 0.01251281
v -0.14552992 -0.11149730 0.01563848
v -0.13331009 -0.10896159 0.01328462
v -0.13424423 -0.10951599 0.01720644
v -0.14691356 -0.10781761 0.01381120
v -0.14598943 -0.10684799 0.01847023
v -0.14754028 -0.10577986 0.01504909
v -0.14794074 -0.10411591 0.01500432
v -0.14435547 -0.10075599 0.02346193
v -0.14653640 -0.10109229 0.02007687
v -0.13657763 -0.11894868 0.01523582
v -0.06695454 -0.15497699 0.01827155
v -0.07062372 -0.15607355 0.01688866
v -0.13280099 -0.11257740 0.01260014
v -0.13306330 -0.11035181 0.01294022
v -0.13967784 -0.10884841 0.00398265
v -0.13988323 -0.10773795 0.00395879
v -0.13382576 -0.10645877 0.01425194
v -0.13426382 -0.10423698 0.01448150
v -0.13429354 -0.10312271 0.01456822
v -0.14793609 -0.10132794 0.01536875
v -0.14793609 -0.10132794 0.01536875
v -0.14746665 -0.10161717 0.01159065
v -0.14355066 -0.10081709 0.00861385
v -0.14005285 -0.10132106 0.00634665
v -0.13539222 -0.10112256 0.01016215
v -0.13441898 -0.10182449 0.01464493
v -0.14133510 -0.10367070 0.02367478
v -0.14045908 -0.11045321 0.01986475
v -0.14062490 -0.10933429 0.02133751
v -0.14431034 -0.10892120 0.00651350
v -0.14648626 -0.11004403 0.01274093
v -0.13978193 -0.11267332 0.01909886
v -0.13708012 -0.11188104 0.01898835
v -0.07471987 -0.15652572 0.01592825
v -0.07856301 -0.15547763 0.01685363
v -0.07931710 -0.14986122 0.01013708
v -0.13921193 -0.11379122 0.01635965
v -0.13925779 -0.11435119 0.01598381
v -0.13933253 -0.11481739 0.01588470
v -0.13932474 -0.11983716 0.01487576
v -0.13921341 -0.12095423 0.01395741
v -0.08318906 -0.15080948 0.02030250
v -0.13931972 -0.11792801 0.00684655
v -0.13969520 -0.10986836 0.00435748
v -0.13988071 -0.11183991 0.01899311
v -0.14040801 -0.10523483 0.00501855
v -0.14009343 -0.10215959 0.00597225
v -0.13441898 -0.10182449 0.01464493
v -0.13562257 -0.10163248 0.02021716
v -0.13854536 -0.10008841 0.02403013
v -0.13951425 -0.11322930 0.01838063
v -0.08406357 -0.14731297 0.01712636
v -0.08013179 -0.13957515 0.02690969
v -0.14167233 -0.10032926 0.02456357
v -0.13459177 -0.09904525 0.01396571
v -0.14758262 -0.09418164 0.01323409
v -0.14259534 -0.08454133 0.02805943
v -0.13698412 -0.06891591 0.03061132
v -0.14588144 -0.07218836 0.00399903
v -0.09552676 -0.08601272 0.04220147
v -0.15115554 -0.07021310 0.00981881
v -0.15076037 -0.06886920 0.01694362
v -0.13654336 -0.08835400 0.00515571
v -0.12616918 -0.07851953 0.00213007
v -0.09664066 -0.08808343 0.00450081
v -0.14964507 -0.08351146 0.01887407
v -0.13893552 -0.09285307 0.00568206
v -0.08574670 0.03722621 0.00804908
v -0.08912604 0.06384204 0.10391073
v -0.08984329 0.07467511 0.17284335
v -0.11365586 -0.14059379 0.02166260
v -0.10337860 -0.14304592 0.01344339
v -0.10512221 -0.14538442 0.01645196
v -0.10574829 -0.14670594 0.01452893
v -0.10826227 -0.14824193 0.01382072
v -0.10999296 -0.14606899 0.00916544
v -0.11267880 -0.14822920 0.01413346
v -0.11484024 -0.14668635 0.01494239
v -0.11577141 -0.14465285 0.01643032
v -0.13007784 -0.13312866 0.01545425
v -0.13063252 -0.13145951 0.01698031
v -0.13229247 -0.12890329 0.01438321
v -0.12885436 -0.13450792 0.01371302
v -0.12567346 -0.13463503 0.01365253
v -0.12248011 -0.13485053 0.01443324
v -0.12014264 -0.13120408 0.01082554
v -0.12058256 -0.13183379 0.01638217
v -0.12100270 -0.13370431 0.01532087
v -0.13667270 -0.11420922 0.01623712
v -0.13348733 -0.11603073 0.01170449
v -0.13481953 -0.11817814 0.01428637
v -0.13678105 -0.12175422 0.01214634
v -0.13919271 -0.12236107 0.01116523
v -0.14195775 -0.12120306 0.01154305
v -0.14371862 -0.11927830 0.01294985
v -0.14405223 -0.11760684 0.01412443
v -0.14525212 -0.11485137 0.01250479
v -0.14525212 -0.11485137 0.01250479
v -0.14262858 -0.11394897 0.01602471
v -0.00478201 -0.05829521 1.65588250
v -0.00435460 -0.05915787 1.65780631
v -0.00710555 -0.05983093 1.65514999
v -0.00580417 -0.06064596 1.65923989
v -0.02695092 -0.05957838 1.65458174
v -0.03019813 -0.05635949 1.65680450
v 0.04889267 -0.05620239 1.66495475
v 0.04521745 -0.05749207 1.66472264
v 0.04530301 -0.05732346 1.66425102
v 0.04506188 -0.05739189 1.66666593
v 0.04519028 -0.05744434 1.66555643
v 0.04896854 -0.05623582 1.66579695
v 0.05258732 -0.05487374 1.66425467
v 0.05280415 -0.05451700 1.66507916
v 0.05291799 -0.05407923 1.66589535
v 0.04899500 -0.05589052 1.66680152
v 0.05594165 -0.05234398 1.66394088
v 0.05659769 -0.05174826 1.66476537
v 0.05568930 -0.05241927 1.66319254
v 0.05834384 -0.04935925 1.66217303
v 0.05894021 -0.04905053 1.66301235
v 0.05783542 -0.04972248 1.66180534
v 0.05923020 -0.04799206 1.66137920
v 0.05994711 -0.04703831 1.66181375
v 0.05858076 -0.04874543 1.66102911
v 0.05953708 -0.04642533 1.66036987
v 0.06045515 -0.04555218 1.66062898
v 0.05898460 -0.04724917 1.66021303
v 0.05972940 -0.04551420 1.65957980
v 0.06056738 -0.04467327 1.65946558
v 0.05898653 -0.04634947 1.65960294
v 0.05951506 -0.04511830 1.65880535
v 0.06045908 -0.04436371 1.65860667
v 0.05866920 -0.04587251 1.65882117
v 0.06011883 -0.04438442 1.65738759
v 0.05899522 -0.04524253 1.65777200
v 0.05952850 -0.04470372 1.65636254
v 0.05851275 -0.04572432 1.65694651
v 0.05832768 -0.04596415 1.65797721
v 0.05442822 -0.05133619 1.65266812
v 0.05706997 -0.04786198 1.65385753
v 0.05643249 -0.04900142 1.65483244
v 0.05403169 -0.05216135 1.65372560
v 0.05630764 -0.04971218 1.65570707
v 0.04154084 -0.05636878 1.65337285
v 0.04577087 -0.05570037 1.65310078
v 0.04573213 -0.05638949 1.65416202
v 0.04163670 -0.05614521 1.65224652
v 0.04605107 -0.05545477 1.65197911
v 0.03813127 -0.05631158 1.65474699
v 0.03797409 -0.05638123 1.65390856
v 0.03770613 -0.05628308 1.65296431
v 0.03545315 -0.05579090 1.65463000
v 0.03484599 -0.05600760 1.65378503
v 0.04139424 -0.05728038 1.66328353
v 0.04069527 -0.05740906 1.66559451
v 0.04091282 -0.05744536 1.66457964
v 0.03686786 -0.05787396 1.66382112
v 0.03721729 -0.05750414 1.66306714
v 0.03748243 -0.05723209 1.66240890
v 0.03773673 -0.05686803 1.66174501
v 0.03389704 -0.05767656 1.66203844
v 0.03422489 -0.05712272 1.66127239
v 0.03468212 -0.05691548 1.66071720
v 0.03494423 -0.05663814 1.66015171
v 0.03199370 -0.05706069 1.66045255
v 0.03252626 -0.05673971 1.66007932
v 0.03359144 -0.05609795 1.65933276
v 0.03062116 -0.05604761 1.65820931
v 0.03129330 -0.05638336 1.65908770
v 0.03047943 -0.05665578 1.65926314
v 0.03101703 -0.05544048 1.65818795
v 0.03142971 -0.05493584 1.65798650
v 0.03210788 -0.05528208 1.65867917
v 0.03044838 -0.05594382 1.65717408
v 0.02999165 -0.05629812 1.65838939
v 0.03091647 -0.05521765 1.65742755
v 0.03158883 -0.05457745 1.65741271
v 0.03074120 -0.05586638 1.65634218
v 0.02984953 -0.05639422 1.65708775
v 0.03140447 -0.05521040 1.65660583
v 0.03235333 -0.05453716 1.65659741
v 0.05474594 -0.04986148 1.65166344
v 0.05742323 -0.04666859 1.65277770
v 0.03725985 -0.05621745 1.65182869
v 0.04134831 -0.05579210 1.65091421
v 0.04070208 -0.05557492 1.64957814
v 0.04568575 -0.05416325 1.64928748
v 0.06048160 -0.04396492 1.65588627
v 0.06115500 -0.04361888 1.65719079
v 0.06167959 -0.04357608 1.65841540
v 0.06157588 -0.04371294 1.65944322
v 0.06146066 -0.04458665 1.66069949
v 0.06075920 -0.04607882 1.66215720
v 0.05949319 -0.04837376 1.66382942
v 0.05313304 -0.05364627 1.66643571
v 0.04906124 -0.05576100 1.66726119
v 0.04476249 -0.05731157 1.66702344
v 0.04063135 -0.05776180 1.66607731
v 0.03356620 -0.05822520 1.66289635
v 0.03671351 -0.05831378 1.66458529
v 0.06048061 -0.04737638 1.66445623
v 0.05782839 -0.05065961 1.66641811
v 0.02911027 -0.05677083 1.65848038
v 0.02905255 -0.05676923 1.65708310
v 0.02954000 -0.05661493 1.65560114
v 0.03015143 -0.05633276 1.65597725
v 0.03140021 -0.05773960 1.66121572
v 0.03044767 -0.05862529 1.66235223
v 0.02882686 -0.05798704 1.66058814
v 0.03202885 -0.05621930 1.65882306
v 0.03270585 -0.05910003 1.66403463
v 0.02707429 -0.05924255 1.66181275
v 0.02610292 -0.05846168 1.65959552
v 0.02794642 -0.05726607 1.65875067
v 0.02615848 -0.05848610 1.65755196
v 0.02797907 -0.05717722 1.65707103
v 0.02703449 -0.05839577 1.65580735
v 0.02865690 -0.05701158 1.65540900
v 0.02464161 -0.06473696 1.66548958
v 0.02331539 -0.06470828 1.66237447
v 0.02526686 -0.06147751 1.66243956
v 0.02287653 -0.06421748 1.65898277
v 0.02378447 -0.06425619 1.65659465
v 0.02486369 -0.06090324 1.65727613
v 0.02466900 -0.06403466 1.65391232
v 0.02574092 -0.06074196 1.65515553
v 0.02454121 -0.06107464 1.65969392
v 0.02205718 -0.06647909 1.66494733
v 0.02092311 -0.06651520 1.66193439
v 0.02077092 -0.06691223 1.65878863
v 0.02158545 -0.06825464 1.65516947
v 0.02315716 -0.06961701 1.65129762
v 0.01885962 -0.06781630 1.66454721
v 0.01857549 -0.06800850 1.66194369
v 0.02347366 -0.07458814 1.64749827
v 0.02006293 -0.07215818 1.65245826
v 0.01866653 -0.06892519 1.65902085
v 0.01919853 -0.07028997 1.65558078
v 0.01621598 -0.07119432 1.65572101
v 0.03970282 -0.05557530 1.64842857
v 0.04519797 -0.05380560 1.64841374
v 0.03645573 -0.05628783 1.65069041
v 0.03520344 -0.05658140 1.64982873
v 0.03289911 -0.05661019 1.65226788
v 0.05572516 -0.04765455 1.65063839
v 0.05935052 -0.04461728 1.65197911
v 0.05822214 -0.04539387 1.65217225
v 0.06443309 -0.04215048 1.66112197
v 0.06271798 -0.04339864 1.66085832
v 0.06287172 -0.04281175 1.65943403
v 0.06408411 -0.04142551 1.65678967
v 0.06460564 -0.04137751 1.65810626
v 0.06297061 -0.04259346 1.65821584
v 0.06364303 -0.04380597 1.66314517
v 0.06192913 -0.04498339 1.66250541
v 0.06459286 -0.04157416 1.65951295
v 0.06202399 -0.04631846 1.66500400
v 0.05470985 -0.05413428 1.66921377
v 0.05391426 -0.05346270 1.66793891
v 0.03922792 -0.05998831 1.66913674
v 0.03491196 -0.06031338 1.66752573
v 0.03601581 -0.05898248 1.66571803
v 0.04983554 -0.05737145 1.67007722
v 0.04953879 -0.05617361 1.66878941
v 0.04417470 -0.05934190 1.67019145
v 0.03982158 -0.05833355 1.66747935
v 0.03128218 -0.06009573 1.66581366
v 0.04459662 -0.05787730 1.66881819
v 0.05880120 -0.05039378 1.66736512
v 0.02684185 -0.06188938 1.66493339
v 0.02935233 -0.06228873 1.66736424
v 0.02649003 -0.06511049 1.66808380
v 0.02357007 -0.06731984 1.66820821
v 0.01966053 -0.06810552 1.66747382
v 0.03559937 -0.06584874 1.67372616
v 0.03004566 -0.06573593 1.67093425
v 0.03312546 -0.06295038 1.66919983
v 0.04222625 -0.06443066 1.67497778
v 0.03789623 -0.06255976 1.67100852
v 0.05718802 -0.05635616 1.67407348
v 0.05012270 -0.06086999 1.67512454
v 0.04998700 -0.05902500 1.67185161
v 0.05593176 -0.05537456 1.67109209
v 0.06136121 -0.05019601 1.66873927
v 0.04348335 -0.06175494 1.67188868
v 0.06775175 -0.03785149 1.65763453
v 0.06810693 -0.03822223 1.66008674
v 0.06626470 -0.03995785 1.65975435
v 0.06786204 -0.03911413 1.66282850
v 0.06622523 -0.04086489 1.66185182
v 0.06730850 -0.03840208 1.65560491
v 0.06612208 -0.03990687 1.65779247
v 0.06736766 -0.04106248 1.66562240
v 0.06564121 -0.04268250 1.66389074
v 0.06600204 -0.04440456 1.66874580
v 0.06406424 -0.04563389 1.66614793
v 0.06352597 -0.05014160 1.67159814
v 0.06446845 -0.04957689 1.67597039
v 0.05769789 -0.05679905 1.67811612
v 0.06768206 -0.04277600 1.67224343
v 0.04098482 -0.06605812 1.67986903
v 0.03159403 -0.06871089 1.67906314
v 0.02623204 -0.06876178 1.67321557
v 0.06991097 -0.03546991 1.65719721
v 0.07011612 -0.03560398 1.66074686
v 0.06993327 -0.03643201 1.66441716
v 0.06912324 -0.03610676 1.65441649
v 0.06898034 -0.03865853 1.66814224
v 0.04967521 -0.06272790 1.67931018
v 0.06814434 -0.03697304 1.65285196
v 0.02071475 -0.06958943 1.67336223
v 0.06451167 -0.04847729 1.68009660
v 0.05745433 -0.05578737 1.68288950
v 0.04941349 -0.06168456 1.68463875
v 0.04074658 -0.06527493 1.68549290
v 0.03162253 -0.06809680 1.68600825
v 0.02241431 -0.06942963 1.68652825
v 0.02274348 -0.07027262 1.68128413
v 0.04067524 -0.06422018 1.69064050
v 0.06407917 -0.04643034 1.68377984
v 0.05711928 -0.05395796 1.68742601
v 0.04947238 -0.06014764 1.68976399
v 0.03118908 -0.06724360 1.69162094
v 0.02221103 -0.06817005 1.69221886
v 0.06215033 -0.03351814 1.71340695
v 0.06100503 -0.03785743 1.70896508
v 0.06695781 -0.02716891 1.70073215
v 0.05301672 -0.04293700 1.71941612
v 0.05228653 -0.04662996 1.71402070
v 0.04291184 -0.04937736 1.72392120
v 0.04262340 -0.05268956 1.71777368
v 0.07137301 -0.03266226 1.65280371
v 0.07208907 -0.03168038 1.65677196
v 0.07229782 -0.03135588 1.66169211
v 0.07225876 -0.03277488 1.66614505
v 0.06892057 -0.04055246 1.67559993
v 0.07027728 -0.03396093 1.65051586
v 0.07124976 -0.03544085 1.67045145
v 0.06946580 -0.03795612 1.67872610
v 0.07242949 -0.03169979 1.67269557
v 0.07383806 -0.02821396 1.66723883
v 0.07206893 -0.01201578 1.69361260
v 0.07182271 -0.01725486 1.69111213
v 0.07477733 -0.00912985 1.68041592
v 0.07238991 -0.00590518 1.69643704
v 0.06849410 -0.01576587 1.70813229
v 0.07195420 -0.02246588 1.68834336
v 0.07677191 0.00075870 1.66977273
v 0.07694197 0.00776497 1.67068079
v 0.07485719 0.00120862 1.68392196
v 0.04073318 0.06652182 1.75491416
v 0.03878464 0.03542926 1.76025567
v 0.05048227 0.03617388 1.75296434
v 0.02273579 -0.09153518 1.62750612
v 0.02294835 -0.09063306 1.62960171
v 0.03058010 -0.07926382 1.62929345
v 0.02959961 -0.07577752 1.63306403
v 0.02810979 -0.08144502 1.63361834
v 0.03170554 -0.07296375 1.62906312
v 0.03082067 -0.07084067 1.63179758
v 0.02722620 -0.07864015 1.63677893
v 0.03013631 -0.06962694 1.63459048
v 0.02875984 -0.07409873 1.63610387
v 0.02285201 -0.08826606 1.63327843
v 0.02597618 -0.08858629 1.62967598
v 0.02236959 -0.08569331 1.63646503
v 0.02573827 -0.08585153 1.63351341
v 0.02605997 -0.08956335 1.62731575
v 0.03215791 -0.06752188 1.62988396
v 0.03372221 -0.06501311 1.62653487
v 0.03471920 -0.06356782 1.62834544
v 0.02501433 -0.08283524 1.63676033
v 0.02700217 -0.08687983 1.62188867
v 0.02475965 -0.08718957 1.61960093
v 0.02525320 -0.08582404 1.61953873
v 0.03420496 -0.07054142 1.62249312
v 0.03374889 -0.07189960 1.62106706
v 0.03291283 -0.06815548 1.61803364
v 0.02199714 -0.09106294 1.62131400
v 0.02106572 -0.08891126 1.61846166
v 0.02290730 -0.08800441 1.61902803
v 0.02260717 -0.08506751 1.61708286
v 0.02006170 -0.08453382 1.61538740
v 0.02117602 -0.08463576 1.61617392
v 0.02219698 -0.08113407 1.61479789
v 0.02305777 -0.08077131 1.61601421
v 0.01955754 -0.08053519 1.61281642
v 0.02070439 -0.08091328 1.61361955
v 0.02373488 -0.07774889 1.61204860
v 0.02417386 -0.07726394 1.61454808
v 0.02685258 -0.07363532 1.61359077
v 0.02708519 -0.07430884 1.61131045
v 0.03013360 -0.07093035 1.61168180
v 0.03022138 -0.06951720 1.61625649
v 0.02879006 -0.07067214 1.61543854
v 0.02926185 -0.07034429 1.61375979
v 0.02950259 -0.08267286 1.62154422
v 0.02739217 -0.08528617 1.62115893
v 0.02743212 -0.08391536 1.62052382
v 0.03122539 -0.07389464 1.61933075
v 0.03240496 -0.07296207 1.62006049
v 0.03110552 -0.07800729 1.62123696
v 0.03108975 -0.07082785 1.61766219
v 0.03194589 -0.06940773 1.61779501
v 0.02558099 -0.08465925 1.61957581
v 0.02333669 -0.08428201 1.61780619
v 0.02393981 -0.08315511 1.61822679
v 0.02359869 -0.08007327 1.61720174
v 0.02460154 -0.07653982 1.61638190
v 0.02640365 -0.07346541 1.61570595
v 0.03244575 -0.07776829 1.62256927
v 0.02232393 -0.09206776 1.62417375
v 0.03002469 -0.08338277 1.62271781
v 0.03099987 -0.08150740 1.62701579
v 0.02876140 -0.08519109 1.62929434
v 0.03249998 -0.07456316 1.62741226
v 0.03323558 -0.06949185 1.62621643
v 0.03270126 -0.06851480 1.62791090
v 0.03367937 -0.06662467 1.62476425
v 0.03085587 -0.06837238 1.61537445
v 0.04006570 -0.06112570 1.62735659
v 0.04345641 -0.06073816 1.62102433
v 0.04700439 -0.05846828 1.62529066
v 0.01982357 -0.07906939 1.61022873
v 0.02127708 -0.07885658 1.61091586
v 0.03004024 -0.07225411 1.61780242
v 0.02947359 -0.07124688 1.61698258
v 0.02822479 -0.07169274 1.61668827
v 0.02495385 -0.07592934 1.61803276
v 0.02437281 -0.07897413 1.61837444
v 0.02591735 -0.08275242 1.61947741
v 0.02486519 -0.08161084 1.61872719
v 0.02902808 -0.08165467 1.62072626
v 0.02742577 -0.08217090 1.61995933
v 0.02643846 -0.07335389 1.61746915
v 0.03003985 -0.07420569 1.61958887
v 0.03044418 -0.07776375 1.62036410
v 0.02023643 -0.07881080 1.60752969
v 0.03906445 -0.06673378 1.59414640
v 0.04027273 -0.06382631 1.59188003
v 0.04088946 -0.06377254 1.59310652
v 0.03459352 -0.06855343 1.58368329
v 0.03419124 -0.06802715 1.58233792
v 0.03783956 -0.06449231 1.58411507
v 0.03226145 -0.06734491 1.61415161
v 0.02857953 -0.08014412 1.62025275
v 0.03907629 -0.06280348 1.58638521
v 0.03758582 -0.06500345 1.58543908
v 0.02103418 -0.08212913 1.59918442
v 0.02075166 -0.08154065 1.60016486
v 0.02047401 -0.07920095 1.60374418
v 0.02635041 -0.07366420 1.61869376
v 0.02936844 -0.07304127 1.61847749
v 0.02747275 -0.07287702 1.61868546
v 0.02866310 -0.07264741 1.61861761
v 0.02631997 -0.08071607 1.61983957
v 0.02540262 -0.08014958 1.62014971
v 0.02767120 -0.07898249 1.62108742
v 0.02848296 -0.07628922 1.62068077
v 0.02924375 -0.07707239 1.62019232
v 0.02503664 -0.07785418 1.62009957
v 0.02717412 -0.08080659 1.61978013
v 0.02548148 -0.07528106 1.61996674
v 0.02908929 -0.07419186 1.62011528
v 0.02732338 -0.07610789 1.62128422
v 0.02803264 -0.07409158 1.62072626
v 0.02618543 -0.07672162 1.62109584
v 0.02678938 -0.07869734 1.62132141
v 0.02666884 -0.07443521 1.62079500
v 0.02604420 -0.07869855 1.62120442
v 0.03979569 -0.06231891 1.58526453
v 0.03861878 -0.06335566 1.58128410
v 0.03429937 -0.06745985 1.57914479
v 0.03860129 -0.06656554 1.59319097
v 0.03990532 -0.06379938 1.59149374
v 0.02266965 -0.07898156 1.60464116
v 0.02194783 -0.07838612 1.60811920
v 0.03679243 -0.06984727 1.59508788
v 0.03642268 -0.06959714 1.59375923
v 0.03811345 -0.06620787 1.59231734
v 0.03599456 -0.06895239 1.59287065
v 0.03702935 -0.06554800 1.59140740
v 0.03562481 -0.06809140 1.59234424
v 0.03540140 -0.06767963 1.59184837
v 0.03660775 -0.06506092 1.59099333
v 0.03466004 -0.06685726 1.59140464
v 0.03598194 -0.06448785 1.59084745
v 0.03364993 -0.06615468 1.59105266
v 0.03967442 -0.06196004 1.58831090
v 0.03995518 -0.06186153 1.58784945
v 0.04036897 -0.06165104 1.58896737
v 0.03925693 -0.06177240 1.58912421
v 0.03910458 -0.06192346 1.58847615
v 0.03853599 -0.06120499 1.58906853
v 0.03852939 -0.06104734 1.58859314
v 0.03878957 -0.06166970 1.58863775
v 0.03796806 -0.05965777 1.58942693
v 0.03822717 -0.05937513 1.58895342
v 0.03728874 -0.06514642 1.58674084
v 0.03861302 -0.06300014 1.58712613
v 0.03831838 -0.06300144 1.58767490
v 0.03615123 -0.06014299 1.58958100
v 0.03597381 -0.06266727 1.58999883
v 0.03731010 -0.06115319 1.58921154
v 0.03744010 -0.06594308 1.59181494
v 0.03840543 -0.06363885 1.59087723
v 0.03915537 -0.06371916 1.59118548
v 0.03783679 -0.06353133 1.59066648
v 0.03696471 -0.06243320 1.59038977
v 0.03740922 -0.06303357 1.59043903
v 0.03530201 -0.06345454 1.59067290
v 0.03639258 -0.06156246 1.59041390
v 0.04181058 -0.06105199 1.58832850
v 0.04091537 -0.06142747 1.58850681
v 0.04039864 -0.06155690 1.58738048
v 0.03690074 -0.06522944 1.58766284
v 0.03782860 -0.06293254 1.58821338
v 0.03647543 -0.06434403 1.58918088
v 0.03747203 -0.06238679 1.58863587
v 0.02361484 -0.08121058 1.60005352
v 0.02674439 -0.07992667 1.59970995
v 0.02598343 -0.08011913 1.60109151
v 0.03200173 -0.07442630 1.59528656
v 0.03407607 -0.07199542 1.59428476
v 0.03441686 -0.07273264 1.59536183
v 0.03134128 -0.07237806 1.59328660
v 0.03362043 -0.07018013 1.59267751
v 0.03388891 -0.07103630 1.59347975
v 0.02531119 -0.07831582 1.60431619
v 0.02838352 -0.07717722 1.60323536
v 0.02766296 -0.07528924 1.60794188
v 0.03227186 -0.07572349 1.59806739
v 0.03450707 -0.07301036 1.59677593
v 0.03471007 -0.07255632 1.59768675
v 0.02655739 -0.07552794 1.59386969
v 0.02910324 -0.07411005 1.59377871
v 0.02941985 -0.07541579 1.59479357
v 0.02692851 -0.07841685 1.59646579
v 0.02943225 -0.07655987 1.59597646
v 0.02961698 -0.07766068 1.59753356
v 0.02406339 -0.07657203 1.59384744
v 0.02680831 -0.07711027 1.59508423
v 0.02416887 -0.07958591 1.59644255
v 0.02681202 -0.07936130 1.59809805
v 0.02134781 -0.07728056 1.59361345
v 0.02414081 -0.07826838 1.59506375
v 0.02129966 -0.08051634 1.59593749
v 0.02406018 -0.08061717 1.59817332
v 0.02144205 -0.07907951 1.59464968
v 0.01901236 -0.08089377 1.59569797
v 0.02858059 -0.07264221 1.59274724
v 0.02626313 -0.07357748 1.59263202
v 0.02339874 -0.07458944 1.59231734
v 0.02094879 -0.07517290 1.59208424
v 0.03208165 -0.07536991 1.59655301
v 0.02926501 -0.07817228 1.59904053
v 0.02138135 -0.08153620 1.59748708
v 0.03467343 -0.06888620 1.58575198
v 0.03297099 -0.06663721 1.59059310
v 0.03374435 -0.06819949 1.58959129
v 0.03445643 -0.06899697 1.58742598
v 0.03666758 -0.06501969 1.58848080
v 0.03075875 -0.07276403 1.58500918
v 0.03045315 -0.07303803 1.58724777
v 0.03414851 -0.06904784 1.58872220
v 0.02986569 -0.07311667 1.58862845
v 0.02958317 -0.07252819 1.58960978
v 0.02908863 -0.07176693 1.59075935
v 0.02442771 -0.07657361 1.58697483
v 0.02475800 -0.07648893 1.58465444
v 0.02322939 -0.07276505 1.57955333
v 0.02294542 -0.07137055 1.57685894
v 0.02938615 -0.06989824 1.57782178
v 0.02480293 -0.07544540 1.58171123
v 0.02356686 -0.07485776 1.59066372
v 0.02376504 -0.07554401 1.58977879
v 0.03887263 -0.06164278 1.58891811
v 0.03180975 -0.07338574 1.59429029
v 0.03232908 -0.06452183 1.59119566
v 0.02846819 -0.07142235 1.59146407
v 0.02406439 -0.07623517 1.58861816
v 0.02329164 -0.07420894 1.59108243
v 0.02583218 -0.07134084 1.59174532
v 0.02262876 -0.07108077 1.59144083
v 0.02769965 -0.07055236 1.59185402
v 0.02929058 -0.06979704 1.59195607
v 0.03232908 -0.06452183 1.59119566
v 0.03284941 -0.06147018 1.58954946
v 0.02763286 -0.06992396 1.59153735
v 0.02000354 -0.07170203 1.59092548
v 0.03797736 -0.05747601 1.58986048
v 0.03891962 -0.05664520 1.58937867
v 0.03822717 -0.05937513 1.58895342
v 0.03539969 -0.06208530 1.59143519
v 0.03620895 -0.06014476 1.59097839
v 0.03639258 -0.06156246 1.59041390
v 0.02769965 -0.07055236 1.59185402
v 0.02583218 -0.07134084 1.59174532
v 0.02551717 -0.07047614 1.59270916
v 0.03554247 -0.05869678 1.58836192
v 0.03615123 -0.06014299 1.58958100
v 0.03714839 -0.05894367 1.58889398
v 0.03364324 -0.05899111 1.58720040
v 0.02843089 -0.06737936 1.58871943
v 0.02262876 -0.07108077 1.59144083
v 0.02000354 -0.07170203 1.59092548
v 0.01983060 -0.07135226 1.59238785
v 0.02353277 -0.07230786 1.59107502
v 0.02329164 -0.07420894 1.59108243
v 0.02846819 -0.07142235 1.59146407
v 0.02256307 -0.07074632 1.59244263
v 0.02725874 -0.06949351 1.59317525
v 0.02847748 -0.06862975 1.59270075
v 0.03530201 -0.06345454 1.59067290
v 0.03364993 -0.06615468 1.59105266
v 0.03282594 -0.06489528 1.59179081
v 0.02161234 -0.06987560 1.59626988
v 0.02394064 -0.06903233 1.59639053
v 0.01944669 -0.07051282 1.59614270
v 0.02411935 -0.07034847 1.58828400
v 0.02631117 -0.06765224 1.59601641
v 0.03638744 -0.05667268 1.58613362
v 0.03786972 -0.05694853 1.58796545
v 0.03687245 -0.06036555 1.59529309
v 0.03801787 -0.05810488 1.59482888
v 0.03305190 -0.06211092 1.59554755
v 0.02868375 -0.06620917 1.58438060
v 0.04127919 -0.05431618 1.59229963
v 0.04219017 -0.05374934 1.59062188
v 0.03287425 -0.05944181 1.58282815
v 0.04266080 -0.05227054 1.59092548
v 0.01787685 -0.07130537 1.59539248
v 0.01767236 -0.07072748 1.60065697
v 0.02136927 -0.06962193 1.60090025
v 0.01910368 -0.07018338 1.60067180
v 0.02380107 -0.06982341 1.58368418
v 0.02601376 -0.06791416 1.60151211
v 0.02753977 -0.06660648 1.60157985
v 0.03913832 -0.05475786 1.58304354
v 0.03593773 -0.05670072 1.58193404
v 0.03873676 -0.05810413 1.59959761
v 0.03407059 -0.06331331 1.60151123
v 0.03721541 -0.06046908 1.60061424
v 0.02351805 -0.06888202 1.60120663
v 0.03217578 -0.05908656 1.57924883
v 0.02854627 -0.06489899 1.58002130
v 0.02792384 -0.05991588 1.57385430
v 0.04328678 -0.05064595 1.59178340
v 0.04147670 -0.05338759 1.59485854
v 0.01757081 -0.07084150 1.60512585
v 0.02123878 -0.06961228 1.60591968
v 0.01899610 -0.07028691 1.60532729
v 0.02316956 -0.06912082 1.57952920
v 0.02571585 -0.06802902 1.60634769
v 0.03885670 -0.05419733 1.58049027
v 0.03551452 -0.05638336 1.57873814
v 0.03950326 -0.05779513 1.60472285
v 0.03404010 -0.06337933 1.60663182
v 0.03770419 -0.06026398 1.60610817
v 0.01775560 0.01455617 1.54758734
v 0.01423551 0.02577730 1.56330109
v 0.02341827 -0.06907236 1.60596052
v 0.04037833 -0.05620899 1.61061591
v 0.03454626 -0.06281287 1.61340881
v 0.03830681 -0.05962100 1.61241818
v 0.01896129 -0.01975826 1.56159080
v 0.02330825 -0.06809578 1.61297249
v 0.03127952 -0.05670435 1.57396576
v 0.03043621 -0.04811332 1.57056288
v 0.02617830 -0.05139562 1.56949510
v 0.01495208 -0.03900234 1.55939593
v 0.01866875 -0.03714797 1.56266787
v 0.04425450 -0.04795399 1.59259117
v 0.04199830 -0.05211789 1.59778050
v 0.01719780 -0.06887245 1.61049150
v 0.02055187 -0.05518607 1.56580621
v 0.02053245 -0.06894432 1.61209321
v 0.01862414 -0.06922278 1.61120928
v 0.02091835 -0.06438851 1.57239293
v 0.02745564 -0.06697025 1.60652966
v 0.02592687 -0.06731677 1.61301333
v 0.03874518 -0.05178382 1.57727766
v 0.03503559 -0.05455378 1.57433810
v 0.01585316 -0.05950159 1.61931028
v 0.01908232 -0.05963419 1.62165656
v 0.01672529 -0.05998877 1.62039011
v 0.02753651 -0.06674018 1.61321854
v 0.02443524 -0.05771463 1.62283768
v 0.03481561 -0.04667760 1.57183298
v 0.03681932 -0.05178595 1.61936606
v 0.04020693 -0.04992527 1.61723052
v 0.03284753 -0.05336540 1.62109484
v 0.02159247 -0.05891062 1.62253407
v 0.02579787 -0.03572098 1.56616826
v 0.01832490 -0.07165291 1.57960911
v 0.04721757 -0.04193553 1.59494953
v 0.04349470 -0.04968256 1.60103949
v 0.03102704 -0.03419528 1.57034560
v 0.04804931 -0.03138856 1.59735160
v 0.04553113 -0.04405750 1.60487880
v 0.01383699 -0.04442397 1.62778095
v 0.01733660 -0.04390207 1.63112163
v 0.01455549 -0.04452221 1.62939185
v 0.02593827 -0.05690462 1.62246810
v 0.02302799 -0.04249652 1.63243634
v 0.03515624 -0.03281202 1.57430932
v 0.03939357 -0.04521820 1.57617922
v 0.04026023 -0.03785343 1.62463707
v 0.03224203 -0.03968654 1.62848192
v 0.03556018 -0.03892593 1.62687190
v 0.02013586 -0.04331378 1.63229610
v 0.03266290 -0.01681794 1.56801038
v 0.02640182 -0.01843270 1.56436234
v 0.03511800 0.01373832 1.56364554
v 0.04903020 -0.01343332 1.59961432
v 0.04750851 -0.03273756 1.61006536
v 0.01127846 -0.02372026 1.63125998
v 0.01571436 -0.02174610 1.63510671
v 0.01204528 -0.02268138 1.63299441
v 0.02465273 -0.04194648 1.63217911
v 0.02337244 -0.02045679 1.63686427
v 0.03673659 -0.01541030 1.57401778
v 0.04031485 -0.03209235 1.57769272
v 0.03764719 -0.01803026 1.63067778
v 0.04165396 -0.01719598 1.62741038
v 0.03427546 -0.01847770 1.63292003
v 0.01942140 -0.02095056 1.63639165
v 0.00882841 -0.00233018 1.62735283
v 0.01369033 0.00019825 1.63025165
v 0.01025729 -0.00131702 1.62892388
v 0.02709315 0.01699012 1.55873204
v 0.02685983 -0.01964774 1.63572223
v 0.02088703 0.00157964 1.63133791
v 0.04066201 0.00603258 1.58017825
v 0.03869360 0.00783171 1.57200852
v 0.03516836 0.00384856 1.62562493
v 0.03935168 0.00479154 1.62226477
v 0.03145268 0.00316780 1.62777630
v 0.01712209 0.00103170 1.63115317
v 0.02499192 0.02745572 1.57006889
v 0.04732056 0.00738842 1.60953518
v 0.04602500 0.00784803 1.59960314
v 0.02996376 0.02227436 1.61528347
v 0.03435178 0.02359527 1.61311826
v 0.02620165 0.02135617 1.61670222
v 0.01408127 0.01894912 1.61905028
v 0.01678478 0.01906789 1.61885260
v 0.02917812 0.02861935 1.57646612
v 0.04171501 0.02639126 1.60482401
v 0.04018087 0.02875686 1.59896250
v 0.00692054 0.01591742 1.61694362
v 0.01071873 0.01823985 1.61851645
v 0.00851761 0.01727314 1.61766219
v 0.02415028 0.00197162 1.62993221
v 0.02231701 0.03098549 1.58857643
v 0.02987687 0.02860899 1.58570184
v 0.01515955 0.02953525 1.58628582
v 0.01925631 0.02707739 1.56571700
v 0.01098332 0.02952938 1.58503331
v 0.02380583 0.03138883 1.60153536
v 0.02095515 0.03113641 1.60443496
v 0.01797088 0.03091914 1.60509419
v 0.01946008 0.03100968 1.58680670
v 0.03046255 0.03326593 1.59950474
v 0.02885680 0.03265600 1.59567285
v 0.00596035 0.02717060 1.60212586
v 0.00768559 0.02749794 1.60262814
v 0.00908320 0.02946901 1.60460862
v 0.01125361 0.03002476 1.60492617
v 0.01966126 0.01944770 1.61799468
v 0.01364761 0.02992281 1.60324278
v 0.02214739 0.03104393 1.60215276
v 0.02406450 0.03159260 1.59055226
v 0.02380583 0.03138883 1.60153536
v 0.02214739 0.03104393 1.60215276
v 0.03167798 -0.05312687 1.72711987
v 0.03223711 -0.05637195 1.72043752
v 0.02897999 -0.06870765 1.57355346
v 0.04574441 -0.05872185 1.58823010
v 0.04366720 -0.06017169 1.58843154
v 0.04350721 -0.05987104 1.58598962
v 0.03878054 -0.06249058 1.57826275
v 0.04203355 -0.05970995 1.58072237
v 0.02118637 -0.04748724 1.54184559
v 0.02717733 -0.04457522 1.54271191
v 0.02798245 -0.05092784 1.54449736
v 0.05783680 -0.00048584 1.56454718
v 0.06104853 0.00661711 1.57038733
v 0.06349006 -0.00054743 1.57413289
v 0.05971794 0.04044674 1.56710797
v 0.06171828 0.03605484 1.57877621
v 0.05954062 0.02723114 1.57344023
v 0.05868984 0.04402971 1.55412204
v 0.05800338 0.03145474 1.56272731
v 0.05948440 0.04711166 1.54168963
v 0.05693074 0.03533506 1.55009523
v 0.06189875 0.05046020 1.53050409
v 0.05800183 0.03844994 1.53767024
v 0.06571178 0.04666726 1.51623610
v 0.06707203 0.05537088 1.52118026
v 0.07310366 0.05229495 1.50824645
v 0.07483504 0.06118429 1.51244693
v 0.05626259 0.02431510 1.55805421
v 0.05750662 0.02052604 1.56724345
v 0.05498412 0.01457155 1.56201240
v 0.05577419 0.02852521 1.54663202
v 0.05280209 0.01820626 1.55363835
v 0.05703744 0.03157534 1.53430909
v 0.05293647 0.02245953 1.54325692
v 0.06011501 0.03496908 1.52258418
v 0.05474970 0.02558089 1.53104168
v 0.06286386 0.03294981 1.50873856
v 0.06453536 0.03935440 1.51224260
v 0.06910884 0.03834468 1.49914255
v 0.07186577 0.04477118 1.50398278
v 0.06408216 0.01219964 1.57928602
v 0.06659420 0.00523023 1.58302218
v 0.02645484 -0.03743775 1.54134983
v 0.02061623 -0.04080955 1.54032943
v 0.01974759 -0.03163609 1.53884659
v 0.02560307 -0.02836689 1.53968780
v 0.01974759 -0.03163609 1.53884659
v 0.01800475 -0.01955472 1.53605181
v 0.02411127 -0.01750285 1.53641309
v 0.01808267 -0.01278537 1.52710774
v 0.01875469 -0.01246997 1.51408472
v 0.02428482 -0.00961293 1.51493899
v 0.03671462 0.00187345 1.50575439
v 0.03508445 -0.00129677 1.51835116
v 0.02948986 -0.00497039 1.51651735
v 0.03229405 0.00123369 1.49150389
v 0.03069040 -0.00220211 1.50430222
v 0.02454708 -0.00526519 1.50278883
v 0.01870311 -0.00779760 1.50171917
v 0.01893355 -0.00295582 1.48851607
v 0.02561408 -0.00124004 1.48993848
v 0.01959036 0.00131738 1.47591742
v 0.02746655 0.00242344 1.47732123
v 0.03978888 0.00350666 1.52046347
v 0.03789562 0.00096402 1.53310860
v 0.03396826 -0.00396736 1.53047066
v 0.03873201 0.00490892 1.49327085
v 0.03550057 0.00442788 1.47932872
v 0.05950437 0.02586032 1.50494009
v 0.06608561 0.03157528 1.49533678
v 0.05758455 0.02873639 1.51895008
v 0.05472446 0.02202604 1.51579690
v 0.05164511 0.01931930 1.52804081
v 0.05402737 -0.00833325 1.55994005
v 0.05988678 -0.00819196 1.56784613
v 0.06201464 -0.02715087 1.71824906
v 0.06783464 -0.02197345 1.70437190
v 0.06125468 0.04188154 1.52622758
v 0.05747890 0.05497230 1.55773765
v 0.07449795 0.07034171 1.51582103
v 0.06648618 0.06491158 1.52517552
v 0.06082263 0.06082772 1.53518006
v 0.05757824 0.05752722 1.54568490
v 0.05907032 0.05212112 1.57088596
v 0.05296757 0.06624536 1.56085453
v 0.07115384 0.07853821 1.51691847
v 0.06352758 0.07366030 1.52690530
v 0.05443480 0.06823367 1.54915839
v 0.05771649 0.07056568 1.53805830
v 0.05349526 0.06441002 1.57428331
v 0.04534728 0.07634445 1.56300678
v 0.06644534 0.08653815 1.51742451
v 0.04827765 0.07777189 1.55157618
v 0.05201585 0.07948235 1.54015488
v 0.05805534 0.08244870 1.52799255
v 0.04437764 0.07542228 1.57586909
v 0.03688823 0.08416292 1.56470402
v 0.05869964 0.09363003 1.51658143
v 0.04004932 0.08523889 1.55320756
v 0.04370440 0.08692251 1.54150579
v 0.05042221 0.08990755 1.52834165
v 0.03646680 0.08338819 1.57738911
v 0.02930839 0.08935690 1.56620733
v 0.04890634 0.09936625 1.51435214
v 0.03175025 0.09031320 1.55413598
v 0.03439805 0.09110737 1.54208057
v 0.04108057 0.09473876 1.52729623
v 0.02838224 0.08965331 1.57900190
v 0.02133801 0.09310429 1.56778104
v 0.03658943 0.10274251 1.51208388
v 0.02293225 0.09338249 1.55544151
v 0.02510305 0.09383136 1.54171564
v 0.02991400 0.09758468 1.52639748
v 0.00519780 0.09714399 1.58377339
v 0.00560822 0.09581317 1.57037062
v -0.00143253 0.09443050 1.57049967
v 0.00796994 0.09693645 1.52432414
v 0.01022480 0.10290223 1.50721488
v -0.00061801 0.10230509 1.50605800
v 0.00598188 0.09469294 1.55742010
v -0.00103601 0.09380796 1.55798647
v 0.00702995 0.09486655 1.54134607
v -0.00058364 0.09352587 1.54173324
v -0.00039719 0.09582840 1.52383569
v 0.03342347 0.11429880 1.72310036
v 0.02276861 0.11723664 1.72733149
v 0.02590447 0.09771817 1.74678616
v 0.00939008 0.11674426 1.72971497
v 0.01316989 0.09662089 1.74876010
v 0.05481506 0.09956056 1.70891405
v 0.04356864 0.10909414 1.71647103
v 0.04994024 0.09174906 1.73460434
v 0.07165386 0.07750846 1.69108889
v 0.07354280 0.06669150 1.70051499
v 0.07679620 0.05808302 1.68669073
v 0.03965993 0.09557714 1.74195988
v 0.06367003 0.08904886 1.70068389
v 0.06888736 0.07597294 1.71118508
v 0.07723883 0.00529853 1.63426363
v 0.07725687 0.01532719 1.63434254
v 0.07825713 0.01464848 1.64585859
v 0.07815120 0.00528530 1.64611106
v 0.07838923 0.01318169 1.65841540
v 0.07100381 0.03941694 1.72199640
v 0.07512017 0.03856484 1.70775618
v 0.07475557 0.05196733 1.70707193
v 0.07518442 0.01566877 1.62243833
v 0.05739079 0.08999139 1.62627210
v 0.05525398 0.09372406 1.63538054
v 0.06615755 0.08205206 1.63397020
v 0.07783094 0.00389477 1.65771809
v 0.05070523 0.06437665 1.74810275
v 0.06146121 0.03850462 1.74081319
v 0.06289878 0.06174142 1.73357653
v 0.04514456 0.10186080 1.62704922
v 0.06506432 -0.00976982 1.58113091
v 0.06267421 0.04831646 1.58294514
v 0.06014490 0.06287815 1.58909731
v 0.04709549 0.07674441 1.58769903
v 0.03839459 0.08612928 1.58790325
v 0.02889156 0.09326887 1.58969799
v 0.02035048 0.09380059 1.58110767
v 0.02023626 0.09654429 1.59099699
v 0.06382266 -0.04476528 1.64245560
v 0.06764576 -0.03982378 1.64546212
v 0.06411172 -0.04160007 1.64926335
v 0.06333239 -0.04187991 1.65539505
v 0.06263037 -0.04261426 1.65699577
v 0.05651379 -0.04704565 1.64988452
v 0.06048194 -0.04384599 1.65169221
v 0.06168966 -0.04264425 1.65370988
v 0.06336504 -0.04179115 1.65371641
v 0.06638202 -0.03904143 1.65458727
v 0.06561913 -0.04013371 1.65657893
v 0.05792291 -0.04678140 1.64842680
v 0.06232538 -0.04265037 1.65084636
v 0.06025614 -0.04626553 1.64624012
v 0.02876438 -0.05975665 1.66394365
v 0.06762700 0.02107570 1.59666635
v 0.06960637 0.00889820 1.59435626
v 0.06809082 -0.00327171 1.58969799
v 0.02883782 -0.05524382 1.54579536
v 0.02286551 -0.05833457 1.54503308
v 0.02215895 -0.05371526 1.54381500
v 0.03367301 -0.04580891 1.54680934
v 0.03935217 -0.03922899 1.55006092
v 0.03938997 -0.04464087 1.55186031
v 0.03308119 -0.03894710 1.54528101
v 0.04503117 -0.03792121 1.55594003
v 0.04512176 -0.03195103 1.55383426
v 0.03892603 -0.03216645 1.54843419
v 0.04142612 -0.01064722 1.54784457
v 0.03632888 -0.01667410 1.54485853
v 0.03455611 -0.00932798 1.53972864
v 0.02924951 -0.00791554 1.52858870
v 0.02365740 -0.01022562 1.52760814
v 0.04463691 0.00902112 1.49555494
v 0.04328905 0.00839702 1.48177528
v 0.04168822 0.00603873 1.50763271
v 0.03087679 -0.02284221 1.54177696
v 0.02953967 -0.01388297 1.53768596
v 0.03218585 -0.03109488 1.54368682
v 0.03632888 -0.01667410 1.54485853
v 0.04142612 -0.01064722 1.54784457
v 0.04319071 -0.01739466 1.55052048
v 0.05553760 -0.01605565 1.56247760
v 0.06121217 -0.01825296 1.57386083
v 0.04945727 0.01245914 1.55032180
v 0.05206101 0.00870224 1.55741357
v 0.04953835 0.00299369 1.55468011
v 0.04748211 0.01323420 1.52536867
v 0.05094094 0.01528187 1.51233735
v 0.05521673 0.01942944 1.50144623
v 0.06130936 0.02467322 1.49120216
v 0.05534502 0.00525275 1.56209131
v 0.05206101 0.00870224 1.55741357
v 0.05498412 0.01457155 1.56201240
v 0.06282966 0.02282335 1.58236017
v 0.05954062 0.02723114 1.57344023
v 0.06171828 0.03605484 1.57877621
v 0.04953835 0.00299369 1.55468011
v 0.05826387 0.01105655 1.56715811
v 0.05750662 0.02052604 1.56724345
v 0.06507146 0.04179416 1.59270075
v 0.06369587 0.03153023 1.58831090
v 0.07539174 0.06659593 1.68001668
v 0.07952640 0.05438988 1.67768523
v 0.07744216 0.06122652 1.67248107
v 0.07936469 0.05085529 1.66764648
v 0.07760520 0.02053335 1.63303248
v -0.00800674 0.11653351 1.73064904
v -0.00596566 0.09505736 1.75083156
v 0.06168286 0.08408771 1.72453771
v 0.07326826 0.02408974 1.61063550
v 0.07289967 0.01520722 1.61159646
v 0.04741670 0.11355356 1.68079668
v 0.03782451 0.12128779 1.68329892
v 0.03964681 0.11720824 1.70043319
v 0.06574038 0.05238107 1.59760783
v 0.06267421 0.04831646 1.58294514
v 0.00393090 0.10760703 1.60267463
v 0.00419462 0.10169925 1.59436744
v -0.00283513 0.10181126 1.59441105
v 0.00328390 0.11665072 1.61860654
v 0.00322828 0.12058650 1.62796380
v 0.01364324 0.11948375 1.62818019
v 0.01306557 0.11386314 1.61852574
v 0.02364412 0.11560797 1.62826188
v 0.03003338 0.09590781 1.59851777
v 0.02889156 0.09326887 1.58969799
v 0.02023626 0.09654429 1.59099699
v 0.04006349 0.08895267 1.59719465
v 0.03839459 0.08612928 1.58790325
v 0.04709549 0.07674441 1.58769903
v 0.05850748 0.06786343 1.59974426
v 0.06014490 0.06287815 1.58909731
v 0.01288654 0.09640069 1.58285692
v 0.01247540 0.09997723 1.59315290
v 0.04595395 0.10683584 1.63795717
v 0.04562582 0.11068522 1.65103298
v 0.05561979 0.09802951 1.64845281
v 0.00360831 0.12674630 1.63916230
v -0.00697898 0.12780583 1.63857091
v -0.00778675 0.13141415 1.65322608
v 0.06403562 0.08603691 1.64596906
v 0.02444625 0.12052269 1.63973144
v 0.02534999 0.12492057 1.65328087
v 0.03539946 0.11922629 1.65263093
v 0.06946148 0.07640018 1.64334705
v 0.03484450 0.11498033 1.63936286
v 0.06450122 0.08867989 1.65923248
v 0.06540684 0.08723757 1.67069650
v 0.07232185 0.07606458 1.66458064
v 0.03627459 0.12201427 1.66748123
v 0.04626845 0.11390083 1.66566512
v 0.05714164 0.10190098 1.67675404
v 0.00420126 0.13228025 1.67040961
v -0.00839923 0.13285365 1.67033811
v -0.00895276 0.13375152 1.68766929
v 0.05588549 0.10204581 1.66311916
v 0.02632865 0.12748042 1.66879871
v 0.02826519 0.12640125 1.68576596
v 0.02997382 0.12408152 1.70279531
v 0.06768860 0.08316217 1.68086630
v 0.05060828 0.10873231 1.69541200
v 0.05963459 0.09645913 1.68868416
v 0.00658351 0.12841382 1.70839317
v -0.00883272 0.12798957 1.70968287
v 0.01433119 0.03118080 1.76695939
v 0.00131122 0.03043141 1.76750904
v 0.00431543 0.00551275 1.76623894
v 0.05037899 0.01357163 1.75266992
v 0.06271195 -0.02022618 1.72448292
v 0.05315640 -0.02927690 1.73427296
v 0.06875066 -0.00863914 1.71238656
v 0.02721784 0.06656167 1.76014709
v 0.03425388 0.11065081 1.62786729
v 0.02136613 -0.05481477 1.72855533
v 0.04158302 -0.03407105 1.74096261
v 0.04254032 -0.04330709 1.73202971
v 0.02204810 -0.05824878 1.72160834
v 0.06223849 -0.01129434 1.73056359
v 0.06892128 0.00005281 1.71636145
v 0.07254769 0.00075737 1.69941191
v 0.01450558 0.12392767 1.63949192
v 0.07452674 0.02721464 1.70708311
v 0.07014839 0.02385803 1.72192678
v 0.05229001 -0.02071164 1.74278060
v 0.03792777 -0.02423313 1.54683159
v 0.03087679 -0.02284221 1.54177696
v 0.04450354 -0.02482379 1.55210448
v 0.05182237 -0.00189579 1.55763925
v 0.06086457 0.01675442 1.57417561
v 0.06688873 0.03046528 1.60001356
v 0.06682460 0.03980804 1.60282782
v 0.06721421 0.05976432 1.60434032
v 0.06790416 0.07362693 1.63312623
v 0.07201060 0.06872832 1.64163488
v 0.07079208 0.07763891 1.65495032
v 0.07530070 0.06854868 1.65999011
v 0.07405986 0.07227226 1.67276331
v 0.06110564 0.01704878 1.74137579
v 0.06195813 -0.00001178 1.73642333
v 0.06944637 0.01061973 1.71968265
v 0.07398836 0.01720888 1.70531061
v -0.00605233 0.12245518 1.62736865
v 0.05087026 -0.00618222 1.74878977
v 0.01648871 -0.02767962 1.75597075
v 0.01396826 0.09455640 1.55666435
v 0.01551751 0.09503301 1.54152062
v 0.01595360 0.06557475 1.76262797
v -0.00249344 0.06310904 1.76393626
v 0.07061238 0.06658751 1.61828434
v 0.06959170 0.06953249 1.62510781
v 0.06925943 0.06441002 1.62681058
v 0.02585050 0.00894353 1.76404584
v 0.02651079 -0.01357040 1.75911928
v 0.03897120 -0.00904390 1.75554461
v 0.01840653 -0.03882621 1.74764407
v 0.00396438 0.13084971 1.65354828
v 0.01539121 0.12835731 1.65359753
v 0.03833615 0.01191181 1.75944425
v 0.01329391 0.09507513 1.56954613
v 0.01382227 0.00593657 1.76559354
v 0.01902432 0.09811889 1.52545411
v 0.02317593 0.10362638 1.50945623
v 0.00468837 0.13129969 1.68871847
v 0.01710627 0.12940633 1.68746320
v -0.00198324 0.09619996 1.58368606
v -0.00283513 0.10181126 1.59441105
v 0.00419462 0.10169925 1.59436744
v 0.02624006 0.03300261 1.76463822
v 0.04017057 -0.02316679 1.74894672
v 0.02985396 -0.07051290 1.58066382
v 0.03325285 -0.06642765 1.57505113
v 0.02279639 -0.07079703 1.57272709
v 0.03410180 -0.05053203 1.54839611
v 0.02560307 -0.02836689 1.53968780
v 0.01472179 -0.03260877 1.53873801
v 0.02753628 -0.06031848 1.65249080
v 0.02675236 -0.06284146 1.65102744
v 0.02907197 -0.06064140 1.64883711
v 0.04479724 -0.04283663 1.55872651
v 0.03935317 -0.04872659 1.55404688
v 0.03447292 -0.05403177 1.55018997
v 0.02950231 -0.05881312 1.54741655
v 0.02354506 -0.06193042 1.54619095
v 0.03364993 -0.06574299 1.62545691
v 0.04905908 0.01639148 1.54031360
v 0.04676891 0.00716073 1.54848986
v 0.04555205 0.01090208 1.53846595
v 0.07497169 0.06256491 1.64236285
v 0.07280952 0.06118451 1.63464803
v 0.07359100 0.06928965 1.65393645
v 0.07756933 0.06150815 1.65534867
v 0.02018855 -0.04849280 1.73773992
v 0.03069987 -0.04680935 1.73584578
v 0.02910645 -0.03705521 1.74528572
v 0.01532309 -0.01498372 1.76060389
v 0.01900340 0.12680923 1.70572557
v 0.01589572 0.13081252 1.66985065
v 0.02757713 -0.02597258 1.75334963
v 0.04900369 -0.05539442 1.66416745
v 0.04526820 -0.05621327 1.66409318
v 0.04525813 -0.05529229 1.66385355
v 0.05774416 -0.04792883 1.66067635
v 0.05799618 -0.04673071 1.65987135
v 0.05867130 -0.04768250 1.65985463
v 0.05717839 -0.04880244 1.66126586
v 0.05812419 -0.04873485 1.66054818
v 0.05547446 -0.05126544 1.66256109
v 0.05769086 -0.04996036 1.66125568
v 0.05257061 -0.05379530 1.66354164
v 0.05579180 -0.05235336 1.66254072
v 0.03268095 -0.05434830 1.65752783
v 0.03417336 -0.05554494 1.65959929
v 0.03343321 -0.05465173 1.65877945
v 0.03529216 -0.05460540 1.65902362
v 0.03261404 -0.05469565 1.65810438
v 0.03540079 -0.05418507 1.65649071
v 0.03493266 -0.05491124 1.65623813
v 0.03609406 -0.05516871 1.65591870
v 0.04182022 -0.05609515 1.65578599
v 0.03835718 -0.05535989 1.65609612
v 0.03809325 -0.05617186 1.65557613
v 0.03511722 -0.05576620 1.66029372
v 0.04566218 -0.05612069 1.65563280
v 0.04191109 -0.05676600 1.65536162
v 0.03763927 -0.05603963 1.66169388
v 0.04130276 -0.05646256 1.66304766
v 0.05351707 -0.05226794 1.65604134
v 0.05378149 -0.05282475 1.65561609
v 0.05604249 -0.04998422 1.65636531
v 0.05701978 -0.04745511 1.65755472
v 0.05732699 -0.04762205 1.65729572
v 0.05762943 -0.04709672 1.65764759
v 0.05767830 -0.04610667 1.65842935
v 0.05799635 -0.04636572 1.65817588
v 0.05834688 -0.04628995 1.65874137
v 0.05278190 -0.05479676 1.66360573
v 0.05810593 -0.04599349 1.65946093
v 0.05791201 -0.04585254 1.65907376
v 0.05856726 -0.04669644 1.65932999
v 0.04520356 -0.05307831 1.65572378
v 0.04175491 -0.05319828 1.65580359
v 0.04208535 -0.05521217 1.65592988
v 0.05264039 -0.04889084 1.65628451
v 0.05294493 -0.05139720 1.65606546
v 0.05480227 -0.04907709 1.65673765
v 0.05735798 -0.04379177 1.66014795
v 0.05732975 -0.04345008 1.65966238
v 0.05783492 -0.04527911 1.65941079
v 0.04887762 -0.05187964 1.66368365
v 0.05239821 -0.04990706 1.66312746
v 0.05231298 -0.05242029 1.66354718
v 0.03730828 -0.05326773 1.66171159
v 0.03783209 -0.05527558 1.66156393
v 0.03608770 -0.05527717 1.66029748
v 0.03768350 -0.05213953 1.65644799
v 0.03854401 -0.05458525 1.65615080
v 0.05730147 -0.04310830 1.65917680
v 0.05774399 -0.04521922 1.65903291
v 0.05464184 -0.04742772 1.66259363
v 0.05480780 -0.04957160 1.66244232
v 0.03514478 -0.05264035 1.65927896
v 0.03549233 -0.05255928 1.65993720
v 0.03557899 -0.05268483 1.66078405
v 0.03569688 -0.05498998 1.65961688
v 0.03667693 -0.05158920 1.65666338
v 0.03602876 -0.05166089 1.65673953
v 0.03599661 -0.05372947 1.65667080
v 0.05739793 -0.04303180 1.65871071
v 0.05731813 -0.04540863 1.65828546
v 0.05612517 -0.04553398 1.66160289
v 0.05651832 -0.04726616 1.66162249
v 0.03472778 -0.05443223 1.65834390
v 0.05671296 -0.04411469 1.65763276
v 0.05647405 -0.04684983 1.65778129
v 0.05711270 -0.04600444 1.65812663
v 0.05694579 -0.04444338 1.66100963
v 0.05735101 -0.04619664 1.66065776
v 0.03467559 -0.05246152 1.65850927
v 0.03471643 -0.05419325 1.65767825
v 0.04519936 -0.05316393 1.66354441
v 0.04128666 -0.05553119 1.66299386
v 0.05758665 -0.04565384 1.65988983
v 0.04884425 -0.05401906 1.66399102
v 0.03459856 -0.05249903 1.65804306
v 0.03543632 -0.05385565 1.65721769
v 0.04077485 -0.05354451 1.66277006
v 0.03619894 -0.05412417 1.66516649
v 0.04002873 -0.05449343 1.66708100
v 0.04077485 -0.05354451 1.66277006
v 0.04439850 -0.05371145 1.64996432
v 0.03999143 -0.05373077 1.65047314
v 0.04175491 -0.05319828 1.65580359
v 0.05621477 -0.04686645 1.65340063
v 0.05380811 -0.04903986 1.65158551
v 0.05264039 -0.04889084 1.65628451
v 0.05904343 -0.04385945 1.66039311
v 0.05732975 -0.04345008 1.65966238
v 0.05735798 -0.04379177 1.66014795
v 0.05245986 -0.05057297 1.66744780
v 0.05239821 -0.04990706 1.66312746
v 0.04887762 -0.05187964 1.66368365
v 0.03361441 -0.05315677 1.66297992
v 0.03730828 -0.05326773 1.66171159
v 0.03679940 -0.05309893 1.65163565
v 0.03768350 -0.05213953 1.65644799
v 0.05926219 -0.04382482 1.65900225
v 0.05730147 -0.04310830 1.65917680
v 0.05485530 -0.04840644 1.66609956
v 0.05464184 -0.04742772 1.66259363
v 0.03514478 -0.05264035 1.65927896
v 0.03135108 -0.05147779 1.65955379
v 0.03207014 -0.05233394 1.66102169
v 0.03557899 -0.05268483 1.66078405
v 0.03502358 -0.05250748 1.65247497
v 0.03343692 -0.05197555 1.65350932
v 0.03602876 -0.05166089 1.65673953
v 0.05901958 -0.04308723 1.65774233
v 0.05739793 -0.04303180 1.65871071
v 0.05673626 -0.04659255 1.66456857
v 0.05612517 -0.04553398 1.66160289
v 0.03467559 -0.05246152 1.65850927
v 0.05856781 -0.04376901 1.65665043
v 0.05797321 -0.04476472 1.65529200
v 0.05671296 -0.04411469 1.65763276
v 0.05791240 -0.04514272 1.66303471
v 0.05694579 -0.04444338 1.66100963
v 0.03104404 -0.05094585 1.65811833
v 0.03459856 -0.05249903 1.65804306
v 0.04470377 -0.05396141 1.66831967
v 0.04519936 -0.05316393 1.66354441
v 0.05868967 -0.04429482 1.66161595
v 0.04883506 -0.05253543 1.66837257
v 0.03191827 -0.05139014 1.65528735
v 0.03116762 -0.05091689 1.65681745
v 0.02939257 -0.04888572 1.65822514
v 0.03867954 -0.05105115 1.67084139
v 0.04370456 -0.05029638 1.67198531
v 0.05923081 -0.04201009 1.66271251
v 0.03028684 -0.04846215 1.65422888
v 0.02949872 -0.04860718 1.65644522
v 0.03433474 -0.05088745 1.66808468
v 0.04376560 -0.04914840 1.64614737
v 0.03880910 -0.04938591 1.64720861
v 0.05414963 -0.04587381 1.64908969
v 0.05978999 -0.04158976 1.66084626
v 0.04822922 -0.04901581 1.67196672
v 0.05208115 -0.04725251 1.67040961
v 0.03556223 -0.04912258 1.64857722
v 0.05999919 -0.04139227 1.65907376
v 0.05480847 -0.04544234 1.66871979
v 0.02946767 -0.04913707 1.66010345
v 0.03002104 -0.04958311 1.66247287
v 0.03162253 -0.05026054 1.66516926
v 0.03353814 -0.04890588 1.64989381
v 0.03177549 -0.04862965 1.65168203
v 0.05976619 -0.04142848 1.65739312
v 0.05684307 -0.04401739 1.66665763
v 0.05868199 -0.04260126 1.65407481
v 0.05834324 -0.04283728 1.66468457
v 0.05153443 -0.04390968 1.67252656
v 0.03023974 -0.04685893 1.66679134
v 0.03317609 -0.04706886 1.66996953
v 0.03806580 -0.04516695 1.64564032
v 0.03467182 -0.04528320 1.64721138
v 0.05963907 -0.03886150 1.66133648
v 0.05975734 -0.03860402 1.65918510
v 0.05440454 -0.04239643 1.67030103
v 0.02805844 -0.04608077 1.66071996
v 0.02878104 -0.04647835 1.66355836
v 0.03094408 -0.04533194 1.65053634
v 0.05952257 -0.03856410 1.65722145
v 0.05646375 -0.04116080 1.66815718
v 0.05837766 -0.03911915 1.65340063
v 0.05938610 -0.04184426 1.65591593
v 0.05817300 -0.04014810 1.66610797
v 0.02807975 -0.04575291 1.65837556
v 0.04261039 -0.04627213 1.67404559
v 0.05907265 -0.03934208 1.66376445
v 0.02829314 -0.04548988 1.65613508
v 0.03766363 -0.04691854 1.67299088
v 0.05387192 -0.04168131 1.64772484
v 0.05703627 -0.04397124 1.65168015
v 0.04192160 -0.04302530 1.67486178
v 0.04658473 -0.04210721 1.67477445
v 0.02775372 -0.04330848 1.65608583
v 0.02919633 -0.04544707 1.65355669
v 0.03278549 -0.04397319 1.67080331
v 0.03706223 -0.04357923 1.67361846
v 0.03750357 -0.04189654 1.64506377
v 0.04306630 -0.04446882 1.64436834
v 0.05302120 -0.03842269 1.64751034
v 0.05670849 -0.04022879 1.65071177
v 0.05908454 -0.03665364 1.66175055
v 0.05061249 -0.04106405 1.67335758
v 0.04744403 -0.04523463 1.67405113
v 0.02977858 -0.04395833 1.66763342
v 0.03432649 -0.04226691 1.64665618
v 0.05912749 -0.03650982 1.65941732
v 0.05361806 -0.03990790 1.67115617
v 0.02757442 -0.04367793 1.66112573
v 0.02816331 -0.04379446 1.66422224
v 0.03055464 -0.04277628 1.65019089
v 0.03269107 -0.04543463 1.64855210
v 0.05887706 -0.03629645 1.65725665
v 0.05577425 -0.03874283 1.66920636
v 0.02742521 -0.04346930 1.65868935
v 0.05762136 -0.03668354 1.65333012
v 0.05911603 -0.03871433 1.65554182
v 0.05741425 -0.03785427 1.66678945
v 0.05851203 -0.03712364 1.66436425
v 0.05664035 -0.03614492 1.66713213
v 0.05784416 -0.03550055 1.66462148
v 0.05841667 -0.03503065 1.66200778
v 0.05864695 -0.03487011 1.65958722
v 0.05829354 -0.03457568 1.65741913
v 0.02858906 -0.04112144 1.65347589
v 0.02752499 -0.04144641 1.65634395
v 0.05778229 -0.03456863 1.65544796
v 0.05693001 -0.03480028 1.65329293
v 0.05600708 -0.03742466 1.65043506
v 0.05527722 -0.03525469 1.65056688
v 0.05253231 -0.03593833 1.64772484
v 0.04257159 -0.04099795 1.64387435
v 0.04205027 -0.03823746 1.64407215
v 0.03720207 -0.03939546 1.64519006
v 0.04986276 -0.03878610 1.67376146
v 0.03406046 -0.04004726 1.64670632
v 0.03265925 -0.04143424 1.67121185
v 0.02719648 -0.04160731 1.65894746
v 0.02732581 -0.04170796 1.66165591
v 0.03040251 -0.04072970 1.65025498
v 0.03235056 -0.04249986 1.64818629
v 0.02800387 -0.04180823 1.66484805
v 0.02977703 -0.04168456 1.66806244
v 0.03665170 -0.04098653 1.67392207
v 0.04141412 -0.04036211 1.67497224
v 0.04590075 -0.03955275 1.67497877
v 0.05299303 -0.03789521 1.67157954
v 0.05516306 -0.03682746 1.66954151
v 0.05200832 -0.03594224 1.67171513
v 0.05440602 -0.03522071 1.66970488
v 0.02727839 -0.03981858 1.66201143
v 0.02821129 -0.03970178 1.66519892
v 0.03218752 -0.04036128 1.64824572
v 0.03389626 -0.03797962 1.64714176
v 0.04157101 -0.03591596 1.64466829
v 0.03691020 -0.03705735 1.64569799
v 0.03267275 -0.03918702 1.67117754
v 0.05769961 -0.03327478 1.65993067
v 0.04527511 -0.03739300 1.67474202
v 0.04906063 -0.03673507 1.67361757
v 0.02998750 -0.03958348 1.66832055
v 0.05754736 -0.03306095 1.65758726
v 0.05606463 -0.03451088 1.66739202
v 0.03647609 -0.03867979 1.67369184
v 0.04095416 -0.03800153 1.67463609
v 0.02739627 -0.03966008 1.65670234
v 0.05446485 -0.03325862 1.65107758
v 0.05168740 -0.03366614 1.64821883
v 0.05709494 -0.03398071 1.66488236
v 0.02836033 -0.03925935 1.65373401
v 0.02717075 -0.03990205 1.65931516
v 0.05758311 -0.03360839 1.66236518
v 0.05613928 -0.03298834 1.65381481
v 0.05638800 -0.03129292 1.65809973
v 0.05596280 -0.03126433 1.65631616
v 0.05332441 -0.03319735 1.66964644
v 0.05511247 -0.03283412 1.66754432
v 0.03285799 -0.03674946 1.67085810
v 0.02855391 -0.03705568 1.65417221
v 0.02760375 -0.03755372 1.65705432
v 0.05345121 -0.03118187 1.65176372
v 0.05065692 -0.03148670 1.64908416
v 0.05604460 -0.03230423 1.66521851
v 0.04050030 -0.03565152 1.67411521
v 0.04455860 -0.03517326 1.67412639
v 0.02737042 -0.03770887 1.65956863
v 0.03659237 -0.03460057 1.64666360
v 0.03386096 -0.03550055 1.64792905
v 0.05660023 -0.03173164 1.66278401
v 0.02765936 -0.03759819 1.66236241
v 0.02859824 -0.03749197 1.66536428
v 0.05505818 -0.03111196 1.65441737
v 0.05672752 -0.03149014 1.66035504
v 0.04815075 -0.03452146 1.67327589
v 0.05111709 -0.03390745 1.67147650
v 0.03026969 -0.03721640 1.66819515
v 0.03212171 -0.03609544 1.64920945
v 0.04103811 -0.03328137 1.64589567
v 0.03639385 -0.03629116 1.67308740
v 0.02844976 -0.03460187 1.65775063
v 0.05172802 -0.02877681 1.65305894
v 0.05334361 -0.03044855 1.66707081
v 0.04029592 -0.03285603 1.67273830
v 0.04388736 -0.03242215 1.67292403
v 0.02822247 -0.03476760 1.66007932
v 0.03684135 -0.03156441 1.64835995
v 0.03412986 -0.03257228 1.64935246
v 0.05427447 -0.02998960 1.66512100
v 0.02869399 -0.03455878 1.66259452
v 0.02964195 -0.03446845 1.66531879
v 0.05336088 -0.02882546 1.65525481
v 0.05475656 -0.02960679 1.66278866
v 0.04702348 -0.03190675 1.67225273
v 0.04970426 -0.03130982 1.67072351
v 0.03113812 -0.03423075 1.66786652
v 0.03247800 -0.03307478 1.65044347
v 0.04074978 -0.03048458 1.64777399
v 0.05486398 -0.02925731 1.66063175
v 0.05174290 -0.03079516 1.66908560
v 0.03663343 -0.03333801 1.67190263
v 0.05462142 -0.02913066 1.65856959
v 0.05428544 -0.02908572 1.65688154
v 0.03347284 -0.03390996 1.67015714
v 0.02930181 -0.03410429 1.65505148
v 0.04496647 -0.02473270 1.65716666
v 0.04456048 -0.02502999 1.65614715
v 0.04896804 -0.02637951 1.65469220
v 0.05086114 -0.02643956 1.65773580
v 0.05130138 -0.02649457 1.65905516
v 0.04516272 -0.02448592 1.65929933
v 0.03528900 -0.02995711 1.66850163
v 0.03350001 -0.03027214 1.66678669
v 0.03796054 -0.02663475 1.66560746
v 0.04466464 -0.02542514 1.66482669
v 0.05020981 -0.02750172 1.66614970
v 0.04909888 -0.02791713 1.66762601
v 0.04426722 -0.02703897 1.65141373
v 0.04309862 -0.02562000 1.65390015
v 0.04109390 -0.02597502 1.65348242
v 0.04734580 -0.02841470 1.66899274
v 0.04351141 -0.02637731 1.66679687
v 0.04412178 -0.02580102 1.66585351
v 0.04020472 -0.02575017 1.65427813
v 0.03776983 -0.02819279 1.65117510
v 0.04079389 -0.02758036 1.65077309
v 0.04368890 -0.02530073 1.65492431
v 0.04688092 -0.02654349 1.65295966
v 0.03993615 -0.02713179 1.66746817
v 0.04078786 -0.02736393 1.66816083
v 0.04041939 -0.02950660 1.67059722
v 0.04494007 -0.02509813 1.66351375
v 0.05096595 -0.02722769 1.66457599
v 0.04245764 -0.02725819 1.66820909
v 0.04298544 -0.02685584 1.66764460
v 0.04530361 -0.02877709 1.67006328
v 0.03729914 -0.02576018 1.65818518
v 0.03174483 -0.02979666 1.65646747
v 0.03314560 -0.02929863 1.65425113
v 0.03891397 -0.02701888 1.66668453
v 0.03775986 -0.02977568 1.66978203
v 0.03935411 -0.02581199 1.65490571
v 0.03585355 -0.02874942 1.65188812
v 0.03689006 -0.02580623 1.65975612
v 0.03099229 -0.03022312 1.65860667
v 0.05134084 -0.02682940 1.66270509
v 0.03807698 -0.02567019 1.65662342
v 0.03447337 -0.02913744 1.65279618
v 0.04521280 -0.02464680 1.65810073
v 0.05014135 -0.02641223 1.65650090
v 0.04493116 -0.02471732 1.66209599
v 0.04504693 -0.02460159 1.66069761
v 0.05126873 -0.02658334 1.66073480
v 0.03875232 -0.02564623 1.65571349
v 0.03677904 -0.02600335 1.66134577
v 0.03087226 -0.03040436 1.66047480
v 0.03214839 -0.03027205 1.66478861
v 0.03127448 -0.03031968 1.66262241
v 0.03695060 -0.02617807 1.66275700
v 0.03740651 -0.02640664 1.66427415
v 0.04319519 -0.02926891 1.67067426
v 0.04547795 -0.02950781 1.64852332
v 0.04918249 -0.02885406 1.65056047
v 0.06695276 -0.03849530 1.65169044
v 0.07292828 0.00246041 1.61139490
v 0.07028077 0.00035757 1.60044899
v 0.06477539 -0.04023427 1.65348707
v 0.06038785 -0.04353485 1.65390479
v 0.05948412 -0.04465238 1.65421870
v 0.05867130 -0.04582980 1.65491036
v 0.05799823 -0.04668781 1.65596142
v 0.05750475 -0.04744248 1.65682587
v 0.05458334 -0.04640211 1.65648507
v 0.05458334 -0.04640211 1.65648507
v 0.07145126 0.02980023 1.48044563
v 0.07599252 0.03698824 1.48511496
v 0.03954299 0.00658756 1.46854330
v 0.04935810 0.01231437 1.47132789
v 0.03007405 0.00419140 1.46595284
v 0.05749002 0.01727475 1.47400745
v 0.04977587 0.01306232 1.48432490
v 0.07924349 0.04402235 1.48975098
v 0.08256369 0.05118064 1.49475369
v 0.06870800 0.10062484 1.50599303
v 0.01273341 0.10813732 1.49452889
v 0.08049644 0.08534614 1.50762253
v 0.07516218 0.09330822 1.50717957
v -0.00075216 0.10680352 1.49407210
v 0.04365470 0.10973998 1.49953814
v 0.02871413 0.11022113 1.49632552
v 0.08554166 0.07690839 1.50696606
v 0.08488164 0.05895483 1.49950283
v 0.08661607 0.06783886 1.50361044
v 0.05769313 0.10647844 1.50343877
v 0.05076739 0.11729170 1.48984750
v 0.06755339 0.11522040 1.49414172
v 0.08015924 0.11012217 1.49679726
v 0.01509115 0.11241527 1.48486991
v 0.03381834 0.11659433 1.48654390
v -0.00095875 0.11081815 1.48350783
v 0.05745372 0.12541195 1.47955152
v 0.03879366 0.12255619 1.47640853
v 0.01823270 0.11677259 1.47346433
v 0.02057711 0.00433452 1.46358796
v -0.00105338 0.11660866 1.46037634
v -0.00091320 0.11271047 1.47297964
v 0.02031655 0.12091335 1.46054812
v 0.15973318 0.09269115 1.27992657
v 0.15851054 0.08419264 1.28056909
v 0.15493094 0.08810982 1.30530119
v 0.23297175 0.08600847 1.26929080
v 0.23255597 0.08881714 1.29711010
v 0.23625487 0.07329637 1.29519183
v 0.21617559 0.02928135 1.29955390
v 0.20439029 0.02387912 1.30098937
v 0.20692153 0.02073905 1.27709836
v 0.15972417 0.07304429 1.28125622
v 0.15639693 0.07715289 1.30557513
v 0.22406003 0.09819333 1.26919694
v 0.22354983 0.10070868 1.29874048
v 0.16491906 0.05934134 1.28114941
v 0.16230870 0.06340041 1.30579053
v 0.21364638 0.10614739 1.26969092
v 0.21321975 0.10870973 1.29997639
v 0.23750898 0.07046412 1.27069372
v 0.23491136 0.05678270 1.29465889
v 0.20333980 0.11058633 1.27066218
v 0.20156016 0.11297861 1.30207474
v 0.18165830 0.03268096 1.30466520
v 0.16927645 0.04726396 1.30613033
v 0.17359485 0.04360396 1.28147803
v 0.18001126 0.10933432 1.27528225
v 0.17881295 0.11347829 1.30512487
v 0.19027514 0.11483893 1.30385377
v 0.19176740 0.11121026 1.27257480
v 0.16370078 0.09995542 1.27902317
v 0.15690287 0.09671409 1.30524463
v 0.22939976 0.03741156 1.27417552
v 0.23671142 0.05361564 1.27165280
v 0.22791176 0.04104406 1.29654749
v 0.21857990 0.02587896 1.27625074
v 0.16116889 0.08157921 1.25577291
v 0.16250249 0.07013816 1.25599948
v 0.22530336 0.09498005 1.24637293
v 0.16790683 0.05609668 1.25588526
v 0.21570958 0.10341282 1.24551313
v 0.23912354 0.06592313 1.24857433
v 0.20442854 0.10754632 1.24607950
v 0.18312986 0.03017921 1.27979286
v 0.17739320 0.04055145 1.25544418
v 0.18306542 0.10683441 1.25011937
v 0.19405464 0.10835477 1.24743970
v 0.16699162 0.09730840 1.25416843
v 0.16264936 0.09029462 1.25521672
v 0.23836812 0.04895135 1.25067457
v 0.22128989 0.02235754 1.25366526
v 0.23424916 0.08206656 1.24676475
v 0.20954897 0.01777869 1.25288438
v 0.16442974 0.06824557 1.23389769
v 0.16984042 0.05361758 1.23327476
v 0.21665181 0.09966277 1.22552087
v 0.24168096 0.06070326 1.22954956
v 0.20675988 0.10416027 1.22502512
v 0.18873402 0.02670423 1.25438106
v 0.17877367 0.03811910 1.23249665
v 0.18595247 0.10405750 1.22892940
v 0.19659796 0.10545788 1.22640015
v 0.16996158 0.09500673 1.23297392
v 0.16567866 0.08854159 1.23367953
v 0.24060151 0.04504706 1.23241673
v 0.23230826 0.03350406 1.25276462
v 0.22340591 0.02044048 1.23431829
v 0.16360858 0.07994573 1.23407324
v 0.23709729 0.07713711 1.22737606
v 0.21217937 0.01616579 1.23300735
v 0.22701029 0.09066319 1.22658588
v 0.22042175 -0.03149190 0.77594792
v 0.22115831 -0.03039247 0.77909495
v 0.21708374 -0.03298927 0.77942745
v 0.21937348 -0.01593721 0.77405156
v 0.21601514 -0.01364256 0.77435921
v 0.21683361 -0.01328328 0.77640903
v 0.22317192 -0.02558900 0.77485818
v 0.22250565 -0.01942958 0.77362377
v 0.22328799 -0.01978649 0.77692366
v 0.22464488 -0.01565210 0.79244327
v 0.22542230 -0.01557323 0.79588722
v 0.22676331 -0.02040975 0.79570636
v 0.22396383 -0.02611996 0.79312431
v 0.22486624 -0.02524168 0.79637013
v 0.22153417 -0.02819595 0.79736037
v 0.21795829 -0.01096599 0.79250000
v 0.21586947 -0.01029170 0.79487080
v 0.22062081 -0.01257905 0.79665758
v 0.21155283 -0.03404506 0.75727485
v 0.21503392 -0.03224462 0.76419141
v 0.21082378 -0.03509861 0.76583430
v 0.20779217 -0.01843962 0.75481240
v 0.21016363 -0.01652672 0.76262318
v 0.21355308 -0.01902238 0.76146359
v 0.21357655 -0.02500415 0.75483150
v 0.21624077 -0.02285731 0.76162647
v 0.21732858 -0.02814646 0.76279236
v 0.20514199 -0.03291555 0.77434017
v 0.20177659 -0.03332009 0.76799895
v 0.20485898 -0.03531885 0.76698414
v 0.22466856 -0.02444242 0.78076391
v 0.22426987 -0.02503818 0.77791500
v 0.20843655 -0.03191111 0.78258135
v 0.20798604 -0.03239764 0.78067619
v 0.21106770 -0.03374822 0.78059113
v 0.20878594 -0.02887059 0.79378620
v 0.21208309 -0.03101048 0.79305530
v 0.21229599 -0.03025627 0.79639642
v 0.21433448 -0.01206017 0.78616558
v 0.21499697 -0.01071413 0.79095047
v 0.21889253 -0.01066991 0.79021376
v 0.20669071 -0.01600014 0.76405206
v 0.21405557 -0.01120142 0.79384957
v 0.21242292 -0.00849540 0.79660113
v 0.21171829 -0.01294409 0.77755893
v 0.20758874 -0.03456556 0.77334130
v 0.20485898 -0.03531885 0.76698414
v 0.20783396 -0.03558282 0.76645668
v 0.21208309 -0.03101048 0.79305530
v 0.21575340 -0.03128215 0.79230220
v 0.21625200 -0.03059191 0.79545621
v 0.21215050 -0.03182012 0.78859433
v 0.21760472 -0.03230210 0.78192515
v 0.22050002 -0.01604596 0.77645580
v 0.21778197 -0.01274801 0.77996040
v 0.20778957 -0.02250102 0.74623890
v 0.21034245 -0.02671682 0.74664849
v 0.20900570 -0.02702868 0.74452827
v 0.20821955 -0.03529870 0.74915206
v 0.20754297 -0.03538031 0.74722405
v 0.20973884 -0.03134780 0.74601903
v 0.19640242 -0.03815603 0.74069317
v 0.19698931 -0.03738501 0.74667455
v 0.19508739 -0.03662309 0.74502912
v 0.20030141 -0.03770042 0.75096772
v 0.19902781 -0.03786096 0.74750873
v 0.20240908 -0.03787934 0.74807156
v 0.21092090 -0.03107844 0.74777935
v 0.19881779 -0.03828007 0.74290498
v 0.19869800 -0.03843569 0.73830311
v 0.20252783 -0.03774917 0.74239904
v 0.19923040 -0.03788723 0.73671589
v 0.19594885 -0.03805037 0.73383179
v 0.19886681 -0.02312573 0.73512276
v 0.20206332 -0.02283341 0.73774044
v 0.20256766 -0.02507748 0.73448372
v 0.19711113 -0.03771880 0.73235924
v 0.19594885 -0.03805037 0.73383179
v 0.19478406 -0.03711297 0.73177726
v 0.20566835 -0.02464077 0.73985656
v 0.20813339 -0.02786086 0.74255776
v 0.20724808 -0.02833457 0.74141284
v 0.19667492 -0.03240070 0.72789136
v 0.19491925 -0.03232391 0.72813304
v 0.19698791 -0.02822195 0.72790873
v 0.20668263 -0.03539842 0.74522387
v 0.20553929 -0.03541847 0.74334528
v 0.20733277 -0.03206979 0.74268161
v 0.20866830 -0.03178660 0.74430264
v 0.20616834 -0.03205800 0.74195829
v 0.20412957 -0.03518821 0.74212653
v 0.22596500 -0.02120657 0.79247338
v 0.21405241 -0.02991894 0.75585649
v 0.20114717 -0.01895635 0.76613586
v 0.19924322 -0.02411032 0.76835469
v 0.20168273 -0.02273130 0.77433104
v 0.22147474 -0.02973334 0.78161225
v 0.20659406 -0.01721468 0.77861220
v 0.20449381 -0.02219366 0.77945722
v 0.20433932 -0.02143574 0.78158989
v 0.20825716 -0.01425420 0.79279414
v 0.20563372 -0.01859846 0.79372505
v 0.20652423 -0.01798952 0.79675443
v 0.19078784 -0.03172300 0.73249505
v 0.19383105 -0.02651179 0.73172082
v 0.20497189 -0.02586317 0.73828811
v 0.20575767 -0.02853680 0.74049560
v 0.19318279 -0.03699505 0.73726627
v 0.20032611 -0.02552487 0.73061192
v 0.20224307 -0.02646430 0.73349376
v 0.19640242 -0.03815603 0.74069317
v 0.20175162 -0.03684723 0.74039742
v 0.19243628 -0.02525912 0.73792108
v 0.19023874 -0.03039832 0.73839553
v 0.19264389 -0.02862890 0.74635285
v 0.19810675 -0.03717239 0.75033821
v 0.20630855 -0.02314825 0.74299850
v 0.19810675 -0.03717239 0.75033821
v 0.19587829 -0.03597649 0.74942838
v 0.19897674 -0.02159944 0.74071636
v 0.20278391 -0.02130934 0.74177837
v 0.20252570 -0.03793189 0.74522464
v 0.20874406 -0.02173210 0.74854102
v 0.21131403 -0.02634354 0.74855885
v 0.20911582 -0.03496547 0.75109938
v 0.19519333 -0.02732459 0.75293769
v 0.19648942 -0.02716709 0.75574049
v 0.19802884 -0.02287751 0.75464322
v 0.22562647 -0.02198612 0.78954871
v 0.22515638 -0.02333597 0.78574183
v 0.22367303 -0.01830919 0.78535194
v 0.20862299 -0.03031616 0.78863700
v 0.21215050 -0.03182012 0.78859433
v 0.21876728 -0.01214855 0.78577531
v 0.21538173 -0.03204175 0.78816759
v 0.21167836 -0.03335101 0.78272551
v 0.21943226 -0.03014931 0.79145060
v 0.21859802 -0.03088457 0.78779923
v 0.22213239 -0.02836076 0.78698885
v 0.22258726 -0.01384832 0.79008470
v 0.22191373 -0.01518595 0.78544525
v 0.22305012 -0.02725896 0.79027358
v 0.20756367 -0.01540383 0.78697308
v 0.20509873 -0.02046466 0.78790482
v 0.21901714 -0.02100341 0.76740192
v 0.22107336 -0.01999673 0.77056844
v 0.22165737 -0.02609284 0.77147135
v 0.20158050 -0.01954647 0.74984848
v 0.20504023 -0.01971444 0.74924525
v 0.20348009 -0.02036437 0.74560800
v 0.21653371 -0.01701695 0.76828347
v 0.21349309 -0.01483486 0.76911493
v 0.21496707 -0.01408448 0.77198675
v 0.19949010 -0.03656191 0.75427171
v 0.20078209 -0.03636739 0.75664069
v 0.19895706 -0.03485980 0.75688624
v 0.20160501 -0.03616869 0.75806055
v 0.20078209 -0.03636739 0.75664069
v 0.20266367 -0.03694342 0.75611665
v 0.20716480 -0.03269094 0.77869162
v 0.20634355 -0.03298444 0.77670716
v 0.20898379 -0.03434254 0.77595019
v 0.20523279 -0.01770468 0.77508613
v 0.20263925 -0.02258176 0.77620272
v 0.20373395 -0.02264181 0.77789591
v 0.22009065 -0.02716433 0.76759927
v 0.21901556 -0.03157462 0.77253657
v 0.21748560 -0.03177750 0.76897696
v 0.21509371 -0.03403410 0.77379317
v 0.20994943 -0.01410955 0.77364109
v 0.20426931 -0.01775105 0.77284593
v 0.20985648 -0.03403494 0.77805458
v 0.20898379 -0.03434254 0.77595019
v 0.21195189 -0.03450335 0.77505420
v 0.20161105 -0.03722466 0.75437398
v 0.20308799 -0.03774016 0.75099778
v 0.21178960 -0.03073369 0.74944991
v 0.19740955 -0.02680819 0.75753092
v 0.21334788 -0.03452564 0.77064813
v 0.20871909 -0.01458256 0.77063169
v 0.19981349 -0.03480456 0.75845254
v 0.21800778 -0.01626651 0.77115529
v 0.20999557 -0.03489118 0.77205897
v 0.20758874 -0.03456556 0.77334130
v 0.21274947 -0.01226477 0.78055483
v 0.21167836 -0.03335101 0.78272551
v 0.22318215 -0.01934967 0.78043933
v 0.20639405 -0.01752697 0.77693816
v 0.21106770 -0.03374822 0.78059113
v 0.21322838 -0.03400764 0.77725034
v 0.22128896 -0.01598154 0.77999067
v 0.21404229 -0.03348769 0.77992985
v 0.21468081 -0.03310189 0.78234111
v 0.20626945 -0.01659956 0.78140997
v 0.20985648 -0.03403494 0.77805458
v 0.21639517 -0.03348397 0.77633161
v 0.21101440 -0.01353885 0.77548808
v 0.21064022 -0.03463074 0.75478944
v 0.20744714 -0.03644092 0.75845923
v 0.21042518 -0.02089605 0.75239162
v 0.20689284 -0.01870693 0.75293027
v 0.21287137 -0.02562763 0.75226135
v 0.20367322 -0.01847322 0.75572239
v 0.21318697 -0.03045311 0.75305700
v 0.20232886 -0.03603573 0.75967449
v 0.20464785 -0.03656720 0.75938865
v 0.19903997 -0.02210272 0.75799823
v 0.19768178 -0.02639003 0.75923308
v 0.20031163 -0.03479128 0.76017755
v 0.20232886 -0.03603573 0.75967449
v 0.20367043 -0.03680842 0.75760879
v 0.19890033 -0.02259875 0.75624831
v 0.20160501 -0.03616869 0.75806055
v 0.20994850 -0.03493594 0.75282274
v 0.20609648 -0.03694760 0.75679924
v 0.20958035 -0.02121510 0.75056428
v 0.20600623 -0.01920932 0.75128627
v 0.21256776 -0.03065245 0.75111848
v 0.21231223 -0.02601072 0.75024695
v 0.20324212 -0.01877328 0.75429014
v 0.19994952 -0.02039702 0.74561851
v 0.19698931 -0.03738501 0.74667455
v 0.19942807 -0.02895276 0.76863351
v 0.20203017 -0.02880699 0.77454251
v 0.20539147 -0.02836521 0.78045001
v 0.20524552 -0.02780524 0.78238682
v 0.20594458 -0.02452494 0.79362887
v 0.20663742 -0.02298942 0.79738981
v 0.19154939 -0.03550018 0.73462811
v 0.19154206 -0.03407375 0.74150576
v 0.19602814 -0.03591883 0.72930480
v 0.19452017 -0.03560185 0.72984283
v 0.19314518 -0.03241120 0.74795141
v 0.20589908 -0.02679652 0.78852709
v 0.19513465 -0.03084186 0.75345159
v 0.19683500 -0.03102079 0.75648003
v 0.20332513 -0.02867821 0.77684618
v 0.20462454 -0.02871033 0.77852023
v 0.19800109 -0.03072803 0.76032880
v 0.19777351 -0.03102886 0.75837799
v 0.20975072 -0.01399531 0.78104405
v 0.21100103 -0.01189259 0.79530828
v 0.21156509 -0.01179132 0.79228710
v 0.21106760 -0.01289926 0.78659742
v 0.20000569 -0.02067031 0.75382023
v 0.19819708 -0.02651388 0.72848075
v 0.20834731 -0.01534556 0.77627228
v 0.20074811 -0.01970286 0.75683660
v 0.19583195 -0.02280319 0.73955002
v 0.19438230 -0.02417933 0.74536671
v 0.20371491 -0.01669071 0.76541171
v 0.20909298 -0.01456750 0.77815989
v 0.20657697 -0.01601519 0.77172127
v 0.19647308 -0.02395918 0.73308699
v 0.19903227 -0.02722720 0.72870992
v 0.19790684 -0.02909315 0.72790492
v 0.20048562 -0.02029010 0.75543771
v 0.19861064 -0.02089344 0.75121145
v 0.19653351 -0.02319496 0.75172918
v 0.20759849 -0.01553300 0.77431604
v 0.19885725 -0.02948859 0.72847798
v 0.19777861 -0.03278222 0.72832524
v 0.19667492 -0.03240070 0.72789136
v 0.20506047 -0.03204036 0.74228819
v 0.20486901 -0.02882082 0.74047949
v 0.19700547 -0.03527651 0.72988711
v 0.20386123 -0.02698108 0.73738813
v 0.19886746 -0.03684277 0.73617287
v 0.19711113 -0.03771880 0.73235924
v 0.20035090 -0.02667177 0.72965899
v 0.20125172 -0.02730141 0.73337173
v 0.19903227 -0.02722720 0.72870992
v 0.19973448 -0.02773923 0.73005015
v 0.20131671 -0.03643331 0.73996011
v 0.19736952 -0.03669328 0.73212664
v 0.19611208 -0.03700247 0.73040339
v 0.20345075 -0.03452703 0.74169293
v 0.19936447 -0.02819419 0.72904120
v 0.19944023 -0.03280960 0.73027434
v 0.19720936 -0.03620286 0.73069986
v 0.19842029 -0.03258603 0.72960757
v 0.20142720 -0.03249921 0.73348103
v 0.20285290 -0.03235363 0.73630160
v 0.20317444 -0.02717124 0.73741807
v 0.20261465 -0.01929931 0.75268134
v 0.19774018 -0.03501449 0.75448046
v 0.20414016 -0.03733534 0.75380423
v 0.19949010 -0.03656191 0.75427171
v 0.19636750 -0.02204650 0.74541153
v 0.21704168 -0.00893344 0.76373135
v 0.21894137 -0.00919692 0.76689416
v 0.21588432 -0.01082647 0.76770874
v 0.21834834 0.00504882 0.76338596
v 0.21430468 0.00811942 0.76441854
v 0.21509780 0.00856189 0.76728543
v 0.21981907 0.00131626 0.76241233
v 0.22176964 0.00180338 0.76627228
v 0.22219396 -0.00382674 0.76631722
v 0.22732840 0.00326364 0.78832282
v 0.22901797 0.00486409 0.79290206
v 0.22873256 -0.00145400 0.79190927
v 0.21874749 -0.00932931 0.78983953
v 0.22327981 -0.00691821 0.78935114
v 0.22523680 -0.00613496 0.79389772
v 0.22230538 0.00683638 0.78832957
v 0.21789171 0.00909406 0.78896972
v 0.21721688 0.00826365 0.79426702
v 0.20612294 -0.01119433 0.74242422
v 0.20781130 -0.00993618 0.74176293
v 0.21011395 -0.00929383 0.74869504
v 0.20526501 0.00523975 0.74241636
v 0.20698801 0.00625744 0.74946895
v 0.21000142 0.00407220 0.74880728
v 0.21112675 -0.00490248 0.74160560
v 0.21032044 0.00010494 0.74159099
v 0.21285243 0.00020211 0.74846255
v 0.20118432 -0.01031030 0.75862653
v 0.19849755 -0.00997133 0.75165535
v 0.20154957 -0.01213919 0.75126890
v 0.22258995 0.00196327 0.76993599
v 0.20690649 -0.00928703 0.77238145
v 0.20655598 -0.00915370 0.77013627
v 0.20973931 -0.01147631 0.76964732
v 0.20693759 -0.00684953 0.78732008
v 0.20986762 -0.00950191 0.78675658
v 0.21078617 -0.00839468 0.79146017
v 0.21232264 0.01010859 0.78026605
v 0.21260695 0.00996100 0.78401288
v 0.21740852 0.00909107 0.78307539
v 0.20098989 0.00601056 0.74334484
v 0.20210156 0.00695065 0.75048824
v 0.21294835 0.00982037 0.79029937
v 0.21285178 0.01034285 0.79425578
v 0.21117391 0.00935777 0.76803747
v 0.20439326 -0.01188949 0.75780520
v 0.20154957 -0.01213919 0.75126890
v 0.20470458 -0.01221446 0.75079865
v 0.20986762 -0.00950191 0.78675658
v 0.21350674 -0.01104314 0.78555975
v 0.21411722 -0.00995716 0.79045809
v 0.20979418 -0.01078342 0.78227846
v 0.21670093 -0.01066548 0.77077791
v 0.21956912 0.00569594 0.76674335
v 0.21598887 0.00861396 0.77019427
v 0.20453179 0.00252522 0.73288914
v 0.20681884 -0.00074312 0.73267967
v 0.20535461 -0.00078303 0.73019503
v 0.20528025 -0.00936948 0.73347157
v 0.20422298 -0.00928525 0.73098443
v 0.20582210 -0.00515485 0.73074950
v 0.19546177 -0.01253533 0.72249472
v 0.19646155 -0.01222641 0.72834693
v 0.19192014 -0.01091425 0.72652297
v 0.20043010 -0.01200941 0.73359985
v 0.19968331 -0.01213360 0.72989225
v 0.20229747 -0.01131044 0.73081912
v 0.20719108 -0.00508650 0.73290138
v 0.19878882 -0.01225690 0.72633065
v 0.19890942 -0.01174443 0.72302451
v 0.20085479 -0.01111149 0.72640625
v 0.19895408 -0.01120889 0.72235819
v 0.19713675 -0.01156236 0.71922272
v 0.19786348 0.00307017 0.72236251
v 0.20121347 0.00263385 0.72545752
v 0.20095600 0.00120813 0.72307841
v 0.19676638 -0.01033997 0.71606622
v 0.19784862 -0.01092277 0.71858130
v 0.19713675 -0.01156236 0.71922272
v 0.20335874 0.00147366 0.72751503
v 0.20505434 -0.00114131 0.72900722
v 0.20423244 -0.00138725 0.72782312
v 0.19716953 -0.00182252 0.71465810
v 0.19655375 -0.00496109 0.71381529
v 0.19482110 -0.00470391 0.71347909
v 0.20397172 -0.00918154 0.72966673
v 0.20295651 -0.00900860 0.72810752
v 0.20443588 -0.00523237 0.72875724
v 0.20559324 -0.00518771 0.72975047
v 0.20327750 -0.00513220 0.72788051
v 0.20304956 -0.00217533 0.72716228
v 0.20175672 -0.00856392 0.72724607
v 0.22042890 -0.00415243 0.76270298
v 0.22755717 -0.00207406 0.78909534
v 0.21352744 -0.00465062 0.74857971
v 0.19741661 0.00219599 0.75191651
v 0.19645227 -0.00213842 0.75226306
v 0.19822048 -0.00197211 0.75889317
v 0.21933077 -0.00880721 0.77041608
v 0.20452362 0.00429451 0.77220435
v 0.20462083 0.00427978 0.76999946
v 0.20313358 -0.00103954 0.77082600
v 0.20607448 0.00556389 0.78634866
v 0.20405129 0.00104393 0.78689156
v 0.20366031 0.00247015 0.79417609
v 0.19546743 -0.00096776 0.71446783
v 0.18980523 -0.00437617 0.71673155
v 0.20259794 0.00060274 0.72592333
v 0.19252040 -0.01168644 0.72022425
v 0.19835827 0.00157865 0.71844129
v 0.20082823 0.00035049 0.72177272
v 0.19546177 -0.01253533 0.72249472
v 0.20020866 -0.01039868 0.72551275
v 0.19044421 0.00085079 0.72520549
v 0.18817656 -0.00374461 0.72453042
v 0.19046955 -0.00311377 0.73281111
v 0.19784872 -0.01201877 0.73358762
v 0.20379085 0.00211037 0.72954338
v 0.19784872 -0.01201877 0.73358762
v 0.19456513 -0.01083627 0.73356775
v 0.19712189 0.00378315 0.72680587
v 0.20136908 0.00364214 0.72850361
v 0.20168764 -0.01130203 0.72843061
v 0.20747899 -0.00043437 0.73482203
v 0.20787156 -0.00520277 0.73453524
v 0.20573975 -0.00952079 0.73529531
v 0.19336329 0.00139652 0.73819480
v 0.19206497 -0.00295377 0.73855779
v 0.19312039 -0.00282067 0.74121931
v 0.22599230 -0.00295089 0.78379661
v 0.22478062 -0.00351412 0.77914869
v 0.22469020 0.00213185 0.77908715
v 0.20694642 -0.00866221 0.78257642
v 0.20979418 -0.01078342 0.78227846
v 0.21171039 0.00931343 0.77046993
v 0.21701048 0.00913347 0.77978817
v 0.21357044 -0.01157864 0.78167235
v 0.21034988 -0.01155721 0.77197784
v 0.21762431 -0.01023022 0.78446730
v 0.21743434 -0.01057992 0.78090940
v 0.22083344 -0.00820021 0.77990544
v 0.22177381 0.00670028 0.77930310
v 0.22215291 -0.00751026 0.78424836
v 0.20579685 0.00544668 0.78175426
v 0.20368241 -0.00017653 0.78265672
v 0.21533808 0.00028403 0.75386981
v 0.21731141 0.00056218 0.75799015
v 0.21750091 -0.00430451 0.75767548
v 0.19891945 0.00496675 0.73706294
v 0.20302234 0.00462285 0.73619451
v 0.20205932 0.00431780 0.73315506
v 0.21269357 0.00432367 0.75489503
v 0.21001311 0.00666952 0.75565637
v 0.21258253 0.00723196 0.76061442
v 0.19568951 -0.01082481 0.73801212
v 0.19930449 -0.01213509 0.73730473
v 0.19959724 -0.01207776 0.73960841
v 0.19959724 -0.01207776 0.73960841
v 0.20187566 -0.01206470 0.73872365
v 0.20261511 -0.01201074 0.74118405
v 0.20406327 -0.01011461 0.76478556
v 0.20754845 -0.01199298 0.76300465
v 0.20905697 -0.01164836 0.76718614
v 0.20158728 0.00371147 0.76504440
v 0.20073400 -0.00173940 0.76604062
v 0.20200880 -0.00128183 0.76874491
v 0.21569547 -0.00443046 0.75396030
v 0.21479428 -0.00839308 0.75903424
v 0.21265699 -0.00882441 0.75510312
v 0.21219173 -0.01053388 0.76019288
v 0.22312718 -0.00368606 0.77015415
v 0.20863700 0.00859775 0.76199117
v 0.19932269 0.00315889 0.75844584
v 0.20754845 -0.01199298 0.76300465
v 0.20993410 -0.01178085 0.76187291
v 0.21176193 -0.01179159 0.76590680
v 0.20136044 -0.01201229 0.73672591
v 0.20318762 -0.01111364 0.73384446
v 0.19441999 0.00138467 0.74074004
v 0.19430357 -0.00284142 0.74318373
v 0.20982770 -0.01078204 0.75603170
v 0.20473550 0.00746512 0.75669288
v 0.19753693 -0.01061015 0.74265533
v 0.19644596 -0.01068922 0.74037113
v 0.19930449 -0.01213509 0.73730473
v 0.21518833 0.00448948 0.75901177
v 0.20687594 -0.01192303 0.75683184
v 0.20439326 -0.01188949 0.75780520
v 0.21034988 -0.01155721 0.77197784
v 0.20333209 0.00388426 0.76810759
v 0.20905697 -0.01164836 0.76718614
v 0.21259692 -0.01176614 0.76870008
v 0.21984730 0.00588759 0.76991761
v 0.21337518 -0.01169485 0.77143576
v 0.20312615 -0.00083494 0.77294372
v 0.20574987 -0.00967884 0.76796547
v 0.21450561 -0.01060301 0.76460045
v 0.21040058 0.00914060 0.76577995
v 0.20686851 -0.01008837 0.73927458
v 0.20699943 0.00317604 0.73951565
v 0.20454840 0.00497676 0.74021656
v 0.21034793 -0.00490143 0.73892792
v 0.20946698 0.00021490 0.73907358
v 0.20069992 -0.01200189 0.74367622
v 0.20316998 -0.01219055 0.74334074
v 0.19661540 0.00155318 0.74455428
v 0.19570670 -0.00268220 0.74507450
v 0.19819923 -0.01059094 0.74456524
v 0.20069992 -0.01200189 0.74367622
v 0.20011126 -0.01198539 0.74172248
v 0.19554634 0.00140985 0.74264680
v 0.20011126 -0.01198539 0.74172248
v 0.20455128 -0.01113019 0.73788134
v 0.20601403 -0.00983363 0.73687356
v 0.20616899 0.00307704 0.73725874
v 0.20362726 0.00476032 0.73810493
v 0.20811705 -0.00006131 0.73658777
v 0.20037012 0.00550196 0.74130315
v 0.20894090 -0.00505948 0.73644272
v 0.19797192 0.00438228 0.73303685
v 0.19134725 0.00037811 0.71749887
v 0.19646155 -0.01222641 0.72834693
v 0.19673017 -0.00659800 0.75203544
v 0.20470087 -0.00625980 0.77037125
v 0.20471796 -0.00648139 0.77257492
v 0.20516242 -0.00446761 0.78704265
v 0.20464153 -0.00159651 0.79442513
v 0.19041608 -0.00948404 0.71790740
v 0.18927924 -0.00839275 0.72513830
v 0.19641486 -0.00824183 0.71463679
v 0.19503094 -0.00891203 0.71471715
v 0.19150037 -0.00801471 0.73328838
v 0.20483141 -0.00582077 0.78272601
v 0.19284779 -0.00767972 0.73836996
v 0.19396011 -0.00759250 0.74108903
v 0.20181875 -0.00682999 0.76586474
v 0.20348733 -0.00683663 0.76826100
v 0.19902622 -0.00690719 0.75896589
v 0.19645524 -0.00749908 0.74514777
v 0.19508544 -0.00742266 0.74311223
v 0.20858585 0.00939800 0.78067990
v 0.20801751 0.00803259 0.77128944
v 0.20990059 0.00891624 0.79179211
v 0.20920542 0.00903661 0.78483726
v 0.19690481 0.00419622 0.73993144
v 0.19441323 0.00236638 0.71875857
v 0.20639777 0.00749013 0.76676017
v 0.19908759 0.00607376 0.75081077
v 0.19865093 0.00472994 0.74387983
v 0.19289162 0.00269130 0.72530892
v 0.19225440 0.00110575 0.73276368
v 0.20746581 0.00777808 0.76878382
v 0.20149768 0.00691513 0.75749600
v 0.19785122 -0.00076920 0.71587363
v 0.19789996 0.00437608 0.74194086
v 0.19609164 0.00410645 0.73751487
v 0.20470458 0.00741730 0.76327633
v 0.19740378 -0.00251358 0.71507582
v 0.19752580 -0.00507792 0.71456291
v 0.19655375 -0.00496109 0.71381529
v 0.20258874 -0.00524444 0.72742067
v 0.20258595 -0.00225358 0.72710721
v 0.19703712 -0.00728640 0.71508407
v 0.20230964 -0.00033686 0.72545945
v 0.19878612 -0.01004670 0.72165086
v 0.19784862 -0.01092277 0.71858130
v 0.19891109 0.00009902 0.71776805
v 0.20028070 -0.00071385 0.72116529
v 0.19785122 -0.00076920 0.71587363
v 0.19875139 -0.00063333 0.71749217
v 0.20016233 -0.00990818 0.72504987
v 0.19755067 -0.00975052 0.71786031
v 0.19676638 -0.01033997 0.71606622
v 0.20134206 -0.00818007 0.72706100
v 0.19786051 -0.00149424 0.71588675
v 0.19873607 -0.00538108 0.71732404
v 0.19723611 -0.00923788 0.71618117
v 0.19807175 -0.00511068 0.71564684
v 0.20013410 -0.00530686 0.72109971
v 0.20139795 -0.00522147 0.72426738
v 0.20186646 -0.00084019 0.72489596
v 0.20541682 0.00286795 0.73543616
v 0.19952222 0.00539372 0.73920601
v 0.20370218 -0.01109367 0.73590037
v 0.19508378 0.00356897 0.73283668
v 0.21861927 0.01301937 0.77371940
v 0.22211865 0.01629071 0.77267697
v 0.22239023 0.01584703 0.77517285
v 0.22105935 0.02893490 0.77315746
v 0.21835782 0.03078371 0.77379373
v 0.21916624 0.03037966 0.77623138
v 0.22391824 0.02160648 0.77231050
v 0.22276878 0.02601693 0.77241831
v 0.22347564 0.02565040 0.77527773
v 0.22832077 0.02353937 0.79323738
v 0.23003011 0.02413956 0.79682942
v 0.22934452 0.01885809 0.79556064
v 0.22121318 0.01232615 0.79145536
v 0.22497514 0.01467521 0.79167496
v 0.22593297 0.01370794 0.79555251
v 0.22539686 0.02754033 0.79450244
v 0.21984227 0.03023450 0.79534459
v 0.21735337 0.03003959 0.80113338
v 0.21177576 0.01845740 0.75135601
v 0.21537886 0.01798661 0.75937730
v 0.21337936 0.01579588 0.76003078
v 0.21127298 0.02956851 0.75251548
v 0.20943996 0.03109717 0.75279662
v 0.21233230 0.03056600 0.76059090
v 0.21408334 0.02388404 0.75130642
v 0.21288670 0.02771345 0.75221060
v 0.21634355 0.02692570 0.75940741
v 0.20823414 0.01491938 0.77166349
v 0.20453271 0.01580409 0.76213080
v 0.20720732 0.01430204 0.76133454
v 0.22449381 0.02109922 0.77504878
v 0.22397831 0.02510937 0.77806282
v 0.21045916 0.01402416 0.77938434
v 0.21031534 0.01429163 0.77739091
v 0.21323414 0.01239422 0.77650477
v 0.21047754 0.01381060 0.78923746
v 0.21380589 0.01189670 0.78847396
v 0.21258578 0.01214203 0.79120604
v 0.21643538 0.03082539 0.78708515
v 0.21635794 0.03072589 0.79017684
v 0.22064505 0.02983925 0.79028603
v 0.20830785 0.03185542 0.76153072
v 0.21543298 0.03027047 0.79522947
v 0.21296747 0.03113835 0.79939608
v 0.21502640 0.03175525 0.77705404
v 0.21084932 0.01316044 0.77058974
v 0.20720732 0.01430204 0.76133454
v 0.21065842 0.01419334 0.76035620
v 0.21380589 0.01189670 0.78847396
v 0.21741782 0.01086290 0.78858199
v 0.21627753 0.01100153 0.79125795
v 0.21420589 0.01165629 0.78598229
v 0.21946021 0.01319448 0.77552090
v 0.22241697 0.01572372 0.77770398
v 0.22164958 0.02842952 0.77573557
v 0.21982686 0.02955761 0.77924294
v 0.20710779 0.03032333 0.74143166
v 0.20880692 0.02822846 0.74145468
v 0.20798010 0.02788069 0.73862985
v 0.20851277 0.01991976 0.74181617
v 0.20757296 0.02010804 0.73920247
v 0.20904619 0.02418450 0.73927635
v 0.19736665 0.01696018 0.72972938
v 0.19812987 0.01664860 0.73566317
v 0.19512277 0.01816143 0.73502945
v 0.20305076 0.01566284 0.74186061
v 0.20191243 0.01640360 0.73675906
v 0.20502101 0.01752683 0.73834749
v 0.21010393 0.02426053 0.74152712
v 0.20048377 0.01708431 0.73189924
v 0.20121570 0.01789956 0.72809972
v 0.20352215 0.01849974 0.73230052
v 0.20137994 0.01859499 0.72683067
v 0.19830572 0.01835093 0.72482485
v 0.19919363 0.03225134 0.73034246
v 0.20219060 0.03166112 0.73254685
v 0.20179740 0.03099103 0.72905797
v 0.19935733 0.01955301 0.72364268
v 0.19830572 0.01835093 0.72482485
v 0.19644541 0.02002740 0.72332867
v 0.20457412 0.03024745 0.73430917
v 0.20685134 0.02807084 0.73664483
v 0.20606742 0.02780210 0.73560130
v 0.19785290 0.02502204 0.72120021
v 0.19570697 0.02518785 0.72240595
v 0.19698625 0.02829116 0.72239709
v 0.20656063 0.02033766 0.73669032
v 0.20572184 0.02053744 0.73516271
v 0.20709089 0.02422589 0.73608388
v 0.20809022 0.02417049 0.73741259
v 0.20616268 0.02411460 0.73529819
v 0.20482435 0.02072987 0.73427547
v 0.22811575 0.01918377 0.79225367
v 0.21759599 0.02277770 0.75909672
v 0.20328789 0.02905013 0.76367806
v 0.20144698 0.02415428 0.76409943
v 0.20506195 0.02348337 0.77475723
v 0.22486614 0.02056750 0.77782208
v 0.20848092 0.02851596 0.77964937
v 0.20633380 0.02323371 0.77949995
v 0.20631941 0.02343084 0.78127743
v 0.20918927 0.02729578 0.79141230
v 0.20689851 0.02225626 0.79176118
v 0.20675914 0.02189991 0.79426337
v 0.19263016 0.02523926 0.72724003
v 0.19366719 0.02911305 0.72759489
v 0.20399364 0.02997871 0.73247657
v 0.20547133 0.02740607 0.73457332
v 0.19460932 0.01892853 0.72815495
v 0.19981424 0.03122911 0.72559615
v 0.20237510 0.03041176 0.72732759
v 0.19736665 0.01696018 0.72972938
v 0.20306237 0.01911974 0.73129684
v 0.19375158 0.02936917 0.73417303
v 0.19217631 0.02525526 0.73446618
v 0.19423151 0.02542283 0.74256899
v 0.19975955 0.01574143 0.74177677
v 0.20603622 0.03019643 0.73783342
v 0.19975955 0.01574143 0.74177677
v 0.19712840 0.01717402 0.74203776
v 0.20016335 0.03244022 0.73511645
v 0.20363923 0.03183323 0.73639557
v 0.20421462 0.01810682 0.73456635
v 0.20803543 0.03058311 0.74453392
v 0.20990644 0.02803453 0.74375996
v 0.21111755 0.02423148 0.74344949
v 0.20940839 0.01955136 0.74404685
v 0.19696907 0.02557375 0.74895736
v 0.19843042 0.02527324 0.75156343
v 0.19978814 0.02933629 0.75071166
v 0.22624829 0.01967931 0.78595888
v 0.22592675 0.02433951 0.78587598
v 0.22719841 0.02399040 0.78980987
v 0.21040476 0.01384884 0.78663035
v 0.21420589 0.01165629 0.78598229
v 0.21554458 0.03136602 0.77978856
v 0.22050374 0.02958484 0.78641601
v 0.21787240 0.01103840 0.78527895
v 0.21396644 0.01214397 0.77865493
v 0.22117465 0.01182996 0.78892495
v 0.22104829 0.01249971 0.78559390
v 0.22358483 0.01512580 0.78565716
v 0.22298920 0.02795966 0.78613437
v 0.22417905 0.01465661 0.78924510
v 0.20900635 0.02763817 0.78852421
v 0.20673017 0.02257575 0.78921837
v 0.22105452 0.02238947 0.76732107
v 0.21998907 0.02626005 0.76753790
v 0.22133473 0.02604565 0.77002680
v 0.20599704 0.03173677 0.74533040
v 0.20475249 0.03181419 0.74161096
v 0.20157967 0.03233165 0.74202730
v 0.21805940 0.02870164 0.76814378
v 0.21573576 0.03074575 0.76913978
v 0.21718476 0.03079384 0.77142591
v 0.20101663 0.01539051 0.74587099
v 0.20198531 0.01513084 0.74810952
v 0.19976177 0.01693693 0.74927342
v 0.20302671 0.01490499 0.75030140
v 0.20198531 0.01513084 0.74810952
v 0.20513363 0.01531065 0.74705304
v 0.20934786 0.01465224 0.77375393
v 0.21202014 0.01270027 0.77262921
v 0.21278652 0.01256612 0.77501242
v 0.20835186 0.02862626 0.77823925
v 0.20802031 0.02876268 0.77616492
v 0.20580085 0.02352149 0.77611699
v 0.21458555 0.02893806 0.75997013
v 0.21953244 0.01743192 0.76782457
v 0.22245773 0.02205703 0.76981379
v 0.21669972 0.01411593 0.76876589
v 0.22100791 0.01705825 0.77021580
v 0.21297193 0.03216013 0.77304921
v 0.20710714 0.02862870 0.77446503
v 0.21278652 0.01256612 0.77501242
v 0.21202014 0.01270027 0.77262921
v 0.21523762 0.01233838 0.77184186
v 0.20428035 0.01548415 0.74493150
v 0.20619155 0.01719079 0.74194960
v 0.21989371 0.01319519 0.77803676
v 0.20017653 0.02900696 0.75273491
v 0.21220407 0.03209373 0.77125584
v 0.20073047 0.01667733 0.75151207
v 0.21963931 0.02881547 0.77049633
v 0.21396569 0.01281150 0.76947045
v 0.21084932 0.01316044 0.77058974
v 0.21396644 0.01214397 0.77865493
v 0.20637706 0.02306481 0.77815618
v 0.21323414 0.01239422 0.77650477
v 0.21609053 0.01208990 0.77390862
v 0.22210732 0.02765793 0.77883684
v 0.21672730 0.01201557 0.77558084
v 0.21749366 0.01184457 0.77806371
v 0.20839225 0.02837938 0.78125468
v 0.21007115 0.01456303 0.77591842
v 0.21791176 0.01333537 0.77155906
v 0.21408649 0.03204303 0.77524895
v 0.21085062 0.01864756 0.74858225
v 0.20989371 0.01645601 0.75159176
v 0.21011692 0.02993096 0.74950736
v 0.20818140 0.03134716 0.75010084
v 0.21155580 0.02790521 0.74880755
v 0.20557439 0.03223097 0.75331855
v 0.21288065 0.02371602 0.74839553
v 0.20434256 0.01453697 0.75300116
v 0.20750749 0.01509354 0.75205813
v 0.20056807 0.02927758 0.75519631
v 0.19915185 0.02510754 0.75588006
v 0.20163844 0.01596031 0.75406290
v 0.20434256 0.01453697 0.75300116
v 0.20626324 0.01527047 0.74914741
v 0.19880608 0.02521751 0.75321196
v 0.20302671 0.01490499 0.75030140
v 0.21018730 0.01904415 0.74599611
v 0.20882298 0.01657859 0.74891160
v 0.20900460 0.03039854 0.74682730
v 0.20696601 0.03155225 0.74762378
v 0.21197083 0.02405809 0.74557086
v 0.21102146 0.02799242 0.74601449
v 0.20440050 0.03209112 0.75084127
v 0.19812987 0.01664860 0.73566317
v 0.20202961 0.01945091 0.76345204
v 0.20606194 0.01815590 0.77338707
v 0.20762198 0.01761587 0.77836815
v 0.20756209 0.01750746 0.78040701
v 0.20788447 0.01684866 0.79058073
v 0.20791530 0.01657422 0.79265496
v 0.19318789 0.02135722 0.72751503
v 0.19289133 0.02101714 0.73491295
v 0.19764910 0.02237298 0.72136629
v 0.19564365 0.02173090 0.72257541
v 0.19464014 0.02079827 0.74244492
v 0.20783248 0.01739732 0.78794522
v 0.19705691 0.02056079 0.74842270
v 0.19841769 0.02042327 0.75080624
v 0.20695951 0.01806298 0.77508287
v 0.19903932 0.02027213 0.75258383
v 0.20781195 0.01773951 0.77709478
v 0.19924079 0.02031967 0.75550966
v 0.21238541 0.03017772 0.78751809
v 0.21174206 0.03085776 0.78051227
v 0.21264538 0.02944660 0.79462718
v 0.21239367 0.02974761 0.79082008
v 0.20214716 0.03116946 0.75164783
v 0.20116035 0.03085174 0.74988534
v 0.19830172 0.03019858 0.72323918
v 0.21151355 0.03125651 0.77823516
v 0.21081728 0.03109840 0.77703938
v 0.20585293 0.03120924 0.76259136
v 0.20333765 0.03168613 0.75423867
v 0.19599536 0.03126398 0.73423822
v 0.19574866 0.02950487 0.74216250
v 0.20955881 0.03124892 0.77353472
v 0.19538851 0.03099452 0.72831196
v 0.19951359 0.02899561 0.72204373
v 0.19875158 0.02750470 0.72125704
v 0.19882029 0.02974594 0.74858231
v 0.21010801 0.03113896 0.77541398
v 0.19926912 0.02684153 0.72231939
v 0.19895343 0.02485413 0.72205220
v 0.19785290 0.02502204 0.72120021
v 0.20485732 0.02405753 0.73507079
v 0.19865130 0.02274310 0.72226942
v 0.20426791 0.02963747 0.73136723
v 0.20475973 0.02719555 0.73423689
v 0.20005666 0.02021159 0.72446772
v 0.20135626 0.01954172 0.72710865
v 0.20088144 0.03010855 0.72460386
v 0.20251427 0.02937891 0.72716687
v 0.19951359 0.02899561 0.72204373
v 0.20120817 0.02887330 0.72440397
v 0.19909410 0.02167118 0.72310492
v 0.19935733 0.01955301 0.72364268
v 0.20414442 0.02097304 0.73394712
v 0.20008582 0.02768943 0.72272682
v 0.20150213 0.02448483 0.72427231
v 0.20031497 0.02466763 0.72292794
v 0.20255903 0.02441084 0.72641344
v 0.20360024 0.02430902 0.73016791
v 0.20397349 0.02882737 0.73106186
v 0.20321176 0.01983781 0.73094198
v 0.20253285 0.03214370 0.74668795
v 0.19873422 0.01701458 0.74681208
v 0.20720416 0.01703616 0.74451637
v 0.20101663 0.01539051 0.74587099
v 0.19781771 0.03122889 0.74183289
v 0.21901008 0.03996029 0.78633305
v 0.22035703 0.03970986 0.78872605
v 0.21813822 0.03598566 0.78835321
v 0.21704336 0.04786376 0.78734858
v 0.21313441 0.04963001 0.78811263
v 0.21397600 0.04956636 0.79039893
v 0.21998842 0.04301833 0.78672919
v 0.21903765 0.04603531 0.78722351
v 0.22034329 0.04597416 0.78949746
v 0.22557550 0.04025443 0.80339627
v 0.22429429 0.04339842 0.80336666
v 0.22557848 0.04269341 0.80749712
v 0.22548117 0.03715714 0.80334353
v 0.22683500 0.03649354 0.80649322
v 0.22461768 0.03248693 0.80524370
v 0.22155711 0.04621782 0.80300854
v 0.21709925 0.04821955 0.80274439
v 0.21715978 0.04826090 0.80641087
v 0.21200165 0.04139315 0.77460571
v 0.21368436 0.04129536 0.77777676
v 0.21159284 0.03850036 0.77818607
v 0.21064403 0.04926851 0.77616165
v 0.20802384 0.05086890 0.77715554
v 0.20949799 0.05026877 0.78075898
v 0.21303665 0.04433309 0.77501175
v 0.21227492 0.04737791 0.77562948
v 0.21403933 0.04682383 0.77898765
v 0.20470988 0.03740719 0.78456171
v 0.20326273 0.03782436 0.78123714
v 0.20654837 0.03609259 0.78009277
v 0.22127874 0.04288595 0.78911233
v 0.22086278 0.04565910 0.79149576
v 0.20817229 0.03674335 0.79303128
v 0.20730092 0.03670339 0.79101616
v 0.21081014 0.03426623 0.78975846
v 0.21158050 0.03401808 0.80148015
v 0.21012490 0.03483278 0.80021343
v 0.21374899 0.03213905 0.79890492
v 0.21231568 0.04850202 0.80036529
v 0.21631681 0.04841292 0.79991945
v 0.21580902 0.04848851 0.79760875
v 0.20667520 0.05066125 0.78156759
v 0.21237120 0.04803305 0.80582939
v 0.21015025 0.04976742 0.79117931
v 0.20776330 0.03568150 0.78307290
v 0.20654837 0.03609259 0.78009277
v 0.20912028 0.03658834 0.77911836
v 0.21432752 0.03192792 0.79941882
v 0.21374899 0.03213905 0.79890492
v 0.21702794 0.03229959 0.79860192
v 0.21608915 0.03275069 0.79642177
v 0.21902261 0.03586729 0.79080614
v 0.21848130 0.04794854 0.78973637
v 0.21475797 0.04938772 0.79252302
v 0.20559889 0.05104434 0.76777438
v 0.20741493 0.04887093 0.76716229
v 0.20566149 0.04907836 0.76484240
v 0.20760054 0.04240774 0.76652209
v 0.20652423 0.04222965 0.76443968
v 0.20671308 0.04598710 0.76462950
v 0.19891184 0.04003196 0.75996753
v 0.19957209 0.03926834 0.76366610
v 0.19625441 0.04082401 0.76287565
v 0.20341073 0.03872465 0.76747913
v 0.20202496 0.03941223 0.76441881
v 0.20442640 0.04015504 0.76476581
v 0.20820387 0.04564310 0.76682360
v 0.20095748 0.04004053 0.76144328
v 0.20096501 0.04079867 0.75909738
v 0.20275819 0.04152536 0.76100636
v 0.20136425 0.04149897 0.75818938
v 0.19944469 0.04107775 0.75717253
v 0.19883431 0.05208022 0.75953199
v 0.20067383 0.05183428 0.76089169
v 0.20060652 0.05112723 0.75892095
v 0.20007310 0.04153886 0.75645629
v 0.19815382 0.04238190 0.75571182
v 0.20257621 0.05074991 0.76234448
v 0.20401954 0.04887968 0.76314113
v 0.20340851 0.04876711 0.76179808
v 0.19898863 0.04938495 0.75432124
v 0.19861110 0.04687855 0.75357971
v 0.19748066 0.04692969 0.75369200
v 0.20498675 0.04599690 0.76328928
v 0.20471981 0.04300665 0.76311584
v 0.20392438 0.04325469 0.76190345
v 0.20423366 0.04613332 0.76224680
v 0.20382688 0.04610515 0.76161905
v 0.20353581 0.04353085 0.76131893
v 0.22726815 0.03972978 0.80685311
v 0.21490550 0.04403009 0.77815375
v 0.20374295 0.04644063 0.78637561
v 0.20234520 0.04738244 0.78292690
v 0.20158468 0.04432474 0.78303499
v 0.22189721 0.04234116 0.79129027
v 0.20638282 0.04487539 0.79448484
v 0.20573288 0.04519992 0.79247465
v 0.20520699 0.04238394 0.79237863
v 0.20802086 0.04319642 0.80261688
v 0.20771817 0.04343422 0.80107201
v 0.20789802 0.04026406 0.80089336
v 0.19786190 0.04974683 0.75463675
v 0.19748066 0.04692969 0.75369200
v 0.19399986 0.04678143 0.75618683
v 0.20209182 0.05031708 0.76081017
v 0.20330674 0.04876374 0.76146603
v 0.19944469 0.04107775 0.75717253
v 0.19670547 0.04116923 0.75826996
v 0.19931823 0.05140023 0.75734027
v 0.20110891 0.05072213 0.75817428
v 0.19891184 0.04003196 0.75996753
v 0.20260424 0.04204326 0.76021779
v 0.19385037 0.04985043 0.76235267
v 0.19266339 0.04629005 0.76238886
v 0.19526984 0.04564282 0.76943514
v 0.20098691 0.03853848 0.76780797
v 0.20367525 0.05162078 0.76472419
v 0.20098691 0.03853848 0.76780797
v 0.19766785 0.03990937 0.76831761
v 0.19959641 0.05259895 0.76313454
v 0.20162469 0.05239551 0.76391675
v 0.20330359 0.04096435 0.76253214
v 0.20808372 0.05008542 0.77089020
v 0.20922260 0.04829748 0.77004042
v 0.20922288 0.04211725 0.76947991
v 0.19835336 0.04868781 0.77422180
v 0.19744130 0.04510213 0.77412207
v 0.19854359 0.04503428 0.77573181
v 0.22312086 0.04132088 0.79655774
v 0.22175367 0.04470455 0.79683855
v 0.22309626 0.04405095 0.79967816
v 0.20903412 0.03586070 0.79793250
v 0.21268279 0.03285501 0.79686445
v 0.21214427 0.04882268 0.79818264
v 0.21536901 0.03341192 0.79116354
v 0.21268279 0.03285501 0.79686445
v 0.22159257 0.03460455 0.79899020
v 0.22052564 0.03520999 0.79613449
v 0.22238903 0.03834634 0.79634329
v 0.21937358 0.04702748 0.79723247
v 0.22410181 0.04078649 0.79979327
v 0.20755040 0.04406562 0.79909264
v 0.20741484 0.04114355 0.79898195
v 0.21680046 0.04346649 0.78152409
v 0.21566278 0.04661098 0.78199649
v 0.21755746 0.04606215 0.78466587
v 0.20308864 0.05193180 0.77273868
v 0.20534848 0.05176650 0.77176289
v 0.20356774 0.05217165 0.76846294
v 0.21379893 0.04841525 0.78283454
v 0.21090279 0.04996322 0.78391343
v 0.21219033 0.04959780 0.78614411
v 0.20254742 0.03788517 0.77115202
v 0.20367665 0.03763447 0.77304063
v 0.20096649 0.03897730 0.77409069
v 0.20457459 0.03746757 0.77463609
v 0.20367665 0.03763447 0.77304063
v 0.20595646 0.03792889 0.77220978
v 0.20669052 0.03668320 0.78902329
v 0.20576547 0.03703307 0.78714896
v 0.20887470 0.03511171 0.78561908
v 0.20489325 0.04541896 0.79028991
v 0.20430272 0.04585849 0.78844197
v 0.20371927 0.04308291 0.78828530
v 0.21243740 0.04868681 0.77990063
v 0.21839402 0.04320356 0.78410115
v 0.21740314 0.04030734 0.78396684
v 0.21563780 0.04076906 0.78125861
v 0.21494720 0.03737254 0.78391825
v 0.22096102 0.03917149 0.79106398
v 0.20883153 0.05003450 0.78706456
v 0.20288419 0.04369035 0.78635491
v 0.20984199 0.03465014 0.78766342
v 0.20887470 0.03511171 0.78561908
v 0.21187734 0.03523445 0.78469830
v 0.20501609 0.03820754 0.77044458
v 0.20610530 0.03976127 0.76703268
v 0.21015713 0.04513157 0.76960460
v 0.19926476 0.04843671 0.77560635
v 0.19966019 0.04496012 0.77718144
v 0.21337183 0.03793980 0.78138435
v 0.20777249 0.05008303 0.78497490
v 0.20166406 0.03902196 0.77587515
v 0.21545015 0.04811191 0.78547226
v 0.21065276 0.03604034 0.78213241
v 0.20776330 0.03568150 0.78307290
v 0.21087569 0.04970682 0.79329349
v 0.21190825 0.03383816 0.79175282
v 0.20431165 0.04279867 0.79023506
v 0.21081014 0.03426623 0.78975846
v 0.21303089 0.03456768 0.78671347
v 0.21918863 0.04758362 0.79180728
v 0.21428509 0.03382655 0.78901006
v 0.21190825 0.03383816 0.79175282
v 0.20604578 0.04208719 0.79451252
v 0.20984199 0.03465014 0.78766342
v 0.21679683 0.03670223 0.78626520
v 0.20951387 0.05000788 0.78895821
v 0.21116203 0.04159741 0.77312187
v 0.21020439 0.03895488 0.77497323
v 0.20971981 0.04969609 0.77433813
v 0.20719961 0.05114444 0.77556252
v 0.21240035 0.04455884 0.77349122
v 0.21158003 0.04756635 0.77399755
v 0.20534588 0.05124545 0.77781622
v 0.20514895 0.03687894 0.77654252
v 0.20744214 0.03708936 0.77550070
v 0.20115785 0.04771777 0.77887497
v 0.20048451 0.04468452 0.77877441
v 0.20227167 0.03880906 0.77771561
v 0.20514895 0.03687894 0.77654252
v 0.20665013 0.03766286 0.77379079
v 0.20048117 0.04821053 0.77728654
v 0.20457459 0.03746757 0.77463609
v 0.21040884 0.04174844 0.77137848
v 0.20939428 0.03922407 0.77322005
v 0.20646351 0.05152215 0.77381166
v 0.21159053 0.04482796 0.77173815
v 0.21071441 0.04803123 0.77228543
v 0.20469520 0.05147755 0.77645591
v 0.20121968 0.05224947 0.76889577
v 0.19957209 0.03926834 0.76366610
v 0.20171959 0.04098888 0.78253436
v 0.20299496 0.04077050 0.78572750
v 0.20565508 0.03978684 0.79193030
v 0.20823877 0.03971755 0.80240204
v 0.20877814 0.03747703 0.80054172
v 0.19427802 0.04324484 0.75683826
v 0.19346580 0.04296348 0.76254011
v 0.19871128 0.04426120 0.75401675
v 0.19736237 0.04421959 0.75427459
v 0.19736237 0.04421959 0.75427459
v 0.19581226 0.04242755 0.76891232
v 0.20805001 0.03850064 0.79855272
v 0.19803665 0.04145807 0.77340556
v 0.19908231 0.04150826 0.77500550
v 0.20387424 0.04020678 0.78792962
v 0.19994172 0.04176372 0.77663444
v 0.20662246 0.03932529 0.79397453
v 0.20466883 0.03986631 0.78979199
v 0.20084169 0.04175216 0.77833145
v 0.20831278 0.04727874 0.79908616
v 0.20795438 0.04786354 0.79412905
v 0.20951080 0.04662625 0.80277466
v 0.20903385 0.04682969 0.80094627
v 0.20152711 0.05095523 0.77527717
v 0.19847063 0.05089059 0.75609972
v 0.19479390 0.05020003 0.75671363
v 0.20731893 0.04818170 0.79195869
v 0.20674206 0.04853717 0.78989974
v 0.20402381 0.04959071 0.78223474
v 0.20282680 0.05032078 0.77859710
v 0.19732050 0.05145818 0.76254542
v 0.19625376 0.04918173 0.76943553
v 0.20523521 0.04885411 0.78571217
v 0.20614772 0.04866600 0.78784849
v 0.19731930 0.05154662 0.75834025
v 0.19940746 0.05042311 0.75560994
v 0.19786190 0.04974683 0.75463675
v 0.20226238 0.05049977 0.77697734
v 0.20077476 0.05118402 0.77358475
v 0.19979622 0.04898992 0.75457106
v 0.19982881 0.04683716 0.75395997
v 0.20335019 0.04627915 0.76119220
v 0.19948221 0.04444389 0.75440165
v 0.20220304 0.04994031 0.76002724
v 0.20273906 0.04860247 0.76104460
v 0.20109452 0.04200518 0.75792944
v 0.20101440 0.05007612 0.75797609
v 0.20038989 0.05004757 0.75684413
v 0.19999241 0.05079629 0.75672459
v 0.20008183 0.04980444 0.75569511
v 0.20201521 0.04253098 0.75982242
v 0.20020271 0.04273072 0.75598914
v 0.19898565 0.04286448 0.75495911
v 0.20304278 0.04355581 0.76095063
v 0.20084142 0.04649708 0.75632645
v 0.19987607 0.04336964 0.75501872
v 0.20053901 0.04672006 0.75548260
v 0.20154939 0.04622458 0.75774742
v 0.20234603 0.04603952 0.75971157
v 0.20199609 0.04960814 0.75986039
v 0.20922743 0.04982824 0.77261887
v 0.20384201 0.05178065 0.77448202
v 0.19967720 0.03917259 0.77245926
v 0.20760082 0.03980571 0.76948102
v 0.20254742 0.03788517 0.77115202
v 0.19889188 0.05160052 0.76925185
v 0.18505341 -0.04838991 0.81836035
v 0.18614318 -0.04787191 0.82137911
v 0.18210620 -0.04419565 0.82193457
v 0.19572331 -0.04341220 0.81371698
v 0.19835502 -0.03666116 0.81058909
v 0.19981739 -0.03584447 0.81287948
v 0.19105979 -0.04877440 0.81644623
v 0.19686814 -0.04331963 0.81666046
v 0.18293460 -0.03276420 0.82401771
v 0.18120975 -0.03342157 0.81983550
v 0.18019927 -0.03951496 0.82157718
v 0.19625515 -0.03248585 0.81122758
v 0.19687956 -0.03178539 0.81424898
v 0.18157436 -0.03894041 0.82528577
v 0.18019927 -0.03951496 0.82157718
v 0.19571933 -0.03977475 0.80244798
v 0.19280898 -0.04446213 0.80642205
v 0.19195477 -0.04505766 0.80469919
v 0.18255457 -0.04743469 0.81091672
v 0.18194539 -0.04726236 0.80904250
v 0.18756172 -0.04737944 0.80808010
v 0.17250332 -0.04463688 0.80072064
v 0.17304194 -0.04251203 0.80444799
v 0.17495276 -0.03833309 0.79975425
v 0.17704567 -0.04522368 0.80997607
v 0.17625692 -0.04582525 0.80707708
v 0.18822457 -0.04755112 0.80953239
v 0.17543492 -0.04670099 0.80421428
v 0.17518683 -0.04720368 0.80160877
v 0.18062600 -0.04751101 0.80570902
v 0.17594921 -0.04812028 0.80013135
v 0.17251733 -0.04686636 0.79718582
v 0.19145339 -0.04095737 0.79457295
v 0.19360869 -0.04320700 0.79809044
v 0.19245449 -0.04509285 0.79679743
v 0.17424924 -0.04921701 0.79478768
v 0.17251733 -0.04686636 0.79718582
v 0.17431062 -0.04487197 0.79226955
v 0.19121161 -0.04575273 0.80327629
v 0.19047941 -0.04642208 0.80205914
v 0.18490578 -0.04651864 0.78858708
v 0.18028712 -0.04719885 0.78871481
v 0.18032165 -0.04329716 0.78948086
v 0.18115784 -0.04730952 0.80724736
v 0.18621829 -0.04741797 0.80560182
v 0.18687686 -0.04745613 0.80686976
v 0.18567327 -0.04718668 0.80447090
v 0.18036816 -0.04768185 0.80465486
v 0.19202812 -0.04837943 0.81961286
v 0.19466233 -0.02839149 0.81909912
v 0.19444275 -0.03021820 0.81506539
v 0.18753200 -0.02955043 0.81758003
v 0.18560085 -0.04311378 0.79000794
v 0.18040697 -0.04004856 0.79225378
v 0.18981219 -0.04706496 0.80062545
v 0.17413652 -0.04153229 0.79525471
v 0.18982277 -0.04366688 0.79231969
v 0.19078970 -0.04706357 0.79629725
v 0.17250332 -0.04463688 0.80072064
v 0.18844685 -0.03698799 0.79662786
v 0.18143807 -0.03625969 0.79712849
v 0.18285800 -0.03365370 0.80221438
v 0.17460513 -0.04126637 0.80793649
v 0.19469427 -0.04141094 0.80006893
v 0.17460513 -0.04126637 0.80793649
v 0.17625124 -0.03584994 0.80498791
v 0.19252903 -0.03863271 0.79744975
v 0.19646054 -0.03862101 0.80448407
v 0.19371378 -0.04415861 0.80788524
v 0.18323273 -0.04771398 0.81275884
v 0.18457969 -0.03132802 0.80807335
v 0.18505648 -0.03070120 0.80968685
v 0.19156313 -0.03142003 0.80808093
v 0.19354294 -0.03623861 0.80103365
v 0.17762495 -0.03406567 0.80976023
v 0.17589573 -0.04047734 0.81128751
v 0.17682617 -0.04002637 0.81365284
v 0.17757518 -0.03989063 0.81560664
v 0.17682617 -0.04002637 0.81365284
v 0.17897654 -0.04465786 0.81436791
v 0.20129694 -0.03477763 0.81731699
v 0.17807554 -0.04489815 0.81243558
v 0.18907507 -0.04799930 0.81096713
v 0.19200565 -0.03083806 0.81003739
v 0.18739839 -0.04689858 0.82537952
v 0.18347703 -0.04348778 0.82545899
v 0.19821862 -0.04233831 0.82057089
v 0.19343227 -0.04739736 0.82310119
v 0.19859076 -0.03049842 0.81818514
v 0.17896848 -0.03324358 0.81364902
v 0.17839912 -0.03358573 0.81196280
v 0.18427674 -0.04821462 0.81611756
v 0.18081736 -0.04446278 0.81872744
v 0.19499028 -0.04368805 0.81119304
v 0.19775206 -0.03708084 0.80828569
v 0.19024561 -0.04873977 0.81405551
v 0.19589240 -0.03295222 0.80879125
v 0.17865483 -0.03962777 0.81811320
v 0.19254064 -0.03054066 0.81206651
v 0.18597632 -0.02968896 0.81391040
v 0.17992240 -0.03297024 0.81611916
v 0.17865483 -0.03962777 0.81811320
v 0.17984005 -0.04455851 0.81615237
v 0.18533901 -0.03015357 0.81194979
v 0.17757518 -0.03989063 0.81560664
v 0.18400895 -0.04769262 0.81434832
v 0.19438954 -0.04378257 0.80968713
v 0.19724474 -0.03768928 0.80654568
v 0.18966874 -0.04806402 0.81245163
v 0.19544988 -0.03353429 0.80683490
v 0.18719896 -0.03992721 0.79274799
v 0.17304194 -0.04251203 0.80444799
v 0.17560093 -0.04855918 0.79148823
v 0.19589240 -0.03295222 0.80879125
v 0.19544988 -0.03353429 0.80683490
v 0.18982277 -0.04366688 0.79231969
v 0.19625515 -0.03248585 0.81122758
v 0.19252903 -0.03863271 0.79744975
v 0.18968833 -0.03440466 0.80113958
v 0.19859076 -0.03049842 0.81818514
v 0.19687956 -0.03178539 0.81424898
v 0.19145339 -0.04095737 0.79457295
v 0.18798798 -0.04690749 0.79085639
v 0.19088227 -0.03241379 0.80564421
v 0.18069936 -0.04872352 0.79064376
v 0.18028712 -0.04719885 0.78871481
v 0.18490578 -0.04651864 0.78858708
v 0.18524598 -0.04689588 0.80366147
v 0.17709311 -0.04929575 0.79204403
v 0.18962027 -0.04665494 0.80045892
v 0.18946642 -0.04675605 0.79645658
v 0.17679237 -0.04836661 0.79927803
v 0.17424924 -0.04921701 0.79478768
v 0.18711103 -0.04788306 0.79194873
v 0.18798798 -0.04690749 0.79085639
v 0.18518814 -0.04789949 0.79029561
v 0.18021478 -0.04736031 0.80432956
v 0.17565135 -0.04917959 0.79445513
v 0.17560093 -0.04855918 0.79148823
v 0.18158077 -0.04938702 0.79285823
v 0.18297546 -0.04905360 0.79714088
v 0.19457441 -0.03441060 0.80439414
v 0.17589573 -0.04047734 0.81128751
v 0.19457441 -0.03441060 0.80439414
v 0.22056046 -0.02915137 0.79458546
v 0.21703471 -0.02987094 0.79898760
v 0.22185951 -0.01265310 0.79222816
v 0.21116546 -0.02051070 0.75454366
v 0.22454869 -0.01644813 0.78978502
v 0.20502017 -0.03725447 0.75521352
v 0.21930338 -0.00801830 0.79728151
v 0.21484004 -0.00932050 0.79552522
v 0.22212598 0.00826332 0.79648226
v 0.20726795 -0.01133302 0.74972491
v 0.20794277 0.00325585 0.74194578
v 0.22216016 0.00654162 0.78337789
v 0.20503252 -0.01134580 0.74008186
v 0.22066213 0.01153946 0.79736530
v 0.21756749 0.01180611 0.79483134
v 0.22792207 0.02684396 0.80194431
v 0.22424508 0.02780299 0.79047005
v 0.20791120 0.01664517 0.74662203
v 0.22304695 0.03359372 0.80231577
v 0.21825846 0.03173427 0.80276880
v 0.22302773 0.04529223 0.80710945
v 0.22044357 0.04664706 0.79965973
v 0.20858445 0.03949319 0.77146697
v 0.20911416 -0.02779838 0.79747122
v 0.19611208 -0.03700247 0.73040339
v 0.21274947 -0.01226477 0.78055483
v 0.21405557 -0.01120142 0.79384957
v 0.21499697 -0.01071413 0.79095047
v 0.21433448 -0.01206017 0.78616558
v 0.20261465 -0.01929931 0.75268134
v 0.20032611 -0.02552487 0.73061192
v 0.21101440 -0.01353885 0.77548808
v 0.20367322 -0.01847322 0.75572239
v 0.19897674 -0.02159944 0.74071636
v 0.20871909 -0.01458256 0.77063169
v 0.20669071 -0.01600014 0.76405206
v 0.21171829 -0.01294409 0.77755893
v 0.19886681 -0.02312573 0.73512276
v 0.20035090 -0.02667177 0.72965899
v 0.20324212 -0.01877328 0.75429014
v 0.20158050 -0.01954647 0.74984848
v 0.20994943 -0.01410955 0.77364109
v 0.19790684 -0.02909315 0.72790492
v 0.19602814 -0.03591883 0.72930480
v 0.19994952 -0.02039702 0.74561851
v 0.20725996 -0.00545939 0.79260847
v 0.19556176 -0.01055813 0.71603020
v 0.21232264 0.01010859 0.78026605
v 0.21171039 0.00931343 0.77046993
v 0.21294835 0.00982037 0.79029937
v 0.21260695 0.00996100 0.78401288
v 0.19952222 0.00539372 0.73920601
v 0.19835827 0.00157865 0.71844129
v 0.19688412 0.00102174 0.71630381
v 0.21040058 0.00914060 0.76577995
v 0.20098989 0.00601056 0.74334484
v 0.19712189 0.00378315 0.72680587
v 0.20210156 0.00695065 0.75048824
v 0.21117391 0.00935777 0.76803747
v 0.20473550 0.00746512 0.75669288
v 0.19786348 0.00307017 0.72236251
v 0.19891109 0.00009902 0.71776805
v 0.20037012 0.00550196 0.74130315
v 0.19891945 0.00496675 0.73706294
v 0.20863700 0.00859775 0.76199117
v 0.19716953 -0.00182252 0.71465810
v 0.19641486 -0.00824183 0.71463679
v 0.19797192 0.00438228 0.73303685
v 0.21068701 0.01397651 0.79201354
v 0.19803274 0.02104415 0.72192414
v 0.21643538 0.03082539 0.78708515
v 0.21554458 0.03136602 0.77978856
v 0.21543298 0.03027047 0.79522947
v 0.21635794 0.03072589 0.79017684
v 0.20318362 0.03209571 0.74895382
v 0.19981424 0.03122911 0.72559615
v 0.21408649 0.03204303 0.77524895
v 0.20830785 0.03185542 0.76153072
v 0.20557439 0.03223097 0.75331855
v 0.20016335 0.03244022 0.73511645
v 0.21220407 0.03209373 0.77125584
v 0.21502640 0.03175525 0.77705404
v 0.21297193 0.03216013 0.77304921
v 0.19919363 0.03225134 0.73034246
v 0.20088144 0.03010855 0.72460386
v 0.20440050 0.03209112 0.75084127
v 0.20026511 0.03129513 0.74770929
v 0.19875158 0.02750470 0.72125704
v 0.19803274 0.02104415 0.72192414
v 0.20157967 0.03233165 0.74202730
v 0.20946225 0.03656184 0.80218804
v 0.19815382 0.04238190 0.75571182
v 0.19847063 0.05089059 0.75609972
v 0.23234752 0.02446917 0.80293139
v 0.23170371 0.01905233 0.80074676
v 0.20253842 0.00339437 0.79920127
v 0.20216386 0.00438881 0.80588650
v 0.20433830 0.00905344 0.80593764
v 0.22814389 0.03904897 0.81169948
v 0.22791326 0.03396668 0.81158071
v 0.21209358 0.04765922 0.80996688
v 0.20947654 0.04603630 0.80554222
v 0.22592684 -0.02543587 0.80017823
v 0.22291298 -0.02702375 0.80072623
v 0.20880654 -0.02182093 0.80672211
v 0.20780954 -0.01869182 0.80389114
v 0.20695636 -0.02153076 0.80056513
v 0.22639786 0.04304915 0.81251052
v 0.22367646 0.04475336 0.81182134
v 0.20849485 0.03947100 0.80496738
v 0.20844101 0.03953753 0.80786714
v 0.20823859 0.04192216 0.80705499
v 0.20811427 0.04249535 0.80459514
v 0.20764203 0.02856682 0.80308209
v 0.20659572 0.02182299 0.80063381
v 0.20551274 0.02267487 0.80529268
v 0.21771724 -0.02924431 0.80221394
v 0.20342902 -0.00092742 0.80598639
v 0.22814770 -0.00591756 0.79889783
v 0.20652042 -0.01548142 0.80447367
v 0.20709980 -0.01598442 0.80183374
v 0.20867340 0.03472862 0.80740039
v 0.20948387 -0.02601840 0.80083901
v 0.21223833 -0.02921450 0.79996311
v 0.21253331 -0.02852352 0.80363573
v 0.20532871 0.01721320 0.80531564
v 0.23129044 0.00504384 0.79870126
v 0.23102035 -0.00043946 0.79731394
v 0.21253331 -0.02852352 0.80363573
v 0.21223833 -0.02921450 0.79996311
v 0.21727092 0.04830926 0.81030961
v 0.20657325 -0.00994958 0.80226590
v 0.22783712 0.01288195 0.80131247
v 0.22750955 -0.01369664 0.79965679
v 0.22786962 -0.01998384 0.79964479
v 0.20416559 0.01864978 0.81119780
v 0.20516716 0.02329797 0.81124683
v 0.20413291 0.00985452 0.81184459
v 0.20355000 0.00494694 0.81109619
v 0.20382966 0.00429750 0.81765458
v 0.20659526 0.03706904 0.81109713
v 0.20808660 0.04283907 0.81068135
v 0.21852123 0.04770133 0.81555058
v 0.21033224 0.04669920 0.81391427
v 0.21088720 0.04734853 0.81839627
v 0.20367703 -0.00104446 0.81100632
v 0.20643388 0.02932351 0.81082939
v 0.20453356 0.02495076 0.81625287
v 0.20449288 -0.00926317 0.81003822
v 0.20560902 -0.01539990 0.80889905
v 0.20497245 -0.01534855 0.81378278
v 0.20300590 -0.00920595 0.82167386
v 0.20423597 -0.00145322 0.82268800
v 0.20368120 -0.00072741 0.81701172
v 0.20351955 0.03396927 0.82102436
v 0.20494775 0.04212649 0.81899020
v 0.20548999 0.04053900 0.81527115
v 0.22969911 0.02728222 0.80718859
v 0.20324685 -0.00875375 0.81576315
v 0.20511999 -0.01656220 0.81878411
v 0.20384592 -0.01757440 0.82613615
v 0.20506540 0.01084027 0.81777212
v 0.20557039 0.00499912 0.82317789
v 0.22512834 -0.02526609 0.81812559
v 0.21793655 -0.02737767 0.81762685
v 0.21703583 -0.02824284 0.80935950
v 0.22668217 0.01153659 0.80310113
v 0.20366365 0.03547275 0.82951136
v 0.20498323 0.02633592 0.82342051
v 0.20614736 -0.00161941 0.83135498
v 0.20769171 0.00527733 0.83122548
v 0.20475036 0.03226551 0.81548444
v 0.20650158 0.01116497 0.82387177
v 0.23146369 0.03377795 0.83208013
v 0.23046604 0.03267814 0.82531482
v 0.22932195 0.03897043 0.82672284
v 0.23205840 0.00708951 0.81608612
v 0.23501164 0.00887092 0.82749962
v 0.23742403 0.00265987 0.82768048
v 0.22453857 0.04499698 0.82477269
v 0.22512723 0.04549190 0.83094666
v 0.23179043 0.01367595 0.81818652
v 0.23450329 0.01587692 0.82813279
v 0.23433606 0.01969525 0.82074903
v 0.22703081 0.04837086 0.85004127
v 0.22766953 0.05136482 0.86403543
v 0.23139118 0.04563496 0.86380742
v 0.23583632 0.02192100 0.82935513
v 0.23266108 0.02657810 0.82253471
v 0.23625321 0.03689759 0.86552231
v 0.23458714 0.03619038 0.85030498
v 0.23590939 -0.00325339 0.82793660
v 0.23277184 -0.00403012 0.81670291
v 0.23537106 0.00100879 0.81578739
v 0.23761325 -0.00213780 0.85827420
v 0.23556790 -0.01032597 0.86098126
v 0.23474340 -0.00993043 0.84492771
v 0.24013613 0.00569914 0.85704627
v 0.24018777 0.01229583 0.85594905
v 0.24184084 0.01310936 0.87048296
v 0.23925334 0.02453088 0.85371505
v 0.23953932 0.01818629 0.85472588
v 0.23712646 0.01741769 0.84055556
v 0.23114570 -0.01962821 0.86507564
v 0.23172358 -0.01830143 0.84778215
v 0.23149944 -0.01087313 0.81702882
v 0.22883217 -0.01245055 0.80723298
v 0.22969771 -0.00511411 0.80762115
v 0.22945658 0.00744547 0.80201830
v 0.24140297 0.01945644 0.86922642
v 0.23699378 0.03046068 0.85248972
v 0.23754335 0.02354347 0.84040376
v 0.23642313 -0.00275183 0.84312748
v 0.22944200 0.01208182 0.81055705
v 0.23150687 -0.01902110 0.81718411
v 0.23112173 -0.01883112 0.81069950
v 0.22926077 0.03744006 0.82262287
v 0.23365037 -0.01099167 0.82875976
v 0.23198615 0.02624361 0.81444434
v 0.22938490 0.03185548 0.81928579
v 0.21229599 -0.03025627 0.79639642
v 0.20918750 -0.01411790 0.79649609
v 0.20815075 -0.00897317 0.79919181
v 0.21242292 -0.00849540 0.79660113
v 0.21043057 0.00967875 0.79601904
v 0.20653241 0.00759030 0.79317346
v 0.21140994 -0.00793540 0.79676777
v 0.21052555 0.02919739 0.80035084
v 0.20963262 0.02744525 0.79485630
v 0.20917284 0.01537484 0.79871725
v 0.22696490 0.01906850 0.78935235
v 0.20690157 -0.00616063 0.79859887
v 0.22599285 0.00274016 0.78353157
v 0.21285178 0.01034285 0.79425578
v 0.21078617 -0.00839468 0.79146017
v 0.21100548 0.01336349 0.79622984
v 0.21296747 0.03113835 0.79939608
v 0.21340953 0.01118882 0.79441373
v 0.21432752 0.03192792 0.79941882
v 0.21407024 0.03201171 0.80103022
v 0.22361481 0.03763813 0.79965818
v 0.21340953 0.01118882 0.79441373
v 0.21258578 0.01214203 0.79120604
v 0.21034728 0.03391000 0.80515770
v 0.21839198 0.03226788 0.79991668
v 0.21282282 0.04834872 0.80262535
v 0.21407024 0.03201171 0.80103022
v 0.16564941 0.06739927 1.21530382
v 0.17099953 0.05190816 1.21437064
v 0.22006706 0.09617262 1.20576825
v 0.24253870 0.04231632 1.21573095
v 0.24320071 0.05728505 1.21302527
v 0.21047346 0.10068849 1.20505234
v 0.18983095 0.02526062 1.23168323
v 0.17947718 0.03708244 1.21303269
v 0.20055285 0.10237825 1.20631702
v 0.19054291 0.10170269 1.20898363
v 0.16926865 0.08734996 1.21466683
v 0.23670111 0.02917956 1.21690642
v 0.23478035 0.03080330 1.23383460
v 0.22563270 0.01986863 1.21726670
v 0.16619796 0.07903989 1.21529452
v 0.23931220 0.07355205 1.20990098
v 0.21442279 0.01653526 1.21605680
v 0.23025620 0.08730332 1.20786572
v 0.20607967 0.09611965 1.18870547
v 0.17230045 0.04875372 1.19937191
v 0.17438908 0.08345936 1.20017315
v 0.17408898 0.09330313 1.21386370
v 0.24414526 0.03709805 1.19832826
v 0.22748875 0.01725083 1.19901816
v 0.23823090 0.02501336 1.19900798
v 0.17024403 0.07534077 1.20111563
v 0.24282914 0.06795480 1.19295321
v 0.21579165 0.01470095 1.19819921
v 0.16872660 0.06394050 1.20091784
v 0.23422642 0.08162454 1.19078900
v 0.22483224 0.08985537 1.18882335
v 0.24567356 0.05183711 1.19626145
v 0.21546538 0.09415036 1.18787257
v 0.19015675 0.02496730 1.21286566
v 0.18009509 0.03476830 1.19740073
v 0.19623073 0.09525338 1.19189197
v 0.17830591 0.08099176 1.18868965
v 0.17956382 0.08931461 1.19889187
v 0.24580688 0.03314849 1.18437406
v 0.22899401 0.01518209 1.18481226
v 0.23964071 0.02207844 1.18469803
v 0.17365390 0.07280681 1.18985393
v 0.24560773 0.06372843 1.18015588
v 0.21713397 0.01362316 1.18369999
v 0.17136211 0.06131955 1.19006567
v 0.23740890 0.07733087 1.17815227
v 0.17360636 0.04679643 1.18839157
v 0.22830684 0.08586978 1.17594887
v 0.24789068 0.04774168 1.18272221
v 0.21906866 0.09062473 1.17461933
v 0.19039779 0.02388061 1.19653352
v 0.18063381 0.03327013 1.18579370
v 0.21025871 0.09313560 1.17517918
v 0.20032657 0.09158165 1.17844470
v 0.18140825 0.07791976 1.17954125
v 0.17646842 0.06983820 1.18027663
v 0.24767100 0.05928118 1.16808552
v 0.21744417 0.01215503 1.16686368
v 0.22960440 0.01302435 1.16745695
v 0.17368593 0.05884210 1.17943909
v 0.24021738 0.07261583 1.16730841
v 0.17469483 0.04467362 1.17658033
v 0.23132925 0.08195775 1.16625923
v 0.24964722 0.04339975 1.16838736
v 0.22226154 0.08764156 1.16645603
v 0.19083223 0.02369145 1.18365262
v 0.18083352 0.03227409 1.17276327
v 0.21305085 0.09110277 1.16767333
v 0.20386430 0.08984850 1.17003634
v 0.18395213 0.08629421 1.18671847
v 0.24668375 0.02907198 1.16830468
v 0.23989465 0.01885571 1.16797971
v 0.18409409 0.07657075 1.16613482
v 0.18773869 0.08319626 1.17706313
v 0.24737929 0.02755472 1.15216944
v 0.22959957 0.01212974 1.15032632
v 0.23996977 0.01760452 1.15066247
v 0.17873394 0.06880768 1.16721654
v 0.24910143 0.05713629 1.15445540
v 0.21733443 0.01193627 1.15073397
v 0.17532760 0.05871083 1.16640124
v 0.24239025 0.07031365 1.15486294
v 0.17513029 0.04551310 1.16243475
v 0.23366218 0.07980317 1.15511741
v 0.25088173 0.04150477 1.15340711
v 0.22500801 0.08617051 1.15567636
v 0.19115432 0.02331468 1.16930748
v 0.18048721 0.03382825 1.15820550
v 0.21519789 0.09021414 1.15753055
v 0.20660139 0.08889877 1.15960201
v 0.17969176 0.06728151 1.14888997
v 0.25068887 0.05666754 1.13549196
v 0.21836180 0.01114864 1.13733120
v 0.17612358 0.05815021 1.14858636
v 0.24425835 0.06969526 1.13587913
v 0.17539731 0.04684142 1.14581206
v 0.23544152 0.07871410 1.13635452
v 0.25223034 0.04149486 1.13518547
v 0.22626101 0.08481613 1.13730430
v 0.19101838 0.02397513 1.15447300
v 0.18064476 0.03442075 1.14305912
v 0.21637474 0.08832172 1.13926253
v 0.20803850 0.08688050 1.14147699
v 0.18519993 0.07431168 1.14751217
v 0.19072991 0.08232074 1.16431406
v 0.24874232 0.02806764 1.13517064
v 0.23071459 0.01231376 1.13576114
v 0.17867720 0.06501870 1.12386534
v 0.17548543 0.05588318 1.12409755
v 0.25097122 0.05830467 1.10980432
v 0.24481108 0.07093592 1.10983033
v 0.17470904 0.04533733 1.12373174
v 0.23611858 0.07939724 1.11028259
v 0.24923384 0.03006415 1.11222123
v 0.25265487 0.04363789 1.11039394
v 0.22663556 0.08517956 1.11182664
v 0.19074876 0.02333853 1.14086602
v 0.18017653 0.03299857 1.12190633
v 0.21702246 0.08728040 1.11405781
v 0.20823711 0.08687762 1.11685713
v 0.18379317 0.07301363 1.12269175
v 0.19208169 0.08013063 1.14598384
v 0.24162210 0.01972385 1.11334191
v 0.24091923 0.01822940 1.13481224
v 0.23170288 0.01275705 1.11630094
v 0.21945222 0.01054845 1.11804190
v 0.17659647 0.04913004 1.09205165
v 0.17629582 0.03896219 1.09208143
v 0.23638978 0.07624777 1.07852823
v 0.24945391 0.02906916 1.08433042
v 0.25231244 0.04235217 1.08119119
v 0.22719051 0.08136149 1.07986807
v 0.18975574 0.02188442 1.12030650
v 0.18145421 0.02839166 1.09164035
v 0.21728624 0.08260864 1.08267668
v 0.20843859 0.08194741 1.08488285
v 0.18417255 0.06765230 1.09034888
v 0.19112016 0.07965187 1.12118024
v 0.24237780 0.01901891 1.08740457
v 0.23264009 0.01207341 1.09080103
v 0.17937830 0.05959298 1.09158932
v 0.25036661 0.05556292 1.07930070
v 0.22066715 0.00976862 1.09201634
v 0.24464052 0.06793720 1.07789689
v 0.24889467 0.02763868 1.04894849
v 0.25128061 0.03909722 1.04568020
v 0.22828622 0.07534558 1.04487143
v 0.19071738 0.01904564 1.09158556
v 0.18610957 0.02429008 1.05722315
v 0.21852438 0.07585899 1.04757800
v 0.20991590 0.07487429 1.04974044
v 0.18170083 0.03411731 1.05721197
v 0.18697092 0.06047336 1.05493906
v 0.19106667 0.07474302 1.08903406
v 0.24222868 0.01816021 1.05279145
v 0.23309421 0.01207911 1.05605233
v 0.18305131 0.05276016 1.05643120
v 0.24964378 0.05049495 1.04390770
v 0.22164549 0.00988258 1.05755930
v 0.18108588 0.04341004 1.05687493
v 0.24460189 0.06094842 1.04290490
v 0.23702628 0.06935717 1.04335063
v 0.22280564 0.06826272 1.01056669
v 0.21348204 0.06722345 1.01237715
v 0.18801435 0.02824827 1.02227211
v 0.19135683 0.05343821 1.01809300
v 0.19310833 0.06777942 1.05321770
v 0.24108525 0.01575992 1.01529081
v 0.24709879 0.02407110 1.01217106
v 0.23272876 0.00961483 1.01874571
v 0.18823683 0.04539068 1.02031577
v 0.24928713 0.04406772 1.00815354
v 0.22239627 0.00774271 1.02099637
v 0.18668160 0.03661231 1.02152843
v 0.24493903 0.05347485 1.00744594
v 0.23875178 0.06131291 1.00827142
v 0.24989789 0.03370518 1.00966881
v 0.23127911 0.06628914 1.00903836
v 0.19486828 0.01616275 1.05741718
v 0.19212765 0.01981268 1.02259432
v 0.19639034 0.04773741 0.98572955
v 0.19708856 0.05987108 1.01490551
v 0.23985353 0.01302723 0.98562097
v 0.24494053 0.02076462 0.98305088
v 0.23269943 0.00758592 0.98848260
v 0.19339950 0.03990539 0.98843988
v 0.24782449 0.03811744 0.97932768
v 0.22373403 0.00503659 0.98982332
v 0.19231715 0.03158037 0.99026340
v 0.24538376 0.04588627 0.97869810
v 0.19407730 0.02291433 0.99123831
v 0.24103807 0.05232473 0.97847164
v 0.24740165 0.02958849 0.98074919
v 0.23517477 0.05717447 0.97833971
v 0.19955064 0.01301146 1.02262675
v 0.19786525 0.01541724 0.99170905
v 0.22783340 0.05986394 0.97782347
v 0.21886161 0.06020789 0.97863036
v 0.19744353 0.03551398 0.96183035
v 0.24591264 0.03256026 0.95574216
v 0.22544728 0.00166647 0.96419147
v 0.19685152 0.02676848 0.96372715
v 0.24526854 0.03965147 0.95497246
v 0.19905734 0.01802728 0.96493605
v 0.24261391 0.04564990 0.95443951
v 0.24238001 0.01743080 0.95879694
v 0.24486001 0.02511004 0.95697706
v 0.23793692 0.05032876 0.95398183
v 0.20424767 0.00949994 0.99153915
v 0.20288317 0.01113437 0.96567708
v 0.23115636 0.05358005 0.95375714
v 0.22304974 0.05481181 0.95293819
v 0.20017013 0.04344258 0.95932335
v 0.20170370 0.05382450 0.98241577
v 0.23841156 0.01036428 0.96114599
v 0.23254631 0.00501168 0.96330943
v 0.20022026 0.03111661 0.94201818
v 0.20097290 0.02198337 0.94396711
v 0.24379187 0.03471600 0.93736091
v 0.20373069 0.01364717 0.94532554
v 0.24225552 0.04058924 0.93663394
v 0.24249089 0.02133714 0.93927918
v 0.23844064 0.04523716 0.93599794
v 0.20848873 0.00543184 0.96558233
v 0.20745597 0.00721640 0.94621035
v 0.23227937 0.04870192 0.93555687
v 0.22498109 0.05024419 0.93498961
v 0.20190444 0.03937067 0.94002387
v 0.20538219 0.04942086 0.95665032
v 0.23685431 0.00802590 0.94232278
v 0.24021118 0.01439158 0.94077220
v 0.23213880 0.00283309 0.94392250
v 0.24380554 0.02812475 0.93838043
v 0.22573400 -0.00084689 0.94480643
v 0.20299691 0.01850677 0.93017462
v 0.20601561 0.01079545 0.93125401
v 0.24033326 0.03754470 0.92180577
v 0.23955332 0.01235892 0.92583308
v 0.24128570 0.01847755 0.92479275
v 0.23722804 0.04202189 0.92120907
v 0.21201763 0.00232858 0.94602374
v 0.20967301 0.00505574 0.93197125
v 0.23225402 0.04568798 0.92102733
v 0.22631672 0.04772740 0.92044269
v 0.20330888 0.03634838 0.92643830
v 0.20681475 0.04558604 0.93747602
v 0.23667084 0.00613392 0.92723384
v 0.23255847 0.00106955 0.92868757
v 0.20189739 0.02763425 0.92863865
v 0.24229041 0.02541354 0.92377584
v 0.22730258 -0.00251574 0.92913092
v 0.24201550 0.03203191 0.92278665
v 0.23960449 0.01085688 0.91419517
v 0.24075657 0.01700412 0.91311859
v 0.23859494 0.03559904 0.91016869
v 0.23588237 0.04012033 0.90966662
v 0.21446856 -0.00089720 0.92141367
v 0.21001506 0.00338020 0.92190168
v 0.21021497 0.00145966 0.91444315
v 0.23169684 0.04416004 0.90984566
v 0.23118153 0.04380580 0.90039542
v 0.22654048 0.04703850 0.90188490
v 0.20653148 0.00848098 0.92173477
v 0.20700017 0.00690755 0.91519121
v 0.20347999 0.03435876 0.91796380
v 0.20795568 0.04310577 0.92375332
v 0.23719544 0.00483753 0.91544939
v 0.23305726 -0.00040714 0.91681091
v 0.23397396 -0.00256228 0.90757513
v 0.20248317 0.02516295 0.91998352
v 0.24103113 0.02375045 0.91204717
v 0.22708132 -0.00391135 0.91808489
v 0.22832532 -0.00680747 0.90945411
v 0.20383366 0.01570159 0.92120553
v 0.24021544 0.03012154 0.91104387
v 0.23341045 0.01828795 0.81552938
v 0.23473411 0.00070490 0.81159350
v 0.23176202 0.00628588 0.80792005
v 0.23288976 0.01914642 0.80927173
v 0.23384388 -0.00001692 0.80592308
v 0.22671411 0.04154844 0.81642753
v 0.22416031 -0.00715186 0.80165127
v 0.22453152 -0.01182065 0.80099104
v 0.22866060 0.03812901 0.81834884
v 0.22893960 0.03490140 0.81685471
v 0.22729600 0.03194203 0.81023468
v 0.23310109 0.02267176 0.80854708
v 0.22488768 0.04409557 0.81956172
v 0.20622841 0.01804373 0.82417101
v 0.20826682 0.01756817 0.83084871
v 0.20606713 0.02514568 0.83077970
v 0.23397396 -0.00256228 0.90757513
v 0.22832532 -0.00680747 0.90945411
v 0.22846654 -0.01087048 0.90084984
v 0.23801307 0.00331296 0.90588780
v 0.23461666 -0.00582027 0.89861302
v 0.18479604 -0.04225864 0.82954966
v 0.20284184 -0.03293319 0.82198859
v 0.18426540 -0.03170610 0.82896730
v 0.19024404 -0.02658135 0.82636361
v 0.18869476 -0.02829233 0.82150783
v 0.19628328 -0.02649485 0.82376015
v 0.19495295 -0.04612636 0.82721749
v 0.20053371 -0.04164454 0.82509329
v 0.20002955 -0.02863067 0.82298403
v 0.18883300 -0.04593490 0.82899414
v 0.18157436 -0.03894041 0.82528577
v 0.18306171 -0.03794368 0.82943820
v 0.19009612 -0.04405118 0.83346667
v 0.18620501 -0.04065877 0.83367260
v 0.18415547 -0.03657862 0.83339832
v 0.20392706 -0.03134436 0.82622852
v 0.20002955 -0.02863067 0.82298403
v 0.18306171 -0.03794368 0.82943820
v 0.18483623 -0.03100611 0.83241069
v 0.19131217 -0.02536377 0.82942149
v 0.19723582 -0.02534307 0.82738777
v 0.20129666 -0.02675098 0.82692190
v 0.19668560 -0.04455851 0.83187149
v 0.20241372 -0.03964217 0.82888865
v 0.20409447 -0.03857106 0.83292388
v 0.19804258 -0.04338546 0.83676346
v 0.19080363 -0.04235548 0.83790938
v 0.18707788 -0.03929138 0.83768624
v 0.18475964 -0.03560454 0.83680552
v 0.20521125 -0.02930689 0.82924633
v 0.20129666 -0.02675098 0.82692190
v 0.18415547 -0.03657862 0.83339832
v 0.18540345 -0.03020539 0.83470999
v 0.19179200 -0.02465051 0.83171719
v 0.19832513 -0.02404281 0.82995466
v 0.20243396 -0.02566250 0.82997546
v 0.18627168 -0.02878638 0.83724051
v 0.19250583 -0.02371052 0.83382252
v 0.19874378 -0.02315157 0.83256985
v 0.20328650 -0.02447929 0.83260842
v 0.20589564 -0.03740367 0.83689080
v 0.19964822 -0.04252586 0.84189047
v 0.20655821 -0.02786532 0.83205013
v 0.19206915 -0.04112691 0.84242204
v 0.18793256 -0.03810895 0.84147281
v 0.18560976 -0.03409204 0.83975449
v 0.20243396 -0.02566250 0.82997546
v 0.18560976 -0.03409204 0.83975449
v 0.18656693 -0.03179449 0.84326982
v 0.18660639 -0.02814693 0.83972831
v 0.20440143 -0.02302490 0.83483263
v 0.20850089 -0.02745697 0.83512633
v 0.18846783 -0.03624409 0.84632261
v 0.18656693 -0.03179449 0.84326982
v 0.19332123 -0.02249272 0.83645222
v 0.19924164 -0.02230124 0.83566226
v 0.20440143 -0.02302490 0.83483263
v 0.20840609 -0.03583444 0.84051583
v 0.20236702 -0.04162523 0.84703614
v 0.19340720 -0.04010631 0.84804635
v 0.20274445 -0.04104975 0.85393249
v 0.19507255 -0.03921859 0.85534599
v 0.18966001 -0.03301118 0.85285105
v 0.18736209 -0.02712746 0.84862097
v 0.20741271 -0.02235973 0.83544682
v 0.21266730 -0.02610690 0.83766604
v 0.18736209 -0.02712746 0.84862097
v 0.19037095 -0.02152020 0.84389126
v 0.19569880 -0.02061436 0.84061993
v 0.20156908 -0.02019685 0.83736697
v 0.20741271 -0.02235973 0.83544682
v 0.21042100 -0.03568235 0.84592940
v 0.19536186 -0.03727294 0.86367781
v 0.18773006 -0.02135766 0.85524648
v 0.19307025 -0.01010349 0.85483374
v 0.19500467 -0.00288166 0.85945338
v 0.20306738 -0.00089299 0.84449288
v 0.18835345 -0.01393532 0.86344836
v 0.19038368 -0.00728248 0.87151648
v 0.19004747 -0.02055535 0.87023619
v 0.19155830 -0.01110812 0.87954381
v 0.19038368 -0.00728248 0.87151648
v 0.19783358 0.00341871 0.86272166
v 0.20579713 0.00448399 0.84618547
v 0.20105785 0.00988523 0.86393073
v 0.20869030 0.01037180 0.84615614
v 0.20423049 0.01693981 0.86367045
v 0.20873458 -0.03546573 0.87540964
v 0.22252421 -0.02953130 0.87136473
v 0.22080364 -0.02637951 0.88411679
v 0.20835586 0.01687208 0.84574733
v 0.20247584 0.02610985 0.86123384
v 0.20616240 0.02535985 0.84536923
v 0.20198383 0.03726452 0.85606754
v 0.20018720 0.03821235 0.86916272
v 0.20339319 0.04634467 0.86101054
v 0.20381389 0.03620819 0.84285968
v 0.20460106 0.04909961 0.84819472
v 0.21140994 -0.00793540 0.79676777
v 0.20469632 -0.00346983 0.80192898
v 0.20554820 -0.00983154 0.80615297
v 0.20468564 -0.01727706 0.83148946
v 0.20173184 -0.00875734 0.84091258
v 0.20499167 -0.00864223 0.83027758
v 0.19176657 -0.01697195 0.84958968
v 0.20711104 0.00910939 0.79900425
v 0.21217019 0.03346748 0.80328320
v 0.20686806 0.02890153 0.80547022
v 0.20467348 0.01829088 0.81768346
v 0.23352614 0.02795634 0.83086310
v 0.22986939 -0.01909537 0.80521824
v 0.22896310 -0.01490741 0.80377409
v 0.22563260 -0.02513354 0.80826074
v 0.22751623 -0.02316607 0.80468912
v 0.23294008 0.00351468 0.80361149
v 0.21941081 0.04784079 0.82176517
v 0.19832308 -0.01567894 0.84249332
v 0.23054320 0.04127947 0.83911634
v 0.23110651 0.04363456 0.84978902
v 0.23922373 -0.00153790 0.87305256
v 0.23593186 -0.01005628 0.87577124
v 0.23498285 0.02926856 0.84011249
v 0.23274920 0.03519333 0.83956516
v 0.23846264 0.03160101 0.86661621
v 0.24035388 0.02584880 0.86791868
v 0.23027338 -0.01960181 0.87941680
v 0.23873625 0.00445163 0.84214632
v 0.23768763 0.01088466 0.84128979
v 0.24131440 0.00630980 0.87163264
v 0.20553659 0.04515470 0.82577516
v 0.19950849 0.02780017 0.87597690
v 0.20014051 0.01740573 0.87934447
v 0.20343162 -0.01678389 0.83652582
v 0.20978860 -0.02243195 0.83129521
v 0.20978860 -0.02243195 0.83129521
v 0.21502045 -0.03356799 0.85163103
v 0.20545470 -0.03957188 0.86274718
v 0.21895344 0.05203883 0.84955338
v 0.21078767 0.05177502 0.84826163
v 0.20764037 0.05199329 0.86489822
v 0.21967403 0.05010722 0.83881671
v 0.21266172 0.05164523 0.83866740
v 0.21975287 0.04826400 0.82840419
v 0.19522119 -0.03076991 0.87679308
v 0.21033177 -0.02807358 0.88603014
v 0.23905893 -0.00055313 0.88585592
v 0.24119610 0.00708143 0.88442599
v 0.24086092 0.00822740 0.89505512
v 0.24197994 0.01389732 0.88319806
v 0.24164883 0.01491363 0.89388884
v 0.24161122 0.02032581 0.88204401
v 0.24126863 0.02131179 0.89269992
v 0.24050809 0.02667058 0.88076505
v 0.24020420 0.02752844 0.89157653
v 0.23861732 0.03266148 0.87980547
v 0.23824418 0.03343992 0.89051247
v 0.22040131 -0.00214760 0.93039654
v 0.21402790 0.00072565 0.93167738
v 0.21870813 -0.00090030 0.94547308
v 0.21405084 0.00577840 0.99108413
v 0.06512509 0.02321960 1.47689421
v 0.05594592 0.01866837 1.48755600
v 0.05062610 0.01384198 1.49854463
v 0.04385293 0.00815169 1.52274943
v 0.04203372 0.00565183 1.53595253
v 0.04280359 0.00175818 1.54587716
v 0.04796585 -0.00958758 1.55413786
v 0.05055648 -0.02431149 1.55804126
v 0.05652170 -0.02523239 1.56675600
v 0.05061160 -0.03795464 1.56459167
v 0.02253705 -0.09192365 1.62612633
v 0.02589195 -0.09015181 1.62566854
v 0.04262422 -0.05990270 1.58410201
v 0.04084890 -0.06129098 1.58319307
v 0.04060656 -0.06143025 1.58598498
v 0.03927929 -0.06234946 1.58729692
v 0.03898470 -0.06235066 1.58784569
v 0.03868225 -0.06226506 1.58829607
v 0.03833172 -0.06172987 1.58853282
v 0.03714839 -0.05894367 1.58889398
v 0.03819752 -0.06069099 1.58893482
v 0.03788571 -0.05885573 1.58891258
v 0.04081924 -0.05439918 1.58875375
v 0.04076522 -0.05357404 1.58702961
v 0.03928078 -0.05517373 1.58670088
v 0.04087447 -0.05268984 1.58595896
v 0.04145070 -0.05017456 1.58462477
v 0.04356880 -0.04371665 1.58506950
v 0.04122645 -0.01548313 1.57798327
v 0.04562842 -0.03171083 1.58752072
v 0.04244984 0.00686765 1.59042408
v 0.03482861 0.02951887 1.59260324
v 0.02636546 0.03211857 1.59320304
v 0.03802258 0.02508530 1.60896505
v 0.04525387 -0.01599992 1.62010875
v 0.04876461 -0.01482019 1.61271149
v 0.04484876 -0.03497828 1.61838827
v 0.04311052 -0.04712940 1.61139590
v 0.04066162 -0.05497280 1.60115649
v 0.03990703 -0.05566787 1.59735713
v 0.03699404 -0.05877273 1.59046028
v 0.03796806 -0.05965777 1.58942693
v 0.03771006 -0.06145615 1.58961354
v 0.03832502 -0.06193720 1.58975466
v 0.03872315 -0.06216413 1.58987354
v 0.03982076 -0.06179848 1.58914369
v 0.03920562 -0.06229329 1.58989678
v 0.04075377 -0.06192754 1.58983270
v 0.04235012 -0.06140073 1.59078525
v 0.04401691 -0.06067873 1.59172861
v 0.02847471 -0.08735773 1.62503532
v 0.02873792 -0.08676349 1.62659154
v 0.03098598 -0.08263190 1.62549775
v 0.19188950 0.02504185 1.30247309
v 0.19844286 0.01928184 1.25284254
v 0.20242199 0.01814218 1.21434474
v 0.23639656 0.03845221 0.87999894
v 0.23540717 0.03886567 0.89001704
v 0.23090187 0.04553617 0.88003182
v 0.04662812 0.01040922 1.50987030
v 0.03899007 -0.00395723 1.54245103
v 0.04582710 -0.00363149 1.55149450
v 0.04582710 -0.00363149 1.55149450
v 0.04950580 -0.01660497 1.55589177
v 0.05097586 -0.03158131 1.56088983
v 0.02787182 -0.08750878 1.62372160
v 0.03322945 -0.07561031 1.62572798
v 0.03416700 -0.06979082 1.62412361
v 0.04363770 -0.05865889 1.58257556
v 0.04502304 -0.05825343 1.58501660
v 0.04137637 -0.06100760 1.58682341
v 0.03981489 -0.06203377 1.58683083
v 0.03788571 -0.05885573 1.58891258
v 0.03842149 -0.05695345 1.58835639
v 0.04501601 -0.01428774 1.58873891
v 0.02717639 0.03237625 1.60047223
v 0.02885680 0.03265600 1.59567285
v 0.02717639 0.03237625 1.60047223
v 0.04339304 0.00600342 1.61590651
v 0.04181689 -0.05314099 1.60592798
v 0.03958561 -0.05611336 1.59374251
v 0.03717462 -0.06018505 1.58998865
v 0.03717462 -0.06018505 1.58998865
v 0.03993692 -0.06219476 1.59010100
v 0.04139292 -0.06184009 1.59003503
v 0.07564536 -0.02080572 1.66082578
v 0.07651518 -0.01616246 1.66003095
v 0.07583547 -0.01846974 1.66805037
v 0.07515846 -0.02295986 1.66791202
v 0.07407957 -0.02352435 1.67609757
v 0.07345813 -0.02742800 1.67471877
v 0.07107393 -0.03205131 1.68337230
v 0.06424670 -0.04386214 1.68717442
v 0.06519554 -0.04074539 1.69037774
v 0.05795905 -0.04867097 1.69571184
v 0.05738731 -0.05161260 1.69158099
v 0.05027517 -0.05562581 1.69939520
v 0.04977039 -0.05822010 1.69468867
v 0.04111045 -0.06003650 1.70158177
v 0.03171882 -0.06327210 1.70350745
v 0.03147565 -0.06544197 1.69757532
v 0.02250639 -0.06467048 1.70449719
v 0.02242582 -0.06663424 1.69855864
v 0.19655282 0.02171993 1.27833792
v 0.20113130 0.01790310 1.23196924
v 0.23529120 -0.00837161 0.88810995
v 0.21674104 0.00206461 0.96506333
v 0.22627438 0.04881000 0.89232089
v 0.22654048 0.04703850 0.90188490
v 0.23118153 0.04380580 0.90039542
v 0.22076408 -0.00364532 0.91992701
v 0.22101069 -0.00595321 0.91145501
v 0.17047885 0.10541515 1.27754320
v 0.17392817 0.10268495 1.25258266
v 0.17669423 0.10036479 1.23142423
v 0.18129545 0.09823218 1.21213670
v 0.18670872 0.09328204 1.19656783
v 0.19099221 0.08939995 1.18368693
v 0.19500262 0.08697834 1.17390442
v 0.19819003 0.08635104 1.16256381
v 0.19980598 0.08445817 1.14408970
v 0.19971981 0.08455463 1.11896855
v 0.19934480 0.07971031 1.08675563
v 0.20109955 0.07254101 1.05108769
v 0.20420849 0.06473889 1.01332981
v 0.20947794 0.05826222 0.98011597
v 0.21371333 0.05339527 0.95431887
v 0.21579305 0.04930393 0.93527374
v 0.21744929 0.04693351 0.92103911
v 0.21791028 0.04624113 0.91198397
v 0.21610048 0.04781473 0.89686603
v 0.21706583 0.04627151 0.90447757
v 0.20815911 -0.02280125 0.81142675
v 0.23034932 0.01585250 0.80752452
v 0.23112406 -0.00346624 0.80413044
v 0.20862131 0.04406800 0.80900138
v 0.21025258 -0.02523792 0.81747233
v 0.21207046 -0.02729924 0.81030164
v 0.21207046 -0.02729924 0.81030164
v 0.21025258 -0.02523792 0.81747233
v 0.21974172 -0.02332712 0.83045428
v 0.21655311 -0.02415853 0.83567693
v 0.21876709 -0.03145086 0.85434463
v 0.22608700 -0.02450430 0.85172545
v 0.22614132 0.05090797 0.88217627
v 0.21395779 0.05246878 0.87216603
v 0.21621421 0.04938828 0.88871877
v 0.23158189 -0.01860327 0.82928856
v 0.22570484 -0.02424220 0.83036469
v 0.20526874 0.04821612 0.83907715
v 0.20309672 0.04075997 0.88634708
v 0.20831018 0.04051802 0.89661992
v 0.21621421 0.04938828 0.88871877
v 0.20239172 0.02899528 0.89222918
v 0.20487812 0.03052178 0.90058276
v 0.20367200 0.02081405 0.90183449
v 0.20395241 0.01089987 0.90248442
v 0.20214233 0.01887203 0.89415542
v 0.20451192 0.00130398 0.90148295
v 0.20054867 0.00759971 0.89543477
v 0.20579370 -0.00868772 0.89873062
v 0.19882558 -0.00019767 0.89337128
v 0.21301483 -0.01692352 0.89638538
v 0.19651337 -0.01910450 0.88720821
v 0.22093112 -0.02008904 0.89482877
v 0.21395779 0.05246878 0.87216603
v 0.20764037 0.05199329 0.86489822
v 0.20101951 0.04055881 0.87837260
v 0.20029519 0.02807190 0.88603003
v 0.20339319 0.04634467 0.86101054
v 0.20018720 0.03821235 0.86916272
v 0.19733118 0.00836160 0.88006126
v 0.19401981 0.00069284 0.87733411
v 0.19950849 0.02780017 0.87597690
v 0.20014051 0.01740573 0.87934447
v 0.20048359 0.01729937 0.88888065
v 0.19733118 0.00836160 0.88006126
v 0.19401981 0.00069284 0.87733411
v 0.19447896 -0.00102360 0.88658926
v 0.19783656 0.00725078 0.88922554
v 0.21207186 0.04953515 0.82527758
v 0.22991451 0.03981385 0.83245562
v 0.20828938 0.01046040 0.83094274
v 0.20768827 -0.02223892 0.81536059
v 0.21012212 -0.02489513 0.82471242
v 0.16960550 0.11015715 1.30568659
v 0.16370078 0.09995542 1.27902317
v 0.16699162 0.09730840 1.25416843
v 0.16996158 0.09500673 1.23297392
v 0.17408898 0.09330313 1.21386370
v 0.17956382 0.08931461 1.19889187
v 0.18395213 0.08629421 1.18671847
v 0.18773869 0.08319626 1.17706313
v 0.19072991 0.08232074 1.16431406
v 0.19208169 0.08013063 1.14598384
v 0.19112016 0.07965187 1.12118024
v 0.19106667 0.07474302 1.08903406
v 0.19310833 0.06777942 1.05321770
v 0.19708856 0.05987108 1.01490551
v 0.20170370 0.05382450 0.98241577
v 0.20538219 0.04942086 0.95665032
v 0.20681475 0.04558604 0.93747602
v 0.20795568 0.04310577 0.92375332
v 0.20767946 0.04224171 0.91496470
v 0.22931564 -0.01506143 0.89119157
v 0.22612954 0.04684087 0.83871632
v 0.20886514 0.01103148 1.05799384
v 0.20441554 0.01377628 1.11972707
v 0.20370210 0.01667400 1.15239136
v 0.20384211 0.01679260 1.16750432
v 0.20386068 0.01704126 1.18282902
v 0.20313498 0.01716488 1.19712678
v 0.21198949 0.00865608 1.02254971
v 0.20609852 0.01231862 1.09221790
v 0.20406913 0.01535310 1.13901183
v 0.21012212 -0.02489513 0.82471242
v 0.18773006 -0.02135766 0.85524648
v 0.18835345 -0.01393532 0.86344836
v 0.19006780 -0.02844311 0.86059979
v 0.22101069 -0.00595321 0.91145501
v 0.21483289 -0.00273096 0.91312535
v 0.21426634 -0.00898336 0.90435001
v 0.21021497 0.00145966 0.91444315
v 0.20905557 -0.00278160 0.90615433
v 0.20700017 0.00690755 0.91519121
v 0.20649693 0.00465169 0.90860140
v 0.20472779 0.01285351 0.90872581
v 0.20392196 0.02194269 0.90786463
v 0.20901434 0.04095650 0.90313901
v 0.20845289 0.04147644 0.90875160
v 0.21706583 0.04627151 0.90447757
v 0.22095321 -0.01180427 0.90312767
v 0.24021580 0.00976232 0.90454066
v 0.24099640 0.01603774 0.90343166
v 0.23811520 0.03439203 0.90046405
v 0.23536000 0.03918583 0.89993376
v 0.22727120 0.04706788 0.91029570
v 0.20425808 0.03290498 0.91208425
v 0.20767946 0.04224171 0.91496470
v 0.23801307 0.00331296 0.90588780
v 0.20321630 0.02337212 0.91405050
v 0.24086502 0.02245732 0.90229870
v 0.20439530 0.01403213 0.91499160
v 0.23979047 0.02878763 0.90129031
v 0.21483289 -0.00273096 0.91312535
v 0.21706583 0.04627151 0.90447757
v 0.20845289 0.04147644 0.90875160
v 0.23875197 0.00122246 0.89658135
v 0.24021580 0.00976232 0.90454066
v 0.20439530 0.01403213 0.91499160
v 0.23536000 0.03918583 0.89993376
v 0.23090856 0.04457134 0.89043942
v 0.23979047 0.02878763 0.90129031
v 0.20473522 0.03166830 0.90649773
v 0.24086502 0.02245732 0.90229870
v 0.23811520 0.03439203 0.90046405
v 0.21610048 0.04781473 0.89686603
v 0.24099640 0.01603774 0.90343166
v 0.20321630 0.02337212 0.91405050
v 0.13804750 0.07858592 0.05423108
v 0.13731390 0.08111323 0.04298040
v 0.12552870 0.08704514 0.04540860
v 0.09924181 0.03635546 0.06724347
v 0.09800803 0.03794367 0.05474477
v 0.09528631 0.01706522 0.05844950
v 0.15971841 0.02227873 0.04989779
v 0.15967458 0.02184772 0.06351601
v 0.15957412 0.00255837 0.05942086
v 0.15886717 0.02292568 0.07764477
v 0.15630240 0.00265837 0.07331137
v 0.15612553 0.01231835 0.09052451
v 0.15674679 0.01669879 0.10960830
v 0.15612553 0.01231835 0.09052451
v 0.15927598 0.02658889 0.09228338
v 0.15787407 0.01829486 0.13521275
v 0.15863180 0.02724846 0.10947980
v 0.15937329 0.03051486 0.13453449
v 0.16290720 0.03507832 0.17433469
v 0.16017049 0.01999188 0.17432253
v 0.15890171 0.04395593 0.13233194
v 0.15699747 0.05430687 0.13262812
v 0.15795466 0.06123902 0.17224484
v 0.16222551 0.05142165 0.17332031
v 0.15832187 0.04184374 0.10994971
v 0.15710917 0.05150643 0.10870451
v 0.12670156 -0.00123125 0.14267018
v 0.13213665 -0.00162522 0.14201811
v 0.13069424 0.00094005 0.17864342
v 0.12372269 0.08139172 0.17147550
v 0.12608458 0.07899783 0.12926884
v 0.11653972 0.07247205 0.13363878
v 0.11204194 0.01142042 0.14366663
v 0.11692049 0.00491389 0.14343015
v 0.11199022 0.01011252 0.17789673
v 0.15276496 0.00937675 0.17530347
v 0.15154957 0.01036959 0.13727307
v 0.13830024 -0.00055607 0.14081580
v 0.13656861 0.00099528 0.17757399
v 0.10838323 0.02153056 0.14421157
v 0.10768436 0.01770354 0.17694950
v 0.12356420 0.00228874 0.17886951
v 0.11656312 0.00528967 0.17803545
v 0.12163648 0.00082057 0.14289358
v 0.14433857 0.00362768 0.17732841
v 0.14449900 0.00340439 0.14040783
v 0.14923104 0.07186888 0.17014581
v 0.11485424 0.07563834 0.17269999
v 0.10904859 0.06126404 0.13808437
v 0.13638123 0.08010994 0.17048936
v 0.13813143 0.07188924 0.12907183
v 0.12253553 -0.00598303 0.11933199
v 0.14435101 -0.00065906 0.11270333
v 0.16013706 0.04078405 0.09237780
v 0.12715679 -0.00729918 0.11811121
v 0.13200137 -0.00703996 0.11694169
v 0.11775827 -0.02602051 0.08610654
v 0.11079610 -0.01994267 0.08606381
v 0.11119711 -0.04479091 0.07184546
v 0.15132962 0.00612645 0.10985704
v 0.13758167 -0.00494626 0.11521600
v 0.04918554 -0.05612505 1.66412196
v 0.05785301 -0.04653266 1.65725023
v 0.05397911 -0.05275307 1.65487417
v 0.04174611 -0.05674881 1.65442479
v 0.04567779 -0.05690507 1.65502736
v 0.03578681 -0.05561262 1.65537557
v 0.04122130 -0.05754147 1.66394365
v 0.03300221 -0.05671131 1.65962806
v 0.05505940 -0.04845231 1.65112772
v 0.05680494 -0.05122848 1.66520733
v 0.06167566 -0.04291184 1.65549256
v 0.02969684 -0.05727517 1.65983139
v 0.04599584 -0.05470047 1.65063097
v 0.03415748 -0.05632729 1.65294383
v 0.08670539 -0.13499250 0.03546476
v 0.08605950 -0.13135329 0.03574818
v 0.08205759 -0.13126870 0.03040838
v 0.10465322 -0.14671299 0.02699288
v 0.10073862 -0.14518089 0.03094541
v 0.10070529 -0.14714659 0.02995125
v 0.08636420 -0.16338260 0.02536946
v 0.08427604 -0.16179367 0.02347720
v 0.08710911 -0.16514859 0.02039027
v 0.10281407 -0.15364657 0.02678584
v 0.10019870 -0.14965973 0.02900595
v 0.09957597 -0.15067717 0.02851534
v 0.08089363 -0.15518173 0.02050660
v 0.07908814 -0.14995480 0.01993569
v 0.08100857 -0.15230527 0.01467653
v 0.08105241 -0.13855297 0.01512779
v 0.07961191 -0.14317647 0.01466662
v 0.07769225 -0.14202868 0.02022258
v 0.08685067 -0.13770331 0.03455899
v 0.08200446 -0.13508823 0.02962893
v 0.08227652 -0.13176841 0.01688158
v 0.08191829 -0.13493902 0.01565325
v 0.07999072 -0.13479316 0.02243600
v 0.07919601 -0.13785734 0.02152363
v 0.08684308 -0.14040494 0.03403921
v 0.08144904 -0.13823980 0.02934951
v 0.10106805 -0.13942241 0.01396378
v 0.10265474 -0.14391081 0.01398381
v 0.09771666 -0.14416187 0.00975528
v 0.09941989 -0.13622219 0.01462002
v 0.09481784 -0.13657910 0.00999104
v 0.09368465 -0.13356477 0.01125776
v 0.10289847 -0.15874303 0.01603971
v 0.09956724 -0.16013112 0.01234059
v 0.09983613 -0.15460421 0.00981461
v 0.09854897 -0.16737437 0.02278559
v 0.09873263 -0.16567207 0.01911021
v 0.10176906 -0.16440802 0.02050643
v 0.09547453 -0.13966140 0.00969872
v 0.10180814 -0.15510402 0.02736001
v 0.09887682 -0.15169006 0.02821766
v 0.10200758 -0.16276117 0.02502927
v 0.10087474 -0.16328000 0.02606700
v 0.10021096 -0.16476688 0.02521385
v 0.08902910 -0.16556891 0.02544938
v 0.08801833 -0.16414173 0.02635539
v 0.09959082 -0.13434544 0.03340598
v 0.10286783 -0.13493725 0.02940204
v 0.10208122 -0.13213684 0.02933684
v 0.08188421 -0.14617000 0.02765466
v 0.08343179 -0.15020225 0.02711230
v 0.08706462 -0.14798317 0.03086649
v 0.08552273 -0.15543354 0.02775173
v 0.08661369 -0.15684753 0.02777060
v 0.08833273 -0.15193481 0.02922875
v 0.10011124 -0.13761817 0.03266219
v 0.10359298 -0.13802560 0.02882425
v 0.10021663 -0.14050335 0.03241486
v 0.10415091 -0.14101439 0.02844594
v 0.08784450 -0.15705273 0.02803967
v 0.08929120 -0.15252069 0.02859481
v 0.09097311 -0.16788102 0.02261099
v 0.08818098 -0.16725422 0.02358978
v 0.08383386 -0.15949577 0.01565321
v 0.08533279 -0.15533594 0.01043034
v 0.08474711 -0.13964163 0.00960342
v 0.08461036 -0.14382781 0.00902294
v 0.08532405 -0.13217872 0.01233566
v 0.08530635 -0.13563946 0.01080235
v 0.10554401 -0.14352744 0.01820166
v 0.10327367 -0.13315103 0.01964775
v 0.10394283 -0.13558366 0.01934497
v 0.10423586 -0.15750824 0.01935465
v 0.10367181 -0.15329393 0.01505557
v 0.10108736 -0.16545888 0.02365646
v 0.10484848 -0.13849131 0.01865574
v 0.09832789 -0.16669432 0.02437951
v 0.09094864 -0.16701791 0.02427845
v 0.08133377 -0.14131207 0.02875116
v 0.08655204 -0.14554188 0.03190123
v 0.09374039 -0.14529073 0.03304515
v 0.12223961 -0.15389716 0.02296114
v 0.11936242 -0.15489808 0.02658046
v 0.11935053 -0.15658272 0.02576677
v 0.10965731 -0.16434665 0.02224491
v 0.10893782 -0.16351249 0.02127005
v 0.10946892 -0.16606045 0.01939643
v 0.12056240 -0.16054366 0.02348158
v 0.11918025 -0.15853663 0.02534357
v 0.11882603 -0.15919132 0.02463801
v 0.10779634 -0.16069546 0.01601580
v 0.10735976 -0.15922492 0.02032005
v 0.10720406 -0.15374015 0.02044124
v 0.12185597 -0.15063622 0.02313403
v 0.11950634 -0.15217388 0.02867262
v 0.09606608 0.03899285 0.03094398
v 0.09508066 0.03912451 0.02058840
v 0.09556938 0.01598222 0.03178340
v 0.12139126 -0.16180946 0.01503930
v 0.11736468 -0.16419270 0.01216045
v 0.11709904 -0.15280470 0.00959661
v 0.11722151 -0.16805707 0.02005767
v 0.11749235 -0.16763580 0.01769799
v 0.12033854 -0.16581366 0.01891629
v 0.11970773 -0.16127029 0.02347294
v 0.11821053 -0.15983745 0.02414143
v 0.11974477 -0.16651429 0.02084198
v 0.12003687 -0.16427980 0.02153021
v 0.11935666 -0.16490234 0.02243705
v 0.11091272 -0.16641551 0.02216571
v 0.11065079 -0.16453949 0.02300038
v 0.09705610 0.03648839 0.01495573
v 0.09579640 0.01584757 0.02365663
v 0.10735865 -0.15218699 0.01322867
v 0.10781760 -0.14882103 0.02096987
v 0.11703461 -0.14525211 0.01135793
v 0.12034383 -0.14630771 0.01322988
v 0.10903615 -0.15451071 0.02672468
v 0.10906855 -0.15703797 0.02554651
v 0.11123239 -0.15659600 0.02675059
v 0.10983976 -0.16004320 0.02440424
v 0.11044429 -0.16061886 0.02398724
v 0.11167723 -0.15923356 0.02497897
v 0.11145857 -0.15210027 0.02936944
v 0.10923865 -0.15088599 0.02712116
v 0.11152551 -0.16129415 0.02371678
v 0.11208697 -0.15989946 0.02448693
v 0.11203618 -0.16785847 0.02041124
v 0.11035312 -0.16688467 0.02119572
v 0.11086611 -0.15249757 0.00966668
v 0.12247991 -0.15908388 0.01835440
v 0.12127204 -0.15283730 0.01259068
v 0.11853022 -0.16647428 0.02187881
v 0.11732401 -0.16729999 0.02106318
v 0.11215123 -0.16728430 0.02160476
v 0.10848815 -0.14615822 0.01406942
v 0.12197176 -0.14812977 0.01740241
v 0.03459286 -0.06591605 1.62233439
v 0.03459252 -0.06418229 1.62158418
v 0.03561486 -0.06331936 1.62147460
v 0.03716759 -0.05743014 1.64286978
v 0.03563196 -0.06040753 1.64001191
v 0.04204290 -0.05754165 1.63931272
v 0.02644067 -0.06677036 1.64863655
v 0.02614631 -0.07155978 1.64592356
v 0.02845884 -0.06783339 1.64420397
v 0.02420180 -0.08059322 1.63976951
v 0.02391807 -0.07824293 1.64353367
v 0.02079814 -0.07968980 1.64425976
v 0.02880251 -0.06342269 1.64675458
v 0.03123696 -0.06413345 1.64268682
v 0.02133291 -0.08325742 1.64001368
v 0.03166730 -0.06107000 1.64447980
v 0.03395852 -0.06423224 1.61737905
v 0.03732477 -0.05613871 1.64531259
v 0.03882642 -0.05576462 1.64701547
v 0.03387102 -0.05690712 1.64859394
v 0.02247912 -0.06254425 1.71023717
v 0.03229040 -0.06069545 1.70933465
v 0.04167721 -0.05737833 1.70721770
v 0.02450928 -0.07714167 1.60822413
v 0.03130769 -0.07282373 1.60754818
v 0.03701469 -0.06399502 1.61383594
v 0.02450624 -0.08943447 1.62167427
v 0.02538241 -0.09022099 1.62398149
v 0.03944077 -0.06714147 1.59595044
v 0.04212603 -0.06367050 1.59546675
v 0.03406467 -0.05533427 1.65558266
v 0.03344538 -0.05552980 1.65510816
v 0.03266047 -0.05592599 1.65473305
v 0.03159674 -0.05735381 1.65180279
v 0.03064369 -0.05687072 1.65388343
v 0.06933928 -0.03594789 1.64892444
v 0.03191872 -0.06607966 1.63249201
v 0.05082273 -0.05264192 1.70426697
v 0.03786894 -0.06227285 1.62353587
v 0.07536910 0.00389660 1.62255820
v 0.06477699 -0.04067529 1.65546655
v 0.04453254 -0.05387356 1.64551126
v 0.07571720 0.02187268 1.62023969
v 0.03639651 -0.05464337 1.65627067
v 0.05731138 -0.04683767 1.65790105
v 0.03694595 -0.05381414 1.65652038
v 0.05708287 -0.04338890 1.65806907
v 0.03667693 -0.05158920 1.65666338
v 0.05708287 -0.04338890 1.65806907
v 0.05846576 -0.03636516 1.65538675
v 0.03203715 -0.03839084 1.64859294
v 0.05683488 -0.03297330 1.65579064
v 0.03025513 -0.03876465 1.65051033
v 0.03024750 -0.03648029 1.65112407
v 0.03089417 -0.03352389 1.65227906
v 0.05874225 -0.04514411 1.69981668
v 0.03182497 -0.05662523 1.65409429
v 0.02509807 -0.07272262 1.56128077
v 0.03312340 -0.07674567 1.62420806
v 0.03045713 -0.08335102 1.62393976
v 0.07560374 -0.02049365 1.65373489
v 0.02403390 -0.07219068 1.56744966
v 0.02876471 -0.06826374 1.56896116
v 0.04054396 -0.06215725 1.61719609
v 0.03281366 -0.06420309 1.57090821
v 0.03863649 -0.06102274 1.57342905
v 0.04280818 -0.05751602 1.57680691
v 0.03679553 -0.06209004 1.63167870
v 0.03429484 -0.06601095 1.61981721
v 0.04531711 -0.05564160 1.57966567
v 0.04735952 -0.05554522 1.58344931
v 0.04802352 -0.05652393 1.58762100
v 0.04607780 -0.05927337 1.59236748
v 0.04427409 -0.06253766 1.59761248
v 0.04181938 -0.06428145 1.60293552
v 0.04035497 -0.06623499 1.59983624
v 0.04211784 -0.06225503 1.61101802
v 0.04393445 -0.06211454 1.60520753
v 0.04776214 -0.05945211 1.60769218
v 0.07168635 -0.02752094 1.68583182
v 0.06575965 -0.03674120 1.69351697
v 0.07466016 -0.01849989 1.67750426
v 0.07648474 -0.01378491 1.66836139
v 0.07189576 -0.02289468 1.61997516
v 0.06922639 -0.02886381 1.61325008
v 0.06887485 -0.02066367 1.60709415
v 0.07663693 -0.01542646 1.65189742
v 0.07709854 -0.01024638 1.64994207
v 0.07706821 -0.01118930 1.65911371
v 0.07625844 -0.01687416 1.64424481
v 0.07588505 -0.02013709 1.63753369
v 0.07593780 -0.01427319 1.63375758
v 0.07629790 -0.01105991 1.64121516
v 0.07477538 -0.02439295 1.63132031
v 0.07463243 -0.01831190 1.62687378
v 0.07301683 -0.02954922 1.62541607
v 0.06865404 -0.03511792 1.62084691
v 0.05548846 -0.03398507 1.57113013
v 0.02452710 -0.06807544 1.55104047
v 0.02048745 -0.07570501 1.64876749
v 0.05214796 -0.05383754 1.59299882
v 0.04915621 -0.05692365 1.59270540
v 0.05043583 -0.05384914 1.58689491
v 0.02610574 -0.07522721 1.64268870
v 0.03064878 -0.06729189 1.55668471
v 0.02492524 -0.07076591 1.55530127
v 0.05232056 -0.05060083 1.58584020
v 0.04899666 -0.05245362 1.58183652
v 0.03849315 -0.05687332 1.56341720
v 0.03903457 -0.05508051 1.55951657
v 0.04360688 -0.04982620 1.56466971
v 0.03443458 -0.06199282 1.55948315
v 0.03033975 -0.06458516 1.55251855
v 0.03471583 -0.05957764 1.55553902
v 0.04744652 -0.04940261 1.57342440
v 0.04815916 -0.04605077 1.57018489
v 0.05156404 -0.04543565 1.57677437
v 0.04314555 -0.05219773 1.56813944
v 0.02409931 -0.06547911 1.54836545
v 0.02999934 -0.06189626 1.54965603
v 0.06757581 -0.03976083 1.62973077
v 0.07117305 -0.01488029 1.61456203
v 0.07379394 -0.01102411 1.62205680
v 0.07209644 -0.03451552 1.63329979
v 0.07354795 -0.02882733 1.63776767
v 0.02840266 -0.07071644 1.64157544
v 0.03056455 -0.06660630 1.64029416
v 0.07474688 -0.02480116 1.64157821
v 0.07522150 -0.02215398 1.64721138
v 0.07691375 -0.00543996 1.63849564
v 0.07720563 0.00044956 1.63621433
v 0.07785778 0.00044773 1.64721503
v 0.07762634 -0.00493680 1.64844628
v 0.07765385 -0.00097418 1.65808402
v 0.07399335 -0.02619534 1.65549721
v 0.07426031 -0.02663043 1.66167263
v 0.07322736 -0.02726228 1.65022985
v 0.07265694 -0.02952220 1.64652524
v 0.07207845 -0.03267108 1.64361535
v 0.06584974 -0.04252373 1.63690422
v 0.07559495 -0.00742974 1.62991273
v 0.07580132 -0.00134386 1.62640769
v 0.02238558 -0.06054745 1.71551649
v 0.04228072 -0.05493074 1.71240139
v 0.05164379 -0.04961970 1.70923902
v 0.06007899 -0.04169830 1.70459471
v 0.06642795 -0.03213627 1.69709064
v 0.03235952 -0.05849252 1.71460755
v 0.07661115 -0.00406582 1.66929922
v 0.07655337 -0.00897140 1.66883302
v 0.07750144 -0.00603246 1.65836803
v 0.07491540 -0.01388762 1.67892390
v 0.07339515 -0.00486606 1.61629545
v 0.07022393 -0.00705972 1.60794288
v 0.04483298 -0.05363699 1.64727546
v 0.06552013 -0.03581642 1.60775803
v 0.06616121 -0.02929101 1.59986867
v 0.05483874 -0.04961914 1.59247329
v 0.05413247 -0.04671353 1.58465444
v 0.05059599 -0.04885750 1.57935741
v 0.03792932 -0.05869994 1.56834100
v 0.02969646 -0.06844367 1.56267440
v 0.03342685 -0.06336615 1.56501880
v 0.04637604 -0.05289038 1.57665926
v 0.04336293 -0.05506259 1.57296296
v 0.03458445 -0.05705624 1.55259935
v 0.03442168 -0.06236199 1.63794410
v 0.03931232 -0.05969137 1.63543810
v 0.04381668 -0.05901266 1.63173161
v 0.05140902 -0.05553631 1.62954692
v 0.04996160 -0.05741333 1.60001721
v 0.04642535 -0.06043426 1.59877212
v 0.03935317 -0.05241203 1.55658355
v 0.04418332 -0.04694602 1.56163917
v 0.04906877 -0.04284517 1.56723980
v 0.05300139 -0.04121679 1.57406792
v 0.05593070 -0.04114214 1.58346414
v 0.06560275 -0.01965892 1.59148444
v 0.06787244 -0.01057826 1.59932090
v 0.05345724 -0.03712893 1.72626372
v 0.07472835 -0.00435587 1.68200181
v 0.03016182 -0.05835639 1.65041746
v 0.02899001 -0.05790794 1.65388908
v 0.03211983 -0.05833773 1.64694396
v 0.06449851 -0.04077780 1.61591669
v 0.03289938 -0.06467884 1.63514191
v 0.03010494 -0.06842307 1.63749849
v 0.02833332 -0.07267331 1.63880025
v 0.02657206 -0.07686850 1.63944731
v 0.04002569 -0.06514606 1.60757884
v 0.07031951 -0.03545599 1.68121628
v 0.00365563 0.11216718 1.61040704
v -0.00452649 0.11252076 1.61049249
v 0.01290491 0.11003451 1.60980725
v 0.01260983 0.10565810 1.60157985
v 0.02192264 0.10522693 1.60879338
v 0.03337449 0.10533363 1.61762787
v 0.03130956 0.09970544 1.60764669
v 0.04391336 0.09639708 1.61662042
v 0.04195093 0.09144573 1.60679054
v 0.05757038 0.08521569 1.61712182
v 0.05573125 0.08180905 1.60773579
v 0.06108943 0.07335509 1.61570495
v 0.05975778 0.07055771 1.60772649
v 0.06972547 0.06365122 1.61173758
v 0.06648186 0.05728267 1.61512463
v 0.06681796 0.05393740 1.61030212
v 0.02085349 0.10036230 1.60019641
v -0.00373925 0.10756066 1.60289279
v 0.05092085 0.07931628 1.59848622
v 0.01247540 0.09997723 1.59315290
v 0.06673311 0.04761173 1.60656585
v 0.05363124 -0.05293969 1.60025308
v 0.05720391 -0.04778464 1.60109893
v 0.05617398 -0.05129051 1.61010532
v 0.05189543 -0.05590464 1.60874036
v 0.04571464 -0.06021690 1.61446175
v 0.05756274 -0.04423725 1.59253362
v 0.06027274 -0.03051021 1.58355612
v 0.06038325 -0.04618967 1.61190471
v 0.06097227 -0.04223581 1.60341732
v 0.05526333 -0.05216348 1.63134067
v 0.06078393 -0.04792177 1.63341778
v 0.05809181 -0.04952146 1.64002862
v 0.06139154 -0.03757257 1.59460319
v 0.05188757 -0.05294247 1.63890507
v 0.05450061 -0.05083230 1.64389483
v 0.04801837 -0.05592385 1.63587918
v 0.04558077 -0.05435091 1.64333953
v 0.05253247 -0.05054094 1.64632657
v 0.05082024 -0.05093759 1.64927077
v 0.05115710 -0.05039962 1.64822713
v 0.05060307 -0.05263506 1.65103585
v 0.05089661 -0.05172894 1.64996985
v 0.05023278 -0.05470159 1.65318900
v 0.05043118 -0.05380105 1.65221309
v 0.05028625 -0.05537976 1.65425212
v 0.04648672 -0.03211408 1.64684457
v 0.04737142 -0.03460215 1.64580569
v 0.04804582 -0.03699365 1.64521972
v 0.04864069 -0.03956436 1.64492076
v 0.04924924 -0.04320830 1.64542770
v 0.04983769 -0.04772001 1.64710091
v 0.04951112 -0.05127760 1.65082876
v 0.04968483 -0.05142960 1.65568194
v 0.04968483 -0.05142960 1.65568194
v 0.04970078 -0.05394775 1.65582683
v 0.04520356 -0.05307831 1.65572378
v 0.04995363 -0.05524122 1.65562992
v 0.04574901 -0.05527029 1.65558731
v 0.05029161 -0.05560827 1.65510351
v 0.03504196 -0.05219430 1.65757520
v 0.03504196 -0.05219430 1.65757520
v 0.02882255 -0.04306494 1.65340815
v 0.06256556 -0.04457244 1.62500377
v 0.05383440 -0.05437838 1.62081260
v 0.05814488 -0.04989342 1.62153492
v 0.03849021 -0.06775855 1.60302650
v 0.03707108 -0.06979148 1.59853636
v 0.02330637 -0.08050352 1.60149164
v 0.02899206 -0.07774667 1.60040261
v 0.03705259 -0.06985869 1.59593473
v 0.03062769 -0.07197630 1.58281984
v 0.03296939 -0.06927068 1.59195241
v 0.03568747 -0.06943633 1.60703194
v 0.03455938 -0.07192662 1.60062354
v 0.04960183 -0.05763217 1.61862791
v 0.03085117 -0.07118633 1.59227273
v 0.03160698 -0.06795678 1.59155406
v 0.03193859 -0.07458108 1.60208590
v 0.03211098 -0.07539480 1.59916029
v 0.02929058 -0.06979704 1.59195607
v 0.03119501 -0.06702161 1.59232476
v 0.02762156 -0.06601959 1.59568679
v 0.03061917 -0.06453076 1.59588547
v 0.03112290 -0.06532786 1.60181019
v 0.03117370 -0.06529091 1.60692702
v 0.03124376 -0.06496882 1.61361036
v 0.02934509 -0.05475897 1.62189797
v 0.02895039 -0.04071262 1.63029437
v 0.03035319 -0.01884927 1.63439545
v 0.02778344 0.00308938 1.62896384
v 0.01548010 0.03023467 1.60328461
v 0.01548010 0.03023467 1.60328461
v 0.01364761 0.02992281 1.60324278
v 0.00768559 0.02749794 1.60262814
v 0.02261182 0.01925937 1.61689160
v 0.07011197 -0.03734313 1.63991063
v 0.04091238 -0.06265066 1.69595601
v 0.07670218 0.06555915 1.66662697
v 0.07861868 0.05642032 1.66358248
v 0.07823743 0.05961910 1.65994462
v 0.06251515 0.07767399 1.62387944
v 0.07074288 0.06689455 1.63397485
v 0.07314417 0.00841684 1.70252878
v 0.07526079 0.00749318 1.68636753
v 0.07707463 0.02170965 1.69175554
v 0.07749778 0.02961998 1.69317805
v 0.07769391 0.03809448 1.69353733
v 0.08013920 0.03276940 1.68136028
v 0.07778822 0.01352530 1.67289148
v 0.07825253 0.01980289 1.67664258
v 0.07957654 0.02612645 1.67948839
v 0.08106469 0.03408781 1.67200944
v 0.08089961 0.03925810 1.67263990
v 0.07912605 0.01954566 1.65844795
v 0.07980743 0.02408133 1.66546921
v 0.06907259 0.05298413 1.61796679
v 0.07123752 0.05914753 1.62885050
v 0.06994423 0.05630942 1.62320161
v 0.06904558 0.04457815 1.61072272
v 0.06863688 0.04953830 1.61452019
v 0.06950221 0.03819260 1.60803198
v 0.07015924 0.03175442 1.60870051
v 0.08046905 0.04466835 1.67157213
v 0.07979929 0.04659343 1.68139647
v 0.07763132 0.04762706 1.69178155
v 0.08021585 0.03908289 1.68183932
v 0.07868376 0.01996294 1.64463852
v 0.07894492 0.04735494 1.66020274
v 0.07898720 0.05218803 1.65797444
v 0.07739733 0.05769270 1.63611316
v 0.07802679 0.02434250 1.63171213
v 0.08554166 0.05497502 1.65570242
v 0.08835548 0.05690567 1.65735881
v 0.08778562 0.05940603 1.65338214
v 0.07542045 0.02921958 1.61227329
v 0.07552798 0.04451661 1.61717196
v 0.07594410 0.04120350 1.61272267
v 0.07924693 0.02647887 1.63981777
v 0.07895566 0.02842404 1.63848823
v 0.07930470 0.02892079 1.64442589
v 0.08039239 0.04840854 1.62092306
v 0.08450698 0.05091300 1.62026294
v 0.08438511 0.04714254 1.61703084
v 0.08074122 0.03398449 1.66325840
v 0.08054979 0.02872897 1.66960095
v 0.07886031 0.02375708 1.64200810
v 0.08289287 0.04111406 1.65929291
v 0.08229611 0.03763198 1.65863456
v 0.08409734 0.03767991 1.65748045
v 0.08016256 0.03869162 1.60946744
v 0.08285894 0.04033684 1.60974039
v 0.08320715 0.03633941 1.61109694
v 0.08164097 0.03393357 1.65761505
v 0.08195028 0.03442030 1.65424747
v 0.07594216 0.05486637 1.62943458
v 0.08077542 0.04246413 1.61178396
v 0.08347064 0.04342753 1.61163077
v 0.07958916 0.02676831 1.64697739
v 0.07971534 0.02999349 1.64893739
v 0.08469542 0.05719639 1.64922063
v 0.08510583 0.05607145 1.65301998
v 0.07892207 0.05483898 1.65549444
v 0.07807948 0.02900469 1.61897889
v 0.07879101 0.03081792 1.61201241
v 0.08110243 0.03298561 1.61391862
v 0.08164235 0.05405843 1.62975955
v 0.08362101 0.05724155 1.62899073
v 0.08400896 0.05488104 1.62485800
v 0.08417880 0.03509344 1.65176936
v 0.08070928 0.03205498 1.65164395
v 0.08118860 0.03483992 1.61651372
v 0.07904216 0.03100819 1.63769163
v 0.07928821 0.02891653 1.63056168
v 0.08739662 0.05097759 1.62035303
v 0.08697353 0.04797439 1.61799833
v 0.08658896 0.03772540 1.65495408
v 0.07926026 0.03184081 1.62174013
v 0.07952280 0.03158612 1.63088200
v 0.08726208 0.06092197 1.64853262
v 0.09285767 0.05817251 1.65101261
v 0.08458351 0.04044625 1.61127891
v 0.08395361 0.03824418 1.61324543
v 0.07943824 0.03134937 1.64252345
v 0.08008381 0.03213611 1.64650112
v 0.09191115 0.05173799 1.65944422
v 0.09284206 0.05588240 1.65495773
v 0.09016971 0.06097482 1.64071476
v 0.08895146 0.06059501 1.63530074
v 0.08502914 0.05961246 1.63597293
v 0.08752993 0.05756342 1.62826276
v 0.08528321 0.04445823 1.61274780
v 0.07902655 0.03036489 1.61949047
v 0.08867884 0.04083968 1.65744979
v 0.09114306 0.04694281 1.66062334
v 0.08847512 0.05267167 1.66141905
v 0.08548864 0.03809492 1.65238488
v 0.08682858 0.04128944 1.65457244
v 0.08928628 0.05656792 1.63005197
v 0.08866395 0.05393419 1.62645971
v 0.08963737 0.05116432 1.65596054
v 0.07909850 0.03303438 1.63701934
v 0.07941323 0.03266165 1.64105179
v 0.08653593 0.04485071 1.61676719
v 0.08378808 0.03574554 1.64939241
v 0.08180783 0.03361436 1.64898476
v 0.08284428 0.03799857 1.61750346
v 0.08046628 0.03558238 1.61933164
v 0.08797771 0.05094776 1.62335103
v 0.08790637 0.04686943 1.61958046
v 0.07945069 0.03307400 1.62316442
v 0.08038327 0.03368270 1.63134820
v 0.09232257 0.05956260 1.64719378
v 0.08963238 0.05641900 1.64998380
v 0.08502238 0.04117720 1.61627597
v 0.08016604 0.03343290 1.64456890
v 0.08971020 0.05421073 1.65355570
v 0.08925440 0.05850966 1.64045387
v 0.08962585 0.05820345 1.63471489
v 0.07959591 0.03373562 1.63987997
v 0.07896656 0.03446098 1.63916695
v 0.08053678 0.03474146 1.64227275
v 0.08563137 0.04376124 1.62061480
v 0.08491784 0.04290111 1.62324621
v 0.08409845 0.04004867 1.62105588
v 0.08715848 0.05316831 1.65213606
v 0.08729147 0.05144761 1.65130781
v 0.08780875 0.05328275 1.64815009
v 0.07863810 0.03409423 1.62456834
v 0.08093597 0.03586740 1.62156470
v 0.08040219 0.03608655 1.62311616
v 0.08441660 0.03873357 1.65110359
v 0.08300533 0.03905749 1.64992259
v 0.08234763 0.04159233 1.65282684
v 0.08848304 0.05522765 1.63112528
v 0.08901599 0.05442568 1.63230540
v 0.08784671 0.05232634 1.62931659
v 0.07858066 0.03442075 1.63617913
v 0.07831269 0.03512980 1.63603701
v 0.08622817 0.05029788 1.62528513
v 0.08648641 0.04999764 1.62754409
v 0.08497772 0.04599673 1.62474565
v 0.08327024 0.03652099 1.64774986
v 0.08313118 0.03703053 1.64715747
v 0.08746779 0.05672952 1.64542958
v 0.08735594 0.05533867 1.64894768
v 0.08270133 0.03793056 1.61973553
v 0.08451434 0.04091289 1.61906611
v 0.07936082 0.03797294 1.63302407
v 0.07797599 0.03556767 1.63618655
v 0.07724780 0.03523793 1.62604000
v 0.08022703 0.03786132 1.63259329
v 0.08645553 0.04879672 1.65245638
v 0.08731609 0.05064730 1.65042399
v 0.08974556 0.05396944 1.63877512
v 0.08983803 0.05409939 1.63458395
v 0.08937792 0.05487323 1.63433878
v 0.08938091 0.05364614 1.63264066
v 0.08678448 0.04966742 1.65381293
v 0.08550153 0.04625336 1.65405898
v 0.08550674 0.04217364 1.62554048
v 0.08260482 0.03767487 1.64645275
v 0.08231676 0.03568333 1.64506842
v 0.08433232 0.03820411 1.62414685
v 0.07837761 0.03645032 1.62377351
v 0.07469343 0.04313831 1.62690068
v 0.07342355 0.04395129 1.62885979
v 0.07339067 0.04105395 1.62902416
v 0.07790930 0.03741786 1.63747436
v 0.07768234 0.03859289 1.63721436
v 0.07847861 0.03875000 1.63825424
v 0.08304229 0.04597183 1.64189853
v 0.08509034 0.04656952 1.64314085
v 0.08421306 0.04518652 1.64365619
v 0.07316692 0.04012498 1.63111698
v 0.07339946 0.03884044 1.62803442
v 0.07760072 0.04820534 1.63219582
v 0.07911050 0.04861171 1.62980227
v 0.08060741 0.04967826 1.63211690
v 0.08563713 0.04874475 1.64089395
v 0.08564049 0.04761660 1.64235443
v 0.08303339 0.04696351 1.64128301
v 0.08018481 0.04982852 1.63693300
v 0.07904453 0.04943802 1.63580114
v 0.08177894 0.05033263 1.63444371
v 0.07539898 0.04494208 1.62747170
v 0.07429357 0.04588494 1.62970841
v 0.07360766 0.03992292 1.63309746
v 0.07500689 0.03962021 1.63464892
v 0.07571931 0.03831075 1.63484018
v 0.08125563 0.04911892 1.63859039
v 0.08311186 0.05051133 1.63633785
v 0.08045128 0.04070187 1.64341844
v 0.07982747 0.04156371 1.64185956
v 0.08046302 0.04241444 1.64229688
v 0.07850002 0.04889235 1.63404724
v 0.08616984 0.05128336 1.63388110
v 0.08442546 0.05003998 1.63836105
v 0.08713767 0.05126575 1.63633232
v 0.08661064 0.04737580 1.64574990
v 0.08535089 0.04604615 1.64634328
v 0.07828983 0.03646482 1.63800731
v 0.07924045 0.03767272 1.63908526
v 0.08030064 0.03864193 1.64064602
v 0.08085523 0.03765589 1.64183732
v 0.07978241 0.03685487 1.63998678
v 0.08087658 0.03961058 1.62469828
v 0.08248621 0.04079811 1.62570662
v 0.08797024 0.05011752 1.64200810
v 0.08751510 0.04871121 1.64439988
v 0.07319260 0.03780886 1.62994804
v 0.07678426 0.03736584 1.63418471
v 0.08113957 0.03882389 1.64354750
v 0.08050972 0.03969636 1.64217435
v 0.08114876 0.04534209 1.62754320
v 0.08290366 0.04820710 1.62967034
v 0.07688531 0.03760691 1.63640659
v 0.07749302 0.03645469 1.63630631
v 0.07399140 0.04118224 1.62689603
v 0.07474284 0.03760636 1.62517090
v 0.07714906 0.04666677 1.62780220
v 0.08086242 0.04327440 1.62644200
v 0.08355797 0.04454262 1.64664965
v 0.08450122 0.05002665 1.63185137
v 0.08033734 0.04051005 1.64509996
v 0.08104051 0.04192609 1.64392549
v 0.08491192 0.04185565 1.65373312
v 0.08213933 0.03438085 1.64709062
v 0.08248228 0.03490826 1.64586224
v 0.08105108 0.03411831 1.64334882
v 0.08090093 0.03622773 1.63215033
v 0.02294304 0.11032335 1.61821284
v 0.06792164 0.06125828 1.62071320
v -0.00516265 0.11695018 1.61831401
v 0.07614809 0.01433037 1.68926259
v 0.08000285 0.02844662 1.65219926
v 0.08111949 0.05149592 1.62560921
v 0.08785397 0.05546113 1.62541607
v 0.08765600 0.05343777 1.62794432
v 0.07433780 0.03665011 1.62716621
v 0.08528354 0.04539395 1.62655811
v 0.08724343 0.04961274 1.62898697
v 0.08632160 0.04852698 1.62985606
v 0.08191707 0.03818402 1.64537756
v 0.08043285 0.04000379 1.64736545
v 0.08905229 0.05310030 1.64429219
v 0.08795381 0.05215178 1.64775362
v 0.08827540 0.05051863 1.64646204
v 0.08537756 0.03956470 1.62447547
v 0.08416314 0.03998835 1.62608637
v 0.07872150 0.03505686 1.63866001
v 0.07836743 0.03574438 1.63832951
v 0.08013527 0.03609651 1.64069339
v 0.08411273 0.04249385 1.62733711
v 0.08728715 0.04893845 1.64856693
v 0.07603492 0.03646227 1.62388309
v 0.08090133 0.03960703 1.64917138
v 0.08063358 0.04190285 1.64893839
v 0.08995060 0.05263365 1.63336852
v 0.08872345 0.05078184 1.63148003
v 0.07774233 0.03592446 1.63634438
v 0.08038813 0.03541387 1.64129873
v 0.08146648 0.03696224 1.64310654
v 0.08845918 0.05170357 1.63020981
v 0.08400109 0.03755655 1.62184694
v 0.08583508 0.04626592 1.62289800
v 0.08856848 0.05625313 1.63395437
v 0.07938650 0.04078992 1.64077320
v 0.07662591 0.03905804 1.63612988
v 0.08265600 0.04520169 1.64230241
v 0.08296536 0.04383567 1.64387900
v 0.07804838 0.03484977 1.62580878
v 0.08831513 0.05645181 1.63923845
v 0.08681519 0.05068925 1.65515088
v 0.08631473 0.04691874 1.65572279
v 0.08936475 0.05785795 1.64644998
v 0.08882538 0.04688437 1.65645729
v 0.07589839 0.04715389 1.63052548
v 0.07898405 0.03972945 1.63951793
v 0.07710540 0.04076690 1.63865260
v 0.07741388 0.04189255 1.63962186
v 0.07732826 0.03989127 1.63768698
v 0.07690667 0.03976748 1.63647067
v 0.07463891 0.04040501 1.63440563
v 0.07607184 0.03989708 1.63559782
v 0.07379627 0.04062135 1.63343538
v 0.07316039 0.04150439 1.63224784
v 0.07297743 0.04252911 1.63097398
v 0.07392649 0.04478900 1.63087558
v 0.07597349 0.04690257 1.63240291
v 0.07469829 0.04611135 1.63110392
v 0.07760287 0.04822807 1.63563777
v 0.07715837 0.04760664 1.63398315
v 0.07768406 0.04857712 1.63813260
v 0.07772812 0.04842681 1.63711873
v 0.07806106 0.04838730 1.63889953
v 0.08250526 0.04768401 1.64029416
v 0.07887762 0.04670273 1.64041856
v 0.08019062 0.04576756 1.64098029
v 0.08037906 0.04487927 1.64140930
v 0.08203180 0.04411189 1.64252998
v 0.08037834 0.04405046 1.64164229
v 0.07976316 0.04294478 1.64159215
v 0.07870296 0.04258644 1.64083452
v 0.07693107 0.04744089 1.63631184
v 0.07719478 0.04359173 1.64026261
v 0.08416502 0.04500517 1.64999310
v 0.07668652 0.04666793 1.63485878
v 0.08093563 0.04232926 1.64613243
v 0.07570286 0.04341956 1.63724591
v 0.07558482 0.04413795 1.63850406
v 0.07600387 0.04289818 1.63886710
v 0.07676969 0.04484202 1.64008430
v 0.07581089 0.04545466 1.63815673
v 0.07550291 0.04234930 1.63543998
v 0.07586890 0.04188658 1.63789673
v 0.07562561 0.04057359 1.63526643
v 0.07462098 0.04141263 1.63406860
v 0.07405737 0.04241454 1.63315590
v 0.07518807 0.04357884 1.63470747
v 0.07573983 0.04479575 1.63670366
v 0.07566291 0.04512321 1.63454211
v 0.07629906 0.04643781 1.63644179
v 0.07610382 0.04098976 1.63656066
v 0.07669366 0.04758506 1.63759877
v 0.07644650 0.04691631 1.63939628
v 0.07672709 0.04603901 1.63982806
v 0.07622911 0.04670661 1.63791256
v 0.07803620 0.04760082 1.63987444
v 0.07664838 0.04766447 1.63898775
v 0.07412677 0.04351459 1.63262948
v 0.07541857 0.04593696 1.63299906
v 0.07788844 0.03757393 1.63392936
v 0.08623991 0.04728903 1.64965053
v 0.08976127 0.05293908 1.63567120
v 0.08486487 0.04569667 1.65230231
v 0.08188077 0.03641485 1.64408144
v 0.08253785 0.03897436 1.62488213
v 0.08854640 0.05410055 1.64477687
v 0.08049063 0.04183478 1.65117045
v 0.07559434 0.03578743 1.62595455
v 0.08464728 0.04493621 1.62795915
v 0.08948999 0.05292359 1.63901287
v 0.08748207 0.05098710 1.63877889
v 0.08912329 0.05192654 1.64333864
v 0.08892013 0.04762795 1.66386196
v 0.08474822 0.05137312 1.65960393
v 0.08279463 0.05711725 1.63622916
v 0.08360252 0.05738023 1.64359122
v 0.07913918 0.02702638 1.63057097
v 0.07983980 0.03510074 1.60956861
v 0.08028681 0.04529339 1.61765477
v 0.07526024 0.04925600 1.62014871
v 0.08075711 0.03087548 1.65524839
v 0.08004230 0.03815214 1.66383507
v 0.07532089 0.03676510 1.61025751
v 0.07977350 0.02432667 1.65112407
v 0.07923392 0.05668923 1.65297914
v 0.08036550 0.02664844 1.65733833
v 0.07557286 0.05191498 1.62475307
v 0.07864441 0.05819465 1.64347611
v 0.07669610 0.02642430 1.61926755
v 0.07588256 0.03303083 1.60937181
v 0.08052644 0.02998513 1.66106065
v 0.07651922 0.06269259 1.65068764
v 0.08946249 0.05470494 1.63909644
v 0.08615175 0.06135546 1.64242406
v 0.07896983 0.05736496 1.64921045
v 0.08654380 0.04085932 1.66035592
v 0.08360789 0.04668630 1.66020650
v 0.07963571 0.04254416 1.66291948
v 0.07040020 0.05831192 1.71968730
v 0.09330202 -0.13201846 0.03773944
v 0.09943038 -0.13117455 0.03402687
v 0.09821350 -0.12516176 0.03684229
v 0.10123676 -0.12624103 0.03109639
v 0.07835531 -0.11921637 0.02459119
v 0.07646410 -0.11274927 0.02596727
v 0.07822973 -0.11234965 0.01825871
v 0.10172263 -0.12201428 0.03462866
v 0.09829363 -0.12011784 0.03872028
v 0.08192743 -0.11221780 0.01355541
v 0.08311108 -0.11799940 0.01353576
v 0.07930946 -0.11748354 0.01795915
v 0.09322470 -0.12360320 0.01217993
v 0.09482149 -0.11863552 0.01113131
v 0.09795093 -0.12190685 0.01360986
v 0.10110082 -0.12499622 0.02167643
v 0.10141335 -0.12697352 0.02037284
v 0.09678857 -0.12537401 0.01609057
v 0.07995558 -0.11986391 0.03247751
v 0.08423005 -0.12210026 0.03717208
v 0.08374491 -0.11610408 0.03983110
v 0.08075445 -0.10587929 0.01356614
v 0.09986306 -0.11486223 0.00924181
v 0.10048533 -0.11984152 0.01224197
v 0.10150203 -0.12279541 0.02039836
v 0.07853926 -0.11358936 0.03400158
v 0.08346809 -0.10890504 0.04245477
v 0.07548288 -0.10517624 0.02790104
v 0.07670671 -0.10515034 0.01940591
v 0.10356308 -0.11815093 0.03450680
v 0.10106210 -0.11102293 0.04161190
v 0.11619655 -0.13694966 0.01261636
v 0.11632311 -0.13518794 0.01258011
v 0.11983957 -0.13633621 0.01471499
v 0.10939817 -0.14362567 0.02830803
v 0.11197119 -0.14548079 0.03156016
v 0.11112441 -0.14200806 0.03279544
v 0.10878388 -0.13870747 0.01570778
v 0.10740628 -0.14071905 0.02182137
v 0.10687871 -0.13698494 0.02237274
v 0.12552870 0.08704514 0.04540860
v 0.12542498 0.08676328 0.03349115
v 0.10818491 0.08117416 0.03487997
v 0.12411898 0.08484081 0.02207433
v 0.10942351 -0.13159990 0.03111581
v 0.10884729 -0.13606751 0.02983182
v 0.11139497 -0.13668950 0.03465295
v 0.10845204 -0.13358751 0.01603589
v 0.10700369 -0.13465119 0.02326049
v 0.10674278 -0.13231241 0.02399521
v 0.10807609 -0.13182293 0.01557716
v 0.11098077 -0.13146508 0.01243069
v 0.11144845 -0.13286152 0.01278299
v 0.11920272 -0.13140018 0.01479258
v 0.11970921 -0.13391768 0.01478483
v 0.11607882 -0.13304871 0.01247734
v 0.12165690 -0.13248308 0.01972168
v 0.12145115 -0.13189952 0.02690809
v 0.11983734 -0.13177046 0.03301139
v 0.12094465 -0.13671484 0.03298632
v 0.12242393 -0.13547179 0.01960486
v 0.11169450 -0.13490810 0.01288427
v 0.10867673 -0.13591504 0.01595659
v 0.10870245 -0.14025499 0.02915880
v 0.10897552 0.08029572 0.02158865
v 0.12297897 0.07885765 0.01247241
v 0.10924441 0.07439713 0.01316823
v 0.12329178 0.07198305 0.00695153
v 0.12249699 -0.13713154 0.02624000
v 0.12050789 -0.14230406 0.03142672
v 0.13260061 0.07634616 0.01223328
v 0.13387711 0.08081992 0.02054019
v 0.12278984 -0.13799542 0.01905011
v 0.12251463 -0.14059722 0.01864528
v 0.12004811 -0.13866643 0.01445073
v 0.11903986 -0.14545173 0.03029431
v 0.12206366 -0.14336783 0.02487581
v 0.11184808 -0.13695254 0.01299352
v 0.09485082 -0.00212463 0.06016084
v 0.09566784 -0.02293839 0.06057513
v 0.09882965 -0.02334262 0.06813615
v 0.12079183 -0.12350932 0.02805650
v 0.11924599 -0.12068599 0.03430169
v 0.11909139 -0.12496762 0.03353770
v 0.10530279 -0.12430542 0.01188828
v 0.10909019 -0.12236627 0.00994748
v 0.10976751 -0.12579815 0.01105648
v 0.11525702 -0.12544291 0.01085493
v 0.11544234 -0.12211585 0.01004549
v 0.11840738 -0.12389967 0.01242377
v 0.12098189 -0.12579536 0.01893859
v 0.12124939 -0.12756069 0.01922034
v 0.11908666 -0.12640593 0.01333288
v 0.11183248 -0.12443856 0.03462562
v 0.11149878 -0.12024412 0.03515358
v 0.10846392 -0.12208029 0.03283330
v 0.12601958 0.08508454 0.05695177
v 0.10974124 0.07920038 0.04689022
v 0.10608969 -0.12644104 0.01287597
v 0.10533018 -0.12838472 0.02396810
v 0.10443651 -0.12698986 0.02300032
v 0.12223303 -0.11772382 0.03148357
v 0.12085821 -0.11231595 0.03693117
v 0.10316123 -0.11980549 0.01191617
v 0.10653424 -0.11601569 0.00905271
v 0.13568728 0.08216734 0.03145551
v 0.09549788 0.01583059 0.03962113
v 0.09507275 0.01635419 0.04859830
v 0.09702135 0.03794815 0.04224734
v 0.11776719 -0.11665106 0.01190920
v 0.12031031 -0.12111903 0.01436257
v 0.12103156 -0.12316208 0.02104021
v 0.10948888 -0.11300488 0.03820659
v 0.10595496 -0.11868259 0.03318855
v 0.10305761 -0.12362892 0.02241917
v 0.13460996 -0.14750192 0.02543167
v 0.13435008 -0.14889837 0.02491500
v 0.13754686 -0.14950355 0.01998611
v 0.12677658 -0.15774260 0.02029270
v 0.12636702 -0.15641170 0.02170720
v 0.12530214 -0.15560029 0.01889852
v 0.13633564 -0.15177595 0.02161510
v 0.13377961 -0.15075721 0.02415227
v 0.13328120 -0.15160351 0.02290276
v 0.12463186 -0.15399419 0.01399361
v 0.12359455 -0.15329438 0.01584447
v 0.12316207 -0.14800599 0.01496719
v 0.13514662 -0.14490866 0.02562753
v 0.13793581 -0.14728754 0.01964100
v 0.13609470 -0.15384498 0.01392952
v 0.13349568 -0.15558534 0.01231574
v 0.13375120 -0.14850488 0.00818406
v 0.13480235 -0.15789515 0.02043776
v 0.13268733 -0.15953178 0.02008545
v 0.13288251 -0.15847535 0.01669790
v 0.13324637 -0.15216442 0.02263423
v 0.13487271 -0.15294537 0.02222476
v 0.13536565 -0.15640770 0.02120646
v 0.13396346 -0.15608663 0.02216228
v 0.13373913 -0.15729208 0.02201263
v 0.12797211 -0.15764157 0.02223815
v 0.12765577 -0.15651476 0.02262222
v 0.12392445 -0.14797666 0.01191805
v 0.12370143 -0.14485704 0.01506166
v 0.13643926 -0.14795252 0.01111205
v 0.13395565 -0.14228920 0.00798394
v 0.12469296 -0.14727714 0.02172131
v 0.12487411 -0.14996483 0.02230340
v 0.12824174 -0.14858779 0.02534705
v 0.12835492 -0.15047113 0.02387295
v 0.12579174 -0.15118794 0.02242781
v 0.12682134 -0.15222468 0.02272622
v 0.12496463 -0.14486102 0.02212907
v 0.12842521 -0.14718679 0.02605665
v 0.12895064 -0.15151086 0.02346337
v 0.12776755 -0.15279542 0.02302517
v 0.12594902 -0.15694354 0.01699757
v 0.12846987 -0.15848882 0.01633513
v 0.12681131 -0.14854703 0.00878651
v 0.13755280 -0.15245689 0.01536769
v 0.13503585 -0.15692487 0.01751419
v 0.13595143 -0.15487561 0.01898990
v 0.13282374 -0.15867647 0.02145943
v 0.12883541 -0.15878120 0.02171362
v 0.12443902 -0.14362910 0.01143824
v 0.13663379 -0.14266376 0.01101929
v 0.13802698 -0.14375018 0.01445593
v 0.13323218 -0.13574299 0.00991002
v 0.13322995 -0.13396820 0.01053721
v 0.13681391 -0.13475230 0.01228824
v 0.12906874 -0.14065544 0.02870334
v 0.12830366 -0.13774157 0.02993952
v 0.12541996 -0.13701382 0.02551884
v 0.12567474 -0.13665755 0.01328152
v 0.12455109 -0.13871322 0.01695037
v 0.12440392 -0.13609536 0.01785760
v 0.12577512 -0.13003298 0.02687915
v 0.12546862 -0.13384275 0.02640115
v 0.12848333 -0.13299319 0.03088111
v 0.12523901 -0.13189051 0.01464902
v 0.12528859 -0.13328734 0.01447835
v 0.12439901 -0.13404339 0.01838783
v 0.12836616 -0.13125264 0.01185208
v 0.13656033 -0.13037689 0.01262023
v 0.13678939 -0.13288873 0.01263645
v 0.13330051 -0.13238364 0.01097436
v 0.13829828 -0.12957282 0.01851644
v 0.13854934 -0.13283850 0.01788908
v 0.13813933 -0.12910857 0.02411597
v 0.13581309 -0.12860682 0.02943684
v 0.13693461 -0.13264073 0.02827903
v 0.13842521 -0.13554216 0.01709979
v 0.12558793 -0.13487960 0.01400921
v 0.12829298 -0.13256004 0.01131798
v 0.13847739 -0.13348723 0.02368347
v 0.13679144 -0.13756812 0.02780292
v 0.13813747 -0.13796097 0.01650703
v 0.13833449 -0.13674920 0.02281061
v 0.13571931 -0.14062665 0.02691451
v 0.12821620 -0.13405315 0.01078680
v 0.12824609 -0.13563836 0.01043411
v 0.13698856 -0.11866095 0.02555707
v 0.13495935 -0.11697612 0.02971677
v 0.13515804 -0.12023316 0.02955987
v 0.12469185 -0.12567874 0.01330238
v 0.12735958 -0.12197751 0.00984892
v 0.12808668 -0.12514069 0.01039050
v 0.13582748 -0.12395909 0.01231203
v 0.13240155 -0.12457105 0.01056737
v 0.13292243 -0.11948220 0.00998312
v 0.13626406 -0.11986752 0.01314753
v 0.13806282 -0.12093835 0.01804005
v 0.13774416 -0.12306746 0.01809828
v 0.12886745 -0.12119646 0.03142412
v 0.12865826 -0.11783144 0.03251243
v 0.12550706 -0.12136935 0.02817614
v 0.12412436 -0.12761863 0.01906505
v 0.12363746 -0.12574549 0.01945322
v 0.13775716 -0.11316096 0.02774166
v 0.13553528 -0.10997605 0.03254895
v 0.12386299 -0.12127790 0.01452279
v 0.12498320 -0.11674186 0.00914098
v 0.13391136 -0.11162626 0.00875934
v 0.13700184 -0.11560985 0.01311566
v 0.13806170 -0.11803580 0.01948980
v 0.12734620 -0.11153954 0.03523892
v 0.12477355 -0.11741548 0.03060639
v 0.12281909 -0.12328594 0.02125981
v 0.14973605 -0.13622274 0.02302601
v 0.14940328 -0.13742904 0.02269932
v 0.15184547 -0.13789430 0.01979125
v 0.14194697 -0.14410858 0.01999314
v 0.14165561 -0.14251493 0.02055481
v 0.14077233 -0.14206080 0.01885392
v 0.15034170 -0.13970096 0.02115925
v 0.14868704 -0.13890738 0.02231662
v 0.14850989 -0.13956715 0.02150260
v 0.13907543 -0.13919790 0.01579095
v 0.13895315 -0.13594550 0.01575492
v 0.13972974 -0.13500578 0.01157299
v 0.15008051 -0.13482954 0.02344217
v 0.15250471 -0.13605525 0.01942804
v 0.14958443 -0.14254389 0.01091979
v 0.14964265 -0.13544439 0.00773700
v 0.15209868 -0.13543399 0.01134537
v 0.14824982 -0.14499371 0.01871362
v 0.14907200 -0.14476957 0.01630895
v 0.15027662 -0.14337174 0.01804858
v 0.14957329 -0.14033799 0.02104862
v 0.14804118 -0.14029880 0.02164699
v 0.15013223 -0.14203136 0.02037201
v 0.14911944 -0.14219469 0.02055541
v 0.14907645 -0.14358955 0.02039271
v 0.14257322 -0.14373812 0.02067921
v 0.14242755 -0.14252494 0.02086085
v 0.13936261 -0.13307832 0.01549183
v 0.14999306 -0.12977699 0.00827775
v 0.15245670 -0.13126285 0.01125444
v 0.13982732 -0.13616444 0.02052896
v 0.13986520 -0.13774825 0.02026880
v 0.14273998 -0.13710694 0.02317936
v 0.14312559 -0.13860961 0.02260822
v 0.14118569 -0.13934367 0.02082964
v 0.14195308 -0.14000206 0.02123856
v 0.14026594 -0.13468034 0.02093567
v 0.14268325 -0.13608134 0.02335595
v 0.14268659 -0.14075859 0.02127902
v 0.14356541 -0.14002797 0.02156519
v 0.14316143 -0.14498136 0.01915470
v 0.14120316 -0.14394331 0.01781830
v 0.14276803 -0.14287759 0.01086323
v 0.14039611 -0.14149266 0.01328600
v 0.15215170 -0.14114438 0.01440535
v 0.15279746 -0.13538720 0.01510554
v 0.14972454 -0.14380515 0.01931437
v 0.15081514 -0.14168607 0.01956219
v 0.14772364 -0.14449762 0.02005705
v 0.14207221 -0.13483995 0.00735957
v 0.14065498 -0.13086138 0.01050118
v 0.15272662 -0.13260600 0.01469894
v 0.15249468 -0.12781603 0.01194733
v 0.14999269 -0.12707667 0.00870505
v 0.14987244 -0.12306635 0.00958997
v 0.14360599 -0.12946279 0.02597712
v 0.14301611 -0.12664706 0.02710633
v 0.14093194 -0.12573956 0.02326619
v 0.13995823 -0.12825464 0.01583699
v 0.13946715 -0.12469956 0.01685380
v 0.14074615 -0.12359504 0.01197350
v 0.14139525 -0.12108839 0.02427773
v 0.14098393 -0.12304778 0.02322302
v 0.14312623 -0.12318826 0.02863167
v 0.14070725 -0.12247397 0.01233362
v 0.13958210 -0.12312485 0.01672801
v 0.13969965 -0.12182738 0.01669922
v 0.14073835 -0.12109823 0.01128588
v 0.14388592 -0.12064207 0.00876941
v 0.14377906 -0.12221540 0.00898768
v 0.15287044 -0.12018413 0.01338971
v 0.15323217 -0.12185858 0.01366200
v 0.14989213 -0.12204538 0.00957359
v 0.15395611 -0.11967960 0.01720300
v 0.15232449 -0.11964608 0.02312285
v 0.15068534 -0.11964831 0.02680687
v 0.15182040 -0.12357024 0.02685795
v 0.15390597 -0.12227853 0.01724468
v 0.15371341 -0.12497634 0.01674085
v 0.15286356 -0.12408842 0.01316674
v 0.14349438 -0.12341369 0.00921597
v 0.15285568 -0.12319458 0.02256848
v 0.15157697 -0.12683156 0.02590059
v 0.15287842 -0.12887998 0.01556438
v 0.15273498 -0.12654540 0.02197456
v 0.15031003 -0.12998043 0.02493719
v 0.14318259 -0.12666907 0.00854411
v 0.14102108 -0.12668894 0.01050273
v 0.15250731 -0.10934580 0.02277275
v 0.15064698 -0.10850023 0.02692984
v 0.15072367 -0.11287062 0.02670625
v 0.14057354 -0.11590984 0.01029365
v 0.14248985 -0.11338083 0.00813381
v 0.14328798 -0.11682710 0.00848689
v 0.14914599 -0.11507466 0.00897899
v 0.14915528 -0.11127975 0.00817808
v 0.15151595 -0.11082247 0.01057661
v 0.15340691 -0.11102814 0.01740605
v 0.15343413 -0.11400152 0.01735320
v 0.15209988 -0.11471506 0.01179353
v 0.14428108 -0.11419455 0.02905487
v 0.14416168 -0.11055432 0.03003824
v 0.14127994 -0.11493214 0.02578387
v 0.14092182 -0.11786403 0.01047788
v 0.13985657 -0.11932046 0.01683604
v 0.13967263 -0.11802114 0.01655373
v 0.15287527 -0.10371628 0.02676110
v 0.15056324 -0.10230424 0.03094923
v 0.13862854 -0.11406047 0.01323199
v 0.13974421 -0.10934014 0.00775466
v 0.14973613 -0.10349782 0.00764320
v 0.15161874 -0.10573389 0.00946938
v 0.15301436 -0.10739857 0.01738801
v 0.14270600 -0.10548905 0.03139668
v 0.14069294 -0.11172858 0.02793253
v 0.13896178 -0.11685635 0.01883560
v 0.16692394 -0.10417003 0.02116866
v 0.16788056 -0.09981803 0.02148926
v 0.16566352 -0.10035052 0.02616307
v 0.16984042 -0.09373161 0.02113872
v 0.16689804 -0.09367394 0.02698546
v 0.11536342 -0.15892502 0.02549371
v 0.11529295 -0.15967682 0.02485816
v 0.16738772 -0.07943056 0.02384916
v 0.16281260 -0.07833273 0.02889045
v 0.16515257 -0.10144000 0.00972545
v 0.16596871 -0.10495861 0.01138289
v 0.16070716 -0.10545460 0.00886366
v 0.15424943 -0.10762030 0.01663166
v 0.15570585 -0.10572256 0.00930120
v 0.15693211 -0.10740898 0.00987150
v 0.16847767 -0.10012814 0.01445140
v 0.16783432 -0.10446270 0.01559470
v 0.15595877 -0.10830144 0.02255166
v 0.15566027 -0.10624642 0.02292085
v 0.15424943 -0.10762030 0.01663166
v 0.15422000 -0.10476780 0.00913672
v 0.16432167 -0.09596369 0.00850720
v 0.16981432 -0.09402426 0.01443429
v 0.15542768 -0.10255605 0.02689597
v 0.15374359 -0.10713805 0.01713466
v 0.11392315 -0.16431025 0.01227412
v 0.11391628 -0.15265345 0.00940441
v 0.11540502 -0.15209506 0.02865431
v 0.14717629 -0.12699377 0.02786906
v 0.14772837 -0.12336282 0.02907396
v 0.11516658 -0.16480374 0.02354461
v 0.11555952 -0.14544867 0.03208734
v 0.11583770 -0.14245912 0.03351164
v 0.13242904 -0.13278576 0.03118836
v 0.13247072 -0.12832057 0.03167991
v 0.12942834 -0.12882826 0.03111216
v 0.13088412 -0.15051756 0.02402714
v 0.13088031 -0.15136814 0.02310757
v 0.11531598 -0.11919093 0.03592594
v 0.11542442 -0.12422083 0.03514987
v 0.11541950 -0.15471768 0.02729261
v 0.11516408 -0.10965814 0.03943735
v 0.15374359 -0.10713805 0.01713466
v 0.11470661 -0.16810090 0.02008999
v 0.11451507 -0.16767009 0.01777021
v 0.13073074 -0.13550697 0.01003038
v 0.13080130 -0.13392242 0.01046753
v 0.11230359 -0.13151290 0.03422024
v 0.11600055 -0.13148003 0.03492446
v 0.11523687 -0.15648867 0.02668141
v 0.11132441 -0.15473029 0.02736826
v 0.09904246 0.06365515 0.02604436
v 0.10029759 0.06418135 0.03720601
v 0.13182542 -0.14500614 0.02712863
v 0.13121401 -0.14733443 0.02600336
v 0.14405704 0.06995321 0.02121150
v 0.14921813 -0.02812316 0.06234382
v 0.15112385 -0.00963241 0.07673306
v 0.14543102 -0.01690880 0.07947493
v 0.16115840 0.03948760 0.07646271
v 0.15763377 0.05086359 0.07502055
v 0.15739477 0.05120931 0.09050862
v 0.15325028 -0.02149379 0.05779795
v 0.12384841 -0.04810933 0.07126199
v 0.13002963 -0.04677694 0.06912234
v 0.12823133 -0.02785752 0.08261494
v 0.15024402 0.05750077 0.02243821
v 0.14524309 0.06932325 0.02969275
v 0.14085738 -0.03893289 0.06741836
v 0.13870302 -0.02242636 0.08060358
v 0.13369336 -0.02602654 0.08174214
v 0.16013706 0.04078405 0.09237780
v 0.15927598 0.02658889 0.09228338
v 0.13541031 -0.04288946 0.06897275
v 0.13249180 -0.01471582 0.09641065
v 0.12299215 -0.01559022 0.09994999
v 0.15182162 0.05153926 0.04643437
v 0.14685263 0.06383612 0.04855287
v 0.14713573 0.06033706 0.06237315
v 0.10004950 -0.04589284 0.06499857
v 0.10520622 -0.04537966 0.06845873
v 0.14488915 -0.00562664 0.09315459
v 0.09269464 -0.02394678 0.04043516
v 0.09496992 -0.02134559 0.03162551
v 0.09314557 -0.04213153 0.03059078
v 0.08911466 -0.04443576 0.03842995
v 0.08901732 -0.04468423 0.04599168
v 0.09161347 -0.02557367 0.04772921
v 0.15913959 0.03827346 0.06202172
v 0.15373941 0.04959088 0.06046345
v 0.17086537 -0.07045933 0.01987692
v 0.17231539 -0.07013557 0.01284924
v 0.16932575 -0.04849994 0.02053411
v 0.16632572 -0.06763850 0.02815268
v 0.16679395 -0.04628076 0.02845795
v 0.16491961 -0.02142251 0.02994139
v 0.16567967 -0.02098266 0.02353111
v 0.16106147 0.00267724 0.02806590
v 0.09155016 -0.06365862 0.01836198
v 0.08520041 -0.06532016 0.02294437
v 0.10286486 -0.06355110 0.01551512
v 0.09828556 -0.03964811 0.02367816
v 0.11186572 -0.06348862 0.01286955
v 0.10624947 -0.03791963 0.01942084
v 0.11477912 -0.03581345 0.01622754
v 0.12293979 -0.03323699 0.01296629
v 0.12089805 -0.06238604 0.01141803
v 0.13077530 -0.02916502 0.00989823
v 0.12810665 -0.05948284 0.01000559
v 0.13731678 -0.02626894 0.00723881
v 0.13567354 -0.05660647 0.00735077
v 0.16058200 0.00452363 0.02099727
v 0.16399372 -0.01909487 0.01759179
v 0.16226209 -0.01596019 0.01406190
v 0.15850682 0.00772844 0.01563201
v 0.15672412 -0.01835247 0.00879764
v 0.16237314 -0.04339938 0.03485839
v 0.15868166 -0.04362278 0.03965567
v 0.16162292 -0.06859725 0.03220932
v 0.15453569 -0.04550074 0.04498207
v 0.15634158 -0.06721816 0.03656220
v 0.15043075 -0.05010659 0.04820039
v 0.14193759 -0.05370467 0.00471538
v 0.14333654 -0.02389382 0.00621670
v 0.15000763 -0.02084933 0.00717899
v 0.14714612 -0.05269662 0.00434248
v 0.11519119 -0.16163667 0.02414945
v 0.11375073 -0.13300358 0.01249217
v 0.11338092 -0.13133045 0.01212741
v 0.11571885 -0.13128151 0.01220362
v 0.11255131 -0.12206052 0.01001577
v 0.11254741 -0.12557707 0.01081226
v 0.10281611 0.06080680 0.04989857
v 0.10500205 0.05689101 0.06318695
v 0.11237610 0.07516301 0.05892980
v 0.14676888 -0.05577752 0.04925178
v 0.14556519 -0.07316875 0.04056477
v 0.15025981 -0.07067939 0.03928305
v 0.15334081 -0.05208484 0.00361008
v 0.16035312 -0.05136590 0.00476258
v 0.16483855 -0.05001059 0.00780275
v 0.15271761 0.04345271 0.01235902
v 0.14816245 0.05623542 0.01052005
v 0.14963717 0.05795546 0.01530743
v 0.16866253 -0.04971997 0.01315257
v 0.16932575 -0.04849994 0.02053411
v 0.14122413 -0.06017837 0.05193953
v 0.14095951 -0.07684622 0.04316072
v 0.13569546 -0.06374396 0.05461395
v 0.13574643 -0.08033593 0.04515414
v 0.13106684 -0.06529722 0.05643570
v 0.12624401 -0.08259867 0.04899328
v 0.13099619 -0.08150472 0.04763341
v 0.12058830 -0.08339224 0.05061359
v 0.12600797 -0.06600287 0.05846903
v 0.11421163 -0.08277962 0.05218304
v 0.11956900 -0.06630853 0.06061631
v 0.11286672 -0.06653081 0.06185320
v 0.10611605 -0.06742605 0.06161258
v 0.10760386 -0.08224611 0.05433291
v 0.14051662 0.06583653 0.00927430
v 0.14275094 0.06856229 0.01398138
v 0.15683564 0.03856134 0.04823637
v 0.14609192 0.06750354 0.03887269
v 0.14524309 0.06932325 0.02969275
v 0.13568728 0.08216734 0.03145551
v 0.09925193 -0.08106090 0.05448096
v 0.09849790 -0.06686386 0.05853687
v 0.09324938 -0.06757740 0.05406229
v 0.10389836 -0.02248033 0.07588643
v 0.09911934 0.06088782 0.01573146
v 0.11017781 0.06694956 0.00741535
v 0.09195747 -0.08042155 0.05081680
v 0.08810671 -0.06534698 0.04795180
v 0.11391043 -0.00623523 0.10479762
v 0.11879390 -0.01296042 0.10251326
v 0.11864136 -0.00263157 0.12092638
v 0.13181288 0.07145624 0.00752504
v 0.09347004 -0.00531389 0.04494721
v 0.09310450 -0.02318605 0.05362410
v 0.09125540 -0.04294108 0.05313593
v 0.10953892 0.01476951 0.12360972
v 0.11414719 0.00360931 0.12243825
v 0.12579257 0.08208415 0.07230043
v 0.12691679 0.08003251 0.08472209
v 0.13704157 0.07092103 0.07894171
v 0.09386385 -0.00325406 0.05224685
v 0.15106545 0.05402196 0.03816890
v 0.15060808 0.05594732 0.03025834
v 0.11879390 -0.01296042 0.10251326
v 0.10588532 0.00134936 0.09317457
v 0.11391043 -0.00623523 0.10479762
v 0.11431339 0.07257023 0.07333926
v 0.10554503 0.05395567 0.07772230
v 0.10521569 0.05269629 0.09147030
v 0.11614920 0.06968308 0.08664329
v 0.12691679 0.08003251 0.08472209
v 0.12725207 0.07728665 0.11083038
v 0.10927709 0.05729739 0.11687038
v 0.11876095 0.07072860 0.11445705
v 0.10647148 0.04740680 0.13962529
v 0.10610017 0.03409097 0.14283118
v 0.10272939 0.04160887 0.17321465
v 0.15778910 0.02380988 0.02720749
v 0.15470913 0.04194474 0.02497732
v 0.15491645 0.04038254 0.03206549
v 0.15766022 0.02612523 0.02084740
v 0.15432835 0.04369771 0.01799468
v 0.15600343 0.02763054 0.01425858
v 0.14938174 0.06398831 0.13063299
v 0.14888908 0.05963753 0.09037961
v 0.14887134 0.05978081 0.07611843
v 0.13732114 0.07610974 0.06691254
v 0.12825817 0.07798230 0.09749778
v 0.13816903 0.06868282 0.10870229
v 0.11809021 0.06810865 0.10085146
v 0.14919363 0.06044973 0.10665274
v 0.15739477 0.05120931 0.09050862
v 0.10867237 0.00756633 0.10775671
v 0.14888908 0.05963753 0.09037961
v 0.13843040 0.06991369 0.09309636
v 0.11809021 0.06810865 0.10085146
v 0.12825817 0.07798230 0.09749778
v 0.13249180 -0.01471582 0.09641065
v 0.13795316 -0.01168213 0.09524109
v 0.10846764 0.05459642 0.10383710
v 0.12601958 0.08508454 0.05695177
v 0.15803618 0.02282019 0.04108809
v 0.15544421 0.03937682 0.03949069
v 0.12825817 0.07798230 0.09749778
v 0.13843040 0.06991369 0.09309636
v 0.15124893 0.00099191 0.09073713
v 0.12745058 -0.01599090 0.09770498
v 0.12299215 -0.01559022 0.09994999
v 0.12297061 -0.02819205 0.08438080
v 0.12745058 -0.01599090 0.09770498
v 0.14488915 -0.00562664 0.09315459
v 0.09773122 -0.00184167 0.06969369
v 0.09650843 0.01712333 0.06934112
v 0.16491961 -0.02142251 0.02994139
v 0.11505052 -0.16667335 0.02264946
v 0.09473610 -0.00452356 0.03783557
v 0.09580791 -0.00302516 0.02830725
v 0.16275985 -0.02081795 0.03608526
v 0.10147631 -0.00090572 0.08044713
v 0.09885388 0.01727043 0.08134566
v 0.10214231 0.01815883 0.09437632
v 0.10867237 0.00756633 0.10775671
v 0.10515293 0.02175332 0.10785829
v 0.10515293 0.02175332 0.10785829
v 0.16064188 -0.01994615 0.04156918
v 0.16034876 0.00214628 0.04043865
v 0.12579257 0.08208415 0.07230043
v 0.08310234 -0.06719914 0.04226069
v 0.08036788 -0.08039388 0.03858613
v 0.08529395 -0.07946269 0.04467000
v 0.15179275 0.02938035 0.00826054
v 0.14908481 0.04306686 0.00708723
v 0.15491645 0.04038254 0.03206549
v 0.14617056 0.05464279 0.00726698
v 0.15762931 0.02281090 0.03422621
v 0.16027457 0.00167782 0.03430014
v 0.15762931 0.02281090 0.03422621
v 0.15446298 0.01191147 0.01098271
v 0.08151585 -0.06530567 0.03099987
v 0.07725427 -0.08151373 0.02871263
v 0.10660258 0.02809973 0.12311371
v 0.15725773 -0.02022839 0.04885719
v 0.15060808 0.05594732 0.03025834
v 0.15856467 -0.10632321 0.02742366
v 0.15801992 -0.10388722 0.02808837
v 0.15740648 -0.09874507 0.02946584
v 0.16460727 -0.10423912 0.02565802
v 0.16212793 -0.10172719 0.02872641
v 0.14574299 -0.14503624 0.01883842
v 0.14589193 -0.14489538 0.01621371
v 0.14559601 -0.14258604 0.02086655
v 0.14566750 -0.14137139 0.02140216
v 0.11150852 -0.14542833 0.01109406
v 0.11439343 -0.14539213 0.01102975
v 0.08385085 -0.08452787 0.01084740
v 0.07706970 -0.08243942 0.01709110
v 0.14448767 -0.03430225 0.06517290
v 0.15340691 -0.11102814 0.01740605
v 0.15301436 -0.10739857 0.01738801
v 0.09448656 -0.08627994 0.00706083
v 0.10575608 -0.08762587 0.00619612
v 0.11541969 -0.15808298 0.02594281
v 0.16174549 0.00260978 0.04786059
v 0.12542498 0.08676328 0.03349115
v 0.14889196 -0.14125542 0.02093446
v 0.15250637 -0.13915992 0.01695590
v 0.15279746 -0.13538720 0.01510554
v 0.15254232 -0.13410607 0.01939682
v 0.13936261 -0.13307832 0.01549183
v 0.14094002 -0.12993623 0.02220721
v 0.15287842 -0.12887998 0.01556438
v 0.15371341 -0.12497634 0.01674085
v 0.15390597 -0.12227853 0.01724468
v 0.15395611 -0.11967960 0.01720300
v 0.15239552 -0.11306523 0.02236975
v 0.13895315 -0.13594550 0.01575492
v 0.14288047 -0.12983048 0.00796324
v 0.14651327 -0.12980829 0.00792749
v 0.13946715 -0.12469956 0.01685380
v 0.13969965 -0.12182738 0.01669922
v 0.15343413 -0.11400152 0.01735320
v 0.14973140 0.01176986 0.00803962
v 0.10016528 0.03496992 0.08041868
v 0.10164650 0.03496117 0.09324607
v 0.10451200 0.03790111 0.10628394
v 0.10660258 0.02809973 0.12311371
v 0.10644864 0.04237442 0.12115135
v 0.10451200 0.03790111 0.10628394
v 0.11421869 -0.08721984 0.00694771
v 0.12199840 -0.08532610 0.00699154
v 0.13081401 -0.08272716 0.00591016
v 0.13696879 -0.08045673 0.00431857
v 0.11795297 -0.04611531 0.07267669
v 0.09928377 -0.01793590 0.02355955
v 0.10693637 -0.01546709 0.01875940
v 0.11401043 -0.01066045 0.01425543
v 0.12078328 -0.00601984 0.01061889
v 0.13612061 0.00531795 0.00632994
v 0.14396216 0.00999774 0.00642163
v 0.12704408 -0.00097329 0.00851224
v 0.12509073 0.06298540 0.00403533
v 0.11184065 0.05859428 0.00384927
v 0.10055785 0.01434155 0.01655445
v 0.09951246 -0.00135372 0.02115792
v 0.13227824 0.06443913 0.00488245
v 0.10463502 0.04584974 0.00549591
v 0.10120732 0.05573780 0.00984549
v 0.13967680 0.06162011 0.00595904
v 0.14159116 0.03007236 0.00438177
v 0.13679032 0.04723186 0.00296728
v 0.14361573 0.04619647 0.00453402
v 0.12404460 0.02233894 0.00489587
v 0.11623007 0.01621776 0.00761874
v 0.11059332 0.03504202 0.00476153
v 0.13377850 0.02854319 0.00386953
v 0.10876633 0.00956502 0.01236937
v 0.14694845 0.03008724 0.00596750
v 0.11925564 0.04218355 0.00297581
v 0.13058654 0.04632387 0.00258620
v 0.10520140 -0.00179180 0.01806108
v 0.10077093 0.03188724 0.01050533
v 0.09557492 -0.04402528 0.06023344
v 0.14273692 -0.07714630 0.00339807
v 0.14845863 -0.07541653 0.00231779
v 0.14569750 -0.11206479 0.00718430
v 0.14613035 -0.11585543 0.00878574
v 0.09507137 -0.16681569 0.02447724
v 0.09501143 -0.16767557 0.02291028
v 0.09489947 -0.16672803 0.01815285
v 0.09246889 -0.11837248 0.04208973
v 0.10141335 -0.12697352 0.02037284
v 0.09842000 -0.13340534 0.01531871
v 0.09339825 -0.13519992 0.03637864
v 0.09347689 -0.13781195 0.03575687
v 0.10554401 -0.14352744 0.01820166
v 0.09400851 -0.14725820 0.03230451
v 0.08777284 -0.15070409 0.03000532
v 0.09400403 -0.15027141 0.02973834
v 0.09474091 -0.15653788 0.02790026
v 0.10032387 -0.15572183 0.02759080
v 0.09465602 -0.16389568 0.02652191
v 0.09454716 -0.16539407 0.02562078
v 0.10476204 -0.15214093 0.01876593
v 0.08096784 -0.13062284 0.02303707
v 0.08941893 -0.13283107 0.01133751
v 0.09368161 -0.16124049 0.01137559
v 0.09250559 -0.15512194 0.00924602
v 0.09052484 -0.10991543 0.01109910
v 0.08844347 -0.12081597 0.01227490
v 0.09003256 -0.13630779 0.00956324
v 0.09024712 -0.13939446 0.00847045
v 0.08785446 -0.16091774 0.01290159
v 0.09079302 -0.16626268 0.01906151
v 0.09099973 -0.14395845 0.00856393
v 0.11398880 -0.13505137 0.01250097
v 0.11037512 -0.16367071 0.01313187
v 0.11155736 -0.16751596 0.01802450
v 0.11491951 -0.16725021 0.02127099
v 0.11875797 -0.16171791 0.02337532
v 0.11147649 -0.15856746 0.02573246
v 0.12197176 -0.14812977 0.01740241
v 0.11619368 -0.13668104 0.03516874
v 0.08880619 -0.11516371 0.01188269
v 0.15449956 -0.07442573 0.00187295
v 0.16289746 -0.07299550 0.00270867
v 0.13795316 -0.01168213 0.09524109
v 0.17005527 -0.07195764 0.00654694
v 0.17231539 -0.07013557 0.01284924
v 0.13214631 -0.11613333 0.03255842
v 0.13229951 -0.11967542 0.03194351
v 0.12580102 -0.12407283 0.02790984
v 0.13230452 -0.13781993 0.02987333
v 0.12546026 -0.13953968 0.02443307
v 0.12455109 -0.13871322 0.01695037
v 0.12870932 -0.14495369 0.02665241
v 0.12938796 -0.15198727 0.02324587
v 0.13097772 -0.15342187 0.02256938
v 0.13091950 -0.15602220 0.02251851
v 0.13096461 -0.15723471 0.02225243
v 0.13096073 -0.15891797 0.02153126
v 0.12865974 -0.15918036 0.01977719
v 0.13078366 -0.15927654 0.01633219
v 0.12316207 -0.14800599 0.01496719
v 0.12370143 -0.14485704 0.01506166
v 0.12735280 -0.14280712 0.00828434
v 0.13050075 -0.14268650 0.00800962
v 0.12440392 -0.13609536 0.01785760
v 0.12439901 -0.13404339 0.01838783
v 0.12465109 -0.13181558 0.01861363
v 0.12412436 -0.12761863 0.01906505
v 0.12465109 -0.13181558 0.01861363
v 0.12468628 -0.12762262 0.01370361
v 0.12363746 -0.12574549 0.01945322
v 0.12281909 -0.12328594 0.02125981
v 0.12103156 -0.12316208 0.02104021
v 0.12098189 -0.12579536 0.01893859
v 0.12087047 -0.12612145 0.02743473
v 0.12124939 -0.12756069 0.01922034
v 0.12242393 -0.13547179 0.01960486
v 0.12165690 -0.13248308 0.01972168
v 0.12278984 -0.13799542 0.01905011
v 0.12251463 -0.14059722 0.01864528
v 0.12243134 -0.14076807 0.02527262
v 0.11405165 -0.13700110 0.01261669
v 0.12259263 -0.15306849 0.01713981
v 0.12185754 -0.15723954 0.02257618
v 0.12247991 -0.15908388 0.01835440
v 0.12081764 -0.16365799 0.02070794
v 0.10720406 -0.15374015 0.02044124
v 0.10781760 -0.14882103 0.02096987
v 0.10740628 -0.14071905 0.02182137
v 0.10687871 -0.13698494 0.02237274
v 0.10674278 -0.13231241 0.02399521
v 0.10924339 -0.12525211 0.03290448
v 0.10533018 -0.12838472 0.02396810
v 0.10443651 -0.12698986 0.02300032
v 0.10305761 -0.12362892 0.02241917
v 0.10150203 -0.12279541 0.02039836
v 0.10110082 -0.12499622 0.02167643
v 0.10394283 -0.13558366 0.01934497
v 0.10327367 -0.13315103 0.01964775
v 0.10484848 -0.13849131 0.01865574
v 0.10387450 -0.14977450 0.02626545
v 0.10423586 -0.15750824 0.01935465
v 0.10476204 -0.15214093 0.01876593
v 0.10332260 -0.16096862 0.02255930
v 0.13557791 -0.15268883 0.02169391
v 0.13755280 -0.15245689 0.01536769
v 0.13798798 -0.14765977 0.01386300
v 0.13802698 -0.14375018 0.01445593
v 0.13809272 -0.14478062 0.01977780
v 0.13656638 -0.13716442 0.01215791
v 0.13813747 -0.13796097 0.01650703
v 0.13820766 -0.13917580 0.02192436
v 0.13842521 -0.13554216 0.01709979
v 0.13854934 -0.13283850 0.01788908
v 0.13829828 -0.12957282 0.01851644
v 0.13084633 -0.13093695 0.01135284
v 0.13317006 -0.13079786 0.01124255
v 0.13709757 -0.12136044 0.02530676
v 0.13774416 -0.12306746 0.01809828
v 0.13806282 -0.12093835 0.01804005
v 0.13806170 -0.11803580 0.01948980
v 0.13896178 -0.11685635 0.01883560
v 0.13967263 -0.11802114 0.01655373
v 0.13985657 -0.11932046 0.01683604
v 0.14121197 -0.11679385 0.02544368
v 0.14932937 -0.12036975 0.00913235
v 0.14757239 -0.10848175 0.03017876
v 0.14805363 -0.11296366 0.02926932
v 0.14650566 -0.12061533 0.00779622
v 0.15212523 -0.13044615 0.02124459
v 0.14285428 -0.13449734 0.02387761
v 0.14633044 -0.13631717 0.02462755
v 0.14597057 -0.13874787 0.02320238
v 0.14351314 -0.13918666 0.02183725
v 0.14589201 -0.13950105 0.02247435
v 0.14565098 -0.14370441 0.02069144
v 0.14399846 -0.14451796 0.02010072
v 0.14268966 -0.14510029 0.01696039
v 0.14596899 -0.13510327 0.00721181
v 0.14649785 -0.13491878 0.02515220
v 0.14671763 -0.13016371 0.02655623
v 0.14657287 -0.12358221 0.00820581
v 0.14648319 -0.12219190 0.00791399
v 0.14389316 -0.12014579 0.02814870
v 0.14779022 -0.11974421 0.02892343
v 0.14471153 -0.10397190 0.00678086
v 0.12715066 -0.15546445 0.01221181
v 0.13012647 -0.14852577 0.00831229
v 0.13215094 -0.14080604 0.02881103
v 0.13078561 -0.13242736 0.01100668
v 0.13008813 -0.12045237 0.00977681
v 0.09408190 -0.15168077 0.02881978
v 0.09421870 -0.14932788 0.03091786
v 0.09364447 -0.14061161 0.03513006
v 0.09269077 -0.12445305 0.03964122
v 0.09334120 -0.10678977 0.04725382
v 0.13085349 -0.15192765 0.02293153
v 0.11424144 -0.11060074 0.00849303
v 0.13086415 -0.15959891 0.01949887
v 0.14586240 -0.14464636 0.02012734
v 0.14616211 -0.13734557 0.02400450
v 0.13173341 -0.10829196 0.03453220
v 0.13104029 -0.14864127 0.02538474
v 0.12823961 -0.11058933 0.00867705
v 0.13025497 -0.15636889 0.01167598
v 0.14655003 -0.12665634 0.00759942
v 0.13023881 -0.12471804 0.01038419
v 0.14596574 -0.14332113 0.01021949
v 0.14680193 -0.10164835 0.03257087
v 0.15776654 -0.11086639 0.00956916
v 0.15567448 -0.11142980 0.01246168
v 0.14591578 -0.14016194 0.02182928
v 0.16192914 -0.10516621 0.02832696
v 0.16022704 -0.11073900 0.00888790
v 0.15811204 -0.10817767 0.00968704
v 0.07832006 -0.10695318 0.03634870
v 0.07981773 -0.09232783 0.03507683
v 0.08391947 -0.09137807 0.04132518
v 0.09198620 -0.09319568 0.04773546
v 0.10064243 -0.09482769 0.04905880
v 0.10901340 -0.09615394 0.04592854
v 0.12106804 -0.09522907 0.04281935
v 0.12648996 -0.09423736 0.04168247
v 0.13517633 -0.09128987 0.03902278
v 0.14113128 -0.08789049 0.03808473
v 0.14980912 -0.08207611 0.03463895
v 0.17146359 -0.08053584 0.01195391
v 0.07706555 -0.09342223 0.02722221
v 0.07599551 -0.09495275 0.01736388
v 0.09169538 -0.09791760 0.00774957
v 0.10210312 -0.09952872 0.00668376
v 0.10995452 -0.09995331 0.00703421
v 0.15857479 -0.08479621 0.00297326
v 0.15181502 -0.08698818 0.00293850
v 0.14042637 -0.09223108 0.00400135
v 0.13545274 -0.09414265 0.00623100
v 0.12865130 -0.09660193 0.00685607
v 0.16550753 -0.12304879 0.01792738
v 0.16356495 -0.12297425 0.02023853
v 0.16321871 -0.12362752 0.01962545
v 0.15591207 -0.12900421 0.01726045
v 0.15504236 -0.12843802 0.01676852
v 0.15555766 -0.13032379 0.01563239
v 0.10735976 -0.15922492 0.02032005
v 0.16396067 -0.12608254 0.01801184
v 0.16283432 -0.12419464 0.01854848
v 0.16243136 -0.12465509 0.01831040
v 0.10946892 -0.16606045 0.01939643
v 0.10893782 -0.16351249 0.02127005
v 0.15449390 -0.12738409 0.01232698
v 0.15374118 -0.12631874 0.01414790
v 0.15304731 -0.12285530 0.01499724
v 0.16379001 -0.12213869 0.02048663
v 0.11451507 -0.16767009 0.01777021
v 0.11155736 -0.16751596 0.01802450
v 0.16371982 -0.12731882 0.01012790
v 0.16418908 -0.12159089 0.00879332
v 0.16625877 -0.12224037 0.01132617
v 0.16178698 -0.13164929 0.01576367
v 0.16220908 -0.13149776 0.01414037
v 0.16395529 -0.12955843 0.01554561
v 0.16321185 -0.12653137 0.01808323
v 0.16204259 -0.12520567 0.01825877
v 0.16339067 -0.12980894 0.01662346
v 0.16359029 -0.12840524 0.01751807
v 0.16266367 -0.12847897 0.01759948
v 0.15701289 -0.13032397 0.01737031
v 0.15678903 -0.12919911 0.01774641
v 0.15400115 -0.12125589 0.01162933
v 0.15330738 -0.12062609 0.01531551
v 0.16448360 -0.12029844 0.00865602
v 0.16637994 -0.12075710 0.01129435
v 0.15409382 -0.12272727 0.01844649
v 0.15465359 -0.12479065 0.01786833
v 0.15700898 -0.12377915 0.02007294
v 0.12033854 -0.16581366 0.01891629
v 0.11749235 -0.16763580 0.01769799
v 0.15573297 -0.12639155 0.01779772
v 0.15630297 -0.12686312 0.01803469
v 0.15713034 -0.12482853 0.01849298
v 0.12081764 -0.16365799 0.02070794
v 0.15406290 -0.12160490 0.01889908
v 0.15706340 -0.12302995 0.02052348
v 0.15696907 -0.12715105 0.01826065
v 0.15729209 -0.12520624 0.01829795
v 0.15761000 -0.13193582 0.01603678
v 0.15621150 -0.13059639 0.01679131
v 0.15686238 -0.12812188 0.00970885
v 0.16542601 -0.12638672 0.01238995
v 0.16628969 -0.12283126 0.01506022
v 0.16427673 -0.12787434 0.01670526
v 0.16230498 -0.12978202 0.01699686
v 0.16142088 -0.13079108 0.01671517
v 0.15788956 -0.13118375 0.01693382
v 0.15655801 -0.12081134 0.00767297
v 0.15409102 -0.12014792 0.01132600
v 0.16666230 -0.12145059 0.01472844
v 0.16673146 -0.11982537 0.01190294
v 0.16462779 -0.11927403 0.00900163
v 0.16421145 -0.11581625 0.00982695
v 0.15756384 -0.12059323 0.02249565
v 0.15791130 -0.11881220 0.02393129
v 0.15515860 -0.11750759 0.02088902
v 0.15355130 -0.11923234 0.01564717
v 0.15405779 -0.11671921 0.01659248
v 0.15469464 -0.11615562 0.01196199
v 0.15582628 -0.11350459 0.02226499
v 0.15561960 -0.11527958 0.02137631
v 0.15759254 -0.11674334 0.02514091
v 0.15499212 -0.11364275 0.01264580
v 0.15449483 -0.11449528 0.01680228
v 0.15452435 -0.11338008 0.01687687
v 0.15520484 -0.11262421 0.01270596
v 0.15731278 -0.11189033 0.00887755
v 0.15699692 -0.11263116 0.00863598
v 0.16766813 -0.11396196 0.01378812
v 0.16765020 -0.11489018 0.01380301
v 0.16405815 -0.11310683 0.01064026
v 0.16816504 -0.11437681 0.01747922
v 0.16659887 -0.11473698 0.02209415
v 0.16497736 -0.11447589 0.02484078
v 0.16491534 -0.11792671 0.02387041
v 0.16776283 -0.11603983 0.01753799
v 0.16714863 -0.11809087 0.01631581
v 0.16747287 -0.11721530 0.01338573
v 0.16580474 -0.11883606 0.02035774
v 0.16617232 -0.11706897 0.02095293
v 0.16673193 -0.12032879 0.01526558
v 0.16384777 -0.11950411 0.02268078
v 0.16393542 -0.12081932 0.02185319
v 0.15684149 -0.11571013 0.00757513
v 0.15694873 -0.11850246 0.00732631
v 0.15428323 -0.11894767 0.01110568
v 0.16077373 -0.11951990 0.02378640
v 0.16133351 -0.11738531 0.02435970
v 0.15961080 -0.13207602 0.01549249
v 0.15944767 -0.13265819 0.01374407
v 0.15960272 -0.12887990 0.01787065
v 0.15939585 -0.12728957 0.01833182
v 0.16255549 -0.12698206 0.01814659
v 0.16506881 -0.12453289 0.01752067
v 0.16549694 -0.12513771 0.01506885
v 0.16628969 -0.12283126 0.01506022
v 0.16574161 -0.12174919 0.01816801
v 0.15444033 -0.11974366 0.01958532
v 0.15355130 -0.11923234 0.01564717
v 0.16576871 -0.12052471 0.01926660
v 0.16673193 -0.12032879 0.01526558
v 0.16714863 -0.11809087 0.01631581
v 0.16776283 -0.11603983 0.01753799
v 0.16816504 -0.11437681 0.01747922
v 0.16670528 -0.11129599 0.02250158
v 0.16448628 -0.11092070 0.02585764
v 0.08710911 -0.16514859 0.02039027
v 0.15304731 -0.12285530 0.01499724
v 0.15330738 -0.12062609 0.01531551
v 0.15675197 -0.11951840 0.00745116
v 0.16002444 -0.11922659 0.00641756
v 0.15405779 -0.11671921 0.01659248
v 0.15449483 -0.11449528 0.01680228
v 0.15452435 -0.11338008 0.01687687
v 0.16815836 -0.11158495 0.01781260
v 0.16773163 -0.11191595 0.01403284
v 0.16815836 -0.11158495 0.01781260
v 0.16391072 -0.11198651 0.01082338
v 0.16037809 -0.11167370 0.00870184
v 0.15464988 -0.11208122 0.01694057
v 0.16062387 -0.12065497 0.02232443
v 0.15725401 -0.12209042 0.02142556
v 0.15995378 -0.12288315 0.02157565
v 0.09489947 -0.16672803 0.01815285
v 0.09079302 -0.16626268 0.01906151
v 0.15941424 -0.12403105 0.01884268
v 0.15687612 -0.12444877 0.01869597
v 0.15946381 -0.12459519 0.01847367
v 0.15953930 -0.13009315 0.01742753
v 0.15943763 -0.13122033 0.01652047
v 0.15702552 -0.13203898 0.01469086
v 0.10176906 -0.16440802 0.02050643
v 0.09873263 -0.16567207 0.01911021
v 0.10332260 -0.16096862 0.02255930
v 0.15962704 -0.12827350 0.00937807
v 0.16003678 -0.12024225 0.00680388
v 0.16005442 -0.12205096 0.02146175
v 0.16023094 -0.11811657 0.00638372
v 0.16042239 -0.11251632 0.00833725
v 0.15579015 -0.11182803 0.02252366
v 0.15464988 -0.11208122 0.01694057
v 0.15799680 -0.11348983 0.02580478
v 0.16146146 -0.11383105 0.02606849
v 0.16179108 -0.11048014 0.02692386
v 0.15867061 -0.11024327 0.02635223
v 0.15969390 -0.12344684 0.02086062
v 0.16074550 -0.11560214 0.00742144
v 0.16385036 -0.11114661 0.01100297
v 0.15953940 -0.12506250 0.01838063
v 0.15483251 -0.10930978 0.01623253
v 0.15483251 -0.10930978 0.01623253
v 0.16783432 -0.10446270 0.01559470
v 0.16268595 -0.09465480 0.03025419
v 0.15705773 -0.07899855 0.03256810
v 0.15985137 -0.10747686 0.00915332
v 0.15927468 -0.10321286 0.00793042
v 0.16625459 -0.08257238 0.00609683
v 0.11545859 -0.09593974 0.04387523
v 0.13069443 -0.09276069 0.04036460
v 0.14538599 -0.08381488 0.03672519
v 0.17098849 -0.07911247 0.01905841
v 0.17146359 -0.08053584 0.01195391
v 0.08029389 -0.09624707 0.01132406
v 0.14656025 -0.08891191 0.00407424
v 0.11699951 -0.09843069 0.00621506
v 0.16981432 -0.09402426 0.01443429
v 0.15689191 -0.09871843 0.00732686
v 0.10615886 0.02691734 0.00824527
v 0.10846764 0.05459642 0.10383710
v 0.10364367 0.05542550 0.17293694
v 0.10462833 0.02814572 0.17575974
v 0.10272939 0.04160887 0.17321465
v 0.10610017 0.03409097 0.14283118
v 0.12594902 -0.15694354 0.01699757
v 0.12530214 -0.15560029 0.01889852
v 0.13078366 -0.15927654 0.01633219
v 0.12846987 -0.15848882 0.01633513
v 0.13288251 -0.15847535 0.01669790
v 0.13503585 -0.15692487 0.01751419
v 0.13595143 -0.15487561 0.01898990
v 0.15027662 -0.14337174 0.01804858
v 0.15250637 -0.13915992 0.01695590
v 0.14907200 -0.14476957 0.01630895
v 0.14589193 -0.14489538 0.01621371
v 0.14268966 -0.14510029 0.01696039
v 0.14120316 -0.14394331 0.01781830
v 0.14077233 -0.14206080 0.01885392
v 0.15555766 -0.13032379 0.01563239
v 0.15504236 -0.12843802 0.01676852
v 0.15702552 -0.13203898 0.01469086
v 0.15944767 -0.13265819 0.01374407
v 0.16220908 -0.13149776 0.01414037
v 0.16395529 -0.12955843 0.01554561
v 0.16549694 -0.12513771 0.01506885
v 0.03374308 -0.05370115 1.65687412
v 0.05562926 -0.04973083 1.65670887
v 0.01803187 -0.07186934 1.59198673
v 0.01810182 -0.07213814 1.59051606
v 0.01903422 -0.08256560 1.59895785
v 0.01352209 -0.07537401 1.59083074
v 0.01810182 -0.07213814 1.59051606
v 0.01034838 -0.07318723 1.59134708
v -0.00283513 0.10181126 1.59441105
v -0.03025563 -0.05354934 1.65692150
v -0.00747330 -0.05684844 1.65561885
v -0.09241233 0.07078860 1.49351691
v -0.07975646 0.10654109 1.47941782
v -0.04663736 0.11740361 1.46154539
v -0.17370210 0.07667147 1.29851491
v -0.17430608 -0.05062330 0.72102499
v -0.18435585 -0.01346109 0.74309281
v -0.19766210 -0.01226731 0.78644467
v -0.17727632 -0.03035357 0.71115377
v -0.17607263 -0.02422382 0.70658107
v -0.18076083 -0.03205289 0.73410435
v -0.19871297 0.00715531 0.79198515
v -0.19719730 -0.01145367 0.78372699
v -0.17974684 0.00377894 0.71476839
v -0.19646826 0.00793409 0.76380944
v -0.18609648 0.00827200 0.74210556
v -0.19053336 0.01252439 0.77350047
v -0.17989121 0.02365586 0.74781975
v -0.16772942 -0.05506537 0.77507230
v -0.18875140 -0.04467615 0.80157363
v -0.19597969 -0.03516314 0.77800704
v -0.18218310 -0.04089637 0.74699593
v -0.18649248 -0.03844163 0.75649779
v -0.19518851 -0.01209879 0.76253463
v -0.19962427 0.00748587 0.76942540
v -0.18875623 0.00831141 0.74631378
v -0.19493095 -0.03024160 0.78855200
v -0.00414170 -0.06386744 1.58782997
v -0.01912244 0.02735300 1.59822811
v -0.21077700 0.02165961 0.89680117
v -0.19393535 0.02306414 0.85423621
v -0.18714717 -0.01423771 0.87240705
v -0.22819600 0.01330864 0.89116180
v -0.20202990 0.01742987 0.90138455
v -0.08375703 -0.12538980 0.01736399
v -0.12938862 0.06906247 0.09005133
v -0.08912604 0.06384204 0.10391073
v -0.10882874 0.08731167 0.09760730
v -0.13248290 -0.12232449 0.01219703
v -0.11884907 -0.12893830 0.01337078
v -0.08587741 0.03095379 0.10760342
v -0.10337860 -0.14304592 0.01344339
v -0.11732987 -0.14219284 0.01281725
v -0.10016539 -0.15560103 0.01641255
v -0.14641124 -0.11115980 0.01219222
v -0.13348733 -0.11603073 0.01170449
v -0.08161435 -0.15422697 0.01822927
v -0.08418549 0.05007944 0.17319998
v -0.11057633 -0.14902789 0.01378270
v -0.13532305 -0.12005071 0.01312357
v 0.03549233 -0.05255928 1.65993720
v 0.08849698 0.10266249 1.49814628
v 0.07674047 0.12520304 1.48344839
v 0.04294742 0.12808641 1.46385260
v 0.16274482 0.10480600 1.30583790
v 0.20973931 -0.01147631 0.76964732
v 0.20318362 0.03209571 0.74895382
v 0.19764910 0.02237298 0.72136629
v 0.19354294 -0.03623861 0.80103365
v 0.20253285 0.03214370 0.74668795
v 0.18475964 -0.03560454 0.83680552
v 0.20328650 -0.02447929 0.83260842
v 0.03046255 0.03326593 1.59950474
v 0.16274482 0.10480600 1.30583790
v 0.20845289 0.04147644 0.90875160
v 0.20425808 0.03290498 0.91208425
v 0.10840904 0.06619557 0.17264883
v 0.12259263 -0.15306849 0.01713981
v 0.03160698 -0.06795678 1.59155406
v 0.13798798 -0.14765977 0.01386300
v 0.16847767 -0.10012814 0.01445140
v 0.15124893 0.00099191 0.09073713
v 0.16027457 0.00167782 0.03430014
v 0.15272662 -0.13260600 0.01469894
v 0.13995823 -0.12825464 0.01583699
v 0.13907543 -0.13919790 0.01579095
v 0.13958210 -0.12312485 0.01672801
v 0.10515293 0.02175332 0.10785829
v 0.12359455 -0.15329438 0.01584447
v 0.10700369 -0.13465119 0.02326049
v 0.16666230 -0.12145059 0.01472844
v 0.15374118 -0.12631874 0.01414790
v 0.15081514 -0.14168607 0.01956219
v 0.16427673 -0.12787434 0.01670526
f 1 2 3
f 4 5 6
f 7 1 4
f 8 4 9
f 10 8 11
f 12 7 8
f 13 10 14
f 15 12 10
f 16 13 17
f 18 15 13
f 19 16 20
f 21 18 16
f 22 19 23
f 24 21 19
f 25 22 26
f 27 24 22
f 25 28 29
f 27 25 30
f 30 29 31
f 32 30 33
f 34 35 36
f 37 34 38
f 39 40 41
f 40 42 43
f 44 45 41
f 41 43 46
f 47 44 48
f 49 48 46
f 50 3 51
f 52 6 5
f 53 52 54
f 55 56 51
f 57 53 58
f 59 55 60
f 61 57 62
f 59 63 64
f 65 66 67
f 68 69 70
f 71 67 72
f 73 68 74
f 75 72 76
f 77 73 78
f 79 36 35
f 80 46 81
f 46 43 82
f 82 83 84
f 85 31 29
f 86 29 28
f 28 26 87
f 26 23 88
f 23 20 89
f 20 17 90
f 14 11 91
f 92 9 6
f 93 6 52
f 11 9 92
f 53 57 94
f 52 53 95
f 90 96 97
f 65 71 98
f 98 71 75
f 75 99 100
f 101 102 103
f 61 104 66
f 69 105 64
f 94 101 106
f 106 103 107
f 103 108 109
f 108 110 111
f 110 112 113
f 114 115 116
f 117 118 119
f 120 119 121
f 122 116 118
f 123 114 122
f 124 122 117
f 125 117 120
f 126 120 127
f 128 123 124
f 129 130 131
f 132 124 125
f 125 126 133
f 126 134 131
f 135 128 132
f 136 137 131
f 138 132 139
f 140 139 133
f 133 131 137
f 141 142 143
f 144 143 142
f 145 144 146
f 147 148 149
f 150 151 152
f 153 154 155
f 151 156 157
f 155 150 158
f 156 159 160
f 97 161 162
f 163 164 165
f 162 161 166
f 167 168 164
f 169 165 170
f 171 166 168
f 172 170 106
f 159 97 173
f 115 114 174
f 114 123 175
f 123 128 176
f 128 135 177
f 178 179 180
f 181 182 179
f 183 184 185
f 186 184 183
f 187 185 182
f 188 174 189
f 190 191 192
f 192 193 194
f 195 196 191
f 193 197 198
f 197 199 200
f 201 200 199
f 202 201 183
f 201 202 203
f 204 181 178
f 205 178 189
f 206 190 207
f 208 207 194
f 209 195 190
f 210 194 198
f 211 187 181
f 212 213 195
f 214 198 200
f 215 183 187
f 174 175 216
f 175 176 217
f 177 218 217
f 219 202 215
f 220 215 211
f 221 211 204
f 217 218 222
f 223 205 224
f 221 225 226
f 216 217 224
f 227 219 220
f 228 224 222
f 229 220 221
f 230 223 228
f 231 228 232
f 233 234 235
f 234 236 237
f 236 238 239
f 240 209 206
f 241 208 210
f 242 206 208
f 214 203 243
f 244 212 209
f 210 214 245
f 245 243 246
f 247 245 248
f 241 247 249
f 243 203 202
f 227 246 243
f 250 251 252
f 253 254 252
f 233 251 255
f 256 257 258
f 259 260 261
f 262 263 264
f 265 266 267
f 268 265 269
f 270 271 269
f 272 269 271
f 273 263 274
f 275 276 274
f 276 277 278
f 279 264 263
f 280 274 263
f 281 282 283
f 277 270 267
f 284 285 286
f 287 288 289
f 290 291 292
f 284 293 294
f 295 296 292
f 297 298 291
f 299 300 294
f 295 291 298
f 301 302 298
f 303 304 300
f 305 298 302
f 306 307 308
f 309 310 311
f 312 313 314
f 315 316 317
f 318 315 319
f 313 312 320
f 293 284 320
f 299 293 321
f 303 299 322
f 303 323 324
f 308 324 310
f 311 318 325
f 325 319 326
f 319 317 327
f 328 329 330
f 331 327 317
f 266 265 332
f 268 333 334
f 333 335 336
f 337 325 289
f 338 339 340
f 341 342 302
f 343 302 342
f 344 345 318
f 344 311 310
f 346 347 323
f 312 348 349
f 315 318 345
f 349 350 321
f 351 352 348
f 347 353 324
f 316 315 354
f 355 310 324
f 350 346 322
f 356 342 357
f 358 359 360
f 361 362 363
f 307 304 303
f 309 337 364
f 351 314 317
f 313 286 331
f 316 365 352
f 366 367 361
f 368 369 370
f 371 357 372
f 347 373 374
f 354 345 375
f 376 355 353
f 377 375 345
f 348 378 379
f 379 380 350
f 377 344 355
f 381 352 365
f 380 382 346
f 352 381 378
f 382 373 347
f 383 365 354
f 381 383 384
f 383 385 386
f 387 384 388
f 384 386 389
f 379 378 381
f 385 375 377
f 376 389 386
f 389 376 374
f 388 389 373
f 390 388 382
f 387 390 380
f 367 391 392
f 392 393 362
f 359 394 395
f 396 372 357
f 395 397 398
f 397 399 400
f 401 402 403
f 402 404 405
f 404 406 407
f 408 409 410
f 411 412 410
f 413 414 415
f 416 413 417
f 418 419 420
f 421 422 423
f 397 395 394
f 399 397 424
f 401 399 425
f 404 402 426
f 406 404 427
f 428 429 430
f 431 418 432
f 433 423 434
f 435 420 419
f 436 437 438
f 439 440 441
f 442 443 444
f 445 446 447
f 448 449 450
f 451 452 453
f 454 455 456
f 457 453 458
f 459 456 460
f 461 458 462
f 463 460 464
f 465 462 466
f 467 468 464
f 469 452 444
f 452 469 470
f 453 470 471
f 462 458 471
f 462 472 473
f 449 439 474
f 459 437 475
f 437 459 463
f 463 468 370
f 370 468 467
f 432 420 476
f 477 433 478
f 479 432 480
f 435 363 476
f 481 476 363
f 480 476 481
f 482 480 483
f 484 485 482
f 485 484 486
f 487 483 488
f 483 481 489
f 490 491 492
f 493 489 481
f 494 486 484
f 399 401 495
f 414 411 496
f 402 401 497
f 478 434 431
f 440 442 498
f 455 451 457
f 456 457 461
f 460 461 465
f 464 465 499
f 485 478 479
f 500 501 477
f 502 484 487
f 500 486 494
f 469 503 504
f 504 505 471
f 506 503 469
f 507 508 509
f 433 477 501
f 510 511 473
f 505 510 472
f 512 513 514
f 515 516 517
f 518 519 520
f 521 522 523
f 524 525 526
f 527 528 508
f 529 530 516
f 531 532 533
f 523 530 529
f 525 509 508
f 534 522 521
f 519 518 535
f 516 536 537
f 538 539 530
f 539 536 516
f 507 533 540
f 534 541 542
f 543 526 544
f 545 518 546
f 518 545 547
f 542 538 523
f 528 527 548
f 526 508 528
f 549 512 550
f 544 528 551
f 549 552 553
f 536 554 555
f 538 556 557
f 539 557 554
f 527 540 558
f 559 560 542
f 561 562 544
f 545 563 564
f 565 566 547
f 560 556 538
f 567 568 551
f 568 567 569
f 570 551 568
f 571 553 572
f 554 573 574
f 556 575 576
f 557 576 573
f 567 548 558
f 559 577 578
f 579 561 570
f 565 564 580
f 581 582 566
f 583 584 585
f 560 578 575
f 581 580 586
f 587 588 582
f 589 590 584
f 578 591 592
f 593 594 595
f 596 568 595
f 590 589 597
f 598 572 599
f 573 600 601
f 597 602 603
f 575 592 604
f 576 604 600
f 567 605 606
f 577 607 591
f 608 579 596
f 600 609 610
f 602 606 611
f 592 612 613
f 604 613 609
f 569 606 602
f 607 614 615
f 608 616 617
f 618 587 586
f 587 618 619
f 611 606 605
f 591 615 612
f 594 593 620
f 616 595 594
f 605 558 621
f 622 599 623
f 617 594 624
f 558 540 625
f 626 623 627
f 609 628 629
f 533 630 625
f 612 631 632
f 613 632 628
f 593 602 597
f 614 633 634
f 635 617 636
f 618 637 638
f 639 640 619
f 532 641 630
f 615 634 631
f 624 620 642
f 643 644 642
f 636 624 644
f 494 645 646
f 647 627 648
f 628 649 650
f 502 651 645
f 631 652 653
f 632 653 649
f 620 597 589
f 633 654 655
f 656 636 657
f 658 639 638
f 639 658 659
f 660 651 502
f 634 655 652
f 649 661 662
f 663 488 664
f 652 665 666
f 653 666 661
f 667 642 589
f 654 668 669
f 670 671 657
f 672 658 673
f 658 672 674
f 488 489 675
f 655 669 665
f 676 643 667
f 677 657 644
f 678 675 489
f 679 680 648
f 681 672 682
f 672 681 683
f 684 685 665
f 686 677 643
f 687 679 688
f 661 689 690
f 685 691 666
f 666 691 689
f 667 583 692
f 668 693 684
f 670 677 686
f 694 686 695
f 696 697 676
f 692 585 698
f 681 699 700
f 681 701 702
f 683 702 703
f 686 676 697
f 704 687 705
f 706 707 690
f 708 709 691
f 709 706 689
f 710 692 711
f 693 712 713
f 708 685 684
f 703 702 701
f 714 695 715
f 239 238 716
f 717 492 718
f 719 720 721
f 722 723 392
f 724 430 409
f 723 725 393
f 726 727 728
f 729 730 731
f 732 733 734
f 735 734 736
f 737 736 738
f 739 738 740
f 741 742 740
f 743 741 744
f 745 746 747
f 748 747 749
f 750 749 751
f 752 751 753
f 754 755 753
f 756 754 757
f 731 758 759
f 760 761 762
f 763 764 765
f 764 766 767
f 768 769 767
f 770 771 772
f 773 771 774
f 768 773 775
f 776 777 775
f 774 771 770
f 768 772 771
f 778 779 777
f 780 781 782
f 777 783 784
f 785 774 786
f 754 756 787
f 755 754 788
f 755 789 790
f 765 767 791
f 792 793 730
f 794 235 795
f 735 747 746
f 737 749 747
f 739 751 749
f 742 753 751
f 741 757 753
f 741 743 796
f 734 797 798
f 799 800 801
f 740 802 799
f 738 803 802
f 736 798 803
f 797 804 805
f 806 807 800
f 798 805 808
f 803 808 809
f 802 809 806
f 804 810 811
f 806 812 813
f 805 811 814
f 808 814 815
f 809 815 812
f 810 816 817
f 812 818 819
f 811 817 820
f 814 820 821
f 815 821 818
f 816 822 823
f 818 824 825
f 817 823 826
f 820 826 827
f 821 827 824
f 822 828 829
f 824 830 831
f 823 829 832
f 826 832 833
f 827 833 830
f 834 835 836
f 837 838 839
f 840 836 841
f 842 841 843
f 844 843 837
f 845 846 847
f 847 848 849
f 850 851 852
f 853 854 855
f 856 852 846
f 855 854 857
f 858 859 860
f 859 861 862
f 863 864 865
f 858 866 867
f 868 869 870
f 861 256 871
f 872 259 873
f 863 872 874
f 869 875 876
f 877 878 758
f 734 733 879
f 804 797 879
f 804 880 881
f 816 810 881
f 822 816 882
f 828 822 883
f 884 885 886
f 154 153 887
f 888 889 890
f 891 892 887
f 196 195 213
f 893 890 889
f 885 893 894
f 160 173 186
f 158 152 193
f 107 116 115
f 895 191 196
f 169 180 179
f 109 111 119
f 167 182 185
f 157 160 199
f 107 109 118
f 895 158 192
f 172 188 180
f 163 179 182
f 173 162 184
f 188 172 896
f 152 157 197
f 171 185 184
f 111 113 121
f 759 758 897
f 878 898 897
f 769 899 791
f 784 899 769
f 779 900 783
f 901 902 903
f 904 905 906
f 907 906 905
f 905 904 908
f 909 910 911
f 912 913 914
f 915 780 916
f 766 915 772
f 774 785 778
f 917 918 919
f 920 917 786
f 916 782 920
f 921 914 922
f 923 907 911
f 924 925 926
f 927 730 793
f 928 929 930
f 789 931 932
f 789 788 933
f 788 787 934
f 935 936 937
f 938 939 940
f 935 941 942
f 938 943 759
f 936 943 944
f 945 946 940
f 947 853 948
f 949 947 950
f 867 866 951
f 849 848 952
f 953 857 851
f 954 897 955
f 956 957 958
f 959 960 946
f 961 962 963
f 964 965 966
f 967 964 968
f 969 970 971
f 972 969 973
f 972 974 975
f 976 977 975
f 978 828 979
f 980 981 875
f 982 983 984
f 985 980 869
f 986 987 988
f 989 985 868
f 981 986 990
f 991 992 993
f 956 994 995
f 996 956 997
f 998 999 1000
f 992 996 1001
f 994 1002 1003
f 958 856 845
f 948 855 1004
f 957 850 856
f 1005 953 850
f 1006 849 1007
f 1004 855 953
f 1008 1009 1010
f 1011 1012 260
f 795 1013 1014
f 1015 1016 254
f 253 795 1017
f 1018 261 260
f 875 990 1019
f 990 988 967
f 1020 1021 1022
f 1014 1013 1023
f 1024 716 1021
f 1015 1017 1025
f 1026 1027 1016
f 988 1028 964
f 1029 1030 863
f 1030 1031 872
f 1025 1017 1014
f 727 760 1032
f 1028 982 965
f 1033 923 1034
f 910 924 1034
f 1035 936 935
f 954 1036 939
f 729 935 1037
f 1038 944 943
f 1035 759 943
f 945 939 1036
f 959 945 1039
f 1040 976 960
f 1041 989 1042
f 1043 991 1044
f 950 948 1045
f 1046 1047 1031
f 1030 1029 1048
f 982 1049 1050
f 1047 1051 1011
f 1052 1053 1054
f 1055 842 844
f 1056 1057 1010
f 1058 1059 1060
f 1061 1012 1062
f 226 225 223
f 1053 1063 1064
f 1065 983 982
f 1012 1011 1051
f 1066 840 842
f 1067 849 1006
f 1031 1011 259
f 1068 1008 1069
f 1070 1071 839
f 978 834 840
f 1072 999 998
f 835 834 1073
f 1074 844 1071
f 1061 1069 1010
f 1075 1062 1051
f 204 205 223
f 393 492 491
f 492 393 725
f 717 1076 1077
f 717 1078 1079
f 1080 906 726
f 906 907 727
f 760 727 907
f 923 1033 761
f 764 763 1081
f 1082 765 1083
f 1032 762 1084
f 1085 1086 728
f 1086 1087 901
f 902 901 1087
f 1088 1089 1090
f 1091 908 904
f 1092 904 1080
f 1093 1080 903
f 1094 903 902
f 333 283 282
f 1095 928 1096
f 748 1096 930
f 750 1097 1096
f 914 913 781
f 914 780 915
f 766 764 922
f 1095 1097 790
f 752 790 1097
f 1041 1098 1099
f 1100 1043 1101
f 1045 1004 992
f 1063 1053 1102
f 1103 1102 1104
f 834 978 1105
f 1057 1018 1106
f 832 1055 1074
f 1069 1061 1107
f 987 1065 1028
f 829 1066 1055
f 845 1067 1108
f 830 1070 1109
f 828 978 1066
f 1002 1072 1110
f 833 1074 1070
f 1012 1061 1106
f 1052 1111 1107
f 1107 1062 1075
f 1112 1113 1114
f 1115 1116 1117
f 1118 1119 1116
f 1120 1121 1119
f 1122 1123 1121
f 51 3 1124
f 1125 78 1126
f 1127 1128 1129
f 78 74 1130
f 1131 1132 1133
f 1130 74 70
f 1134 1135 1136
f 1127 64 63
f 1137 1138 1135
f 63 60 1139
f 60 51 1140
f 1141 1142 1143
f 1144 1145 1146
f 1147 1148 1149
f 1112 2 1123
f 1150 1151 1147
f 1152 1117 1151
f 1153 1154 1155
f 1156 1157 1158
f 1159 1160 1161
f 1162 1113 1163
f 1164 1165 1166
f 1167 1155 1168
f 1169 1161 1170
f 1171 1163 1172
f 1173 1174 1129
f 1128 1164 1175
f 1176 1177 1178
f 1170 1179 1180
f 1181 1172 1182
f 1183 1129 1174
f 1184 1185 1186
f 1187 1182 1188
f 1189 1183 1190
f 1191 1114 1192
f 1193 1188 1160
f 1113 1162 1192
f 1194 1189 1195
f 1165 1191 1196
f 1197 1198 1199
f 1200 1201 1202
f 1203 1204 1205
f 1206 1207 1208
f 1209 1210 1211
f 1212 1213 1198
f 1202 1214 1215
f 1207 1216 1217
f 1210 1218 1219
f 1220 1221 1222
f 1220 1223 1213
f 1224 1225 1226
f 1217 1216 1227
f 1218 1228 1229
f 1230 1222 1221
f 1231 1232 1233
f 1228 1234 1235
f 1236 1230 1237
f 1238 1199 1239
f 1234 1206 1240
f 1241 1242 1239
f 1243 1244 1236
f 1245 1237 1246
f 1247 1238 1242
f 1248 1235 1240
f 1241 1249 1250
f 1251 1243 1245
f 1252 1197 1238
f 1253 1200 1254
f 1203 1255 1256
f 1257 1240 1208
f 1249 1241 1211
f 1212 1197 1252
f 1258 1254 1215
f 1259 1208 1217
f 1260 1211 1219
f 1261 1262 1221
f 1220 1212 1263
f 1264 1224 1265
f 1266 1217 1267
f 1268 1219 1229
f 1237 1221 1262
f 1231 1269 1270
f 1271 1229 1235
f 1249 1260 1272
f 1273 1263 1252
f 1274 1258 1275
f 1259 1266 1276
f 1272 1260 1268
f 1261 1277 1278
f 1277 1261 1263
f 1264 1279 1280
f 1276 1266 1281
f 1268 1271 1282
f 1246 1262 1278
f 1283 1270 1284
f 1271 1248 1285
f 1286 1246 1287
f 1247 1250 1288
f 1248 1257 1289
f 1249 1290 1288
f 1251 1286 1291
f 1292 1252 1247
f 1253 1258 1274
f 1293 1256 1294
f 1257 1259 1295
f 1296 1297 1288
f 1298 1291 1299
f 1300 1292 1301
f 1302 1274 1303
f 1304 1294 1305
f 1289 1295 1306
f 1290 1272 1307
f 1308 1273 1292
f 1274 1309 1310
f 1295 1276 1311
f 1272 1312 1313
f 1277 1314 1315
f 1314 1277 1273
f 1316 1280 1317
f 1311 1276 1318
f 1312 1282 1319
f 1320 1287 1278
f 1321 1322 1284
f 1282 1285 1323
f 1299 1291 1287
f 1301 1288 1297
f 1285 1289 1324
f 1319 1323 1325
f 1323 1324 1326
f 1324 1306 1327
f 1328 1329 1330
f 1331 1332 1299
f 1321 1333 1334
f 1335 1305 1336
f 1337 1303 1338
f 1296 1307 1339
f 1303 1310 1340
f 1341 1342 1343
f 1306 1311 1330
f 1320 1344 1345
f 1314 1346 1347
f 1315 1347 1344
f 1348 1317 1349
f 1308 1350 1346
f 1300 1343 1350
f 1341 1297 1351
f 1352 1351 1297
f 1307 1313 1353
f 1313 1319 1354
f 1333 1335 1355
f 1335 1333 1284
f 1304 1284 1270
f 1269 1203 1293
f 1356 1357 1353
f 1346 1358 1359
f 1350 1360 1358
f 1361 1362 1363
f 1364 1365 1366
f 1342 1367 1368
f 1329 1369 1370
f 1371 1372 1352
f 1343 1368 1360
f 1373 1374 1369
f 1375 1356 1354
f 1357 1371 1339
f 1376 1367 1342
f 1344 1377 1378
f 1379 1380 1355
f 1381 1375 1325
f 1345 1378 1382
f 1347 1359 1377
f 1363 1364 1338
f 1383 1381 1326
f 1372 1376 1351
f 1380 1384 1334
f 1370 1383 1327
f 1385 1386 1369
f 1387 1388 1356
f 1367 1389 1390
f 1391 1392 1382
f 1377 1393 1391
f 1394 1395 1380
f 1396 1387 1375
f 1397 1398 1376
f 1359 1399 1393
f 1400 1401 1364
f 1402 1396 1381
f 1358 1403 1399
f 1360 1404 1403
f 1395 1405 1384
f 1406 1402 1383
f 1407 1408 1371
f 1368 1390 1404
f 1409 1400 1363
f 1401 1410 1365
f 1386 1406 1370
f 1408 1397 1372
f 1388 1407 1357
f 1398 1389 1367
f 1393 1411 1412
f 1394 1413 1414
f 1396 1415 1416
f 1417 1418 1398
f 1399 1419 1411
f 1420 1421 1401
f 1402 1422 1415
f 1403 1423 1419
f 1404 1424 1423
f 1395 1414 1425
f 1406 1426 1422
f 1427 1428 1408
f 1390 1429 1424
f 1430 1420 1400
f 1421 1431 1410
f 1386 1432 1426
f 1428 1417 1397
f 1433 1427 1407
f 1398 1418 1434
f 1435 1432 1386
f 1416 1433 1388
f 1389 1434 1429
f 1391 1412 1436
f 1437 1438 1439
f 1440 1441 1442
f 1443 1444 1445
f 1446 1447 1448
f 1449 1450 1451
f 1452 1453 1454
f 1455 1456 1457
f 1458 1439 1459
f 1460 1461 1462
f 1447 1463 1464
f 1465 1466 1467
f 1468 1469 1470
f 1444 1443 1461
f 1456 1471 1472
f 1469 1473 1474
f 1475 1476 1464
f 1477 1468 1478
f 1441 1440 1438
f 1465 1479 1462
f 1476 1475 1480
f 1481 1472 1471
f 1474 1473 1482
f 1483 1484 1485
f 1442 1486 1480
f 1487 1445 1484
f 1488 1459 1451
f 1489 1482 1490
f 1417 1428 1467
f 1432 1491 1480
f 1421 1420 1471
f 1429 1443 1487
f 1428 1427 1454
f 1477 1471 1420
f 1475 1422 1426
f 1431 1421 1456
f 1424 1487 1483
f 1423 1483 1490
f 1440 1435 1425
f 1422 1475 1463
f 1438 1425 1414
f 1482 1411 1419
f 1466 1462 1418
f 1455 1451 1492
f 1416 1415 1463
f 1439 1414 1413
f 1473 1412 1411
f 1493 1494 1495
f 1496 955 897
f 1497 1498 1036
f 1499 1493 886
f 894 889 891
f 889 888 892
f 1500 892 888
f 1501 35 1502
f 1503 1502 35
f 1504 1503 34
f 1156 1185 1146
f 1505 1186 1185
f 1204 1203 1269
f 1506 934 787
f 1507 785 919
f 1508 778 785
f 1509 919 918
f 1510 756 796
f 813 819 1511
f 1109 839 1512
f 1513 807 813
f 839 838 1514
f 1515 1516 831
f 1517 800 807
f 1518 743 801
f 825 831 1516
f 1519 801 800
f 819 825 1520
f 1520 1516 1521
f 1511 1520 1522
f 1523 1511 1524
f 1513 1523 1525
f 1515 1512 1526
f 1527 1521 1516
f 1512 1514 1528
f 1526 1528 1529
f 1522 1521 1530
f 1531 1530 1521
f 1527 1526 1532
f 756 1510 1533
f 1534 796 743
f 1535 1536 900
f 1508 1535 779
f 1532 1529 1537
f 1531 1532 1538
f 1539 1540 1541
f 1542 1543 1544
f 1545 1546 1547
f 1548 1549 1540
f 1543 1550 1551
f 1552 1553 1549
f 1550 1554 1555
f 1556 1542 1557
f 1554 1558 1559
f 1560 1561 1562
f 1563 1564 1565
f 1558 1565 1564
f 1566 1562 1553
f 1567 1541 1568
f 1569 1570 1556
f 1570 1569 1546
f 1549 1571 1572
f 1544 1551 1573
f 1553 1574 1571
f 1551 1555 1575
f 1576 1557 1577
f 1555 1559 1578
f 1561 1579 1580
f 1581 1582 1564
f 1559 1564 1582
f 1562 1580 1574
f 1568 1541 1583
f 1569 1576 1584
f 1569 1585 1586
f 1540 1572 1583
f 1557 1544 1587
f 1546 1586 1588
f 1574 1589 1590
f 1573 1575 1591
f 1584 1577 1592
f 1575 1578 1593
f 1579 1594 1595
f 1596 1597 1582
f 1578 1582 1597
f 1580 1595 1589
f 1598 1583 1599
f 1585 1584 1600
f 1585 1601 1602
f 1583 1572 1603
f 1577 1587 1604
f 1602 1605 1588
f 1571 1590 1603
f 1587 1573 1606
f 1607 1608 1609
f 1610 1611 1612
f 1613 1614 1615
f 1616 1617 1618
f 1619 1620 1621
f 1622 1623 1624
f 1625 1626 1627
f 1628 1629 1630
f 1631 1632 1633
f 1634 1635 1636
f 1637 1638 1615
f 1639 1640 1641
f 1642 1643 1644
f 1645 1646 1647
f 1630 1629 1648
f 1649 1624 1623
f 1650 1612 1651
f 1652 1653 1654
f 1655 1656 1657
f 1658 1657 1656
f 1659 1660 1608
f 1661 1612 1611
f 1662 1663 1664
f 1665 1666 1667
f 1668 1669 1670
f 1671 1672 1673
f 1674 1664 1665
f 1675 1676 1677
f 1678 1676 1679
f 1680 1681 1682
f 1683 1684 1685
f 1686 1687 1688
f 1689 1690 1691
f 1692 1693 1694
f 1695 1688 1692
f 1688 1696 1697
f 1697 1698 1693
f 1608 1614 1613
f 1620 1616 1699
f 1626 1631 1700
f 1701 1702 1703
f 1660 1637 1614
f 1704 1705 1706
f 1707 1708 1709
f 1710 1711 1690
f 1687 1712 1696
f 1713 1670 1684
f 1681 1714 1715
f 1716 1677 1676
f 1717 1679 1676
f 1718 1719 1720
f 1721 1673 1672
f 1663 1686 1695
f 1722 1723 1669
f 1664 1695 1724
f 1725 1680 1726
f 1724 1694 1666
f 1727 1677 1672
f 1728 1662 1674
f 1729 1667 1730
f 1731 1732 1733
f 1734 1735 1736
f 1643 1737 1738
f 1661 1646 1645
f 1739 1658 1740
f 1741 1742 1743
f 1744 1647 1646
f 1742 1734 1745
f 1708 1746 1747
f 1748 1749 1750
f 1751 1752 1753
f 1754 1755 1756
f 1757 1758 1759
f 1760 1761 1762
f 1763 1764 1765
f 1766 1767 1768
f 1754 1769 1629
f 1770 1748 1771
f 1772 1770 1773
f 1743 1745 1637
f 1769 1756 1774
f 1767 1701 1775
f 1776 1777 1778
f 1779 1673 1780
f 1781 1743 1660
f 1782 1674 1729
f 1748 1613 1783
f 1784 1732 1731
f 1785 1773 1626
f 1771 1750 1632
f 1629 1769 1786
f 1787 1788 1758
f 1789 1762 1780
f 1755 1610 1650
f 1790 1778 1653
f 1791 1765 1635
f 1773 1771 1631
f 1612 1661 1792
f 1737 1640 1639
f 1745 1736 1638
f 1705 1766 1793
f 1794 1795 1777
f 1796 1646 1661
f 1795 1794 1739
f 1746 1704 1797
f 1798 1641 1764
f 1799 1609 1770
f 1609 1613 1748
f 1756 1650 1800
f 1801 1627 1802
f 1803 1804 1630
f 1700 1633 1805
f 1806 1630 1807
f 1627 1700 1808
f 1809 1654 1810
f 1702 1811 1812
f 1636 1813 1814
f 1815 1810 1761
f 1811 1784 1816
f 1814 1813 1788
f 1817 1802 1818
f 1819 1803 1806
f 1820 1808 1805
f 1821 1806 1822
f 1818 1802 1808
f 1752 1725 1823
f 1710 1718 1824
f 1825 1672 1677
f 1826 1827 1702
f 1828 1829 1705
f 1830 1831 1708
f 1824 1832 1833
f 1690 1834 1835
f 1711 1833 1834
f 1720 1836 1832
f 1831 1837 1746
f 1732 1838 1839
f 1766 1840 1841
f 1784 1842 1838
f 1767 1841 1826
f 1837 1828 1704
f 1829 1840 1766
f 1827 1843 1811
f 1811 1843 1842
f 1747 1797 1844
f 1845 1846 1709
f 1709 1747 1847
f 1816 1731 1848
f 1849 1850 1710
f 1706 1793 1851
f 1703 1812 1852
f 1853 1854 1719
f 1775 1703 1855
f 1797 1706 1856
f 1768 1775 1857
f 1850 1853 1718
f 1858 1849 1689
f 1812 1816 1859
f 1860 1848 1731
f 1793 1768 1861
f 1862 1863 1864
f 1865 1866 1697
f 1867 1868 1864
f 1712 1869 1865
f 1870 1679 1871
f 1714 1872 1873
f 1874 1875 1872
f 1876 1871 1679
f 1877 1870 1878
f 1866 1879 1698
f 1875 1880 1881
f 1882 1878 1881
f 1878 1871 1883
f 1883 1873 1872
f 1884 1866 1865
f 1884 1883 1871
f 1819 1728 1782
f 1820 1885 1730
f 1719 1886 1733
f 1887 1751 1888
f 1889 1759 1723
f 1890 1780 1762
f 1891 1782 1885
f 1892 1780 1673
f 1733 1839 1836
f 1854 1860 1886
f 1893 1894 1895
f 1896 1897 1898
f 1899 1900 1901
f 1902 1903 1904
f 1905 1906 1907
f 1908 1909 1910
f 1911 1912 1913
f 1914 1915 1916
f 1917 1918 1919
f 1920 1921 1922
f 1923 1900 1899
f 1924 1925 1926
f 1927 1928 1929
f 1930 1931 1932
f 1933 1916 1915
f 1934 1935 1910
f 1936 1898 1937
f 1938 1939 1940
f 1941 1942 1943
f 1944 1943 1942
f 1945 1946 1894
f 1947 1898 1897
f 1948 1949 1950
f 1951 1952 1953
f 1954 1955 1956
f 1957 1958 1959
f 1960 1950 1951
f 1961 1962 1963
f 1964 1962 1965
f 1966 1967 1968
f 1969 1970 1971
f 1972 1973 1974
f 1975 1976 1977
f 1978 1979 1980
f 1981 1974 1978
f 1982 1983 1978
f 1983 1984 1979
f 1894 1899 1985
f 1907 1902 1986
f 1913 1918 1917
f 1987 1988 1989
f 1946 1990 1899
f 1991 1992 1993
f 1994 1995 1996
f 1976 1997 1998
f 1973 1999 1982
f 2000 1956 1971
f 1967 2001 2002
f 2003 1963 1962
f 2004 1965 1962
f 2005 2006 2007
f 2008 1959 1958
f 1949 1972 1981
f 2009 2010 1955
f 1950 1981 2011
f 2012 1966 2013
f 2011 1980 1952
f 2014 1963 1958
f 1948 1960 2015
f 2016 2017 1953
f 2018 2019 2020
f 2021 2022 2023
f 1928 2024 2025
f 2026 1947 1931
f 2027 1944 2028
f 2029 2030 2031
f 1932 1931 2032
f 2030 2021 2033
f 1995 2034 2035
f 2036 2037 2038
f 2039 2040 2041
f 2042 2043 2044
f 2045 2046 2047
f 2048 2049 2050
f 2051 2052 2053
f 2054 2055 2056
f 1914 2042 2057
f 2058 2036 2059
f 2060 2058 2061
f 2031 2033 1990
f 2057 2044 2062
f 2056 2055 1987
f 2063 2064 2065
f 2066 1959 2067
f 2031 1946 1945
f 1960 2017 2016
f 1985 1901 2037
f 2068 2020 2019
f 2069 2061 1913
f 1918 2059 2038
f 1915 2057 2070
f 2071 2072 2047
f 2073 2050 2049
f 2043 1896 1936
f 2065 2064 1939
f 2053 2052 1921
f 2061 2059 1918
f 1898 1947 2026
f 2024 1925 1924
f 2023 1923 1990
f 1993 2054 2074
f 2075 2063 2076
f 1931 1947 2077
f 2075 2078 2027
f 2035 2034 1992
f 2079 1926 2051
f 2080 1895 2058
f 1895 1985 2036
f 2044 1936 2081
f 1911 2082 2083
f 2084 2085 1916
f 2086 1917 2087
f 2088 1916 1933
f 2082 1917 2086
f 2089 1940 2090
f 1988 2091 2092
f 1922 2093 2094
f 2095 2090 2048
f 2091 2068 2096
f 2093 2072 2071
f 2097 2098 2083
f 2099 2084 2088
f 2086 2100 2101
f 2102 2088 2103
f 2083 2086 2104
f 2040 2012 2105
f 1997 2005 2106
f 2107 1958 1963
f 1987 2108 2109
f 2110 2111 1993
f 2112 2113 1995
f 2106 2114 2115
f 1977 2116 2117
f 1998 2115 2116
f 2007 2118 2114
f 2113 2119 2034
f 2120 2020 2121
f 2122 2123 2055
f 2068 2124 2121
f 2055 2123 2108
f 2119 2110 1992
f 2111 2122 2054
f 2109 2125 2091
f 2091 2125 2124
f 2126 2035 1991
f 2127 2128 1996
f 2129 1996 2035
f 2096 2019 2130
f 2131 1997 1976
f 2132 2074 2133
f 2134 1989 2092
f 2135 2136 2006
f 2137 1989 2134
f 2138 1991 2132
f 2056 2137 2139
f 2131 2135 2005
f 2140 2141 1976
f 2092 2096 2142
f 2143 2130 2019
f 2074 2056 2144
f 2145 2146 2147
f 2148 2149 1983
f 2150 2151 2147
f 1999 2152 2148
f 2153 1965 2154
f 2001 2155 2156
f 2157 2158 2155
f 2159 2154 1965
f 2160 2153 2161
f 2149 2162 1984
f 2158 2163 2164
f 2165 2161 2164
f 2161 2154 2166
f 2166 2156 2155
f 2167 2149 2148
f 2166 2154 2159
f 2168 2015 2101
f 2016 2169 2170
f 2006 2018 2120
f 2171 2039 2172
f 2045 2173 2010
f 2174 2067 2049
f 2015 2016 2104
f 2073 2067 1959
f 2120 2175 2118
f 2136 2143 2018
f 2176 2177 2178
f 2179 2180 2181
f 2182 2183 2184
f 2185 2186 2187
f 2188 2189 2190
f 2191 2192 2193
f 2194 2195 2196
f 2197 2198 2199
f 2200 2201 2202
f 2203 2204 2205
f 2206 2184 2183
f 2207 2208 2209
f 2210 2211 2212
f 2213 2214 2215
f 2216 2199 2217
f 2218 2193 2192
f 2219 2181 2220
f 2221 2222 2223
f 2224 2225 2226
f 2227 2226 2225
f 2228 2178 2177
f 2229 2181 2180
f 2230 2231 2232
f 2233 2234 2235
f 2236 2237 2238
f 2239 2240 2241
f 2242 2232 2233
f 2243 2244 2245
f 2246 2244 2247
f 2248 2249 2250
f 2251 2252 2253
f 2254 2255 2256
f 2257 2258 2259
f 2260 2261 2262
f 2263 2256 2260
f 2256 2264 2265
f 2265 2266 2261
f 2267 2178 2183
f 2190 2185 2268
f 2195 2201 2200
f 2269 2270 2271
f 2272 2183 2178
f 2273 2274 2275
f 2276 2277 2278
f 2279 2280 2258
f 2255 2281 2264
f 2282 2238 2252
f 2249 2283 2284
f 2285 2245 2244
f 2286 2247 2244
f 2287 2288 2289
f 2290 2241 2240
f 2231 2254 2263
f 2291 2292 2237
f 2232 2263 2293
f 2294 2248 2295
f 2293 2262 2234
f 2296 2245 2240
f 2297 2230 2242
f 2298 2299 2235
f 2300 2301 2302
f 2303 2304 2305
f 2211 2306 2307
f 2308 2229 2214
f 2309 2227 2310
f 2311 2312 2313
f 2215 2214 2314
f 2312 2315 2305
f 2278 2277 2316
f 2317 2318 2319
f 2320 2321 2322
f 2323 2324 2325
f 2326 2327 2328
f 2329 2330 2331
f 2332 2333 2334
f 2335 2336 2337
f 2198 2323 2338
f 2339 2340 2318
f 2341 2342 2340
f 2313 2305 2272
f 2338 2325 2343
f 2337 2269 2344
f 2345 2346 2347
f 2348 2241 2349
f 2350 2313 2228
f 2351 2242 2299
f 2318 2182 2352
f 2353 2354 2301
f 2194 2341 2339
f 2201 2317 2355
f 2217 2199 2338
f 2356 2357 2327
f 2358 2331 2349
f 2324 2179 2219
f 2359 2347 2222
f 2334 2333 2204
f 2339 2317 2201
f 2181 2229 2308
f 2306 2208 2207
f 2304 2206 2272
f 2274 2336 2335
f 2360 2361 2346
f 2314 2214 2229
f 2361 2360 2309
f 2362 2316 2273
f 2363 2209 2332
f 2342 2176 2267
f 2340 2267 2182
f 2325 2219 2364
f 2365 2196 2366
f 2367 2197 2216
f 2200 2368 2369
f 2370 2216 2371
f 2196 2200 2372
f 2373 2223 2374
f 2271 2270 2375
f 2376 2205 2377
f 2378 2374 2330
f 2379 2375 2354
f 2380 2377 2357
f 2381 2366 2382
f 2383 2367 2370
f 2384 2372 2369
f 2385 2370 2386
f 2382 2366 2372
f 2320 2294 2387
f 2279 2287 2388
f 2389 2240 2245
f 2390 2391 2270
f 2392 2393 2274
f 2394 2395 2277
f 2388 2396 2397
f 2258 2398 2399
f 2280 2397 2398
f 2289 2400 2396
f 2395 2401 2316
f 2302 2301 2402
f 2336 2403 2404
f 2405 2402 2301
f 2404 2390 2269
f 2401 2392 2273
f 2393 2403 2336
f 2270 2391 2406
f 2406 2405 2354
f 2407 2362 2408
f 2409 2410 2278
f 2411 2278 2362
f 2412 2353 2300
f 2413 2414 2279
f 2415 2275 2335
f 2416 2271 2379
f 2417 2418 2288
f 2419 2344 2271
f 2420 2408 2275
f 2421 2344 2419
f 2414 2417 2287
f 2422 2413 2257
f 2379 2353 2412
f 2423 2300 2424
f 2425 2335 2421
f 2426 2427 2428
f 2264 2429 2430
f 2431 2432 2428
f 2281 2433 2429
f 2434 2435 2247
f 2283 2436 2437
f 2438 2439 2436
f 2286 2440 2441
f 2442 2443 2435
f 2430 2444 2266
f 2439 2445 2446
f 2442 2434 2446
f 2434 2441 2447
f 2447 2437 2436
f 2448 2430 2429
f 2448 2447 2441
f 2383 2297 2351
f 2384 2298 2449
f 2288 2424 2302
f 2450 2322 2385
f 2451 2328 2292
f 2452 2349 2331
f 2453 2351 2298
f 2454 2349 2241
f 2289 2302 2455
f 2418 2456 2424
f 2457 2458 2459
f 2460 2461 2462
f 2463 2464 2465
f 2466 2467 2468
f 2469 2470 2471
f 2472 2473 2474
f 2475 2476 2477
f 2478 2479 2480
f 2481 2482 2483
f 2484 2485 2486
f 2487 2465 2464
f 2488 2489 2490
f 2491 2492 2493
f 2494 2495 2496
f 2497 2480 2498
f 2499 2474 2500
f 2501 2462 2502
f 2503 2504 2505
f 2506 2507 2508
f 2509 2510 2511
f 2512 2513 2458
f 2514 2462 2461
f 2515 2516 2517
f 2518 2519 2520
f 2521 2522 2523
f 2524 2525 2526
f 2527 2517 2518
f 2528 2529 2530
f 2531 2529 2532
f 2533 2534 2535
f 2536 2531 2537
f 2538 2539 2540
f 2541 2542 2543
f 2544 2545 2546
f 2547 2540 2545
f 2540 2548 2549
f 2545 2549 2550
f 2458 2464 2463
f 2471 2470 2467
f 2476 2482 2481
f 2551 2552 2553
f 2554 2464 2458
f 2555 2556 2557
f 2558 2559 2560
f 2561 2562 2563
f 2539 2564 2548
f 2565 2523 2566
f 2534 2567 2568
f 2569 2530 2529
f 2570 2532 2529
f 2571 2572 2573
f 2574 2526 2525
f 2516 2538 2547
f 2575 2576 2522
f 2517 2547 2544
f 2577 2533 2578
f 2518 2544 2579
f 2580 2530 2525
f 2581 2515 2527
f 2582 2520 2583
f 2584 2585 2586
f 2587 2588 2589
f 2590 2493 2591
f 2514 2494 2592
f 2593 2594 2510
f 2595 2596 2597
f 2495 2494 2598
f 2599 2589 2597
f 2600 2560 2601
f 2602 2603 2604
f 2605 2606 2607
f 2608 2609 2610
f 2611 2612 2613
f 2614 2615 2616
f 2617 2618 2619
f 2620 2621 2622
f 2479 2608 2623
f 2624 2603 2602
f 2625 2624 2626
f 2589 2554 2513
f 2623 2610 2627
f 2628 2622 2552
f 2629 2630 2631
f 2632 2526 2633
f 2634 2597 2513
f 2635 2527 2582
f 2603 2463 2636
f 2637 2586 2585
f 2638 2626 2476
f 2482 2602 2639
f 2480 2623 2640
f 2641 2642 2612
f 2643 2616 2633
f 2609 2460 2501
f 2644 2631 2504
f 2645 2619 2485
f 2626 2602 2482
f 2462 2514 2646
f 2647 2591 2489
f 2588 2487 2554
f 2648 2557 2621
f 2649 2650 2630
f 2494 2514 2651
f 2650 2649 2594
f 2652 2601 2556
f 2653 2490 2618
f 2654 2459 2624
f 2459 2463 2603
f 2610 2501 2655
f 2656 2477 2657
f 2658 2478 2497
f 2659 2481 2660
f 2661 2497 2662
f 2477 2481 2659
f 2505 2663 2664
f 2665 2553 2666
f 2667 2486 2668
f 2663 2615 2614
f 2669 2666 2637
f 2670 2668 2642
f 2671 2657 2672
f 2658 2661 2673
f 2674 2659 2675
f 2673 2661 2676
f 2657 2659 2674
f 2606 2577 2677
f 2571 2678 2563
f 2679 2525 2530
f 2680 2681 2553
f 2556 2682 2683
f 2559 2684 2685
f 2678 2686 2687
f 2543 2688 2689
f 2563 2687 2690
f 2573 2691 2686
f 2560 2685 2692
f 2693 2586 2694
f 2621 2695 2696
f 2697 2694 2586
f 2622 2696 2680
f 2601 2692 2682
f 2557 2683 2695
f 2553 2681 2698
f 2698 2697 2637
f 2699 2652 2555
f 2700 2558 2600
f 2701 2600 2652
f 2702 2585 2703
f 2704 2705 2562
f 2706 2648 2620
f 2707 2665 2669
f 2708 2709 2572
f 2710 2551 2665
f 2711 2555 2648
f 2712 2628 2551
f 2705 2708 2571
f 2713 2714 2542
f 2715 2669 2702
f 2716 2703 2585
f 2717 2620 2628
f 2718 2541 2719
f 2548 2720 2721
f 2722 2723 2719
f 2564 2724 2720
f 2537 2532 2725
f 2726 2727 2568
f 2728 2726 2567
f 2729 2725 2532
f 2730 2537 2731
f 2549 2721 2732
f 2728 2733 2734
f 2735 2731 2734
f 2731 2725 2736
f 2734 2736 2727
f 2737 2721 2720
f 2736 2725 2729
f 2738 2581 2635
f 2739 2583 2672
f 2572 2584 2693
f 2740 2605 2741
f 2742 2613 2576
f 2743 2633 2616
f 2744 2635 2739
f 2745 2633 2526
f 2693 2746 2691
f 2709 2716 2584
f 2747 2748 2749
f 2750 2751 2752
f 2753 2754 2751
f 2755 2756 2757
f 2758 2759 2752
f 2760 2761 2747
f 2762 2763 2764
f 2765 2766 2767
f 2768 2769 2770
f 2766 2771 2772
f 2773 2764 2765
f 2774 2775 2776
f 2777 2775 2778
f 2779 2780 2781
f 2782 2783 2784
f 2785 2781 2786
f 2787 2788 2789
f 2790 2774 2791
f 2792 2786 2790
f 2786 2793 2794
f 2794 2795 2774
f 2748 2754 2753
f 2796 2797 2798
f 2788 2799 2800
f 2781 2801 2793
f 2802 2770 2783
f 2780 2803 2801
f 2804 2776 2775
f 2795 2778 2775
f 2805 2806 2807
f 2808 2772 2771
f 2763 2785 2792
f 2809 2810 2769
f 2764 2792 2811
f 2812 2779 2785
f 2811 2791 2766
f 2791 2776 2771
f 2813 2762 2773
f 2814 2767 2815
f 2816 2817 2818
f 2819 2762 2813
f 2820 2821 2822
f 2823 2824 2825
f 2751 2826 2827
f 2767 2772 2828
f 2829 2773 2814
f 2830 2831 2817
f 2761 2832 2748
f 2833 2826 2751
f 2834 2752 2827
f 2835 2836 2822
f 2837 2825 2828
f 2748 2832 2833
f 2838 2749 2839
f 2840 2750 2759
f 2841 2753 2750
f 2842 2843 2759
f 2749 2753 2841
f 2844 2747 2838
f 2798 2845 2846
f 2847 2757 2848
f 2849 2838 2824
f 2846 2845 2831
f 2850 2848 2836
f 2824 2839 2851
f 2852 2840 2843
f 2853 2841 2840
f 2854 2855 2843
f 2851 2839 2841
f 2819 2812 2763
f 2799 2805 2856
f 2857 2771 2776
f 2755 2847 2798
f 2856 2768 2802
f 2858 2789 2782
f 2800 2802 2782
f 2856 2807 2809
f 2818 2817 2821
f 2835 2821 2817
f 2798 2847 2850
f 2850 2835 2831
f 2859 2830 2816
f 2860 2861 2799
f 2862 2846 2863
f 2864 2865 2806
f 2866 2796 2862
f 2861 2864 2805
f 2867 2860 2788
f 2863 2846 2830
f 2868 2816 2869
f 2870 2871 2872
f 2793 2873 2874
f 2875 2872 2871
f 2876 2873 2793
f 2877 2778 2878
f 2879 2876 2801
f 2880 2879 2803
f 2881 2878 2778
f 2882 2877 2883
f 2874 2881 2795
f 2880 2872 2884
f 2875 2883 2884
f 2883 2878 2885
f 2885 2876 2879
f 2885 2874 2873
f 2885 2878 2881
f 2855 2813 2829
f 2886 2815 2851
f 2869 2818 2807
f 2887 2813 2855
f 2809 2820 2888
f 2815 2828 2825
f 2852 2829 2886
f 2889 2828 2772
f 2807 2818 2820
f 2890 2869 2806
f 1795 1607 1799
f 1783 1615 1611
f 2891 1619 2892
f 1617 1622 2893
f 1654 1625 1801
f 1633 1632 1628
f 2894 1659 1607
f 2895 1611 1615
f 1753 1823 1663
f 1666 1671 1779
f 1693 1675 1727
f 1726 1682 1687
f 1682 1715 1712
f 1698 1717 1675
f 1823 1726 1686
f 1694 1727 1671
f 1888 1753 1662
f 1656 1741 1781
f 1735 1744 1796
f 1749 1755 1754
f 1750 1754 1628
f 1778 1772 1785
f 1667 1779 1890
f 1740 1781 1659
f 1653 1785 1625
f 1749 1783 1610
f 1736 1796 2895
f 1777 1799 1772
f 1810 1801 1817
f 1633 1804 1803
f 1761 1817 2896
f 1805 1803 1819
f 1715 1873 1869
f 1879 1876 1717
f 1884 1869 1873
f 1884 1876 1879
f 1821 1888 1728
f 1730 1890 2896
f 2063 2075 1893
f 1900 1897 1896
f 2897 1906 1905
f 1903 1909 1908
f 2090 1940 1912
f 2087 1919 1914
f 2898 1945 1893
f 1923 2077 1897
f 2041 2105 1949
f 1952 1957 2066
f 1979 1961 2014
f 2013 1968 1973
f 1968 2002 1999
f 1984 2004 1961
f 2105 2013 1972
f 1980 2014 1957
f 2172 2041 1948
f 2029 2899 2028
f 2900 2032 2023
f 2038 2037 2043
f 1919 2038 2042
f 2064 2060 2069
f 2169 1953 2066
f 2899 1945 2898
f 1939 2069 1912
f 1901 1896 2043
f 2032 2077 1923
f 2064 2063 2080
f 2048 2090 1911
f 2100 2087 2085
f 2049 2048 2098
f 2101 2100 2084
f 2002 2156 2152
f 2162 2159 2004
f 2167 2152 2156
f 2167 2159 2162
f 2172 2168 2099
f 2170 2169 2174
f 2361 2177 2176
f 2352 2184 2180
f 2901 2189 2188
f 2186 2191 2902
f 2223 2194 2365
f 2368 2202 2198
f 2903 2904 2177
f 2905 2180 2184
f 2321 2387 2231
f 2234 2239 2348
f 2261 2243 2296
f 2295 2250 2255
f 2250 2284 2281
f 2266 2286 2243
f 2387 2295 2254
f 2262 2296 2239
f 2322 2321 2230
f 2225 2311 2350
f 2906 2314 2304
f 2355 2319 2324
f 2202 2355 2323
f 2347 2342 2341
f 2235 2348 2452
f 2310 2350 2904
f 2222 2341 2194
f 2319 2352 2179
f 2314 2905 2206
f 2346 2176 2342
f 2374 2365 2381
f 2369 2368 2197
f 2330 2381 2907
f 2369 2367 2383
f 2284 2437 2433
f 2444 2440 2286
f 2448 2433 2437
f 2448 2440 2444
f 2385 2322 2297
f 2382 2449 2452
f 2650 2457 2654
f 2636 2465 2461
f 2908 2469 2909
f 2910 2468 2473
f 2505 2475 2656
f 2660 2483 2479
f 2593 2512 2457
f 2651 2461 2465
f 2607 2677 2516
f 2519 2524 2632
f 2546 2528 2580
f 2578 2535 2539
f 2535 2568 2564
f 2550 2570 2528
f 2677 2578 2538
f 2579 2580 2524
f 2741 2607 2515
f 2508 2595 2634
f 2911 2598 2588
f 2639 2604 2609
f 2483 2639 2608
f 2631 2625 2638
f 2520 2632 2743
f 2509 2634 2512
f 2504 2638 2475
f 2604 2636 2460
f 2598 2651 2487
f 2630 2654 2625
f 2663 2656 2671
f 2675 2660 2478
f 2615 2671 2912
f 2744 2675 2658
f 2568 2727 2724
f 2732 2729 2570
f 2736 2737 2724
f 2737 2729 2732
f 2673 2741 2581
f 2583 2743 2912
f 1826 1634 2913
f 1639 1798 1829
f 2914 1644 1831
f 1832 1668 1713
f 1834 1683 2915
f 1833 1713 1683
f 1836 1722 1668
f 1644 1738 1837
f 1838 1757 1889
f 1840 1763 1791
f 1842 1787 1757
f 1841 1791 1634
f 1738 1639 1828
f 1829 1798 1763
f 2913 1814 1843
f 1843 1814 1787
f 1847 1844 2916
f 2917 1845 2918
f 2919 2918 1847
f 1859 1848 2920
f 2921 2922 1850
f 1856 1851 2923
f 1855 1852 2924
f 2925 2926 1854
f 2927 1857 1855
f 1844 1856 2928
f 1861 1857 2927
f 2922 2925 1853
f 2929 2921 1849
f 2924 1852 1859
f 2930 2920 1848
f 1851 1861 2931
f 1863 1862 1875
f 2932 1877 1882
f 1862 1868 1880
f 1867 1882 1880
f 1839 1889 1722
f 2926 2930 1860
f 2108 1920 2933
f 2110 1924 2079
f 2934 1929 2113
f 2114 1954 2000
f 2116 1970 1969
f 2115 2000 1970
f 2118 2009 1954
f 1929 2025 2119
f 2121 2046 2045
f 2122 2935 2053
f 2124 2071 2046
f 2123 2053 1920
f 2025 1924 2110
f 2079 2935 2122
f 2933 2094 2125
f 2125 2094 2071
f 2936 2126 2138
f 2937 2127 2129
f 2938 2129 2126
f 2142 2130 2939
f 2940 2941 2131
f 2942 2133 2943
f 2134 2944 2945
f 2946 2947 2136
f 2139 2134 2948
f 2138 2942 2949
f 2144 2139 2950
f 2941 2946 2135
f 2951 2940 2141
f 2944 2142 2952
f 2953 2939 2130
f 2133 2144 2954
f 2146 2145 2158
f 2955 2160 2165
f 2145 2151 2163
f 2150 2165 2163
f 2175 2045 2009
f 2947 2953 2143
f 2203 2376 2391
f 2207 2363 2393
f 2956 2212 2395
f 2396 2236 2282
f 2398 2251 2957
f 2397 2282 2251
f 2400 2291 2236
f 2212 2307 2401
f 2455 2402 2326
f 2958 2334 2404
f 2356 2326 2402
f 2404 2334 2203
f 2307 2207 2392
f 2363 2958 2403
f 2376 2380 2406
f 2380 2356 2405
f 2959 2407 2420
f 2960 2409 2411
f 2961 2411 2407
f 2412 2423 2962
f 2963 2964 2414
f 2415 2425 2965
f 2966 2416 2967
f 2968 2969 2418
f 2970 2419 2416
f 2971 2420 2415
f 2972 2973 2419
f 2964 2968 2417
f 2974 2963 2413
f 2967 2412 2975
f 2962 2423 2456
f 2965 2425 2973
f 2427 2426 2439
f 2431 2976 2443
f 2426 2432 2445
f 2431 2442 2445
f 2400 2455 2451
f 2969 2977 2456
f 2484 2667 2681
f 2682 2488 2653
f 2684 2491 2590
f 2686 2521 2565
f 2688 2536 2730
f 2687 2565 2978
f 2691 2575 2521
f 2685 2590 2647
f 2694 2611 2742
f 2695 2617 2645
f 2641 2611 2694
f 2696 2645 2484
f 2692 2647 2488
f 2653 2617 2695
f 2681 2667 2670
f 2698 2670 2641
f 2592 2699 2711
f 2700 2701 2496
f 2496 2701 2699
f 2979 2703 2740
f 2534 2533 2705
f 2502 2706 2717
f 2498 2707 2715
f 2577 2606 2709
f 2640 2710 2707
f 2646 2711 2706
f 2712 2710 2640
f 2533 2577 2708
f 2567 2534 2714
f 2715 2979 2676
f 2605 2740 2703
f 2655 2717 2712
f 2541 2718 2728
f 2722 2689 2730
f 2718 2723 2733
f 2722 2735 2733
f 2746 2742 2575
f 2606 2605 2716
f 2980 2981 2186
f 2982 2983 2984
f 2985 2467 2470
f 2986 2500 2987
f 2988 2989 1620
f 2990 2991 2992
f 2985 2993 2468
f 2994 2473 2468
f 2995 2996 2997
f 2986 2998 2995
f 2999 3000 3001
f 1619 2891 3002
f 3003 3004 2984
f 1902 1907 3005
f 3006 2992 3007
f 3008 3009 2997
f 2991 2990 3010
f 3011 3012 3013
f 3014 3015 1903
f 1616 1620 2989
f 3002 2891 3016
f 2987 2500 2474
f 2473 2994 3017
f 3018 3019 3020
f 2185 2190 3021
f 3022 3023 1617
f 3024 3011 3001
f 3025 3026 3027
f 3028 3008 2996
f 3029 3030 3031
f 3032 3003 2983
f 3033 3034 3035
f 3036 3037 3038
f 3039 3037 3040
f 3041 3042 3043
f 2191 2186 2981
f 3044 3038 3037
f 3039 3045 3046
f 3026 3047 3048
f 3049 3050 3051
f 3052 3040 3027
f 3053 3021 2190
f 3054 3055 3056
f 3057 3052 3048
f 3056 3035 3034
f 3047 3058 3059
f 3060 3061 3062
f 3063 3064 3065
f 3060 3066 3067
f 3064 3068 3069
f 3070 3069 3068
f 3071 3072 3073
f 3074 3070 3075
f 3076 3077 3073
f 3078 3079 3080
f 3081 3082 3083
f 3084 3085 3086
f 3087 3088 3089
f 3090 3083 3091
f 3092 3093 3094
f 1903 3015 3095
f 3096 3086 3097
f 3098 3099 3088
f 3084 3100 3082
f 3065 3069 3101
f 3094 3093 3102
f 3103 3104 3061
f 3079 3094 3105
f 3104 3106 3074
f 1699 1618 1735
f 2892 1621 1742
f 2893 1624 1647
f 3107 1642 2914
f 3108 1647 1624
f 2891 1655 3109
f 1621 1699 1734
f 3007 1707 1846
f 2992 1830 1707
f 3110 3018 1846
f 1655 2892 1741
f 1618 2893 1744
f 2991 2914 1830
f 3111 3110 1845
f 3112 3113 2128
f 1905 3114 2030
f 2900 1908 1935
f 3115 1932 1935
f 3116 2215 2193
f 3117 1927 2934
f 3118 2999 2410
f 3012 2394 2276
f 2984 1994 2128
f 3119 2268 2315
f 3120 2934 2112
f 2022 1904 1908
f 2902 2193 2215
f 1942 1941 1905
f 2188 3119 2312
f 3121 3112 2127
f 2984 3004 2112
f 2997 3009 2684
f 3114 1986 2021
f 2897 1941 3122
f 3123 2956 2394
f 1986 1904 2022
f 3124 3118 2409
f 3125 2997 2559
f 3126 2210 2956
f 2599 2466 2910
f 3127 2492 2491
f 2909 2471 2596
f 2303 2187 2902
f 3128 2901 2224
f 2268 2187 2303
f 2225 2224 2188
f 3013 2276 2410
f 2587 2910 2472
f 2596 2471 2466
f 3009 3129 2491
f 2986 3125 2558
f 2507 2909 2595
f 2500 2986 2700
f 3130 2908 2507
f 2911 2472 2499
f 2495 2499 3131
f 3132 1590 1589
f 1606 1591 3133
f 3134 1600 1592
f 1591 1593 3135
f 1594 3136 3137
f 3138 3139 1597
f 1593 1597 3139
f 1595 3137 3140
f 3141 1599 3142
f 3143 1601 1600
f 1601 3143 3144
f 1599 1603 3145
f 1592 1604 3146
f 1602 3144 3147
f 3145 1603 1590
f 1604 1606 3148
f 3135 3139 3149
f 3137 3150 3151
f 3152 3142 3153
f 3143 3134 3154
f 3143 3155 3156
f 3153 3142 3145
f 3157 3146 3158
f 3144 3156 3159
f 3160 3145 3132
f 3146 3148 3161
f 3162 3132 3140
f 3148 3133 3163
f 3134 3157 3164
f 3133 3135 3165
f 3136 3166 3150
f 3167 3149 3139
f 3168 3153 3169
f 3155 3154 3170
f 3155 3171 3172
f 3169 3153 3160
f 3164 3158 3173
f 3156 3172 3174
f 3175 3160 3162
f 3158 3161 3176
f 3177 3162 3151
f 3161 3163 3178
f 3154 3164 3179
f 3163 3165 3180
f 3166 3181 3182
f 3183 3184 3149
f 3165 3149 3184
f 3150 3182 3185
f 3186 3169 3175
f 3179 3173 3187
f 3172 3188 3189
f 3190 3175 3177
f 3173 3176 3191
f 3192 3177 3185
f 3176 3178 3193
f 3170 3179 3194
f 3178 3180 3195
f 3181 3196 3197
f 3198 3199 3184
f 3180 3184 3199
f 3182 3197 3200
f 3201 3169 3186
f 3202 3171 3170
f 3171 3202 3188
f 3203 3186 3204
f 3205 3202 3206
f 3202 3205 3207
f 3204 3186 3190
f 3194 3187 3208
f 3188 3207 3209
f 3210 3190 3192
f 3187 3191 3211
f 3212 3192 3200
f 3191 3193 3213
f 3214 3206 3194
f 3193 3195 3215
f 3196 3216 3217
f 3218 3219 3199
f 3195 3199 3219
f 3197 3217 3220
f 3221 3204 3210
f 3222 3208 3223
f 3207 3224 3225
f 3226 3210 3212
f 3208 3211 3227
f 3228 3212 3220
f 3211 3213 3229
f 3230 3214 3222
f 3213 3215 3231
f 3216 3232 3233
f 3234 3235 3219
f 3215 3219 3235
f 3217 3233 3236
f 3237 3204 3221
f 3238 3205 3214
f 3205 3238 3224
f 3239 3226 3228
f 3240 3223 3227
f 3241 3228 3236
f 3242 3227 3229
f 3243 3230 3244
f 3229 3231 3245
f 3232 3246 3247
f 3248 3249 3235
f 3231 3235 3249
f 3233 3247 3250
f 3251 3221 3252
f 3253 3238 3230
f 3238 3253 3254
f 3252 3221 3226
f 3255 3244 3223
f 3224 3254 3256
f 3257 3241 3250
f 3242 3258 3259
f 3260 3243 3255
f 3258 3245 3261
f 3246 3262 3263
f 3264 3265 3249
f 3245 3249 3265
f 3247 3263 3266
f 3267 3252 3268
f 3269 3253 3243
f 3253 3269 3270
f 3268 3252 3239
f 3271 3255 3240
f 3254 3270 3272
f 3273 3239 3241
f 3240 3242 3274
f 3275 3260 3271
f 3259 3261 3276
f 3262 3277 3278
f 3279 3280 3265
f 3261 3265 3280
f 3263 3278 3281
f 3282 3268 3283
f 3284 3269 3260
f 3269 3284 3285
f 3268 3273 3286
f 3287 3271 3288
f 3270 3285 3289
f 3286 3273 3257
f 3288 3274 3290
f 3291 3257 3266
f 3274 3259 3292
f 3293 3294 3280
f 3276 3280 3294
f 3278 3295 3296
f 3297 3283 3298
f 3299 3284 3275
f 3284 3299 3300
f 3283 3286 3301
f 3287 3302 3303
f 3285 3300 3304
f 3301 3286 3291
f 3302 3290 3305
f 3306 3291 3281
f 3290 3292 3307
f 3308 3275 3287
f 3292 3276 3309
f 3277 3310 3295
f 3311 3298 3312
f 3313 3299 3308
f 3299 3313 3314
f 3298 3301 3315
f 3316 3303 3317
f 3300 3314 3318
f 3301 3306 3319
f 3303 3305 3320
f 3319 3306 3296
f 3305 3307 3321
f 3322 3308 3316
f 3307 3309 3323
f 3310 3324 3325
f 3326 3327 3294
f 3309 3294 3327
f 3295 3325 3328
f 3312 3315 3329
f 3330 3317 3331
f 3314 3332 3333
f 3315 3319 3334
f 3317 3320 3335
f 3334 3319 3328
f 3320 3321 3336
f 3337 3322 3330
f 3321 3323 3338
f 3324 3339 3340
f 3341 3342 3327
f 3323 3327 3342
f 3325 3340 3343
f 3344 3312 3345
f 3346 3313 3322
f 3313 3346 3332
f 3347 3329 3334
f 3331 3335 3348
f 3349 3334 3343
f 3335 3336 3350
f 3351 3337 3352
f 3336 3338 3353
f 3339 3354 3355
f 3356 3357 3342
f 3338 3342 3357
f 3340 3355 3358
f 3359 3345 3360
f 3361 3346 3337
f 3346 3361 3362
f 3345 3329 3347
f 3352 3331 3363
f 3332 3362 3364
f 3365 3349 3358
f 3366 3348 3350
f 3367 3351 3368
f 3369 3350 3353
f 3354 3370 3371
f 3356 3372 3373
f 3353 3357 3373
f 3355 3371 3374
f 3375 3360 3376
f 3377 3361 3351
f 3361 3377 3378
f 3360 3347 3379
f 3368 3363 3380
f 3362 3378 3381
f 3379 3347 3349
f 3363 3348 3366
f 3382 3367 3383
f 3384 3369 3385
f 3386 3387 3388
f 3389 3390 3391
f 3392 3385 3373
f 3393 3388 3394
f 3395 3376 3396
f 3397 3377 3367
f 3397 3398 3399
f 3396 3376 3379
f 3400 3383 3380
f 3401 3399 3402
f 3403 3379 3365
f 3404 3380 3366
f 3405 3365 3374
f 3406 3366 3369
f 3106 3407 3070
f 3408 3092 3079
f 3409 3410 3102
f 3408 3078 3065
f 3411 3412 3101
f 3413 3414 3092
f 3407 3101 3069
f 3415 2993 2985
f 3416 3005 1907
f 1617 3023 3417
f 1906 2897 1623
f 3417 3416 1906
f 2985 3418 3419
f 3419 3418 3420
f 2189 2901 1910
f 3407 3106 3421
f 1909 3095 3053
f 3106 3104 3420
f 3422 3415 3423
f 3424 3422 3103
f 3420 3418 2470
f 3425 3420 2469
f 2469 2908 2192
f 3419 3104 3103
f 3426 3056 3055
f 3427 3428 3429
f 3430 3429 3431
f 2760 3432 3433
f 3434 2827 3435
f 3436 2755 2797
f 3437 3438 2797
f 2826 2833 3439
f 2827 2826 3440
f 2796 2866 3441
f 2833 2832 3442
f 2755 3436 3443
f 2832 2761 3433
f 3439 3442 3444
f 3444 3442 3433
f 3436 3445 3446
f 3447 3435 3448
f 3432 3449 3450
f 3445 3436 3438
f 3451 3452 3438
f 3437 3441 3453
f 3440 3439 3454
f 3435 3440 3455
f 3456 3455 3454
f 3448 3455 3456
f 3457 3454 3444
f 3458 3444 3450
f 3445 3459 3460
f 3461 3448 3462
f 3449 3463 3464
f 3445 3452 3465
f 3451 3466 3465
f 3466 3451 3453
f 3467 3459 3465
f 3468 3469 3465
f 3468 3466 3470
f 3471 3456 3457
f 3472 3462 3456
f 3457 3458 3473
f 3458 3464 3474
f 3459 3467 3475
f 3476 3462 3472
f 3477 3474 3464
f 3478 3479 3475
f 3480 3481 3472
f 3482 3483 3474
f 3467 3469 3484
f 3468 3485 3484
f 3485 3468 3486
f 3487 3471 3488
f 3489 3472 3471
f 3488 3473 3490
f 3473 3474 3483
f 3491 3490 3492
f 3490 3483 3493
f 3478 3494 3495
f 3496 3480 3489
f 3497 3493 3483
f 3494 3478 3484
f 3485 3498 3499
f 3498 3485 3500
f 3501 3487 3491
f 3502 3489 3487
f 3503 3492 3493
f 3504 3505 3493
f 3506 3507 3508
f 3507 3509 3510
f 3511 3512 3513
f 3514 3515 3507
f 3514 3516 3517
f 3516 3518 3519
f 3520 3521 3522
f 3518 3523 3524
f 3523 3525 3526
f 3527 3528 3526
f 3529 3526 3525
f 3530 1623 2897
f 1910 2901 3128
f 3110 3111 3117
f 3120 3004 3018
f 3004 3003 3019
f 3036 3019 3003
f 3045 3531 3532
f 3052 3057 3045
f 3533 3534 3495
f 3112 3121 3126
f 3123 3012 3113
f 2192 2908 3130
f 3118 3124 3127
f 3129 3009 2999
f 3009 3008 3000
f 3033 3000 3008
f 3047 3026 3535
f 3536 3058 3047
f 3056 3426 3535
f 3024 3535 3026
f 3113 3012 3011
f 3537 3031 3042
f 3098 3538 3077
f 3539 3062 3061
f 3093 3540 3541
f 3541 3542 3049
f 3543 3544 3413
f 3030 3029 3422
f 3545 3533 3494
f 3546 3547 3076
f 3548 3081 3090
f 3099 3098 3076
f 3538 3098 3087
f 3549 3090 3550
f 3100 3084 3096
f 3551 3087 3552
f 3085 3084 3081
f 3553 3096 3552
f 3031 3554 3555
f 3524 3526 3528
f 3042 3555 3054
f 3519 3524 3556
f 3545 3499 3498
f 3557 3558 3559
f 3560 3496 3502
f 3561 3502 3501
f 3562 3563 3564
f 3565 3522 3566
f 3567 3568 3569
f 3570 3571 3567
f 3572 3030 3424
f 3573 3574 3521
f 3575 3576 3577
f 3578 3579 3576
f 3580 3581 3579
f 3582 3583 3581
f 3584 3585 3583
f 3386 3370 3586
f 3587 3586 3370
f 3588 3589 3339
f 3590 3591 934
f 3591 3592 933
f 3592 3593 931
f 3594 932 931
f 3595 1095 932
f 3596 928 1095
f 3596 3597 929
f 3598 3599 925
f 3598 3600 792
f 3601 3600 910
f 3601 3602 3603
f 3604 3602 908
f 3605 264 329
f 3606 329 264
f 3607 3608 722
f 3609 3607 391
f 3610 3611 366
f 3612 3610 419
f 3613 3612 418
f 3613 3614 415
f 3614 434 423
f 3615 423 422
f 3616 524 543
f 3617 552 550
f 3618 3617 562
f 3619 3618 561
f 3620 599 572
f 3621 623 599
f 3621 635 656
f 3622 656 671
f 3623 688 648
f 3623 3624 705
f 3624 3625 3626
f 3625 714 3627
f 3628 687 704
f 3628 3629 679
f 3630 3629 682
f 3630 3631 647
f 3631 638 637
f 3632 637 586
f 3633 598 622
f 3634 571 598
f 3634 564 563
f 3635 3636 563
f 3635 3637 513
f 3638 3639 3640
f 3641 3638 427
f 3642 3641 426
f 3643 412 411
f 3643 425 424
f 3644 724 408
f 3645 3646 428
f 3647 719 3646
f 3648 3606 279
f 3649 332 3650
f 3651 3652 1561
f 3653 3652 1547
f 3653 3654 1594
f 3655 3136 1594
f 3584 3656 3657
f 3656 3658 3659
f 3660 918 3591
f 918 917 3592
f 917 920 3593
f 782 3594 3593
f 781 3595 3594
f 913 3596 3595
f 913 912 3597
f 1037 942 3599
f 924 910 3600
f 793 792 3600
f 909 908 3602
f 3661 3662 331
f 3663 3650 332
f 3664 334 3665
f 720 3608 3607
f 429 721 3607
f 409 430 3611
f 409 3610 3612
f 496 410 3612
f 434 3614 3613
f 417 415 3614
f 3666 417 3615
f 550 514 3616
f 562 3617 3667
f 553 552 3617
f 553 3618 3619
f 579 608 3620
f 635 3621 3620
f 623 3621 3622
f 627 3622 3668
f 670 3623 3668
f 694 3624 3623
f 694 714 3625
f 3669 3625 3670
f 699 3628 3671
f 699 682 3629
f 680 679 3629
f 673 638 3631
f 647 3631 3632
f 626 3632 3672
f 580 3633 3672
f 564 3634 3633
f 571 3634 3636
f 512 549 3636
f 546 520 3637
f 416 3639 3638
f 413 3638 3641
f 414 3641 3642
f 425 3643 3642
f 412 3643 3673
f 394 3644 3673
f 359 358 3645
f 358 3674 3647
f 3665 334 336
f 3675 3676 3677
f 3676 3678 3679
f 3678 3680 3681
f 3682 3683 3684
f 3683 3685 3686
f 3685 3687 3688
f 3689 3690 3688
f 3691 3692 3690
f 3693 3694 3692
f 3695 1547 3652
f 1579 1561 3652
f 1588 1605 3654
f 3147 3655 3654
f 3549 3696 3577
f 3548 3577 3576
f 3579 3086 3085
f 3581 3097 3086
f 3097 3581 3583
f 3354 3339 3589
f 3551 3583 3585
f 3585 3657 3077
f 3697 3658 3698
f 3699 3402 3700
f 3364 3381 3586
f 3701 3702 3703
f 1563 3703 3704
f 1581 3704 3705
f 1596 3705 3706
f 3138 3706 3707
f 3167 3707 3708
f 3183 3708 3709
f 3198 3709 3710
f 3218 3710 3711
f 3234 3711 3712
f 3248 3712 3713
f 3264 3713 3714
f 3279 3714 3715
f 3293 3715 3716
f 3326 3716 3717
f 3341 3717 3718
f 3356 3718 3719
f 3372 3719 3720
f 3721 3697 3722
f 3077 3657 3659
f 3421 3106 3425
f 3535 3024 3723
f 3724 2990 3725
f 3411 3421 2981
f 2980 3021 3412
f 2982 3025 3726
f 3412 3021 3053
f 3041 3028 3727
f 3006 3020 3725
f 3053 3095 3543
f 3544 3543 3095
f 3544 3015 3014
f 3014 3005 3414
f 3040 3032 3726
f 3000 3033 3723
f 2998 2987 3537
f 3414 3005 3416
f 3019 3036 3725
f 3416 3417 3093
f 3540 3093 3417
f 3540 3023 3022
f 3727 2996 2995
f 3022 2989 3542
f 3542 2989 2988
f 2988 3002 3050
f 3051 3050 3728
f 3724 3729 3730
f 3017 3029 3537
f 3029 3017 2994
f 2994 2993 3415
f 3731 3728 3050
f 3037 3036 3032
f 3034 3033 3028
f 3011 3024 3025
f 3562 3492 3503
f 3732 3733 3560
f 3734 3732 3561
f 3410 3735 3105
f 3550 3091 3736
f 3737 3073 3659
f 3734 3564 3563
f 3738 3739 3568
f 3735 3410 3409
f 3740 3736 3091
f 3736 3740 3732
f 3409 3051 3732
f 3735 3091 3083
f 3105 3083 3082
f 3741 3570 3742
f 3742 3569 3527
f 3743 3744 3745
f 3746 3743 3747
f 3746 3748 3749
f 3750 3749 3751
f 3752 3751 3753
f 3754 3753 3755
f 3574 3755 3756
f 3521 3756 3757
f 3758 3759 3744
f 3574 3573 3513
f 3760 3758 3743
f 3759 3758 3761
f 3517 3519 3762
f 3763 3515 3517
f 3764 3761 3758
f 3760 3765 3766
f 3765 3767 3768
f 3769 3770 3768
f 3765 3760 3746
f 3765 3750 3752
f 3754 3769 3767
f 3515 3763 3509
f 3770 3769 3512
f 3769 3754 3574
f 3030 3572 3554
f 3063 3080 3082
f 3100 3553 3064
f 3553 3089 3068
f 3075 3068 3089
f 3539 3075 3088
f 3062 3539 3099
f 3066 3062 3547
f 3572 3571 3570
f 3741 3555 3554
f 3054 3555 3741
f 3525 3523 3055
f 3536 3055 3523
f 3518 3516 3058
f 3516 3514 3059
f 3059 3514 3506
f 3531 3045 3057
f 3771 3010 2990
f 3044 3046 3730
f 3038 3044 3729
f 3051 3772 3733
f 3702 3773 3774
f 3703 3774 3775
f 3704 3775 3776
f 3567 3071 3737
f 3705 3776 3777
f 3706 3777 3778
f 3707 3778 3779
f 3708 3779 3780
f 3709 3780 3781
f 3710 3781 3782
f 3711 3782 3783
f 3712 3783 3784
f 3713 3784 3785
f 3714 3785 3786
f 3715 3786 3787
f 3716 3787 3788
f 3717 3788 3789
f 3718 3789 3790
f 3719 3790 3791
f 3522 3757 3792
f 3566 3792 3696
f 3067 3793 3571
f 3571 3793 3071
f 3793 3067 3066
f 3793 3546 3072
f 3794 3795 3310
f 3794 3796 3272
f 3797 3796 3262
f 3797 3798 3225
f 3799 3798 3232
f 3800 3799 3216
f 3801 3800 3196
f 3802 3801 3181
f 3289 3304 3795
f 3277 3262 3796
f 3256 3272 3796
f 3246 3232 3798
f 3209 3225 3798
f 3189 3209 3799
f 3174 3189 3800
f 3159 3174 3801
f 3795 3588 3324
f 3587 3589 3333
f 3655 3802 3166
f 3304 3318 3588
f 3147 3159 3802
f 3318 3333 3589
f 3734 3520 3565
f 3558 3803 3532
f 3531 3545 3559
f 3531 3508 3533
f 3508 3510 3534
f 3804 3513 3505
f 3573 3503 3505
f 3573 3520 3563
f 3805 3806 3807
f 3808 3809 3806
f 3810 3811 3809
f 3810 3753 3751
f 3812 3751 3749
f 3813 3749 3748
f 3814 3815 3748
f 3814 3816 3817
f 3818 3807 3428
f 3819 3382 3400
f 3820 3384 3392
f 3370 3386 3393
f 3821 3391 3373
f 3392 3391 3390
f 3371 3393 3822
f 3823 3396 3824
f 3398 3397 3382
f 3377 3397 3401
f 3824 3396 3403
f 3825 3400 3404
f 3378 3401 3699
f 3826 3403 3405
f 3827 3404 3406
f 3828 3405 3822
f 3829 3406 3384
f 3387 3386 3830
f 3381 3699 3830
f 3821 3720 3831
f 3720 3791 3832
f 3739 3738 3697
f 3833 3575 3834
f 3835 3812 3813
f 3696 3430 3834
f 3753 3810 3808
f 3792 3427 3430
f 3836 3698 3658
f 3757 3818 3427
f 3837 3582 3580
f 3836 3656 3584
f 3755 3808 3805
f 3838 3839 3815
f 3840 3580 3578
f 3841 3584 3582
f 3747 3745 3816
f 3811 3810 3812
f 3842 3578 3575
f 3738 3659 3658
f 3843 3813 3815
f 3756 3805 3818
f 3046 3532 3803
f 3844 3845 3846
f 3847 3848 3849
f 3850 3851 3852
f 3853 3852 3854
f 3855 3856 3857
f 3858 3859 3860
f 3861 3862 3859
f 3862 3861 3863
f 3864 3862 3865
f 3866 3867 3868
f 3864 3868 3869
f 3870 3871 3872
f 3873 3874 3875
f 3876 3877 3878
f 3863 3861 3879
f 3880 3872 3881
f 3882 3883 3877
f 3862 3864 3884
f 3871 3870 3885
f 3886 3879 3887
f 3888 3889 3868
f 3890 3873 3891
f 3874 3892 3893
f 3888 3893 3892
f 3870 3894 3895
f 3879 3896 3897
f 3898 3884 3869
f 3894 3870 3880
f 3899 3900 3901
f 3858 3896 3879
f 3902 3880 3903
f 1 50 5
f 2 1 7
f 1123 7 12
f 1121 12 15
f 1119 15 18
f 1117 1116 18
f 1151 1117 21
f 1151 24 27
f 1147 27 32
f 1148 32 3904
f 1141 37 3905
f 1138 39 45
f 1135 45 44
f 1136 44 47
f 5 50 56
f 54 56 55
f 62 58 55
f 62 59 105
f 66 69 68
f 67 68 73
f 76 72 73
f 104 105 69
f 1145 1504 37
f 168 93 3906
f 89 90 159
f 81 82 143
f 148 79 1501
f 96 91 161
f 98 3907 110
f 3907 100 112
f 17 14 96
f 87 88 151
f 57 61 101
f 3908 87 150
f 149 1501 3909
f 3910 85 86
f 102 98 108
f 91 92 166
f 92 93 168
f 61 65 102
f 165 95 94
f 88 89 156
f 42 83 82
f 164 3906 95
f 3911 81 144
f 154 86 3908
f 3912 3913 3914
f 3915 3916 3917
f 3918 3919 3920
f 3921 3922 3923
f 3924 3925 3926
f 3927 3928 3929
f 3930 3914 3931
f 3932 3933 3934
f 3935 3934 3928
f 3936 3931 3937
f 3938 3939 3940
f 3941 3942 3943
f 3944 3945 3946
f 3947 3948 3949
f 3943 3942 3939
f 3922 3950 3951
f 3952 3953 3954
f 3955 3956 3920
f 3957 3958 3959
f 3960 3961 3962
f 3963 3964 3965
f 3966 3957 3967
f 3968 3966 3969
f 3970 3971 3964
f 3972 3973 3918
f 3974 3924 3975
f 3976 3927 3977
f 3978 3932 3935
f 3979 3935 3927
f 3938 3980 3981
f 3982 3983 3943
f 3984 3985 3945
f 3954 3986 3947
f 3943 3938 3987
f 3988 3952 3989
f 3990 3972 3956
f 3991 3937 3992
f 3993 3994 3968
f 3995 3996 3997
f 3998 3999 4000
f 4001 4002 4003
f 4004 4005 4006
f 4007 3995 4008
f 4009 4010 4011
f 4012 4013 4014
f 4015 4016 4017
f 4002 4018 4019
f 4020 4021 4022
f 4023 4024 4000
f 4025 4011 4026
f 4005 4027 4028
f 4029 4030 4014
f 4031 4032 4033
f 4034 4035 4036
f 4037 4038 4033
f 4039 4040 4035
f 4041 4042 3998
f 4043 4005 4004
f 4044 4045 4013
f 4046 4047 4015
f 4048 4021 4020
f 4049 4041 4024
f 4043 4050 4027
f 4051 4029 4013
f 33 31 1502
f 4052 336 335
f 282 4053 4054
f 4055 4056 4057
f 4058 4059 4060
f 4061 4062 4063
f 4064 4058 4065
f 4066 4063 277
f 287 3665 4052
f 4067 4061 4066
f 4068 4066 276
f 4056 4064 4069
f 4070 364 289
f 4071 4072 4073
f 3694 4074 4075
f 3690 3692 4075
f 3688 3690 4076
f 4077 4078 3686
f 307 447 446
f 4079 447 307
f 4080 4081 364
f 300 304 341
f 300 301 297
f 294 297 290
f 4082 286 285
f 286 4082 4083
f 273 266 3649
f 4084 4085 3674
f 4082 292 330
f 4086 330 292
f 3904 33 1503
f 4087 47 49
f 4088 49 80
f 4089 80 3911
f 3909 1502 31
f 4090 145 4091
f 1493 1499 213
f 1494 1493 212
f 333 268 272
f 272 4092 4093
f 4078 4094 3684
f 4095 4053 282
f 265 268 3664
f 4096 867 955
f 3910 887 892
f 4097 887 153
f 4097 213 1499
f 4098 4099 4057
f 955 867 4100
f 146 142 4101
f 4102 1136 1131
f 1148 1144 4103
f 4104 1168 1177
f 1179 1184 4105
f 1214 1225 1224
f 1267 1227 1232
f 1275 1215 1224
f 1267 1231 1283
f 1309 1275 1264
f 1281 1283 1322
f 1309 1316 1348
f 1328 1318 1322
f 1321 1373 1329
f 1310 1348 1361
f 1349 4106 1362
f 1384 1374 1373
f 1405 1385 1374
f 4106 4107 1409
f 4107 4108 1430
f 1405 1425 1435
f 1436 1412 1473
f 1443 1429 1434
f 1433 1416 1447
f 1435 1440 1491
f 1413 1492 1451
f 4108 1436 1469
f 1430 4108 1468
f 4094 4109 4110
f 1144 3904 1504
f 1132 1131 47
f 1500 3909 85
f 4111 3911 145
f 4112 1079 1078
f 4098 4071 4101
f 4113 287 326
f 278 267 266
f 327 331 3662
f 4114 341 304
f 4115 3675 4116
f 4070 4054 4053
f 4114 357 342
f 1078 718 4117
f 4053 4095 4118
f 4119 4117 718
f 725 723 4120
f 4121 4120 723
f 4083 330 329
f 3661 4083 3606
f 3648 3650 3662
f 4113 3662 3650
f 3663 3665 287
f 4122 281 4093
f 288 4052 4054
f 4123 4121 722
f 3608 720 4124
f 4125 4124 720
f 4126 4125 719
f 3647 3674 4127
f 4085 4128 4127
f 4095 338 4129
f 4130 4131 4132
f 281 4122 338
f 4060 134 127
f 3681 4110 4109
f 4133 4134 3679
f 4065 4060 1089
f 4134 4135 3677
f 4135 4136 4116
f 4069 4065 1088
f 4137 4138 4139
f 4136 4140 4141
f 4142 4141 4140
f 4143 4144 4145
f 4144 4146 4147
f 4148 4147 4146
f 4149 4148 4137
f 4150 3603 3602
f 4151 4152 4153
f 130 4061 4067
f 129 4062 4061
f 4154 4155 4156
f 4157 4062 129
f 4158 4159 4160
f 4155 4161 4162
f 4163 4164 4165
f 4166 4167 4159
f 4164 4167 4166
f 4168 4161 4169
f 4170 4171 4160
f 4172 4163 4173
f 4159 4174 4175
f 4167 4176 4174
f 4177 4178 4148
f 4179 4138 4137
f 4178 4180 4147
f 4180 4181 4145
f 4182 4157 4059
f 4058 4064 4183
f 4181 4184 4142
f 4184 4115 4141
f 4185 4186 4187
f 4186 4188 4189
f 242 241 4190
f 240 242 4191
f 240 4192 4193
f 4194 1494 244
f 4194 4195 1495
f 4196 884 1495
f 4197 4185 4198
f 1021 4199 4200
f 716 4201 4199
f 4202 4203 238
f 4204 4205 234
f 4205 4202 236
f 238 4203 4201
f 4188 4206 4207
f 4206 4208 250
f 4208 255 251
f 4209 4210 4179
f 4210 4211 4138
f 4211 4212 4139
f 4213 4101 142
f 4214 4139 4215
f 4171 4151 4216
f 4217 4218 4155
f 4158 4216 4153
f 4218 4169 4161
f 4173 4165 4219
f 4166 4158 4220
f 4165 4166 4221
f 4222 4162 4161
f 4168 4173 4223
f 4164 4224 4176
f 4225 4183 4064
f 4226 4225 4056
f 339 4226 4055
f 4227 340 339
f 4228 4229 4230
f 4163 4231 4224
f 4232 4231 4163
f 4172 4169 4233
f 4234 4170 4175
f 4169 4218 4235
f 4150 4233 4235
f 4139 4212 4236
f 235 237 1013
f 1013 237 239
f 257 252 254
f 794 252 251
f 4207 250 257
f 1023 239 1024
f 4198 4187 859
f 4187 4189 861
f 4209 4198 858
f 4189 4207 256
f 4236 4212 878
f 4212 4211 898
f 1063 1020 4237
f 1103 1024 1020
f 1496 898 4211
f 4210 4209 4096
f 877 731 730
f 4231 1091 1092
f 4073 4238 4091
f 4238 1090 4239
f 4057 4069 4072
f 134 4060 4059
f 4214 4240 4241
f 4130 4230 4229
f 339 338 4122
f 4229 4228 4126
f 4228 4156 4125
f 4225 4226 4122
f 4242 4243 4183
f 4156 4162 4124
f 4162 4222 4123
f 4092 4243 4242
f 4222 4223 4121
f 4243 4244 4182
f 4120 4121 4223
f 4092 271 4244
f 4245 4244 271
f 4063 4245 270
f 4157 4182 4244
f 4245 4063 4062
f 4119 4120 4219
f 4117 4119 4221
f 4220 4153 4246
f 4152 4112 4246
f 4131 4128 4247
f 4110 3681 3680
f 966 4248 4249
f 4250 4251 961
f 4252 4250 4253
f 4254 4255 4252
f 4256 4254 4257
f 4258 4256 4259
f 4260 4258 4261
f 4260 4262 4263
f 4264 4265 4263
f 4257 4252 970
f 4251 4249 962
f 4262 4261 977
f 4262 976 1040
f 4253 961 4266
f 4259 4257 969
f 4259 972 977
f 970 4253 4267
f 4268 4264 1040
f 4128 4131 4229
f 4269 4270 4271
f 4154 4230 4269
f 4270 4269 4230
f 4272 4273 4270
f 4274 4275 4217
f 4275 4235 4218
f 4224 1092 1093
f 4176 1093 1094
f 4174 1094 4276
f 4232 3604 1091
f 4233 4150 3604
f 4277 4234 4276
f 927 3603 4150
f 4240 4278 4279
f 4280 4281 4282
f 4235 4275 4283
f 4281 4099 4284
f 4285 4283 4215
f 4286 4281 4280
f 4099 4281 4286
f 4283 4278 4240
f 927 4285 4236
f 4278 4283 4275
f 4072 1088 4238
f 4274 4271 4279
f 4287 4282 884
f 885 884 4282
f 4284 4288 893
f 4288 4289 890
f 147 890 4289
f 4290 4291 148
f 79 148 4291
f 4292 4293 36
f 38 36 4293
f 3905 38 4294
f 4197 4179 4146
f 4144 4143 4185
f 4143 4140 4186
f 4188 4186 4140
f 4206 4188 4136
f 4208 4206 4135
f 255 4208 4134
f 1461 1434 1418
f 1394 4295 1492
f 1394 1379 4296
f 4296 1379 1336
f 4297 1336 1305
f 1294 4298 4299
f 1256 4300 4298
f 1255 4301 4300
f 1255 1205 4302
f 1157 4303 4304
f 4303 1157 1143
f 4305 4306 1142
f 4133 4109 4204
f 4205 4204 4109
f 4202 4205 4094
f 4203 4202 4078
f 4076 4201 4203
f 4075 4199 4201
f 4074 4200 4199
f 1446 1454 1427
f 4295 1410 1431
f 1392 1436 4108
f 4288 4284 4099
f 4098 4213 4289
f 4290 4289 4213
f 84 4291 4290
f 1089 127 121
f 1090 121 113
f 4239 113 112
f 1467 1454 1453
f 4307 1460 1479
f 1453 1444 1460
f 1452 1445 1444
f 1448 1484 1445
f 1464 1485 1484
f 1485 1464 1476
f 1486 1474 1489
f 1470 1474 1486
f 1478 1470 1442
f 1481 1478 1441
f 1458 1472 1481
f 1488 1457 1472
f 1457 1488 1450
f 4296 1365 1410
f 1365 4296 4297
f 4299 1337 1366
f 1337 4299 4298
f 4300 1253 1302
f 4301 1200 1253
f 1201 1200 4301
f 1153 4304 4303
f 1154 4303 4308
f 39 1138 4306
f 4305 4294 40
f 4294 4293 42
f 83 42 4293
f 4292 4291 84
f 4090 112 100
f 99 4089 4111
f 4089 99 76
f 4088 76 77
f 1125 1132 4087
f 1194 1178 1133
f 1178 1194 4309
f 1226 1244 1243
f 1243 1251 1279
f 1279 1251 1298
f 1332 1317 1280
f 1331 1349 1317
f 4106 1349 1331
f 1382 1392 4107
f 4310 4177 4149
f 4270 4273 4311
f 4271 4311 4312
f 4312 4310 4241
f 4128 4085 4313
f 4314 4313 4085
f 360 395 4315
f 438 370 369
f 3646 721 429
f 445 436 4316
f 437 436 4317
f 448 4318 4314
f 493 4319 491
f 362 491 4319
f 490 1077 678
f 3611 3609 367
f 4320 428 724
f 430 429 3609
f 359 4320 3644
f 4084 360 4321
f 403 405 4322
f 495 403 443
f 442 440 400
f 398 400 440
f 4315 398 439
f 4321 4315 449
f 4247 4313 4081
f 4318 4081 4313
f 4080 4118 4132
f 4118 4129 4272
f 4129 340 4273
f 340 4227 4311
f 4280 4312 4311
f 4310 4312 4280
f 4287 4196 4177
f 4323 372 369
f 4316 369 372
f 436 445 4324
f 446 445 396
f 4325 506 4326
f 498 444 452
f 4327 4328 4317
f 441 498 451
f 450 474 454
f 4328 450 475
f 474 441 455
f 4326 444 443
f 4329 534 4330
f 4329 4331 541
f 4331 4332 559
f 4332 4333 577
f 4333 4334 607
f 4334 4335 614
f 4335 4336 633
f 4336 4337 654
f 4337 4338 668
f 4338 4339 693
f 703 712 693
f 4318 448 4328
f 4081 4079 306
f 4318 4327 4079
f 4324 447 4079
f 697 4340 715
f 696 4341 4340
f 713 706 709
f 696 711 4342
f 698 4343 4342
f 674 683 4339
f 4338 4337 659
f 4337 4336 640
f 4336 4335 619
f 4335 4334 588
f 582 588 4334
f 4332 566 582
f 4331 547 566
f 4331 4329 535
f 4329 4344 4345
f 405 407 4325
f 4177 4196 4195
f 4180 4178 4195
f 4181 4180 4194
f 4184 4181 4193
f 4115 4184 4192
f 3675 4115 4191
f 4190 249 3676
f 249 248 3678
f 248 246 3680
f 3682 3680 246
f 227 229 3683
f 229 4346 3685
f 4346 226 3687
f 226 230 3689
f 231 3691 3689
f 4347 3693 3691
f 958 4348 1002
f 996 1005 957
f 999 1006 4349
f 992 1004 1005
f 4350 1045 991
f 1108 1006 999
f 4348 1108 1072
f 4351 950 4350
f 1043 1100 4352
f 1042 868 4353
f 1098 1042 4354
f 1027 4355 4356
f 4357 1048 1029
f 4358 4359 4360
f 4359 4361 4362
f 4363 4364 4356
f 4365 4357 4360
f 4366 4367 4362
f 4368 4369 4364
f 4365 4362 4367
f 4264 4370 4371
f 4372 4373 1060
f 1039 4374 4375
f 4370 4264 4268
f 1039 1036 1498
f 1099 1098 1060
f 862 871 4364
f 4356 4364 871
f 4366 4361 4376
f 4358 865 4377
f 4377 4376 4361
f 258 254 1016
f 860 862 4369
f 866 860 4378
f 4379 949 4351
f 4380 1099 4381
f 4100 951 4382
f 4383 4384 4385
f 1498 1497 4386
f 4387 4370 4375
f 4388 4389 4390
f 4391 4392 4393
f 4394 4367 4395
f 951 4378 4396
f 4397 4398 4399
f 4400 4401 4402
f 4399 4403 4404
f 1099 4373 4405
f 4401 4406 4407
f 4408 4388 4409
f 4410 4411 4383
f 4412 4351 4352
f 4413 4414 4415
f 4416 4417 4418
f 4419 4403 4420
f 4400 4415 4421
f 4422 4389 4423
f 4424 4425 4392
f 4426 4420 4403
f 4427 4414 4422
f 4411 4428 4429
f 4430 4431 4401
f 4432 4433 4388
f 4434 4435 4384
f 4436 4437 4438
f 4438 4417 4439
f 4431 4440 4406
f 4383 4429 4441
f 4414 4427 4421
f 4442 4426 4399
f 4416 4443 4439
f 4444 4445 4435
f 4433 4423 4389
f 4391 4406 4440
f 4446 4447 4426
f 4448 4449 4439
f 4444 4434 4450
f 4451 4452 4423
f 4424 4440 4453
f 4454 4420 4455
f 4456 4430 4421
f 4457 4423 4452
f 4458 4459 4425
f 4447 4455 4420
f 4460 4427 4457
f 4428 4461 4462
f 4430 4456 4463
f 4464 4451 4433
f 4450 4434 4441
f 4465 4436 4466
f 4466 4439 4449
f 4463 4453 4440
f 4429 4462 4467
f 4427 4460 4468
f 4469 4470 4471
f 4472 4473 4474
f 4475 4476 4477
f 4478 4479 4480
f 4481 4482 4483
f 4484 4485 4486
f 4470 4487 4488
f 4489 4490 4491
f 4482 4492 4493
f 4494 4495 4475
f 4496 4497 4472
f 4498 4499 4487
f 4500 4479 4499
f 4501 4502 4476
f 4503 4504 4505
f 4505 4485 4506
f 4507 4502 4501
f 4489 4473 4508
f 4509 4492 4510
f 4511 4497 4480
f 4512 4513 4514
f 4515 4516 4517
f 4518 4519 4520
f 4512 4521 4522
f 4523 4524 4525
f 4526 4527 4528
f 4529 4530 4531
f 4513 4532 4533
f 4528 4520 4519
f 4534 4535 4536
f 4537 4538 4530
f 4539 4540 4541
f 4542 4543 4531
f 4530 4544 4545
f 4538 4546 4544
f 4547 4548 4519
f 4549 4517 4550
f 4551 4552 4553
f 4554 4521 4514
f 4555 4526 4556
f 4535 4557 4558
f 4541 4559 4560
f 4561 4562 4524
f 4558 4563 4564
f 4521 4554 4565
f 4552 4560 4559
f 4562 4561 4566
f 4517 4564 4563
f 4567 4547 4518
f 4568 4523 4531
f 4569 4541 4570
f 4571 4483 4447
f 4483 4493 4455
f 4572 4455 4493
f 4464 4572 4573
f 4574 4471 4451
f 4471 4488 4452
f 4575 4452 4488
f 968 966 4251
f 4255 968 4250
f 1026 1025 1047
f 1046 1048 1027
f 1025 4576 1051
f 1111 1052 4577
f 4263 4265 1059
f 1104 1075 4576
f 1053 1052 4578
f 1102 4578 1075
f 965 1050 4248
f 1019 967 4255
f 876 1019 4254
f 870 876 4256
f 4353 870 4258
f 4354 4353 4260
f 1048 4357 4355
f 4357 4365 4363
f 4394 4368 4363
f 4371 4372 1059
f 4419 4408 4579
f 4392 4416 4580
f 4454 4432 4408
f 4425 4443 4416
f 4459 4448 4443
f 4572 4464 4432
f 4509 4469 4574
f 4490 4484 4581
f 4557 4535 4522
f 4582 4556 4519
f 4514 4533 4566
f 4523 4568 4583
f 4575 4584 4478
f 4585 4468 4460
f 4586 4587 4588
f 4589 4590 4510
f 4591 4592 4593
f 4511 4594 4595
f 4596 4597 4598
f 4595 4599 4508
f 4600 4593 4601
f 4500 4602 4603
f 4604 4589 4605
f 4606 4607 4506
f 4597 4608 4609
f 4610 4596 4611
f 4612 4588 4606
f 4497 4496 4585
f 4468 4585 4496
f 4613 4463 4456
f 4613 4474 4453
f 4458 4453 4474
f 4614 4491 4459
f 4615 4486 4485
f 4448 4459 4491
f 4540 4616 4559
f 4536 4564 4617
f 4614 4474 4473
f 4618 4518 4619
f 4479 4478 4584
f 4620 4615 4505
f 4581 4486 4449
f 4502 4621 4477
f 4449 4486 4615
f 4573 4493 4492
f 4584 4488 4487
f 4622 4615 4620
f 4623 4621 4502
f 4624 4462 4461
f 4477 4467 4462
f 4467 4477 4621
f 4625 4450 4621
f 4626 4525 4524
f 4549 4553 4627
f 4553 4559 4616
f 4535 4534 4628
f 4627 4616 4629
f 4516 4617 4564
f 4515 4627 4630
f 4631 4632 4516
f 4632 4633 4617
f 4634 4617 4633
f 4534 4634 4635
f 4636 4628 4534
f 4628 4636 4637
f 4637 4638 4513
f 4638 4639 4532
f 4626 4532 4639
f 4562 4533 4532
f 4640 4641 4525
f 4542 4525 4641
f 4642 4643 4543
f 4543 4643 4644
f 4529 4644 4645
f 4646 4528 4527
f 4647 4520 4528
f 4619 4520 4647
f 4648 4619 4649
f 4650 4651 4540
f 4651 4629 4616
f 4652 4653 4643
f 4654 4655 4629
f 4567 4656 4604
f 4657 4652 4642
f 4657 4641 4640
f 4618 4569 4656
f 4655 4658 4659
f 4660 4658 4661
f 4539 4648 4662
f 4663 4659 4664
f 4665 4666 4664
f 4667 4636 4668
f 4659 4669 4670
f 4648 4539 4569
f 4658 4660 4669
f 4669 4671 4672
f 4661 4658 4655
f 4629 4655 4663
f 4630 4663 4666
f 4632 4631 4666
f 4671 4673 4653
f 4674 4673 4660
f 4675 4664 4670
f 4649 4661 4654
f 4647 4676 4661
f 4660 4673 4671
f 4665 4635 4633
f 4645 4644 4677
f 4676 4647 4646
f 4677 4653 4673
f 4670 4672 4678
f 4644 4643 4653
f 4672 4657 4679
f 4671 4652 4657
f 4678 4637 4636
f 4675 4668 4635
f 4639 4638 4679
f 4638 4637 4678
f 4680 4498 4609
f 4500 4498 4680
f 4681 4501 4682
f 4503 4683 4684
f 4683 4506 4607
f 4685 4501 4681
f 4586 4508 4599
f 4686 4510 4590
f 4594 4511 4687
f 4586 4612 4490
f 4482 4605 4510
f 4495 4591 4600
f 4497 4511 4688
f 4611 4598 4470
f 4688 4508 4473
f 4475 4600 4682
f 4479 4500 4687
f 4689 4605 4482
f 4690 4506 4485
f 4598 4609 4487
f 4686 4611 4469
f 4612 4690 4484
f 4610 4590 4560
f 4596 4610 4552
f 4551 4550 4597
f 4550 4563 4608
f 4680 4608 4563
f 4680 4558 4557
f 4565 4603 4602
f 4603 4565 4554
f 4691 4595 4594
f 4691 4566 4599
f 4599 4566 4561
f 4583 4588 4587
f 4588 4583 4568
f 4545 4607 4606
f 4607 4545 4544
f 4692 4684 4544
f 4582 4593 4592
f 4548 4601 4593
f 4681 4601 4548
f 4693 4681 4547
f 4656 4570 4589
f 4570 4560 4590
f 4445 4694 4695
f 4696 4697 4438
f 4414 4413 4698
f 4699 4385 4700
f 4701 4702 4415
f 4703 4407 4406
f 4623 4571 4446
f 4409 4390 4396
f 4703 4393 4704
f 4705 4404 4403
f 4698 4390 4389
f 4397 4706 4707
f 4701 4402 4708
f 4706 4404 4395
f 4507 4481 4571
f 4697 4418 4417
f 4402 4407 4709
f 4579 4409 4710
f 4410 4699 4711
f 4435 4695 4385
f 4413 4702 4386
f 4580 4418 4405
f 4705 4579 4712
f 4393 4580 4713
f 4379 4412 4695
f 4714 4381 4697
f 4715 4382 4698
f 4716 4386 4702
f 4703 4387 4709
f 4717 4395 4404
f 4382 4396 4390
f 4381 4405 4418
f 4412 4700 4385
f 4718 4527 4537
f 1100 4711 4700
f 4481 4507 4685
f 4710 4396 4378
f 4370 4387 4704
f 4719 4720 4707
f 1498 4716 4708
f 4707 4395 4367
f 4689 4685 4693
f 4374 4708 4709
f 4712 4710 4369
f 4721 4722 4711
f 4715 4386 1497
f 4372 4713 4405
f 4717 4712 4368
f 4704 4713 4372
f 4674 4646 4718
f 4662 4654 4651
f 4538 4537 4527
f 4546 4538 4526
f 4555 4592 4692
f 4503 4692 4592
f 4591 4495 4504
f 4620 4504 4495
f 4465 4620 4494
f 4436 4465 4461
f 4428 4411 4437
f 4696 4437 4411
f 4696 4410 4722
f 4721 4380 4714
f 4721 1101 1041
f 989 1041 1101
f 1044 993 985
f 993 1001 980
f 4442 4444 4625
f 4444 4442 4398
f 4694 4445 4398
f 4694 4397 4720
f 4720 4719 949
f 947 949 4719
f 853 947 4376
f 854 853 4377
f 854 865 864
f 857 864 874
f 851 874 873
f 846 852 873
f 847 846 261
f 848 847 1018
f 952 848 1057
f 1001 997 981
f 997 995 986
f 995 1003 987
f 1065 987 1003
f 1110 998 983
f 4723 984 983
f 4724 4725 4726
f 3958 4726 4727
f 4728 4729 4730
f 4731 4727 4726
f 4732 4733 4734
f 4735 4736 4737
f 4738 4739 4740
f 4741 4742 4743
f 4728 4734 4744
f 4745 4746 4736
f 4735 4740 4747
f 4742 4748 4749
f 4750 4751 4729
f 4752 4731 4753
f 4754 4755 4756
f 4757 4758 4759
f 4760 4761 4762
f 4763 4764 4765
f 4766 4764 4763
f 4767 4768 4769
f 4770 4771 4772
f 4773 4774 4775
f 4776 4777 4778
f 4779 4780 4781
f 4782 4783 4784
f 4754 4785 4780
f 4779 4778 4755
f 4786 4773 4772
f 4772 4771 4762
f 4787 4769 4759
f 4788 4766 4789
f 4790 4788 4791
f 4792 4782 4793
f 4790 4794 4795
f 4788 4795 4796
f 4797 4798 4785
f 4799 4800 4792
f 4761 4760 4801
f 4802 4803 4804
f 4805 4806 4807
f 4808 4809 4810
f 4811 4812 4813
f 4814 4815 4816
f 4817 4818 4819
f 4820 4765 4821
f 4809 4808 4822
f 4823 4805 4824
f 4825 4808 4826
f 4766 4796 4827
f 4010 4009 4828
f 4829 4830 4812
f 4829 4811 4816
f 4831 4832 4818
f 4808 4825 4833
f 4834 4835 4836
f 4837 4838 4839
f 4840 4841 4842
f 4843 4844 4845
f 4846 4836 4847
f 4848 4849 4850
f 4851 4852 4853
f 4854 4855 4842
f 4856 4857 4858
f 4859 4837 4860
f 4844 4861 4862
f 4849 4863 4864
f 4865 4866 4867
f 4868 4869 4870
f 4871 4867 4872
f 4869 4873 4874
f 4875 4838 4837
f 4876 4844 4843
f 4877 4878 4849
f 4879 4852 4851
f 4880 4856 4851
f 4881 4882 4837
f 4876 4883 4861
f 4884 4863 4849
f 4885 4886 4887
f 4888 4889 4890
f 4891 4892 4893
f 4894 4895 4896
f 4897 4898 4899
f 4900 4901 4902
f 4903 4904 4905
f 4906 4907 4903
f 4908 4909 4910
f 4911 4906 4912
f 4912 4905 4886
f 4892 4913 4901
f 4900 4899 4893
f 4914 4896 4889
f 4915 4908 4916
f 4885 4917 4918
f 4919 4920 4921
f 4891 4922 4913
f 4923 4924 4925
f 4926 4927 4928
f 4929 4930 4931
f 4930 4929 4932
f 4933 4934 4935
f 4926 4936 4937
f 4938 4923 4939
f 4940 4926 4941
f 4942 4943 4931
f 4930 4944 4945
f 4946 4947 4934
f 4940 4948 4936
f 4949 4950 4951
f 4952 4953 4954
f 4955 4956 4957
f 4958 4959 4960
f 4961 4951 4962
f 4963 4964 4965
f 4966 4967 4968
f 4956 4969 4970
f 4971 4972 4973
f 4974 4952 4975
f 4958 4976 4977
f 4978 4979 4964
f 4980 4981 4982
f 4983 4984 4985
f 4986 4982 4987
f 4988 4989 4985
f 4990 4991 4953
f 4992 4993 4958
f 4994 4963 4995
f 4996 4966 4997
f 4998 4971 4997
f 4990 4952 4974
f 4993 4999 4976
f 5000 4978 4963
f 5001 5002 5003
f 5004 5005 5006
f 5007 5008 5009
f 5010 5011 5012
f 5013 5014 5015
f 5016 5017 5018
f 5019 5020 5021
f 5022 5023 5024
f 5025 5026 5027
f 5028 5023 5022
f 5021 5003 5002
f 5029 5016 5015
f 5014 5008 5007
f 5030 5012 5005
f 5031 5025 5032
f 5002 5001 5033
f 5034 5035 5036
f 5037 5038 5029
f 5039 5040 5041
f 5042 5043 5044
f 5045 5046 5047
f 5048 5049 5050
f 5051 5052 5053
f 5043 5042 5054
f 5055 5039 5056
f 5057 5042 5058
f 5059 5060 5046
f 5045 5050 5061
f 5062 5063 5052
f 5057 5064 5054
f 5065 5066 5067
f 5066 5065 5068
f 4019 5069 5070
f 5071 5072 5068
f 5073 5074 5075
f 5076 5077 5078
f 5079 5075 5074
f 5080 5067 5066
f 5081 5082 5083
f 5076 5084 5085
f 5079 5086 5087
f 5088 5089 5066
f 5090 5091 5082
f 5092 4828 5093
f 4014 5094 5095
f 5096 5097 5098
f 5012 5099 5100
f 4040 5101 5102
f 5096 4759 5103
f 4895 5104 5105
f 4842 5106 5107
f 4824 4807 5108
f 4747 4833 4825
f 4825 5109 4746
f 5110 4008 5111
f 5112 4824 5113
f 5114 4948 4940
f 4942 4945 5064
f 5057 5115 4943
f 4940 5116 4830
f 5055 5091 5090
f 5059 5061 5117
f 4017 4016 5118
f 4886 5119 5120
f 5108 5121 4768
f 4038 5111 5122
f 4763 5123 5124
f 4836 5125 5126
f 5127 5128 4827
f 5129 5130 5131
f 5132 5133 5134
f 5135 5131 5130
f 5136 5137 5138
f 5139 5140 5128
f 3859 3884 3898
f 5141 5142 5143
f 3856 5144 5134
f 5145 5146 5138
f 5147 5141 5138
f 5147 5148 5142
f 5149 3895 3894
f 5150 5151 5152
f 5153 5154 3896
f 4804 5155 5156
f 5157 3897 3896
f 5158 5159 5160
f 5159 5158 5161
f 5133 5151 5162
f 5163 5164 5165
f 5166 5165 5167
f 5168 5169 5170
f 5171 5172 5160
f 5173 5174 5172
f 5175 5176 5174
f 5177 5178 5176
f 5178 5177 5179
f 5180 5181 5182
f 5183 5184 5185
f 5186 5183 5187
f 5188 5189 5190
f 5191 5192 5189
f 5191 5193 5194
f 5195 5196 5181
f 5196 5195 5197
f 4039 5069 5101
f 4777 5198 5199
f 4810 5200 5201
f 5202 5203 5204
f 5205 5194 5193
f 5206 5197 5207
f 5208 5183 5186
f 5209 5184 5183
f 5210 5211 5212
f 5213 5214 5184
f 5214 5213 5215
f 5216 5217 5218
f 5219 5218 5217
f 5220 5221 5222
f 5222 5221 5223
f 5224 5225 5226
f 5225 5224 5227
f 5228 5229 5230
f 5212 5139 5127
f 5231 5232 5212
f 5233 5162 5151
f 5234 3845 5235
f 4791 4789 5124
f 5229 5228 5236
f 5237 5238 5236
f 3899 5156 5155
f 5239 4791 5240
f 5241 5242 5243
f 5244 5245 5246
f 4795 5247 5127
f 4794 5231 5247
f 5248 5161 5158
f 5249 5250 5251
f 5252 3846 3845
f 3876 5253 5254
f 5255 5256 5257
f 5249 5258 5259
f 5252 5234 5260
f 5234 5261 5262
f 5263 3901 3900
f 5264 3900 5265
f 4820 5204 5123
f 5203 5202 5266
f 5267 5266 5268
f 5266 5269 5270
f 5271 5272 3892
f 5273 5274 3873
f 5274 5271 3874
f 5275 5276 5277
f 5278 5279 5280
f 5279 5211 5281
f 5211 5210 5282
f 3869 3868 3889
f 5283 5284 5257
f 5285 5257 5256
f 5286 5287 5272
f 5288 5274 5273
f 5288 5286 5271
f 5289 3869 5290
f 3889 3892 5272
f 5253 5246 5291
f 3857 5134 5162
f 5290 5272 5287
f 5268 5270 5292
f 5293 5294 5295
f 5296 5268 5297
f 3846 5252 5152
f 3850 3853 5162
f 5256 5255 5298
f 5299 3850 5233
f 5300 5257 5284
f 3854 5130 5301
f 5137 5302 5303
f 5304 5244 5253
f 3902 5295 5305
f 5130 5129 5306
f 5285 5133 5132
f 5092 5259 5248
f 3849 4802 5259
f 5304 3878 5307
f 3903 3881 5308
f 3848 4803 4802
f 5309 5163 5166
f 4023 5310 5102
f 5311 5312 5313
f 5314 5166 5190
f 5315 4803 3848
f 5265 5315 5316
f 5317 5265 5318
f 5315 5265 3900
f 4803 5315 5155
f 5319 5320 5254
f 5321 5233 5150
f 5322 3851 5323
f 5133 5285 5152
f 5202 4821 5269
f 5242 5324 5325
f 5326 5282 5210
f 5327 5321 5260
f 5328 5210 5232
f 5211 5279 5139
f 5329 5280 5170
f 5322 5190 5189
f 5280 5281 5185
f 5314 5323 5330
f 5135 3854 3852
f 5187 5185 5281
f 5331 5299 5321
f 5332 5187 5282
f 5333 5325 5324
f 5320 5334 3882
f 5258 5161 5248
f 5161 5258 5251
f 5192 5135 5335
f 5279 5278 5140
f 5336 5083 5082
f 5091 5337 5338
f 4774 5198 5200
f 5339 5065 5340
f 4968 4967 5341
f 4989 5342 5343
f 4050 4043 5094
f 5344 5345 5346
f 5347 5171 5346
f 5192 5194 5131
f 5348 5131 5194
f 5184 5214 5170
f 5039 5055 5349
f 5205 5218 5143
f 5171 5347 5350
f 5351 5175 5173
f 4003 5070 5352
f 3851 5322 5335
f 5353 5235 3845
f 4969 4956 4973
f 4996 4973 4956
f 4961 5354 5355
f 5354 4961 5356
f 5357 5358 5359
f 5034 5360 5361
f 5032 5362 5360
f 5032 5027 5363
f 5027 5026 5041
f 4989 5364 4975
f 5365 4985 4975
f 5366 4982 4981
f 4987 4982 5366
f 5009 4977 4976
f 4999 5038 5037
f 5367 5368 5038
f 5369 5004 5359
f 5369 5370 5030
f 5371 5010 5030
f 5027 5040 5372
f 5019 5024 5049
f 5040 5039 5373
f 5186 5332 5374
f 3848 3847 5375
f 5316 5375 5376
f 5376 5377 5378
f 5379 5380 5381
f 5380 5275 5382
f 3851 3850 5299
f 5323 5299 5331
f 5145 5143 5218
f 5219 5222 5146
f 5146 5222 5226
f 5225 5383 5136
f 5384 5177 5175
f 5177 5384 5385
f 5386 5180 5179
f 5387 5195 5180
f 5383 5225 5230
f 5230 5229 5156
f 5388 5172 5174
f 5176 5389 5390
f 5389 5176 5178
f 5391 5181 5196
f 5392 5182 5181
f 5182 5392 5393
f 5394 5196 5206
f 5311 5160 5172
f 5395 4790 5239
f 4026 5312 5396
f 5231 4794 5397
f 5395 5397 4794
f 5398 5239 5399
f 5312 5311 5388
f 5232 5231 5400
f 5401 5402 5403
f 5404 5405 5406
f 5407 5391 5394
f 5408 5389 5393
f 5404 5392 5391
f 4011 5313 5312
f 5409 5403 5394
f 5392 5404 5410
f 5407 5403 5402
f 5405 5404 5407
f 5389 5408 5411
f 5400 5397 5402
f 5313 4011 4010
f 5326 5409 5374
f 5401 5328 5412
f 5390 5411 5396
f 5328 5401 5409
f 5413 5406 5405
f 5395 5398 5405
f 4026 5414 5415
f 5416 5415 5413
f 5417 5402 5397
f 4804 5418 5250
f 5418 5156 5229
f 5238 5237 5250
f 5419 5197 5195
f 5197 5419 5420
f 5058 5044 5421
f 3988 3949 5422
f 3948 5423 5422
f 5424 4743 4749
f 5424 4725 5425
f 5426 5427 3959
f 3983 3982 4739
f 5428 4724 3958
f 5429 5428 3957
f 5429 3994 3937
f 5430 3968 5431
f 5432 5433 3915
f 5434 3993 5430
f 5435 3963 5436
f 5435 5437 3970
f 5438 5437 3951
f 5439 3953 3952
f 5440 5441 3990
f 5438 3950 3953
f 3971 5442 3920
f 3964 3920 3919
f 3925 3962 3961
f 3985 3981 3980
f 3980 3940 3946
f 3991 3929 3928
f 3934 3930 3936
f 3933 3912 3930
f 4738 4737 3941
f 5443 3941 4737
f 4729 4742 4741
f 4742 4729 4751
f 3946 5444 5445
f 5446 5447 4736
f 5448 4737 4736
f 3932 3978 4733
f 4732 4730 3933
f 5443 3978 3979
f 5449 3979 3976
f 5450 3976 5451
f 5444 3946 3940
f 3924 3974 5451
f 5444 3974 5452
f 5422 5423 3973
f 5422 3972 3990
f 3974 5444 5453
f 3939 5450 5453
f 5201 4812 4830
f 5201 5200 4813
f 5454 4770 4775
f 5198 4774 4773
f 5199 4773 4786
f 5455 4786 4801
f 4007 5110 4800
f 5456 5094 4014
f 5094 4043 5457
f 5118 4042 4041
f 5458 5459 4041
f 5460 5458 4049
f 5102 4022 4021
f 4018 4002 4046
f 4040 5310 4000
f 4018 4022 5102
f 5101 5069 4019
f 5070 5069 4039
f 5070 4034 5461
f 5122 5111 4008
f 5098 5111 4038
f 5462 4007 4799
f 4029 4051 4798
f 4797 4756 4030
f 5103 4792 4800
f 5103 5463 4782
f 5463 5121 4783
f 4774 4810 4809
f 5198 4777 4813
f 4814 4813 4777
f 5108 4819 4818
f 5113 4818 4832
f 3942 5449 5450
f 3941 5443 5449
f 4733 5448 5447
f 5464 5208 5207
f 5465 5209 5208
f 5237 5243 5251
f 5466 5251 5243
f 5137 5136 5383
f 5302 5137 3901
f 5245 5244 3895
f 3885 3895 5244
f 3887 3897 5293
f 5294 5293 3897
f 5129 5142 5148
f 5348 5143 5142
f 5159 5466 5325
f 5333 5346 5160
f 5467 5213 5209
f 5213 5467 5468
f 4734 5447 5446
f 3978 5443 5448
f 3971 5438 5439
f 5469 4934 4947
f 5470 4935 4934
f 5471 4935 4895
f 5105 5104 4909
f 5472 5105 4908
f 5472 4915 4921
f 5473 5474 4872
f 5125 4871 5475
f 5125 4836 4835
f 5107 5106 4869
f 5106 5476 4873
f 5477 5476 4855
f 5478 4857 4856
f 5479 5480 4881
f 5480 5481 4882
f 5482 4875 4882
f 5483 4874 5477
f 4874 5483 4860
f 5484 4870 4860
f 5485 4867 4866
f 4867 5485 5486
f 5487 4862 4861
f 4883 4922 4891
f 5488 5120 4922
f 5489 4888 5474
f 5490 4914 4888
f 5491 4894 4914
f 5492 5471 4894
f 4937 4898 4897
f 4902 4928 4927
f 5471 5492 5493
f 5494 4946 4933
f 4823 4946 5494
f 4805 4823 5495
f 4806 4805 5496
f 4776 4781 4815
f 5497 5498 4784
f 4783 4807 4806
f 4793 4784 5498
f 4793 5499 5500
f 5501 5500 5502
f 5503 4801 4050
f 4050 4801 4760
f 5504 4028 4027
f 5505 3995 4007
f 3996 3995 5505
f 4047 4046 4002
f 4035 4000 3999
f 5506 4033 4032
f 5507 4033 5506
f 5508 5509 4757
f 5096 4037 5507
f 4800 5110 5098
f 5509 5510 4758
f 5510 5511 4787
f 5512 4767 4787
f 5513 5514 4767
f 5514 4819 4768
f 4807 4783 5121
f 5514 5513 5515
f 5516 4831 4817
f 4752 4831 5516
f 5517 5518 4731
f 4727 4731 5518
f 4730 4741 3912
f 5425 3913 3912
f 3967 3959 5427
f 3969 3967 5519
f 5520 5432 5431
f 3977 3929 3925
f 3929 3991 3962
f 3916 3915 5433
f 3986 3954 3922
f 3950 3922 3954
f 4854 4841 4858
f 4879 4858 4841
f 4834 4846 5521
f 5522 5521 4846
f 4917 4887 4864
f 4884 4918 4917
f 5523 4920 5524
f 4920 4919 5525
f 4919 4916 5526
f 4916 4910 5527
f 5528 5529 4928
f 4929 5530 4904
f 4907 4932 4929
f 4924 4923 5531
f 4923 4938 5532
f 5533 5532 4938
f 5533 5062 5051
f 5534 5535 5536
f 5048 5047 5020
f 5537 5052 5063
f 5538 5053 5052
f 5539 5421 5044
f 5017 5044 5043
f 5540 5013 5018
f 5099 5541 5026
f 5100 5099 5025
f 5100 5031 5036
f 5001 5542 4979
f 4978 5000 5033
f 5356 5035 5361
f 5543 4986 5544
f 5543 4951 4950
f 5545 5546 4984
f 5546 5547 4988
f 5342 5547 4970
f 5343 5342 4969
f 5343 4972 4971
f 5548 5549 5550
f 5551 4990 5550
f 5551 5341 4991
f 5552 4993 4992
f 5367 5552 4964
f 5359 5006 5544
f 4962 5036 5035
f 5553 5544 5006
f 5554 5029 5038
f 5554 5555 5016
f 5555 5539 5017
f 5010 5371 5535
f 5534 5053 5011
f 5541 5011 5053
f 5556 5421 5047
f 5557 5556 5046
f 5558 4876 5559
f 5488 5558 4850
f 4847 4921 4920
f 5474 4890 5475
f 5126 5475 4890
f 5120 5119 4913
f 5119 5560 4901
f 5560 5528 4902
f 4910 4924 5561
f 4909 4925 4924
f 5104 4895 4935
f 5562 5529 5530
f 5562 4931 4943
f 3988 5441 5440
f 3955 5442 5439
f 3970 5437 5438
f 3951 5437 5435
f 3923 5435 5563
f 3960 3992 3993
f 3966 3968 3994
f 3931 3914 5428
f 3914 3913 4724
f 4753 4726 4725
f 5564 4753 5424
f 3913 5425 4725
f 3937 3994 3993
f 4756 5503 5456
f 4755 5455 5503
f 4887 5120 5488
f 4873 5476 5477
f 4769 5463 5103
f 4768 5121 5463
f 4048 5458 5460
f 4778 5199 5455
f 5109 4826 5201
f 4017 5459 5458
f 4853 5482 5481
f 4886 4905 5560
f 5126 5565 4921
f 4998 4968 5551
f 4986 5543 5566
f 5567 4939 5469
f 4871 5125 5568
f 5569 4957 5546
f 5116 4941 5562
f 5570 4850 5558
f 4890 4889 5472
f 5104 5470 4925
f 4859 5483 5478
f 4939 4925 5470
f 4998 5549 5548
f 4857 5478 5477
f 5542 5003 5554
f 4880 5480 5479
f 4951 5543 5553
f 5115 5058 5556
f 5003 5021 5555
f 4883 4876 5558
f 5020 5539 5555
f 5571 5481 5480
f 4905 4904 5528
f 4941 4928 5529
f 5530 5529 5528
f 4842 4855 5476
f 4896 5105 5472
f 5011 5541 5099
f 5006 5005 5100
f 4964 5552 5572
f 5020 5047 5421
f 5553 5573 5036
f 5574 5056 5537
f 5542 5368 5367
f 5056 5041 5538
f 4974 5364 5343
f 5575 5576 5078
f 4970 5547 5546
f 4999 4993 5552
f 5026 5541 5538
f 4988 5547 5342
f 5338 5339 5577
f 5578 5579 5576
f 5567 5063 5062
f 4823 5112 4947
f 4752 5564 4832
f 5580 4748 4751
f 5072 5167 5165
f 5581 4749 4748
f 5582 5581 5242
f 5583 5564 5584
f 5585 4832 5564
f 5585 5228 5227
f 5586 5112 5587
f 5586 5224 5223
f 5588 5589 5590
f 5591 5589 5221
f 5591 5592 5063
f 5592 5593 5594
f 5595 5574 5594
f 5596 5468 5467
f 5597 4751 4750
f 5598 5599 5347
f 5600 5599 4744
f 5601 5351 5350
f 5602 5384 5351
f 5603 5465 5464
f 5604 5464 5420
f 5605 5115 5557
f 5605 5419 5387
f 5116 5606 5607
f 5608 5387 5386
f 5609 5386 5385
f 5602 5109 5607
f 5610 5611 5612
f 4032 4031 5461
f 5613 5614 5615
f 5616 4032 4036
f 5617 5618 5619
f 4004 5620 5621
f 5622 5623 5457
f 5624 5625 5626
f 5610 5627 5628
f 5095 5457 5623
f 5629 5630 5631
f 5632 5633 5634
f 5635 5636 5637
f 5618 5638 5639
f 5640 5641 5642
f 5643 5644 5615
f 5625 5645 5646
f 5647 5648 5630
f 5649 5650 5651
f 4012 5634 5633
f 5652 5653 5654
f 5655 4044 4012
f 5656 5651 5657
f 5658 5659 5653
f 4001 3996 5660
f 5661 5662 5613
f 5663 3997 3996
f 5664 5665 5625
f 3997 5663 5352
f 5666 5629 5667
f 5461 4031 5122
f 5668 5635 5640
f 5669 5641 5640
f 5670 5661 5644
f 5665 5671 5645
f 5672 5647 5629
f 5673 5674 5675
f 5676 5677 5678
f 5679 5680 5681
f 5682 5683 5684
f 5685 5686 5687
f 5688 5689 5690
f 5691 5692 5693
f 5694 5695 5696
f 5697 5698 5699
f 5700 5695 5694
f 5694 5693 5675
f 5679 5701 5688
f 5687 5686 5680
f 5702 5684 5677
f 5703 5704 5697
f 5674 5673 5705
f 5703 5706 5707
f 5708 5709 5701
f 5677 5684 5710
f 5563 5436 3960
f 5636 5711 5712
f 5659 5713 5714
f 5638 5618 5715
f 5668 5715 5618
f 3961 3960 5436
f 3926 3961 3965
f 5611 5610 5716
f 5716 5610 5717
f 5718 5719 5657
f 5706 5703 5720
f 5703 5721 5722
f 5721 5699 5723
f 5698 5724 5725
f 5659 5726 5615
f 5653 5615 5614
f 3975 3926 3919
f 5727 5728 5452
f 5729 5651 5650
f 5651 5729 5730
f 5681 5646 5645
f 5671 5709 5708
f 5731 5732 5709
f 5733 5676 5719
f 5734 5702 5676
f 5735 5682 5702
f 5699 5725 5736
f 5696 5737 5738
f 5738 5739 5692
f 5740 5578 5575
f 5689 5575 5741
f 5742 5685 5690
f 5710 5743 5698
f 5710 5697 5704
f 5744 5745 5704
f 5746 5648 5647
f 5672 5705 5673
f 5717 5706 5747
f 5748 5656 5749
f 5748 5627 5612
f 5445 5452 5728
f 5750 5751 5752
f 5753 5754 5652
f 5754 5755 5658
f 5713 5755 5639
f 5714 5713 5638
f 5714 5642 5641
f 5756 5757 5670
f 5757 5712 5661
f 5712 5711 5662
f 3944 5752 5751
f 5758 3984 3944
f 5759 5760 5665
f 5760 5630 5648
f 5719 5678 5749
f 5628 5707 5706
f 5761 5749 5678
f 5732 5762 5701
f 5763 5688 5701
f 5763 5740 5689
f 5682 5735 5764
f 5765 5766 5683
f 5743 5683 5766
f 5637 5712 5757
f 5656 5748 5767
f 5619 5754 5753
f 5669 5757 5756
f 5746 5675 5762
f 5627 5748 5761
f 5675 5693 5763
f 5692 5740 5763
f 5684 5683 5743
f 5678 5677 5745
f 5630 5760 5759
f 5739 5578 5740
f 5628 5761 5744
f 5746 5732 5731
f 5726 5714 5756
f 3921 3916 5768
f 5769 3917 3916
f 5639 5755 5754
f 3917 5769 5563
f 5671 5665 5760
f 5743 5770 5724
f 5658 5755 5713
f 5770 5766 5336
f 5577 5340 5724
f 5766 5765 5083
f 5771 5083 5765
f 5741 5078 5077
f 5340 5067 5725
f 5736 5725 5067
f 5772 5074 5738
f 5739 5738 5074
f 5773 5068 5065
f 5337 5773 5339
f 5774 5595 5193
f 5774 5191 5188
f 5071 5188 5167
f 5578 5739 5073
f 5078 5576 5579
f 5084 5078 5073
f 5774 5071 5773
f 5775 5467 5465
f 5344 5324 5580
f 5324 5242 5581
f 4749 5581 5582
f 5236 5583 5582
f 5228 5585 5583
f 5587 4832 5585
f 5224 5586 5776
f 4947 5112 5586
f 5223 5221 5589
f 5590 5589 5591
f 5220 5217 5592
f 5217 5216 5593
f 5216 5193 5595
f 5164 5777 5778
f 5345 5344 5597
f 4744 5599 5598
f 5347 5599 5600
f 5446 4746 5601
f 5109 5602 5601
f 5085 5779 5060
f 5060 5604 5780
f 5419 5605 5780
f 5115 5605 5608
f 4943 5608 5609
f 5606 5609 5781
f 5384 5602 5781
f 5574 5337 5091
f 5337 5574 5595
f 5782 5068 5072
f 5088 5782 5778
f 5775 5087 5086
f 5085 5084 5783
f 5087 5779 5783
f 5779 5603 5604
f 5087 5775 5603
f 5415 5784 5406
f 5396 5411 5408
f 5410 5406 5784
f 5414 5408 5784
f 5399 5240 4025
f 5124 4009 4025
f 5123 4828 4009
f 5204 5093 4828
f 5203 3847 5093
f 3847 5203 5267
f 5375 5267 5296
f 5377 5376 5296
f 5785 5273 5380
f 5273 3890 5275
f 3890 5786 5276
f 3883 3882 5334
f 5107 4868 4865
f 5568 4835 5787
f 4840 5787 4835
f 4866 4865 4868
f 4866 5484 4839
f 5788 5789 5790
f 5790 5791 5559
f 5792 5559 5791
f 5793 5570 5792
f 5570 5793 5794
f 5795 4877 4848
f 4879 4840 4834
f 4983 4980 5566
f 5566 4950 5569
f 4955 5569 4950
f 4996 4955 4949
f 5796 5797 5798
f 4995 4965 5799
f 5800 5799 4965
f 4992 5801 5800
f 5801 4992 5802
f 4960 5803 5804
f 4981 5365 4954
f 4980 4983 5365
f 5650 5649 5805
f 5650 5654 5614
f 5624 5806 5807
f 5808 5664 5624
f 5664 5808 5809
f 5810 5631 5759
f 5631 5810 5811
f 5811 5812 5813
f 5617 5611 5814
f 5815 5612 5611
f 5612 5815 5753
f 5753 5805 5649
f 2 1112 1124
f 1188 1115 1152
f 1182 1118 1115
f 1172 1120 1118
f 1163 1122 1120
f 1191 1140 1124
f 5816 1126 1189
f 64 1127 5817
f 1189 1126 1130
f 5818 1133 1178
f 1183 1130 5817
f 1134 4102 1168
f 1128 1127 5819
f 1137 1134 1155
f 1164 5819 1139
f 1139 1140 1191
f 5820 1143 1157
f 4103 1146 1185
f 5821 1149 1179
f 1113 1112 1122
f 1161 1150 5821
f 1160 1152 1150
f 5820 1146 1145
f 4102 5818 1177
f 1149 4103 1184
f 4308 1143 1142
f 1138 1137 4308
f 5816 1133 1132
f 5822 5823 5824
f 5825 5826 5827
f 5828 5829 5827
f 5829 5830 5831
f 5832 5833 5830
f 5834 5832 5829
f 5835 5836 5833
f 5837 5835 5832
f 5838 5839 5836
f 5840 5838 5835
f 5841 5842 5839
f 5843 5841 5838
f 5844 5845 5842
f 5846 5844 5841
f 5847 5848 5845
f 5849 5847 5844
f 5850 5848 5847
f 5851 5847 5849
f 5852 5850 5851
f 5853 5851 5854
f 5855 5856 5857
f 5858 5857 5859
f 5860 5861 5862
f 5863 5864 5861
f 5865 5866 5860
f 5867 5863 5860
f 5868 5866 5865
f 5868 5869 5867
f 5870 5824 5823
f 5871 5872 5826
f 5873 5874 5872
f 5875 5876 5870
f 5877 5878 5874
f 5879 5880 5876
f 5881 5882 5878
f 5883 5880 5879
f 5884 5885 5886
f 5887 5888 5889
f 5890 5884 5891
f 5892 5893 5888
f 5894 5890 5895
f 5896 5897 5893
f 5898 5899 5856
f 5900 5867 5869
f 5901 5863 5867
f 5901 5902 5903
f 5904 5905 5850
f 5905 5906 5848
f 5907 5845 5848
f 5908 5842 5845
f 5909 5839 5842
f 5910 5836 5839
f 5911 5830 5833
f 5912 5913 5825
f 5913 5914 5871
f 5912 5831 5830
f 5915 5877 5873
f 5916 5873 5871
f 5910 5917 5918
f 5919 5891 5886
f 5919 5920 5895
f 5921 5922 5895
f 5923 5924 5925
f 5885 5882 5881
f 5926 5889 5883
f 5915 5927 5924
f 5928 5925 5924
f 5929 5930 5925
f 5931 5932 5930
f 5933 5934 5932
f 5935 5936 5937
f 5938 5939 5940
f 5939 5941 5942
f 5936 5938 5943
f 5944 5945 5936
f 5945 5946 5938
f 5946 5947 5939
f 5947 5948 5941
f 5949 5950 5945
f 5951 5948 5952
f 5950 5953 5946
f 5953 5954 5947
f 5952 5948 5947
f 135 138 5950
f 5952 137 136
f 138 140 5953
f 140 5955 5954
f 137 5952 5954
f 5902 5956 5957
f 5956 5902 5958
f 5959 5958 5960
f 5961 5962 5963
f 5964 5965 5966
f 5967 5968 5969
f 5970 5971 5965
f 5972 5966 5969
f 5973 5917 5971
f 5974 5975 5918
f 5976 5977 5978
f 5974 5979 5980
f 5981 5976 5982
f 5977 5983 5927
f 5979 5981 5984
f 5924 5927 5983
f 5917 5973 5985
f 5986 5987 5988
f 5935 5988 5989
f 5944 5989 5990
f 5949 5990 177
f 5991 5992 5993
f 5994 5991 5995
f 5996 5997 5998
f 5996 5999 6000
f 5997 5994 6001
f 5987 5993 5992
f 6002 6003 6004
f 6005 6006 6004
f 6007 6002 6008
f 6009 6010 6006
f 6011 6012 6010
f 6012 6011 6013
f 6014 6015 5996
f 6013 6011 6016
f 6017 6018 5991
f 6018 6019 5992
f 6020 6021 6003
f 6021 6022 6005
f 6023 6020 6002
f 6022 6024 6009
f 6025 6017 5994
f 6026 6023 6007
f 6024 6016 6011
f 6015 6025 5997
f 5988 5992 6019
f 5989 6019 6027
f 6027 218 177
f 6028 6029 6015
f 6029 6030 6025
f 6030 6031 6017
f 6032 6033 6034
f 6035 6031 6030
f 6034 6027 6019
f 6036 6037 6029
f 6033 232 222
f 6037 6038 6030
f 6039 6040 6033
f 6040 4347 232
f 6041 6042 6043
f 6044 6045 6042
f 6046 6047 6045
f 6048 6049 6020
f 6050 6051 6022
f 6049 6050 6021
f 6052 6016 6024
f 6053 6048 6023
f 6054 6024 6022
f 6055 6052 6054
f 6056 6054 6051
f 6057 6051 6050
f 6014 6016 6052
f 6052 6055 6036
f 6058 6059 6060
f 6058 6061 6062
f 6063 6059 6043
f 6064 6065 6066
f 6067 6068 6069
f 6070 6071 262
f 6072 6073 6074
f 6075 6076 6073
f 6077 6074 6073
f 6076 6078 6079
f 6080 6071 6081
f 6080 6082 275
f 6082 6080 6083
f 6071 6070 6084
f 6071 6080 280
f 6085 6086 6087
f 6088 6083 6074
f 6089 6090 6091
f 6092 6093 6094
f 6095 6096 6097
f 6091 6090 6098
f 295 6096 6095
f 6096 6099 6100
f 6098 6101 6102
f 6099 6096 295
f 6099 6103 6104
f 6101 6105 6106
f 6103 6099 305
f 6107 6108 6109
f 6110 6111 6112
f 6113 6114 6115
f 6116 6117 6118
f 6119 6120 6117
f 6121 6115 6114
f 6122 6123 6121
f 6102 6124 6123
f 6106 6125 6124
f 6126 6125 6106
f 6111 6126 6107
f 6120 6119 6110
f 6093 6117 6120
f 6127 6118 6117
f 328 4086 6128
f 6118 6127 6129
f 6130 6072 6131
f 6075 6132 6133
f 6134 6133 6135
f 6094 6120 6136
f 6137 6138 6139
f 6103 6140 6141
f 6140 6103 343
f 6119 6142 6143
f 6143 6144 6111
f 6125 6145 6146
f 6115 6121 6147
f 6142 6119 6116
f 6123 6148 6147
f 6149 6115 6150
f 6126 6151 6145
f 6152 6116 6153
f 6144 6151 6126
f 6124 6146 6148
f 6154 6140 356
f 6155 6156 6157
f 6158 6159 6160
f 6106 6105 6108
f 6161 6136 6112
f 6118 6113 6149
f 6114 6113 6129
f 6153 6149 6162
f 6163 6164 6160
f 6165 6166 368
f 6167 6154 371
f 6145 6151 6168
f 6169 6142 6152
f 6170 6168 6151
f 6142 6169 6171
f 6150 6147 6172
f 6148 6173 6172
f 6171 6170 6144
f 6174 6175 6176
f 6146 6177 6173
f 6162 6150 6178
f 6145 6179 6177
f 6175 6180 6152
f 6181 6175 6174
f 6182 6180 6175
f 6183 6181 6184
f 6185 6182 6181
f 6174 6178 6172
f 6180 6182 6171
f 6182 6185 6170
f 6185 6179 6168
f 6183 6177 6179
f 6186 6173 6177
f 6184 6172 6173
f 6187 6160 6188
f 6159 6189 6188
f 6190 6191 6156
f 6192 6193 6154
f 6190 6194 6195
f 6196 6195 6197
f 6198 6199 6200
f 6201 6200 6202
f 6203 6202 6204
f 6205 6206 6207
f 6208 6209 6205
f 6210 6211 6212
f 6213 6214 6211
f 6215 6216 6217
f 6218 6219 6220
f 6191 6190 6196
f 6221 6222 6223
f 6198 6224 6222
f 6203 6225 6226
f 6227 6228 6225
f 6229 6230 6231
f 6232 6217 6233
f 6219 6234 6235
f 6216 6215 6164
f 6236 6237 6238
f 6239 6240 6241
f 6242 6243 6244
f 6245 6246 6247
f 6248 6249 6250
f 6251 6252 6253
f 6254 6255 6256
f 6257 6251 6258
f 6259 6254 6260
f 6261 6257 6262
f 6263 6259 6264
f 466 6261 6265
f 467 6266 6263
f 6242 6252 6267
f 6268 6267 6252
f 6269 6268 6251
f 6261 6270 6269
f 473 6270 6261
f 6271 6241 6249
f 6272 6237 6260
f 6264 6260 6237
f 6236 6165 6273
f 467 6273 6165
f 6274 6215 6232
f 6275 6276 6234
f 6277 6232 6278
f 6164 6215 6274
f 6158 6274 6279
f 6277 6280 6279
f 6281 6282 6280
f 6281 6276 6283
f 6284 6283 6276
f 6285 6280 6282
f 6286 6279 6280
f 6287 6288 6289
f 6279 6286 6290
f 6291 6292 6283
f 6221 6197 6199
f 6293 6212 6209
f 6201 6226 6224
f 6234 6278 6233
f 6294 6244 6240
f 6258 6253 6255
f 6262 6258 6254
f 6265 6262 6259
f 499 6265 6263
f 6276 6281 6278
f 6275 6295 6296
f 6292 6297 6282
f 6296 6298 6291
f 6267 6268 6299
f 6269 6300 6299
f 6267 6301 6302
f 6303 6304 6305
f 6295 6275 6219
f 473 511 6306
f 6270 6306 6300
f 6307 6308 6309
f 646 645 6291
f 6310 6311 6312
f 6313 6314 6315
f 6316 6317 6318
f 6304 6319 6320
f 6321 6322 6323
f 6324 6325 6326
f 6321 6327 6315
f 6304 6303 6317
f 6313 6328 6329
f 6330 6331 6332
f 6327 6333 6334
f 6323 6335 6333
f 6336 6324 6305
f 6329 6328 6337
f 6338 6316 6339
f 6340 6341 6311
f 6310 6332 6342
f 6315 6334 6337
f 6343 6320 6319
f 6319 6304 6316
f 6344 6345 6308
f 6346 6319 6338
f 6347 6345 6344
f 6335 6348 6349
f 6334 6333 6350
f 6333 6335 6351
f 6352 6336 6320
f 6337 6353 6354
f 6355 6356 6338
f 6357 6341 6340
f 6342 6358 6359
f 6334 6360 6353
f 6346 6361 6362
f 6363 6362 6361
f 6361 6346 6356
f 6364 6347 6365
f 6351 6349 6366
f 6360 6350 6367
f 6350 6351 6368
f 6362 6369 6352
f 6354 6353 6370
f 6371 6372 6356
f 6373 6357 6359
f 6358 6374 6375
f 6376 6377 585
f 6353 6360 6378
f 6379 6373 6375
f 6374 6380 6381
f 6382 6376 584
f 6370 6378 6383
f 6384 6385 6386
f 6384 6361 6372
f 590 6387 6388
f 6389 6364 6390
f 6368 6366 6391
f 603 6392 6388
f 6378 6367 6393
f 6367 6368 6394
f 6395 6369 6362
f 6396 6370 6397
f 6398 6399 6372
f 6394 6391 6400
f 6392 603 611
f 6383 6393 6401
f 6393 6394 6402
f 6392 6395 6363
f 6403 6397 6404
f 6405 6399 6398
f 6406 6407 6379
f 6381 6380 6408
f 6369 6395 611
f 6397 6383 6409
f 6410 6386 6385
f 6385 6384 6399
f 6369 6411 621
f 6412 6389 6413
f 6414 6385 6405
f 6352 621 625
f 6415 6412 6416
f 6402 6400 6417
f 625 630 6324
f 6409 6401 6418
f 6401 6402 6419
f 6388 6392 6386
f 6420 6404 6421
f 6422 6405 6423
f 6424 6407 6406
f 6408 6425 6426
f 6404 6409 6427
f 6414 6428 6429
f 6429 6428 6430
f 6428 6414 6422
f 6285 664 675
f 6431 6415 6432
f 6419 6417 6433
f 6427 6418 6434
f 6418 6419 6435
f 6382 6388 6410
f 6436 6421 6437
f 6438 6422 6439
f 6440 6441 6424
f 6426 6425 6442
f 660 6297 6292
f 6421 6427 6443
f 6435 6433 6444
f 6443 6434 6445
f 6434 6435 6446
f 6447 6376 6382
f 6448 6437 6449
f 6450 6451 6438
f 6452 6453 6441
f 6440 6442 6454
f 6437 6443 6455
f 6447 6430 6456
f 6451 6430 6428
f 1077 1076 6288
f 6457 6458 6431
f 6459 6460 6453
f 6452 6454 6461
f 6455 6462 6463
f 6464 6456 6430
f 6465 6466 6458
f 6446 6444 6467
f 6445 6468 6462
f 6445 6446 6469
f 6377 6376 6447
f 6470 6449 6463
f 6464 6451 6450
f 6471 6464 6472
f 6473 6474 6456
f 6377 6475 698
f 6476 6460 6459
f 6459 6461 6477
f 6478 6477 6461
f 6479 6456 6464
f 6480 6481 6466
f 6467 6482 6483
f 6468 6484 6485
f 6469 6483 6484
f 6474 6473 6475
f 6486 6463 6487
f 6463 6462 6485
f 6488 6477 6478
f 6489 6490 6491
f 6046 6492 6493
f 6494 6289 6288
f 6495 6496 6497
f 6188 6498 6499
f 6230 6207 6206
f 6498 6188 6189
f 6500 6501 6502
f 6503 6504 6505
f 6506 6507 6508
f 6509 6506 6510
f 6511 6509 6512
f 6513 6511 6514
f 6515 6516 6513
f 6517 6518 6516
f 6519 6520 6521
f 6522 6519 6523
f 6524 6522 6525
f 6526 6524 6527
f 6528 6529 6526
f 6530 6531 6529
f 6532 6533 6505
f 6534 6535 6536
f 6537 6538 6539
f 6540 6539 6541
f 6541 6542 6543
f 6544 6545 6546
f 6547 6548 6549
f 6543 6542 6550
f 6550 6551 6552
f 6544 6548 6547
f 6548 6546 6543
f 6551 6553 6554
f 6555 6556 6557
f 784 783 6551
f 6558 6547 6559
f 6528 6560 6561
f 6562 6563 6560
f 6564 6563 6562
f 6539 1083 791
f 6565 6503 6566
f 6567 6041 6568
f 6520 6519 6510
f 6519 6522 6512
f 6522 6524 6514
f 6524 6526 6569
f 6526 6529 6515
f 6515 6529 6531
f 6506 6509 6570
f 6518 6571 6572
f 6513 6516 6572
f 6511 6513 6573
f 6509 6511 6574
f 6575 6570 6576
f 6571 6577 6578
f 6570 6574 6579
f 6574 6573 6580
f 6573 6572 6578
f 6581 6576 6582
f 6578 6577 6583
f 6576 6579 6584
f 6579 6580 6585
f 6580 6578 6586
f 6587 6582 6588
f 6586 6583 6589
f 6582 6584 6590
f 6584 6585 6591
f 6585 6586 6592
f 6593 6588 6594
f 6592 6589 6595
f 6588 6590 6596
f 6590 6591 6597
f 6591 6592 6598
f 6599 6594 6600
f 6598 6595 6601
f 6594 6596 6602
f 6596 6597 6603
f 6597 6598 6604
f 6605 6606 6607
f 6608 6609 6610
f 6606 6611 6612
f 6611 6613 6614
f 6613 6608 6615
f 6616 6617 6618
f 6619 6620 6618
f 6621 6622 6623
f 6624 6625 6626
f 6622 6616 6627
f 6624 6628 6629
f 6630 6631 6632
f 6633 6632 6634
f 6635 6636 6637
f 6638 6631 6630
f 6639 6640 6641
f 6642 6634 6065
f 6643 6069 6644
f 6645 6644 6635
f 6640 6639 6646
f 6647 6505 6533
f 6506 6575 6648
f 6581 6649 6648
f 6650 6649 6581
f 6593 6651 6650
f 6599 6652 6651
f 6653 6654 6652
f 6655 6656 6657
f 6658 5967 6659
f 6660 6661 5962
f 6658 6662 6663
f 6664 6007 6665
f 6666 6667 6661
f 6667 6666 6668
f 5973 6012 6000
f 5972 6004 6006
f 5986 5937 5928
f 6665 6008 5968
f 5995 5993 5977
f 5929 5943 5940
f 5998 6001 5981
f 5970 6010 6012
f 5928 5937 5943
f 5968 6008 6004
f 5993 5987 5983
f 6001 5995 5976
f 5985 6000 5999
f 6669 5983 5987
f 5964 6006 6010
f 5999 5998 5979
f 5931 5940 5942
f 6532 6670 6671
f 6672 6533 6671
f 791 899 6542
f 784 6550 6542
f 783 900 6553
f 6673 6674 6675
f 6676 6677 6678
f 6677 6676 6679
f 6680 6678 6677
f 6681 6677 6682
f 6683 6684 6685
f 6545 6557 6686
f 6546 6686 6687
f 6554 6559 6547
f 6688 6558 6689
f 6690 6544 6558
f 6690 6555 6545
f 6684 6691 6692
f 6682 6679 6693
f 6694 6695 6696
f 6697 6566 6698
f 6699 6700 6701
f 6702 6703 6563
f 6563 6703 6704
f 6560 6704 6705
f 6706 6707 6708
f 6709 6710 6711
f 6712 6707 6706
f 6709 6670 6532
f 6713 6708 6714
f 6715 6716 6711
f 6717 6626 6718
f 6719 6718 6720
f 6721 6631 6638
f 6619 6722 6723
f 6628 6621 6724
f 6670 6725 6726
f 6727 6728 6729
f 6730 6715 6731
f 6732 6733 6734
f 6735 6736 6737
f 6738 6737 6739
f 6740 6741 6742
f 6743 6744 6741
f 6745 6744 6743
f 6746 6747 6745
f 6748 6749 6654
f 6750 6751 6752
f 6753 6754 6755
f 6640 6752 6756
f 6757 6758 6759
f 6641 6756 6760
f 6761 6759 6751
f 6762 6763 6764
f 6765 6728 6727
f 6766 6727 6767
f 6768 6769 6770
f 6771 6767 6763
f 6772 6773 6728
f 6729 6774 6616
f 6775 6624 6717
f 6776 6729 6622
f 6777 6776 6621
f 6778 6779 6722
f 6775 6777 6628
f 6780 6781 6782
f 6783 6069 6068
f 6567 6784 6785
f 6786 6062 6061
f 6784 6567 6062
f 6068 6067 6787
f 6750 6646 6788
f 6761 6788 6739
f 6789 4237 1022
f 6785 6790 6791
f 6492 6789 6792
f 6793 6784 6786
f 6794 6786 6795
f 6737 6796 6757
f 6797 6636 6635
f 6798 6635 6644
f 6793 6799 6785
f 6501 6500 6535
f 6736 6753 6796
f 6800 6693 6801
f 6800 6696 6802
f 6706 6713 6504
f 6670 6709 6716
f 6803 6706 6503
f 6710 6709 6804
f 6504 6713 6804
f 6805 6716 6715
f 6806 6715 6730
f 6807 6730 6747
f 6808 6760 6809
f 6810 6764 6811
f 6812 6717 6719
f 6813 6814 6815
f 6798 6815 6816
f 6817 6754 6753
f 6783 6818 6814
f 6819 4577 1054
f 6820 6821 6613
f 6780 6822 6823
f 6824 6825 6826
f 6827 6828 6829
f 6035 6039 6032
f 6830 1054 1064
f 6753 6831 6832
f 6833 6829 6818
f 6834 6820 6611
f 6778 6619 6617
f 6813 6644 6069
f 6835 6782 1068
f 6836 6837 6609
f 6748 6834 6606
f 6768 6838 6839
f 6840 6841 6842
f 6821 6836 6608
f 6827 6843 6780
f 6818 6829 6844
f 6017 6031 6032
f 6845 6289 6189
f 6846 6189 6289
f 6847 1079 4112
f 6848 6673 6502
f 6676 6502 6501
f 6534 6693 6679
f 6693 6534 6849
f 6540 6692 6691
f 6538 6850 1083
f 6535 1085 1084
f 1085 6535 6500
f 1086 6500 6675
f 6674 4277 1087
f 6851 6852 6853
f 6854 6855 6678
f 6855 6856 6848
f 6856 6857 6673
f 6857 6858 6674
f 6134 6859 6086
f 6860 6699 6861
f 6700 6699 6523
f 6699 6860 6525
f 6685 6557 6556
f 6686 6557 6685
f 6687 6686 6692
f 6862 6702 6564
f 6860 6564 6527
f 6809 6863 6864
f 6865 6811 6866
f 6763 6775 6812
f 6867 6868 6869
f 6868 6791 6790
f 6605 6842 6749
f 6843 6787 6822
f 6602 6603 6821
f 6835 6870 6828
f 6796 6832 6758
f 6600 6602 6820
f 6871 6617 6616
f 6604 6601 6837
f 6653 6600 6834
f 6872 6839 6773
f 6603 6604 6836
f 6833 6068 6843
f 6819 6873 6828
f 6844 6829 6828
f 6874 6875 6876
f 6877 6878 6879
f 6880 6877 6881
f 6882 6880 6883
f 6884 6882 6885
f 6875 5824 5870
f 6886 5893 5897
f 6887 6888 6889
f 6890 5888 5893
f 6891 6892 6893
f 6890 6888 5889
f 6894 6895 6896
f 6887 6897 5880
f 6898 6894 6899
f 6900 5876 5880
f 6901 5870 5876
f 6902 6903 6904
f 6905 6906 6907
f 6908 6909 6910
f 6874 6884 6911
f 6912 6913 6910
f 6878 6912 6914
f 6915 6916 6917
f 6918 6919 6920
f 6921 6922 6923
f 6924 6925 6926
f 6927 6928 6929
f 6916 6930 6931
f 6922 6932 6933
f 6925 6934 6935
f 6889 6936 6937
f 6938 6929 6939
f 6940 6941 6942
f 6943 6944 6933
f 6934 6945 6946
f 6936 6889 6947
f 6948 6949 6950
f 6945 6951 6952
f 6953 6947 6954
f 6955 6876 6956
f 6951 6921 6957
f 6958 6876 6955
f 6959 6954 6960
f 6961 6956 6928
f 6962 6963 6964
f 6965 6966 6967
f 6968 6969 6970
f 6971 6972 6973
f 6974 6975 6976
f 6977 6962 6978
f 6979 6980 6967
f 6981 6982 6972
f 6983 6984 6975
f 6985 6986 6987
f 6987 6977 6988
f 6989 6990 6991
f 6981 6992 6993
f 6994 6995 6984
f 6986 6985 6996
f 6997 6998 6999
f 7000 7001 6995
f 7002 6996 7003
f 6963 7004 7005
f 7006 6973 7001
f 7005 7004 7007
f 7008 7009 7003
f 7010 7002 7009
f 7011 7012 7004
f 7013 7006 7000
f 7007 7004 7012
f 7014 7015 7009
f 7016 7011 6963
f 7017 7018 6966
f 7019 6969 6968
f 7013 7020 6971
f 7021 7022 6974
f 7016 6962 6977
f 7018 7023 6979
f 7020 7024 6981
f 7022 7025 6983
f 6986 7026 7027
f 7028 6977 6987
f 7029 7030 6990
f 7024 7031 6992
f 7025 7032 6994
f 7026 6986 7002
f 7033 6998 6997
f 7032 7034 7000
f 7035 7022 7021
f 7036 7037 7016
f 7038 7039 7023
f 7040 7041 7024
f 7035 7042 7025
f 7027 7026 7043
f 7044 7036 7028
f 7045 7030 7029
f 7041 7046 7031
f 7047 7032 7025
f 7043 7026 7010
f 7048 7033 7049
f 7050 7034 7032
f 7051 7010 7015
f 7052 7012 7011
f 7053 7013 7034
f 7021 7012 7052
f 7054 7015 7014
f 7037 7055 7011
f 7038 7018 7017
f 7056 7019 7057
f 7040 7020 7013
f 7052 7058 7059
f 7060 7054 7061
f 7062 7063 7055
f 7064 7038 7065
f 7066 7056 7067
f 7068 7040 7053
f 7069 7035 7070
f 7071 7062 7037
f 7072 7039 7038
f 7073 7041 7040
f 7074 7042 7035
f 7044 7043 7075
f 7076 7071 7036
f 7077 7045 7078
f 7073 7079 7046
f 7080 7047 7042
f 7081 7075 7043
f 7082 7048 7083
f 7084 7050 7047
f 7060 7081 7051
f 7058 7052 7055
f 7085 7053 7050
f 7086 7084 7080
f 7084 7086 7087
f 7085 7087 7088
f 7089 7090 7079
f 7091 7092 7060
f 7093 7094 7082
f 7095 7096 7097
f 7098 7099 7100
f 7101 7069 7059
f 7064 7100 7102
f 7063 7062 7103
f 7089 7073 7068
f 7092 7104 7081
f 7076 7075 7105
f 7104 7105 7075
f 7106 7077 7107
f 7108 7109 7071
f 7109 7103 7062
f 7063 7110 7111
f 7112 7059 7058
f 7069 7101 7113
f 7113 7114 7080
f 7082 7094 7096
f 7048 7082 7095
f 7033 7048 7067
f 7057 6968 6998
f 7113 7115 7116
f 7108 7105 7117
f 7109 7108 7118
f 7119 7102 7120
f 7099 7121 7122
f 7110 7103 7123
f 7090 7089 7124
f 7112 7125 7126
f 7103 7109 7127
f 7093 7090 7128
f 7114 7116 7129
f 7101 7126 7115
f 7110 7130 7131
f 7104 7092 7132
f 7096 7133 7134
f 7086 7129 7135
f 7092 7091 7136
f 7105 7104 7137
f 7100 7122 7120
f 7087 7135 7138
f 7111 7131 7125
f 7094 7139 7133
f 7088 7138 7124
f 7128 7140 7141
f 7116 7142 7143
f 7130 7123 7144
f 7136 7145 7146
f 7137 7132 7146
f 7133 7147 7148
f 7129 7143 7149
f 7131 7150 7151
f 7117 7137 7152
f 7122 7153 7154
f 7135 7149 7155
f 7118 7117 7156
f 7127 7118 7157
f 7139 7158 7147
f 7138 7155 7159
f 7126 7160 7161
f 7123 7127 7162
f 7120 7154 7163
f 7121 7164 7153
f 7124 7159 7140
f 7125 7151 7160
f 7115 7161 7142
f 7130 7165 7150
f 7152 7146 7166
f 7148 7147 7167
f 7149 7143 7168
f 7150 7169 7170
f 7156 7152 7171
f 7153 7172 7173
f 7155 7149 7174
f 7157 7156 7175
f 7162 7157 7176
f 7147 7158 7177
f 7159 7155 7178
f 7160 7179 7180
f 7144 7162 7181
f 7154 7173 7182
f 7164 7183 7172
f 7140 7159 7184
f 7151 7170 7179
f 7161 7180 7185
f 7150 7165 7186
f 7140 7187 7188
f 7142 7185 7168
f 7165 7144 7189
f 7146 7145 7190
f 7191 7192 7193
f 7194 7195 7196
f 7197 7198 7199
f 7200 7201 7202
f 7203 7204 7205
f 7206 7207 7208
f 7209 7210 7211
f 7192 7212 7213
f 7214 7215 7216
f 7217 7218 7201
f 7219 7220 7221
f 7222 7223 7224
f 7225 7214 7226
f 7227 7228 7210
f 7229 7230 7223
f 7231 7218 7217
f 7232 7224 7233
f 7234 7191 7235
f 7216 7215 7219
f 7236 7237 7238
f 7228 7227 7239
f 7229 7240 7241
f 7242 7243 7244
f 7238 7237 7196
f 7198 7242 7245
f 7212 7204 7203
f 7240 7244 7243
f 7221 7179 7170
f 7187 7184 7238
f 7228 7173 7172
f 7189 7181 7198
f 7206 7180 7179
f 7173 7228 7233
f 7231 7238 7184
f 7210 7172 7183
f 7181 7176 7242
f 7176 7175 7243
f 7194 7235 7177
f 7178 7174 7218
f 7235 7193 7167
f 7241 7243 7175
f 7169 7216 7246
f 7247 7203 7211
f 7218 7174 7168
f 7193 7213 7248
f 7230 7241 7171
f 7249 6657 6656
f 7250 7251 6671
f 6725 6670 6805
f 7252 6667 6657
f 6667 7252 6663
f 6661 6663 6662
f 7253 5963 5962
f 5899 7254 7255
f 7256 5857 5856
f 7257 5859 5857
f 6905 6949 6920
f 6949 6948 7258
f 7259 6999 6998
f 7260 7261 6561
f 7262 7263 6689
f 7264 7262 6559
f 7263 7265 7266
f 7267 7268 6531
f 7269 6589 6583
f 7270 6609 6837
f 7271 7272 6583
f 7273 6610 6609
f 6601 7274 7275
f 7276 7271 6577
f 7277 7278 6518
f 7274 6601 6595
f 7278 7276 6571
f 7279 6595 6589
f 7280 7274 7279
f 7281 7279 7269
f 7282 7269 7272
f 7283 7270 7275
f 7274 7280 7284
f 7285 7273 7270
f 7286 7280 7281
f 7280 7286 7287
f 7288 7283 7284
f 6530 6561 7261
f 6517 6531 7268
f 900 1536 7289
f 7264 6554 6553
f 7290 7291 7288
f 7292 7288 7287
f 7293 7294 7295
f 7296 7297 7298
f 7299 7300 7301
f 7294 7302 7303
f 7304 7305 7297
f 7302 7306 7307
f 7308 7309 7305
f 7310 7298 7311
f 7312 7313 7309
f 7314 7315 7316
f 7317 7318 7319
f 7320 7319 7313
f 7315 7307 7306
f 7321 7293 7322
f 7323 7324 7311
f 7325 7299 7326
f 7327 7328 7302
f 7329 7304 7296
f 7328 7330 7306
f 7331 7308 7304
f 7332 7310 7324
f 7333 7312 7308
f 7334 7316 7335
f 7336 7317 7320
f 7337 7320 7312
f 7316 7306 7330
f 7321 7338 7339
f 7340 7324 7323
f 7323 7326 7341
f 7339 7327 7294
f 7342 7296 7310
f 7326 7301 7343
f 7344 7345 7330
f 7346 7331 7329
f 7347 7332 7340
f 7348 7333 7331
f 7349 7335 7350
f 7351 7336 7337
f 7352 7337 7333
f 7335 7330 7345
f 7338 7353 7354
f 7355 7340 7356
f 7356 7341 7357
f 7339 7354 7358
f 7359 7342 7332
f 7343 7360 7357
f 7358 7344 7328
f 7361 7329 7342
f 7362 7363 7364
f 7365 7366 7367
f 7368 7369 7370
f 7371 7372 7373
f 7374 7375 7376
f 7377 7378 7379
f 7380 7381 7382
f 7383 7384 7385
f 7386 7387 7388
f 7389 7390 7391
f 7392 7393 7370
f 7394 7395 7396
f 7397 7398 7399
f 7400 7401 7402
f 7403 7384 7383
f 7404 7405 7378
f 7406 7367 7366
f 7407 7408 7409
f 7410 7411 7412
f 7411 7410 7413
f 7414 7364 7363
f 7415 7367 7416
f 7417 7418 7419
f 7420 7421 7422
f 7423 7424 7425
f 7426 7427 7428
f 7418 7429 7422
f 7430 7431 7432
f 7433 7431 7434
f 7435 7436 7437
f 7438 7439 7440
f 7441 7442 7443
f 7444 7445 7446
f 7447 7448 7449
f 7442 7450 7449
f 7443 7449 7451
f 7448 7452 7451
f 7368 7393 7363
f 7453 7373 7375
f 7454 7388 7381
f 7455 7456 7457
f 7458 7363 7393
f 7459 7460 7461
f 7462 7463 7464
f 7445 7465 7466
f 7467 7443 7468
f 7439 7423 7469
f 7470 7437 7471
f 7431 7430 7472
f 7431 7433 7473
f 7474 7475 7476
f 7427 7426 7477
f 7478 7419 7442
f 7424 7479 7480
f 7419 7422 7450
f 7481 7482 7436
f 7421 7447 7450
f 7427 7430 7483
f 7484 7485 7418
f 7486 7420 7429
f 7487 7488 7489
f 7490 7491 7492
f 7493 7494 7398
f 7400 7495 7416
f 7496 7413 7497
f 7498 7499 7500
f 7501 7502 7495
f 7503 7500 7491
f 7504 7505 7463
f 7506 7507 7508
f 7509 7510 7511
f 7512 7513 7514
f 7515 7516 7517
f 7518 7519 7520
f 7521 7522 7523
f 7524 7525 7526
f 7384 7513 7512
f 7527 7508 7528
f 7529 7528 7530
f 7500 7458 7392
f 7531 7514 7513
f 7532 7457 7525
f 7533 7534 7535
f 7536 7426 7537
f 7499 7414 7458
f 7485 7538 7429
f 7508 7507 7369
f 7489 7488 7539
f 7381 7529 7540
f 7387 7506 7527
f 7541 7513 7384
f 7542 7517 7516
f 7536 7520 7519
f 7543 7514 7366
f 7534 7407 7544
f 7522 7389 7545
f 7388 7527 7529
f 7546 7416 7367
f 7394 7547 7494
f 7491 7392 7548
f 7549 7526 7460
f 7550 7533 7551
f 7502 7552 7416
f 7553 7554 7497
f 7555 7461 7505
f 7395 7521 7556
f 7528 7362 7557
f 7508 7368 7362
f 7558 7366 7514
f 7559 7380 7560
f 7561 7562 7383
f 7563 7386 7454
f 7564 7383 7562
f 7565 7454 7380
f 7408 7566 7567
f 7568 7569 7456
f 7570 7571 7391
f 7566 7518 7572
f 7573 7539 7569
f 7570 7542 7574
f 7575 7559 7576
f 7577 7578 7562
f 7579 7580 7563
f 7581 7562 7578
f 7575 7579 7565
f 7582 7511 7482
f 7466 7465 7475
f 7430 7427 7583
f 7456 7584 7585
f 7460 7586 7587
f 7463 7588 7589
f 7590 7591 7475
f 7592 7593 7445
f 7593 7590 7465
f 7591 7594 7476
f 7505 7595 7588
f 7596 7597 7488
f 7526 7525 7598
f 7539 7488 7597
f 7525 7457 7585
f 7461 7587 7595
f 7526 7599 7586
f 7569 7600 7584
f 7569 7539 7601
f 7602 7555 7504
f 7603 7604 7462
f 7605 7504 7462
f 7606 7489 7573
f 7607 7446 7466
f 7608 7549 7459
f 7609 7568 7455
f 7610 7474 7611
f 7612 7455 7532
f 7613 7459 7555
f 7614 7532 7524
f 7615 7466 7474
f 7616 7617 7446
f 7618 7573 7568
f 7619 7620 7489
f 7621 7524 7549
f 7622 7623 7624
f 7451 7625 7626
f 7624 7623 7627
f 7628 7468 7626
f 7629 7433 7630
f 7631 7471 7632
f 7633 7631 7634
f 7433 7629 7635
f 7636 7630 7637
f 7452 7638 7625
f 7639 7634 7640
f 7641 7642 7640
f 7636 7640 7643
f 7634 7632 7643
f 7644 7645 7626
f 7644 7635 7629
f 7577 7580 7485
f 7579 7575 7486
f 7611 7476 7487
f 7646 7578 7510
f 7479 7515 7647
f 7520 7536 7648
f 7580 7579 7538
f 7426 7536 7649
f 7594 7596 7487
f 7650 7611 7620
f 7651 7652 7653
f 7654 7655 7656
f 7657 7658 7659
f 7660 7661 7662
f 7663 7664 7665
f 7666 7667 7668
f 7669 7670 7671
f 7672 7673 7674
f 7675 7676 7677
f 7678 7679 7680
f 7659 7658 7681
f 7682 7683 7684
f 7685 7686 7687
f 7688 7689 7690
f 7691 7692 7673
f 7693 7694 7668
f 7695 7656 7655
f 7696 7697 7698
f 7699 7700 7701
f 7700 7699 7702
f 7703 7653 7652
f 7704 7656 7705
f 7706 7707 7708
f 7709 7710 7711
f 7712 7713 7714
f 7715 7716 7717
f 7707 7718 7711
f 7719 7720 7721
f 7722 7720 7723
f 7724 7725 7726
f 7727 7728 7729
f 7730 7731 7732
f 7733 7734 7735
f 7736 7737 7738
f 7731 7739 7738
f 7738 7740 7741
f 7737 7742 7740
f 7743 7659 7652
f 7744 7662 7665
f 7675 7745 7671
f 7746 7747 7748
f 7749 7652 7659
f 7750 7751 7752
f 7753 7754 7755
f 7756 7735 7757
f 7758 7732 7741
f 7729 7712 7759
f 7760 7726 7761
f 7720 7719 7762
f 7720 7722 7763
f 7764 7765 7766
f 7716 7715 7767
f 7768 7708 7731
f 7713 7769 7770
f 7708 7711 7739
f 7771 7772 7725
f 7710 7736 7739
f 7716 7719 7773
f 7774 7707 7706
f 7775 7776 7709
f 7777 7778 7779
f 7780 7781 7782
f 7783 7784 7686
f 7785 7688 7786
f 7787 7702 7788
f 7789 7790 7791
f 7792 7786 7690
f 7793 7791 7781
f 7794 7795 7754
f 7796 7797 7798
f 7799 7800 7801
f 7802 7803 7804
f 7805 7806 7807
f 7808 7809 7810
f 7811 7812 7813
f 7814 7815 7816
f 7674 7673 7803
f 7817 7798 7818
f 7819 7818 7820
f 7791 7749 7821
f 7822 7804 7803
f 7814 7823 7748
f 7824 7825 7826
f 7827 7715 7828
f 7703 7749 7791
f 7775 7718 7707
f 7797 7657 7743
f 7829 7779 7830
f 7671 7819 7831
f 7745 7677 7796
f 7832 7803 7673
f 7833 7834 7807
f 7835 7827 7809
f 7836 7804 7655
f 7824 7696 7837
f 7811 7678 7838
f 7745 7817 7819
f 7785 7705 7656
f 7682 7839 7784
f 7821 7681 7782
f 7840 7816 7752
f 7841 7826 7842
f 7843 7705 7786
f 7842 7844 7788
f 7794 7750 7845
f 7683 7846 7813
f 7818 7651 7847
f 7798 7743 7651
f 7848 7655 7804
f 7849 7670 7669
f 7850 7851 7672
f 7852 7853 7676
f 7691 7672 7851
f 7852 7675 7670
f 7697 7854 7855
f 7856 7857 7747
f 7858 7859 7680
f 7854 7860 7810
f 7861 7830 7857
f 7833 7862 7859
f 7863 7864 7849
f 7865 7866 7851
f 7867 7853 7852
f 7868 7851 7866
f 7869 7852 7849
f 7870 7801 7772
f 7871 7757 7765
f 7719 7716 7872
f 7748 7747 7873
f 7752 7874 7875
f 7754 7876 7877
f 7878 7879 7765
f 7880 7881 7735
f 7881 7878 7757
f 7879 7882 7766
f 7795 7883 7876
f 7778 7884 7885
f 7815 7886 7887
f 7830 7779 7885
f 7815 7748 7888
f 7845 7875 7883
f 7816 7887 7874
f 7857 7889 7873
f 7857 7830 7890
f 7891 7892 7750
f 7893 7894 7753
f 7894 7891 7794
f 7895 7829 7861
f 7756 7871 7896
f 7897 7840 7751
f 7898 7899 7856
f 7900 7764 7901
f 7898 7746 7823
f 7892 7902 7751
f 7903 7823 7814
f 7896 7871 7764
f 7904 7733 7756
f 7905 7861 7856
f 7906 7777 7829
f 7907 7814 7840
f 7908 7909 7910
f 7740 7911 7912
f 7910 7909 7913
f 7914 7741 7912
f 7915 7722 7916
f 7917 7761 7918
f 7919 7917 7920
f 7722 7915 7921
f 7922 7916 7923
f 7742 7924 7911
f 7925 7920 7926
f 7927 7928 7926
f 7922 7926 7929
f 7920 7918 7929
f 7930 7931 7912
f 7921 7915 7929
f 7867 7774 7932
f 7864 7776 7775
f 7901 7766 7778
f 7933 7866 7800
f 7769 7806 7805
f 7809 7827 7934
f 7869 7775 7774
f 7715 7827 7835
f 7882 7884 7778
f 7935 7901 7777
f 7936 7937 7938
f 7939 7940 7941
f 7942 7943 7944
f 7945 7946 7947
f 7948 7949 7950
f 7951 7952 7953
f 7954 7955 7956
f 7957 7958 7959
f 7960 7961 7962
f 7963 7964 7965
f 7966 7944 7967
f 7968 7969 7970
f 7971 7972 7973
f 7974 7975 7976
f 7977 7959 7958
f 7978 7979 7953
f 7980 7941 7940
f 7981 7982 7983
f 7984 7985 7986
f 7985 7984 7987
f 7988 7938 7989
f 7990 7941 7991
f 7992 7993 7994
f 7995 7996 7997
f 7998 7999 8000
f 8001 8002 8003
f 7993 8004 7997
f 8005 8006 8007
f 8008 8006 8009
f 8010 8011 8012
f 8013 8014 8015
f 8016 8017 8018
f 8019 8020 8021
f 8022 8023 8024
f 8017 8025 8024
f 8018 8024 8026
f 8023 8027 8026
f 7937 7942 7966
f 8028 7947 7950
f 7960 8029 7955
f 8030 8031 8032
f 7938 7966 8033
f 8034 8035 8036
f 8037 8038 8039
f 8020 8040 8041
f 8042 8018 8043
f 8014 7998 8044
f 8045 8012 8046
f 8006 8005 8047
f 8006 8008 8048
f 8049 8050 8051
f 8002 8001 8052
f 8053 7994 8017
f 7999 8054 8055
f 7994 7997 8025
f 8056 8057 8011
f 7996 8022 8025
f 8002 8005 8058
f 8059 8060 7993
f 8061 8062 7995
f 8063 8064 8065
f 8066 8067 8068
f 8069 8070 7972
f 8071 7974 8072
f 8073 7987 8074
f 8075 8076 8077
f 8078 8072 7976
f 8079 8077 8066
f 8037 8080 8081
f 8082 8083 8084
f 8085 8086 8087
f 8088 8089 8090
f 8091 8092 8093
f 8094 8095 8096
f 8097 8098 8099
f 8100 8101 8102
f 8103 7959 8089
f 8104 8082 8105
f 8106 8104 8107
f 8077 7989 8033
f 8108 8090 8089
f 8109 8032 8102
f 8110 8111 8112
f 8113 8001 8114
f 8076 8115 7989
f 8060 8061 8004
f 8105 8084 7943
f 8116 8065 8064
f 7956 7955 8104
f 8029 7962 8083
f 7977 8117 8089
f 8118 8093 8092
f 8113 8096 8095
f 8119 8090 7940
f 8111 7981 8120
f 8097 7963 8121
f 8029 8082 8104
f 8071 7991 7941
f 7968 8122 8070
f 8033 7967 8067
f 8100 8123 8035
f 8124 8110 8125
f 8078 8126 7991
f 8127 8128 8074
f 8080 8129 8036
f 7969 8130 8099
f 8131 8107 7937
f 8107 8105 7942
f 8132 7940 8090
f 8133 7954 8134
f 8135 8136 7958
f 8137 7961 7960
f 8138 7958 8136
f 8139 7960 7954
f 7982 8140 8141
f 8030 8142 8143
f 7964 8144 8145
f 8140 8094 8146
f 8142 8116 8147
f 8144 8118 8148
f 8149 8133 8150
f 8151 8152 8136
f 8153 8154 8137
f 8155 8136 8152
f 8149 8153 8139
f 8087 8086 8057
f 8041 8040 8050
f 8005 8002 8156
f 8031 8157 8158
f 8035 8159 8160
f 8038 8161 8162
f 8163 8164 8050
f 8165 8166 8020
f 8166 8163 8040
f 8164 8167 8051
f 8081 8168 8161
f 8063 8169 8170
f 8123 8102 8171
f 8064 8170 8172
f 8032 8158 8171
f 8036 8160 8168
f 8123 8173 8159
f 8031 8143 8174
f 8147 8172 8174
f 8175 8176 8129
f 8177 8178 8037
f 8178 8175 8080
f 8179 8180 8065
f 8181 8021 8041
f 8182 8183 8100
f 8184 8185 8142
f 8186 8049 8187
f 8188 8184 8030
f 8176 8182 8034
f 8188 8109 8101
f 8189 8041 8049
f 8190 8191 8021
f 8179 8116 8142
f 8192 8065 8180
f 8183 8193 8101
f 8194 8195 8196
f 8043 8026 8197
f 8196 8195 8198
f 8199 8043 8200
f 8201 8202 8008
f 8203 8046 8204
f 8205 8203 8206
f 8048 8008 8202
f 8207 8201 8208
f 8027 8209 8197
f 8210 8206 8211
f 8207 8212 8211
f 8201 8211 8213
f 8206 8204 8213
f 8214 8215 8200
f 8214 8216 8202
f 8151 8154 8060
f 8153 8149 8062
f 8187 8051 8063
f 8152 8085 8217
f 8054 8091 8218
f 8096 8113 8219
f 8154 8153 8061
f 8001 8113 8220
f 8051 8167 8169
f 8221 8187 8192
f 8222 8223 8224
f 8225 8226 8227
f 8228 8229 8230
f 8231 8232 8233
f 8234 8235 8236
f 8237 8238 8239
f 8240 8241 8242
f 8243 8244 8245
f 8246 8247 8248
f 8249 8250 8251
f 8252 8230 8253
f 8254 8255 8256
f 8257 8258 8259
f 8260 8261 8262
f 8263 8245 8244
f 8264 8239 8238
f 8265 8227 8226
f 8266 8267 8268
f 8269 8270 8271
f 8272 8271 8270
f 8273 8224 8223
f 8274 8227 8275
f 8276 8277 8278
f 8279 8280 8281
f 8282 8283 8284
f 8285 8286 8287
f 8277 8288 8281
f 8289 8290 8291
f 8292 8290 8293
f 8294 8295 8296
f 8297 8293 8298
f 8299 8300 8301
f 8302 8303 8304
f 8305 8306 8307
f 8300 8305 8308
f 8301 8308 8309
f 8308 8307 8310
f 8228 8252 8223
f 8234 8231 8311
f 8246 8312 8241
f 8313 8314 8315
f 8223 8252 8316
f 8317 8318 8319
f 8320 8321 8322
f 8323 8324 8325
f 8326 8301 8327
f 8328 8282 8329
f 8330 8296 8331
f 8290 8289 8332
f 8290 8292 8333
f 8334 8335 8336
f 8286 8285 8337
f 8338 8278 8300
f 8283 8339 8340
f 8278 8281 8305
f 8341 8342 8295
f 8281 8280 8306
f 8286 8289 8343
f 8344 8345 8277
f 8346 8279 8288
f 8347 8348 8349
f 8350 8351 8352
f 8258 8353 8354
f 8355 8262 8275
f 8356 8272 8357
f 8358 8359 8360
f 8361 8262 8261
f 8360 8350 8362
f 8321 8363 8364
f 8365 8366 8367
f 8368 8369 8370
f 8371 8372 8373
f 8374 8375 8376
f 8377 8378 8379
f 8380 8381 8382
f 8383 8384 8385
f 8386 8245 8372
f 8365 8387 8388
f 8389 8388 8390
f 8391 8316 8350
f 8392 8373 8372
f 8384 8313 8393
f 8394 8395 8396
f 8397 8285 8398
f 8359 8273 8391
f 8345 8399 8288
f 8387 8367 8229
f 8400 8349 8401
f 8241 8389 8402
f 8312 8248 8366
f 8403 8372 8245
f 8404 8376 8375
f 8397 8379 8378
f 8405 8373 8226
f 8395 8266 8406
f 8381 8249 8407
f 8312 8365 8389
f 8408 8275 8227
f 8254 8409 8354
f 8316 8253 8351
f 8318 8383 8410
f 8411 8394 8412
f 8413 8275 8262
f 8414 8356 8415
f 8363 8317 8416
f 8255 8380 8417
f 8388 8222 8418
f 8387 8228 8222
f 8419 8226 8373
f 8420 8240 8421
f 8422 8423 8244
f 8424 8425 8247
f 8426 8244 8423
f 8424 8246 8240
f 8427 8428 8268
f 8314 8429 8430
f 8250 8431 8432
f 8377 8433 8428
f 8429 8434 8401
f 8431 8404 8435
f 8436 8420 8437
f 8438 8423 8422
f 8439 8440 8425
f 8441 8423 8438
f 8439 8424 8420
f 8442 8370 8342
f 8325 8335 8334
f 8289 8286 8443
f 8315 8444 8445
f 8416 8319 8446
f 8447 8322 8448
f 8449 8450 8335
f 8451 8452 8304
f 8453 8449 8325
f 8450 8454 8336
f 8322 8364 8455
f 8348 8456 8457
f 8410 8385 8458
f 8349 8457 8459
f 8385 8393 8445
f 8364 8416 8460
f 8319 8410 8461
f 8315 8430 8462
f 8401 8459 8462
f 8463 8464 8317
f 8465 8466 8321
f 8466 8463 8363
f 8467 8400 8434
f 8468 8323 8469
f 8470 8471 8383
f 8472 8473 8429
f 8474 8334 8475
f 8476 8472 8314
f 8464 8470 8318
f 8477 8476 8313
f 8478 8469 8334
f 8479 8302 8480
f 8473 8481 8434
f 8482 8347 8400
f 8471 8477 8384
f 8483 8484 8303
f 8327 8309 8485
f 8303 8484 8486
f 8487 8327 8488
f 8489 8292 8297
f 8331 8490 8491
f 8492 8491 8493
f 8292 8489 8494
f 8495 8297 8496
f 8309 8310 8497
f 8493 8491 8498
f 8499 8500 8498
f 8495 8498 8501
f 8498 8491 8490
f 8502 8503 8488
f 8494 8489 8501
f 8504 8440 8345
f 8436 8346 8399
f 8475 8336 8348
f 8505 8438 8369
f 8339 8374 8506
f 8379 8397 8507
f 8440 8439 8399
f 8285 8397 8508
f 8454 8456 8348
f 8509 8475 8347
f 8510 8511 8512
f 8513 8514 8515
f 8516 8513 8517
f 8518 8519 8520
f 8521 8522 8515
f 8523 8524 8512
f 8525 8526 8527
f 8528 8529 8530
f 8531 8532 8533
f 8534 8535 8529
f 8526 8536 8530
f 8537 8538 8539
f 8540 8538 8541
f 8542 8543 8544
f 8545 8546 8547
f 8543 8548 8549
f 8550 8551 8552
f 8553 8539 8554
f 8548 8555 8554
f 8549 8554 8556
f 8539 8557 8556
f 8516 8558 8511
f 8559 8560 8561
f 8562 8552 8563
f 8544 8549 8564
f 8546 8531 8565
f 8566 8544 8567
f 8538 8537 8568
f 8538 8540 8557
f 8569 8570 8571
f 8535 8534 8572
f 8573 8527 8548
f 8532 8574 8575
f 8527 8530 8555
f 8576 8573 8543
f 8529 8553 8555
f 8535 8537 8553
f 8577 8578 8526
f 8579 8528 8536
f 8580 8581 8582
f 8577 8525 8583
f 8584 8585 8586
f 8587 8588 8589
f 8517 8515 8590
f 8591 8534 8528
f 8578 8592 8536
f 8593 8582 8581
f 8511 8594 8595
f 8517 8596 8597
f 8522 8598 8590
f 8599 8600 8586
f 8591 8589 8588
f 8511 8558 8597
f 8601 8510 8602
f 8603 8604 8514
f 8605 8603 8513
f 8606 8521 8514
f 8605 8516 8510
f 8524 8607 8602
f 8608 8609 8561
f 8519 8610 8611
f 8607 8587 8612
f 8608 8593 8613
f 8610 8599 8614
f 8615 8601 8612
f 8616 8617 8604
f 8618 8616 8603
f 8619 8606 8604
f 8615 8618 8605
f 8583 8525 8573
f 8620 8563 8570
f 8537 8535 8621
f 8561 8519 8518
f 8565 8533 8570
f 8551 8622 8547
f 8547 8565 8563
f 8570 8533 8575
f 8580 8584 8600
f 8581 8600 8599
f 8561 8609 8610
f 8613 8599 8610
f 8623 8624 8582
f 8625 8562 8620
f 8626 8608 8560
f 8627 8569 8628
f 8629 8630 8560
f 8631 8620 8569
f 8632 8550 8562
f 8626 8623 8593
f 8633 8582 8624
f 8634 8635 8636
f 8564 8556 8637
f 8635 8634 8638
f 8564 8639 8640
f 8641 8540 8642
f 8567 8640 8643
f 8644 8643 8645
f 8540 8641 8646
f 8647 8642 8648
f 8557 8646 8637
f 8645 8643 8649
f 8638 8634 8649
f 8647 8649 8650
f 8643 8640 8650
f 8650 8640 8639
f 8646 8641 8650
f 8617 8616 8578
f 8615 8579 8592
f 8571 8580 8633
f 8617 8577 8651
f 8575 8574 8585
f 8589 8591 8579
f 8616 8618 8592
f 8534 8591 8652
f 8571 8575 8584
f 8628 8633 8653
f 7557 7364 7553
f 7369 7365 7415
f 8654 7376 8655
f 8656 7379 7372
f 7560 7382 7409
f 7386 8657 7385
f 7554 7553 7364
f 7370 7415 7552
f 7511 7417 7478
f 7537 7428 7421
f 7483 7432 7448
f 7436 7441 7467
f 7437 7467 7628
f 7432 7473 7452
f 7482 7478 7441
f 7428 7483 7447
f 7510 7484 7417
f 7411 7496 7499
f 8658 7492 7502
f 7512 7543 7507
f 7385 7512 7506
f 7540 7530 7535
f 7648 7537 7420
f 7496 7554 7414
f 7382 7540 7544
f 7507 7543 7365
f 7492 7548 7552
f 7530 7557 7551
f 7576 7560 7567
f 7561 8657 7386
f 8659 7576 7572
f 7577 7561 7563
f 7471 7628 7645
f 7473 7635 7638
f 7632 7645 7644
f 7638 7635 7644
f 7578 7577 7484
f 8659 7648 7486
f 7826 7847 7653
f 7654 7704 7658
f 7663 8660 8661
f 7666 8662 7661
f 7855 7669 8663
f 7676 8664 7674
f 7844 7842 7653
f 7681 7658 7704
f 7801 7706 7768
f 7828 7717 7710
f 7773 7721 7737
f 7725 7730 7758
f 7726 7758 7914
f 7721 7763 7742
f 7772 7768 7730
f 7717 7773 7736
f 7800 7932 7706
f 7787 7790 7789
f 7782 7792 8665
f 7796 7802 7836
f 7677 7674 7802
f 7831 7820 7825
f 7776 7934 7828
f 7844 7703 7790
f 8663 7831 7837
f 7836 7654 7657
f 7681 7843 7792
f 7825 7820 7847
f 7810 8666 7669
f 7853 7850 8664
f 7809 7863 8666
f 7867 7865 7850
f 7761 7914 7931
f 7763 7921 7924
f 7918 7931 7930
f 7924 7921 7930
f 7865 7932 7800
f 7864 7863 7934
f 7936 7988 8127
f 7943 7939 7990
f 7948 8667 8668
f 7951 8669 7946
f 8134 7956 7983
f 7961 7957 8103
f 8128 8127 7988
f 7944 7990 8126
f 8086 7992 8053
f 8114 8003 7996
f 8058 8007 8023
f 8011 8016 8042
f 8012 8042 8199
f 8007 8048 8027
f 8057 8053 8016
f 8003 8058 8022
f 8085 8059 7992
f 7985 8073 8076
f 8067 8078 8670
f 8083 8088 8119
f 7962 8103 8088
f 8106 8131 8112
f 8219 8114 7995
f 8073 8128 8115
f 7956 8106 8120
f 8084 8119 7939
f 7967 8126 8078
f 8131 7936 8125
f 8150 8134 8141
f 8137 8135 7957
f 8671 8150 8146
f 8151 8135 8137
f 8046 8199 8215
f 8048 8216 8209
f 8204 8215 8214
f 8209 8216 8214
f 8152 8151 8059
f 8149 8671 8219
f 8418 8224 8414
f 8229 8225 8274
f 8672 8236 8673
f 8232 8237 8674
f 8421 8242 8268
f 8247 8243 8386
f 8356 8414 8224
f 8230 8274 8413
f 8370 8276 8338
f 8398 8287 8280
f 8343 8291 8307
f 8295 8299 8326
f 8296 8326 8487
f 8291 8333 8310
f 8342 8338 8299
f 8287 8343 8306
f 8369 8344 8276
f 8271 8272 8359
f 8351 8361 8675
f 8366 8371 8405
f 8248 8386 8371
f 8402 8390 8396
f 8507 8398 8279
f 8272 8356 8273
f 8242 8402 8406
f 8367 8405 8225
f 8253 8413 8361
f 8390 8418 8412
f 8437 8421 8428
f 8425 8422 8243
f 8676 8437 8433
f 8440 8504 8422
f 8331 8487 8503
f 8333 8494 8497
f 8501 8490 8503
f 8497 8494 8502
f 8438 8504 8344
f 8676 8507 8346
f 7585 7584 7390
f 7586 7395 7394
f 7588 7397 8677
f 7469 7425 7591
f 8678 7440 7593
f 7440 7469 7590
f 7425 7480 7594
f 7595 7493 7397
f 7647 7517 7597
f 7599 7598 7522
f 7601 7597 7517
f 7598 7585 7389
f 7587 7394 7493
f 7586 7599 7521
f 7600 7570 7390
f 7600 7601 7542
f 8679 7602 7605
f 8680 8681 7604
f 8681 8682 7605
f 8683 7606 7618
f 8684 7607 7615
f 8685 7608 7613
f 8686 7609 7612
f 8687 7610 7650
f 8688 8689 7612
f 8690 7613 7602
f 8688 7614 7621
f 8691 7615 7610
f 8692 7616 7607
f 8686 8693 7618
f 8694 7619 7606
f 8695 7621 7608
f 8696 7633 7639
f 7641 7637 8697
f 7622 7639 7642
f 7627 7623 7642
f 7480 7647 7596
f 8698 7650 7619
f 7888 7873 7679
f 7875 7874 7683
f 7876 7685 8699
f 7759 7714 7879
f 7727 8700 7881
f 8700 7759 7878
f 7714 7770 7882
f 7883 7783 7685
f 7805 7834 7885
f 7887 7886 7811
f 7890 7885 7834
f 7886 7888 7678
f 7875 7682 7783
f 7887 7846 7683
f 7889 7858 7679
f 7889 7890 7833
f 8701 8702 7892
f 8703 8704 7894
f 8704 8701 7891
f 8705 7895 7905
f 8706 8707 7896
f 8708 7897 7902
f 8709 7899 7898
f 8710 7900 7935
f 8711 7898 7903
f 8712 7902 7892
f 8713 7903 7907
f 8714 7896 7900
f 8715 7904 8707
f 8716 7905 7899
f 8717 7906 7895
f 8718 7907 7897
f 8719 7919 7925
f 7927 7923 8720
f 7908 7925 7928
f 7913 7909 7928
f 7770 7805 7884
f 8721 7935 7906
f 8157 7964 7963
f 8159 7969 7968
f 8161 7971 8722
f 8044 8000 8164
f 8723 8015 8166
f 8015 8044 8163
f 8000 8055 8167
f 8168 8069 7971
f 8169 8218 8093
f 8171 8097 8130
f 8170 8093 8118
f 8171 8158 7963
f 8160 7968 8069
f 8173 8130 7969
f 8174 8144 7964
f 8172 8118 8144
f 8724 8725 8176
f 8726 8727 8178
f 8727 8724 8175
f 8728 8180 8179
f 8729 8181 8189
f 8730 8183 8182
f 8731 8732 8185
f 8733 8186 8221
f 8734 8731 8184
f 8725 8735 8182
f 8736 8734 8188
f 8737 8189 8186
f 8738 8190 8181
f 8739 8179 8185
f 8740 8180 8728
f 8730 8736 8193
f 8741 8205 8210
f 8198 8207 8742
f 8194 8210 8212
f 8198 8195 8212
f 8167 8055 8218
f 8743 8221 8740
f 8444 8250 8249
f 8460 8446 8255
f 8744 8448 8258
f 8329 8284 8450
f 8496 8298 8452
f 8745 8329 8449
f 8284 8340 8454
f 8448 8455 8353
f 8506 8376 8457
f 8461 8458 8381
f 8457 8376 8404
f 8458 8445 8249
f 8460 8254 8353
f 8461 8380 8255
f 8444 8462 8431
f 8462 8459 8404
f 8355 8408 8464
f 8260 8466 8465
f 8260 8355 8463
f 8505 8467 8481
f 8330 8468 8478
f 8265 8419 8471
f 8263 8426 8473
f 8341 8474 8509
f 8403 8263 8472
f 8408 8265 8470
f 8403 8476 8477
f 8294 8478 8474
f 8492 8479 8746
f 8441 8481 8473
f 8368 8482 8467
f 8419 8392 8477
f 8302 8479 8493
f 8486 8499 8496
f 8483 8493 8500
f 8486 8484 8500
f 8340 8506 8456
f 8442 8509 8482
f 7946 8747 8748
f 8749 8750 8751
f 8752 8753 8235
f 8754 8264 8755
f 7375 8756 8757
f 8758 8759 8760
f 8233 8761 8752
f 8762 8761 8233
f 8763 8764 8765
f 8755 8766 8765
f 8767 8768 8769
f 8770 8655 7376
f 8771 8750 8749
f 8772 7665 7662
f 8759 8773 8774
f 8775 8764 8763
f 8776 8777 8778
f 8779 8769 8768
f 7661 8780 8781
f 8756 7375 7373
f 8770 8782 8783
f 8754 8784 8239
f 8674 8239 8784
f 8785 8774 8773
f 8786 7950 7947
f 7372 8787 8788
f 8789 8790 8769
f 8791 8792 8793
f 8794 8795 8764
f 8796 8797 8798
f 8799 8792 8750
f 8800 8790 8801
f 8802 8803 8804
f 8805 8806 8807
f 8808 8809 8810
f 8669 8811 8747
f 8812 8804 8813
f 8805 8813 8814
f 8815 8793 8816
f 8817 8818 8819
f 8806 8816 8793
f 8820 8667 7950
f 8821 8808 8822
f 8823 8824 8816
f 8825 8801 8822
f 8826 8816 8824
f 8827 8828 8829
f 8830 8831 8832
f 8829 8833 8834
f 8835 8836 8831
f 8836 8835 8837
f 8838 8839 8840
f 8841 8837 8842
f 8840 8843 8844
f 8845 8846 8847
f 8848 8849 8850
f 8851 8852 8853
f 8854 8855 8856
f 8849 8857 8858
f 8859 8860 8861
f 8862 8780 7661
f 8852 8855 8863
f 8864 8854 8865
f 8851 8848 8866
f 8867 8835 8830
f 8859 8868 8869
f 8870 8829 8828
f 8871 8859 8846
f 8842 8872 8873
f 8658 7371 7453
f 7503 7374 8654
f 7402 7377 8656
f 8677 7399 8777
f 7401 7404 7377
f 8874 7412 8655
f 7490 7453 7374
f 8875 7464 8774
f 7464 7589 8760
f 8876 7603 8875
f 7498 8654 7412
f 7501 8656 7371
f 7589 8677 8776
f 8877 8680 7603
f 8878 7893 8879
f 7793 7664 7663
f 8665 7690 7667
f 7689 7693 7667
f 7975 7978 7952
f 8699 7687 8880
f 8881 8177 8882
f 8039 8162 8883
f 8879 7755 8749
f 8884 8028 7949
f 7877 8699 8885
f 8886 8665 7666
f 7976 7952 7951
f 7789 7663 7701
f 8079 7949 7948
f 8887 8703 7893
f 8749 7755 7877
f 8763 8447 8744
f 7780 7744 7664
f 8888 7701 8661
f 8162 8722 8889
f 8886 7660 7744
f 8890 8726 8177
f 8766 8320 8447
f 8722 7973 8891
f 8362 8352 8232
f 8257 8892 8893
f 8894 8234 8672
f 8068 8670 7951
f 8895 8896 7986
f 8068 7945 8028
f 7985 8075 7948
f 8882 8039 8768
f 8352 8675 8237
f 8894 8362 8231
f 8897 8744 8257
f 8755 8465 8320
f 8358 8672 8898
f 8264 8899 8465
f 8900 8269 8898
f 8675 8261 8238
f 8899 8238 8261
f 8901 8902 7345
f 8903 7346 7361
f 8904 8905 7347
f 8906 7348 7346
f 8907 7350 8908
f 7352 8909 8910
f 8909 7352 7348
f 7350 7345 8902
f 8911 7354 7353
f 8912 8904 7355
f 8913 7357 8914
f 8915 7358 7354
f 8916 7359 7347
f 7357 7360 8917
f 8915 8901 7344
f 8918 7361 7359
f 8919 8909 8906
f 8908 8902 8920
f 8921 8911 8922
f 8923 8904 8912
f 8914 8924 8925
f 8921 8926 8915
f 8927 8916 8905
f 8917 8928 8924
f 8926 8929 8901
f 8930 8918 8916
f 8929 8920 8902
f 8931 8903 8918
f 8932 8905 8904
f 8933 8906 8903
f 8934 8908 8935
f 8909 8919 8936
f 8937 8921 8938
f 8939 8923 8925
f 8924 8940 8941
f 8942 8926 8921
f 8943 8927 8932
f 8928 8944 8940
f 8942 8945 8929
f 8946 8930 8927
f 8945 8947 8920
f 8948 8931 8930
f 8949 8932 8923
f 8950 8933 8931
f 8951 8935 8952
f 8919 8953 8954
f 8953 8919 8933
f 8935 8920 8947
f 8955 8956 8942
f 8957 8943 8949
f 8944 8958 8959
f 8956 8960 8945
f 8961 8946 8943
f 8960 8962 8947
f 8963 8948 8946
f 8964 8949 8939
f 8965 8950 8948
f 8966 8952 8967
f 8953 8968 8969
f 8968 8953 8950
f 8952 8947 8962
f 8955 8937 8970
f 8971 8939 8941
f 8940 8959 8972
f 8973 8955 8974
f 8975 8971 8972
f 8959 8976 8977
f 8978 8956 8955
f 8979 8957 8964
f 8958 8980 8976
f 8978 8981 8960
f 8982 8961 8957
f 8981 8983 8962
f 8984 8963 8961
f 8985 8964 8971
f 8986 8965 8963
f 8987 8967 8988
f 8968 8989 8990
f 8989 8968 8965
f 8967 8962 8983
f 8991 8978 8973
f 8992 8979 8985
f 8976 8980 8993
f 8991 8994 8981
f 8995 8982 8979
f 8994 8996 8983
f 8997 8984 8982
f 8998 8985 8975
f 8999 8986 8984
f 9000 8988 9001
f 8989 9002 9003
f 9002 8989 8986
f 8988 8983 8996
f 9004 8973 9005
f 9006 8975 8977
f 8977 8976 9007
f 9008 9009 8994
f 9010 9011 8995
f 9009 9012 8996
f 9013 8997 8995
f 9014 9015 8998
f 9016 8999 8997
f 9017 9001 9018
f 9002 9019 9020
f 9019 9002 8999
f 9001 8996 9012
f 9021 9004 9022
f 9023 9014 9006
f 9024 9007 9025
f 9008 8991 9004
f 9015 9010 8992
f 9007 8993 9026
f 9027 9028 9012
f 9029 9013 9011
f 9030 9031 9015
f 9032 9016 9013
f 9033 9018 9034
f 9019 9035 9036
f 9035 9019 9016
f 9018 9012 9028
f 9037 9021 9038
f 9039 9030 9014
f 9023 9025 9040
f 9037 9041 9008
f 9031 9042 9010
f 9025 9026 9043
f 9041 9027 9009
f 9044 9011 9010
f 9045 9046 9031
f 9047 9032 9029
f 9048 9034 9049
f 9035 9050 9051
f 9050 9035 9032
f 9034 9028 9052
f 9053 9037 9054
f 9055 9045 9030
f 9039 9040 9056
f 9057 9041 9037
f 9046 9058 9042
f 9040 9043 9059
f 9057 9060 9027
f 9061 9044 9042
f 9060 9052 9028
f 9062 9029 9044
f 9050 9063 9064
f 9063 9050 9047
f 9049 9052 9065
f 9066 9053 9067
f 9068 9069 9045
f 9055 9056 9070
f 9071 9057 9053
f 9072 9058 9046
f 9056 9059 9073
f 9071 9074 9060
f 9075 9061 9058
f 9074 9065 9052
f 9076 9062 9061
f 9069 9077 9046
f 9078 9047 9062
f 9079 9049 9080
f 9081 9066 9082
f 9083 9084 9069
f 9068 9070 9085
f 9086 9071 9066
f 9087 9072 9077
f 9070 9073 9088
f 9089 9074 9071
f 9090 9075 9072
f 9089 9091 9065
f 9092 9076 9075
f 9084 9093 9077
f 9094 9078 9076
f 9095 9080 9096
f 9063 9097 9098
f 9097 9063 9078
f 9080 9065 9091
f 9099 9086 9081
f 9100 9087 9093
f 9085 9088 9101
f 9102 9089 9086
f 9103 9090 9087
f 9102 9104 9091
f 9105 9092 9090
f 9106 9107 9093
f 9108 9094 9092
f 9109 9096 9110
f 9097 9111 9112
f 9111 9097 9094
f 9096 9091 9104
f 9113 9081 9114
f 9115 9106 9084
f 9083 9085 9116
f 9117 9118 9102
f 9119 9103 9100
f 9118 9120 9104
f 9121 9105 9103
f 9122 9107 9106
f 9123 9108 9105
f 9124 9110 9125
f 9111 9126 9127
f 9126 9111 9108
f 9110 9104 9120
f 9128 9113 9129
f 9130 9131 9106
f 9115 9116 9132
f 9117 9099 9113
f 9133 9100 9107
f 9116 9101 9134
f 9135 9136 9120
f 9137 9121 9119
f 9138 9139 9122
f 9137 9140 9123
f 9141 9125 9142
f 9126 9143 9144
f 9143 9126 9123
f 9125 9120 9136
f 9145 9128 9146
f 9147 9138 9131
f 9130 9132 9148
f 9149 9117 9128
f 9150 9133 9122
f 9132 9134 9151
f 9149 9135 9118
f 9152 9119 9133
f 9153 9154 9139
f 9155 9156 9140
f 9157 9158 9159
f 9160 9161 9162
f 9160 9143 9140
f 9158 9163 9164
f 9165 9145 9166
f 9167 9153 9138
f 9167 9168 9169
f 9165 9170 9149
f 9154 9171 9150
f 9168 9172 9173
f 9170 9174 9135
f 9171 9175 9152
f 9174 9163 9136
f 9175 9155 9137
f 8837 9176 8872
f 8846 8861 9177
f 8869 8868 8817
f 9177 9178 8830
f 9179 9176 8867
f 9180 9177 8861
f 8835 8867 9176
f 8752 8761 9181
f 9182 8660 7665
f 9183 8787 7372
f 8660 7379 7378
f 8660 9182 9183
f 8752 9184 9185
f 9186 8753 9185
f 8667 8662 7668
f 9176 9179 9187
f 8662 8667 8820
f 8872 8811 9186
f 9184 9181 9188
f 8870 9188 8833
f 9186 8236 8235
f 8236 9186 8811
f 8236 8669 7953
f 8870 8873 9185
f 9189 9190 9191
f 9192 9193 9194
f 9195 9192 9196
f 8523 8595 9197
f 9198 8590 8598
f 9199 9200 9201
f 9201 9200 9202
f 9203 8597 8596
f 9204 8596 8590
f 9205 8629 8559
f 9206 8594 8597
f 8518 9207 9208
f 9197 8595 8594
f 9209 9206 9203
f 9209 9210 9197
f 9199 9208 9211
f 9212 9198 9213
f 9214 9197 9210
f 9215 9216 9200
f 9200 9216 9217
f 9218 9205 9202
f 9219 9203 9204
f 9220 9204 9198
f 9221 9222 9219
f 9221 9220 9212
f 9222 9223 9209
f 9223 9224 9210
f 9215 9211 9225
f 9226 9212 9227
f 9228 9210 9224
f 9229 9230 9216
f 9217 9216 9230
f 9231 9232 9218
f 9233 9234 9230
f 9231 9230 9234
f 9235 9236 9232
f 9237 9238 9222
f 9239 9237 9221
f 9240 9223 9222
f 9241 9224 9223
f 9229 9225 9242
f 9239 9226 9243
f 9224 9241 9244
f 9242 9245 9246
f 9247 9248 9239
f 9241 9249 9250
f 9246 9251 9234
f 9235 9234 9251
f 9252 9253 9236
f 9254 9255 9238
f 9248 9254 9237
f 9256 9240 9238
f 9249 9241 9240
f 9257 9258 9256
f 9259 9249 9256
f 9246 9245 9260
f 9261 9262 9248
f 9249 9259 9263
f 9264 9265 9251
f 9252 9251 9265
f 9266 9267 9253
f 9268 9257 9255
f 9262 9268 9254
f 9259 9258 9269
f 9270 9263 9259
f 9271 9272 9273
f 9274 9275 9272
f 9276 9277 9278
f 9272 9279 9280
f 9280 9279 9281
f 9282 9281 9283
f 9284 9285 9286
f 9287 9283 9288
f 9289 9288 9290
f 9290 9291 9292
f 9293 9290 9294
f 7405 9295 8661
f 8895 8668 7668
f 8876 8885 8880
f 8885 8876 8785
f 9296 8785 9297
f 8802 8799 8771
f 9298 9299 9300
f 8806 8805 9300
f 9301 9264 9260
f 8878 8889 8891
f 8889 8878 9302
f 8900 8673 7953
f 8881 9303 8893
f 9303 8881 8767
f 8897 8767 9304
f 8800 8794 8775
f 9305 8815 8826
f 9190 9189 8826
f 8822 8801 9305
f 8789 8791 8815
f 8779 8883 9302
f 8809 8798 8797
f 8864 8844 8843
f 8828 8827 9306
f 9307 9308 8860
f 9309 9310 9307
f 9180 9311 9178
f 9188 8796 9312
f 9313 9265 9264
f 9314 9315 8844
f 9316 9317 8849
f 9318 9319 8844
f 9320 9321 8854
f 9317 9322 8857
f 9323 9324 8852
f 9321 8863 8855
f 9325 9316 8848
f 9324 8856 8855
f 8798 8809 9326
f 9288 9327 9291
f 8808 8821 9326
f 9283 9328 9327
f 9266 9265 9313
f 9329 9330 9267
f 9262 9261 9331
f 9332 9268 9262
f 9332 9333 9257
f 9322 9286 9285
f 9334 9335 9336
f 9334 9337 9338
f 8833 9312 9339
f 9340 9284 9341
f 9342 9343 9344
f 9343 9345 9346
f 9345 9347 9348
f 9347 9349 9350
f 9349 9351 9352
f 9353 9354 9157
f 9355 9141 9354
f 9356 9109 9124
f 9357 7260 6705
f 9358 6705 6704
f 9359 6704 6703
f 6703 6702 9360
f 6702 6862 9361
f 6862 6861 9362
f 9362 6861 6701
f 9363 6696 6695
f 9363 6803 6565
f 9364 6681 6802
f 9364 6697 9365
f 9366 6854 6680
f 3605 328 9367
f 9368 6084 6070
f 9369 9370 6499
f 9371 6187 9370
f 9372 6216 6163
f 9373 6217 6216
f 9374 6233 6217
f 9374 6209 6212
f 6220 6235 9375
f 9376 6220 9377
f 6339 6318 9378
f 6308 6345 9379
f 9380 6355 9381
f 9382 6371 6355
f 6364 6389 9383
f 6389 6412 9384
f 6439 6423 9384
f 9385 6439 9386
f 6431 6458 9387
f 9387 6458 6466
f 9388 6466 6481
f 6490 6489 9389
f 6480 6465 9390
f 9390 6465 6457
f 9391 6441 6453
f 9391 9392 6432
f 6407 6424 9393
f 6379 6407 9394
f 6413 6390 9395
f 6390 6365 9396
f 6341 6357 9396
f 9397 6311 6341
f 9397 6307 9398
f 9399 6225 6228
f 9400 6226 6225
f 9401 6224 6226
f 6208 9402 9403
f 6223 6222 9403
f 6207 6230 9404
f 6229 6496 9405
f 6496 6495 9406
f 6084 9368 9407
f 9408 9407 9409
f 9410 7314 7334
f 9411 7343 7301
f 9411 7349 8907
f 8907 8934 9412
f 9352 9351 9413
f 9414 9413 9415
f 7265 9357 9358
f 7266 9358 9359
f 6688 9359 9416
f 9416 9360 6555
f 9360 9361 6556
f 9361 9362 9417
f 9417 9362 9418
f 6803 9363 9419
f 6696 9363 9420
f 6697 9364 9420
f 6681 9364 9421
f 9422 6089 6129
f 9423 6132 6130
f 9424 6133 6132
f 9369 9425 9426
f 9427 9371 9369
f 6206 9372 9428
f 9373 9372 6206
f 6209 9374 9373
f 9374 9375 6235
f 6211 9377 9375
f 6214 9429 9377
f 6308 9430 9378
f 9430 9379 9381
f 6347 9380 9379
f 9382 9380 6347
f 6371 9382 9383
f 9383 9384 6423
f 9386 9384 6412
f 9431 9386 6415
f 9431 9387 6450
f 9387 9388 6472
f 6472 9388 9389
f 9432 9389 9433
f 9434 9390 6460
f 6460 9390 9435
f 9392 9391 9435
f 6441 9391 9393
f 9394 9393 6432
f 9436 9394 6416
f 9436 9395 6373
f 9395 9396 6357
f 9437 9396 6365
f 6307 9397 9437
f 6311 9397 9438
f 9399 9439 6213
f 9400 9399 6210
f 9401 9400 6293
f 9401 9403 6222
f 9440 9403 9402
f 9440 9404 6191
f 6156 9441 9405
f 6157 9405 9406
f 6135 6133 9424
f 9442 9443 9444
f 9445 9444 9446
f 9447 9446 9448
f 9449 9450 9451
f 9452 9451 9453
f 9454 9453 9455
f 9455 9456 9457
f 9456 9458 9459
f 7300 9410 9460
f 7349 9411 9460
f 7343 9411 9461
f 9461 9412 8917
f 9342 9462 9317
f 9343 9342 9316
f 9325 8853 9345
f 8853 8863 9347
f 9349 9347 8863
f 9141 9355 9463
f 9351 9349 9321
f 9351 9320 8843
f 9464 9465 9466
f 9172 9467 9468
f 9134 9355 9353
f 7318 7317 9469
f 7317 7336 9470
f 7336 7351 9471
f 9472 9471 7351
f 9473 9472 8910
f 9474 9473 8936
f 9475 9474 8954
f 9476 9475 8969
f 9477 9476 8990
f 9478 9477 9003
f 9479 9478 9020
f 9480 9479 9036
f 9481 9480 9051
f 9482 9481 9064
f 9483 9482 9098
f 9484 9483 9112
f 9485 9484 9127
f 9486 9485 9144
f 9487 9488 9465
f 9415 9413 8843
f 9187 8747 8811
f 8801 8790 8789
f 9489 8804 8803
f 9179 8748 8747
f 8748 9179 9490
f 8751 8750 8792
f 8820 8786 9490
f 8810 8797 8795
f 8803 8773 8759
f 8820 8867 9178
f 9311 8780 8862
f 8781 8780 9311
f 8781 9180 9491
f 8807 8793 8792
f 9304 8769 8790
f 9492 8795 8797
f 9182 8772 9491
f 9297 8773 8803
f 9182 8861 8860
f 9308 8787 9183
f 8788 8787 9308
f 8765 8764 8795
f 8788 9307 9310
f 8757 8756 9310
f 8757 9309 8819
f 8818 9493 9494
f 9489 9495 9496
f 8797 8796 8784
f 8762 8784 8796
f 8762 9188 9181
f 8819 9494 8782
f 8812 8807 8799
f 8825 8810 8794
f 8779 8751 8791
f 9333 9269 9258
f 9497 9498 9331
f 9499 9332 9498
f 8868 8859 8871
f 9500 8858 8857
f 8839 9501 9415
f 9333 9332 9499
f 9502 9503 9501
f 8817 8868 9504
f 8858 9500 9505
f 9500 9499 9497
f 8817 9505 9497
f 8850 8858 9504
f 8866 8850 8871
f 9335 9338 9506
f 9335 9294 9292
f 9507 9508 9509
f 9510 9511 9508
f 9512 9511 9510
f 9513 9512 9514
f 9515 9513 9516
f 9517 9515 9518
f 9519 9517 9520
f 9521 9519 9341
f 9522 9523 9524
f 9276 9340 9520
f 9507 9524 9525
f 9523 9526 9527
f 9281 9528 9328
f 9281 9279 9529
f 9530 9525 9524
f 9525 9530 9531
f 9532 9531 9533
f 9533 9534 9535
f 9510 9525 9532
f 9516 9514 9532
f 9536 9535 9518
f 9279 9272 9275
f 9534 9278 9277
f 9520 9518 9535
f 9312 8798 9537
f 8832 9323 8866
f 9323 8832 8831
f 9324 8831 8836
f 8841 8865 8856
f 9306 9318 8865
f 8827 9319 9318
f 9538 9314 9319
f 9338 9337 9339
f 9537 9326 9506
f 8821 9293 9506
f 9293 8821 9191
f 9190 9287 9289
f 9287 9190 9539
f 9282 9539 8824
f 9273 9280 8824
f 8823 9300 9299
f 8758 8778 9495
f 8813 9540 9496
f 9540 8813 8804
f 8818 9497 9541
f 9542 9469 9543
f 9469 9470 9544
f 9470 9471 9545
f 9334 9502 8839
f 9546 9545 9471
f 9547 9546 9472
f 9548 9547 9473
f 9549 9548 9474
f 9550 9549 9475
f 9551 9550 9476
f 9552 9551 9477
f 9553 9552 9478
f 9554 9553 9479
f 9555 9554 9480
f 9556 9555 9481
f 9557 9556 9482
f 9558 9557 9483
f 9559 9558 9484
f 9560 9559 9485
f 9561 9521 9286
f 9462 9561 9322
f 9337 9562 8834
f 8838 9562 9337
f 9538 8834 9562
f 9315 9314 9562
f 9563 9079 9095
f 9563 9059 9043
f 9564 9033 9048
f 9564 9026 8993
f 9565 9000 9017
f 9566 8987 9000
f 9567 8966 8987
f 9568 8951 8966
f 9059 9563 9569
f 9079 9563 9570
f 9026 9564 9570
f 9033 9564 9571
f 8980 9565 9571
f 8958 9566 9565
f 8944 9567 9566
f 8928 9568 9567
f 9569 9095 9109
f 9355 9134 9101
f 8934 8951 9568
f 9073 9569 9356
f 9412 9568 8928
f 9088 9356 9463
f 9499 9500 9285
f 9298 9572 9330
f 9329 9313 9299
f 9313 9301 9271
f 9271 9301 9573
f 9574 9270 9575
f 9575 9269 9340
f 9269 9333 9284
f 9576 9577 9578
f 9577 9579 9580
f 9579 9581 9582
f 9513 9515 9582
f 9512 9513 9583
f 9511 9512 9584
f 9585 9508 9511
f 9585 9586 9587
f 9193 9576 9588
f 9589 9590 9154
f 9591 9592 9156
f 9354 9142 9158
f 9143 9160 9593
f 9161 9160 9156
f 9142 9136 9163
f 9594 9165 9595
f 9596 9589 9153
f 9147 9148 9168
f 9594 9597 9170
f 9590 9598 9171
f 9148 9151 9172
f 9597 9599 9174
f 9598 9600 9175
f 9599 9164 9163
f 9600 9591 9155
f 9467 9157 9601
f 9151 9353 9467
f 9602 9486 9593
f 9603 9560 9486
f 9503 9487 9464
f 9604 9344 9605
f 9584 9583 9606
f 9604 9196 9462
f 9580 9582 9515
f 9196 9194 9561
f 9607 9414 9608
f 9194 9588 9521
f 9348 9350 9609
f 9352 9414 9607
f 9578 9580 9517
f 9586 9585 9610
f 9346 9348 9611
f 9350 9352 9612
f 9508 9585 9613
f 9583 9582 9581
f 9344 9346 9614
f 9501 9464 9608
f 9610 9584 9615
f 9588 9578 9519
f 9572 9298 8814
f 9616 9617 9618
f 9619 9620 9621
f 9622 9623 9624
f 9623 9625 9626
f 9627 9626 9625
f 9628 9629 9630
f 9631 9628 9632
f 9633 9634 9635
f 9634 9633 9636
f 9637 9638 9639
f 9636 9640 9641
f 9642 9643 9644
f 9645 9646 9647
f 9648 9649 9650
f 9635 9651 9652
f 9643 9653 9654
f 9655 9648 9656
f 9640 9636 9633
f 9657 9658 9659
f 9651 9660 9661
f 9662 9638 9637
f 9663 9647 9664
f 9665 9666 9646
f 9666 9665 9662
f 9642 9659 9667
f 9652 9661 9668
f 9641 9640 9669
f 9670 9671 9643
f 9672 9673 9674
f 9652 9675 9628
f 9671 9676 9653
f 5826 5823 5822
f 5828 5822 9677
f 5834 5828 6911
f 5837 5834 6885
f 5840 5837 6883
f 6879 5843 5840
f 6914 5846 5843
f 5849 5846 6914
f 5854 5849 6910
f 9678 5854 6909
f 9679 5859 6904
f 9680 5862 9681
f 5865 9680 6899
f 9682 5865 6896
f 9683 5823 5826
f 5875 9683 5872
f 5878 5879 5875
f 9684 5879 5878
f 5887 5926 5885
f 5892 5887 5884
f 5894 5896 5892
f 5926 9684 5882
f 6906 6904 5859
f 5984 5982 5914
f 5917 5910 5909
f 5902 5901 5900
f 9685 5963 5899
f 5975 5911 9686
f 5932 5920 5919
f 5934 5921 5920
f 5836 5910 9686
f 5965 5908 5907
f 5877 5915 5923
f 5966 5907 5906
f 5963 7253 7254
f 9687 6659 5905
f 5930 5919 9688
f 5980 5912 5911
f 5984 5913 5912
f 5881 5923 9688
f 5978 5927 5915
f 5971 5909 5908
f 5901 9689 5864
f 5982 5978 5916
f 5958 5900 9690
f 6659 5969 5906
f 9691 9692 9693
f 9694 9695 9696
f 9697 9698 9699
f 9700 9701 9702
f 9703 9704 9705
f 9706 9707 9708
f 9709 9691 9710
f 9711 9712 9713
f 9712 9706 9714
f 9715 9709 9716
f 9717 9718 9719
f 9720 9721 9722
f 9723 9724 9725
f 9726 9727 9728
f 9720 9717 9729
f 9730 9702 9731
f 9732 9733 9734
f 9735 9736 9697
f 9737 9738 9739
f 9740 9741 9742
f 9743 9744 9745
f 9746 9747 9738
f 9748 9749 9747
f 9744 9750 9751
f 9752 9753 9699
f 9754 9705 9755
f 9756 9757 9707
f 9758 9759 9712
f 9759 9756 9706
f 9760 9718 9717
f 9761 9762 9720
f 9763 9723 9764
f 9732 9765 9728
f 9766 9717 9720
f 9765 9734 9767
f 9768 9735 9753
f 9769 9740 9770
f 9771 9695 9748
f 9772 9773 9774
f 9775 9776 9777
f 9778 9779 9780
f 9781 9782 9783
f 9784 9785 9773
f 9786 9787 9788
f 9789 9790 9791
f 9792 9793 9794
f 9795 9780 9796
f 9797 9798 9799
f 9800 9801 9775
f 9787 9802 9803
f 9804 9783 9805
f 9791 9806 9807
f 9808 9809 9810
f 9811 9812 9813
f 9814 9815 9808
f 9812 9816 9817
f 9818 9819 9777
f 9781 9804 9820
f 9821 9789 9822
f 9798 9797 9794
f 9797 9823 9824
f 9825 9800 9819
f 9820 9804 9826
f 9822 9807 9827
f 7255 5852 5853
f 6859 6135 9828
f 6859 9829 9830
f 9831 9832 9833
f 9834 9835 9836
f 9837 9838 9839
f 9840 9836 9841
f 9842 6082 6088
f 9828 9424 6092
f 9842 9839 4067
f 4068 275 6082
f 9843 9841 9832
f 6094 6161 9844
f 9845 9846 9847
f 9848 4074 3694
f 9456 9849 9848
f 9455 9850 9849
f 9850 9455 9453
f 9851 6247 6108
f 9852 6109 6108
f 9853 9844 6161
f 6101 6104 6141
f 6100 6104 6101
f 6097 6100 6098
f 6090 6089 9854
f 6089 9422 9855
f 9408 6131 6081
f 9856 6157 9857
f 9854 9855 6128
f 4086 296 6095
f 7256 5853 9678
f 9858 9859 5868
f 9859 9860 5869
f 9690 5869 9860
f 7254 5904 5852
f 9861 5960 9862
f 7249 6026 6664
f 9863 6053 6026
f 6134 6085 6076
f 9864 6078 6076
f 9865 9453 9451
f 6086 9830 9866
f 6072 6130 6132
f 6726 6638 9867
f 6662 6658 9687
f 5967 6658 9868
f 7252 6664 9868
f 9869 9845 9831
f 9870 6638 6726
f 5959 9847 9846
f 6895 9871 6893
f 9872 6907 6909
f 6930 6940 9873
f 9874 6950 6944
f 6989 9875 6980
f 6992 6997 9876
f 7023 7029 6989
f 7049 6997 6992
f 7039 7078 7029
f 7083 7049 7031
f 7107 7078 7039
f 7079 9877 7083
f 7090 7093 9877
f 7119 7107 7072
f 7106 7119 9878
f 7093 9879 7139
f 9879 7141 7158
f 9880 9878 7163
f 9881 7163 7182
f 7158 7141 7188
f 7230 7166 7190
f 7197 7226 7186
f 7201 7168 7185
f 7188 7187 7195
f 7203 7247 7248
f 7223 7190 9882
f 7224 9882 7182
f 9883 9451 9450
f 7257 9678 6907
f 6892 9858 9682
f 7253 9687 5904
f 5960 9690 9884
f 9885 4152 4151
f 9846 9845 9869
f 9886 6127 6093
f 6131 6074 6083
f 6127 9886 9887
f 6193 9851 6105
f 9443 9442 9888
f 9830 9829 9844
f 6140 6154 6193
f 6847 9889 9890
f 9830 9853 9891
f 9892 6846 6494
f 6846 9892 9893
f 9894 6499 6498
f 9855 9368 9367
f 9422 9407 9368
f 9407 9422 9887
f 9886 9423 9409
f 9423 9886 6092
f 9864 6087 9895
f 9829 9828 9896
f 9897 9425 6499
f 9425 9897 9898
f 9899 6495 9426
f 9900 9406 6495
f 9406 9900 9901
f 9901 9902 9903
f 9866 9891 6138
f 9904 9905 9906
f 6137 9895 6087
f 5941 5948 9834
f 9448 9907 9908
f 9907 9448 9446
f 6852 9834 9840
f 9909 9446 9444
f 9910 9444 9443
f 6853 9840 9843
f 9911 9912 9913
f 9914 9915 9916
f 9915 9914 9917
f 9918 9919 9920
f 9921 9922 9919
f 9922 9921 9923
f 9924 9912 9911
f 9421 9365 9925
f 9926 4171 4170
f 4067 9839 9927
f 9839 9838 5951
f 9928 9929 9930
f 9931 9835 5951
f 9932 9933 9926
f 9934 9930 9935
f 9936 9937 9938
f 9939 9932 9940
f 9939 9941 9937
f 9942 9943 9944
f 6858 4234 4277
f 9945 9938 9943
f 9940 9926 9946
f 9941 9940 9947
f 9948 9924 9923
f 9911 9949 9950
f 9951 9923 9921
f 9952 9921 9918
f 9953 9836 9835
f 9836 9953 9954
f 9955 9918 9917
f 9956 9917 9914
f 9957 9958 9959
f 9960 9959 9961
f 6049 9962 9963
f 6048 9964 9962
f 9965 9964 6048
f 6053 9863 9966
f 9966 9863 6656
f 6656 6655 9967
f 9968 9969 9958
f 6792 1022 4200
f 6493 6792 9970
f 6047 9971 9972
f 6042 9973 9974
f 6045 9972 9973
f 6047 6493 9975
f 9976 9977 9978
f 6060 9979 9977
f 6059 6063 9979
f 9969 9968 9950
f 9980 9950 9949
f 9981 9949 9913
f 5956 9846 9982
f 9912 9983 9984
f 9985 9928 9934
f 9885 9933 9932
f 9986 9934 9987
f 9988 9936 9945
f 9989 9932 9939
f 9990 9939 9936
f 9991 9942 9987
f 9992 9945 9942
f 9937 9941 9993
f 9994 9832 9841
f 9995 9833 9832
f 9833 9995 9996
f 9996 6139 9997
f 9998 9999 9929
f 9938 9937 10000
f 9938 10001 10002
f 9943 10002 10003
f 9944 10003 10004
f 10004 10003 9925
f 10005 10006 9913
f 10007 6044 6041
f 10007 6791 6046
f 6061 6058 10008
f 6059 6058 6568
f 9976 6064 10008
f 6791 6868 6492
f 9958 6630 6633
f 9959 6633 6642
f 9969 9867 6630
f 9961 6642 6064
f 10005 6647 6672
f 10006 6672 7251
f 6867 1064 4237
f 6868 6867 6789
f 9981 7251 7250
f 9980 7250 9867
f 6647 6698 6566
f 10001 10000 6855
f 9861 10009 9847
f 10010 6851 10009
f 9831 9845 10011
f 9835 9834 5948
f 10012 9983 9912
f 9999 9998 9906
f 9996 9995 9895
f 9900 9929 9999
f 9929 9900 9899
f 9994 10013 9895
f 10013 9994 9954
f 9930 9899 9898
f 9935 9898 9897
f 6078 9864 10013
f 9991 9897 9894
f 10014 9954 9953
f 9893 9988 9992
f 6078 10014 10015
f 10016 6077 6079
f 9837 6088 6077
f 10015 9953 9931
f 9838 9837 10016
f 9892 9990 9988
f 9890 9989 9990
f 9989 9890 9889
f 10017 9902 9905
f 9450 9449 10018
f 6735 10019 10020
f 6732 10019 10021
f 10022 10021 10023
f 10024 10025 10023
f 10026 10027 10025
f 10028 10029 10027
f 10030 10031 10029
f 10032 10031 10030
f 10032 10033 10034
f 10025 6740 10035
f 10019 6732 10036
f 10031 6746 10037
f 6807 6746 10031
f 6733 6732 10022
f 10027 6743 6740
f 10037 6743 10027
f 10038 10022 10035
f 6807 10034 10039
f 9902 9901 9999
f 10040 10041 10042
f 9928 9985 10040
f 10043 9906 9998
f 10044 9906 10043
f 9985 10045 10041
f 10045 9985 9986
f 10000 9993 6856
f 9993 9947 6857
f 9947 9946 6858
f 10002 10001 6854
f 9366 9925 10003
f 6698 10046 9925
f 10047 10048 9983
f 10049 10050 10051
f 10052 10045 10004
f 10053 10051 10054
f 10046 10005 9984
f 10055 9997 10049
f 10056 9833 10055
f 10052 9984 9983
f 6698 6647 10005
f 10045 10052 10048
f 10009 6853 10011
f 10047 10042 10041
f 10050 9967 6655
f 6668 10054 10051
f 10054 6668 6666
f 10057 6666 6660
f 5961 10058 10059
f 10058 5961 9685
f 5898 10060 10061
f 10060 5898 5855
f 5858 10062 10063
f 9679 10064 10062
f 9922 9950 9968
f 9919 9968 9957
f 9920 9957 9960
f 9978 9916 9915
f 9977 9910 9916
f 9979 9909 9910
f 6063 9907 9909
f 7226 7216 7169
f 7247 10065 7148
f 7148 10065 10066
f 7097 7134 10066
f 7066 7097 10067
f 10068 10069 7056
f 10069 10070 7019
f 10070 10071 6969
f 6969 10071 10072
f 10073 10074 6919
f 6902 6919 10074
f 10064 9679 6903
f 9907 6063 9974
f 9973 9883 9908
f 9972 9865 9883
f 9971 9850 9865
f 9971 9975 9849
f 9975 9970 9848
f 9459 3693 4347
f 7180 7206 7202
f 7183 7164 10065
f 7145 9881 9882
f 10057 9869 10056
f 9869 10057 10059
f 10058 5957 9982
f 10058 10061 5903
f 5942 5941 6852
f 5933 5942 6851
f 5934 5933 10010
f 7207 7206 7221
f 7215 7214 7220
f 7214 7225 7207
f 7225 7199 7208
f 7199 7245 7200
f 7245 7244 7217
f 7236 7217 7244
f 7240 7229 7237
f 7222 7196 7237
f 7232 7234 7196
f 7239 7191 7234
f 7239 7227 7192
f 7227 7209 7212
f 7204 7212 7209
f 7164 7121 10066
f 10067 10066 7121
f 7099 7098 10068
f 10069 10068 7098
f 7065 7017 10070
f 7017 6965 10071
f 10075 10072 10071
f 10074 10073 6915
f 10076 10074 10077
f 5862 10064 10078
f 10064 5862 5861
f 10062 5861 5864
f 9689 10060 10063
f 10060 9689 5903
f 5921 5934 9862
f 9884 9860 5922
f 5894 5922 9860
f 5896 5894 9859
f 9858 6892 5897
f 6891 6942 6960
f 10079 6960 6942
f 7008 10080 6991
f 7008 6990 7030
f 7061 7014 7030
f 7045 7077 10081
f 7077 7106 7091
f 9880 7136 7091
f 7136 9880 9881
f 9924 9948 10082
f 10043 10042 10083
f 10084 10083 10042
f 10012 10082 10084
f 10085 9903 9902
f 10086 9856 9903
f 6194 6190 6155
f 6236 10087 6166
f 6496 6229 9427
f 10087 6238 6245
f 6237 6272 10088
f 6250 10089 10086
f 6290 6287 6845
f 10090 6845 6159
f 9428 6163 6187
f 6230 6229 9441
f 6231 9428 9371
f 9404 9441 6156
f 10089 6155 9856
f 6200 6243 10091
f 6199 6244 6243
f 6244 6199 6197
f 6195 6241 6240
f 6194 6249 6241
f 10089 6250 6249
f 10017 9853 10092
f 10085 10092 10093
f 9853 10017 9904
f 9891 9904 10044
f 6138 10044 10094
f 6139 10094 10083
f 10083 10084 10049
f 10082 10050 10049
f 10050 10082 9948
f 6166 6167 4323
f 10087 6192 6167
f 6238 10088 6246
f 6192 6245 9851
f 10095 6302 10096
f 6252 6242 6294
f 10097 6246 10088
f 6253 6294 6239
f 6256 6271 6248
f 6272 6248 10098
f 6255 6239 6271
f 6243 6242 10095
f 10099 6329 10100
f 10100 6329 10101
f 10102 10101 6354
f 10103 6354 6396
f 10104 6396 6403
f 10105 6403 6420
f 10106 6420 6436
f 10107 6436 6448
f 10108 6448 6470
f 10109 6470 6486
f 6486 10110 6478
f 10093 10097 10098
f 10092 6161 6109
f 9852 10097 10093
f 6246 10097 9852
f 6491 10111 6479
f 10111 10112 6473
f 6487 6485 6484
f 6473 10112 10113
f 10113 4343 698
f 6454 10109 10114
f 10109 6454 6442
f 10108 6442 6425
f 10107 6425 6408
f 10106 6408 6380
f 6374 10104 10105
f 6374 6358 10103
f 6358 6342 10102
f 10102 6342 6332
f 10100 6332 6331
f 6202 10091 10096
f 10115 9967 9948
f 9952 9966 10115
f 9955 9965 9966
f 9956 9964 9965
f 9888 9962 9964
f 9442 9963 9962
f 9963 9442 9445
f 6057 9445 9447
f 6056 9447 10018
f 9449 6036 6055
f 6036 9449 9452
f 6037 9452 9454
f 6038 9454 10116
f 6035 10116 9457
f 9457 9459 6040
f 6773 6774 6729
f 6767 6727 6776
f 6838 6770 6779
f 6763 6767 6777
f 6764 6812 10117
f 6838 6778 6871
f 6839 6871 6774
f 10118 10119 10117
f 10119 6866 6811
f 10120 6641 6808
f 6825 6808 10121
f 10122 6795 10123
f 10124 10125 6797
f 6636 6797 10125
f 10126 10125 10127
f 10123 10128 10129
f 10130 10127 10125
f 10127 10131 10132
f 10128 10133 10134
f 10131 10127 10130
f 10034 10033 10135
f 6826 10136 10137
f 6806 10039 10138
f 10139 10138 10039
f 6806 10140 10141
f 6864 10136 6826
f 6634 10133 10128
f 10123 6066 6065
f 10132 10142 10143
f 6636 10126 10144
f 10144 10126 10145
f 6066 10123 6795
f 6632 10146 10133
f 10146 6632 6631
f 10147 10148 10118
f 10149 6864 6863
f 10150 6721 9870
f 10151 10152 10153
f 10154 6725 10141
f 10155 10156 10138
f 10157 10158 10159
f 10160 10161 10162
f 10163 10131 10164
f 10165 10146 6721
f 10166 10167 10168
f 10169 10170 10171
f 10172 10173 10168
f 10174 10136 6864
f 10175 10176 10170
f 10177 10159 10178
f 10179 10180 10153
f 10148 10181 10119
f 10182 10183 10184
f 10185 10186 10187
f 10188 10173 10189
f 10190 10184 10171
f 10191 10158 10192
f 10161 10193 10194
f 10173 10188 10195
f 10196 10197 10192
f 10198 10153 10199
f 10170 10200 10201
f 10159 10202 10203
f 10204 10205 10152
f 10206 10207 10208
f 10209 10186 10208
f 10176 10210 10200
f 10153 10152 10205
f 10211 10184 10190
f 10168 10195 10212
f 10187 10186 10209
f 10213 10204 10214
f 10158 10191 10202
f 10210 10176 10162
f 10195 10215 10216
f 10209 10217 10218
f 10219 10204 10213
f 10191 10220 10221
f 10222 10210 10194
f 10223 10188 10224
f 10225 10226 10190
f 10220 10191 10197
f 10193 10227 10228
f 10188 10223 10215
f 10229 10230 10197
f 10231 10199 10232
f 10201 10200 10233
f 10202 10221 10234
f 10219 10235 10205
f 10236 10237 10207
f 10217 10209 10207
f 10210 10222 10233
f 10199 10205 10235
f 10196 10190 10226
f 10238 10239 10240
f 10241 10242 10243
f 10244 10245 10246
f 10247 10248 10249
f 10250 10251 10252
f 10253 10254 10255
f 10256 10257 10239
f 10258 10259 10260
f 10261 10262 10251
f 10263 10264 10246
f 10265 10266 10243
f 10267 10268 10257
f 10269 10267 10270
f 10271 10272 10245
f 10273 10274 10275
f 10276 10254 10275
f 10271 10277 10278
f 10279 10242 10260
f 10280 10262 10281
f 10282 10283 10249
f 10284 10285 10286
f 10287 10288 10289
f 10290 10291 10292
f 10286 10293 10294
f 10295 10296 10297
f 10298 10299 10300
f 10301 10302 10303
f 10304 10305 10285
f 10291 10290 10300
f 10306 10307 10308
f 10309 10301 10310
f 10311 10312 10313
f 10303 10302 10314
f 10310 10303 10315
f 10316 10310 10317
f 10291 10318 10319
f 10320 10287 10321
f 10322 10323 10324
f 10325 10326 10284
f 10327 10328 10299
f 10329 10308 10330
f 10331 10332 10311
f 10333 10334 10296
f 10335 10336 10330
f 10337 10294 10338
f 10332 10331 10323
f 10339 10304 10340
f 10336 10335 10287
f 10292 10319 10341
f 10342 10315 10303
f 10343 10311 10344
f 10345 10216 10215
f 10250 10215 10223
f 10346 10347 10261
f 10234 10348 10347
f 10348 10234 10221
f 10238 10221 10220
f 10230 10349 10256
f 10019 6735 6738
f 10021 6738 10350
f 6814 6793 6794
f 6815 6794 10122
f 6818 6799 6793
f 6870 1068 4577
f 10032 6824 10351
f 6799 6844 6790
f 6830 6869 6873
f 6869 6790 6844
f 6736 6735 10352
f 6788 10024 10350
f 6646 10026 10024
f 6639 10028 10026
f 10120 10030 10028
f 6825 6824 10030
f 6816 10122 10353
f 10124 10353 10129
f 10129 10134 10164
f 10351 10137 10135
f 10354 10178 10189
f 10355 10187 10161
f 10178 10203 10224
f 10187 10356 10193
f 10356 10218 10227
f 10203 10234 10346
f 10348 10240 10281
f 10357 10255 10259
f 10358 10338 10294
f 10328 10318 10291
f 10340 10304 10284
f 10297 10296 10334
f 10247 10349 10230
f 10229 10226 10248
f 10359 10360 10361
f 10280 10362 10363
f 10364 10365 10366
f 10282 10367 10368
f 10369 10370 10371
f 10279 10372 10368
f 10365 10272 10373
f 10269 10283 10374
f 10375 10363 10376
f 10276 10377 10378
f 10268 10379 10370
f 10380 10371 10381
f 10360 10382 10378
f 10383 10249 10248
f 10265 10248 10226
f 10225 10233 10266
f 10266 10233 10222
f 10228 10384 10241
f 10384 10228 10227
f 10254 10253 10385
f 10218 10357 10258
f 10332 10386 10312
f 10387 10335 10308
f 10242 10241 10384
f 10388 10292 10389
f 10390 10270 10349
f 10275 10385 10391
f 10357 10218 10217
f 10277 10245 10244
f 10385 10253 10217
f 10262 10261 10347
f 10257 10256 10349
f 10391 10385 10237
f 10277 10392 10393
f 10394 10232 10264
f 10232 10235 10244
f 10392 10244 10235
f 10395 10393 10392
f 10296 10295 10396
f 10397 10322 10321
f 10386 10332 10322
f 10329 10294 10293
f 10397 10398 10399
f 10335 10387 10288
f 10289 10400 10398
f 10400 10289 10288
f 10401 10288 10387
f 10307 10402 10403
f 10306 10404 10402
f 10306 10293 10405
f 10406 10405 10293
f 10406 10286 10285
f 10407 10285 10305
f 10396 10408 10409
f 10305 10304 10339
f 10408 10396 10295
f 10314 10410 10411
f 10410 10314 10302
f 10412 10413 10302
f 10414 10412 10301
f 10415 10300 10416
f 10300 10290 10417
f 10388 10418 10417
f 10419 10420 10418
f 10421 10313 10312
f 10422 10312 10386
f 10423 10410 10413
f 10424 10422 10399
f 10341 10425 10376
f 10426 10411 10410
f 10408 10411 10426
f 10427 10344 10389
f 10428 10429 10430
f 10431 10429 10432
f 10420 10419 10313
f 10433 10428 10434
f 10435 10436 10433
f 10437 10436 10404
f 10438 10439 10428
f 10344 10313 10419
f 10439 10432 10429
f 10440 10441 10439
f 10431 10424 10430
f 10434 10430 10399
f 10442 10434 10398
f 10401 10435 10442
f 10441 10423 10443
f 10444 10445 10432
f 10436 10437 10438
f 10424 10431 10418
f 10431 10445 10417
f 10441 10446 10432
f 10435 10401 10403
f 10414 10447 10448
f 10416 10417 10445
f 10448 10444 10446
f 10449 10440 10438
f 10412 10448 10443
f 10450 10426 10440
f 10426 10423 10441
f 10449 10437 10405
f 10436 10435 10402
f 10450 10407 10409
f 10449 10406 10407
f 10451 10379 10268
f 10451 10267 10269
f 10452 10373 10272
f 10453 10274 10273
f 10377 10276 10274
f 10452 10271 10454
f 10372 10279 10359
f 10362 10280 10455
f 10456 10374 10283
f 10259 10360 10359
f 10251 10262 10280
f 10457 10246 10365
f 10383 10243 10367
f 10239 10369 10380
f 10242 10279 10367
f 10246 10245 10272
f 10390 10249 10283
f 10251 10375 10458
f 10254 10276 10382
f 10257 10268 10369
f 10240 10380 10455
f 10255 10382 10360
f 10381 10323 10331
f 10371 10324 10323
f 10324 10371 10370
f 10320 10370 10379
f 10451 10330 10336
f 10358 10330 10451
f 10459 10374 10338
f 10325 10338 10374
f 10456 10368 10326
f 10326 10368 10372
f 10333 10340 10372
f 10460 10361 10334
f 10342 10334 10361
f 10378 10377 10315
f 10317 10315 10377
f 10461 10462 10317
f 10463 10366 10328
f 10366 10373 10318
f 10452 10319 10318
f 10425 10341 10319
f 10427 10376 10363
f 10343 10363 10362
f 10464 10214 10465
f 10208 10466 10467
f 10211 10192 10468
f 10181 10151 10180
f 10184 10183 10469
f 10176 10175 10470
f 10216 10345 10393
f 10165 10157 10177
f 10471 10160 10470
f 10173 10172 10472
f 10158 10157 10468
f 10473 10167 10166
f 10474 10169 10469
f 10163 10172 10167
f 10345 10252 10278
f 10186 10185 10466
f 10156 10175 10169
f 10475 10177 10354
f 10476 10180 10179
f 10214 10152 10151
f 10154 10183 10182
f 10174 10185 10355
f 10477 10354 10472
f 10478 10355 10160
f 10465 10148 10147
f 10466 10149 10479
f 10468 10150 10480
f 10183 10154 10481
f 10470 10175 10156
f 10172 10163 10482
f 10157 10165 10150
f 10185 10174 10149
f 10151 10181 10148
f 10447 10414 10309
f 6866 10119 10181
f 10454 10278 10252
f 10146 10165 10475
f 10139 10135 10471
f 10142 10132 10473
f 10141 10140 10474
f 10131 10163 10473
f 10458 10376 10425
f 10140 10138 10156
f 10133 10475 10477
f 10483 6866 10476
f 6725 10154 10480
f 10137 10136 10174
f 10134 10477 10482
f 10137 10478 10471
f 10447 10416 10444
f 10420 10421 10422
f 10316 10298 10415
f 10462 10327 10298
f 10327 10462 10461
f 10273 10364 10463
f 10364 10273 10484
f 10391 10263 10457
f 10236 10394 10263
f 10206 10231 10394
f 10231 10206 10485
f 10467 10179 10198
f 10486 10179 10467
f 10479 6863 10483
f 10483 6863 6809
f 6760 6810 6865
f 6810 6760 6756
f 6762 6756 6752
f 10395 10213 10212
f 10487 10212 10213
f 10488 10166 10487
f 10489 10166 10488
f 10489 10147 6720
f 6718 10143 10142
f 6626 10144 10143
f 6625 6637 10144
f 10490 6637 6625
f 6645 10490 6629
f 6643 6645 6724
f 6627 6067 6643
f 6618 6787 6067
f 6620 6822 6787
f 6723 6823 6822
f 6771 6752 6751
f 6766 6751 6759
f 6765 6759 6758
f 6832 6872 6772
f 6872 6832 6831
f 6831 6755 6769
f 10491 10492 10493
f 10494 10493 10492
f 10495 10496 10497
f 10498 10499 10493
f 10500 10501 10502
f 10503 10504 10505
f 10506 10507 10508
f 10509 10510 10511
f 10512 10500 10497
f 10504 10513 10514
f 10515 10506 10505
f 10516 10511 10517
f 10496 10518 10519
f 10520 10521 10499
f 10522 10523 10524
f 10525 10526 10527
f 10528 10529 10530
f 10531 10532 10533
f 10533 10532 10534
f 10535 10536 10537
f 10538 10539 10540
f 10541 10542 10543
f 10544 10545 10546
f 10545 10544 10547
f 10548 10549 10550
f 10524 10545 10551
f 10545 10524 10523
f 10538 10543 10552
f 10538 10553 10530
f 10536 10554 10527
f 10555 10534 10556
f 10557 10556 10558
f 10559 10550 10560
f 10558 10556 10561
f 10556 10534 10562
f 10563 10564 10565
f 10560 10566 10567
f 10553 10552 10568
f 10569 10570 10571
f 10572 10573 10574
f 10575 10576 10577
f 10578 10579 10580
f 10581 10582 10583
f 10584 10585 10586
f 10587 10531 10588
f 10589 10590 10591
f 10592 10593 10573
f 10594 10595 10576
f 10534 10532 10596
f 10597 10598 10599
f 10579 10600 10601
f 10601 10602 10581
f 10585 10603 10604
f 10575 10591 10605
f 10606 10607 10608
f 10609 10610 10611
f 10612 10613 10614
f 10615 10616 10617
f 10618 10606 10619
f 10620 10621 10622
f 10623 10624 10625
f 10614 10626 10627
f 10628 10629 10630
f 10631 10632 10610
f 10633 10617 10634
f 10635 10622 10636
f 10637 10638 10639
f 10640 10641 10642
f 10643 10637 10644
f 10645 10642 10646
f 10609 10647 10648
f 10615 10633 10649
f 10650 10620 10635
f 10623 10651 10652
f 10623 10630 10653
f 10654 10631 10609
f 10649 10633 10655
f 10635 10656 10657
f 10658 10659 10660
f 10661 10662 10663
f 10664 10665 10666
f 10667 10668 10669
f 10670 10671 10672
f 10671 10670 10673
f 10674 10675 10676
f 10674 10677 10678
f 10679 10680 10681
f 10675 10678 10682
f 10675 10660 10659
f 10683 10671 10684
f 10671 10683 10666
f 10668 10663 10662
f 10685 10681 10686
f 10660 10682 10687
f 10688 10686 10689
f 10690 10691 10664
f 10692 10693 10694
f 10695 10696 10697
f 10698 10699 10700
f 10701 10702 10703
f 10704 10705 10706
f 10707 10708 10695
f 10709 10710 10693
f 10711 10712 10696
f 10700 10713 10714
f 10715 10702 10701
f 10705 10716 10717
f 10708 10718 10711
f 10719 10720 10721
f 10722 10723 10724
f 10725 10726 10727
f 10728 10729 10730
f 10731 10719 10732
f 10733 10734 10735
f 10736 10737 10738
f 10739 10727 10740
f 10741 10742 10743
f 10744 10745 10723
f 10730 10729 10746
f 10734 10747 10748
f 10749 10750 10751
f 10752 10753 10754
f 10755 10749 10756
f 10754 10757 10758
f 10759 10722 10760
f 10761 10762 10730
f 10763 10735 10764
f 10765 10738 10766
f 10765 10743 10767
f 10744 10722 10759
f 10768 10730 10769
f 10735 10748 10770
f 10771 10772 10773
f 10774 10775 10776
f 10777 10778 10779
f 10780 10781 10782
f 10783 10784 10785
f 10786 10787 10788
f 10789 10790 10791
f 10790 10789 10792
f 10793 10794 10795
f 10790 10796 10797
f 10798 10773 10791
f 10783 10788 10799
f 10779 10778 10784
f 10781 10776 10775
f 10800 10795 10801
f 10798 10797 10802
f 10803 10801 10804
f 10799 10805 10806
f 10807 10808 10809
f 10810 10811 10812
f 10813 10814 10815
f 10816 10817 10818
f 10819 10820 10821
f 10822 10823 10824
f 10825 10826 10808
f 10827 10828 10811
f 10814 10829 10830
f 10831 10816 10815
f 10820 10832 10833
f 10824 10834 10827
f 10835 10836 10837
f 10836 10838 10839
f 10840 10841 9796
f 10839 10842 10843
f 10844 10845 10846
f 10847 10848 10849
f 10845 10844 10850
f 10836 10835 10851
f 10852 10853 10854
f 10855 10848 10847
f 10850 10844 10856
f 10857 10838 10836
f 10853 10858 10859
f 10598 9621 9620
f 10860 10861 9791
f 10526 9814 10862
f 10863 10864 10782
f 9816 9801 10865
f 10526 10866 10867
f 10868 10869 10870
f 10871 10872 10614
f 10573 10873 10874
f 10594 10605 10515
f 10594 10514 10513
f 9785 10862 10875
f 10593 10876 10873
f 10711 10718 10602
f 10714 10827 10834
f 10827 10714 10713
f 10711 10601 10600
f 10859 10858 10825
f 10830 10855 10877
f 9792 10878 10879
f 10880 10881 10659
f 10882 10883 10874
f 10884 10875 10885
f 10886 10887 10533
f 10888 10889 10606
f 10890 10562 10596
f 10891 10892 10893
f 10894 10895 10896
f 10892 10891 10897
f 10898 10899 10900
f 10901 10890 10902
f 9669 9640 9632
f 10903 10904 10905
f 10894 10906 10907
f 10900 10899 10908
f 10900 10905 10909
f 10909 10905 10904
f 9670 9667 10910
f 10911 10912 10913
f 9629 9628 9675
f 10571 10914 10915
f 9675 9668 10916
f 10917 10918 10919
f 10920 10921 10922
f 10923 10924 10895
f 10925 10926 10927
f 10928 10925 10929
f 10930 10931 10932
f 10933 10934 10919
f 10935 10933 10936
f 10937 10935 10938
f 10939 10940 10941
f 10940 10942 10943
f 10942 10944 10945
f 10946 10947 10948
f 10949 10948 10950
f 10951 10952 10953
f 10952 10954 10955
f 10955 10954 10956
f 10957 10945 10944
f 10958 10959 10960
f 10961 10841 9817
f 10962 10963 10964
f 10965 10966 10577
f 10967 10968 10969
f 10970 10971 10972
f 10973 10960 10959
f 10950 10948 10974
f 10948 10947 10975
f 10976 10977 10978
f 10979 10975 10947
f 10980 10979 10931
f 10981 10982 10971
f 10983 10984 10982
f 10984 10983 10985
f 10986 10987 10985
f 10988 10986 10989
f 10990 10988 10991
f 10992 10993 10994
f 10890 10901 10978
f 10995 10996 10978
f 10924 10923 10997
f 10998 10999 11000
f 10886 10555 10557
f 11001 10994 10993
f 11001 11002 11003
f 9674 9673 11004
f 11005 10557 11006
f 11007 11003 11008
f 11009 11010 11011
f 10561 10562 10890
f 11012 10561 10996
f 10917 10922 11013
f 10570 11014 11015
f 10912 10998 9617
f 11016 11017 9648
f 11018 11019 11020
f 11021 11014 10570
f 11022 10998 10912
f 11023 10999 10998
f 9673 9672 11024
f 11025 9673 11026
f 10588 10533 10887
f 11027 10969 10968
f 11028 11029 11030
f 11027 11030 11031
f 11032 9646 9666
f 11033 9664 9647
f 11034 9647 9646
f 11035 11036 11037
f 11038 11039 11040
f 11041 11042 11039
f 11043 10976 11042
f 11044 9637 9641
f 11045 11046 11020
f 11047 11020 11046
f 11048 11032 11049
f 11033 11034 11050
f 11050 11034 11032
f 11051 9641 11052
f 11044 11051 11049
f 11053 11009 11017
f 10923 10894 9625
f 11051 11054 11055
f 11030 11056 11057
f 11058 11059 9676
f 11029 11060 11056
f 10913 10912 9616
f 9622 10997 10923
f 11047 9616 11061
f 11062 11063 10997
f 11019 11064 11065
f 9626 9627 11066
f 11067 11068 11069
f 11017 11011 9649
f 11070 11058 9671
f 10892 11066 11071
f 11046 11045 10896
f 11013 11021 10598
f 11021 10569 9621
f 9649 9659 9658
f 9653 9661 9660
f 10569 11072 11073
f 10929 10927 11074
f 9800 11075 10865
f 11076 11077 10918
f 10951 10929 11078
f 11079 11080 11073
f 11025 11081 11080
f 11082 11083 11081
f 9673 11025 11079
f 11004 11079 11072
f 11084 11053 11016
f 10911 10997 11063
f 11085 11078 11086
f 10913 11046 10895
f 11087 10587 10969
f 11088 11089 11090
f 11091 11092 10976
f 11022 11063 11093
f 11092 11094 10977
f 10901 11039 11042
f 10932 11038 11095
f 10952 10951 11085
f 11038 10932 10946
f 11078 11074 11096
f 9624 9626 10897
f 10949 11043 11041
f 11097 11093 11063
f 11098 11091 11043
f 11099 11100 11089
f 11101 11016 9655
f 11014 11021 11013
f 10922 10921 11015
f 11102 10897 10954
f 11039 10901 11103
f 10853 10852 11104
f 11105 11106 10858
f 10966 10963 10542
f 11107 10837 11108
f 10736 11109 11110
f 11111 11112 10757
f 11113 11114 10861
f 11100 11099 10934
f 11115 11116 10934
f 10954 10897 10891
f 11117 10970 10956
f 10932 10931 10947
f 10807 11118 11119
f 10903 10981 10970
f 11120 11115 10933
f 10935 10937 11121
f 11122 10840 9780
f 11123 9624 11102
f 9617 11000 11124
f 11125 10742 10741
f 10766 10725 10739
f 11126 11127 10732
f 11128 10732 11127
f 11129 10755 11130
f 11131 11132 10803
f 11132 11133 10800
f 10800 11133 11134
f 10793 11135 10809
f 10723 10745 10757
f 10753 10724 10723
f 10750 10749 11136
f 10755 11129 11136
f 10769 10746 10777
f 10806 10805 11137
f 11138 11137 10805
f 11130 10776 11139
f 11139 10776 10781
f 10781 10780 11140
f 10793 11134 11141
f 10789 10818 10817
f 11135 11141 11118
f 10950 10959 11142
f 11073 11080 11143
f 11080 11081 11144
f 11083 11145 11144
f 11146 11147 11148
f 11036 11035 11147
f 11123 11086 11062
f 11086 11096 11097
f 10908 10983 10981
f 10983 10908 10899
f 10989 10985 10899
f 10991 10989 10898
f 10937 10941 11149
f 11150 11149 10941
f 10943 10945 11151
f 10945 10957 11152
f 10992 10991 11153
f 10992 9674 10915
f 11154 11155 10938
f 10939 10938 11155
f 11156 11157 10940
f 11158 11159 10958
f 11160 11158 10944
f 10942 10940 11157
f 11159 11142 10959
f 10918 11154 10936
f 11161 11162 11006
f 9803 11163 11164
f 11165 11012 10995
f 11012 11165 11161
f 11162 11166 11167
f 11077 11164 11154
f 11168 10995 10977
f 11169 11170 11171
f 11172 11173 11174
f 11175 11169 11159
f 11176 11173 11157
f 11172 11175 11158
f 11077 11076 9788
f 11159 11169 11177
f 11160 11157 11173
f 11170 11169 11175
f 11178 11179 11175
f 11156 11155 11180
f 11168 11171 11170
f 10597 9788 11076
f 11091 11098 11142
f 11094 11092 11171
f 11164 11180 11155
f 11177 11171 11092
f 11178 11174 11166
f 11161 11179 11178
f 11181 11163 9803
f 9802 11167 11166
f 11179 11161 11165
f 11182 10914 10571
f 10914 11002 10993
f 11182 11003 11002
f 10957 10960 11183
f 11184 11183 10960
f 10811 11185 11186
f 9767 11187 11188
f 11188 11189 9727
f 10517 10511 11190
f 11190 10511 10510
f 11191 10494 9739
f 11192 10508 10507
f 11193 9737 10492
f 11194 9746 9737
f 11194 9709 9715
f 9749 9748 9695
f 11195 9749 9694
f 11196 9696 9695
f 11197 9745 11198
f 11198 9745 9751
f 11199 11200 9731
f 9734 9733 11201
f 11202 9735 9768
f 11199 11201 9733
f 9697 9736 9750
f 9698 9697 9744
f 9741 9740 9704
f 9718 9760 11203
f 9718 9764 9725
f 9714 9708 9769
f 9716 9710 9713
f 9710 9693 11204
f 10508 11192 9722
f 10503 9722 11205
f 10509 10516 10496
f 10518 10496 10516
f 11206 11207 9725
f 11208 10513 10504
f 10504 10503 11209
f 9711 10502 10501
f 10502 9711 11204
f 9759 9758 11205
f 9756 9759 11210
f 9757 9756 11211
f 9719 9725 11207
f 9705 9707 9757
f 11212 9755 11207
f 11188 9752 11213
f 9768 9752 11188
f 11214 11207 9755
f 11214 11211 9729
f 10600 10579 10965
f 10965 10579 10578
f 10541 10540 10590
f 10543 10542 10963
f 10552 10543 10962
f 10568 10552 11215
f 9784 10567 10566
f 11114 9806 9791
f 11216 9820 10861
f 9818 11217 10879
f 11218 9825 9818
f 11075 9800 9825
f 9823 9799 10865
f 11219 9799 9798
f 9775 9801 9816
f 10865 9799 11219
f 10961 11219 9796
f 10840 9813 9817
f 11220 9813 10840
f 10884 9774 9773
f 10862 9814 10885
f 10567 9784 11221
f 9807 10565 10564
f 10565 9807 9806
f 10566 10560 10867
f 10867 10560 10550
f 11222 10550 10549
f 10589 10577 10542
f 10578 10964 10963
f 10583 10544 10964
f 10585 10584 10874
f 10603 10585 10873
f 11211 11210 9721
f 11210 11205 9722
f 11223 11209 10501
f 10973 10974 11224
f 10974 10975 11225
f 11003 11182 11015
f 10921 11088 11008
f 11069 9672 11153
f 11068 11024 9672
f 11010 10910 9667
f 9659 9649 11011
f 9661 9653 9676
f 11059 10916 9668
f 11226 10904 10893
f 10904 10903 11117
f 10920 11099 11088
f 11099 10920 10919
f 10975 10979 11227
f 11228 11227 10979
f 11208 11223 10500
f 11209 11205 9758
f 9750 9736 11201
f 10716 10705 11229
f 10705 10704 11230
f 11231 10667 10870
f 10868 10681 10680
f 11232 10686 10681
f 10689 10686 11232
f 10643 11233 11234
f 11235 10644 10889
f 10607 10606 10889
f 10871 10640 10645
f 10872 10645 11236
f 11237 10627 10626
f 10630 10629 11238
f 11239 10631 10654
f 11240 10654 11241
f 11241 10648 11242
f 11237 10646 10632
f 10610 10632 10646
f 10641 10611 10610
f 10638 10637 11243
f 11244 11243 10637
f 10655 10634 10665
f 10664 10691 11245
f 11246 11245 10691
f 11233 10663 11247
f 10663 10668 11248
f 10668 10667 11249
f 10667 11231 11250
f 10670 11251 10707
f 11252 10697 10673
f 11253 11250 11231
f 10706 10717 11254
f 10592 11255 11254
f 10572 11256 11255
f 11257 11258 11256
f 10544 10583 10582
f 11258 11257 10548
f 11257 10574 10549
f 10559 11259 11260
f 11261 11259 10559
f 11262 11261 11263
f 11264 11114 11113
f 10528 10568 11113
f 9826 9805 10529
f 9784 9772 11265
f 11266 11267 11265
f 11268 9778 9795
f 9776 9775 9812
f 9809 9808 11269
f 9815 11270 11269
f 11270 9815 10525
f 9815 9814 10526
f 10862 9785 10566
f 11271 10525 10554
f 11272 10554 10536
f 10536 10535 11273
f 10535 11274 11275
f 11274 10535 10882
f 10883 10549 10574
f 11276 11275 11274
f 10586 10604 11277
f 10520 11278 11277
f 11278 10520 10498
f 10494 11191 11279
f 10495 11204 9693
f 9693 9692 10510
f 9738 11280 11281
f 9747 11282 11280
f 11282 9747 9749
f 9707 9705 9704
f 9708 9704 9740
f 11283 11284 11285
f 11286 9700 9730
f 11200 9733 9732
f 10627 10629 10628
f 10652 10612 11287
f 10608 11288 11289
f 11290 11291 10619
f 11292 10656 10636
f 11292 10687 10657
f 11291 11290 11293
f 11294 11293 11295
f 10688 11295 11296
f 10685 11296 11297
f 11298 10673 10697
f 10698 10674 11299
f 10698 10703 10677
f 11300 11301 11302
f 10692 11302 11303
f 11304 10833 10709
f 10821 10833 11304
f 11305 11306 11307
f 10818 10789 11308
f 10832 10820 11309
f 10820 10819 11310
f 11311 10787 10812
f 10822 10812 10787
f 10786 10785 10823
f 10864 10795 10794
f 10863 10801 10795
f 10804 10801 10863
f 10771 10748 10747
f 10748 10771 10802
f 11131 11312 11128
f 11313 10756 11314
f 10720 10719 11314
f 11315 10752 11316
f 11317 11316 10758
f 11112 11125 10740
f 11111 10742 11125
f 10743 10742 11111
f 11318 10744 11319
f 11319 10759 11109
f 11109 10759 11320
f 10761 10768 11321
f 11138 10747 10734
f 11130 10755 11313
f 11312 10804 10731
f 11322 11323 10774
f 10805 10799 11324
f 11324 10799 10788
f 11325 10788 10787
f 10780 11307 11306
f 11307 10780 11326
f 11327 11310 10819
f 11185 10814 10813
f 11328 10829 10814
f 11329 10649 11330
f 11246 10636 10622
f 11294 10689 10618
f 11233 10643 11235
f 10888 11331 10661
f 10880 10691 10690
f 10881 10690 10684
f 11332 10684 10673
f 11301 11300 10679
f 11300 10694 10680
f 10869 11230 10704
f 11333 10700 10699
f 10713 10700 11333
f 11202 11187 9767
f 9735 11202 11201
f 11199 11334 9751
f 11198 11334 9731
f 11335 11198 9702
f 9742 11196 9771
f 9746 11194 11336
f 9709 11194 11193
f 9691 11193 10491
f 10499 11190 11337
f 10521 11338 11190
f 9692 10491 11337
f 9771 11336 9715
f 10522 9806 11114
f 11264 11215 10523
f 11246 10880 10658
f 11237 11339 11236
f 10867 11222 10537
f 11222 10883 10882
f 11075 11218 9824
f 11215 10962 10546
f 10595 11340 10965
f 11218 10878 9792
f 11341 11242 10625
f 10659 10881 11332
f 10689 11331 10888
f 10767 11342 11109
f 11343 11314 10756
f 10710 11344 11229
f 11345 10889 10644
f 10726 11315 11317
f 10712 11346 11333
f 10621 11347 11330
f 10661 11331 11232
f 10694 11230 10869
f 10631 11239 11238
f 10693 11229 11230
f 11318 11342 10767
f 10629 10627 11237
f 10772 11348 11324
f 11239 11240 10653
f 11322 11314 10719
f 10828 11328 11185
f 10773 11324 11325
f 11245 11246 11330
f 11325 11311 11308
f 11240 11341 10624
f 10676 11332 11298
f 10696 11333 11349
f 11298 11349 10699
f 10614 10872 11339
f 11232 10868 10669
f 10864 11327 11326
f 10774 11323 10863
f 11350 11321 10734
f 11308 11311 11186
f 10804 11323 11322
f 10826 11351 11309
f 11138 11348 10772
f 10808 11309 11310
f 10744 11318 11111
f 11352 11353 10849
f 11317 11354 10740
f 11137 11138 11321
f 10794 10809 11310
f 11112 11354 10758
f 11355 11108 11105
f 11356 11352 11357
f 10833 10832 10710
f 10592 10717 10716
f 10520 10604 10603
f 10518 11358 11359
f 10925 10928 10842
f 11358 10517 11360
f 11361 11007 11090
f 11338 10521 11362
f 10521 10603 11363
f 10990 10994 11363
f 10876 10593 11364
f 10986 10988 11364
f 11365 10716 11344
f 11366 10984 10987
f 11366 10710 10832
f 11367 10832 11351
f 11351 10826 11368
f 11227 11228 11369
f 10519 10518 11370
f 11371 11116 11115
f 11372 11208 10512
f 11120 11121 11373
f 11121 11149 11374
f 11224 11225 11375
f 11184 11224 11376
f 11328 10828 11377
f 11152 11183 11377
f 11340 11346 10712
f 11151 11152 11378
f 11150 11151 11379
f 11340 10595 11374
f 11380 11381 11382
f 9809 9811 11220
f 11383 11384 11385
f 11386 9776 9811
f 11387 11388 11389
f 9781 11390 11391
f 11390 9781 11216
f 11392 11393 11394
f 11395 11381 11380
f 10860 11396 11397
f 11398 11399 11400
f 11396 10860 9790
f 11401 11402 11403
f 11404 11389 11405
f 11406 11407 11408
f 11409 11410 11383
f 11411 11394 11412
f 11399 11413 11414
f 11415 11416 11417
f 9789 11418 11419
f 11420 11421 11422
f 9789 9821 11423
f 11424 11415 11425
f 11421 11426 11427
f 11267 11266 9778
f 11428 11429 11385
f 11266 9774 9779
f 11430 11392 11411
f 11122 9779 9774
f 11431 11400 11432
f 10884 9810 11220
f 11406 11403 11433
f 11406 11434 11435
f 11436 11409 11429
f 11437 11411 11438
f 11400 11414 11439
f 11440 11441 11442
f 11443 11444 11445
f 11446 11447 11448
f 11449 11450 11451
f 11452 11453 11454
f 11455 11456 11457
f 11458 11459 11460
f 11459 11458 11461
f 11462 11463 11464
f 11459 11465 11466
f 11459 11467 11442
f 11448 11452 11457
f 11452 11448 11447
f 11450 11445 11444
f 11468 11469 11464
f 11467 11466 11470
f 11468 11471 11472
f 11473 11474 11475
f 11444 11476 11477
f 11335 11196 9742
f 11478 11479 11402
f 11480 11481 11426
f 11482 11408 11407
f 11433 11387 11404
f 9741 9743 11197
f 9703 9698 9743
f 11483 11484 11485
f 11486 11380 11485
f 11424 11487 11488
f 11489 11490 11491
f 11468 11491 11492
f 11469 11492 11493
f 11494 11495 11463
f 11383 11410 11426
f 11384 11383 11421
f 9754 11496 9698
f 11496 9754 11212
f 11416 11415 11497
f 11498 11497 11415
f 11438 11412 11446
f 11475 11474 11499
f 11500 11499 11474
f 11487 11445 11501
f 11445 11450 11502
f 11450 11449 11503
f 11462 11493 11504
f 11505 11506 11461
f 11505 11458 11507
f 11508 11456 11352
f 11353 11352 11456
f 11455 11454 11509
f 11477 11464 11463
f 11471 11464 11477
f 11510 11472 11471
f 11414 11413 11441
f 11440 11470 11439
f 11490 11489 11486
f 11511 11425 11512
f 11382 11381 11512
f 11206 11513 11514
f 11513 11206 9724
f 11515 11516 11422
f 11517 11422 11427
f 11481 11482 11405
f 11480 11408 11482
f 11434 11408 11480
f 11518 11409 11436
f 11519 11436 11428
f 11478 11428 11520
f 9723 11521 11522
f 9723 9763 11523
f 11524 11430 11437
f 11413 11399 11525
f 11487 11424 11511
f 11489 11472 11395
f 11526 11510 11443
f 11527 11474 11473
f 11473 11457 11528
f 11528 11457 11456
f 11449 11529 11530
f 11529 11449 11531
f 11532 11533 11534
f 11519 11478 11401
f 11535 11512 11425
f 11515 11517 11389
f 11518 11519 11435
f 11441 11527 11536
f 11526 11512 11381
f 11442 11536 11528
f 11528 11508 11507
f 11451 11477 11532
f 11443 11510 11476
f 11524 11525 11399
f 11508 11356 11537
f 11395 11472 11510
f 11500 11527 11441
f 11518 11480 11410
f 11284 11283 9700
f 11283 9696 9701
f 11517 11538 11405
f 11335 9701 9696
f 11499 11500 11525
f 11495 11533 11532
f 11481 11538 11427
f 11533 11355 11104
f 11355 11533 11495
f 11534 11104 10852
f 11539 11530 11529
f 11540 10849 11353
f 11107 11495 11494
f 11504 10851 10835
f 11541 11506 11505
f 11537 10846 10845
f 10837 10839 11542
f 11108 11542 11106
f 11543 10955 10972
f 10953 10955 11543
f 10928 10953 10843
f 10846 11537 11356
f 11544 11357 10849
f 10848 11545 10846
f 11542 10843 11543
f 11225 11227 11546
f 11100 11370 11359
f 11089 11359 11360
f 11361 11360 10517
f 11361 11362 11001
f 11362 11363 10994
f 10876 11547 11363
f 11547 11364 10988
f 10716 11365 11364
f 10986 11365 11548
f 11366 11548 11344
f 10984 11366 11367
f 10982 11367 11549
f 10971 11549 11368
f 11550 11551 10926
f 11116 11371 11370
f 11371 11552 10512
f 11372 11552 11115
f 11208 11372 11373
f 11373 11374 10595
f 10855 10830 10829
f 11553 11376 10829
f 11553 11377 11183
f 11378 11377 10828
f 11379 11378 10713
f 11554 11379 11346
f 11554 11374 11149
f 10858 11106 10826
f 11368 10826 11106
f 10838 11550 10842
f 10857 11551 11550
f 11555 10856 11546
f 10855 11556 11545
f 11545 11556 10856
f 11376 11375 11556
f 11375 11546 10856
f 11174 11557 11181
f 11164 11163 11176
f 11173 11176 11557
f 11163 11181 11557
f 11167 9802 9787
f 9787 9786 10886
f 9786 10599 10887
f 10599 9620 10967
f 9620 9619 10968
f 11028 10968 9619
f 11029 11028 11143
f 11145 11060 11029
f 11558 11148 11147
f 11033 11147 11035
f 9664 11035 11559
f 11560 11561 11562
f 10871 11345 10639
f 11345 10871 10613
f 10612 10608 10607
f 10638 10641 10640
f 10611 10641 10638
f 11563 11564 10616
f 11563 10615 11329
f 11347 11565 11566
f 11347 10621 11567
f 11568 11567 10621
f 10620 10650 11569
f 10652 11288 10608
f 11343 10751 10752
f 11343 11315 10726
f 10725 10721 10720
f 10766 11126 10721
f 11570 10763 11571
f 10763 11570 11572
f 11573 11350 10733
f 11573 11574 10761
f 10762 10761 11574
f 11575 11576 10728
f 10724 10753 10750
f 10753 10752 10751
f 11416 11420 11516
f 11384 11420 11416
f 11392 11577 11578
f 11392 11430 11579
f 11580 11579 11430
f 11524 11398 11581
f 11582 11581 11398
f 11582 11431 11583
f 11484 11483 11387
f 11483 11382 11388
f 11515 11388 11382
f 11515 11535 11417
f 9677 5824 6875
f 6952 6957 6878
f 6946 6952 6877
f 6935 6946 6880
f 6926 6935 6882
f 6956 6876 6875
f 6954 6886 11584
f 5883 5889 6888
f 6954 6947 6890
f 6942 6891 9871
f 6947 6889 6888
f 6931 6895 6894
f 6939 6929 6897
f 6917 6894 6898
f 6929 6928 6900
f 6956 6901 6900
f 6919 6902 11585
f 6949 6905 9872
f 6933 6944 6908
f 6958 6926 6884
f 6923 6933 6913
f 6957 6923 6912
f 6906 6905 11585
f 9873 9871 6895
f 6950 9872 6908
f 6903 6902 10076
f 9681 10078 10076
f 6892 6891 11584
f 9458 3694 3693
f 222 218 6027
f 630 641 6325
f 645 651 6292
f 6297 660 664
f 678 6290 6286
f 678 1077 6287
f 6288 1076 1079
f 9889 4112 4152
f 9933 4151 4171
f 9946 4170 4234
f 9970 4200 4074
f 7291 7285 7283
f 6323 11586 6348
f 6322 11587 11586
f 50 1 3
f 9 4 6
f 8 7 4
f 11 8 9
f 14 10 11
f 10 12 8
f 17 13 14
f 13 15 10
f 20 16 17
f 16 18 13
f 23 19 20
f 19 21 16
f 26 22 23
f 22 24 19
f 28 25 26
f 25 27 22
f 30 25 29
f 32 27 30
f 33 30 31
f 3904 32 33
f 38 34 36
f 3905 37 38
f 45 39 41
f 41 40 43
f 48 44 41
f 48 41 46
f 49 47 48
f 80 49 46
f 56 50 51
f 54 52 5
f 58 53 54
f 60 55 51
f 62 57 58
f 63 59 60
f 104 61 62
f 105 59 64
f 71 65 67
f 74 68 70
f 75 71 72
f 78 73 74
f 99 75 76
f 1125 77 78
f 1501 79 35
f 3911 80 81
f 81 46 82
f 143 82 84
f 86 85 29
f 3908 86 28
f 3908 28 87
f 87 26 88
f 88 23 89
f 89 20 90
f 96 14 91
f 93 92 6
f 3906 93 52
f 91 11 92
f 95 53 94
f 3906 52 95
f 159 90 97
f 102 65 98
f 3907 98 75
f 3907 75 100
f 106 101 103
f 65 61 66
f 70 69 64
f 170 94 106
f 896 106 107
f 107 103 109
f 109 108 111
f 111 110 113
f 122 114 116
f 120 117 119
f 127 120 121
f 117 122 118
f 124 123 122
f 125 124 117
f 126 125 120
f 134 126 127
f 132 128 124
f 134 129 131
f 139 132 125
f 139 125 133
f 133 126 131
f 138 135 132
f 130 136 131
f 140 138 139
f 5955 140 133
f 5955 133 137
f 84 141 143
f 146 144 142
f 4091 145 146
f 888 147 149
f 158 150 152
f 895 153 155
f 152 151 157
f 895 155 158
f 157 156 160
f 173 97 162
f 169 163 165
f 171 162 166
f 163 167 164
f 172 169 170
f 167 171 168
f 896 172 106
f 160 159 173
f 188 115 174
f 174 114 175
f 175 123 176
f 176 128 177
f 189 178 180
f 178 181 179
f 187 183 185
f 201 186 183
f 181 187 182
f 180 188 189
f 207 190 192
f 207 192 194
f 190 195 191
f 194 193 198
f 198 197 200
f 186 201 199
f 215 202 183
f 200 201 203
f 205 204 178
f 216 205 189
f 208 206 207
f 210 208 194
f 206 209 190
f 214 210 198
f 204 211 181
f 209 212 195
f 203 214 200
f 211 215 187
f 189 174 216
f 216 175 217
f 176 177 217
f 220 219 215
f 221 220 211
f 225 221 204
f 224 217 222
f 228 223 224
f 4346 221 226
f 205 216 224
f 229 227 220
f 232 228 222
f 4346 229 221
f 231 230 228
f 4347 231 232
f 794 233 235
f 235 234 237
f 237 236 239
f 242 240 206
f 247 241 210
f 241 242 208
f 245 214 243
f 240 244 209
f 247 210 245
f 248 245 246
f 249 247 248
f 4190 241 249
f 219 243 202
f 219 227 243
f 257 250 252
f 794 253 252
f 4204 233 255
f 871 256 258
f 873 259 261
f 3605 262 264
f 269 265 267
f 272 268 269
f 267 270 269
f 4092 272 271
f 278 273 274
f 280 275 274
f 274 276 278
f 273 279 263
f 262 280 263
f 4093 281 283
f 278 277 267
f 313 284 286
f 326 287 289
f 4082 290 292
f 285 284 294
f 291 295 292
f 290 297 291
f 293 299 294
f 305 295 298
f 297 301 298
f 299 303 300
f 343 305 302
f 309 306 308
f 337 309 311
f 351 312 314
f 319 315 317
f 325 318 319
f 284 313 320
f 321 293 320
f 322 299 321
f 323 303 322
f 308 303 324
f 309 308 310
f 337 311 325
f 289 325 326
f 326 319 327
f 4086 328 330
f 314 331 317
f 3649 266 332
f 3664 268 334
f 334 333 336
f 364 337 289
f 4129 338 340
f 301 341 302
f 356 343 342
f 311 344 318
f 355 344 310
f 322 346 323
f 320 312 349
f 354 315 345
f 320 349 321
f 312 351 348
f 323 347 324
f 365 316 354
f 353 355 324
f 321 350 322
f 371 356 357
f 4084 358 360
f 435 361 363
f 308 307 303
f 306 309 364
f 316 351 317
f 314 313 331
f 351 316 352
f 435 366 361
f 11588 368 370
f 4323 371 372
f 353 347 374
f 385 354 375
f 374 376 353
f 344 377 345
f 349 348 379
f 349 379 350
f 376 377 355
f 383 381 365
f 350 380 346
f 348 352 378
f 346 382 347
f 385 383 354
f 387 381 384
f 384 383 386
f 390 387 388
f 388 384 389
f 387 379 381
f 386 385 377
f 377 376 386
f 373 389 374
f 382 388 373
f 380 390 382
f 379 387 380
f 361 367 392
f 361 392 362
f 360 359 395
f 4114 396 357
f 4315 395 398
f 398 397 400
f 495 401 403
f 403 402 405
f 405 404 407
f 412 408 410
f 496 411 410
f 417 413 415
f 3666 416 417
f 432 418 420
f 433 421 423
f 424 397 394
f 425 399 424
f 497 401 425
f 427 404 426
f 3640 406 427
f 724 428 430
f 479 431 432
f 478 433 434
f 366 435 419
f 4316 436 438
f 474 439 441
f 498 442 444
f 4324 445 447
f 4328 448 450
f 457 451 453
f 459 454 456
f 461 457 458
f 463 459 460
f 465 461 462
f 468 463 464
f 499 465 466
f 6266 467 464
f 4326 469 444
f 453 452 470
f 458 453 471
f 472 462 471
f 466 462 473
f 450 449 474
f 454 459 475
f 438 437 463
f 438 463 370
f 11588 370 467
f 480 432 476
f 485 477 478
f 482 479 480
f 420 435 476
f 4319 481 363
f 483 480 481
f 487 482 483
f 487 484 482
f 477 485 486
f 663 487 488
f 488 483 489
f 717 490 492
f 4319 493 481
f 502 494 484
f 400 399 495
f 415 414 496
f 426 402 497
f 479 478 431
f 441 440 498
f 456 455 457
f 460 456 461
f 464 460 465
f 6266 464 499
f 482 485 479
f 486 500 477
f 663 502 487
f 11589 500 494
f 470 469 504
f 470 504 471
f 4326 506 469
f 531 507 509
f 421 433 501
f 472 510 473
f 471 505 472
f 550 512 514
f 11590 515 517
f 546 518 520
f 11591 521 523
f 543 524 526
f 507 527 508
f 515 529 516
f 507 531 533
f 11591 523 529
f 526 525 508
f 4330 534 521
f 4345 519 535
f 517 516 537
f 523 538 530
f 530 539 516
f 527 507 540
f 522 534 542
f 562 543 544
f 563 545 546
f 535 518 547
f 522 542 523
f 551 528 548
f 544 526 528
f 552 549 550
f 570 544 551
f 571 549 553
f 537 536 555
f 539 538 557
f 536 539 554
f 548 527 558
f 541 559 542
f 570 561 544
f 565 545 564
f 545 565 547
f 542 560 538
f 548 567 551
f 595 568 569
f 596 570 568
f 598 571 572
f 555 554 574
f 557 556 576
f 554 557 573
f 605 567 558
f 560 559 578
f 596 579 570
f 581 565 580
f 565 581 566
f 692 583 585
f 556 560 575
f 587 581 586
f 581 587 582
f 583 589 584
f 575 578 592
f 569 593 595
f 616 596 595
f 6387 590 597
f 622 598 599
f 574 573 601
f 6387 597 603
f 576 575 604
f 573 576 600
f 569 567 606
f 578 577 591
f 616 608 596
f 601 600 610
f 603 602 611
f 604 592 613
f 600 604 609
f 593 569 602
f 591 607 615
f 635 608 617
f 637 618 586
f 588 587 619
f 6411 611 605
f 592 591 612
f 624 594 620
f 617 616 594
f 6411 605 621
f 626 622 623
f 636 617 624
f 621 558 625
f 647 626 627
f 610 609 629
f 540 533 625
f 613 612 632
f 609 613 628
f 620 593 597
f 615 614 634
f 656 635 636
f 639 618 638
f 618 639 619
f 533 532 630
f 612 615 631
f 644 624 642
f 667 643 642
f 657 636 644
f 11589 494 646
f 680 647 648
f 629 628 650
f 494 502 645
f 632 631 653
f 628 632 649
f 642 620 589
f 634 633 655
f 671 656 657
f 673 658 638
f 640 639 659
f 663 660 502
f 631 634 652
f 650 649 662
f 660 663 664
f 653 652 666
f 649 653 661
f 583 667 589
f 655 654 669
f 677 670 657
f 682 672 673
f 659 658 674
f 664 488 675
f 652 655 665
f 710 676 667
f 643 677 644
f 493 678 489
f 688 679 648
f 699 681 682
f 674 672 683
f 669 684 665
f 676 686 643
f 705 687 688
f 662 661 690
f 665 685 666
f 661 666 689
f 710 667 692
f 669 668 684
f 694 670 686
f 714 694 695
f 710 696 676
f 711 692 698
f 701 681 700
f 683 681 702
f 4339 683 703
f 695 686 697
f 3626 704 705
f 689 706 690
f 685 708 691
f 691 709 689
f 696 710 711
f 684 693 713
f 713 708 684
f 712 703 701
f 3627 714 715
f 1024 239 716
f 1078 717 718
f 3646 719 721
f 391 722 392
f 408 724 409
f 392 723 393
f 901 726 728
f 1035 729 731
f 735 732 734
f 737 735 736
f 739 737 738
f 742 739 740
f 744 741 740
f 801 743 744
f 748 745 747
f 750 748 749
f 752 750 751
f 755 752 753
f 757 754 753
f 796 756 757
f 1035 731 759
f 1032 760 762
f 1082 763 765
f 765 764 767
f 766 768 767
f 916 770 772
f 776 773 774
f 769 768 775
f 773 776 775
f 786 774 770
f 773 768 771
f 776 778 777
f 916 780 782
f 775 777 784
f 919 785 786
f 788 754 787
f 789 755 788
f 752 755 790
f 1083 765 791
f 729 792 730
f 253 794 795
f 732 735 746
f 735 737 747
f 737 739 749
f 739 742 751
f 742 741 753
f 757 741 796
f 736 734 798
f 744 799 801
f 744 740 799
f 740 738 802
f 738 736 803
f 798 797 805
f 799 806 800
f 803 798 808
f 802 803 809
f 799 802 806
f 805 804 811
f 807 806 813
f 808 805 814
f 809 808 815
f 806 809 812
f 811 810 817
f 813 812 819
f 814 811 820
f 815 814 821
f 812 815 818
f 817 816 823
f 819 818 825
f 820 817 826
f 821 820 827
f 818 821 824
f 823 822 829
f 825 824 831
f 826 823 832
f 827 826 833
f 824 827 830
f 840 834 836
f 1071 837 839
f 842 840 841
f 844 842 843
f 1071 844 837
f 1067 845 847
f 1067 847 849
f 856 850 852
f 948 853 855
f 845 856 846
f 953 855 857
f 866 858 860
f 860 859 862
f 4358 863 865
f 4096 858 867
f 4353 868 870
f 862 861 871
f 874 872 873
f 864 863 874
f 870 869 876
f 731 877 758
f 797 734 879
f 880 804 879
f 810 804 881
f 882 816 881
f 883 822 882
f 979 828 883
f 1495 884 886
f 3910 154 887
f 147 888 890
f 4097 891 887
f 4097 196 213
f 894 893 889
f 886 885 894
f 199 160 186
f 192 158 193
f 896 107 115
f 153 895 196
f 163 169 179
f 118 109 119
f 171 167 185
f 197 157 199
f 116 107 118
f 191 895 192
f 169 172 180
f 167 163 182
f 186 173 184
f 115 188 896
f 193 152 197
f 162 171 184
f 119 111 121
f 954 759 897
f 758 878 897
f 767 769 791
f 775 784 769
f 777 779 783
f 726 901 903
f 1080 904 906
f 911 907 905
f 909 905 908
f 905 909 911
f 921 912 914
f 772 915 916
f 768 766 772
f 776 774 778
f 786 917 919
f 770 920 786
f 770 916 920
f 1081 921 922
f 1034 923 911
f 1034 924 926
f 3603 927 793
f 1096 928 930
f 790 789 932
f 931 789 933
f 933 788 934
f 941 935 937
f 1038 938 940
f 1037 935 942
f 954 938 759
f 937 936 944
f 939 945 940
f 950 947 948
f 4351 949 950
f 4100 867 951
f 1007 849 952
f 850 953 851
f 1497 954 955
f 994 956 958
f 945 959 946
f 4266 961 963
f 968 964 966
f 4255 967 968
f 973 969 971
f 974 972 973
f 977 972 975
f 960 976 975
f 1105 978 979
f 869 980 875
f 1049 982 984
f 868 985 869
f 990 986 988
f 1042 989 868
f 875 981 990
f 1044 991 993
f 997 956 995
f 1001 996 997
f 4723 998 1000
f 993 992 1001
f 995 994 1003
f 4348 958 845
f 1045 948 1004
f 958 957 856
f 957 1005 850
f 4349 1006 1007
f 1005 1004 953
f 1069 1008 1010
f 259 1011 260
f 1017 795 1014
f 253 1015 254
f 1015 253 1017
f 1106 1018 260
f 876 875 1019
f 1019 990 967
f 4237 1020 1022
f 1104 1014 1023
f 1020 1024 1021
f 1026 1015 1025
f 1015 1026 1016
f 967 988 964
f 4358 1029 863
f 863 1030 872
f 4576 1025 1014
f 728 727 1032
f 964 1028 965
f 926 1033 1034
f 911 910 1034
f 729 1035 935
f 938 954 939
f 792 729 1037
f 938 1038 943
f 936 1035 943
f 1039 945 1036
f 4268 959 1039
f 959 1040 960
f 1098 1041 1042
f 1101 1043 1044
f 4350 950 1045
f 1030 1046 1031
f 1046 1030 1048
f 965 982 1050
f 1031 1047 1011
f 4577 1052 1054
f 1074 1055 844
f 1009 1056 1010
f 4354 1058 1060
f 1107 1061 1062
f 230 226 223
f 1054 1053 1064
f 1028 1065 982
f 1062 1012 1051
f 1055 1066 842
f 1108 1067 1006
f 872 1031 259
f 1111 1068 1069
f 1109 1070 839
f 1066 978 840
f 1110 1072 998
f 11592 835 1073
f 1070 1074 1071
f 1106 1061 1010
f 4576 1075 1051
f 225 204 223
f 362 393 491
f 718 492 725
f 490 717 1077
f 1076 717 1079
f 903 1080 726
f 726 906 727
f 923 760 907
f 760 923 761
f 922 764 1081
f 6850 1082 1083
f 1085 1032 1084
f 1032 1085 728
f 728 1086 901
f 4277 902 1087
f 4238 1088 1090
f 1092 1091 904
f 1093 1092 1080
f 1094 1093 903
f 4276 1094 902
f 335 333 282
f 1097 1095 1096
f 745 748 930
f 748 750 1096
f 780 914 781
f 922 914 915
f 915 766 922
f 932 1095 790
f 750 752 1097
f 4380 1041 1099
f 4721 1100 1101
f 991 1045 992
f 1103 1063 1102
f 1023 1103 1104
f 1073 834 1105
f 1010 1057 1106
f 833 832 1074
f 1111 1069 1107
f 988 987 1028
f 832 829 1055
f 4348 845 1108
f 831 830 1109
f 829 828 1066
f 1003 1002 1110
f 830 833 1070
f 260 1012 1106
f 4578 1052 1107
f 4578 1107 1075
f 1124 1112 1114
f 1152 1115 1117
f 1115 1118 1116
f 1118 1120 1119
f 1120 1122 1121
f 1140 51 1124
f 5816 1125 1126
f 5817 1127 1129
f 1126 78 1130
f 5818 1131 1133
f 5817 1130 70
f 4102 1134 1136
f 5819 1127 63
f 1134 1137 1135
f 5819 63 1139
f 1139 60 1140
f 5820 1141 1143
f 4103 1144 1146
f 5821 1147 1149
f 1122 1112 1123
f 5821 1150 1147
f 1150 1152 1151
f 1167 1153 1155
f 1505 1156 1158
f 1169 1159 1161
f 1171 1162 1163
f 1175 1164 1166
f 4104 1167 1168
f 11593 1169 1170
f 1181 1171 1172
f 1128 1173 1129
f 1173 1128 1175
f 11594 1176 1178
f 11593 1170 1180
f 1187 1181 1182
f 1190 1183 1174
f 4105 1184 1186
f 1193 1187 1188
f 1195 1189 1190
f 1196 1191 1192
f 1159 1193 1160
f 1114 1113 1192
f 4309 1194 1195
f 1166 1165 1196
f 1238 1197 1199
f 1254 1200 1202
f 1255 1203 1205
f 1240 1206 1208
f 1241 1209 1211
f 1197 1212 1198
f 1254 1202 1215
f 1208 1207 1217
f 1211 1210 1219
f 1223 1220 1222
f 1212 1220 1213
f 1265 1224 1226
f 1267 1217 1227
f 1219 1218 1229
f 1237 1230 1221
f 1269 1231 1233
f 1229 1228 1235
f 1245 1236 1237
f 1242 1238 1239
f 1235 1234 1240
f 1209 1241 1239
f 1245 1243 1236
f 1286 1245 1246
f 1250 1247 1242
f 1257 1248 1240
f 1242 1241 1250
f 1286 1251 1245
f 1247 1252 1238
f 1258 1253 1254
f 1293 1203 1256
f 1259 1257 1208
f 1260 1249 1211
f 1263 1212 1252
f 1275 1258 1215
f 1266 1259 1217
f 1268 1260 1219
f 1220 1261 1221
f 1261 1220 1263
f 1279 1264 1265
f 1281 1266 1267
f 1271 1268 1229
f 1246 1237 1262
f 1283 1231 1270
f 1248 1271 1235
f 1290 1249 1272
f 1292 1273 1252
f 1309 1274 1275
f 1295 1259 1276
f 1312 1272 1268
f 1262 1261 1278
f 1273 1277 1263
f 1316 1264 1280
f 1318 1276 1281
f 1312 1268 1282
f 1287 1246 1278
f 1322 1283 1284
f 1282 1271 1285
f 1291 1286 1287
f 1301 1247 1288
f 1285 1248 1289
f 1250 1249 1288
f 1298 1251 1291
f 1301 1292 1247
f 1302 1253 1274
f 1304 1293 1294
f 1289 1257 1295
f 1290 1296 1288
f 1332 1298 1299
f 1341 1300 1301
f 1337 1302 1303
f 1335 1304 1305
f 1324 1289 1306
f 1296 1290 1307
f 1300 1308 1292
f 1303 1274 1310
f 1306 1295 1311
f 1307 1272 1313
f 1278 1277 1315
f 1308 1314 1273
f 1348 1316 1317
f 1328 1311 1318
f 1313 1312 1319
f 1315 1320 1278
f 1333 1321 1284
f 1319 1282 1323
f 1320 1299 1287
f 1341 1301 1297
f 1323 1285 1324
f 1354 1319 1325
f 1325 1323 1326
f 1326 1324 1327
f 1311 1328 1330
f 1345 1331 1299
f 1373 1321 1334
f 1355 1335 1336
f 1366 1337 1338
f 1352 1296 1339
f 1338 1303 1340
f 1300 1341 1343
f 1327 1306 1330
f 1299 1320 1345
f 1315 1314 1347
f 1320 1315 1344
f 1361 1348 1349
f 1314 1308 1346
f 1308 1300 1350
f 1342 1341 1351
f 1296 1352 1297
f 1339 1307 1353
f 1353 1313 1354
f 1334 1333 1355
f 1304 1335 1284
f 1293 1304 1270
f 1270 1269 1293
f 1354 1356 1353
f 1347 1346 1359
f 1346 1350 1358
f 1340 1361 1363
f 1338 1364 1366
f 1343 1342 1368
f 1330 1329 1370
f 1339 1371 1352
f 1350 1343 1360
f 1329 1373 1369
f 1325 1375 1354
f 1353 1357 1339
f 1351 1376 1342
f 1345 1344 1378
f 1336 1379 1355
f 1326 1381 1325
f 1331 1345 1382
f 1344 1347 1377
f 1340 1363 1338
f 1327 1383 1326
f 1352 1372 1351
f 1355 1380 1334
f 1330 1370 1327
f 1374 1385 1369
f 1375 1387 1356
f 1368 1367 1390
f 1378 1391 1382
f 1378 1377 1391
f 1379 1394 1380
f 1381 1396 1375
f 1372 1397 1376
f 1377 1359 1393
f 1363 1400 1364
f 1383 1402 1381
f 1359 1358 1399
f 1358 1360 1403
f 1380 1395 1384
f 1370 1406 1383
f 1357 1407 1371
f 1360 1368 1404
f 1362 1409 1363
f 1364 1401 1365
f 1369 1386 1370
f 1371 1408 1372
f 1356 1388 1357
f 1376 1398 1367
f 1391 1393 1412
f 1395 1394 1414
f 1387 1396 1416
f 1397 1417 1398
f 1393 1399 1411
f 1400 1420 1401
f 1396 1402 1415
f 1399 1403 1419
f 1403 1404 1423
f 1405 1395 1425
f 1402 1406 1422
f 1407 1427 1408
f 1404 1390 1424
f 1409 1430 1400
f 1401 1421 1410
f 1406 1386 1426
f 1408 1428 1397
f 1388 1433 1407
f 1389 1398 1434
f 1385 1435 1386
f 1387 1416 1388
f 1390 1389 1429
f 1392 1391 1436
f 1458 1437 1439
f 1491 1440 1442
f 1487 1443 1445
f 1452 1446 1448
f 1455 1449 1451
f 1446 1452 1454
f 1449 1455 1457
f 1488 1458 1459
f 1479 1460 1462
f 1448 1447 1464
f 4307 1465 1467
f 1478 1468 1470
f 1460 1444 1461
f 1457 1456 1472
f 1470 1469 1474
f 1463 1475 1464
f 1481 1477 1478
f 1437 1441 1438
f 1466 1465 1462
f 1486 1476 1480
f 1477 1481 1471
f 1489 1474 1482
f 1490 1483 1485
f 1491 1442 1480
f 1483 1487 1484
f 1450 1488 1451
f 1485 1489 1490
f 1466 1417 1467
f 1426 1432 1480
f 1456 1421 1471
f 1424 1429 1487
f 1467 1428 1454
f 1430 1477 1420
f 1480 1475 1426
f 1455 1431 1456
f 1423 1424 1483
f 1419 1423 1490
f 1438 1440 1425
f 1415 1422 1463
f 1439 1438 1414
f 1490 1482 1419
f 1417 1466 1418
f 1431 1455 1492
f 1447 1416 1463
f 1459 1439 1413
f 1482 1473 1411
f 886 1493 1495
f 898 1496 897
f 954 1497 1036
f 894 1499 886
f 1499 894 891
f 891 889 892
f 149 1500 888
f 3909 1501 1502
f 34 1503 35
f 37 1504 34
f 5820 1156 1146
f 1156 1505 1185
f 1233 1204 1269
f 1533 1506 787
f 1509 1507 919
f 1507 1508 785
f 3660 1509 918
f 1534 1510 796
f 1523 813 1511
f 1515 1109 1512
f 1523 1513 813
f 1512 839 1514
f 1109 1515 831
f 1513 1517 807
f 1519 1518 801
f 1520 825 1516
f 1517 1519 800
f 1511 819 1520
f 1522 1520 1521
f 1524 1511 1522
f 1525 1523 1524
f 11595 1513 1525
f 1527 1515 1526
f 1515 1527 1516
f 1526 1512 1528
f 1532 1526 1529
f 11596 1522 1530
f 1527 1531 1521
f 1531 1527 1532
f 787 756 1533
f 1518 1534 743
f 779 1535 900
f 778 1508 779
f 1538 1532 1537
f 11597 1531 1538
f 1567 1539 1541
f 1557 1542 1544
f 3695 1545 1547
f 1539 1548 1540
f 1544 1543 1551
f 1548 1552 1549
f 1551 1550 1555
f 1576 1556 1557
f 1555 1554 1559
f 1566 1560 1562
f 3701 1563 1565
f 1559 1558 1564
f 1552 1566 1553
f 11598 1567 1568
f 1576 1569 1556
f 1545 1570 1546
f 1540 1549 1572
f 1587 1544 1573
f 1549 1553 1571
f 1573 1551 1575
f 1584 1576 1577
f 1575 1555 1578
f 1562 1561 1580
f 1563 1581 1564
f 1578 1559 1582
f 1553 1562 1574
f 1598 1568 1583
f 1585 1569 1584
f 1546 1569 1586
f 1541 1540 1583
f 1577 1557 1587
f 1547 1546 1588
f 1571 1574 1590
f 1606 1573 1591
f 1600 1584 1592
f 1591 1575 1593
f 1580 1579 1595
f 1581 1596 1582
f 1593 1578 1597
f 1574 1580 1589
f 3141 1598 1599
f 1601 1585 1600
f 1586 1585 1602
f 1599 1583 1603
f 1592 1577 1604
f 1586 1602 1588
f 1572 1571 1603
f 1604 1587 1606
f 1799 1607 1609
f 1650 1610 1612
f 1783 1613 1615
f 1699 1616 1618
f 2892 1619 1621
f 2893 1622 1624
f 1801 1625 1627
f 1804 1628 1630
f 1700 1631 1633
f 2913 1634 1636
f 1614 1637 1615
f 1798 1639 1641
f 2914 1642 1644
f 3108 1645 1647
f 1807 1630 1648
f 3530 1649 1623
f 1800 1650 1651
f 1809 1652 1654
f 3109 1655 1657
f 1740 1658 1656
f 1607 1659 1608
f 2895 1661 1611
f 1674 1662 1664
f 1729 1665 1667
f 1713 1668 1670
f 1779 1671 1673
f 1729 1674 1665
f 1727 1675 1677
f 1870 1678 1679
f 1726 1680 1682
f 2915 1683 1685
f 1695 1686 1688
f 11599 1689 1691
f 1724 1692 1694
f 1724 1695 1692
f 1692 1688 1697
f 1692 1697 1693
f 1609 1608 1613
f 1621 1620 1699
f 1627 1626 1700
f 1775 1701 1703
f 1608 1660 1614
f 1797 1704 1706
f 1846 1707 1709
f 1689 1710 1690
f 1688 1687 1696
f 1683 1713 1684
f 1682 1681 1715
f 1678 1716 1676
f 1675 1717 1676
f 1824 1718 1720
f 1825 1721 1672
f 1664 1663 1695
f 1668 1722 1669
f 1665 1664 1724
f 1823 1725 1726
f 1665 1724 1666
f 1671 1727 1672
f 1782 1728 1674
f 1885 1729 1730
f 1886 1731 1733
f 1745 1734 1736
f 1644 1643 1738
f 1792 1661 1645
f 2894 1739 1740
f 1781 1741 1743
f 1796 1744 1646
f 1743 1742 1745
f 1709 1708 1747
f 1771 1748 1750
f 1888 1751 1753
f 1769 1754 1756
f 1889 1757 1759
f 1789 1760 1762
f 1791 1763 1765
f 1793 1766 1768
f 1628 1754 1629
f 1773 1770 1771
f 1785 1772 1773
f 1660 1743 1637
f 1786 1769 1774
f 1768 1767 1775
f 1790 1776 1778
f 1890 1779 1780
f 1659 1781 1660
f 1885 1782 1729
f 1749 1748 1783
f 1816 1784 1731
f 1625 1785 1626
f 1631 1771 1632
f 1648 1629 1786
f 1757 1787 1758
f 1892 1789 1780
f 1756 1755 1650
f 1652 1790 1653
f 1634 1791 1635
f 1626 1773 1631
f 1651 1612 1792
f 1738 1737 1639
f 1637 1745 1638
f 1706 1705 1793
f 1776 1794 1777
f 2895 1796 1661
f 2894 1795 1739
f 1747 1746 1797
f 1763 1798 1764
f 1772 1799 1770
f 1770 1609 1748
f 1774 1756 1800
f 1817 1801 1802
f 1806 1803 1630
f 1808 1700 1805
f 1822 1806 1807
f 1802 1627 1808
f 1815 1809 1810
f 1703 1702 1812
f 2913 1636 1814
f 1760 1815 1761
f 1812 1811 1816
f 1787 1814 1788
f 2896 1817 1818
f 1821 1819 1806
f 1891 1820 1805
f 1887 1821 1822
f 1820 1818 1808
f 1753 1752 1823
f 1711 1710 1824
f 1716 1825 1677
f 1701 1826 1702
f 1704 1828 1705
f 1707 1830 1708
f 1711 1824 1833
f 1691 1690 1835
f 1690 1711 1834
f 1824 1720 1832
f 1708 1831 1746
f 1733 1732 1839
f 1767 1766 1841
f 1732 1784 1838
f 1701 1767 1826
f 1746 1837 1704
f 1705 1829 1766
f 1702 1827 1811
f 1784 1811 1842
f 1847 1747 1844
f 2918 1845 1709
f 2918 1709 1847
f 1859 1816 1848
f 1689 1849 1710
f 1856 1706 1851
f 1855 1703 1852
f 1718 1853 1719
f 1857 1775 1855
f 1844 1797 1856
f 1861 1768 1857
f 1710 1850 1718
f 11599 1858 1689
f 1852 1812 1859
f 1886 1860 1731
f 1851 1793 1861
f 1868 1862 1864
f 1696 1865 1697
f 2932 1867 1864
f 1696 1712 1865
f 1878 1870 1871
f 1715 1714 1873
f 1714 1874 1872
f 1717 1876 1679
f 1882 1877 1878
f 1697 1866 1698
f 1872 1875 1881
f 1880 1882 1881
f 1881 1878 1883
f 1881 1883 1872
f 1869 1884 1865
f 1876 1884 1871
f 1891 1819 1782
f 1818 1820 1730
f 1720 1719 1733
f 1821 1887 1888
f 1722 1889 1723
f 2896 1890 1762
f 1820 1891 1885
f 1721 1892 1673
f 1720 1733 1836
f 1719 1854 1886
f 2080 1893 1895
f 1936 1896 1898
f 1985 1899 1901
f 1986 1902 1904
f 3114 1905 1907
f 1935 1908 1910
f 2082 1911 1913
f 2085 1914 1916
f 2087 1917 1919
f 2933 1920 1922
f 1990 1923 1899
f 2079 1924 1926
f 2934 1927 1929
f 3115 1930 1932
f 11600 1933 1915
f 11601 1934 1910
f 2081 1936 1937
f 2089 1938 1940
f 3122 1941 1943
f 2028 1944 1942
f 1893 1945 1894
f 2077 1947 1897
f 1960 1948 1950
f 2017 1951 1953
f 2000 1954 1956
f 2066 1957 1959
f 2017 1960 1951
f 2014 1961 1963
f 2153 1964 1965
f 2013 1966 1968
f 11602 1969 1971
f 1981 1972 1974
f 11603 1975 1977
f 2011 1978 1980
f 2011 1981 1978
f 1974 1982 1978
f 1978 1983 1979
f 1895 1894 1985
f 3114 1907 1986
f 2082 1913 1917
f 2137 1987 1989
f 1894 1946 1899
f 2132 1991 1993
f 2128 1994 1996
f 1977 1976 1998
f 1974 1973 1982
f 1970 2000 1971
f 1968 1967 2002
f 1964 2003 1962
f 1961 2004 1962
f 2106 2005 2007
f 2107 2008 1958
f 1950 1949 1981
f 1954 2009 1955
f 1951 1950 2011
f 2105 2012 2013
f 1951 2011 1952
f 1957 2014 1958
f 2168 1948 2015
f 2169 2016 1953
f 2120 2018 2020
f 2033 2021 2023
f 1929 1928 2025
f 1930 2026 1931
f 2898 2027 2028
f 2899 2029 2031
f 2900 1932 2032
f 2031 2030 2033
f 1996 1995 2035
f 2059 2036 2038
f 2172 2039 2041
f 2057 2042 2044
f 2173 2045 2047
f 11604 2048 2050
f 2935 2051 2053
f 2074 2054 2056
f 1915 1914 2057
f 2061 2058 2059
f 2069 2060 2061
f 1946 2031 1990
f 2070 2057 2062
f 2137 2056 1987
f 2076 2063 2065
f 2174 2066 2067
f 2899 2031 1945
f 2015 1960 2016
f 2036 1985 2037
f 2096 2068 2019
f 1912 2069 1913
f 1919 1918 2038
f 11600 1915 2070
f 2046 2071 2047
f 2067 2073 2049
f 2044 2043 1936
f 1938 2065 1939
f 1920 2053 1921
f 1913 2061 1918
f 1937 1898 2026
f 2025 2024 1924
f 2033 2023 1990
f 2132 1993 2074
f 2078 2075 2076
f 2032 1931 2077
f 2898 2075 2027
f 1991 2035 1992
f 2935 2079 2051
f 2060 2080 2058
f 2058 1895 2036
f 2062 2044 2081
f 2098 1911 2083
f 2088 2084 1916
f 2100 2086 2087
f 2103 2088 1933
f 2083 2082 2086
f 2095 2089 2090
f 1989 1988 2092
f 2933 1922 2094
f 11604 2095 2048
f 2092 2091 2096
f 2094 2093 2071
f 2170 2097 2083
f 2102 2099 2088
f 2104 2086 2101
f 2171 2102 2103
f 2170 2083 2104
f 2041 2040 2105
f 1998 1997 2106
f 2003 2107 1963
f 1988 1987 2109
f 1992 2110 1993
f 1994 2112 1995
f 1998 2106 2115
f 11603 1977 2117
f 1977 1998 2116
f 2106 2007 2114
f 1995 2113 2034
f 2175 2120 2121
f 2054 2122 2055
f 2020 2068 2121
f 1987 2055 2108
f 2034 2119 1992
f 1993 2111 2054
f 1988 2109 2091
f 2068 2091 2124
f 2138 2126 1991
f 2129 2127 1996
f 2126 2129 2035
f 2142 2096 2130
f 2141 2131 1976
f 2942 2132 2133
f 2944 2134 2092
f 2005 2135 2006
f 2139 2137 2134
f 2942 2138 2132
f 2144 2056 2139
f 1997 2131 2005
f 1975 2140 1976
f 2944 2092 2142
f 2018 2143 2019
f 2133 2074 2144
f 2151 2145 2147
f 1982 2148 1983
f 2955 2150 2147
f 1982 1999 2148
f 2161 2153 2154
f 2002 2001 2156
f 2001 2157 2155
f 2004 2159 1965
f 2165 2160 2161
f 1983 2149 1984
f 2155 2158 2164
f 2163 2165 2164
f 2164 2161 2166
f 2164 2166 2155
f 2152 2167 2148
f 2167 2166 2159
f 2099 2168 2101
f 2104 2016 2170
f 2007 2006 2120
f 2102 2171 2172
f 2009 2045 2010
f 2097 2174 2049
f 2101 2015 2104
f 2008 2073 1959
f 2007 2120 2118
f 2006 2136 2018
f 2267 2176 2178
f 2219 2179 2181
f 2352 2182 2184
f 2268 2185 2187
f 3119 2188 2190
f 2902 2191 2193
f 2365 2194 2196
f 2216 2197 2199
f 2368 2200 2202
f 2376 2203 2205
f 2272 2206 2183
f 2363 2207 2209
f 2956 2210 2212
f 3116 2213 2215
f 2371 2216 2217
f 11605 2218 2192
f 2364 2219 2220
f 2373 2221 2223
f 11606 2224 2226
f 2310 2227 2225
f 2904 2228 2177
f 2905 2229 2180
f 2242 2230 2232
f 2299 2233 2235
f 2282 2236 2238
f 2348 2239 2241
f 2299 2242 2233
f 2296 2243 2245
f 2435 2246 2247
f 2295 2248 2250
f 2957 2251 2253
f 2263 2254 2256
f 11607 2257 2259
f 2293 2260 2262
f 2293 2263 2260
f 2260 2256 2265
f 2260 2265 2261
f 2182 2267 2183
f 3119 2190 2268
f 2196 2195 2200
f 2344 2269 2271
f 2228 2272 2178
f 2408 2273 2275
f 2410 2276 2278
f 2257 2279 2258
f 2256 2255 2264
f 2251 2282 2252
f 2250 2249 2284
f 2246 2285 2244
f 2243 2286 2244
f 2388 2287 2289
f 2389 2290 2240
f 2232 2231 2263
f 2236 2291 2237
f 2233 2232 2293
f 2387 2294 2295
f 2233 2293 2234
f 2239 2296 2240
f 2351 2297 2242
f 2449 2298 2235
f 2424 2300 2302
f 2315 2303 2305
f 2212 2211 2307
f 2213 2308 2214
f 2903 2309 2310
f 2350 2311 2313
f 2906 2215 2314
f 2313 2312 2305
f 2362 2278 2316
f 2355 2317 2319
f 2450 2320 2322
f 2338 2323 2325
f 2451 2326 2328
f 2358 2329 2331
f 2958 2332 2334
f 2421 2335 2337
f 2199 2198 2338
f 2317 2339 2318
f 2339 2341 2340
f 2228 2313 2272
f 11608 2338 2343
f 2421 2337 2344
f 2359 2345 2347
f 2452 2348 2349
f 2904 2350 2228
f 2298 2351 2299
f 2319 2318 2352
f 2300 2353 2301
f 2195 2194 2339
f 2202 2201 2355
f 11608 2217 2338
f 2326 2356 2327
f 2454 2358 2349
f 2325 2324 2219
f 2221 2359 2222
f 2203 2334 2204
f 2195 2339 2201
f 2220 2181 2308
f 2307 2306 2207
f 2305 2304 2272
f 2275 2274 2335
f 2345 2360 2346
f 2905 2314 2229
f 2903 2361 2309
f 2408 2362 2273
f 2958 2363 2332
f 2340 2342 2267
f 2318 2340 2182
f 2343 2325 2364
f 2381 2365 2366
f 2370 2367 2216
f 2372 2200 2369
f 2386 2370 2371
f 2366 2196 2372
f 2378 2373 2374
f 2379 2271 2375
f 2380 2376 2377
f 2329 2378 2330
f 2353 2379 2354
f 2356 2380 2357
f 2907 2381 2382
f 2385 2383 2370
f 2453 2384 2369
f 11609 2385 2386
f 2384 2382 2372
f 2321 2320 2387
f 2280 2279 2388
f 2285 2389 2245
f 2269 2390 2270
f 2273 2392 2274
f 2276 2394 2277
f 2280 2388 2397
f 2259 2258 2399
f 2258 2280 2398
f 2388 2289 2396
f 2277 2395 2316
f 2455 2302 2402
f 2337 2336 2404
f 2354 2405 2301
f 2337 2404 2269
f 2316 2401 2273
f 2274 2393 2336
f 2375 2270 2406
f 2375 2406 2354
f 2420 2407 2408
f 2411 2409 2278
f 2407 2411 2362
f 2423 2412 2300
f 2257 2413 2279
f 2425 2415 2335
f 2967 2416 2379
f 2287 2417 2288
f 2416 2419 2271
f 2415 2420 2275
f 2973 2421 2419
f 2279 2414 2287
f 11607 2422 2257
f 2967 2379 2412
f 2456 2423 2424
f 2973 2425 2421
f 2432 2426 2428
f 2265 2264 2430
f 2976 2431 2428
f 2264 2281 2429
f 2441 2434 2247
f 2284 2283 2437
f 2283 2438 2436
f 2247 2286 2441
f 2434 2442 2435
f 2265 2430 2266
f 2436 2439 2446
f 2445 2442 2446
f 2446 2434 2447
f 2446 2447 2436
f 2433 2448 2429
f 2440 2448 2441
f 2453 2383 2351
f 2382 2384 2449
f 2289 2288 2302
f 11609 2450 2385
f 2291 2451 2292
f 2907 2452 2331
f 2384 2453 2298
f 2290 2454 2241
f 2400 2289 2455
f 2288 2418 2424
f 2654 2457 2459
f 2501 2460 2462
f 2636 2463 2465
f 2910 2466 2468
f 2909 2469 2471
f 2499 2472 2474
f 2656 2475 2477
f 2497 2478 2480
f 2660 2481 2483
f 2667 2484 2486
f 2554 2487 2464
f 2653 2488 2490
f 2590 2491 2493
f 2592 2494 2496
f 2662 2497 2498
f 3131 2499 2500
f 2655 2501 2502
f 11610 2503 2505
f 2511 2506 2508
f 2508 2509 2511
f 2457 2512 2458
f 2651 2514 2461
f 2527 2515 2517
f 2582 2518 2520
f 2565 2521 2523
f 2632 2524 2526
f 2582 2527 2518
f 2580 2528 2530
f 2537 2531 2532
f 2578 2533 2535
f 2730 2536 2537
f 2547 2538 2540
f 2719 2541 2543
f 2579 2544 2546
f 2544 2547 2545
f 2545 2540 2549
f 2546 2545 2550
f 2459 2458 2463
f 2466 2471 2467
f 2477 2476 2481
f 2665 2551 2553
f 2513 2554 2458
f 2648 2555 2557
f 2600 2558 2560
f 11611 2561 2563
f 2540 2539 2548
f 2978 2565 2566
f 2535 2534 2568
f 2531 2569 2529
f 2528 2570 2529
f 2678 2571 2573
f 2679 2574 2525
f 2517 2516 2547
f 2521 2575 2522
f 2518 2517 2544
f 2677 2577 2578
f 2519 2518 2579
f 2524 2580 2525
f 2635 2581 2527
f 2739 2582 2583
f 2693 2584 2586
f 2599 2587 2589
f 2647 2590 2591
f 2646 2514 2592
f 2509 2593 2510
f 2634 2595 2597
f 2911 2495 2598
f 2596 2599 2597
f 2652 2600 2601
f 2639 2602 2604
f 2741 2605 2607
f 2623 2608 2610
f 2742 2611 2613
f 2643 2614 2616
f 2645 2617 2619
f 2628 2620 2622
f 2480 2479 2623
f 2626 2624 2602
f 2638 2625 2626
f 2597 2589 2513
f 2640 2623 2627
f 2551 2628 2552
f 2644 2629 2631
f 2743 2632 2633
f 2512 2634 2513
f 2739 2635 2582
f 2604 2603 2636
f 2702 2637 2585
f 2475 2638 2476
f 2483 2482 2639
f 2498 2480 2640
f 2611 2641 2612
f 2745 2643 2633
f 2610 2609 2501
f 2503 2644 2504
f 2484 2645 2485
f 2476 2626 2482
f 2502 2462 2646
f 2488 2647 2489
f 2589 2588 2554
f 2620 2648 2621
f 2629 2649 2630
f 2598 2494 2651
f 2593 2650 2594
f 2555 2652 2556
f 2617 2653 2618
f 2625 2654 2624
f 2624 2459 2603
f 2627 2610 2655
f 2671 2656 2657
f 2661 2658 2497
f 2675 2659 2660
f 2676 2661 2662
f 2657 2477 2659
f 11610 2505 2664
f 2669 2665 2666
f 2670 2667 2668
f 2664 2663 2614
f 2702 2669 2637
f 2641 2670 2642
f 2912 2671 2672
f 2738 2658 2673
f 2744 2674 2675
f 2740 2673 2676
f 2672 2657 2674
f 2607 2606 2677
f 2562 2571 2563
f 2569 2679 2530
f 2552 2680 2553
f 2557 2556 2683
f 2560 2559 2685
f 2563 2678 2687
f 2719 2543 2689
f 11611 2563 2690
f 2678 2573 2686
f 2601 2560 2692
f 2746 2693 2694
f 2622 2621 2696
f 2637 2697 2586
f 2552 2622 2680
f 2556 2601 2682
f 2621 2557 2695
f 2666 2553 2698
f 2666 2698 2637
f 2711 2699 2555
f 2701 2700 2600
f 2699 2701 2652
f 2979 2702 2703
f 2561 2704 2562
f 2717 2706 2620
f 2715 2707 2669
f 2571 2708 2572
f 2707 2710 2665
f 2706 2711 2648
f 2710 2712 2551
f 2562 2705 2571
f 2541 2713 2542
f 2979 2715 2702
f 2584 2716 2585
f 2712 2717 2628
f 2723 2718 2719
f 2549 2548 2721
f 2689 2722 2719
f 2548 2564 2720
f 2731 2537 2725
f 2567 2726 2568
f 2713 2728 2567
f 2570 2729 2532
f 2735 2730 2731
f 2550 2549 2732
f 2726 2728 2734
f 2733 2735 2734
f 2734 2731 2736
f 2726 2734 2727
f 2724 2737 2720
f 2737 2736 2729
f 2744 2738 2635
f 2674 2739 2672
f 2573 2572 2693
f 2673 2740 2741
f 2575 2742 2576
f 2912 2743 2616
f 2674 2744 2739
f 2574 2745 2526
f 2573 2693 2691
f 2572 2709 2584
f 2838 2747 2749
f 2759 2750 2752
f 2750 2753 2751
f 2847 2755 2757
f 2834 2758 2752
f 2844 2760 2747
f 2773 2762 2764
f 2814 2765 2767
f 2802 2768 2770
f 2767 2766 2772
f 2814 2773 2765
f 2791 2774 2776
f 2877 2777 2778
f 2785 2779 2781
f 11612 2782 2784
f 2792 2785 2786
f 2858 2787 2789
f 2811 2790 2791
f 2811 2792 2790
f 2790 2786 2794
f 2790 2794 2774
f 2749 2748 2753
f 2862 2796 2798
f 2789 2788 2800
f 2786 2781 2793
f 2782 2802 2783
f 2781 2780 2801
f 2777 2804 2775
f 2774 2795 2775
f 2856 2805 2807
f 2857 2808 2771
f 2764 2763 2792
f 2768 2809 2769
f 2765 2764 2811
f 2763 2812 2785
f 2765 2811 2766
f 2766 2791 2771
f 2829 2813 2773
f 2886 2814 2815
f 2869 2816 2818
f 2887 2819 2813
f 2888 2820 2822
f 2837 2823 2825
f 2752 2751 2827
f 2815 2767 2828
f 2886 2829 2814
f 2816 2830 2817
f 2747 2761 2748
f 2754 2833 2751
f 3434 2834 2827
f 2821 2835 2822
f 2889 2837 2828
f 2754 2748 2833
f 2824 2838 2839
f 2843 2840 2759
f 2840 2841 2750
f 2758 2842 2759
f 2839 2749 2841
f 2849 2844 2838
f 2862 2798 2846
f 2850 2847 2848
f 2823 2849 2824
f 2830 2846 2831
f 2835 2850 2836
f 2825 2824 2851
f 2855 2852 2843
f 2852 2853 2840
f 2842 2854 2843
f 2853 2851 2841
f 2762 2819 2763
f 2800 2799 2856
f 2804 2857 2776
f 2797 2755 2798
f 2800 2856 2802
f 11612 2858 2782
f 2789 2800 2782
f 2768 2856 2809
f 2820 2818 2821
f 2831 2835 2817
f 2845 2798 2850
f 2845 2850 2831
f 2868 2859 2816
f 2788 2860 2799
f 11613 2862 2863
f 2805 2864 2806
f 11613 2866 2862
f 2799 2861 2805
f 2787 2867 2788
f 2859 2863 2830
f 2890 2868 2869
f 2880 2870 2872
f 2794 2793 2874
f 2882 2875 2871
f 2801 2876 2793
f 2883 2877 2878
f 2803 2879 2801
f 2870 2880 2803
f 2795 2881 2778
f 2875 2882 2883
f 2794 2874 2795
f 2879 2880 2884
f 2872 2875 2884
f 2884 2883 2885
f 2884 2885 2879
f 2876 2885 2873
f 2874 2885 2881
f 2852 2855 2829
f 2853 2886 2851
f 2806 2869 2807
f 2854 2887 2855
f 2810 2809 2888
f 2851 2815 2825
f 2853 2852 2886
f 2808 2889 2772
f 2809 2807 2820
f 2865 2890 2806
f 1777 1795 1799
f 1610 1783 1611
f 1655 2891 2892
f 1618 1617 2893
f 1810 1654 1801
f 1804 1633 1628
f 1795 2894 1607
f 1638 2895 1615
f 1662 1753 1663
f 1667 1666 1779
f 1694 1693 1727
f 1686 1726 1687
f 1687 1682 1712
f 1693 1698 1675
f 1663 1823 1686
f 1666 1694 1671
f 1728 1888 1662
f 1740 1656 1781
f 1736 1735 1796
f 1750 1749 1754
f 1632 1750 1628
f 1653 1778 1785
f 1730 1667 1890
f 2894 1740 1659
f 1654 1653 1625
f 1755 1749 1610
f 1638 1736 2895
f 1778 1777 1772
f 1761 1810 1817
f 1805 1633 1803
f 1762 1761 2896
f 1891 1805 1819
f 1712 1715 1869
f 1698 1879 1717
f 1883 1884 1873
f 1866 1884 1879
f 1819 1821 1728
f 1818 1730 2896
f 2080 2063 1893
f 1901 1900 1896
f 1941 2897 1905
f 1904 1903 1908
f 1911 2090 1912
f 2085 2087 1914
f 2075 2898 1893
f 1900 1923 1897
f 1948 2041 1949
f 1953 1952 2066
f 1980 1979 2014
f 1972 2013 1973
f 1973 1968 1999
f 1979 1984 1961
f 1949 2105 1972
f 1952 1980 1957
f 2168 2172 1948
f 1942 2029 2028
f 2022 2900 2023
f 2042 2038 2043
f 1914 1919 2042
f 1939 2064 2069
f 2174 2169 2066
f 2028 2899 2898
f 1940 1939 1912
f 2037 1901 2043
f 2023 2032 1923
f 2060 2064 2080
f 2098 2048 1911
f 2084 2100 2085
f 2097 2049 2098
f 2099 2101 2084
f 1999 2002 2152
f 1984 2162 2004
f 2166 2167 2156
f 2149 2167 2162
f 2102 2172 2099
f 2097 2170 2174
f 2346 2361 2176
f 2179 2352 2180
f 2224 2901 2188
f 2187 2186 2902
f 2374 2223 2365
f 2197 2368 2198
f 2361 2903 2177
f 2206 2905 2184
f 2230 2321 2231
f 2235 2234 2348
f 2262 2261 2296
f 2254 2295 2255
f 2255 2250 2281
f 2261 2266 2243
f 2231 2387 2254
f 2234 2262 2239
f 2297 2322 2230
f 2310 2225 2350
f 2303 2906 2304
f 2323 2355 2324
f 2198 2202 2323
f 2222 2347 2341
f 2449 2235 2452
f 2903 2310 2904
f 2223 2222 2194
f 2324 2319 2179
f 2304 2314 2206
f 2347 2346 2342
f 2330 2374 2381
f 2367 2369 2197
f 2331 2330 2907
f 2453 2369 2383
f 2281 2284 2433
f 2266 2444 2286
f 2447 2448 2437
f 2430 2448 2444
f 2383 2385 2297
f 2907 2382 2452
f 2630 2650 2654
f 2460 2636 2461
f 2507 2908 2909
f 2472 2910 2473
f 2663 2505 2656
f 2478 2660 2479
f 2650 2593 2457
f 2487 2651 2465
f 2515 2607 2516
f 2520 2519 2632
f 2579 2546 2580
f 2538 2578 2539
f 2539 2535 2564
f 2546 2550 2528
f 2516 2677 2538
f 2519 2579 2524
f 2581 2741 2515
f 2509 2508 2634
f 2587 2911 2588
f 2608 2639 2609
f 2479 2483 2608
f 2504 2631 2638
f 2583 2520 2743
f 2593 2509 2512
f 2505 2504 2475
f 2609 2604 2460
f 2588 2598 2487
f 2631 2630 2625
f 2615 2663 2671
f 2658 2675 2478
f 2616 2615 2912
f 2738 2744 2658
f 2564 2568 2724
f 2550 2732 2570
f 2727 2736 2724
f 2721 2737 2732
f 2738 2673 2581
f 2672 2583 2912
f 1827 1826 2913
f 1828 1639 1829
f 1830 2914 1831
f 1833 1832 1713
f 1835 1834 2915
f 1834 1833 1683
f 1832 1836 1668
f 1831 1644 1837
f 1839 1838 1889
f 1841 1840 1791
f 1838 1842 1757
f 1826 1841 1634
f 1837 1738 1828
f 1840 1829 1763
f 1827 2913 1843
f 1842 1843 1787
f 11614 1847 2916
f 2919 2917 2918
f 11614 2919 1847
f 11615 1859 2920
f 1849 2921 1850
f 2928 1856 2923
f 11616 1855 2924
f 1853 2925 1854
f 11616 2927 1855
f 2916 1844 2928
f 2931 1861 2927
f 1850 2922 1853
f 1858 2929 1849
f 11615 2924 1859
f 1860 2930 1848
f 2923 1851 2931
f 1874 1863 1875
f 1867 2932 1882
f 1875 1862 1880
f 1868 1867 1880
f 1836 1839 1722
f 1854 2926 1860
f 2109 2108 2933
f 2111 2110 2079
f 2112 2934 2113
f 2115 2114 2000
f 2117 2116 1969
f 2116 2115 1970
f 2114 2118 1954
f 2113 1929 2119
f 2175 2121 2045
f 2123 2122 2053
f 2121 2124 2046
f 2108 2123 1920
f 2119 2025 2110
f 2111 2079 2122
f 2109 2933 2125
f 2124 2125 2071
f 11617 2936 2138
f 2938 2937 2129
f 2936 2938 2126
f 2952 2142 2939
f 2141 2940 2131
f 2949 2942 2943
f 2948 2134 2945
f 2135 2946 2136
f 2950 2139 2948
f 11617 2138 2949
f 2954 2144 2950
f 2131 2941 2135
f 2140 2951 2141
f 2945 2944 2952
f 2143 2953 2130
f 2943 2133 2954
f 2157 2146 2158
f 2150 2955 2165
f 2158 2145 2163
f 2151 2150 2163
f 2118 2175 2009
f 2136 2947 2143
f 2390 2203 2391
f 2392 2207 2393
f 2394 2956 2395
f 2397 2396 2282
f 2399 2398 2957
f 2398 2397 2251
f 2396 2400 2236
f 2395 2212 2401
f 2451 2455 2326
f 2403 2958 2404
f 2405 2356 2402
f 2390 2404 2203
f 2401 2307 2392
f 2393 2363 2403
f 2391 2376 2406
f 2406 2380 2405
f 2971 2959 2420
f 2961 2960 2411
f 2959 2961 2407
f 2975 2412 2962
f 2413 2963 2414
f 11618 2415 2965
f 11619 2966 2967
f 2417 2968 2418
f 2966 2970 2416
f 11618 2971 2415
f 2970 2972 2419
f 2414 2964 2417
f 2422 2974 2413
f 11619 2967 2975
f 2977 2962 2456
f 2972 2965 2973
f 2438 2427 2439
f 2442 2431 2443
f 2439 2426 2445
f 2432 2431 2445
f 2291 2400 2451
f 2418 2969 2456
f 2680 2484 2681
f 2683 2682 2653
f 2685 2684 2590
f 2687 2686 2565
f 2689 2688 2730
f 2690 2687 2978
f 2686 2691 2521
f 2692 2685 2647
f 2746 2694 2742
f 2696 2695 2645
f 2697 2641 2694
f 2680 2696 2484
f 2682 2692 2488
f 2683 2653 2695
f 2698 2681 2670
f 2697 2698 2641
f 2646 2592 2711
f 3131 2700 2496
f 2592 2496 2699
f 2676 2979 2740
f 2704 2534 2705
f 2655 2502 2717
f 2662 2498 2715
f 2708 2577 2709
f 2498 2640 2707
f 2502 2646 2706
f 2627 2712 2640
f 2705 2533 2708
f 2713 2567 2714
f 2662 2715 2676
f 2716 2605 2703
f 2627 2655 2712
f 2713 2541 2728
f 2735 2722 2730
f 2728 2718 2733
f 2723 2722 2733
f 2691 2746 2575
f 2709 2606 2716
f 2185 2980 2186
f 3113 2982 2984
f 3418 2985 2470
f 2998 2986 2987
f 1619 2988 1620
f 3006 2990 2992
f 2467 2985 2468
f 2993 2994 2468
f 3125 2995 2997
f 3125 2986 2995
f 3013 2999 3001
f 2988 1619 3002
f 2983 3003 2984
f 3014 1902 3005
f 3020 3006 3007
f 2996 3008 2997
f 3107 2991 3010
f 3001 3011 3013
f 1902 3014 1903
f 3022 1616 2989
f 3731 3002 3016
f 3017 2987 2474
f 2474 2473 3017
f 3007 3018 3020
f 2980 2185 3021
f 1616 3022 1617
f 3723 3024 3001
f 3726 3025 3027
f 3727 3028 2996
f 3537 3029 3031
f 3726 3032 2983
f 3723 3033 3035
f 3725 3036 3038
f 3052 3039 3040
f 3034 3041 3043
f 3425 2191 2981
f 3039 3044 3037
f 3044 3039 3046
f 3027 3026 3048
f 3409 3049 3051
f 3048 3052 3027
f 2189 3053 2190
f 3043 3054 3056
f 3059 3057 3048
f 3043 3056 3034
f 3048 3047 3059
f 3066 3060 3062
f 3078 3063 3065
f 3424 3060 3067
f 3065 3064 3069
f 3075 3070 3068
f 3737 3071 3073
f 3539 3074 3075
f 3072 3076 3073
f 3063 3078 3080
f 3090 3081 3083
f 3096 3084 3086
f 3552 3087 3089
f 3550 3090 3091
f 3079 3092 3094
f 1909 1903 3095
f 3552 3096 3097
f 3087 3098 3088
f 3081 3084 3082
f 3543 3065 3101
f 3410 3094 3102
f 3060 3103 3061
f 3080 3079 3105
f 3061 3104 3074
f 1734 1699 1735
f 1741 2892 1742
f 1744 2893 1647
f 2991 3107 2914
f 1649 3108 1624
f 3016 2891 3109
f 1742 1621 1734
f 3018 3007 1846
f 3007 2992 1707
f 1845 3110 1846
f 1656 1655 1741
f 1735 1618 1744
f 2992 2991 1830
f 2917 3111 1845
f 2127 3112 2128
f 2029 1905 2030
f 1932 2900 1935
f 1934 3115 1935
f 2218 3116 2193
f 3120 3117 2934
f 2409 3118 2410
f 3013 3012 2276
f 3113 2984 2128
f 2312 3119 2315
f 3004 3120 2112
f 2900 2022 1908
f 2906 2902 2215
f 2029 1942 1905
f 2311 2188 2312
f 2937 3121 2127
f 1994 2984 2112
f 2559 2997 2684
f 2030 3114 2021
f 11620 2897 3122
f 3012 3123 2394
f 2021 1986 2022
f 2960 3124 2409
f 2558 3125 2559
f 3123 3126 2956
f 2587 2599 2910
f 3129 3127 2491
f 2595 2909 2596
f 2906 2303 2902
f 11606 3128 2224
f 2315 2268 2303
f 2311 2225 2188
f 2999 3013 2410
f 2911 2587 2472
f 2599 2596 2466
f 2684 3009 2491
f 2700 2986 2558
f 2508 2507 2595
f 3131 2500 2700
f 2506 3130 2507
f 2495 2911 2499
f 2496 2495 3131
f 3140 3132 1589
f 3148 1606 3133
f 3157 3134 1592
f 3133 1591 3135
f 1595 1594 3137
f 1596 3138 1597
f 3135 1593 3139
f 1589 1595 3140
f 3152 3141 3142
f 3134 3143 1600
f 1602 1601 3144
f 3142 1599 3145
f 3157 1592 3146
f 1605 1602 3147
f 3132 3145 1590
f 3146 1604 3148
f 3165 3135 3149
f 3140 3137 3151
f 3168 3152 3153
f 3155 3143 3154
f 3144 3143 3156
f 3160 3153 3145
f 3164 3157 3158
f 3147 3144 3159
f 3162 3160 3132
f 3158 3146 3161
f 3151 3162 3140
f 3161 3148 3163
f 3154 3134 3164
f 3163 3133 3165
f 3137 3136 3150
f 3138 3167 3139
f 3201 3168 3169
f 3171 3155 3170
f 3156 3155 3172
f 3175 3169 3160
f 3179 3164 3173
f 3159 3156 3174
f 3177 3175 3162
f 3173 3158 3176
f 3185 3177 3151
f 3176 3161 3178
f 3170 3154 3179
f 3178 3163 3180
f 3150 3166 3182
f 3167 3183 3149
f 3180 3165 3184
f 3151 3150 3185
f 3190 3186 3175
f 3194 3179 3187
f 3174 3172 3189
f 3192 3190 3177
f 3187 3173 3191
f 3200 3192 3185
f 3191 3176 3193
f 3206 3170 3194
f 3193 3178 3195
f 3182 3181 3197
f 3183 3198 3184
f 3195 3180 3199
f 3185 3182 3200
f 3203 3201 3186
f 3206 3202 3170
f 3172 3171 3188
f 3237 3203 3204
f 3214 3205 3206
f 3188 3202 3207
f 3210 3204 3190
f 3222 3194 3208
f 3189 3188 3209
f 3212 3210 3192
f 3208 3187 3211
f 3220 3212 3200
f 3211 3191 3213
f 3222 3214 3194
f 3213 3193 3215
f 3197 3196 3217
f 3198 3218 3199
f 3215 3195 3219
f 3200 3197 3220
f 3226 3221 3210
f 3244 3222 3223
f 3209 3207 3225
f 3228 3226 3212
f 3223 3208 3227
f 3236 3228 3220
f 3227 3211 3229
f 3244 3230 3222
f 3229 3213 3231
f 3217 3216 3233
f 3218 3234 3219
f 3231 3215 3235
f 3220 3217 3236
f 3251 3237 3221
f 3230 3238 3214
f 3207 3205 3224
f 3241 3239 3228
f 3242 3240 3227
f 3250 3241 3236
f 3258 3242 3229
f 3255 3243 3244
f 3258 3229 3245
f 3233 3232 3247
f 3234 3248 3235
f 3245 3231 3249
f 3236 3233 3250
f 3267 3251 3252
f 3243 3253 3230
f 3224 3238 3254
f 3239 3252 3226
f 3240 3255 3223
f 3225 3224 3256
f 3266 3257 3250
f 3274 3242 3259
f 3271 3260 3255
f 3259 3258 3261
f 3247 3246 3263
f 3248 3264 3249
f 3261 3245 3265
f 3250 3247 3266
f 3282 3267 3268
f 3260 3269 3243
f 3254 3253 3270
f 3273 3268 3239
f 3288 3271 3240
f 3256 3254 3272
f 3257 3273 3241
f 3288 3240 3274
f 3287 3275 3271
f 3292 3259 3276
f 3263 3262 3278
f 3264 3279 3265
f 3276 3261 3280
f 3266 3263 3281
f 3297 3282 3283
f 3275 3284 3260
f 3270 3269 3285
f 3283 3268 3286
f 3302 3287 3288
f 3272 3270 3289
f 3291 3286 3257
f 3302 3288 3290
f 3281 3291 3266
f 3290 3274 3292
f 3279 3293 3280
f 3309 3276 3294
f 3281 3278 3296
f 3311 3297 3298
f 3308 3299 3275
f 3285 3284 3300
f 3298 3283 3301
f 3316 3287 3303
f 3289 3285 3304
f 3306 3301 3291
f 3303 3302 3305
f 3296 3306 3281
f 3305 3290 3307
f 3316 3308 3287
f 3307 3292 3309
f 3278 3277 3295
f 3344 3311 3312
f 3322 3313 3308
f 3300 3299 3314
f 3312 3298 3315
f 3330 3316 3317
f 3304 3300 3318
f 3315 3301 3319
f 3317 3303 3320
f 3328 3319 3296
f 3320 3305 3321
f 3330 3322 3316
f 3321 3307 3323
f 3295 3310 3325
f 3293 3326 3294
f 3323 3309 3327
f 3296 3295 3328
f 3345 3312 3329
f 3352 3330 3331
f 3318 3314 3333
f 3329 3315 3334
f 3331 3317 3335
f 3343 3334 3328
f 3335 3320 3336
f 3352 3337 3330
f 3336 3321 3338
f 3325 3324 3340
f 3326 3341 3327
f 3338 3323 3342
f 3328 3325 3343
f 3359 3344 3345
f 3337 3346 3322
f 3314 3313 3332
f 3349 3347 3334
f 3363 3331 3348
f 3358 3349 3343
f 3348 3335 3350
f 3368 3351 3352
f 3350 3336 3353
f 3340 3339 3355
f 3341 3356 3342
f 3353 3338 3357
f 3343 3340 3358
f 3375 3359 3360
f 3351 3361 3337
f 3332 3346 3362
f 3360 3345 3347
f 3368 3352 3363
f 3333 3332 3364
f 3374 3365 3358
f 3369 3366 3350
f 3383 3367 3368
f 3385 3369 3353
f 3355 3354 3371
f 3357 3356 3373
f 3385 3353 3373
f 3358 3355 3374
f 3395 3375 3376
f 3367 3377 3351
f 3362 3361 3378
f 3376 3360 3379
f 3383 3368 3380
f 3364 3362 3381
f 3365 3379 3349
f 3380 3363 3366
f 3400 3382 3383
f 3392 3384 3385
f 3393 3386 3388
f 3821 3389 3391
f 3391 3392 3373
f 3822 3393 3394
f 3823 3395 3396
f 3382 3397 3367
f 3401 3397 3399
f 3403 3396 3379
f 3404 3400 3380
f 3699 3401 3402
f 3405 3403 3365
f 3406 3404 3366
f 3822 3405 3374
f 3384 3406 3369
f 3074 3106 3070
f 3078 3408 3079
f 3049 3409 3102
f 3543 3408 3065
f 3407 3411 3101
f 3408 3413 3092
f 3070 3407 3069
f 3423 3415 2985
f 1906 3416 1907
f 1622 1617 3417
f 1622 1906 1623
f 1622 3417 1906
f 3423 2985 3419
f 3104 3419 3420
f 1909 2189 1910
f 3411 3407 3421
f 2189 1909 3053
f 3425 3106 3420
f 3103 3422 3423
f 3060 3424 3103
f 2469 3420 2470
f 2191 3425 2469
f 2191 2469 2192
f 3423 3419 3103
f 3536 3426 3055
f 3430 3427 3429
f 3834 3430 3431
f 2761 2760 3433
f 3447 3434 3435
f 3438 3436 2797
f 2796 3437 2797
f 3440 2826 3439
f 3435 2827 3440
f 3437 2796 3441
f 3439 2833 3442
f 2756 2755 3443
f 3442 2832 3433
f 3454 3439 3444
f 3450 3444 3433
f 3443 3436 3446
f 3461 3447 3448
f 3433 3432 3450
f 3452 3445 3438
f 3437 3451 3438
f 3451 3437 3453
f 3455 3440 3454
f 3448 3435 3455
f 3457 3456 3454
f 3462 3448 3456
f 3458 3457 3444
f 3464 3458 3450
f 3446 3445 3460
f 3476 3461 3462
f 3450 3449 3464
f 3459 3445 3465
f 3452 3451 3465
f 3470 3466 3453
f 3469 3467 3465
f 3466 3468 3465
f 3486 3468 3470
f 3488 3471 3457
f 3471 3472 3456
f 3488 3457 3473
f 3473 3458 3474
f 3460 3459 3475
f 3481 3476 3472
f 3463 3477 3464
f 3467 3478 3475
f 3489 3480 3472
f 3477 3482 3474
f 3478 3467 3484
f 3469 3468 3484
f 3500 3485 3486
f 3491 3487 3488
f 3487 3489 3471
f 3491 3488 3490
f 3490 3473 3483
f 3562 3491 3492
f 3492 3490 3493
f 3479 3478 3495
f 3502 3496 3489
f 3482 3497 3483
f 3499 3494 3484
f 3484 3485 3499
f 3557 3498 3500
f 3562 3501 3491
f 3501 3502 3487
f 3505 3503 3493
f 3497 3504 3493
f 3531 3506 3508
f 3508 3507 3510
f 3804 3511 3513
f 3506 3514 3507
f 3515 3514 3517
f 3517 3516 3519
f 3565 3520 3522
f 3519 3518 3524
f 3524 3523 3526
f 3529 3527 3526
f 3741 3529 3525
f 11620 3530 2897
f 11601 1910 3128
f 3120 3110 3117
f 3110 3120 3018
f 3018 3004 3019
f 3032 3036 3003
f 3046 3045 3532
f 3039 3052 3045
f 3494 3533 3495
f 3123 3112 3126
f 3112 3123 3113
f 11605 2192 3130
f 3129 3118 3127
f 3118 3129 2999
f 2999 3009 3000
f 3028 3033 3008
f 3426 3047 3535
f 3426 3536 3047
f 3035 3056 3535
f 3025 3024 3026
f 2982 3113 3011
f 3041 3537 3042
f 3076 3098 3077
f 3074 3539 3061
f 3102 3093 3541
f 3102 3541 3049
f 3408 3543 3413
f 3424 3030 3422
f 3499 3545 3494
f 3072 3546 3076
f 3549 3548 3090
f 3547 3099 3076
f 3551 3538 3087
f 3566 3549 3550
f 3553 3100 3096
f 3097 3551 3552
f 3548 3085 3081
f 3089 3553 3552
f 3042 3031 3555
f 3556 3524 3528
f 3043 3042 3054
f 3762 3519 3556
f 3559 3545 3498
f 3498 3557 3559
f 3561 3560 3502
f 3564 3561 3501
f 3501 3562 3564
f 3550 3565 3566
f 3742 3567 3569
f 3742 3570 3567
f 3067 3572 3424
f 3520 3573 3521
f 3834 3575 3577
f 3575 3578 3576
f 3578 3580 3579
f 3580 3582 3581
f 3582 3584 3583
f 3830 3386 3586
f 3354 3587 3370
f 3324 3588 3339
f 1506 3590 934
f 934 3591 933
f 933 3592 931
f 3593 3594 931
f 3594 3595 932
f 3595 3596 1095
f 928 3596 929
f 924 3598 925
f 1037 3598 792
f 909 3601 910
f 793 3601 3603
f 1091 3604 908
f 328 3605 329
f 279 3606 264
f 391 3607 722
f 367 3609 391
f 419 3610 366
f 418 3612 419
f 431 3613 418
f 496 3613 415
f 3615 3614 423
f 11621 3615 422
f 3667 3616 543
f 3667 3617 550
f 561 3618 562
f 579 3619 561
f 3619 3620 572
f 3620 3621 599
f 3622 3621 656
f 3668 3622 671
f 3668 3623 648
f 688 3623 705
f 705 3624 3626
f 3670 3625 3627
f 3671 3628 704
f 687 3628 679
f 673 3630 682
f 680 3630 647
f 3632 3631 637
f 3672 3632 586
f 3672 3633 622
f 3633 3634 598
f 3636 3634 563
f 546 3635 563
f 512 3635 513
f 427 3638 3640
f 426 3641 427
f 497 3642 426
f 3642 3643 411
f 3673 3643 424
f 3673 3644 408
f 4320 3645 428
f 3645 3647 3646
f 3649 3648 279
f 3648 3649 3650
f 1560 3651 1561
f 1588 3653 1547
f 1579 3653 1594
f 3654 3655 1594
f 3585 3584 3657
f 3657 3656 3659
f 3590 3660 3591
f 3591 918 3592
f 3592 917 3593
f 920 782 3593
f 782 781 3594
f 781 913 3595
f 3596 913 3597
f 3598 1037 3599
f 3598 924 3600
f 3601 793 3600
f 3601 909 3602
f 286 3661 331
f 3664 3663 332
f 3663 3664 3665
f 721 720 3607
f 3609 429 3607
f 3610 409 3611
f 410 409 3612
f 3613 496 3612
f 431 434 3613
f 3615 417 3614
f 11621 3666 3615
f 3667 550 3616
f 543 562 3667
f 3618 553 3617
f 572 553 3619
f 3619 579 3620
f 608 635 3620
f 627 623 3622
f 648 627 3668
f 671 670 3668
f 670 694 3623
f 3624 694 3625
f 11622 3669 3670
f 700 699 3671
f 3628 699 3629
f 3630 680 3629
f 3630 673 3631
f 626 647 3632
f 622 626 3672
f 586 580 3672
f 580 564 3633
f 549 571 3636
f 3635 512 3636
f 3635 546 3637
f 413 416 3638
f 414 413 3641
f 411 414 3642
f 497 425 3642
f 408 412 3673
f 424 394 3673
f 4320 359 3645
f 3645 358 3647
f 4052 3665 336
f 4116 3675 3677
f 3677 3676 3679
f 3679 3678 3681
f 4110 3682 3684
f 3684 3683 3686
f 3686 3685 3688
f 3687 3689 3688
f 3689 3691 3690
f 3691 3693 3692
f 3651 3695 3652
f 3653 1579 3652
f 3653 1588 3654
f 1605 3147 3654
f 3548 3549 3577
f 3085 3548 3576
f 3576 3579 3085
f 3579 3581 3086
f 3551 3097 3583
f 3587 3354 3589
f 3538 3551 3585
f 3538 3585 3077
f 3722 3697 3698
f 3830 3699 3700
f 3587 3364 3586
f 1563 3701 3703
f 1581 1563 3704
f 1596 1581 3705
f 3138 1596 3706
f 3167 3138 3707
f 3183 3167 3708
f 3198 3183 3709
f 3218 3198 3710
f 3234 3218 3711
f 3248 3234 3712
f 3264 3248 3713
f 3279 3264 3714
f 3293 3279 3715
f 3326 3293 3716
f 3341 3326 3717
f 3356 3341 3718
f 3372 3356 3719
f 3821 3372 3720
f 11623 3721 3722
f 3073 3077 3659
f 2981 3421 3425
f 3035 3535 3723
f 3038 3724 3725
f 2980 3411 2981
f 3411 2980 3412
f 2983 2982 3726
f 3101 3412 3053
f 3537 3041 3727
f 2990 3006 3725
f 3101 3053 3543
f 3015 3544 3095
f 3413 3544 3014
f 3413 3014 3414
f 3027 3040 3726
f 3001 3000 3723
f 3727 2998 3537
f 3092 3414 3416
f 3020 3019 3725
f 3092 3416 3093
f 3023 3540 3417
f 3541 3540 3022
f 2998 3727 2995
f 3541 3022 3542
f 3049 3542 2988
f 3049 2988 3050
f 3772 3051 3728
f 3771 3724 3730
f 2987 3017 3537
f 3422 3029 2994
f 3422 2994 3415
f 3002 3731 3050
f 3040 3037 3032
f 3041 3034 3028
f 2982 3011 3025
f 3563 3562 3503
f 3561 3732 3560
f 3564 3734 3561
f 3094 3410 3105
f 3565 3550 3736
f 3738 3737 3659
f 3520 3734 3563
f 3737 3738 3568
f 3740 3735 3409
f 3735 3740 3091
f 3734 3736 3732
f 3740 3409 3732
f 3105 3735 3083
f 3080 3105 3082
f 3529 3741 3742
f 3529 3742 3527
f 3747 3743 3745
f 3748 3746 3747
f 3750 3746 3749
f 3752 3750 3751
f 3754 3752 3753
f 3574 3754 3755
f 3521 3574 3756
f 3522 3521 3757
f 3743 3758 3744
f 3512 3574 3513
f 3746 3760 3743
f 11624 3759 3761
f 11625 3517 3762
f 11625 3763 3517
f 3760 3764 3758
f 3764 3760 3766
f 3766 3765 3768
f 3767 3769 3768
f 3750 3765 3746
f 3767 3765 3752
f 3752 3754 3767
f 3507 3515 3509
f 3511 3770 3512
f 3512 3769 3574
f 3031 3030 3554
f 3100 3063 3082
f 3063 3100 3064
f 3064 3553 3068
f 3088 3075 3089
f 3099 3539 3088
f 3547 3062 3099
f 3546 3066 3547
f 3554 3572 3570
f 3570 3741 3554
f 3525 3054 3741
f 3054 3525 3055
f 3518 3536 3523
f 3536 3518 3058
f 3058 3516 3059
f 3057 3059 3506
f 3506 3531 3057
f 3724 3771 2990
f 3729 3044 3730
f 3724 3038 3729
f 3732 3051 3733
f 3703 3702 3774
f 3704 3703 3775
f 3705 3704 3776
f 3568 3567 3737
f 3706 3705 3777
f 3707 3706 3778
f 3708 3707 3779
f 3709 3708 3780
f 3710 3709 3781
f 3711 3710 3782
f 3712 3711 3783
f 3713 3712 3784
f 3714 3713 3785
f 3715 3714 3786
f 3716 3715 3787
f 3717 3716 3788
f 3718 3717 3789
f 3719 3718 3790
f 3720 3719 3791
f 3566 3522 3792
f 3549 3566 3696
f 3572 3067 3571
f 3567 3571 3071
f 3546 3793 3066
f 3071 3793 3072
f 3277 3794 3310
f 3289 3794 3272
f 3246 3797 3262
f 3256 3797 3225
f 3216 3799 3232
f 3196 3800 3216
f 3181 3801 3196
f 3166 3802 3181
f 3794 3289 3795
f 3794 3277 3796
f 3797 3256 3796
f 3797 3246 3798
f 3799 3209 3798
f 3800 3189 3799
f 3801 3174 3800
f 3802 3159 3801
f 3310 3795 3324
f 3364 3587 3333
f 3136 3655 3166
f 3795 3304 3588
f 3655 3147 3802
f 3588 3318 3589
f 3736 3734 3565
f 3559 3558 3532
f 3532 3531 3559
f 3545 3531 3533
f 3533 3508 3534
f 3504 3804 3505
f 3513 3573 3505
f 3503 3573 3563
f 3818 3805 3807
f 3805 3808 3806
f 3808 3810 3809
f 3812 3810 3751
f 3813 3812 3749
f 3815 3813 3748
f 3747 3814 3748
f 3838 3814 3817
f 3427 3818 3428
f 3825 3819 3400
f 11626 3820 3392
f 3371 3370 3393
f 3372 3821 3373
f 11626 3392 3390
f 3374 3371 3822
f 11627 3823 3824
f 3819 3398 3382
f 3378 3377 3401
f 3826 3824 3403
f 3827 3825 3404
f 3381 3378 3699
f 3828 3826 3405
f 3829 3827 3406
f 3394 3828 3822
f 3820 3829 3384
f 3700 3387 3830
f 3586 3381 3830
f 3389 3821 3831
f 3831 3720 3832
f 3721 3739 3697
f 3431 3833 3834
f 3843 3835 3813
f 3577 3696 3834
f 3755 3753 3808
f 3696 3792 3430
f 3656 3836 3658
f 3792 3757 3427
f 3840 3837 3580
f 3841 3836 3584
f 3756 3755 3805
f 3814 3838 3815
f 3842 3840 3578
f 3837 3841 3582
f 3814 3747 3816
f 3835 3811 3812
f 3833 3842 3575
f 3697 3738 3658
f 3839 3843 3815
f 3757 3756 3818
f 3730 3046 3803
f 5298 3844 3846
f 5093 3847 3849
f 3853 3850 3852
f 3857 3853 3854
f 3854 3855 3857
f 5153 3858 3860
f 3858 3861 3859
f 3865 3862 3863
f 3866 3864 3865
f 3864 3866 3868
f 3884 3864 3869
f 3880 3870 3872
f 3891 3873 3875
f 5304 3876 3878
f 3886 3863 3879
f 3903 3880 3881
f 3876 3882 3877
f 3859 3862 3884
f 5307 3871 3885
f 5308 3886 3887
f 3867 3888 3868
f 5786 3890 3891
f 3875 3874 3893
f 3889 3888 3892
f 3885 3870 3895
f 3887 3879 3897
f 5289 3898 3869
f 3902 3894 3880
f 5383 3899 3901
f 3861 3858 3879
f 5293 3902 3903
f 4 1 5
f 1123 2 7
f 1121 1123 12
f 1119 1121 15
f 1116 1119 18
f 21 1117 18
f 24 1151 21
f 1147 1151 27
f 1148 1147 32
f 1144 1148 3904
f 1142 1141 3905
f 1135 1138 45
f 1136 1135 44
f 1131 1136 47
f 54 5 56
f 58 54 55
f 59 62 55
f 104 62 105
f 67 66 68
f 72 67 73
f 77 76 73
f 66 104 69
f 1141 1145 37
f 164 168 3906
f 156 89 159
f 144 81 143
f 149 148 1501
f 97 96 161
f 108 98 110
f 110 3907 112
f 90 17 96
f 150 87 151
f 94 57 101
f 155 3908 150
f 1500 149 3909
f 154 3910 86
f 103 102 108
f 161 91 166
f 166 92 168
f 101 61 102
f 170 165 94
f 151 88 156
f 43 42 82
f 165 164 95
f 145 3911 144
f 155 154 3908
f 3930 3912 3914
f 5430 3915 3917
f 3956 3918 3920
f 5769 3921 3923
f 3975 3924 3926
f 3977 3927 3929
f 3936 3930 3931
f 3935 3932 3934
f 3927 3935 3928
f 3991 3936 3937
f 3980 3938 3940
f 3983 3941 3943
f 5752 3944 3946
f 3989 3947 3949
f 3938 3943 3939
f 3923 3922 3951
f 3989 3952 3954
f 5442 3955 3920
f 3967 3957 3959
f 3992 3960 3962
f 5436 3963 3965
f 3969 3966 3967
f 5431 3968 3969
f 3963 3970 3964
f 3956 3972 3918
f 5452 3974 3975
f 5451 3976 3977
f 3979 3978 3935
f 3976 3979 3927
f 3987 3938 3981
f 11628 3982 3943
f 3944 3984 3945
f 3989 3954 3947
f 11628 3943 3987
f 3949 3988 3989
f 3955 3990 3956
f 3962 3991 3992
f 5430 3993 3968
f 4008 3995 3997
f 4024 3998 4000
f 5663 4001 4003
f 5620 4004 4006
f 5110 4007 4008
f 4025 4009 4011
f 5634 4012 4014
f 4020 4015 4017
f 4003 4002 4019
f 4046 4020 4022
f 5310 4023 4000
f 5416 4025 4026
f 4006 4005 4028
f 4013 4029 4014
f 4038 4031 4033
f 5461 4034 4036
f 5507 4037 4033
f 4034 4039 4035
f 4024 4041 3998
f 5457 4043 4004
f 4012 4044 4013
f 4020 4046 4015
f 4017 4048 4020
f 4023 4049 4024
f 4005 4043 4027
f 4045 4051 4013
f 1503 33 1502
f 4054 4052 335
f 335 282 4054
f 4099 4055 4057
f 4065 4058 4060
f 4066 4061 4063
f 4069 4064 4065
f 276 4066 277
f 288 287 4052
f 4068 4067 4066
f 275 4068 276
f 4057 4056 4069
f 288 4070 289
f 4101 4071 4073
f 3692 3694 4075
f 4076 3690 4075
f 4077 3688 4076
f 3688 4077 3686
f 304 307 446
f 306 4079 307
f 4070 4080 364
f 301 300 341
f 294 300 297
f 285 294 290
f 290 4082 285
f 3661 286 4083
f 279 273 3649
f 358 4084 3674
f 4083 4082 330
f 296 4086 292
f 1504 3904 1503
f 4088 4087 49
f 4089 4088 80
f 4111 4089 3911
f 85 3909 31
f 4239 4090 4091
f 212 1493 213
f 244 1494 212
f 283 333 272
f 283 272 4093
f 3686 4078 3684
f 281 4095 282
f 332 265 3664
f 1496 4096 955
f 1500 3910 892
f 196 4097 153
f 891 4097 1499
f 4071 4098 4057
f 1497 955 4100
f 4073 146 4101
f 5818 4102 1131
f 1149 1148 4103
f 1176 4104 1177
f 1180 1179 4105
f 1215 1214 1224
f 1231 1267 1232
f 1264 1275 1224
f 1281 1267 1283
f 1316 1309 1264
f 1318 1281 1322
f 1310 1309 1348
f 1321 1328 1322
f 1328 1321 1329
f 1340 1310 1361
f 1361 1349 1362
f 1334 1384 1373
f 1384 1405 1374
f 1362 4106 1409
f 1409 4107 1430
f 1385 1405 1435
f 1469 1436 1473
f 1461 1443 1434
f 1446 1433 1447
f 1432 1435 1491
f 1459 1413 1451
f 1468 4108 1469
f 1477 1430 1468
f 3684 4094 4110
f 1145 1144 1504
f 4087 1132 47
f 3910 1500 85
f 4090 4111 145
f 4246 4112 1078
f 4213 4098 4101
f 327 4113 326
f 273 278 266
f 4113 327 3662
f 446 4114 304
f 4141 4115 4116
f 4080 4070 4053
f 341 4114 342
f 4246 1078 4117
f 4080 4053 4118
f 725 4119 718
f 4119 725 4120
f 722 4121 723
f 3606 4083 329
f 3648 3661 3606
f 3661 3648 3662
f 3663 4113 3650
f 4113 3663 287
f 4242 4122 4093
f 4070 288 4054
f 3608 4123 722
f 4123 3608 4124
f 719 4125 720
f 3647 4126 719
f 4126 3647 4127
f 3674 4085 4127
f 4118 4095 4129
f 4272 4130 4132
f 4095 281 338
f 1089 4060 127
f 4133 3681 4109
f 3681 4133 3679
f 1088 4065 1089
f 3679 4134 3677
f 3677 4135 4116
f 4072 4069 1088
f 4214 4137 4139
f 4116 4136 4141
f 4143 4142 4140
f 4142 4143 4145
f 4145 4144 4147
f 4137 4148 4146
f 4214 4149 4137
f 3604 4150 3602
f 4216 4151 4153
f 136 130 4067
f 130 129 4061
f 4228 4154 4156
f 4059 4157 129
f 4216 4158 4160
f 4156 4155 4162
f 4173 4163 4165
f 4158 4166 4159
f 4165 4164 4166
f 4172 4168 4169
f 4175 4170 4160
f 4168 4172 4173
f 4160 4159 4175
f 4159 4167 4174
f 4149 4177 4148
f 4146 4179 4137
f 4148 4178 4147
f 4147 4180 4145
f 4058 4182 4059
f 4182 4058 4183
f 4145 4181 4142
f 4142 4184 4141
f 4198 4185 4187
f 4187 4186 4189
f 4191 242 4190
f 4192 240 4191
f 244 240 4193
f 4193 4194 244
f 1494 4194 1495
f 4195 4196 1495
f 4209 4197 4198
f 1022 1021 4200
f 1021 716 4199
f 236 4202 238
f 233 4204 234
f 234 4205 236
f 716 238 4201
f 4189 4188 4207
f 4207 4206 250
f 250 4208 251
f 4197 4209 4179
f 4179 4210 4138
f 4138 4211 4139
f 141 4213 142
f 4240 4214 4215
f 4160 4171 4216
f 4154 4217 4155
f 4220 4158 4153
f 4155 4218 4161
f 4223 4173 4219
f 4221 4166 4220
f 4219 4165 4221
f 4168 4222 4161
f 4222 4168 4223
f 4167 4164 4176
f 4056 4225 4064
f 4055 4226 4056
f 4286 339 4055
f 4286 4227 339
f 4154 4228 4230
f 4164 4163 4224
f 4172 4232 4163
f 4232 4172 4233
f 4276 4234 4175
f 4233 4169 4235
f 4285 4150 4235
f 4215 4139 4236
f 795 235 1013
f 1023 1013 239
f 258 257 254
f 233 794 251
f 256 4207 257
f 1103 1023 1024
f 858 4198 859
f 859 4187 861
f 4096 4209 858
f 861 4189 256
f 877 4236 878
f 878 4212 898
f 1064 1063 4237
f 1063 1103 1020
f 4210 1496 4211
f 1496 4210 4096
f 927 877 730
f 4224 4231 1092
f 146 4073 4091
f 4091 4238 4239
f 4071 4057 4072
f 129 134 4059
f 4149 4214 4241
f 4131 4130 4229
f 4226 339 4122
f 4127 4229 4126
f 4126 4228 4125
f 4242 4225 4122
f 4225 4242 4183
f 4125 4156 4124
f 4124 4162 4123
f 4093 4092 4242
f 4123 4222 4121
f 4183 4243 4182
f 4219 4120 4223
f 4243 4092 4244
f 270 4245 271
f 277 4063 270
f 4245 4157 4244
f 4157 4245 4062
f 4221 4119 4219
f 4220 4117 4221
f 4117 4220 4246
f 4153 4152 4246
f 4132 4131 4247
f 3682 4110 3680
f 4251 966 4249
f 4253 4250 961
f 970 4252 4253
f 4257 4254 4252
f 4259 4256 4257
f 4261 4258 4259
f 4262 4260 4261
f 1058 4260 4263
f 1040 4264 4263
f 969 4257 970
f 961 4251 962
f 976 4262 977
f 4263 4262 1040
f 4267 4253 4266
f 972 4259 969
f 4261 4259 977
f 971 970 4267
f 959 4268 1040
f 4127 4128 4229
f 4274 4269 4271
f 4217 4154 4269
f 4130 4270 4230
f 4130 4272 4270
f 4269 4274 4217
f 4217 4275 4218
f 4176 4224 1093
f 4174 4176 1094
f 4175 4174 4276
f 4231 4232 1091
f 4232 4233 3604
f 902 4277 4276
f 4285 927 4150
f 4241 4240 4279
f 4287 4280 4282
f 4285 4235 4283
f 4282 4281 4284
f 4236 4285 4215
f 4227 4286 4280
f 4055 4099 4286
f 4215 4283 4240
f 877 927 4236
f 4274 4278 4275
f 4073 4072 4238
f 4278 4274 4279
f 4196 4287 884
f 4284 885 4282
f 885 4284 893
f 893 4288 890
f 4290 147 4289
f 147 4290 148
f 4292 79 4291
f 79 4292 36
f 4294 38 4293
f 4305 3905 4294
f 4144 4197 4146
f 4197 4144 4185
f 4185 4143 4186
f 4136 4188 4140
f 4135 4206 4136
f 4134 4208 4135
f 4133 255 4134
f 1462 1461 1418
f 1413 1394 1492
f 4295 1394 4296
f 4297 4296 1336
f 4299 4297 1305
f 1305 1294 4299
f 1294 1256 4298
f 1256 1255 4300
f 4301 1255 4302
f 1158 1157 4304
f 4308 4303 1143
f 3905 4305 1142
f 255 4133 4204
f 4094 4205 4109
f 4078 4202 4094
f 4077 4203 4078
f 4077 4076 4203
f 4076 4075 4201
f 4075 4074 4199
f 1433 1446 1427
f 1492 4295 1431
f 4107 1392 4108
f 4098 4288 4099
f 4288 4098 4289
f 141 4290 4213
f 141 84 4290
f 1090 1089 121
f 4239 1090 113
f 4090 4239 112
f 4307 1467 1453
f 1465 4307 1479
f 4307 1453 1460
f 1453 1452 1444
f 1452 1448 1445
f 1448 1464 1484
f 1489 1485 1476
f 1476 1486 1489
f 1442 1470 1486
f 1441 1478 1442
f 1437 1481 1441
f 1437 1458 1481
f 1458 1488 1472
f 1449 1457 1450
f 4295 4296 1410
f 1366 1365 4297
f 4297 4299 1366
f 1302 1337 4298
f 4298 4300 1302
f 4300 4301 1253
f 4302 1201 4301
f 1154 1153 4303
f 1137 1154 4308
f 4305 39 4306
f 39 4305 40
f 40 4294 42
f 4292 83 4293
f 83 4292 84
f 4111 4090 100
f 100 99 4111
f 4088 4089 76
f 4087 4088 77
f 77 1125 4087
f 5816 1194 1133
f 11594 1178 4309
f 1265 1226 1243
f 1265 1243 1279
f 1280 1279 1298
f 1298 1332 1280
f 1332 1331 1317
f 1382 4106 1331
f 4106 1382 4107
f 4241 4310 4149
f 4271 4270 4311
f 4279 4271 4312
f 4279 4312 4241
f 4247 4128 4313
f 4084 4314 4085
f 4321 360 4315
f 4316 438 369
f 428 3646 429
f 396 445 4316
f 475 437 4317
f 4321 448 4314
f 490 493 491
f 363 362 4319
f 493 490 678
f 366 3611 367
f 3644 4320 724
f 3611 430 3609
f 394 359 3644
f 4314 4084 4321
f 443 403 4322
f 442 495 443
f 495 442 400
f 439 398 440
f 449 4315 439
f 448 4321 449
f 4080 4247 4081
f 4314 4318 4313
f 4247 4080 4132
f 4132 4118 4272
f 4272 4129 4273
f 4273 340 4311
f 4227 4280 4311
f 4287 4310 4280
f 4310 4287 4177
f 368 4323 369
f 396 4316 372
f 4317 436 4324
f 4114 446 396
f 4322 4325 4326
f 451 498 452
f 4324 4327 4317
f 455 441 451
f 475 450 454
f 4317 4328 475
f 454 474 455
f 4322 4326 443
f 4344 4329 4330
f 534 4329 541
f 541 4331 559
f 559 4332 577
f 577 4333 607
f 607 4334 614
f 614 4335 633
f 633 4336 654
f 654 4337 668
f 668 4338 693
f 4339 703 693
f 4327 4318 4328
f 364 4081 306
f 4081 4318 4079
f 4327 4324 4079
f 695 697 715
f 697 696 4340
f 708 713 709
f 4341 696 4342
f 711 698 4342
f 4338 674 4339
f 674 4338 659
f 659 4337 640
f 640 4336 619
f 619 4335 588
f 4333 582 4334
f 4333 4332 582
f 4332 4331 566
f 547 4331 535
f 535 4329 4345
f 4322 405 4325
f 4178 4177 4195
f 4194 4180 4195
f 4193 4181 4194
f 4192 4184 4193
f 4191 4115 4192
f 4190 3675 4191
f 3675 4190 3676
f 3676 249 3678
f 3678 248 3680
f 227 3682 246
f 3682 227 3683
f 3683 229 3685
f 3685 4346 3687
f 3687 226 3689
f 230 231 3689
f 231 4347 3691
f 994 958 1002
f 956 996 957
f 1000 999 4349
f 996 992 1005
f 1043 4350 991
f 1072 1108 999
f 1002 4348 1072
f 4352 4351 4350
f 4350 1043 4352
f 4354 1042 4353
f 1060 1098 4354
f 1016 1027 4356
f 4360 4357 1029
f 1029 4358 4360
f 4360 4359 4362
f 4355 4363 4356
f 4362 4365 4360
f 4361 4366 4362
f 4363 4368 4364
f 4394 4365 4367
f 4265 4264 4371
f 1059 4372 1060
f 4268 1039 4375
f 4375 4370 4268
f 4374 1039 1498
f 4373 1099 1060
f 4369 862 4364
f 258 4356 871
f 4719 4366 4376
f 4359 4358 4377
f 4359 4377 4361
f 4356 258 1016
f 4378 860 4369
f 951 866 4378
f 4412 4379 4351
f 4714 4380 4381
f 4715 4100 4382
f 4699 4383 4385
f 4716 1498 4386
f 4709 4387 4375
f 4409 4388 4390
f 4703 4391 4393
f 4717 4394 4395
f 4382 951 4396
f 4706 4397 4399
f 4701 4400 4402
f 4706 4399 4404
f 4381 1099 4405
f 4402 4401 4407
f 4579 4408 4409
f 4699 4410 4383
f 4700 4412 4352
f 4702 4413 4415
f 4580 4416 4418
f 4454 4419 4420
f 4430 4400 4421
f 4457 4422 4423
f 4391 4424 4392
f 4399 4426 4403
f 4457 4427 4422
f 4383 4411 4429
f 4400 4430 4401
f 4408 4432 4388
f 4441 4434 4384
f 4466 4436 4438
f 4466 4438 4439
f 4401 4431 4406
f 4384 4383 4441
f 4415 4414 4421
f 4398 4442 4399
f 4417 4416 4439
f 4434 4444 4435
f 4388 4433 4389
f 4424 4391 4440
f 4442 4446 4426
f 4443 4448 4439
f 4625 4444 4450
f 4433 4451 4423
f 4458 4424 4453
f 4572 4454 4455
f 4468 4456 4421
f 4575 4457 4452
f 4424 4458 4425
f 4426 4447 4420
f 4575 4460 4457
f 4429 4428 4462
f 4431 4430 4463
f 4432 4464 4433
f 4467 4450 4441
f 4622 4465 4466
f 4622 4466 4449
f 4431 4463 4440
f 4441 4429 4467
f 4421 4427 4468
f 4574 4469 4471
f 4613 4472 4474
f 4624 4475 4477
f 4585 4478 4480
f 4571 4481 4483
f 4581 4484 4486
f 4471 4470 4488
f 4614 4489 4491
f 4483 4482 4493
f 4624 4494 4475
f 4613 4496 4472
f 4609 4498 4487
f 4498 4500 4499
f 4682 4501 4476
f 4683 4503 4505
f 4683 4505 4506
f 4685 4507 4501
f 4586 4489 4508
f 4686 4509 4510
f 4687 4511 4480
f 4521 4512 4514
f 4549 4515 4517
f 4619 4518 4520
f 4628 4512 4522
f 4542 4523 4525
f 4556 4526 4528
f 4543 4529 4531
f 4514 4513 4533
f 4556 4528 4519
f 4634 4534 4536
f 4529 4537 4530
f 4569 4539 4541
f 4523 4542 4531
f 4531 4530 4545
f 4530 4538 4544
f 4518 4547 4519
f 4551 4549 4550
f 4549 4551 4553
f 4691 4554 4514
f 4582 4555 4556
f 4536 4535 4558
f 4570 4541 4560
f 4583 4561 4524
f 4536 4558 4564
f 4522 4521 4565
f 4553 4552 4559
f 4533 4562 4566
f 4550 4517 4563
f 4618 4567 4518
f 4545 4568 4531
f 4656 4569 4570
f 4446 4571 4447
f 4447 4483 4455
f 4573 4572 4493
f 4574 4464 4573
f 4464 4574 4451
f 4451 4471 4452
f 4584 4575 4488
f 4250 968 4251
f 4252 4255 4250
f 1046 1026 1047
f 1026 1046 1027
f 1047 1025 1051
f 1068 1111 4577
f 1058 4263 1059
f 1014 1104 4576
f 1102 1053 4578
f 1104 1102 1075
f 966 965 4248
f 4254 1019 4255
f 4256 876 4254
f 4258 870 4256
f 4260 4353 4258
f 1058 4354 4260
f 1027 1048 4355
f 4355 4357 4363
f 4365 4394 4363
f 4265 4371 1059
f 4705 4419 4579
f 4393 4392 4580
f 4419 4454 4408
f 4392 4425 4416
f 4425 4459 4443
f 4454 4572 4432
f 4573 4509 4574
f 4491 4490 4581
f 4565 4557 4522
f 4548 4582 4519
f 4691 4514 4566
f 4524 4523 4583
f 4460 4575 4478
f 4478 4585 4460
f 4612 4586 4588
f 4605 4589 4510
f 4600 4591 4593
f 4688 4511 4595
f 4611 4596 4598
f 4688 4595 4508
f 4682 4600 4601
f 4687 4500 4603
f 4689 4604 4605
f 4690 4606 4506
f 4598 4597 4609
f 4686 4610 4611
f 4690 4612 4606
f 4480 4497 4585
f 4456 4468 4496
f 4496 4613 4456
f 4463 4613 4453
f 4614 4458 4474
f 4458 4614 4459
f 4505 4615 4485
f 4581 4448 4491
f 4541 4540 4559
f 4634 4536 4617
f 4489 4614 4473
f 4648 4618 4619
f 4499 4479 4584
f 4504 4620 4505
f 4448 4581 4449
f 4476 4502 4477
f 4622 4449 4615
f 4509 4573 4492
f 4499 4584 4487
f 4465 4622 4620
f 4507 4623 4502
f 4494 4624 4461
f 4624 4477 4462
f 4450 4467 4621
f 4623 4625 4621
f 4562 4626 4524
f 4515 4549 4627
f 4627 4553 4616
f 4522 4535 4628
f 4630 4627 4629
f 4517 4516 4564
f 4631 4515 4630
f 4515 4631 4516
f 4516 4632 4617
f 4635 4634 4633
f 4668 4534 4635
f 4668 4636 4534
f 4512 4628 4637
f 4512 4637 4513
f 4513 4638 4532
f 4640 4626 4639
f 4626 4562 4532
f 4626 4640 4525
f 4642 4542 4641
f 4542 4642 4543
f 4529 4543 4644
f 4537 4529 4645
f 4718 4646 4527
f 4646 4647 4528
f 4649 4619 4647
f 4662 4648 4649
f 4539 4650 4540
f 4540 4651 4616
f 4642 4652 4643
f 4651 4654 4629
f 4693 4567 4604
f 4641 4657 4642
f 4679 4657 4640
f 4567 4618 4656
f 4663 4655 4659
f 4676 4660 4661
f 4650 4539 4662
f 4666 4663 4664
f 4675 4665 4664
f 4675 4667 4668
f 4664 4659 4670
f 4618 4648 4569
f 4659 4658 4669
f 4670 4669 4672
f 4654 4661 4655
f 4630 4629 4663
f 4631 4630 4666
f 4665 4632 4666
f 4652 4671 4653
f 4676 4674 4660
f 4667 4675 4670
f 4662 4649 4654
f 4649 4647 4661
f 4669 4660 4671
f 4632 4665 4633
f 4718 4645 4677
f 4674 4676 4646
f 4674 4677 4673
f 4667 4670 4678
f 4677 4644 4653
f 4678 4672 4679
f 4672 4671 4657
f 4667 4678 4636
f 4665 4675 4635
f 4640 4639 4679
f 4679 4638 4678
f 4608 4680 4609
f 4602 4500 4680
f 4601 4681 4682
f 4692 4503 4684
f 4684 4683 4607
f 4693 4685 4681
f 4587 4586 4599
f 4610 4686 4590
f 4603 4594 4687
f 4489 4586 4490
f 4492 4482 4510
f 4475 4495 4600
f 4472 4497 4688
f 4469 4611 4470
f 4472 4688 4473
f 4476 4475 4682
f 4480 4479 4687
f 4481 4689 4482
f 4484 4690 4485
f 4470 4598 4487
f 4509 4686 4469
f 4490 4612 4484
f 4552 4610 4560
f 4551 4596 4552
f 4596 4551 4597
f 4597 4550 4608
f 4558 4680 4563
f 4602 4680 4557
f 4557 4565 4602
f 4594 4603 4554
f 4554 4691 4594
f 4595 4691 4599
f 4587 4599 4561
f 4561 4583 4587
f 4606 4588 4568
f 4568 4545 4606
f 4684 4607 4544
f 4546 4692 4544
f 4555 4582 4592
f 4582 4548 4593
f 4547 4681 4548
f 4567 4693 4547
f 4604 4656 4589
f 4589 4570 4590
f 4435 4445 4695
f 4437 4696 4438
f 4422 4414 4698
f 4711 4699 4700
f 4400 4701 4415
f 4391 4703 4406
f 4625 4623 4446
f 4710 4409 4396
f 4387 4703 4704
f 4419 4705 4403
f 4422 4698 4389
f 4720 4397 4707
f 4716 4701 4708
f 4707 4706 4395
f 4623 4507 4571
f 4438 4697 4417
f 4708 4402 4709
f 4712 4579 4710
f 4722 4410 4711
f 4384 4435 4385
f 4715 4413 4386
f 4713 4580 4405
f 4717 4705 4712
f 4704 4393 4713
f 4694 4379 4695
f 4696 4714 4697
f 4413 4715 4698
f 4701 4716 4702
f 4407 4703 4709
f 4705 4717 4404
f 4698 4382 4390
f 4697 4381 4418
f 4695 4412 4385
f 4645 4718 4537
f 4352 1100 4700
f 4689 4481 4685
f 4369 4710 4378
f 4371 4370 4704
f 4366 4719 4707
f 4374 1498 4708
f 4366 4707 4367
f 4604 4689 4693
f 4375 4374 4709
f 4368 4712 4369
f 1100 4721 4711
f 4100 4715 1497
f 4373 4372 4405
f 4394 4717 4368
f 4371 4704 4372
f 4677 4674 4718
f 4650 4662 4651
f 4526 4538 4527
f 4555 4546 4526
f 4546 4555 4692
f 4591 4503 4592
f 4503 4591 4504
f 4494 4620 4495
f 4461 4465 4494
f 4428 4436 4461
f 4436 4428 4437
f 4410 4696 4411
f 4714 4696 4722
f 4722 4721 4714
f 4380 4721 1041
f 1044 989 1101
f 989 1044 985
f 985 993 980
f 4446 4442 4625
f 4445 4444 4398
f 4397 4694 4398
f 4379 4694 4720
f 4379 4720 949
f 4376 947 4719
f 4377 853 4376
f 865 854 4377
f 857 854 864
f 851 857 874
f 852 851 873
f 261 846 873
f 1018 847 261
f 1057 848 1018
f 1056 952 1057
f 980 1001 981
f 981 997 986
f 986 995 987
f 1110 1065 1003
f 1065 1110 983
f 998 4723 983
f 3958 4724 4726
f 3959 3958 4727
f 4732 4728 4730
f 4753 4731 4726
f 4728 4732 4734
f 4738 4735 4737
f 4735 4738 4740
f 5425 4741 4743
f 4750 4728 4744
f 4735 4745 4736
f 4745 4735 4747
f 4743 4742 4749
f 4728 4750 4729
f 5564 4752 4753
f 4797 4754 4756
f 5096 4757 4759
f 5504 4760 4762
f 4820 4763 4765
f 4789 4766 4763
f 4787 4767 4769
f 4775 4770 4772
f 4772 4773 4775
f 4779 4776 4778
f 4776 4779 4781
f 4793 4782 4784
f 4779 4754 4780
f 4754 4779 4755
f 4761 4786 4772
f 4761 4772 4762
f 4758 4787 4759
f 4791 4788 4789
f 5239 4790 4791
f 5501 4792 4793
f 4788 4790 4795
f 4766 4788 4796
f 4754 4797 4785
f 5501 4799 4792
f 4786 4761 4801
f 5249 4802 4804
f 4824 4805 4807
f 4826 4808 4810
f 4814 4811 4813
f 4811 4814 4816
f 5514 4817 4819
f 5202 4820 4821
f 5454 4809 4822
f 5112 4823 4824
f 5109 4825 4826
f 4764 4766 4827
f 5092 4010 4828
f 4811 4829 4812
f 5114 4829 4816
f 4817 4831 4818
f 4822 4808 4833
f 4846 4834 4836
f 4860 4837 4839
f 5787 4840 4842
f 5788 4843 4845
f 5523 4846 4847
f 5570 4848 4850
f 5571 4851 4853
f 4841 4854 4842
f 4851 4856 4858
f 5483 4859 4860
f 4845 4844 4862
f 4850 4849 4864
f 4871 4865 4867
f 5484 4868 4870
f 5475 4871 4872
f 4870 4869 4874
f 4882 4875 4837
f 5559 4876 4843
f 4848 4877 4849
f 4858 4879 4851
f 5571 4880 4851
f 4859 4881 4837
f 4844 4876 4861
f 4878 4884 4849
f 4917 4885 4887
f 5474 4888 4890
f 5487 4891 4893
f 4914 4894 4896
f 4900 4897 4899
f 4897 4900 4902
f 4912 4903 4905
f 4912 4906 4903
f 4916 4908 4910
f 4885 4911 4912
f 4885 4912 4886
f 4900 4892 4901
f 4892 4900 4893
f 4888 4914 4889
f 4919 4915 4916
f 4911 4885 4918
f 4915 4919 4921
f 4892 4891 4913
f 4939 4923 4925
f 4941 4926 4928
f 5530 4929 4931
f 4944 4930 4932
f 5471 4933 4935
f 4927 4926 4937
f 5567 4938 4939
f 5116 4940 4941
f 4930 4942 4931
f 4942 4930 4945
f 4933 4946 4934
f 4926 4940 4936
f 4961 4949 4951
f 4975 4952 4954
f 5569 4955 4957
f 5802 4958 4960
f 5356 4961 4962
f 4995 4963 4965
f 4997 4966 4968
f 4957 4956 4970
f 4997 4971 4973
f 5364 4974 4975
f 4959 4958 4977
f 4963 4978 4964
f 4986 4980 4982
f 5365 4983 4985
f 5544 4986 4987
f 4984 4988 4985
f 4952 4990 4953
f 5802 4992 4958
f 5798 4994 4995
f 4973 4996 4997
f 4968 4998 4997
f 5550 4990 4974
f 4958 4993 4976
f 4994 5000 4963
f 5542 5001 5003
f 5359 5004 5006
f 5037 5007 5009
f 5030 5010 5012
f 5018 5013 5015
f 5015 5016 5018
f 5022 5019 5021
f 5019 5022 5024
f 5032 5025 5027
f 5002 5028 5022
f 5022 5021 5002
f 5007 5029 5015
f 5015 5014 5007
f 5004 5030 5005
f 5034 5031 5032
f 5028 5002 5033
f 5031 5034 5036
f 5007 5037 5029
f 5056 5039 5041
f 5058 5042 5044
f 5048 5045 5047
f 5045 5048 5050
f 5534 5051 5053
f 5540 5043 5054
f 5574 5055 5056
f 5115 5057 5058
f 5045 5059 5046
f 5059 5045 5061
f 5051 5062 5052
f 5042 5057 5054
f 5340 5065 5067
f 5782 5066 5068
f 4003 4019 5070
f 5773 5071 5068
f 5783 5073 5075
f 5084 5076 5078
f 5772 5079 5074
f 5089 5080 5066
f 5771 5081 5083
f 5117 5076 5085
f 5075 5079 5087
f 5782 5088 5066
f 5081 5090 5082
f 3849 5092 5093
f 5634 4014 5095
f 4037 5096 5098
f 5005 5012 5100
f 5310 4040 5102
f 5097 5096 5103
f 4896 4895 5105
f 5787 4842 5107
f 5113 4824 5108
f 4745 4747 4825
f 4745 4825 4746
f 5098 5110 5111
f 5587 5112 5113
f 4829 5114 4940
f 5057 4942 5064
f 4942 5057 4943
f 4829 4940 4830
f 5349 5055 5090
f 5085 5059 5117
f 5459 4017 5118
f 4887 4886 5120
f 4819 5108 4768
f 4031 4038 5122
f 4789 4763 5124
f 4847 4836 5126
f 4796 5127 4827
f 5348 5129 5131
f 5144 5132 5134
f 3854 5135 5130
f 5146 5136 5138
f 5127 5139 5128
f 3860 3859 3898
f 5145 5141 5143
f 3857 3856 5134
f 5141 5145 5138
f 5303 5147 5138
f 5141 5147 5142
f 5305 5149 3894
f 5252 5150 5152
f 3858 5153 3896
f 5418 4804 5156
f 5154 5157 3896
f 5311 5158 5160
f 5466 5159 5161
f 5134 5133 5162
f 5166 5163 5165
f 5190 5166 5167
f 5214 5168 5170
f 5346 5171 5160
f 5171 5173 5172
f 5173 5175 5174
f 5175 5177 5176
f 5182 5178 5179
f 5179 5180 5182
f 5187 5183 5185
f 5332 5186 5187
f 5167 5188 5190
f 5188 5191 5189
f 5192 5191 5194
f 5180 5195 5181
f 5206 5196 5197
f 4040 4039 5101
f 4778 4777 5199
f 4826 4810 5201
f 4820 5202 5204
f 5216 5205 5193
f 5186 5206 5207
f 5207 5208 5186
f 5208 5209 5183
f 5232 5210 5212
f 5209 5213 5184
f 5168 5214 5215
f 5205 5216 5218
f 5220 5219 5217
f 5219 5220 5222
f 5226 5222 5223
f 5223 5224 5226
f 5230 5225 5227
f 5227 5228 5230
f 5247 5212 5127
f 5247 5231 5212
f 5150 5233 5151
f 5261 5234 5235
f 5240 4791 5124
f 5238 5229 5236
f 5241 5237 5236
f 3900 3899 5155
f 5399 5239 5240
f 5237 5241 5243
f 5253 5244 5246
f 4796 4795 5127
f 4795 4794 5247
f 5313 5248 5158
f 5258 5249 5251
f 5234 5252 3845
f 3882 3876 5254
f 5300 5255 5257
f 4802 5249 5259
f 5150 5252 5260
f 5260 5234 5262
f 5264 5263 3900
f 5317 5264 5265
f 4763 4820 5123
f 5267 5203 5266
f 5296 5267 5268
f 5268 5266 5270
f 3874 5271 3892
f 3890 5273 3873
f 3873 5274 3874
f 5382 5275 5277
f 5329 5278 5280
f 5280 5279 5281
f 5281 5211 5282
f 5290 3869 3889
f 5285 5283 5257
f 5152 5285 5256
f 5271 5286 5272
f 5785 5288 5273
f 5274 5288 5271
f 11629 5289 5290
f 5290 3889 5272
f 5254 5253 5291
f 3853 3857 5162
f 11629 5290 5287
f 5297 5268 5292
f 3902 5293 5295
f 11630 5296 5297
f 5256 3846 5152
f 5233 3850 5162
f 3846 5256 5298
f 5321 5299 5233
f 11631 5300 5284
f 3855 3854 5301
f 5138 5137 5303
f 3876 5304 5253
f 3894 3902 5305
f 5301 5130 5306
f 5283 5285 5132
f 4010 5092 5248
f 5092 3849 5259
f 3885 5304 5307
f 3887 3903 5308
f 3849 3848 4802
f 5314 5309 5166
f 5460 4023 5102
f 5158 5311 5313
f 5322 5314 5190
f 5316 5315 3848
f 5318 5265 5316
f 5378 5317 5318
f 5155 5315 3900
f 4804 4803 5155
f 5291 5319 5254
f 5260 5321 5150
f 5314 5322 5323
f 5151 5133 5152
f 5266 5202 5269
f 5243 5242 5325
f 5328 5326 5210
f 5262 5327 5260
f 5412 5328 5232
f 5212 5211 5139
f 5169 5329 5170
f 5335 5322 5189
f 5170 5280 5185
f 5309 5314 5330
f 5335 5135 3852
f 5282 5187 5281
f 5327 5331 5321
f 5326 5332 5282
f 5344 5333 5324
f 5254 5320 3882
f 5259 5258 5248
f 5466 5161 5251
f 5189 5192 5335
f 5139 5279 5140
f 5338 5336 5082
f 5082 5091 5338
f 4810 4774 5200
f 5577 5339 5340
f 5551 4968 5341
f 5364 4989 5343
f 5456 4050 5094
f 5333 5344 5346
f 5345 5347 5346
f 5135 5192 5131
f 5205 5348 5194
f 5185 5184 5170
f 5373 5039 5349
f 5348 5205 5143
f 5173 5171 5350
f 5350 5351 5173
f 5663 4003 5352
f 3852 3851 5335
f 3844 5353 3845
f 4972 4969 4973
f 4955 4996 4956
f 4949 4961 5355
f 11632 5354 5356
f 4987 5357 5359
f 5035 5034 5361
f 5034 5032 5360
f 5362 5032 5363
f 5040 5027 5041
f 4985 4989 4975
f 4954 5365 4975
f 11633 5366 4981
f 5357 4987 5366
f 5037 5009 4976
f 4976 4999 5037
f 4999 5367 5038
f 5358 5369 5359
f 5004 5369 5030
f 5370 5371 5030
f 5363 5027 5372
f 5048 5019 5049
f 5372 5040 5373
f 5206 5186 5374
f 5316 3848 5375
f 5318 5316 5376
f 5318 5376 5378
f 11634 5379 5381
f 5381 5380 5382
f 5323 3851 5299
f 5330 5323 5331
f 5219 5145 5218
f 5145 5219 5146
f 5136 5146 5226
f 5226 5225 5136
f 5351 5384 5175
f 5179 5177 5385
f 5385 5386 5179
f 5386 5387 5180
f 3899 5383 5230
f 3899 5230 5156
f 5390 5388 5174
f 5174 5176 5390
f 5393 5389 5178
f 5394 5391 5196
f 5391 5392 5181
f 5178 5182 5393
f 5374 5394 5206
f 5388 5311 5172
f 5398 5395 5239
f 5414 4026 5396
f 5400 5231 5397
f 4790 5395 4794
f 5413 5398 5399
f 5396 5312 5388
f 5412 5232 5400
f 5409 5401 5403
f 5410 5404 5406
f 5403 5407 5394
f 5410 5408 5393
f 5407 5404 5391
f 4026 4011 5312
f 5374 5409 5394
f 5393 5392 5410
f 5417 5407 5402
f 5417 5405 5407
f 5390 5389 5411
f 5401 5400 5402
f 5248 5313 4010
f 5332 5326 5374
f 5400 5401 5412
f 5388 5390 5396
f 5326 5328 5409
f 5398 5413 5405
f 5417 5395 5405
f 5416 4026 5415
f 5399 5416 5413
f 5395 5417 5397
f 5249 4804 5250
f 5238 5418 5229
f 5418 5238 5250
f 5387 5419 5195
f 5207 5197 5420
f 5556 5058 5421
f 5441 3988 5422
f 3949 3948 5422
f 5584 5424 4749
f 4743 5424 5425
f 4727 5426 3959
f 4738 3983 4739
f 3957 5428 3958
f 3966 5429 3957
f 3931 5429 3937
f 3915 5430 5431
f 5431 5432 3915
f 3917 5434 5430
f 5563 5435 5436
f 3963 5435 3970
f 3950 5438 3951
f 5440 5439 3952
f 3955 5440 3990
f 5439 5438 3953
f 3964 3971 3920
f 3965 3964 3919
f 3926 3925 3961
f 3945 3985 3980
f 3945 3980 3946
f 3936 3991 3928
f 3928 3934 3936
f 3934 3933 3930
f 3983 4738 3941
f 5448 5443 4737
f 4730 4729 4741
f 4748 4742 4751
f 5752 3946 5445
f 4746 5446 4736
f 5447 5448 4736
f 4732 3932 4733
f 3932 4732 3933
f 5449 5443 3979
f 5450 5449 3976
f 5453 5450 5451
f 5453 5444 3940
f 3977 3924 5451
f 5445 5444 5452
f 3972 5422 3973
f 5441 5422 3990
f 5451 3974 5453
f 3940 3939 5453
f 5607 5201 4830
f 4812 5201 4813
f 4809 5454 4775
f 5199 5198 4773
f 5455 5199 4786
f 5503 5455 4801
f 4799 4007 4800
f 4030 5456 4014
f 5095 5094 5457
f 5459 5118 4041
f 4049 5458 4041
f 4023 5460 4049
f 5460 5102 4021
f 4022 4018 4046
f 4035 4040 4000
f 5101 4018 5102
f 4018 5101 4019
f 4034 5070 4039
f 5352 5070 5461
f 3997 5122 4008
f 4037 5098 4038
f 5502 5462 4799
f 4797 4029 4798
f 4029 4797 4030
f 5097 5103 4800
f 4792 5103 4782
f 4782 5463 4783
f 4775 4774 4809
f 5200 5198 4813
f 4776 4814 4777
f 5113 5108 4818
f 5587 5113 4832
f 3939 3942 5450
f 3942 3941 5449
f 4734 4733 5447
f 5420 5464 5207
f 5464 5465 5208
f 5250 5237 5251
f 5325 5466 5243
f 3901 5137 5383
f 5263 5302 3901
f 5149 5245 3895
f 5304 3885 5244
f 3903 3887 5293
f 5157 5294 3897
f 5306 5129 5148
f 5129 5348 5142
f 5333 5159 5325
f 5159 5333 5160
f 5465 5467 5209
f 5215 5213 5468
f 4744 4734 5446
f 4733 3978 5448
f 5442 3971 5439
f 5590 5469 4947
f 5469 5470 4934
f 4894 5471 4895
f 4908 5105 4909
f 4915 5472 4908
f 5565 5472 4921
f 5486 5473 4872
f 5126 5125 5475
f 5568 5125 4835
f 4868 5107 4869
f 4869 5106 4873
f 4854 5477 4855
f 5479 5478 4856
f 4859 5479 4881
f 4881 5480 4882
f 5481 5482 4882
f 5478 5483 5477
f 4870 4874 4860
f 4839 5484 4860
f 11635 5485 4866
f 4872 4867 5486
f 4891 5487 4861
f 4861 4883 4891
f 4883 5488 4922
f 5473 5489 5474
f 5489 5490 4888
f 5490 5491 4914
f 5491 5492 4894
f 4927 4937 4897
f 4897 4902 4927
f 4933 5471 5493
f 5493 5494 4933
f 5495 4823 5494
f 5496 4805 5495
f 5497 4806 5496
f 4814 4776 4815
f 4806 5497 4784
f 4784 4783 4806
f 5499 4793 5498
f 5501 4793 5500
f 4799 5501 5502
f 5456 5503 4050
f 4027 4050 4760
f 4760 5504 4027
f 5462 5505 4007
f 5660 3996 5505
f 4001 4047 4002
f 4036 4035 3999
f 5616 5506 4032
f 5508 5507 5506
f 5507 5508 4757
f 4757 5096 5507
f 5097 4800 5098
f 4757 5509 4758
f 4758 5510 4787
f 5511 5512 4787
f 5512 5513 4767
f 4767 5514 4768
f 5108 4807 5121
f 4817 5514 5515
f 5515 5516 4817
f 5517 4752 5516
f 4752 5517 4731
f 5426 4727 5518
f 3933 4730 3912
f 4741 5425 3912
f 5519 3967 5427
f 5520 3969 5519
f 3969 5520 5431
f 3924 3977 3925
f 3925 3929 3962
f 5768 3916 5433
f 3921 3986 3922
f 3953 3950 3954
f 4857 4854 4858
f 4840 4879 4841
f 11636 4834 5521
f 5523 5522 4846
f 4863 4917 4864
f 4863 4884 4917
f 5522 5523 5524
f 5524 4920 5525
f 5525 4919 5526
f 5526 4916 5527
f 4902 5528 4928
f 4903 4929 4904
f 4903 4907 4929
f 5561 4924 5531
f 5531 4923 5532
f 5062 5533 4938
f 5536 5533 5051
f 5051 5534 5536
f 5019 5048 5020
f 5594 5537 5063
f 5537 5538 5052
f 5017 5539 5044
f 5018 5017 5043
f 5043 5540 5018
f 5025 5099 5026
f 5031 5100 5025
f 5573 5100 5036
f 4978 5001 4979
f 5001 4978 5033
f 11632 5356 5361
f 5553 5543 5544
f 5566 5543 4950
f 4983 5545 4984
f 4984 5546 4988
f 4969 5342 4970
f 4972 5343 4969
f 5548 5343 4971
f 4974 5548 5550
f 5549 5551 5550
f 4990 5551 4991
f 5572 5552 4992
f 4979 5367 4964
f 4987 5359 5544
f 5356 4962 5035
f 5573 5553 5006
f 5368 5554 5038
f 5029 5554 5016
f 5016 5555 5017
f 5534 5010 5535
f 5010 5534 5011
f 5538 5541 5053
f 5046 5556 5047
f 5060 5557 5046
f 5792 5558 5559
f 4864 5488 4850
f 5523 4847 4920
f 4872 5474 5475
f 5565 5126 4890
f 4922 5120 4913
f 4913 5119 4901
f 4901 5560 4902
f 5527 4910 5561
f 4910 4909 4924
f 5470 5104 4935
f 4931 5562 5530
f 5606 5562 4943
f 3952 3988 5440
f 5440 3955 5439
f 3971 3970 5438
f 3923 3951 5435
f 5769 3923 5563
f 5434 3960 3993
f 5429 3966 3994
f 5429 3931 5428
f 5428 3914 4724
f 5424 4753 4725
f 5584 5564 5424
f 4724 3913 4725
f 3992 3937 3993
f 4030 4756 5456
f 4756 4755 5503
f 4864 4887 5488
f 4874 4873 5477
f 4759 4769 5103
f 4769 4768 5463
f 4021 4048 5460
f 4755 4778 5455
f 5607 5109 5201
f 4048 4017 5458
f 5571 4853 5481
f 5119 4886 5560
f 4847 5126 4921
f 5549 4998 5551
f 4980 4986 5566
f 5590 5567 5469
f 4865 4871 5568
f 5545 5569 5546
f 5606 5116 5562
f 5792 5570 5558
f 5565 4890 5472
f 4909 5104 4925
f 5479 4859 5478
f 5469 4939 5470
f 4971 4998 5548
f 4854 4857 5477
f 5368 5542 5554
f 4856 4880 5479
f 4962 4951 5553
f 5557 5115 5556
f 5554 5003 5555
f 5488 4883 5558
f 5021 5020 5555
f 4880 5571 5480
f 5560 4905 5528
f 5562 4941 5529
f 4904 5530 5528
f 5106 4842 5476
f 4889 4896 5472
f 5012 5011 5099
f 5573 5006 5100
f 4965 4964 5572
f 5539 5020 5421
f 4962 5553 5036
f 5594 5574 5537
f 4979 5542 5367
f 5537 5056 5538
f 5548 4974 5343
f 5741 5575 5078
f 4957 4970 5546
f 5367 4999 5552
f 5041 5026 5538
f 4989 4988 5342
f 5336 5338 5577
f 5575 5578 5576
f 4938 5567 5062
f 4946 4823 4947
f 4831 4752 4832
f 5597 5580 4751
f 5778 5072 5165
f 5580 5581 4748
f 5241 5582 5242
f 5582 5583 5584
f 5583 5585 5564
f 5776 5585 5227
f 5776 5586 5587
f 5588 5586 5223
f 4947 5588 5590
f 5220 5591 5221
f 5567 5591 5063
f 5063 5592 5594
f 5593 5595 5594
f 5775 5596 5467
f 5598 5597 4750
f 5345 5598 5347
f 5446 5600 4744
f 5600 5601 5350
f 5601 5602 5351
f 5604 5603 5464
f 5780 5604 5420
f 5780 5605 5557
f 5608 5605 5387
f 4830 5116 5607
f 5609 5608 5386
f 5781 5609 5385
f 5781 5602 5607
f 5627 5610 5612
f 4036 4032 5461
f 5644 5613 5615
f 3999 5616 4036
f 5815 5617 5619
f 5622 4004 5621
f 4004 5622 5457
f 5806 5624 5626
f 5717 5610 5628
f 5632 5095 5623
f 5667 5629 5631
f 5095 5632 5634
f 5640 5635 5637
f 5619 5618 5639
f 5715 5640 5642
f 5726 5643 5615
f 5626 5625 5646
f 5629 5647 5630
f 5656 5649 5651
f 11637 4012 5633
f 5805 5652 5654
f 11637 5655 4012
f 5749 5656 5657
f 5652 5658 5653
f 4047 4001 5660
f 5644 5661 5613
f 4001 5663 3996
f 5624 5664 5625
f 5122 3997 5352
f 5813 5666 5667
f 5352 5461 5122
f 5715 5668 5640
f 5637 5669 5640
f 5643 5670 5644
f 5625 5665 5645
f 5666 5672 5629
f 5746 5673 5675
f 5719 5676 5678
f 5708 5679 5681
f 5702 5682 5684
f 5690 5685 5687
f 5687 5688 5690
f 5694 5691 5693
f 5691 5694 5696
f 5721 5697 5699
f 5674 5700 5694
f 5674 5694 5675
f 5687 5679 5688
f 5679 5687 5680
f 5676 5702 5677
f 5721 5703 5697
f 5700 5674 5705
f 5704 5703 5707
f 5679 5708 5701
f 5745 5677 5710
f 5434 5563 3960
f 5637 5636 5712
f 5726 5659 5714
f 5642 5638 5715
f 5617 5668 5618
f 3965 3961 5436
f 3919 3926 3965
f 5814 5611 5716
f 11638 5716 5717
f 5730 5718 5657
f 5747 5706 5720
f 5720 5703 5722
f 5722 5721 5723
f 5699 5698 5725
f 5653 5659 5615
f 5654 5653 5614
f 5727 3975 3919
f 3975 5727 5452
f 11639 5729 5650
f 5657 5651 5730
f 5708 5681 5645
f 5645 5671 5708
f 5671 5731 5709
f 5718 5733 5719
f 5733 5734 5676
f 5734 5735 5702
f 5723 5699 5736
f 5691 5696 5738
f 5691 5738 5692
f 5689 5740 5575
f 5690 5689 5741
f 5741 5742 5690
f 5697 5710 5698
f 5745 5710 5704
f 5707 5744 5704
f 5673 5746 5647
f 5647 5672 5673
f 11638 5717 5747
f 5761 5748 5749
f 5767 5748 5612
f 5750 5445 5728
f 5445 5750 5752
f 5805 5753 5652
f 5652 5754 5658
f 5638 5713 5639
f 5642 5714 5638
f 5756 5714 5641
f 5643 5756 5670
f 5670 5757 5661
f 5661 5712 5662
f 11640 3944 5751
f 11640 5758 3944
f 5664 5759 5665
f 5731 5760 5648
f 5657 5719 5749
f 5717 5628 5706
f 5744 5761 5678
f 5709 5732 5701
f 5762 5763 5701
f 5688 5763 5689
f 5765 5682 5764
f 5682 5765 5683
f 5770 5743 5766
f 5669 5637 5757
f 5649 5656 5767
f 5815 5619 5753
f 5641 5669 5756
f 5732 5746 5762
f 5628 5627 5761
f 5762 5675 5763
f 5693 5692 5763
f 5710 5684 5743
f 5744 5678 5745
f 5631 5630 5759
f 5692 5739 5740
f 5707 5628 5744
f 5648 5746 5731
f 5643 5726 5756
f 3986 3921 5768
f 3921 5769 3916
f 5619 5639 5754
f 5434 3917 5563
f 5731 5671 5760
f 5698 5743 5724
f 5659 5658 5713
f 5577 5770 5336
f 5770 5577 5724
f 5336 5766 5083
f 5764 5771 5765
f 5742 5741 5077
f 5724 5340 5725
f 5080 5736 5067
f 5737 5772 5738
f 5073 5739 5074
f 5339 5773 5065
f 5338 5337 5339
f 5191 5774 5193
f 5071 5774 5188
f 5072 5071 5167
f 5579 5578 5073
f 5073 5078 5579
f 5783 5084 5073
f 5337 5774 5773
f 5603 5775 5465
f 5597 5344 5580
f 5580 5324 5581
f 5584 4749 5582
f 5241 5236 5582
f 5236 5228 5583
f 5776 5587 5585
f 5227 5224 5776
f 5588 4947 5586
f 5588 5223 5589
f 5567 5590 5591
f 5591 5220 5592
f 5592 5217 5593
f 5593 5216 5595
f 5165 5164 5778
f 5598 5345 5597
f 4750 4744 5598
f 5350 5347 5600
f 5600 5446 5601
f 4746 5109 5601
f 5059 5085 5060
f 5557 5060 5780
f 5420 5419 5780
f 4943 5115 5608
f 5606 4943 5609
f 5607 5606 5781
f 5385 5384 5781
f 5055 5574 5091
f 5774 5337 5595
f 5778 5782 5072
f 5777 5088 5778
f 5596 5775 5086
f 5779 5085 5783
f 5075 5087 5783
f 5060 5779 5604
f 5779 5087 5603
f 5413 5415 5406
f 5414 5396 5408
f 5408 5410 5784
f 5415 5414 5784
f 5416 5399 4025
f 5240 5124 4025
f 5124 5123 4009
f 5123 5204 4828
f 5204 5203 5093
f 5375 3847 5267
f 5376 5375 5296
f 11630 5377 5296
f 5379 5785 5380
f 5380 5273 5275
f 5275 3890 5276
f 11641 3883 5334
f 5568 5107 4865
f 5107 5568 5787
f 4834 4840 4835
f 5484 4866 4868
f 11635 4866 4839
f 4843 5788 5790
f 4843 5790 5559
f 11642 5792 5791
f 11642 5793 5792
f 4848 5570 5794
f 5794 5795 4848
f 11636 4879 4834
f 5545 4983 5566
f 5545 5566 5569
f 4949 4955 4950
f 5355 4996 4949
f 4995 5796 5798
f 5796 4995 5799
f 5572 5800 4965
f 5572 4992 5800
f 5804 5801 5802
f 5802 4960 5804
f 11633 4981 4954
f 4981 4980 5365
f 5654 5650 5805
f 11639 5650 5614
f 11643 5624 5807
f 11643 5808 5624
f 5759 5664 5809
f 5809 5810 5759
f 5667 5631 5811
f 5667 5811 5813
f 5668 5617 5814
f 5617 5815 5611
f 5767 5612 5753
f 5767 5753 5649
f 3 2 1124
f 1160 1188 1152
f 1188 1182 1115
f 1182 1172 1118
f 1172 1163 1120
f 1114 1191 1124
f 1194 5816 1189
f 70 64 5817
f 1183 1189 1130
f 1177 5818 1178
f 1129 1183 5817
f 1155 1134 1168
f 1164 1128 5819
f 1154 1137 1155
f 1165 1164 1139
f 1165 1139 1191
f 1156 5820 1157
f 1184 4103 1185
f 1170 5821 1179
f 1163 1113 1122
f 1170 1161 5821
f 1161 1160 1150
f 1141 5820 1145
f 1168 4102 1177
f 1179 1149 1184
f 4306 4308 1142
f 4306 1138 4308
f 1125 5816 1132
f 9677 5822 5824
f 5831 5825 5827
f 5822 5828 5827
f 5827 5829 5831
f 5829 5832 5830
f 5828 5834 5829
f 5832 5835 5833
f 5834 5837 5832
f 5835 5838 5836
f 5837 5840 5835
f 5838 5841 5839
f 5840 5843 5838
f 5841 5844 5842
f 5843 5846 5841
f 5844 5847 5845
f 5846 5849 5844
f 5851 5850 5847
f 5854 5851 5849
f 5853 5852 5851
f 9678 5853 5854
f 5858 5855 5857
f 9679 5858 5859
f 9680 5860 5862
f 5860 5863 5861
f 9680 5865 5860
f 5866 5867 5860
f 9682 5868 5865
f 5866 5868 5867
f 9683 5870 5823
f 5825 5871 5826
f 5871 5873 5872
f 9683 5875 5870
f 5873 5877 5874
f 5875 5879 5876
f 5877 5881 5878
f 9684 5883 5879
f 5891 5884 5886
f 5926 5887 5889
f 5895 5890 5891
f 5887 5892 5888
f 5922 5894 5895
f 5892 5896 5893
f 5855 5898 5856
f 9690 5900 5869
f 5900 5901 5867
f 9689 5901 5903
f 5852 5904 5850
f 5850 5905 5848
f 5906 5907 5848
f 5907 5908 5845
f 5908 5909 5842
f 5909 5910 5839
f 9686 5911 5833
f 5831 5912 5825
f 5825 5913 5871
f 5911 5912 5830
f 5916 5915 5873
f 5914 5916 5871
f 9686 5910 5918
f 9688 5919 5886
f 5891 5919 5895
f 5920 5921 5895
f 9688 5923 5925
f 5886 5885 5881
f 9684 5926 5883
f 5923 5915 5924
f 6669 5928 5924
f 5928 5929 5925
f 5929 5931 5930
f 5931 5933 5932
f 5986 5935 5937
f 5943 5938 5940
f 5940 5939 5942
f 5937 5936 5943
f 5935 5944 5936
f 5936 5945 5938
f 5938 5946 5939
f 5939 5947 5941
f 5944 5949 5945
f 9927 5951 5952
f 5945 5950 5946
f 5946 5953 5947
f 5954 5952 5947
f 5949 135 5950
f 9927 5952 136
f 5950 138 5953
f 5953 140 5954
f 5955 137 5954
f 5903 5902 5957
f 5959 5956 5958
f 9861 5959 5960
f 9685 5961 5963
f 5972 5964 5966
f 6659 5967 5969
f 5964 5970 5965
f 5968 5972 5969
f 5970 5973 5971
f 5985 5974 5918
f 5982 5976 5978
f 5975 5974 5980
f 5984 5981 5982
f 5978 5977 5927
f 5980 5979 5984
f 6669 5924 5983
f 5918 5917 5985
f 5935 5986 5988
f 5944 5935 5989
f 5949 5944 5990
f 135 5949 177
f 5995 5991 5993
f 6001 5994 5995
f 5999 5996 5998
f 6013 5996 6000
f 5998 5997 6001
f 5988 5987 5992
f 6008 6002 6004
f 6003 6005 6004
f 6665 6007 6008
f 6005 6009 6006
f 6009 6011 6010
f 6000 6012 6013
f 6013 6014 5996
f 6014 6013 6016
f 5994 6017 5991
f 5991 6018 5992
f 6002 6020 6003
f 6003 6021 6005
f 6007 6023 6002
f 6005 6022 6009
f 5997 6025 5994
f 6664 6026 6007
f 6009 6024 6011
f 5996 6015 5997
f 5989 5988 6019
f 5990 5989 6027
f 5990 6027 177
f 6014 6028 6015
f 6015 6029 6025
f 6025 6030 6017
f 6018 6032 6034
f 6038 6035 6030
f 6018 6034 6019
f 6028 6036 6029
f 6034 6033 222
f 6029 6037 6030
f 6032 6039 6033
f 6033 6040 232
f 6568 6041 6043
f 6041 6044 6042
f 6044 6046 6045
f 6023 6048 6020
f 6021 6050 6022
f 6020 6049 6021
f 6054 6052 6024
f 6026 6053 6023
f 6051 6054 6022
f 6056 6055 6054
f 6057 6056 6051
f 9963 6057 6050
f 6028 6014 6052
f 6028 6052 6036
f 10008 6058 6060
f 6568 6058 6062
f 9974 6063 6043
f 10008 6064 6066
f 6643 6067 6069
f 3605 6070 262
f 6131 6072 6074
f 6072 6075 6073
f 6079 6077 6073
f 6073 6076 6079
f 6083 6080 6081
f 280 6080 275
f 6088 6082 6083
f 6081 6071 6084
f 262 6071 280
f 9864 6085 6087
f 6077 6088 6074
f 6114 6089 6091
f 9896 6092 6094
f 9854 6095 6097
f 6122 6091 6098
f 296 295 6095
f 6097 6096 6100
f 6122 6098 6102
f 305 6099 295
f 6100 6099 6104
f 6102 6101 6106
f 343 6103 305
f 6112 6107 6109
f 6136 6110 6112
f 6149 6113 6115
f 6153 6116 6118
f 6116 6119 6117
f 6091 6121 6114
f 6091 6122 6121
f 6122 6102 6123
f 6102 6106 6124
f 6107 6126 6106
f 6112 6111 6107
f 6136 6120 6110
f 6094 6093 6120
f 6093 6127 6117
f 9367 328 6128
f 6113 6118 6129
f 9408 6130 6131
f 6134 6075 6133
f 6859 6134 6135
f 6161 6094 6136
f 9996 6137 6139
f 6104 6103 6141
f 356 6140 343
f 6110 6119 6143
f 6110 6143 6111
f 6124 6125 6146
f 6150 6115 6147
f 6152 6142 6116
f 6121 6123 6147
f 6162 6149 6150
f 6125 6126 6145
f 6176 6152 6153
f 6111 6144 6126
f 6123 6124 6148
f 371 6154 356
f 9856 6155 6157
f 6164 6158 6160
f 6107 6106 6108
f 6109 6161 6112
f 6153 6118 6149
f 6089 6114 6129
f 6176 6153 6162
f 6187 6163 6160
f 11588 6165 368
f 4323 6167 371
f 6179 6145 6168
f 6180 6169 6152
f 6144 6170 6151
f 6143 6142 6171
f 6178 6150 6172
f 6147 6148 6172
f 6143 6171 6144
f 6162 6174 6176
f 6148 6146 6173
f 6174 6162 6178
f 6146 6145 6177
f 6176 6175 6152
f 6184 6181 6174
f 6181 6182 6175
f 6186 6183 6184
f 6183 6185 6181
f 6184 6174 6172
f 6169 6180 6171
f 6171 6182 6170
f 6170 6185 6168
f 6185 6183 6179
f 6183 6186 6177
f 6186 6184 6173
f 9370 6187 6188
f 6160 6159 6188
f 6155 6190 6156
f 6167 6192 6154
f 6196 6190 6195
f 6221 6196 6197
f 6201 6198 6200
f 6203 6201 6202
f 6227 6203 6204
f 9402 6205 6207
f 9402 6208 6205
f 6293 6210 6212
f 6210 6213 6211
f 6232 6215 6217
f 9376 6218 6220
f 6223 6191 6196
f 6196 6221 6223
f 6221 6198 6222
f 6201 6203 6226
f 6203 6227 6225
f 9427 6229 6231
f 6278 6232 6233
f 6220 6219 6235
f 6163 6216 6164
f 10087 6236 6238
f 6271 6239 6241
f 6294 6242 6244
f 9851 6245 6247
f 10098 6248 6250
f 6258 6251 6253
f 6260 6254 6256
f 6262 6257 6258
f 6264 6259 6260
f 6265 6261 6262
f 6273 6263 6264
f 499 466 6265
f 6273 467 6263
f 10095 6242 6267
f 6251 6268 6252
f 6257 6269 6251
f 6257 6261 6269
f 466 473 6261
f 6248 6271 6249
f 6256 6272 6260
f 6236 6264 6237
f 6264 6236 6273
f 11588 467 6165
f 6277 6274 6232
f 6219 6275 6234
f 6281 6277 6278
f 6158 6164 6274
f 10090 6158 6279
f 6274 6277 6279
f 6277 6281 6280
f 6282 6281 6283
f 6275 6284 6276
f 6297 6285 6282
f 6285 6286 6280
f 6845 6287 6289
f 10090 6279 6290
f 6284 6291 6283
f 6198 6221 6199
f 6208 6293 6209
f 6198 6201 6224
f 6235 6234 6233
f 6239 6294 6240
f 6254 6258 6255
f 6259 6262 6254
f 6263 6265 6259
f 6266 499 6263
f 6234 6276 6278
f 6284 6275 6296
f 6283 6292 6282
f 6284 6296 6291
f 6301 6267 6299
f 6268 6269 6299
f 10095 6267 6302
f 6326 6303 6305
f 6218 6295 6219
f 6270 473 6306
f 6269 6270 6300
f 9398 6307 6309
f 6298 646 6291
f 6330 6310 6312
f 6328 6313 6315
f 6339 6316 6318
f 6305 6304 6320
f 6327 6321 6323
f 6305 6324 6326
f 6314 6321 6315
f 6316 6304 6317
f 10099 6313 6329
f 6310 6330 6332
f 6315 6327 6334
f 6327 6323 6333
f 6320 6336 6305
f 10101 6329 6337
f 9381 6338 6339
f 6310 6340 6311
f 6340 6310 6342
f 6328 6315 6337
f 6346 6343 6319
f 6338 6319 6316
f 6307 6344 6308
f 6356 6346 6338
f 6365 6347 6344
f 6351 6335 6349
f 6360 6334 6350
f 6350 6333 6351
f 6343 6352 6320
f 10101 6337 6354
f 9381 6355 6338
f 6359 6357 6340
f 6340 6342 6359
f 6337 6334 6353
f 6343 6346 6362
f 6384 6363 6361
f 6372 6361 6356
f 6390 6364 6365
f 6368 6351 6366
f 6378 6360 6367
f 6367 6350 6368
f 6343 6362 6352
f 6396 6354 6370
f 6355 6371 6356
f 6375 6373 6359
f 6359 6358 6375
f 584 6376 585
f 6370 6353 6378
f 6381 6379 6375
f 6375 6374 6381
f 590 6382 584
f 6397 6370 6383
f 6363 6384 6386
f 6399 6384 6372
f 6382 590 6388
f 6413 6389 6390
f 6394 6368 6391
f 6387 603 6388
f 6383 6378 6393
f 6393 6367 6394
f 6363 6395 6362
f 6403 6396 6397
f 6371 6398 6372
f 6402 6394 6400
f 6395 6392 611
f 6409 6383 6401
f 6401 6393 6402
f 6386 6392 6363
f 6420 6403 6404
f 6423 6405 6398
f 6381 6406 6379
f 6406 6381 6408
f 6411 6369 611
f 6404 6397 6409
f 6414 6410 6385
f 6405 6385 6399
f 6352 6369 621
f 6416 6412 6413
f 6422 6414 6405
f 6336 6352 625
f 6432 6415 6416
f 6419 6402 6417
f 6336 625 6324
f 6427 6409 6418
f 6418 6401 6419
f 6410 6388 6386
f 6436 6420 6421
f 6439 6422 6423
f 6426 6424 6406
f 6406 6408 6426
f 6421 6404 6427
f 6410 6414 6429
f 6447 6429 6430
f 6438 6428 6422
f 6286 6285 675
f 9392 6431 6432
f 6435 6419 6433
f 6443 6427 6434
f 6434 6418 6435
f 6429 6382 6410
f 6448 6436 6437
f 9385 6438 6439
f 6426 6440 6424
f 6440 6426 6442
f 651 660 6292
f 6437 6421 6443
f 6446 6435 6444
f 6455 6443 6445
f 6445 6434 6446
f 6429 6447 6382
f 6470 6448 6449
f 9385 6450 6438
f 6440 6452 6441
f 6452 6440 6454
f 6449 6437 6455
f 6474 6447 6456
f 6438 6451 6428
f 6287 1077 6288
f 9392 6457 6431
f 6452 6459 6453
f 6459 6452 6461
f 6449 6455 6463
f 6451 6464 6430
f 6457 6465 6458
f 6469 6446 6467
f 6455 6445 6462
f 6468 6445 6469
f 6474 6377 6447
f 6486 6470 6463
f 6472 6464 6450
f 6489 6471 6472
f 6479 6473 6456
f 585 6377 698
f 6488 6476 6459
f 6488 6459 6477
f 10114 6478 6461
f 6471 6479 6464
f 6465 6480 6466
f 6469 6467 6483
f 6462 6468 6485
f 6468 6469 6484
f 6377 6474 6475
f 10110 6486 6487
f 6487 6463 6485
f 10110 6488 6478
f 6471 6489 6491
f 6047 6046 6493
f 6847 6494 6288
f 9426 6495 6497
f 9370 6188 6499
f 6231 6230 6206
f 6846 6498 6189
f 6675 6500 6502
f 6566 6503 6505
f 6510 6506 6508
f 6512 6509 6510
f 6514 6511 6512
f 6569 6513 6514
f 6569 6515 6513
f 6515 6517 6516
f 6523 6519 6521
f 6525 6522 6523
f 6527 6524 6525
f 6562 6526 6527
f 6562 6528 6526
f 6528 6530 6529
f 6504 6532 6505
f 6849 6534 6536
f 6540 6537 6539
f 6687 6540 6541
f 6687 6541 6543
f 6548 6544 6546
f 6552 6547 6549
f 6549 6543 6550
f 6549 6550 6552
f 6558 6544 6547
f 6549 6548 6543
f 6552 6551 6554
f 6545 6555 6557
f 6550 784 6551
f 6689 6558 6559
f 6530 6528 6561
f 6528 6562 6560
f 6527 6564 6562
f 6541 6539 791
f 6697 6565 6566
f 6062 6567 6568
f 6508 6520 6510
f 6510 6519 6512
f 6512 6522 6514
f 6514 6524 6569
f 6569 6526 6515
f 6517 6515 6531
f 6575 6506 6570
f 6516 6518 6572
f 6573 6513 6572
f 6574 6511 6573
f 6570 6509 6574
f 6581 6575 6576
f 6572 6571 6578
f 6576 6570 6579
f 6579 6574 6580
f 6580 6573 6578
f 6587 6581 6582
f 6586 6578 6583
f 6582 6576 6584
f 6584 6579 6585
f 6585 6580 6586
f 6593 6587 6588
f 6592 6586 6589
f 6588 6582 6590
f 6590 6584 6591
f 6591 6585 6592
f 6599 6593 6594
f 6598 6592 6595
f 6594 6588 6596
f 6596 6590 6597
f 6597 6591 6598
f 6653 6599 6600
f 6604 6598 6601
f 6600 6594 6602
f 6602 6596 6603
f 6603 6597 6604
f 6840 6605 6607
f 6615 6608 6610
f 6607 6606 6612
f 6612 6611 6614
f 6614 6613 6615
f 6627 6616 6618
f 6617 6619 6618
f 6724 6621 6623
f 6717 6624 6626
f 6623 6622 6627
f 6625 6624 6629
f 6633 6630 6632
f 6642 6633 6634
f 10490 6635 6637
f 9867 6638 6630
f 10120 6639 6641
f 6064 6642 6065
f 6645 6643 6644
f 10490 6645 6635
f 6750 6640 6646
f 6672 6647 6533
f 6507 6506 6648
f 6575 6581 6648
f 6587 6650 6581
f 6587 6593 6650
f 6593 6599 6651
f 6599 6653 6652
f 6668 6655 6657
f 9687 6658 6659
f 5961 6660 5962
f 9868 6658 6663
f 9868 6664 6665
f 6660 6666 6661
f 6657 6667 6668
f 5985 5973 6000
f 5964 5972 6006
f 6669 5986 5928
f 5967 6665 5968
f 5976 5995 5977
f 5931 5929 5940
f 5979 5998 5981
f 5973 5970 6012
f 5929 5928 5943
f 5972 5968 6004
f 5977 5993 5983
f 5981 6001 5976
f 5974 5985 5999
f 5986 6669 5987
f 5970 5964 6010
f 5974 5999 5979
f 5933 5931 5942
f 6533 6532 6671
f 7251 6672 6671
f 6541 791 6542
f 899 784 6542
f 6551 783 6553
f 6502 6673 6675
f 6848 6676 6678
f 6682 6677 6679
f 6681 6680 6677
f 6802 6681 6682
f 9417 6683 6685
f 6546 6545 6686
f 6543 6546 6687
f 6552 6554 6547
f 7266 6688 6689
f 6688 6690 6558
f 6544 6690 6545
f 6685 6684 6692
f 6800 6682 6693
f 6800 6694 6696
f 9365 6697 6698
f 6861 6699 6701
f 6564 6702 6563
f 6560 6563 6704
f 6561 6560 6705
f 6713 6706 6708
f 6716 6709 6711
f 6803 6712 6706
f 6804 6709 6532
f 6804 6713 6714
f 6731 6715 6711
f 6719 6717 6718
f 10118 6719 6720
f 9870 6721 6638
f 6620 6619 6723
f 6629 6628 6724
f 6671 6670 6726
f 6776 6727 6729
f 6747 6730 6731
f 10036 6732 6734
f 6738 6735 6737
f 10350 6738 6739
f 10035 6740 6742
f 6740 6743 6741
f 10037 6745 6743
f 10037 6746 6745
f 6653 6748 6654
f 6640 6750 6752
f 6831 6753 6755
f 6641 6640 6756
f 6761 6757 6759
f 6808 6641 6760
f 6750 6761 6751
f 6810 6762 6764
f 6766 6765 6727
f 6771 6766 6767
f 6838 6768 6770
f 6762 6771 6763
f 6765 6772 6728
f 6622 6729 6616
f 6812 6775 6717
f 6621 6776 6622
f 6628 6777 6621
f 6619 6778 6722
f 6624 6775 6628
f 6835 6780 6782
f 6833 6783 6068
f 10007 6567 6785
f 6795 6786 6061
f 6786 6784 6062
f 6843 6068 6787
f 6761 6750 6788
f 6757 6761 6739
f 6792 6789 1022
f 10007 6785 6791
f 6493 6492 6792
f 6794 6793 6786
f 10122 6794 6795
f 6739 6737 6757
f 6798 6797 6635
f 6813 6798 6644
f 6784 6793 6785
f 6534 6501 6535
f 6737 6736 6796
f 6694 6800 6801
f 6682 6800 6802
f 6503 6706 6504
f 6805 6670 6716
f 6565 6803 6503
f 6714 6710 6804
f 6532 6504 6804
f 6806 6805 6715
f 10039 6806 6730
f 6746 6807 6747
f 10121 6808 6809
f 6865 6810 6811
f 10117 6812 6719
f 6798 6813 6815
f 6797 6798 6816
f 6736 6817 6753
f 6813 6783 6814
f 6830 6819 1054
f 6611 6820 6613
f 6781 6780 6823
f 10351 6824 6826
f 6833 6827 6829
f 6031 6035 6032
f 6867 6830 1064
f 6796 6753 6832
f 6783 6833 6818
f 6606 6834 6611
f 6871 6778 6617
f 6783 6813 6069
f 6870 6835 1068
f 6608 6836 6609
f 6605 6748 6606
f 6872 6768 6839
f 6605 6840 6842
f 6613 6821 6608
f 6835 6827 6780
f 6799 6818 6844
f 6018 6017 6032
f 6159 6845 6189
f 6494 6846 6289
f 9889 6847 4112
f 6676 6848 6502
f 6679 6676 6501
f 6501 6534 6679
f 6801 6693 6849
f 6537 6540 6691
f 6539 6538 1083
f 6536 6535 1084
f 1086 1085 6500
f 1087 1086 6675
f 6675 6674 1087
f 10009 6851 6853
f 6680 6854 6678
f 6678 6855 6848
f 6848 6856 6673
f 6673 6857 6674
f 6085 6134 6086
f 6862 6860 6861
f 6521 6700 6523
f 6523 6699 6525
f 9417 6685 6556
f 6692 6686 6685
f 6540 6687 6692
f 6860 6862 6564
f 6525 6860 6527
f 10121 6809 6864
f 10483 6865 6866
f 6764 6763 6812
f 6830 6867 6869
f 6869 6868 6790
f 6748 6605 6749
f 6780 6843 6822
f 6820 6602 6821
f 6827 6835 6828
f 6757 6796 6758
f 6834 6600 6820
f 6774 6871 6616
f 6836 6604 6837
f 6748 6653 6834
f 6772 6872 6773
f 6821 6603 6836
f 6827 6833 6843
f 6870 6819 6828
f 6873 6844 6828
f 6958 6874 6876
f 6881 6877 6879
f 6883 6880 6881
f 6885 6882 6883
f 6911 6884 6885
f 6901 6875 5870
f 11584 6886 5897
f 6939 6887 6889
f 6886 6890 5893
f 9871 6891 6893
f 5888 6890 5889
f 6899 6894 6896
f 5883 6887 5880
f 9681 6898 6899
f 6897 6900 5880
f 6900 6901 5876
f 11585 6902 6904
f 9872 6905 6907
f 6913 6908 6910
f 9677 6874 6911
f 6914 6912 6910
f 6879 6878 6914
f 10077 6915 6917
f 7258 6918 6920
f 6957 6921 6923
f 6958 6924 6926
f 6938 6927 6929
f 6917 6916 6931
f 6923 6922 6933
f 6926 6925 6935
f 6939 6889 6937
f 6937 6938 6939
f 9873 6940 6942
f 6932 6943 6933
f 6935 6934 6946
f 6953 6936 6947
f 9874 6948 6950
f 6946 6945 6952
f 6959 6953 6954
f 6961 6955 6956
f 6952 6951 6957
f 6924 6958 6955
f 10079 6959 6960
f 6927 6961 6928
f 6978 6962 6964
f 10075 6965 6967
f 7259 6968 6970
f 7006 6971 6973
f 7007 6974 6976
f 6988 6977 6978
f 6966 6979 6967
f 6971 6981 6972
f 6974 6983 6975
f 11644 6985 6987
f 11644 6987 6988
f 9875 6989 6991
f 6982 6981 6993
f 6983 6994 6984
f 7002 6986 6996
f 9876 6997 6999
f 6994 7000 6995
f 7009 7002 7003
f 6964 6963 7005
f 7000 7006 7001
f 6976 7005 7007
f 10080 7008 7003
f 7015 7010 7009
f 6963 7011 7004
f 7034 7013 7000
f 7021 7007 7012
f 7008 7014 7009
f 6962 7016 6963
f 6965 7017 6966
f 7057 7019 6968
f 7006 7013 6971
f 7007 7021 6974
f 7028 7016 6977
f 6966 7018 6979
f 6971 7020 6981
f 6974 7022 6983
f 6987 6986 7027
f 7027 7028 6987
f 6989 7029 6990
f 6981 7024 6992
f 6983 7025 6994
f 7010 7026 7002
f 7049 7033 6997
f 6994 7032 7000
f 7070 7035 7021
f 7028 7036 7016
f 7018 7038 7023
f 7020 7040 7024
f 7022 7035 7025
f 7044 7027 7043
f 7027 7044 7028
f 7078 7045 7029
f 7024 7041 7031
f 7042 7047 7025
f 7051 7043 7010
f 7083 7048 7049
f 7047 7050 7032
f 7054 7051 7015
f 7055 7052 7011
f 7050 7053 7034
f 7070 7021 7052
f 7061 7054 7014
f 7016 7037 7011
f 7065 7038 7017
f 7067 7056 7057
f 7053 7040 7013
f 7070 7052 7059
f 10081 7060 7061
f 7037 7062 7055
f 7098 7064 7065
f 7095 7066 7067
f 7085 7068 7053
f 7059 7069 7070
f 7036 7071 7037
f 7064 7072 7038
f 7068 7073 7040
f 7069 7074 7035
f 7076 7044 7075
f 7044 7076 7036
f 7107 7077 7078
f 7041 7073 7046
f 7074 7080 7042
f 7051 7081 7043
f 9877 7082 7083
f 7080 7084 7047
f 7054 7060 7051
f 7063 7058 7055
f 7084 7085 7050
f 7114 7086 7080
f 7085 7084 7087
f 7068 7085 7088
f 7073 7089 7079
f 10081 7091 7060
f 9877 7093 7082
f 7066 7095 7097
f 7064 7098 7100
f 7112 7101 7059
f 7072 7064 7102
f 7110 7063 7103
f 7088 7089 7068
f 7060 7092 7081
f 7108 7076 7105
f 7081 7104 7075
f 7119 7106 7107
f 7076 7108 7071
f 7071 7109 7062
f 7058 7063 7111
f 7111 7112 7058
f 7074 7069 7113
f 7074 7113 7080
f 7095 7082 7096
f 7067 7048 7095
f 7057 7033 7067
f 7033 7057 6998
f 7114 7113 7116
f 7118 7108 7117
f 7127 7109 7118
f 9878 7119 7120
f 7100 7099 7122
f 7130 7110 7123
f 7128 7090 7124
f 7101 7112 7126
f 7123 7103 7127
f 9879 7093 7128
f 7086 7114 7129
f 7113 7101 7115
f 7111 7110 7131
f 7137 7104 7132
f 7097 7096 7134
f 7087 7086 7135
f 7132 7092 7136
f 7117 7105 7137
f 7102 7100 7120
f 7088 7087 7138
f 7112 7111 7125
f 7096 7094 7133
f 7089 7088 7124
f 9879 7128 7141
f 7129 7116 7143
f 7165 7130 7144
f 7132 7136 7146
f 7152 7137 7146
f 7134 7133 7148
f 7135 7129 7149
f 7125 7131 7151
f 7156 7117 7152
f 7120 7122 7154
f 7138 7135 7155
f 7157 7118 7156
f 7162 7127 7157
f 7133 7139 7147
f 7124 7138 7159
f 7115 7126 7161
f 7144 7123 7162
f 9878 7120 7163
f 7122 7121 7153
f 7128 7124 7140
f 7126 7125 7160
f 7116 7115 7142
f 7131 7130 7150
f 7171 7152 7166
f 7248 7148 7167
f 7174 7149 7168
f 7151 7150 7170
f 7175 7156 7171
f 7154 7153 7173
f 7178 7155 7174
f 7176 7157 7175
f 7181 7162 7176
f 7167 7147 7177
f 7184 7159 7178
f 7161 7160 7180
f 7189 7144 7181
f 7163 7154 7182
f 7153 7164 7172
f 7187 7140 7184
f 7160 7151 7179
f 7142 7161 7185
f 7169 7150 7186
f 7141 7140 7188
f 7143 7142 7168
f 7186 7165 7189
f 7166 7146 7190
f 7235 7191 7193
f 7234 7194 7196
f 7225 7197 7199
f 7208 7200 7202
f 7211 7203 7205
f 7202 7206 7208
f 7205 7209 7211
f 7193 7192 7213
f 7226 7214 7216
f 7200 7217 7201
f 7246 7219 7221
f 7232 7222 7224
f 7197 7225 7226
f 7209 7227 7210
f 7222 7229 7223
f 7236 7231 7217
f 7239 7232 7233
f 7194 7234 7235
f 7246 7216 7219
f 7231 7236 7238
f 7233 7228 7239
f 7230 7229 7241
f 7245 7242 7244
f 7195 7238 7196
f 7199 7198 7245
f 7213 7212 7203
f 7241 7240 7243
f 7246 7221 7170
f 7195 7187 7238
f 7210 7228 7172
f 7197 7189 7198
f 7221 7206 7179
f 7182 7173 7233
f 7178 7231 7184
f 7211 7210 7183
f 7198 7181 7242
f 7242 7176 7243
f 7188 7194 7177
f 7231 7178 7218
f 7177 7235 7167
f 7171 7241 7175
f 7170 7169 7246
f 7183 7247 7211
f 7201 7218 7168
f 7167 7193 7248
f 7166 7230 7171
f 9863 7249 6656
f 6726 7250 6671
f 10141 6725 6805
f 7249 7252 6657
f 6661 6667 6663
f 5962 6661 6662
f 6662 7253 5962
f 5856 5899 7255
f 7255 7256 5856
f 7256 7257 5857
f 11585 6905 6920
f 6920 6949 7258
f 6968 7259 6998
f 6705 7260 6561
f 6559 7262 6689
f 6554 7264 6559
f 6689 7263 7266
f 6530 7267 6531
f 7272 7269 6583
f 7275 7270 6837
f 6577 7271 6583
f 7270 7273 6609
f 6837 6601 7275
f 6571 7276 6577
f 6517 7277 6518
f 7279 7274 6595
f 6518 7278 6571
f 7269 7279 6589
f 7281 7280 7279
f 7282 7281 7269
f 11645 7282 7272
f 7284 7283 7275
f 7275 7274 7284
f 7283 7285 7270
f 11646 7286 7281
f 7284 7280 7287
f 7287 7288 7284
f 7267 6530 7261
f 7277 6517 7268
f 6553 900 7289
f 7289 7264 6553
f 7292 7290 7288
f 11647 7292 7287
f 7322 7293 7295
f 7310 7296 7298
f 7326 7299 7301
f 7295 7294 7303
f 7296 7304 7297
f 7303 7302 7307
f 7304 7308 7305
f 7324 7310 7311
f 7308 7312 7309
f 7334 7314 7316
f 7320 7317 7319
f 7312 7320 7313
f 7316 7315 7306
f 11648 7321 7322
f 7325 7323 7311
f 7323 7325 7326
f 7294 7327 7302
f 7342 7329 7296
f 7302 7328 7306
f 7329 7331 7304
f 7340 7332 7324
f 7331 7333 7308
f 7349 7334 7335
f 7337 7336 7320
f 7333 7337 7312
f 7335 7316 7330
f 7293 7321 7339
f 7356 7340 7323
f 7356 7323 7341
f 7293 7339 7294
f 7332 7342 7310
f 7341 7326 7343
f 7328 7344 7330
f 7361 7346 7329
f 7355 7347 7340
f 7346 7348 7331
f 8907 7349 7350
f 7352 7351 7337
f 7348 7352 7333
f 7350 7335 7345
f 7339 7338 7354
f 8913 7355 7356
f 8913 7356 7357
f 7327 7339 7358
f 7347 7359 7332
f 7341 7343 7357
f 7327 7358 7328
f 7359 7361 7342
f 7557 7362 7364
f 7415 7365 7367
f 7393 7368 7370
f 7453 7371 7373
f 8654 7374 7376
f 8656 7377 7379
f 7560 7380 7382
f 8657 7383 7385
f 7454 7386 7388
f 7545 7389 7391
f 7548 7392 7370
f 7547 7394 7396
f 8677 7397 7399
f 7495 7400 7402
f 7564 7403 7383
f 7377 7404 7378
f 7558 7406 7366
f 7544 7407 7409
f 8874 7410 7412
f 7496 7411 7413
f 7458 7414 7363
f 7552 7415 7416
f 7478 7417 7419
f 7429 7420 7422
f 7469 7423 7425
f 7537 7426 7428
f 7419 7418 7422
f 7483 7430 7432
f 7630 7433 7434
f 7470 7435 7437
f 8678 7438 7440
f 7467 7441 7443
f 7617 7444 7446
f 7450 7447 7449
f 7443 7442 7449
f 7468 7443 7451
f 7449 7448 7451
f 7362 7368 7363
f 7374 7453 7375
f 7380 7454 7381
f 7532 7455 7457
f 7392 7458 7393
f 7555 7459 7461
f 8875 7462 7464
f 7446 7445 7466
f 7628 7467 7468
f 7440 7439 7469
f 7631 7470 7471
f 7434 7431 7472
f 7432 7431 7473
f 7611 7474 7476
f 7583 7427 7477
f 7441 7478 7442
f 7425 7424 7480
f 7442 7419 7450
f 7435 7481 7436
f 7422 7421 7450
f 7428 7427 7483
f 7417 7484 7418
f 7538 7486 7429
f 7620 7487 7489
f 8658 7490 7492
f 7397 7493 7398
f 7546 7400 7416
f 7554 7496 7497
f 7503 7498 7500
f 7402 7501 7495
f 7490 7503 7491
f 7462 7504 7463
f 7527 7506 7508
f 7582 7509 7511
f 7543 7512 7514
f 7647 7515 7517
f 7572 7518 7520
f 7556 7521 7523
f 7549 7524 7526
f 7385 7384 7512
f 7529 7527 7528
f 7540 7529 7530
f 7491 7500 7392
f 7541 7531 7513
f 7524 7532 7525
f 7551 7533 7535
f 7648 7536 7537
f 7500 7499 7458
f 7418 7485 7429
f 7368 7508 7369
f 7573 7489 7539
f 7382 7381 7540
f 7388 7387 7527
f 7403 7541 7384
f 7574 7542 7516
f 7649 7536 7519
f 7365 7543 7366
f 7535 7534 7544
f 7523 7522 7545
f 7381 7388 7529
f 7406 7546 7367
f 7493 7394 7494
f 7492 7491 7548
f 7459 7549 7460
f 7553 7550 7551
f 7495 7502 7416
f 7550 7553 7497
f 7504 7555 7505
f 7396 7395 7556
f 7530 7528 7557
f 7528 7508 7362
f 7531 7558 7514
f 7576 7559 7560
f 8657 7561 7383
f 7565 7563 7454
f 7581 7564 7562
f 7559 7565 7380
f 7409 7408 7567
f 7455 7568 7456
f 7390 7570 7391
f 7567 7566 7572
f 7568 7573 7569
f 7571 7570 7574
f 8659 7575 7576
f 7561 7577 7562
f 7565 7579 7563
f 7646 7581 7578
f 7559 7575 7565
f 7481 7582 7482
f 7474 7466 7475
f 7472 7430 7583
f 7457 7456 7585
f 7461 7460 7587
f 7464 7463 7589
f 7465 7590 7475
f 7444 7592 7445
f 7445 7593 7465
f 7475 7591 7476
f 7463 7505 7588
f 7487 7596 7488
f 7599 7526 7598
f 7601 7539 7597
f 7598 7525 7585
f 7505 7461 7595
f 7460 7526 7586
f 7456 7569 7584
f 7600 7569 7601
f 7605 7602 7504
f 8875 7603 7462
f 7604 7605 7462
f 7618 7606 7573
f 7615 7607 7466
f 7613 7608 7459
f 7612 7609 7455
f 7650 7610 7611
f 7614 7612 7532
f 7602 7613 7555
f 7621 7614 7524
f 7610 7615 7474
f 7607 7616 7446
f 7609 7618 7568
f 7606 7619 7489
f 7608 7621 7549
f 8696 7622 7624
f 7468 7451 7626
f 8697 7624 7627
f 7645 7628 7626
f 7636 7629 7630
f 7634 7631 7632
f 7639 7633 7634
f 7473 7433 7635
f 7641 7636 7637
f 7451 7452 7625
f 7642 7639 7640
f 7636 7641 7640
f 7629 7636 7643
f 7640 7634 7643
f 7625 7644 7626
f 7643 7644 7629
f 7484 7577 7485
f 7538 7579 7486
f 7620 7611 7487
f 7509 7646 7510
f 7480 7479 7647
f 8659 7520 7648
f 7485 7580 7538
f 7477 7426 7649
f 7476 7594 7487
f 7619 7650 7620
f 7847 7651 7653
f 7704 7654 7656
f 7743 7657 7659
f 7744 7660 7662
f 8660 7663 7665
f 8662 7666 7668
f 8663 7669 7671
f 8664 7672 7674
f 7745 7675 7677
f 7838 7678 7680
f 7821 7659 7681
f 7839 7682 7684
f 8699 7685 7687
f 7786 7688 7690
f 7672 7691 7673
f 7667 7693 7668
f 7848 7695 7655
f 7837 7696 7698
f 8888 7699 7701
f 7787 7700 7702
f 7749 7703 7652
f 7843 7704 7705
f 7768 7706 7708
f 7718 7709 7711
f 7759 7712 7714
f 7828 7715 7717
f 7708 7707 7711
f 7773 7719 7721
f 7916 7722 7723
f 7760 7724 7726
f 8700 7727 7729
f 7758 7730 7732
f 7756 7733 7735
f 7739 7736 7738
f 7732 7731 7738
f 7732 7738 7741
f 7738 7737 7740
f 7651 7743 7652
f 7664 7744 7665
f 7670 7675 7671
f 7823 7746 7748
f 7821 7749 7659
f 7845 7750 7752
f 8879 7753 7755
f 7871 7756 7757
f 7914 7758 7741
f 8700 7729 7759
f 7917 7760 7761
f 7723 7720 7762
f 7721 7720 7763
f 7901 7764 7766
f 7872 7716 7767
f 7730 7768 7731
f 7714 7713 7770
f 7731 7708 7739
f 7724 7771 7725
f 7711 7710 7739
f 7717 7716 7773
f 7932 7774 7706
f 7718 7775 7709
f 7829 7777 7779
f 8886 7780 7782
f 7685 7783 7686
f 7705 7785 7786
f 7844 7787 7788
f 7793 7789 7791
f 8665 7792 7690
f 7780 7793 7781
f 7753 7794 7754
f 7817 7796 7798
f 7870 7799 7801
f 7836 7802 7804
f 7834 7805 7807
f 7860 7808 7810
f 7846 7811 7813
f 7840 7814 7816
f 7802 7674 7803
f 7819 7817 7818
f 7831 7819 7820
f 7781 7791 7821
f 7832 7822 7803
f 7815 7814 7748
f 7841 7824 7826
f 7934 7827 7828
f 7790 7703 7791
f 7774 7775 7707
f 7798 7797 7743
f 7861 7829 7830
f 8663 7671 7831
f 7817 7745 7796
f 7692 7832 7673
f 7862 7833 7807
f 7808 7835 7809
f 7654 7836 7655
f 7825 7824 7837
f 7812 7811 7838
f 7671 7745 7819
f 7695 7785 7656
f 7783 7682 7784
f 7781 7821 7782
f 7751 7840 7752
f 11649 7841 7842
f 7792 7843 7786
f 11649 7842 7788
f 7795 7794 7845
f 7684 7683 7813
f 7820 7818 7847
f 7818 7798 7651
f 7822 7848 7804
f 8666 7849 7669
f 8664 7850 7672
f 7675 7852 7676
f 7868 7691 7851
f 7849 7852 7670
f 7698 7697 7855
f 7746 7856 7747
f 7679 7858 7680
f 7855 7854 7810
f 7856 7861 7857
f 7858 7833 7859
f 8666 7863 7849
f 7850 7865 7851
f 7869 7867 7852
f 7933 7868 7866
f 7864 7869 7849
f 7771 7870 7772
f 7764 7871 7765
f 7762 7719 7872
f 7888 7748 7873
f 7845 7752 7875
f 7755 7754 7877
f 7757 7878 7765
f 7734 7880 7735
f 7735 7881 7757
f 7765 7879 7766
f 7754 7795 7876
f 7779 7778 7885
f 7816 7815 7887
f 7890 7830 7885
f 7886 7815 7888
f 7795 7845 7883
f 7752 7816 7874
f 7747 7857 7873
f 7889 7857 7890
f 7794 7891 7750
f 8879 7893 7753
f 7753 7894 7794
f 7905 7895 7861
f 8707 7756 7896
f 7902 7897 7751
f 7746 7898 7856
f 7935 7900 7901
f 7903 7898 7823
f 7750 7892 7751
f 7907 7903 7814
f 7900 7896 7764
f 8707 7904 7756
f 7899 7905 7856
f 7895 7906 7829
f 7897 7907 7840
f 8719 7908 7910
f 7741 7740 7912
f 8720 7910 7913
f 7931 7914 7912
f 7922 7915 7916
f 7920 7917 7918
f 7925 7919 7920
f 7763 7722 7921
f 7927 7922 7923
f 7740 7742 7911
f 7928 7925 7926
f 7922 7927 7926
f 7915 7922 7929
f 7926 7920 7929
f 7911 7930 7912
f 7930 7921 7929
f 7865 7867 7932
f 7869 7864 7775
f 7777 7901 7778
f 7799 7933 7800
f 7770 7769 7805
f 7863 7809 7934
f 7867 7869 7774
f 7767 7715 7835
f 7766 7882 7778
f 7906 7935 7777
f 7988 7936 7938
f 7990 7939 7941
f 7966 7942 7944
f 8028 7945 7947
f 8667 7948 7950
f 8669 7951 7953
f 8134 7954 7956
f 8103 7957 7959
f 8029 7960 7962
f 8121 7963 7965
f 8033 7966 7967
f 8122 7968 7970
f 8722 7971 7973
f 8072 7974 7976
f 8138 7977 7958
f 7952 7978 7953
f 8132 7980 7940
f 8120 7981 7983
f 8896 7984 7986
f 8073 7985 7987
f 8115 7988 7989
f 8126 7990 7991
f 8053 7992 7994
f 8004 7995 7997
f 8044 7998 8000
f 8114 8001 8003
f 7994 7993 7997
f 8058 8005 8007
f 8208 8008 8009
f 8045 8010 8012
f 8723 8013 8015
f 8042 8016 8018
f 8191 8019 8021
f 8025 8022 8024
f 8018 8017 8024
f 8043 8018 8026
f 8024 8023 8026
f 7938 7937 7966
f 7949 8028 7950
f 7954 7960 7955
f 8109 8030 8032
f 7989 7938 8033
f 8129 8034 8036
f 8882 8037 8039
f 8021 8020 8041
f 8199 8042 8043
f 8015 8014 8044
f 8203 8045 8046
f 8009 8006 8047
f 8007 8006 8048
f 8187 8049 8051
f 8156 8002 8052
f 8016 8053 8017
f 8000 7999 8055
f 8017 7994 8025
f 8010 8056 8011
f 7997 7996 8025
f 8003 8002 8058
f 7992 8059 7993
f 8004 8061 7995
f 8192 8063 8065
f 8884 8066 8068
f 7971 8069 7972
f 7991 8071 8072
f 8128 8073 8074
f 8079 8075 8077
f 8670 8078 7976
f 8884 8079 8066
f 8038 8037 8081
f 8105 8082 8084
f 8217 8085 8087
f 8119 8088 8090
f 8218 8091 8093
f 8146 8094 8096
f 8130 8097 8099
f 8123 8100 8102
f 8088 8103 8089
f 8107 8104 8105
f 8131 8106 8107
f 8066 8077 8033
f 8117 8108 8089
f 8101 8109 8102
f 8125 8110 8112
f 8219 8113 8114
f 8077 8076 7989
f 7993 8060 8004
f 7942 8105 7943
f 8147 8116 8064
f 8106 7956 8104
f 8082 8029 8083
f 7959 7977 8089
f 8148 8118 8092
f 8220 8113 8095
f 7939 8119 7940
f 8112 8111 8120
f 8098 8097 8121
f 7955 8029 8104
f 7980 8071 7941
f 8069 7968 8070
f 8066 8033 8067
f 8034 8100 8035
f 8127 8124 8125
f 8072 8078 7991
f 8124 8127 8074
f 8081 8080 8036
f 7970 7969 8099
f 7936 8131 7937
f 7937 8107 7942
f 8108 8132 8090
f 8150 8133 8134
f 7957 8135 7958
f 8139 8137 7960
f 8155 8138 8136
f 8133 8139 7954
f 7983 7982 8141
f 8031 8030 8143
f 7965 7964 8145
f 8141 8140 8146
f 8143 8142 8147
f 8145 8144 8148
f 8671 8149 8150
f 8135 8151 8136
f 8139 8153 8137
f 11650 8155 8152
f 8133 8149 8139
f 8056 8087 8057
f 8049 8041 8050
f 8047 8005 8156
f 8032 8031 8158
f 8036 8035 8160
f 8039 8038 8162
f 8040 8163 8050
f 8019 8165 8020
f 8020 8166 8040
f 8050 8164 8051
f 8038 8081 8161
f 8064 8063 8170
f 8173 8123 8171
f 8147 8064 8172
f 8102 8032 8171
f 8081 8036 8168
f 8035 8123 8159
f 8157 8031 8174
f 8143 8147 8174
f 8080 8175 8129
f 8882 8177 8037
f 8037 8178 8080
f 8116 8179 8065
f 8189 8181 8041
f 8034 8182 8100
f 8030 8184 8142
f 8221 8186 8187
f 8109 8188 8030
f 8129 8176 8034
f 8193 8188 8101
f 8186 8189 8049
f 8181 8190 8021
f 8185 8179 8142
f 8740 8192 8180
f 8100 8183 8101
f 8741 8194 8196
f 8200 8043 8197
f 11651 8196 8198
f 8215 8199 8200
f 8208 8201 8008
f 8206 8203 8204
f 8210 8205 8206
f 8216 8048 8202
f 8742 8207 8208
f 8026 8027 8197
f 8212 8210 8211
f 8201 8207 8211
f 8202 8201 8213
f 8211 8206 8213
f 8197 8214 8200
f 8213 8214 8202
f 8059 8151 8060
f 8061 8153 8062
f 8192 8187 8063
f 11650 8152 8217
f 8055 8054 8218
f 8671 8096 8219
f 8060 8154 8061
f 8052 8001 8220
f 8063 8051 8169
f 8740 8221 8192
f 8418 8222 8224
f 8274 8225 8227
f 8252 8228 8230
f 8311 8231 8233
f 8672 8234 8236
f 8674 8237 8239
f 8421 8240 8242
f 8386 8243 8245
f 8312 8246 8248
f 8407 8249 8251
f 8316 8252 8253
f 8409 8254 8256
f 8892 8257 8259
f 8355 8260 8262
f 8426 8263 8244
f 8899 8264 8238
f 8419 8265 8226
f 8406 8266 8268
f 8898 8269 8271
f 8357 8272 8270
f 8391 8273 8223
f 8413 8274 8275
f 8338 8276 8278
f 8288 8279 8281
f 8329 8282 8284
f 8398 8285 8287
f 8278 8277 8281
f 8343 8289 8291
f 8297 8292 8293
f 8330 8294 8296
f 8496 8297 8298
f 8326 8299 8301
f 8480 8302 8304
f 8308 8305 8307
f 8301 8300 8308
f 8327 8301 8309
f 8309 8308 8310
f 8222 8228 8223
f 8235 8234 8311
f 8240 8246 8241
f 8393 8313 8315
f 8391 8223 8316
f 8416 8317 8319
f 8447 8320 8322
f 8469 8323 8325
f 8487 8326 8327
f 8745 8328 8329
f 8492 8330 8331
f 8293 8290 8332
f 8291 8290 8333
f 8475 8334 8336
f 8443 8286 8337
f 8299 8338 8300
f 8284 8283 8340
f 8300 8278 8305
f 8294 8341 8295
f 8305 8281 8306
f 8287 8286 8343
f 8276 8344 8277
f 8399 8346 8288
f 8400 8347 8349
f 8362 8350 8352
f 8259 8258 8354
f 8408 8355 8275
f 8415 8356 8357
f 8894 8358 8360
f 8675 8361 8261
f 8894 8360 8362
f 8322 8321 8364
f 8387 8365 8367
f 8442 8368 8370
f 8405 8371 8373
f 8506 8374 8376
f 8433 8377 8379
f 8417 8380 8382
f 8410 8383 8385
f 8371 8386 8372
f 8389 8365 8388
f 8402 8389 8390
f 8360 8391 8350
f 8403 8392 8372
f 8385 8384 8393
f 8412 8394 8396
f 8507 8397 8398
f 8360 8359 8391
f 8277 8345 8288
f 8228 8387 8229
f 8434 8400 8401
f 8242 8241 8402
f 8365 8312 8366
f 8263 8403 8245
f 8435 8404 8375
f 8508 8397 8378
f 8225 8405 8226
f 8396 8395 8406
f 8382 8381 8407
f 8241 8312 8389
f 8265 8408 8227
f 8353 8254 8354
f 8350 8316 8351
f 8319 8318 8410
f 8414 8411 8412
f 8361 8413 8262
f 8411 8414 8415
f 8364 8363 8416
f 8256 8255 8417
f 8390 8388 8418
f 8388 8387 8222
f 8392 8419 8373
f 8437 8420 8421
f 8243 8422 8244
f 8246 8424 8247
f 8441 8426 8423
f 8420 8424 8240
f 8267 8427 8268
f 8315 8314 8430
f 8251 8250 8432
f 8427 8377 8428
f 8430 8429 8401
f 8432 8431 8435
f 8676 8436 8437
f 8504 8438 8422
f 8424 8439 8425
f 8505 8441 8438
f 8436 8439 8420
f 8341 8442 8342
f 8469 8325 8334
f 8332 8289 8443
f 8393 8315 8445
f 8460 8416 8446
f 8744 8447 8448
f 8325 8449 8335
f 8303 8451 8304
f 8324 8453 8325
f 8335 8450 8336
f 8448 8322 8455
f 8349 8348 8457
f 8461 8410 8458
f 8401 8349 8459
f 8458 8385 8445
f 8455 8364 8460
f 8446 8319 8461
f 8444 8315 8462
f 8430 8401 8462
f 8363 8463 8317
f 8320 8465 8321
f 8321 8466 8363
f 8481 8467 8434
f 8478 8468 8469
f 8318 8470 8383
f 8314 8472 8429
f 8509 8474 8475
f 8313 8476 8314
f 8317 8464 8318
f 8384 8477 8313
f 8474 8478 8334
f 8746 8479 8480
f 8429 8473 8434
f 8467 8482 8400
f 8383 8471 8384
f 8302 8483 8303
f 8488 8327 8485
f 8451 8303 8486
f 8503 8487 8488
f 8495 8489 8297
f 8492 8331 8491
f 8479 8492 8493
f 8333 8292 8494
f 8499 8495 8496
f 8485 8309 8497
f 8500 8493 8498
f 8495 8499 8498
f 8489 8495 8501
f 8501 8498 8490
f 8485 8502 8488
f 8502 8494 8501
f 8344 8504 8345
f 8439 8436 8399
f 8347 8475 8348
f 8368 8505 8369
f 8340 8339 8506
f 8676 8379 8507
f 8345 8440 8399
f 8337 8285 8508
f 8336 8454 8348
f 8482 8509 8347
f 8602 8510 8512
f 8517 8513 8515
f 8558 8516 8517
f 9207 8518 8520
f 8514 8521 8515
f 8595 8523 8512
f 8573 8525 8527
f 8536 8528 8530
f 8565 8531 8533
f 8528 8534 8529
f 8527 8526 8530
f 8553 8537 8539
f 8642 8540 8541
f 8566 8542 8544
f 8622 8545 8547
f 8544 8543 8549
f 8562 8550 8552
f 8555 8553 8554
f 8549 8548 8554
f 8564 8549 8556
f 8554 8539 8556
f 8510 8516 8511
f 9201 8559 8561
f 8620 8562 8563
f 8567 8544 8564
f 8547 8546 8565
f 8644 8566 8567
f 8541 8538 8568
f 8539 8538 8557
f 8628 8569 8571
f 8621 8535 8572
f 8543 8573 8548
f 8533 8532 8575
f 8548 8527 8555
f 8542 8576 8543
f 8530 8529 8555
f 8529 8535 8553
f 8525 8577 8526
f 8592 8579 8536
f 8633 8580 8582
f 8651 8577 8583
f 8600 8584 8586
f 8612 8587 8589
f 8596 8517 8590
f 8579 8591 8528
f 8526 8578 8536
f 8613 8593 8581
f 8512 8511 8595
f 8558 8517 8597
f 8515 8522 8590
f 8614 8599 8586
f 8652 8591 8588
f 8594 8511 8597
f 8612 8601 8602
f 8513 8603 8514
f 8516 8605 8513
f 8604 8606 8514
f 8601 8605 8510
f 8512 8524 8602
f 8560 8608 8561
f 8520 8519 8611
f 8602 8607 8612
f 8609 8608 8613
f 8611 8610 8614
f 8589 8615 8612
f 8603 8616 8604
f 8605 8618 8603
f 8617 8619 8604
f 8601 8615 8605
f 8576 8583 8573
f 8569 8620 8570
f 8568 8537 8621
f 9201 8561 8518
f 8563 8565 8570
f 8552 8551 8547
f 8552 8547 8563
f 8571 8570 8575
f 8581 8580 8600
f 8613 8581 8599
f 8519 8561 8610
f 8609 8613 8610
f 8593 8623 8582
f 8631 8625 8620
f 8630 8626 8560
f 11652 8627 8628
f 8559 8629 8560
f 8627 8631 8569
f 8625 8632 8562
f 8608 8626 8593
f 8653 8633 8624
f 8645 8634 8636
f 8639 8564 8637
f 8648 8635 8638
f 8567 8564 8640
f 8647 8641 8642
f 8644 8567 8643
f 8636 8644 8645
f 8557 8540 8646
f 8638 8647 8648
f 8556 8557 8637
f 8634 8645 8649
f 8647 8638 8649
f 8641 8647 8650
f 8649 8643 8650
f 8637 8650 8639
f 8637 8646 8650
f 8577 8617 8578
f 8618 8615 8592
f 8628 8571 8633
f 8619 8617 8651
f 8584 8575 8585
f 8615 8589 8579
f 8578 8616 8592
f 8572 8534 8652
f 8580 8571 8584
f 11652 8628 8653
f 7551 7557 7553
f 7370 7369 7415
f 7412 8654 8655
f 7371 8656 7372
f 7567 7560 7409
f 7387 7386 7385
f 7414 7554 7364
f 7548 7370 7552
f 7482 7511 7478
f 7420 7537 7421
f 7447 7483 7448
f 7437 7436 7467
f 7471 7437 7628
f 7448 7432 7452
f 7436 7482 7441
f 7421 7428 7447
f 7511 7510 7417
f 7498 7411 7499
f 7501 8658 7502
f 7506 7512 7507
f 7387 7385 7506
f 7544 7540 7535
f 7486 7648 7420
f 7499 7496 7414
f 7409 7382 7544
f 7369 7507 7365
f 7502 7492 7552
f 7535 7530 7551
f 7572 7576 7567
f 7563 7561 7386
f 7520 8659 7572
f 7580 7577 7563
f 7632 7471 7645
f 7452 7473 7638
f 7643 7632 7644
f 7625 7638 7644
f 7510 7578 7484
f 7575 8659 7486
f 7842 7826 7653
f 7657 7654 7658
f 7701 7663 8661
f 7660 7666 7661
f 7698 7855 8663
f 7677 7676 7674
f 7703 7844 7653
f 7843 7681 7704
f 7772 7801 7768
f 7709 7828 7710
f 7736 7773 7737
f 7726 7725 7758
f 7761 7726 7914
f 7737 7721 7742
f 7725 7772 7730
f 7710 7717 7736
f 7801 7800 7706
f 7700 7787 7789
f 8886 7782 8665
f 7797 7796 7836
f 7796 7677 7802
f 7837 7831 7825
f 7709 7776 7828
f 7787 7844 7790
f 7698 8663 7837
f 7797 7836 7657
f 7782 7681 7792
f 7826 7825 7847
f 7855 7810 7669
f 7676 7853 8664
f 7810 7809 8666
f 7853 7867 7850
f 7918 7761 7931
f 7742 7763 7924
f 7929 7918 7930
f 7911 7924 7930
f 7866 7865 7800
f 7776 7864 7934
f 8125 7936 8127
f 7944 7943 7990
f 7986 7948 8668
f 7945 7951 7946
f 8141 8134 7983
f 7962 7961 8103
f 8115 8128 7988
f 7967 7944 8126
f 8057 8086 8053
f 7995 8114 7996
f 8022 8058 8023
f 8012 8011 8042
f 8046 8012 8199
f 8023 8007 8027
f 8011 8057 8016
f 7996 8003 8022
f 8086 8085 7992
f 8075 7985 8076
f 8068 8067 8670
f 8084 8083 8119
f 8083 7962 8088
f 8120 8106 8112
f 8062 8219 7995
f 8076 8073 8115
f 7983 7956 8120
f 7943 8084 7939
f 8067 7967 8078
f 8112 8131 8125
f 8146 8150 8141
f 7961 8137 7957
f 8096 8671 8146
f 8154 8151 8137
f 8204 8046 8215
f 8027 8048 8209
f 8213 8204 8214
f 8197 8209 8214
f 8085 8152 8059
f 8062 8149 8219
f 8412 8418 8414
f 8230 8229 8274
f 8898 8672 8673
f 8233 8232 8674
f 8428 8421 8268
f 8248 8247 8386
f 8273 8356 8224
f 8253 8230 8413
f 8342 8370 8338
f 8279 8398 8280
f 8306 8343 8307
f 8296 8295 8326
f 8331 8296 8487
f 8307 8291 8310
f 8295 8342 8299
f 8280 8287 8306
f 8370 8369 8276
f 8358 8271 8359
f 8352 8351 8675
f 8367 8366 8405
f 8366 8248 8371
f 8406 8402 8396
f 8346 8507 8279
f 8359 8272 8273
f 8268 8242 8406
f 8229 8367 8225
f 8351 8253 8361
f 8396 8390 8412
f 8433 8437 8428
f 8247 8425 8243
f 8379 8676 8433
f 8425 8440 8422
f 8490 8331 8503
f 8310 8333 8497
f 8502 8501 8503
f 8485 8497 8502
f 8369 8438 8344
f 8436 8676 8346
f 7389 7585 7390
f 7587 7586 7394
f 7589 7588 8677
f 7590 7469 7591
f 7592 8678 7593
f 7593 7440 7590
f 7591 7425 7594
f 7588 7595 7397
f 7596 7647 7597
f 7521 7599 7522
f 7542 7601 7517
f 7522 7598 7389
f 7595 7587 7493
f 7395 7586 7521
f 7584 7600 7390
f 7570 7600 7542
f 8682 8679 7605
f 7603 8680 7604
f 7604 8681 7605
f 8693 8683 7618
f 8691 8684 7615
f 8690 8685 7613
f 8689 8686 7612
f 8698 8687 7650
f 7614 8688 7612
f 8679 8690 7602
f 8695 8688 7621
f 8687 8691 7610
f 8684 8692 7607
f 7609 8686 7618
f 8683 8694 7606
f 8685 8695 7608
f 7622 8696 7639
f 7627 7641 8697
f 7623 7622 7642
f 7641 7627 7642
f 7594 7480 7596
f 8694 8698 7619
f 7678 7888 7679
f 7682 7875 7683
f 7877 7876 8699
f 7878 7759 7879
f 7880 7727 7881
f 7881 8700 7878
f 7879 7714 7882
f 7876 7883 7685
f 7884 7805 7885
f 7846 7887 7811
f 7833 7890 7834
f 7811 7886 7678
f 7883 7875 7783
f 7874 7887 7683
f 7873 7889 7679
f 7858 7889 7833
f 7891 8701 7892
f 7893 8703 7894
f 7894 8704 7891
f 8716 8705 7905
f 8714 8706 7896
f 8712 8708 7902
f 8711 8709 7898
f 8721 8710 7935
f 8713 8711 7903
f 8702 8712 7892
f 8718 8713 7907
f 8710 8714 7900
f 8706 8715 8707
f 8709 8716 7899
f 8705 8717 7895
f 8708 8718 7897
f 7908 8719 7925
f 7913 7927 8720
f 7909 7908 7928
f 7927 7913 7928
f 7882 7770 7884
f 8717 8721 7906
f 8158 8157 7963
f 8160 8159 7968
f 8162 8161 8722
f 8163 8044 8164
f 8165 8723 8166
f 8166 8015 8163
f 8164 8000 8167
f 8161 8168 7971
f 8170 8169 8093
f 8173 8171 8130
f 8172 8170 8118
f 8097 8171 7963
f 8168 8160 8069
f 8159 8173 7969
f 8157 8174 7964
f 8174 8172 8144
f 8175 8724 8176
f 8177 8726 8178
f 8178 8727 8175
f 8739 8728 8179
f 8737 8729 8189
f 8735 8730 8182
f 8184 8731 8185
f 8743 8733 8221
f 8188 8734 8184
f 8176 8725 8182
f 8193 8736 8188
f 8733 8737 8186
f 8729 8738 8181
f 8732 8739 8185
f 11653 8740 8728
f 8183 8730 8193
f 8194 8741 8210
f 11651 8198 8742
f 8195 8194 8212
f 8207 8198 8212
f 8169 8167 8218
f 11653 8743 8740
f 8445 8444 8249
f 8254 8460 8255
f 8257 8744 8258
f 8449 8329 8450
f 8451 8496 8452
f 8453 8745 8449
f 8450 8284 8454
f 8258 8448 8353
f 8456 8506 8457
f 8380 8461 8381
f 8459 8457 8404
f 8381 8458 8249
f 8455 8460 8353
f 8446 8461 8255
f 8250 8444 8431
f 8431 8462 8404
f 8463 8355 8464
f 8899 8260 8465
f 8466 8260 8463
f 8441 8505 8481
f 8294 8330 8478
f 8470 8265 8471
f 8472 8263 8473
f 8442 8341 8509
f 8476 8403 8472
f 8464 8408 8470
f 8392 8403 8477
f 8341 8294 8474
f 8330 8492 8746
f 8426 8441 8473
f 8505 8368 8467
f 8471 8419 8477
f 8483 8302 8493
f 8451 8486 8496
f 8484 8483 8500
f 8499 8486 8500
f 8454 8340 8456
f 8368 8442 8482
f 7947 7946 8748
f 9302 8749 8751
f 8311 8752 8235
f 9492 8754 8755
f 7376 7375 8757
f 8776 8758 8760
f 8311 8233 8752
f 8674 8762 8233
f 8766 8763 8765
f 9492 8755 8765
f 9304 8767 8769
f 8757 8770 7376
f 9296 8771 8749
f 8781 8772 7662
f 8760 8759 8774
f 8897 8775 8763
f 8758 8776 8778
f 8883 8779 8768
f 7662 7661 8781
f 8788 8756 7373
f 8655 8770 8783
f 8264 8754 8239
f 8762 8674 8784
f 9297 8785 8773
f 8748 8786 7947
f 7373 7372 8788
f 8779 8789 8769
f 8815 8791 8793
f 8775 8794 8764
f 9312 8796 8798
f 8771 8799 8750
f 8825 8800 8801
f 8812 8802 8804
f 8812 8805 8807
f 8825 8808 8810
f 7946 8669 8747
f 8805 8812 8813
f 9300 8805 8814
f 8826 8815 8816
f 9309 8817 8819
f 8807 8806 8793
f 8786 8820 7950
f 9191 8821 8822
f 8806 8823 8816
f 8808 8825 8822
f 9539 8826 8824
f 9538 8827 8829
f 8847 8830 8832
f 9538 8829 8834
f 8830 8835 8831
f 8841 8836 8837
f 9315 8838 8840
f 9306 8841 8842
f 9315 8840 8844
f 8832 8845 8847
f 8866 8848 8850
f 9325 8851 8853
f 8865 8854 8856
f 8850 8849 8858
f 8846 8859 8861
f 8662 8862 7661
f 8853 8852 8863
f 9318 8864 8865
f 9323 8851 8866
f 9178 8867 8830
f 8860 8859 8869
f 8873 8870 8828
f 8845 8871 8846
f 8828 8842 8873
f 7490 8658 7453
f 7498 7503 8654
f 7501 7402 8656
f 8776 8677 8777
f 7402 7401 7377
f 8783 8874 8655
f 7503 7490 7374
f 8785 8875 8774
f 8774 7464 8760
f 8785 8876 8875
f 7411 7498 7412
f 8658 7501 7371
f 8760 7589 8776
f 8876 8877 7603
f 9302 8878 8879
f 7789 7793 7663
f 7666 8665 7667
f 7690 7689 7667
f 7976 7975 7952
f 8885 8699 8880
f 8767 8881 8882
f 8768 8039 8883
f 9302 8879 8749
f 8079 8884 7949
f 9296 7877 8885
f 7660 8886 7666
f 8670 7976 7951
f 7700 7789 7701
f 8075 8079 7948
f 8878 8887 7893
f 9296 8749 7877
f 8897 8763 8744
f 7793 7780 7664
f 9295 8888 8661
f 8883 8162 8889
f 7780 8886 7744
f 8881 8890 8177
f 8763 8766 8447
f 8889 8722 8891
f 8231 8362 8232
f 9303 8257 8893
f 8358 8894 8672
f 7945 8068 7951
f 8668 8895 7986
f 8884 8068 8028
f 7986 7985 7948
f 8767 8882 8768
f 8232 8352 8237
f 8234 8894 8231
f 9303 8897 8257
f 8766 8755 8320
f 8271 8358 8898
f 8755 8264 8465
f 8673 8900 8898
f 8237 8675 8238
f 8260 8899 8261
f 7344 8901 7345
f 8918 8903 7361
f 7355 8904 7347
f 8903 8906 7346
f 8934 8907 8908
f 7351 7352 8910
f 8906 8909 7348
f 8908 7350 8902
f 8922 8911 7353
f 8913 8912 7355
f 8912 8913 8914
f 8911 8915 7354
f 8905 8916 7347
f 8914 7357 8917
f 7358 8915 7344
f 8916 8918 7359
f 8933 8919 8906
f 8935 8908 8920
f 8938 8921 8922
f 8925 8923 8912
f 8912 8914 8925
f 8911 8921 8915
f 8932 8927 8905
f 8914 8917 8924
f 8915 8926 8901
f 8927 8930 8916
f 8901 8929 8902
f 8930 8931 8918
f 8923 8932 8904
f 8931 8933 8903
f 8951 8934 8935
f 8910 8909 8936
f 8970 8937 8938
f 8941 8939 8925
f 8925 8924 8941
f 8937 8942 8921
f 8949 8943 8932
f 8924 8928 8940
f 8926 8942 8929
f 8943 8946 8927
f 8929 8945 8920
f 8946 8948 8930
f 8939 8949 8923
f 8948 8950 8931
f 8966 8951 8952
f 8936 8919 8954
f 8950 8953 8933
f 8952 8935 8947
f 8937 8955 8942
f 8964 8957 8949
f 8940 8944 8959
f 8942 8956 8945
f 8957 8961 8943
f 8945 8960 8947
f 8961 8963 8946
f 8971 8964 8939
f 8963 8965 8948
f 8987 8966 8967
f 8954 8953 8969
f 8965 8968 8950
f 8967 8952 8962
f 8974 8955 8970
f 8972 8971 8941
f 8941 8940 8972
f 9005 8973 8974
f 8977 8975 8972
f 8972 8959 8977
f 8973 8978 8955
f 8985 8979 8964
f 8959 8958 8976
f 8956 8978 8960
f 8979 8982 8957
f 8960 8981 8962
f 8982 8984 8961
f 8975 8985 8971
f 8984 8986 8963
f 9000 8987 8988
f 8969 8968 8990
f 8986 8989 8965
f 8988 8967 8983
f 9004 8991 8973
f 8998 8992 8985
f 9007 8976 8993
f 8978 8991 8981
f 8992 8995 8979
f 8981 8994 8983
f 8995 8997 8982
f 9006 8998 8975
f 8997 8999 8984
f 9017 9000 9001
f 8990 8989 9003
f 8999 9002 8986
f 9001 8988 8996
f 9022 9004 9005
f 9024 9006 8977
f 9024 8977 9007
f 8991 9008 8994
f 8992 9010 8995
f 8994 9009 8996
f 9011 9013 8995
f 9006 9014 8998
f 9013 9016 8997
f 9033 9017 9018
f 9003 9002 9020
f 9016 9019 8999
f 9018 9001 9012
f 9038 9021 9022
f 9024 9023 9006
f 9023 9024 9025
f 9021 9008 9004
f 8998 9015 8992
f 9025 9007 9026
f 9009 9027 9012
f 9044 9029 9011
f 9014 9030 9015
f 9029 9032 9013
f 9048 9033 9034
f 9020 9019 9036
f 9032 9035 9016
f 9034 9018 9028
f 9054 9037 9038
f 9023 9039 9014
f 9039 9023 9040
f 9021 9037 9008
f 9015 9031 9010
f 9040 9025 9043
f 9008 9041 9009
f 9042 9044 9010
f 9030 9045 9031
f 9062 9047 9029
f 9079 9048 9049
f 9036 9035 9051
f 9047 9050 9032
f 9049 9034 9052
f 9067 9053 9054
f 9039 9055 9030
f 9055 9039 9056
f 9053 9057 9037
f 9031 9046 9042
f 9056 9040 9059
f 9041 9057 9027
f 9058 9061 9042
f 9027 9060 9028
f 9061 9062 9044
f 9051 9050 9064
f 9078 9063 9047
f 9080 9049 9065
f 9082 9066 9067
f 9055 9068 9045
f 9068 9055 9070
f 9066 9071 9053
f 9077 9072 9046
f 9070 9056 9073
f 9057 9071 9060
f 9072 9075 9058
f 9060 9074 9052
f 9075 9076 9061
f 9045 9069 9046
f 9076 9078 9062
f 9095 9079 9080
f 9114 9081 9082
f 9068 9083 9069
f 9083 9068 9085
f 9081 9086 9066
f 9093 9087 9077
f 9085 9070 9088
f 9086 9089 9071
f 9087 9090 9072
f 9074 9089 9065
f 9090 9092 9075
f 9069 9084 9077
f 9092 9094 9076
f 9109 9095 9096
f 9064 9063 9098
f 9094 9097 9078
f 9096 9080 9091
f 9113 9099 9081
f 9107 9100 9093
f 9116 9085 9101
f 9099 9102 9086
f 9100 9103 9087
f 9089 9102 9091
f 9103 9105 9090
f 9084 9106 9093
f 9105 9108 9092
f 9124 9109 9110
f 9098 9097 9112
f 9108 9111 9094
f 9110 9096 9104
f 9129 9113 9114
f 9083 9115 9084
f 9115 9083 9116
f 9099 9117 9102
f 9133 9119 9100
f 9102 9118 9104
f 9119 9121 9103
f 9131 9122 9106
f 9121 9123 9105
f 9141 9124 9125
f 9112 9111 9127
f 9123 9126 9108
f 9125 9110 9120
f 9146 9128 9129
f 9115 9130 9106
f 9130 9115 9132
f 9128 9117 9113
f 9122 9133 9107
f 9132 9116 9134
f 9118 9135 9120
f 9152 9137 9119
f 9131 9138 9122
f 9121 9137 9123
f 9354 9141 9142
f 9127 9126 9144
f 9140 9143 9123
f 9142 9125 9136
f 9166 9145 9146
f 9130 9147 9131
f 9147 9130 9148
f 9145 9149 9128
f 9139 9150 9122
f 9148 9132 9151
f 9117 9149 9118
f 9150 9152 9133
f 9138 9153 9139
f 9137 9155 9140
f 9601 9157 9159
f 9593 9160 9162
f 9156 9160 9140
f 9159 9158 9164
f 9595 9165 9166
f 9147 9167 9138
f 9596 9167 9169
f 9145 9165 9149
f 9139 9154 9150
f 9169 9168 9173
f 9149 9170 9135
f 9150 9171 9152
f 9135 9174 9136
f 9152 9175 9137
f 8842 8837 8872
f 8847 8846 9177
f 9309 8869 8817
f 8847 9177 8830
f 9490 9179 8867
f 9491 9180 8861
f 8837 8835 9176
f 9184 8752 9181
f 8772 9182 7665
f 7379 9183 7372
f 8661 8660 7378
f 7379 8660 9183
f 8753 8752 9185
f 8873 9186 9185
f 8668 8667 7668
f 8872 9176 9187
f 8862 8662 8820
f 8873 8872 9186
f 8870 9184 9188
f 8829 8870 8833
f 8753 9186 8235
f 8669 8236 8811
f 8673 8236 7953
f 9184 8870 9185
f 8822 9189 9191
f 9196 9192 9194
f 9604 9195 9196
f 9214 8523 9197
f 9213 9198 8598
f 8518 9199 9201
f 8559 9201 9202
f 9204 9203 8596
f 9198 9204 8590
f 9202 9205 8559
f 9203 9206 8597
f 9199 8518 9208
f 9206 9197 8594
f 9219 9209 9203
f 9206 9209 9197
f 9215 9199 9211
f 9227 9212 9213
f 9228 9214 9210
f 9199 9215 9200
f 9202 9200 9217
f 9217 9218 9202
f 9220 9219 9204
f 9212 9220 9198
f 9220 9221 9219
f 9226 9221 9212
f 9219 9222 9209
f 9209 9223 9210
f 9229 9215 9225
f 9243 9226 9227
f 11654 9228 9224
f 9215 9229 9216
f 9231 9217 9230
f 9217 9231 9218
f 9229 9233 9230
f 9235 9231 9234
f 9231 9235 9232
f 9221 9237 9222
f 9226 9239 9221
f 9238 9240 9222
f 9240 9241 9223
f 9233 9229 9242
f 11655 9239 9243
f 11654 9224 9244
f 9233 9242 9246
f 11655 9247 9239
f 9244 9241 9250
f 9233 9246 9234
f 9252 9235 9251
f 9235 9252 9236
f 9237 9254 9238
f 9239 9248 9237
f 9255 9256 9238
f 9256 9249 9240
f 9255 9257 9256
f 9258 9259 9256
f 9264 9246 9260
f 9247 9261 9248
f 9250 9249 9263
f 9246 9264 9251
f 9266 9252 9265
f 9252 9266 9253
f 9254 9268 9255
f 9248 9262 9254
f 9575 9259 9269
f 9575 9270 9259
f 9299 9271 9273
f 9271 9274 9272
f 9574 9276 9278
f 9273 9272 9280
f 9282 9280 9281
f 9287 9282 9283
f 9341 9284 9286
f 9289 9287 9288
f 9293 9289 9290
f 9294 9290 9292
f 9506 9293 9294
f 7378 7405 8661
f 7694 8895 7668
f 8877 8876 8880
f 9296 8885 8785
f 8771 9296 9297
f 9297 8802 8771
f 8814 9298 9300
f 8823 8806 9300
f 9573 9301 9260
f 8887 8878 8891
f 8883 8889 9302
f 7979 8900 7953
f 8890 8881 8893
f 8897 9303 8767
f 8775 8897 9304
f 9304 8800 8775
f 9189 9305 8826
f 9539 9190 8826
f 9189 8822 9305
f 9305 8789 8815
f 8751 8779 9302
f 8810 8809 8797
f 9320 8864 8843
f 8842 8828 9306
f 8869 9307 8860
f 8869 9309 9307
f 9177 9180 9178
f 8833 9188 9312
f 9301 9313 9264
f 9319 9314 8844
f 8848 9316 8849
f 8864 9318 8844
f 8864 9320 8854
f 8849 9317 8857
f 8851 9323 8852
f 8854 9321 8855
f 8851 9325 8848
f 8852 9324 8855
f 9537 8798 9326
f 9290 9288 9291
f 8809 8808 9326
f 9288 9283 9327
f 9329 9266 9313
f 9266 9329 9267
f 9498 9262 9331
f 9498 9332 9262
f 9268 9332 9257
f 8857 9322 9285
f 9502 9334 9336
f 9335 9334 9338
f 8834 8833 9339
f 9520 9340 9341
f 9604 9342 9344
f 9344 9343 9346
f 9346 9345 9348
f 9348 9347 9350
f 9350 9349 9352
f 9467 9353 9157
f 9353 9355 9354
f 9463 9356 9124
f 9358 9357 6705
f 9359 9358 6704
f 9416 9359 6703
f 9416 6703 9360
f 9360 6702 9361
f 9361 6862 9362
f 9418 9362 6701
f 9419 9363 6695
f 9420 9363 6565
f 9420 9364 6802
f 9421 9364 9365
f 9421 9366 6680
f 6070 3605 9367
f 9367 9368 6070
f 9425 9369 6499
f 9369 9371 9370
f 9428 9372 6163
f 9372 9373 6216
f 9373 9374 6217
f 9375 9374 6212
f 9377 6220 9375
f 9429 9376 9377
f 9430 6339 9378
f 9430 6308 9379
f 9379 9380 9381
f 9380 9382 6355
f 9382 6364 9383
f 9383 6389 9384
f 9386 6439 9384
f 9431 9385 9386
f 9431 6431 9387
f 9388 9387 6466
f 9389 9388 6481
f 9432 6490 9389
f 9434 6480 9390
f 9435 9390 6457
f 9435 9391 6453
f 9393 9391 6432
f 9394 6407 9393
f 9436 6379 9394
f 9436 6413 9395
f 9395 6390 9396
f 9437 6341 9396
f 9437 9397 6341
f 9438 9397 9398
f 9439 9399 6228
f 9399 9400 6225
f 9400 9401 6226
f 9401 6208 9403
f 9440 6223 9403
f 9440 6207 9404
f 9441 6229 9405
f 9405 6496 9406
f 9408 6084 9407
f 6130 9408 9409
f 9460 9410 7334
f 9460 9411 7301
f 9461 9411 8907
f 9461 8907 9412
f 9414 9352 9413
f 9608 9414 9415
f 7266 7265 9358
f 6688 7266 9359
f 6690 6688 9416
f 6690 9416 6555
f 6555 9360 6556
f 6556 9361 9417
f 6683 9417 9418
f 6712 6803 9419
f 6802 6696 9420
f 6565 6697 9420
f 6680 6681 9421
f 9887 9422 6129
f 9409 9423 6130
f 9423 9424 6132
f 6497 9369 9426
f 6497 9427 9369
f 6231 6206 9428
f 6205 9373 6206
f 6205 6209 9373
f 6233 9374 6235
f 6212 6211 9375
f 6211 6214 9377
f 6309 6308 9378
f 6339 9430 9381
f 6345 6347 9379
f 6364 9382 6347
f 6398 6371 9383
f 6398 9383 6423
f 6415 9386 6412
f 6431 9431 6415
f 9385 9431 6450
f 6450 9387 6472
f 6489 6472 9389
f 11656 9432 9433
f 6476 9434 6460
f 6453 6460 9435
f 6457 9392 9435
f 6424 6441 9393
f 6416 9394 6432
f 6413 9436 6416
f 6379 9436 6373
f 6373 9395 6357
f 6344 9437 6365
f 6344 6307 9437
f 6312 6311 9438
f 6210 9399 6213
f 6293 9400 6210
f 6208 9401 6293
f 6224 9401 6222
f 6207 9440 9402
f 6223 9440 6191
f 6157 6156 9405
f 9857 6157 9406
f 9828 6135 9424
f 9445 9442 9444
f 9447 9445 9446
f 10018 9447 9448
f 9452 9449 9451
f 9454 9452 9453
f 10116 9454 9455
f 10116 9455 9457
f 9457 9456 9459
f 7301 7300 9460
f 7334 7349 9460
f 7360 7343 9461
f 7360 9461 8917
f 9316 9342 9317
f 9325 9343 9316
f 9343 9325 9345
f 9345 8853 9347
f 9321 9349 8863
f 9124 9141 9463
f 9320 9351 9321
f 9413 9351 8843
f 9608 9464 9466
f 9173 9172 9468
f 9151 9134 9353
f 9542 7318 9469
f 9469 7317 9470
f 9470 7336 9471
f 8910 9472 7351
f 8936 9473 8910
f 8954 9474 8936
f 8969 9475 8954
f 8990 9476 8969
f 9003 9477 8990
f 9020 9478 9003
f 9036 9479 9020
f 9051 9480 9036
f 9064 9481 9051
f 9098 9482 9064
f 9112 9483 9098
f 9127 9484 9112
f 9144 9485 9127
f 9593 9486 9144
f 9464 9487 9465
f 8840 9415 8843
f 8872 9187 8811
f 9305 8801 8789
f 8758 9489 8803
f 9187 9179 8747
f 8786 8748 9490
f 8791 8751 8792
f 8867 8820 9490
f 8794 8810 8795
f 8758 8803 8759
f 8862 8820 9178
f 9178 9311 8862
f 9180 8781 9311
f 8772 8781 9491
f 8799 8807 8792
f 8800 9304 8790
f 8754 9492 8797
f 8861 9182 9491
f 8802 9297 8803
f 9183 9182 8860
f 8860 9308 9183
f 9307 8788 9308
f 9492 8765 8795
f 8756 8788 9310
f 9309 8757 9310
f 8770 8757 8819
f 8819 8818 9494
f 9540 9489 9496
f 8754 8797 8784
f 9188 8762 8796
f 8761 8762 9181
f 8770 8819 8782
f 8802 8812 8799
f 8800 8825 8794
f 8789 8779 8791
f 9257 9333 9258
f 9541 9497 9331
f 9497 9499 9498
f 9504 8868 8871
f 9285 9500 8857
f 8840 8839 9415
f 9284 9333 9499
f 8839 9502 9501
f 9505 8817 9504
f 9504 8858 9505
f 9505 9500 9497
f 8818 8817 9497
f 8871 8850 9504
f 8845 8866 8871
f 9294 9335 9506
f 9336 9335 9292
f 9522 9507 9509
f 9507 9510 9508
f 9514 9512 9510
f 9516 9513 9514
f 9518 9515 9516
f 9520 9517 9518
f 9341 9519 9520
f 9286 9521 9341
f 9507 9522 9524
f 9277 9276 9520
f 9510 9507 9525
f 9524 9523 9527
f 9283 9281 9328
f 9528 9281 9529
f 9527 9530 9524
f 9532 9525 9531
f 9536 9532 9533
f 9536 9533 9535
f 9514 9510 9532
f 9536 9516 9532
f 9516 9536 9518
f 9529 9279 9275
f 9535 9534 9277
f 9277 9520 9535
f 9339 9312 9537
f 8845 8832 8866
f 9324 9323 8831
f 8856 9324 8836
f 8836 8841 8856
f 8841 9306 8865
f 9306 8827 9318
f 8827 9538 9319
f 9537 9338 9339
f 9338 9537 9506
f 9326 8821 9506
f 9289 9293 9191
f 9191 9190 9289
f 9282 9287 9539
f 9280 9282 8824
f 8823 9273 8824
f 9273 8823 9299
f 9489 8758 9495
f 8814 8813 9496
f 9489 9540 8804
f 9493 8818 9541
f 11657 9542 9543
f 9543 9469 9544
f 9544 9470 9545
f 8838 9334 8839
f 9472 9546 9471
f 9473 9547 9472
f 9474 9548 9473
f 9475 9549 9474
f 9476 9550 9475
f 9477 9551 9476
f 9478 9552 9477
f 9479 9553 9478
f 9480 9554 9479
f 9481 9555 9480
f 9482 9556 9481
f 9483 9557 9482
f 9484 9558 9483
f 9485 9559 9484
f 9486 9560 9485
f 9322 9561 9286
f 9317 9462 9322
f 9339 9337 8834
f 9334 8838 9337
f 9314 9538 9562
f 8838 9315 9562
f 9569 9563 9095
f 9570 9563 9043
f 9570 9564 9048
f 9571 9564 8993
f 9571 9565 9017
f 9565 9566 9000
f 9566 9567 8987
f 9567 9568 8966
f 9073 9059 9569
f 9048 9079 9570
f 9043 9026 9570
f 9017 9033 9571
f 8993 8980 9571
f 8980 8958 9565
f 8958 8944 9566
f 8944 8928 9567
f 9356 9569 9109
f 9463 9355 9101
f 9412 8934 9568
f 9088 9073 9356
f 8917 9412 8928
f 9101 9088 9463
f 9284 9499 9285
f 9329 9298 9330
f 9298 9329 9299
f 9299 9313 9271
f 9274 9271 9573
f 9276 9574 9575
f 9276 9575 9340
f 9340 9269 9284
f 9588 9576 9578
f 9578 9577 9580
f 9580 9579 9582
f 9583 9513 9582
f 9584 9512 9583
f 9610 9511 9584
f 9610 9585 9511
f 9613 9585 9587
f 9194 9193 9588
f 9153 9589 9154
f 9155 9591 9156
f 9157 9354 9158
f 9144 9143 9593
f 9592 9161 9156
f 9158 9142 9163
f 11658 9594 9595
f 9167 9596 9153
f 9167 9147 9168
f 9165 9594 9170
f 9154 9590 9171
f 9168 9148 9172
f 9170 9597 9174
f 9171 9598 9175
f 9174 9599 9163
f 9175 9600 9155
f 9468 9467 9601
f 9172 9151 9467
f 9162 9602 9593
f 9602 9603 9486
f 9501 9503 9464
f 9195 9604 9605
f 9615 9584 9606
f 9342 9604 9462
f 9517 9580 9515
f 9462 9196 9561
f 9466 9607 9608
f 9561 9194 9521
f 9611 9348 9609
f 9612 9352 9607
f 9519 9578 9517
f 11659 9586 9610
f 9614 9346 9611
f 9609 9350 9612
f 9509 9508 9613
f 9606 9583 9581
f 9605 9344 9614
f 9415 9501 9608
f 11659 9610 9615
f 9521 9588 9519
f 9496 9572 8814
f 11061 9616 9618
f 11073 9619 9621
f 11123 9622 9624
f 9624 9623 9626
f 10907 9627 9625
f 9632 9628 9630
f 9633 9631 9632
f 9631 9633 9635
f 9639 9634 9636
f 9636 9637 9639
f 9637 9636 9641
f 9657 9642 9644
f 9663 9645 9647
f 9656 9648 9650
f 9631 9635 9652
f 9644 9643 9654
f 11560 9655 9656
f 9632 9640 9633
f 9642 9657 9659
f 9652 9651 9661
f 11044 9662 9637
f 11660 9663 9664
f 9645 9665 9646
f 11044 9666 9662
f 9670 9642 9667
f 9675 9652 9668
f 11052 9641 9669
f 9642 9670 9643
f 11153 9672 9674
f 9631 9652 9628
f 9643 9671 9653
f 5827 5826 5822
f 6911 5828 9677
f 6885 5834 6911
f 6883 5837 6885
f 6881 5840 6883
f 6881 6879 5840
f 6879 6914 5843
f 6910 5849 6914
f 6909 5854 6910
f 6907 9678 6909
f 6903 9679 6904
f 6899 9680 9681
f 6896 5865 6899
f 6893 9682 6896
f 5872 9683 5826
f 5874 5875 5872
f 5874 5878 5875
f 5882 9684 5878
f 5884 5887 5885
f 5890 5892 5884
f 5890 5894 5892
f 5885 5926 5882
f 7257 6906 5859
f 5913 5984 5914
f 5971 5917 5909
f 5958 5902 5900
f 5898 9685 5899
f 5918 5975 9686
f 5930 5932 5919
f 5932 5934 5920
f 5833 5836 9686
f 5966 5965 5907
f 5881 5877 5923
f 5969 5966 5906
f 5899 5963 7254
f 5904 9687 5905
f 5925 5930 9688
f 5975 5980 5911
f 5980 5984 5912
f 5886 5881 9688
f 5916 5978 5915
f 5965 5971 5908
f 5863 5901 5864
f 5914 5982 5916
f 5960 5958 9690
f 5905 6659 5906
f 9710 9691 9693
f 11283 9694 9696
f 9753 9697 9699
f 9730 9700 9702
f 9754 9703 9705
f 9714 9706 9708
f 9716 9709 9710
f 11204 9711 9713
f 9713 9712 9714
f 9769 9715 9716
f 9729 9717 9719
f 11192 9720 9722
f 9764 9723 9725
f 9765 9726 9728
f 9721 9720 9729
f 11200 9730 9731
f 9765 9732 9734
f 9753 9735 9697
f 10492 9737 9739
f 9770 9740 9742
f 11197 9743 9745
f 9737 9746 9738
f 9746 9748 9747
f 9745 9744 9751
f 11213 9752 9699
f 11212 9754 9755
f 9706 9756 9707
f 9711 9758 9712
f 9712 9759 9706
f 9766 9760 9717
f 11192 9761 9720
f 11203 9763 9764
f 11286 9732 9728
f 9762 9766 9720
f 9726 9765 9767
f 9752 9768 9753
f 9715 9769 9770
f 11336 9771 9748
f 11266 9772 9774
f 9819 9775 9777
f 9795 9778 9780
f 9804 9781 9783
f 9772 9784 9773
f 10597 9786 9788
f 9822 9789 9791
f 9797 9792 9794
f 11219 9795 9796
f 9823 9797 9799
f 9819 9800 9775
f 9788 9787 9803
f 9826 9804 9805
f 9822 9791 9807
f 10885 9808 9810
f 11220 9811 9813
f 10885 9814 9808
f 9813 9812 9817
f 11217 9818 9777
f 11216 9781 9820
f 11661 9821 9822
f 11268 9798 9794
f 9792 9797 9824
f 9818 9825 9819
f 11113 9820 9826
f 11661 9822 9827
f 7256 7255 5853
f 9829 6859 9828
f 6086 6859 9830
f 10056 9831 9833
f 9840 9834 9836
f 9842 9837 9839
f 9843 9840 9841
f 9837 9842 6088
f 9896 9828 6092
f 4068 9842 4067
f 9842 4068 6082
f 9831 9843 9832
f 9896 6094 9844
f 10011 9845 9847
f 9458 9848 3694
f 9458 9456 9848
f 9456 9455 9849
f 9865 9850 9453
f 6105 9851 6108
f 6247 9852 6108
f 10092 9853 6161
f 6105 6101 6141
f 6098 6100 6101
f 6090 6097 6098
f 6097 6090 9854
f 9854 6089 9855
f 6084 9408 6081
f 9903 9856 9857
f 6095 9854 6128
f 6128 4086 6095
f 7257 7256 9678
f 9682 9858 5868
f 5868 9859 5869
f 9884 9690 9860
f 7255 7254 5852
f 10010 9861 9862
f 7252 7249 6664
f 7249 9863 6026
f 6075 6134 6076
f 6085 9864 6076
f 9883 9865 9451
f 6087 6086 9866
f 6075 6072 6132
f 7250 6726 9867
f 7253 6662 9687
f 6665 5967 9868
f 6663 7252 9868
f 10056 9869 9831
f 6725 9870 6726
f 5956 5959 9846
f 6896 6895 6893
f 6908 9872 6909
f 6931 6930 9873
f 6943 9874 6944
f 6979 6989 6980
f 6993 6992 9876
f 6979 7023 6989
f 7031 7049 6992
f 7023 7039 7029
f 7046 7083 7031
f 7072 7107 7039
f 7046 7079 7083
f 7079 7090 9877
f 7102 7119 7072
f 9880 7106 9878
f 7094 7093 7139
f 7139 9879 7158
f 9881 9880 7163
f 9882 9881 7182
f 7177 7158 7188
f 7223 7230 7190
f 7189 7197 7186
f 7202 7201 7185
f 7194 7188 7195
f 7213 7203 7248
f 7224 7223 9882
f 7233 7224 7182
f 9908 9883 9450
f 6906 7257 6907
f 6893 6892 9682
f 7254 7253 5904
f 9862 5960 9884
f 9933 9885 4151
f 9982 9846 9869
f 6092 9886 6093
f 6081 6131 6083
f 6129 6127 9887
f 6141 6193 6105
f 9914 9443 9888
f 9853 9830 9844
f 6141 6140 6193
f 6494 6847 9890
f 9866 9830 9891
f 9890 9892 6494
f 6498 6846 9893
f 9893 9894 6498
f 6128 9855 9367
f 9855 9422 9368
f 9409 9407 9887
f 9887 9886 9409
f 9424 9423 6092
f 10013 9864 9895
f 9844 9829 9896
f 9894 9897 6499
f 9426 9425 9898
f 9898 9899 9426
f 9899 9900 6495
f 9857 9406 9901
f 9857 9901 9903
f 6137 9866 6138
f 10044 9904 9906
f 9866 6137 6087
f 6852 5941 9834
f 9450 9448 9908
f 9909 9907 9446
f 6853 6852 9840
f 9910 9909 9444
f 9916 9910 9443
f 10011 6853 9843
f 9949 9911 9913
f 9443 9914 9916
f 9920 9915 9917
f 9917 9918 9920
f 9918 9921 9919
f 9911 9922 9923
f 9923 9924 9911
f 9366 9421 9925
f 9946 9926 4170
f 136 4067 9927
f 9927 9839 5951
f 9934 9928 9930
f 9838 9931 5951
f 9940 9932 9926
f 9987 9934 9935
f 9945 9936 9938
f 9941 9939 9940
f 9936 9939 9937
f 9987 9942 9944
f 6674 6858 4277
f 9942 9945 9943
f 9947 9940 9946
f 9993 9941 9947
f 9951 9948 9923
f 9922 9911 9950
f 9952 9951 9921
f 9955 9952 9918
f 9931 9953 9835
f 9841 9836 9954
f 9956 9955 9917
f 9888 9956 9914
f 9960 9957 9959
f 9978 9960 9961
f 6050 6049 9963
f 6049 6048 9962
f 6053 9965 6048
f 9965 6053 9966
f 10115 9966 6656
f 10115 6656 9967
f 9957 9968 9958
f 9970 6792 4200
f 9975 6493 9970
f 6045 6047 9972
f 6043 6042 9974
f 6042 6045 9973
f 9971 6047 9975
f 9961 9976 9978
f 9976 6060 9977
f 6060 6059 9979
f 9980 9969 9950
f 9981 9980 9949
f 10006 9981 9913
f 5957 5956 9982
f 9913 9912 9984
f 9986 9985 9934
f 9989 9885 9932
f 9944 9986 9987
f 9992 9988 9945
f 9990 9989 9939
f 9988 9990 9936
f 9935 9991 9987
f 9991 9992 9942
f 10000 9937 9993
f 9954 9994 9841
f 9994 9995 9832
f 10055 9833 9996
f 10055 9996 9997
f 9928 9998 9929
f 10001 9938 10000
f 9943 9938 10002
f 9944 9943 10003
f 9986 9944 10004
f 10046 10004 9925
f 9984 10005 9913
f 6567 10007 6041
f 6044 10007 6046
f 6066 6061 10008
f 6043 6059 6568
f 6060 9976 10008
f 6046 6791 6492
f 9959 9958 6633
f 9961 9959 6642
f 9958 9969 6630
f 9976 9961 6064
f 10006 10005 6672
f 9981 10006 7251
f 6789 6867 4237
f 6492 6868 6789
f 9980 9981 7250
f 9969 9980 9867
f 6505 6647 6566
f 6854 10001 6855
f 5959 9861 9847
f 9861 10010 10009
f 9843 9831 10011
f 5951 9835 5948
f 9924 10012 9912
f 9905 9999 9906
f 6137 9996 9895
f 9901 9900 9999
f 9930 9929 9899
f 9995 9994 9895
f 10014 10013 9954
f 9935 9930 9898
f 9991 9935 9897
f 10014 6078 10013
f 9992 9991 9894
f 10015 10014 9953
f 9894 9893 9992
f 6079 6078 10015
f 10015 10016 6079
f 10016 9837 6077
f 10016 10015 9931
f 9931 9838 10016
f 9893 9892 9988
f 9892 9890 9990
f 9885 9989 9889
f 9904 10017 9905
f 9448 9450 10018
f 10352 6735 10020
f 10022 6732 10021
f 10035 10022 10023
f 10350 10024 10023
f 10024 10026 10025
f 10026 10028 10027
f 10028 10030 10029
f 6824 10032 10030
f 6807 10032 10034
f 10023 10025 10035
f 10020 10019 10036
f 10029 10031 10037
f 10032 6807 10031
f 10038 6733 10022
f 10025 10027 6740
f 10029 10037 10027
f 6742 10038 10035
f 6730 6807 10039
f 9905 9902 9999
f 10043 10040 10042
f 9998 9928 10040
f 10040 10043 9998
f 10094 10044 10043
f 10040 9985 10041
f 10004 10045 9986
f 6855 10000 6856
f 6856 9993 6857
f 6857 9947 6858
f 9366 10002 6854
f 10002 9366 10003
f 9365 6698 9925
f 10012 10047 9983
f 10053 10049 10051
f 10046 10052 10004
f 10056 10053 10054
f 10052 10046 9984
f 10053 10055 10049
f 10053 10056 10055
f 10048 10052 9983
f 10046 6698 10005
f 10041 10045 10048
f 9847 10009 10011
f 10048 10047 10041
f 10051 10050 6655
f 6655 6668 10051
f 10057 10054 6666
f 10059 10057 6660
f 6660 5961 10059
f 10061 10058 9685
f 9685 5898 10061
f 10063 10060 5855
f 5855 5858 10063
f 5858 9679 10062
f 9919 9922 9968
f 9920 9919 9957
f 9915 9920 9960
f 9960 9978 9915
f 9978 9977 9916
f 9977 9979 9910
f 9979 6063 9909
f 7186 7226 7169
f 7248 7247 7148
f 7134 7148 10066
f 10067 7097 10066
f 10068 7066 10067
f 7066 10068 7056
f 7056 10069 7019
f 7019 10070 6969
f 6970 6969 10072
f 6918 10073 6919
f 10076 6902 10074
f 10078 10064 6903
f 9908 9907 9974
f 9974 9973 9908
f 9973 9972 9883
f 9972 9971 9865
f 9850 9971 9849
f 9849 9975 9848
f 6040 9459 4347
f 7185 7180 7202
f 7247 7183 10065
f 7190 7145 9882
f 10054 10057 10056
f 9982 9869 10059
f 10059 10058 9982
f 5957 10058 5903
f 6851 5942 6852
f 10010 5933 6851
f 9862 5934 10010
f 7220 7207 7221
f 7219 7215 7220
f 7220 7214 7207
f 7207 7225 7208
f 7208 7199 7200
f 7200 7245 7217
f 7240 7236 7244
f 7236 7240 7237
f 7229 7222 7237
f 7222 7232 7196
f 7232 7239 7234
f 7191 7239 7192
f 7192 7227 7212
f 7205 7204 7209
f 10065 7164 10066
f 7099 10067 7121
f 10067 7099 10068
f 7065 10069 7098
f 10069 7065 10070
f 10070 7017 10071
f 6965 10075 10071
f 10077 10074 6915
f 6898 10076 10077
f 9681 5862 10078
f 10062 10064 5861
f 10063 10062 5864
f 5864 9689 10063
f 10061 10060 5903
f 9884 5921 9862
f 5921 9884 5922
f 9859 5894 9860
f 9858 5896 9859
f 5896 9858 5897
f 11584 6891 6960
f 6941 10079 6942
f 6990 7008 6991
f 7014 7008 7030
f 7045 7061 7030
f 7061 7045 10081
f 10081 7077 7091
f 7106 9880 7091
f 7145 7136 9881
f 10012 9924 10082
f 10094 10043 10083
f 10047 10084 10042
f 10047 10012 10084
f 10017 10085 9902
f 10085 10086 9903
f 10089 6194 6155
f 6165 6236 6166
f 6497 6496 9427
f 6192 10087 6245
f 6238 6237 10088
f 10093 6250 10086
f 10090 6290 6845
f 6158 10090 6159
f 9371 9428 6187
f 9404 6230 9441
f 9427 6231 9371
f 6191 9404 6156
f 10086 10089 9856
f 6202 6200 10091
f 6200 6199 6243
f 6240 6244 6197
f 6197 6195 6240
f 6195 6194 6241
f 6194 10089 6249
f 10085 10017 10092
f 10086 10085 10093
f 9891 9853 9904
f 6138 9891 10044
f 6139 6138 10094
f 9997 6139 10083
f 9997 10083 10049
f 10084 10082 10049
f 9967 10050 9948
f 368 6166 4323
f 6166 10087 6167
f 6245 6238 6246
f 6193 6192 9851
f 10091 10095 10096
f 6253 6252 6294
f 10098 10097 10088
f 6255 6253 6239
f 6272 6256 6248
f 10088 6272 10098
f 6256 6255 6271
f 10091 6243 10095
f 11662 10099 10100
f 10102 10100 10101
f 10103 10102 6354
f 10104 10103 6396
f 10105 10104 6403
f 10106 10105 6420
f 10107 10106 6436
f 10108 10107 6448
f 10109 10108 6470
f 10114 10109 6486
f 10114 6486 6478
f 6250 10093 10098
f 9852 10092 6109
f 10092 9852 10093
f 6247 6246 9852
f 6471 6491 6479
f 6479 10111 6473
f 6483 6487 6484
f 6475 6473 10113
f 6475 10113 698
f 6461 6454 10114
f 10108 10109 6442
f 10107 10108 6425
f 10106 10107 6408
f 10105 10106 6380
f 6380 6374 10105
f 10104 6374 10103
f 10103 6358 10102
f 10100 10102 6332
f 11662 10100 6331
f 6204 6202 10096
f 9951 10115 9948
f 9951 9952 10115
f 9952 9955 9966
f 9955 9956 9965
f 9956 9888 9964
f 9888 9442 9962
f 6057 9963 9445
f 6056 6057 9447
f 6055 6056 10018
f 10018 9449 6055
f 6037 6036 9452
f 6038 6037 9454
f 6035 6038 10116
f 6039 6035 9457
f 6039 9457 6040
f 6728 6773 6729
f 6777 6767 6776
f 6778 6838 6779
f 6775 6763 6777
f 6811 6764 10117
f 6839 6838 6871
f 6773 6839 6774
f 6719 10118 10117
f 10117 10119 6811
f 6825 10120 6808
f 6826 6825 10121
f 10353 10122 10123
f 6816 10124 6797
f 10126 6636 10125
f 10145 10126 10127
f 10353 10123 10129
f 10124 10130 10125
f 10145 10127 10132
f 10129 10128 10134
f 10164 10131 10130
f 10139 10034 10135
f 10351 6826 10137
f 10140 6806 10138
f 10034 10139 10039
f 6805 6806 10141
f 10121 6864 6826
f 6065 6634 10128
f 10128 10123 6065
f 10145 10132 10143
f 6637 6636 10144
f 10143 10144 10145
f 6061 6066 6795
f 6634 6632 10133
f 6721 10146 6631
f 6720 10147 10118
f 10479 10149 6863
f 10480 10150 9870
f 10180 10151 10153
f 10481 10154 10141
f 10139 10155 10138
f 10177 10157 10159
f 10470 10160 10162
f 10482 10163 10164
f 10150 10165 6721
f 10487 10166 10168
f 10469 10169 10171
f 10167 10172 10168
f 10149 10174 6864
f 10169 10175 10170
f 10354 10177 10178
f 10198 10179 10153
f 10118 10148 10119
f 10211 10182 10184
f 10355 10185 10187
f 10224 10188 10189
f 10201 10190 10171
f 10197 10191 10192
f 10162 10161 10194
f 10168 10173 10195
f 10211 10196 10192
f 10231 10198 10199
f 10171 10170 10201
f 10178 10159 10203
f 10214 10204 10152
f 10485 10206 10208
f 10207 10209 10208
f 10170 10176 10200
f 10199 10153 10205
f 10196 10211 10190
f 10487 10168 10212
f 10356 10187 10209
f 10464 10213 10214
f 10159 10158 10202
f 10194 10210 10162
f 10212 10195 10216
f 10356 10209 10218
f 10395 10219 10213
f 10202 10191 10221
f 10228 10222 10194
f 10346 10223 10224
f 10201 10225 10190
f 10230 10220 10197
f 10194 10193 10228
f 10195 10188 10215
f 10196 10229 10197
f 10394 10231 10232
f 10225 10201 10233
f 10203 10202 10234
f 10204 10219 10205
f 10206 10236 10207
f 10237 10217 10207
f 10200 10210 10233
f 10232 10199 10235
f 10229 10196 10226
f 10348 10238 10240
f 10266 10241 10243
f 10264 10244 10246
f 10390 10247 10249
f 10345 10250 10252
f 10357 10253 10255
f 10238 10256 10239
f 10384 10258 10260
f 10250 10261 10251
f 10457 10263 10246
f 10383 10265 10243
f 10270 10267 10257
f 10390 10269 10270
f 10277 10271 10245
f 10484 10273 10275
f 10274 10276 10275
f 10454 10271 10278
f 10359 10279 10260
f 10455 10280 10281
f 10383 10282 10249
f 10337 10284 10286
f 10321 10287 10289
f 10388 10290 10292
f 10337 10286 10294
f 10314 10295 10297
f 10415 10298 10300
f 10310 10301 10303
f 10284 10304 10285
f 10299 10291 10300
f 10329 10306 10308
f 10316 10309 10310
f 10344 10311 10313
f 10297 10303 10314
f 10317 10310 10315
f 10462 10316 10317
f 10292 10291 10319
f 10324 10320 10321
f 10321 10322 10324
f 10337 10325 10284
f 10298 10327 10299
f 10358 10329 10330
f 10343 10331 10311
f 10339 10333 10296
f 10308 10335 10330
f 10325 10337 10338
f 10322 10332 10323
f 10333 10339 10340
f 10320 10336 10287
f 10389 10292 10341
f 10297 10342 10303
f 10427 10343 10344
f 10250 10345 10215
f 10261 10250 10223
f 10223 10346 10261
f 10346 10234 10347
f 10238 10348 10221
f 10256 10238 10220
f 10220 10230 10256
f 10021 10019 6738
f 10023 10021 10350
f 6815 6814 6794
f 6816 6815 10122
f 6814 6818 6793
f 6819 6870 4577
f 10033 10032 10351
f 6785 6799 6790
f 6819 6830 6873
f 6873 6869 6844
f 6817 6736 10352
f 6739 6788 10350
f 6788 6646 10024
f 6646 6639 10026
f 6639 10120 10028
f 10120 6825 10030
f 10124 6816 10353
f 10130 10124 10129
f 10130 10129 10164
f 10033 10351 10135
f 10472 10354 10189
f 10160 10355 10161
f 10189 10178 10224
f 10161 10187 10193
f 10193 10356 10227
f 10224 10203 10346
f 10347 10348 10281
f 10258 10357 10259
f 10329 10358 10294
f 10299 10328 10291
f 10326 10340 10284
f 10342 10297 10334
f 10229 10247 10230
f 10247 10229 10248
f 10460 10359 10361
f 10375 10280 10363
f 10463 10364 10366
f 10456 10282 10368
f 10380 10369 10371
f 10367 10279 10368
f 10366 10365 10373
f 10459 10269 10374
f 10458 10375 10376
f 10382 10276 10378
f 10369 10268 10370
f 10455 10380 10381
f 10361 10360 10378
f 10265 10383 10248
f 10225 10265 10226
f 10265 10225 10266
f 10241 10266 10222
f 10222 10228 10241
f 10258 10384 10227
f 10275 10254 10385
f 10227 10218 10258
f 10311 10332 10312
f 10307 10387 10308
f 10260 10242 10384
f 10419 10388 10389
f 10247 10390 10349
f 10484 10275 10391
f 10253 10357 10217
f 10392 10277 10244
f 10237 10385 10217
f 10281 10262 10347
f 10270 10257 10349
f 10236 10391 10237
f 10278 10277 10393
f 10263 10394 10264
f 10264 10232 10244
f 10219 10392 10235
f 10219 10395 10392
f 10339 10296 10396
f 10289 10397 10321
f 10397 10386 10322
f 10306 10329 10293
f 10386 10397 10399
f 10287 10335 10288
f 10397 10289 10398
f 10401 10400 10288
f 10403 10401 10387
f 10387 10307 10403
f 10307 10306 10402
f 10404 10306 10405
f 10286 10406 10293
f 10407 10406 10285
f 10409 10407 10305
f 10305 10396 10409
f 10396 10305 10339
f 10411 10408 10295
f 10295 10314 10411
f 10413 10410 10302
f 10301 10412 10302
f 10309 10414 10301
f 10447 10415 10416
f 10416 10300 10417
f 10290 10388 10417
f 10388 10419 10418
f 10422 10421 10312
f 10399 10422 10386
f 10443 10423 10413
f 10430 10424 10399
f 10427 10341 10376
f 10423 10426 10410
f 10450 10408 10426
f 10341 10427 10389
f 10434 10428 10430
f 10445 10431 10432
f 10421 10420 10313
f 10442 10433 10434
f 10442 10435 10433
f 10405 10437 10404
f 10433 10438 10428
f 10389 10344 10419
f 10428 10439 10429
f 10438 10440 10439
f 10429 10431 10430
f 10398 10434 10399
f 10400 10442 10398
f 10400 10401 10442
f 10446 10441 10443
f 10446 10444 10432
f 10433 10436 10438
f 10420 10424 10418
f 10418 10431 10417
f 10439 10441 10432
f 10402 10435 10403
f 10412 10414 10448
f 10444 10416 10445
f 10443 10448 10446
f 10437 10449 10438
f 10413 10412 10443
f 10449 10450 10440
f 10440 10426 10441
f 10406 10449 10405
f 10404 10436 10402
f 10408 10450 10409
f 10450 10449 10407
f 10267 10451 10268
f 10459 10451 10269
f 10271 10452 10272
f 10461 10453 10273
f 10453 10377 10274
f 10425 10452 10454
f 10460 10372 10359
f 10381 10362 10455
f 10282 10456 10283
f 10260 10259 10359
f 10375 10251 10280
f 10364 10457 10365
f 10282 10383 10367
f 10240 10239 10380
f 10243 10242 10367
f 10365 10246 10272
f 10269 10390 10283
f 10252 10251 10458
f 10255 10254 10382
f 10239 10257 10369
f 10281 10240 10455
f 10259 10255 10360
f 10362 10381 10331
f 10381 10371 10323
f 10320 10324 10370
f 10336 10320 10379
f 10379 10451 10336
f 10459 10358 10451
f 10358 10459 10338
f 10456 10325 10374
f 10325 10456 10326
f 10340 10326 10372
f 10460 10333 10372
f 10333 10460 10334
f 10378 10342 10361
f 10342 10378 10315
f 10453 10317 10377
f 10453 10461 10317
f 10327 10463 10328
f 10328 10366 10318
f 10373 10452 10318
f 10452 10425 10319
f 10343 10427 10363
f 10331 10343 10362
f 10488 10464 10465
f 10485 10208 10467
f 10182 10211 10468
f 10476 10181 10180
f 10171 10184 10469
f 10162 10176 10470
f 10395 10216 10393
f 10475 10165 10177
f 10155 10471 10470
f 10189 10173 10472
f 10192 10158 10468
f 10489 10473 10166
f 10481 10474 10469
f 10473 10163 10167
f 10393 10345 10278
f 10208 10186 10466
f 10474 10156 10169
f 10477 10475 10354
f 10486 10476 10179
f 10465 10214 10151
f 10480 10154 10182
f 10478 10174 10355
f 10482 10477 10472
f 10471 10478 10160
f 10488 10465 10147
f 10467 10466 10479
f 10182 10468 10480
f 10469 10183 10481
f 10155 10470 10156
f 10472 10172 10482
f 10468 10157 10150
f 10466 10185 10149
f 10465 10151 10148
f 10415 10447 10309
f 10476 6866 10181
f 10458 10454 10252
f 10133 10146 10475
f 10155 10139 10471
f 10489 10142 10473
f 10481 10141 10474
f 10132 10131 10473
f 10454 10458 10425
f 10474 10140 10156
f 10134 10133 10477
f 10486 10483 10476
f 9870 6725 10480
f 10478 10137 10174
f 10164 10134 10482
f 10135 10137 10471
f 10448 10447 10444
f 10424 10420 10422
f 10309 10316 10415
f 10316 10462 10298
f 10463 10327 10461
f 10461 10273 10463
f 10457 10364 10484
f 10484 10391 10457
f 10391 10236 10263
f 10236 10206 10394
f 10198 10231 10485
f 10485 10467 10198
f 10479 10486 10467
f 10486 10479 10483
f 6865 10483 6809
f 6809 6760 6865
f 6762 6810 6756
f 6771 6762 6752
f 10216 10395 10212
f 10464 10487 10213
f 10464 10488 10487
f 10147 10489 10488
f 10142 10489 6720
f 6720 6718 10142
f 6718 6626 10143
f 6626 6625 10144
f 6629 10490 6625
f 6724 6645 6629
f 6623 6643 6724
f 6623 6627 6643
f 6627 6618 6067
f 6618 6620 6787
f 6620 6723 6822
f 6766 6771 6751
f 6765 6766 6759
f 6772 6765 6758
f 6758 6832 6772
f 6768 6872 6831
f 6768 6831 6769
f 11337 10491 10493
f 9739 10494 10492
f 10502 10495 10497
f 10494 10498 10493
f 10497 10500 10502
f 10508 10503 10505
f 10505 10506 10508
f 10516 10509 10511
f 10519 10512 10497
f 10505 10504 10514
f 10514 10515 10505
f 11358 10516 10517
f 10497 10496 10519
f 10498 10520 10499
f 10565 10522 10524
f 10554 10525 10527
f 10553 10528 10530
f 10588 10531 10533
f 10555 10533 10534
f 10882 10535 10537
f 10541 10538 10540
f 10538 10541 10543
f 10964 10544 10546
f 10551 10545 10547
f 10559 10548 10550
f 10563 10524 10551
f 10546 10545 10523
f 10553 10538 10552
f 10539 10538 10530
f 10537 10536 10527
f 10557 10555 10556
f 11006 10557 10558
f 11263 10559 10560
f 11012 10558 10561
f 10561 10556 10562
f 10524 10563 10565
f 11263 10560 10567
f 10528 10553 10568
f 11072 10569 10571
f 11257 10572 10574
f 10589 10575 10577
f 10583 10578 10580
f 10580 10581 10583
f 11274 10584 10586
f 10969 10587 10588
f 10575 10589 10591
f 10572 10592 10573
f 10575 10594 10576
f 10562 10534 10596
f 9786 10597 10599
f 10580 10579 10601
f 10580 10601 10581
f 10586 10585 10604
f 10594 10575 10605
f 10619 10606 10608
f 10647 10609 10611
f 11287 10612 10614
f 10633 10615 10617
f 11291 10618 10619
f 10635 10620 10622
f 10651 10623 10625
f 11287 10614 10627
f 10623 10628 10630
f 10609 10631 10610
f 10655 10633 10634
f 10656 10635 10636
f 10644 10637 10639
f 10645 10640 10642
f 11235 10643 10644
f 11236 10645 10646
f 11241 10609 10648
f 11329 10615 10649
f 11663 10650 10635
f 10628 10623 10652
f 10624 10623 10653
f 11241 10654 10609
f 11245 10649 10655
f 11663 10635 10657
f 11292 10658 10660
f 11233 10661 10663
f 10683 10664 10666
f 10870 10667 10669
f 11251 10670 10672
f 10684 10671 10673
f 11299 10674 10676
f 10675 10674 10678
f 10685 10679 10681
f 10660 10675 10682
f 10676 10675 10659
f 10690 10683 10684
f 10672 10671 10666
f 10669 10668 10662
f 10688 10685 10686
f 11292 10660 10687
f 11294 10688 10689
f 10683 10690 10664
f 11300 10692 10694
f 11252 10695 10697
f 10701 10698 10700
f 10698 10701 10703
f 11231 10704 10706
f 11252 10707 10695
f 10692 10709 10693
f 10695 10711 10696
f 10701 10700 10714
f 10714 10715 10701
f 10706 10705 10717
f 10695 10708 10711
f 10732 10719 10721
f 10760 10722 10724
f 10739 10725 10727
f 10762 10728 10730
f 11128 10731 10732
f 10763 10733 10735
f 10765 10736 10738
f 11125 10739 10740
f 10765 10741 10743
f 10722 10744 10723
f 10769 10730 10746
f 10735 10734 10748
f 10756 10749 10751
f 11316 10752 10754
f 11313 10755 10756
f 11316 10754 10758
f 11320 10759 10760
f 10768 10761 10730
f 11571 10763 10764
f 10741 10765 10766
f 10736 10765 10767
f 11319 10744 10759
f 11137 10768 10769
f 10764 10735 10770
f 10798 10771 10773
f 11130 10774 10776
f 10806 10777 10779
f 11326 10780 10782
f 10786 10783 10785
f 10783 10786 10788
f 11308 10789 10791
f 10796 10790 10792
f 10800 10793 10795
f 10798 10790 10797
f 10790 10798 10791
f 10779 10783 10799
f 10783 10779 10784
f 10782 10781 10775
f 10803 10800 10801
f 10771 10798 10802
f 11312 10803 10804
f 10779 10799 10806
f 11135 10807 10809
f 10822 10810 10812
f 10818 10813 10815
f 10815 10816 10818
f 11307 10819 10821
f 10810 10822 10824
f 10807 10825 10808
f 10810 10827 10811
f 10815 10814 10830
f 10830 10831 10815
f 10821 10820 10833
f 10810 10824 10827
f 11107 10835 10837
f 10837 10836 10839
f 9780 10840 9796
f 11542 10839 10843
f 11545 10844 10846
f 11540 10847 10849
f 11541 10845 10850
f 11664 10836 10851
f 11539 10852 10854
f 10877 10855 10847
f 11555 10850 10856
f 11664 10857 10836
f 10854 10853 10859
f 10599 10598 9620
f 9790 10860 9791
f 10866 10526 10862
f 10775 10863 10782
f 10961 9816 10865
f 10527 10526 10867
f 10669 10868 10870
f 10613 10871 10614
f 10574 10573 10874
f 10514 10594 10515
f 10595 10594 10513
f 9773 9785 10875
f 10573 10593 10873
f 10601 10711 10602
f 10715 10714 10834
f 10828 10827 10713
f 10712 10711 10600
f 11119 10859 10825
f 10831 10830 10877
f 9793 9792 10879
f 10658 10880 10659
f 10584 10882 10874
f 9810 10884 10885
f 10555 10886 10533
f 10618 10888 10606
f 10902 10890 10596
f 11117 10891 10893
f 10906 10894 10896
f 9626 10892 10897
f 11069 10898 10900
f 11103 10901 10902
f 9630 9669 9632
f 10908 10903 10905
f 9625 10894 10907
f 10905 10900 10908
f 11067 10900 10909
f 11226 10909 10904
f 11070 9670 10910
f 10924 10911 10913
f 11665 9629 9675
f 11004 10571 10915
f 11665 9675 10916
f 10920 10917 10919
f 10917 10920 10922
f 10894 10923 10895
f 10929 10925 10927
f 10951 10928 10929
f 11666 10930 10932
f 10936 10933 10919
f 10938 10935 10936
f 10939 10937 10938
f 10937 10939 10941
f 10941 10940 10943
f 10943 10942 10945
f 10949 10946 10948
f 11098 10949 10950
f 10928 10951 10953
f 10953 10952 10955
f 10972 10955 10956
f 10958 10957 10944
f 10957 10958 10960
f 9816 10961 9817
f 10546 10962 10964
f 10576 10965 10577
f 10588 10967 10969
f 10956 10970 10972
f 10950 10973 10959
f 10973 10950 10974
f 10974 10948 10975
f 11042 10976 10978
f 10931 10979 10947
f 10930 10980 10931
f 10970 10981 10971
f 10981 10983 10982
f 10987 10984 10985
f 10989 10986 10985
f 10991 10988 10989
f 10992 10990 10991
f 10990 10992 10994
f 10996 10890 10978
f 10977 10995 10978
f 10911 10924 10997
f 9617 10998 11000
f 11005 10886 10557
f 11002 11001 10993
f 11007 11001 11003
f 10915 9674 11004
f 11167 11005 11006
f 11090 11007 11008
f 11017 11009 11011
f 10996 10561 10890
f 10995 11012 10996
f 11076 10917 11013
f 11182 10570 11015
f 9616 10912 9617
f 9655 11016 9648
f 11047 11018 11020
f 10569 11021 10570
f 10911 11022 10912
f 11022 11023 10998
f 11026 9673 11024
f 11082 11025 11026
f 10967 10588 10887
f 11028 11027 10968
f 11027 11028 11030
f 11087 11027 11031
f 11049 11032 9666
f 11034 11033 9647
f 11032 11034 9646
f 11559 11035 11037
f 11095 11038 11040
f 11038 11041 11039
f 11041 11043 11042
f 11051 11044 9641
f 11065 11045 11020
f 10913 11047 11046
f 11055 11048 11049
f 11558 11033 11050
f 11048 11050 11032
f 11054 11051 11052
f 9666 11044 11049
f 11016 11053 11017
f 9623 10923 9625
f 11049 11051 11055
f 11031 11030 11057
f 9671 11058 9676
f 11030 11029 11056
f 11047 10913 9616
f 9623 9622 10923
f 11018 11047 11061
f 9622 11062 10997
f 11020 11019 11065
f 10892 9626 11066
f 10900 11067 11069
f 9648 11017 9649
f 9670 11070 9671
f 10893 10892 11071
f 10895 11046 10896
f 10597 11013 10598
f 10598 11021 9621
f 9650 9649 9658
f 9654 9653 9660
f 9621 10569 11073
f 11078 10929 11074
f 9801 9800 10865
f 10917 11076 10918
f 11085 10951 11078
f 11072 11079 11073
f 11079 11025 11080
f 11025 11082 11081
f 11004 9673 11079
f 10571 11004 11072
f 11101 11084 11016
f 11022 10911 11063
f 11123 11085 11086
f 10924 10913 10895
f 11027 11087 10969
f 11008 11088 11090
f 11043 11091 10976
f 11023 11022 11093
f 10976 11092 10977
f 10978 10901 11042
f 11666 10932 11095
f 11102 10952 11085
f 11041 11038 10946
f 11086 11078 11096
f 11102 9624 10897
f 10946 10949 11041
f 11062 11097 11063
f 10949 11098 11043
f 11088 11099 11089
f 11562 11101 9655
f 10922 11014 11013
f 11014 10922 11015
f 10952 11102 10954
f 11040 11039 11103
f 11105 10853 11104
f 10853 11105 10858
f 10577 10966 10542
f 11355 11107 11108
f 10737 10736 11110
f 10745 11111 10757
f 9820 11113 10861
f 11116 11100 10934
f 10933 11115 10934
f 10956 10954 10891
f 10891 11117 10956
f 10946 10932 10947
f 10825 10807 11119
f 11117 10903 10970
f 10935 11120 10933
f 11120 10935 11121
f 9779 11122 9780
f 11085 11123 11102
f 9618 9617 11124
f 10739 11125 10741
f 10741 10766 10739
f 10721 11126 10732
f 11667 11128 11127
f 11668 11129 11130
f 11312 11131 10803
f 10803 11132 10800
f 10793 10800 11134
f 10794 10793 10809
f 10754 10723 10757
f 10754 10753 10723
f 11669 10750 11136
f 10749 10755 11136
f 10806 10769 10777
f 10769 10806 11137
f 11348 11138 10805
f 11668 11130 11139
f 11670 11139 10781
f 11670 10781 11140
f 11135 10793 11141
f 10792 10789 10817
f 10807 11135 11118
f 11098 10950 11142
f 9619 11073 11143
f 11143 11080 11144
f 11081 11083 11144
f 11671 11146 11148
f 11146 11036 11147
f 9622 11123 11062
f 11062 11086 11097
f 10903 10908 10981
f 10985 10983 10899
f 10898 10989 10899
f 11153 10991 10898
f 11121 10937 11149
f 10943 11150 10941
f 11150 10943 11151
f 11151 10945 11152
f 9674 10992 11153
f 10993 10992 10915
f 10936 11154 10938
f 11156 10939 11155
f 10939 11156 10940
f 10944 11158 10958
f 10942 11160 10944
f 11160 10942 11157
f 10958 11159 10959
f 10919 10918 10936
f 10558 11161 11006
f 11077 9803 11164
f 11168 11165 10995
f 10558 11012 11161
f 11006 11162 11167
f 10918 11077 11154
f 11094 11168 10977
f 11177 11169 11171
f 11178 11172 11174
f 11158 11175 11159
f 11156 11176 11157
f 11160 11172 11158
f 9803 11077 9788
f 11142 11159 11177
f 11172 11160 11173
f 11179 11170 11175
f 11172 11178 11175
f 11176 11156 11180
f 11165 11168 11170
f 11013 10597 11076
f 11177 11091 11142
f 11168 11094 11171
f 11154 11164 11155
f 11091 11177 11092
f 11162 11178 11166
f 11162 11161 11178
f 9802 11181 9803
f 11181 9802 11166
f 11170 11179 11165
f 10570 11182 10571
f 10915 10914 10993
f 10914 11182 11002
f 11152 10957 11183
f 10973 11184 10960
f 10812 10811 11186
f 9726 9767 11188
f 9726 11188 9727
f 11338 10517 11190
f 11337 11190 10510
f 11281 11191 9739
f 9761 11192 10507
f 10491 11193 10492
f 11193 11194 9737
f 11336 11194 9715
f 9694 9749 9695
f 11285 11195 9694
f 9771 11196 9695
f 11335 11197 11198
f 11334 11198 9751
f 11334 11199 9731
f 11202 9734 11201
f 11187 11202 9768
f 11200 11199 9733
f 9744 9697 9750
f 9743 9698 9744
f 9703 9741 9704
f 9764 9718 11203
f 9719 9718 9725
f 9716 9714 9769
f 9714 9716 9713
f 9713 9710 11204
f 10503 10508 9722
f 11209 10503 11205
f 10495 10509 10496
f 11358 10518 10516
f 9724 11206 9725
f 11223 11208 10504
f 11223 10504 11209
f 9758 9711 10501
f 10495 10502 11204
f 11210 9759 11205
f 11211 9756 11210
f 11214 9757 11211
f 11214 9719 11207
f 9755 9705 9757
f 11206 11212 11207
f 11189 11188 11213
f 11187 9768 11188
f 9757 11214 9755
f 9719 11214 9729
f 11340 10600 10965
f 10966 10965 10578
f 10589 10541 10590
f 10962 10543 10963
f 11215 10552 10962
f 11264 10568 11215
f 9785 9784 10566
f 10861 11114 9791
f 10860 11216 10861
f 10878 9818 10879
f 10878 11218 9818
f 11218 11075 9825
f 11075 9823 10865
f 9795 11219 9798
f 9812 9775 9816
f 10961 10865 11219
f 10841 10961 9796
f 10841 10840 9817
f 11122 11220 10840
f 10875 10884 9773
f 10875 10862 10885
f 11262 10567 11221
f 9827 9807 10564
f 10522 10565 9806
f 10866 10566 10867
f 11222 10867 10550
f 10883 11222 10549
f 10541 10589 10542
f 10966 10578 10963
f 10578 10583 10964
f 10873 10585 10874
f 10876 10603 10873
f 9729 11211 9721
f 9721 11210 9722
f 10500 11223 10501
f 11184 10973 11224
f 11224 10974 11225
f 11008 11003 11015
f 11015 10921 11008
f 10898 11069 11153
f 11069 11068 9672
f 11011 11010 9667
f 9667 9659 11011
f 9668 9661 9676
f 9676 11059 9668
f 11071 11226 10893
f 10893 10904 11117
f 10921 10920 11088
f 10934 11099 10919
f 11225 10975 11227
f 10980 11228 10979
f 10512 11208 10500
f 10501 11209 9758
f 11199 9750 11201
f 11344 10716 11229
f 11229 10705 11230
f 10704 11231 10870
f 10869 10868 10680
f 10868 11232 10681
f 11331 10689 11232
f 11244 10643 11234
f 10888 11235 10889
f 11345 10607 10889
f 10872 10871 10645
f 11339 10872 11236
f 11339 11237 10626
f 11239 10630 11238
f 11240 11239 10654
f 11341 11240 11241
f 11341 11241 11242
f 11238 11237 10632
f 10642 10610 10646
f 10642 10641 10610
f 11672 10638 11243
f 10643 11244 10637
f 10664 10655 10665
f 10655 10664 11245
f 10880 11246 10691
f 11234 11233 11247
f 11247 10663 11248
f 11248 10668 11249
f 11249 10667 11250
f 11252 10670 10707
f 10670 11252 10673
f 10706 11253 11231
f 11253 10706 11254
f 10717 10592 11254
f 10592 10572 11255
f 10572 11257 11256
f 10547 10544 10582
f 11260 11258 10548
f 10548 11257 10549
f 10548 10559 11260
f 11263 11261 10559
f 10567 11262 11263
f 10568 11264 11113
f 9826 10528 11113
f 10528 9826 10529
f 11221 9784 11265
f 9772 11266 11265
f 9798 11268 9795
f 9811 9776 9812
f 11386 9809 11269
f 9808 9815 11269
f 11271 11270 10525
f 10525 9815 10526
f 10866 10862 10566
f 11272 11271 10554
f 11673 11272 10536
f 11673 10536 11273
f 11273 10535 11275
f 10584 11274 10882
f 10874 10883 10574
f 10586 11276 11274
f 11276 10586 11277
f 10604 10520 11277
f 11279 11278 10498
f 10498 10494 11279
f 10509 10495 9693
f 10509 9693 10510
f 9739 9738 11281
f 9738 9747 11280
f 11195 11282 9749
f 9708 9707 9704
f 9769 9708 9740
f 9694 11283 11285
f 9732 11286 9730
f 9730 11200 9732
f 11287 10627 10628
f 10628 10652 11287
f 10619 10608 11289
f 11289 11290 10619
f 10658 11292 10636
f 10656 11292 10657
f 11294 11291 11293
f 10688 11294 11295
f 10685 10688 11296
f 10679 10685 11297
f 11349 11298 10697
f 10699 10698 11299
f 10674 10698 10677
f 10692 11300 11302
f 10709 10692 11303
f 11303 11304 10709
f 11305 10821 11304
f 10821 11305 11307
f 10813 10818 11308
f 11351 10832 11309
f 11309 10820 11310
f 11186 11311 10812
f 10786 10822 10787
f 10822 10786 10823
f 11327 10864 10794
f 10864 10863 10795
f 11323 10804 10863
f 10772 10771 10747
f 10770 10748 10802
f 11667 11131 11128
f 11322 11313 11314
f 11343 10720 11314
f 11317 11315 11316
f 11354 11317 10758
f 11354 11112 10740
f 11112 11111 11125
f 11318 10743 11111
f 11342 11318 11319
f 11342 11319 11109
f 11110 11109 11320
f 11350 10761 11321
f 11321 11138 10734
f 10774 11130 11313
f 11128 11312 10731
f 11313 11322 10774
f 11348 10805 11324
f 11325 11324 10788
f 11311 11325 10787
f 11140 10780 11306
f 10819 11307 11326
f 11326 11327 10819
f 11186 11185 10813
f 11185 11328 10814
f 11347 11329 11330
f 11330 11246 10622
f 11291 11294 10618
f 10661 11233 11235
f 11235 10888 10661
f 10881 10880 10690
f 11332 10881 10684
f 11298 11332 10673
f 11297 11301 10679
f 10679 11300 10680
f 10870 10869 10704
f 11349 11333 10699
f 11346 10713 11333
f 9734 11202 9767
f 9736 9735 11201
f 9750 11199 9751
f 9702 11198 9731
f 9701 11335 9702
f 9770 9742 9771
f 9748 9746 11336
f 9691 9709 11193
f 9692 9691 10491
f 10493 10499 11337
f 10499 10521 11190
f 10510 9692 11337
f 9770 9771 9715
f 11264 10522 11114
f 10522 11264 10523
f 10636 11246 10658
f 10646 11237 11236
f 10527 10867 10537
f 10537 11222 10882
f 9823 11075 9824
f 10523 11215 10546
f 10576 10595 10965
f 9824 11218 9792
f 10624 11341 10625
f 10676 10659 11332
f 10618 10689 10888
f 10736 10767 11109
f 10751 11343 10756
f 10693 10710 11229
f 10639 11345 10644
f 10727 10726 11317
f 10696 10712 11333
f 10622 10621 11330
f 10662 10661 11232
f 10680 10694 10869
f 10632 10631 11238
f 10694 10693 11230
f 10743 11318 10767
f 11238 10629 11237
f 10773 10772 11324
f 10630 11239 10653
f 10731 11322 10719
f 10811 10828 11185
f 10791 10773 11325
f 10649 11245 11330
f 10791 11325 11308
f 10653 11240 10624
f 11299 10676 11298
f 10697 10696 11349
f 11299 11298 10699
f 10626 10614 11339
f 10662 11232 10669
f 10782 10864 11326
f 10775 10774 10863
f 10733 11350 10734
f 10813 11308 11186
f 10731 10804 11322
f 10808 10826 11309
f 10747 11138 10772
f 10809 10808 11310
f 10745 10744 11111
f 11357 11352 10849
f 10727 11317 10740
f 10768 11137 11321
f 11327 10794 11310
f 10757 11112 10758
f 11104 11355 11105
f 11544 11356 11357
f 10709 10833 10710
f 10593 10592 10716
f 10521 10520 10603
f 11370 10518 11359
f 11550 10925 10842
f 11359 11358 11360
f 11360 11361 11090
f 11361 11338 11362
f 11362 10521 11363
f 11547 10990 11363
f 11547 10876 11364
f 11365 10986 11364
f 11548 11365 11344
f 11548 11366 10987
f 11367 11366 10832
f 11549 11367 11351
f 11549 11351 11368
f 11546 11227 11369
f 11371 10519 11370
f 11552 11371 11115
f 11552 11372 10512
f 11372 11120 11373
f 11373 11121 11374
f 11376 11224 11375
f 11553 11184 11376
f 11553 11328 11377
f 11378 11152 11377
f 10600 11340 10712
f 11379 11151 11378
f 11554 11150 11379
f 11554 11340 11374
f 11483 11380 11382
f 9810 9809 11220
f 11429 11383 11385
f 9809 11386 9811
f 11404 11387 11389
f 9782 9781 11391
f 11397 11390 11216
f 11411 11392 11394
f 11486 11395 11380
f 11216 10860 11397
f 11431 11398 11400
f 11419 11396 9790
f 11406 11401 11403
f 11482 11404 11405
f 11434 11406 11408
f 11429 11409 11383
f 11438 11411 11412
f 11400 11399 11414
f 11425 11415 11417
f 9790 9789 11419
f 11516 11420 11422
f 11418 9789 11423
f 11511 11424 11425
f 11422 11421 11427
f 11268 11267 9778
f 11520 11428 11385
f 9778 11266 9779
f 11437 11430 11411
f 10884 11122 9774
f 11583 11431 11432
f 11122 10884 11220
f 11407 11406 11433
f 11401 11406 11435
f 11428 11436 11429
f 11499 11437 11438
f 11432 11400 11439
f 11467 11440 11442
f 11487 11443 11445
f 11475 11446 11448
f 11531 11449 11451
f 11455 11452 11454
f 11452 11455 11457
f 11507 11458 11460
f 11465 11459 11461
f 11469 11462 11464
f 11467 11459 11466
f 11460 11459 11442
f 11473 11448 11457
f 11453 11452 11447
f 11451 11450 11444
f 11471 11468 11464
f 11440 11467 11470
f 11489 11468 11472
f 11448 11473 11475
f 11451 11444 11477
f 11197 11335 9742
f 11401 11478 11402
f 11410 11480 11426
f 11404 11482 11407
f 11407 11433 11404
f 9742 9741 11197
f 9741 9703 9743
f 11380 11483 11485
f 11674 11486 11485
f 11498 11424 11488
f 11468 11489 11491
f 11469 11468 11492
f 11462 11469 11493
f 11462 11494 11463
f 11421 11383 11426
f 11420 11384 11421
f 9703 9754 9698
f 11514 11496 11212
f 11675 11416 11497
f 11424 11498 11415
f 11475 11438 11446
f 11438 11475 11499
f 11527 11500 11474
f 11488 11487 11501
f 11501 11445 11502
f 11502 11450 11503
f 11494 11462 11504
f 11458 11505 11461
f 11537 11505 11507
f 11356 11508 11352
f 11455 11353 11456
f 11353 11455 11509
f 11532 11477 11463
f 11476 11471 11477
f 11476 11510 11471
f 11440 11414 11441
f 11414 11440 11439
f 11674 11490 11486
f 11526 11511 11512
f 11535 11382 11512
f 11212 11206 11514
f 11522 11513 9724
f 11517 11515 11422
f 11538 11517 11427
f 11538 11481 11405
f 11481 11480 11482
f 11518 11434 11480
f 11519 11518 11436
f 11478 11519 11428
f 11479 11478 11520
f 9724 9723 11522
f 11521 9723 11523
f 11525 11524 11437
f 11500 11413 11525
f 11443 11487 11511
f 11486 11489 11395
f 11511 11526 11443
f 11536 11527 11473
f 11536 11473 11528
f 11508 11528 11456
f 11503 11449 11530
f 11534 11529 11531
f 11531 11532 11534
f 11435 11519 11401
f 11417 11535 11425
f 11388 11515 11389
f 11434 11518 11435
f 11442 11441 11536
f 11395 11526 11381
f 11460 11442 11528
f 11460 11528 11507
f 11531 11451 11532
f 11444 11443 11476
f 11398 11524 11399
f 11507 11508 11537
f 11526 11395 11510
f 11413 11500 11441
f 11409 11518 11410
f 11286 11284 9700
f 9700 11283 9701
f 11389 11517 11405
f 11196 11335 9696
f 11437 11499 11525
f 11463 11495 11532
f 11426 11481 11427
f 11534 11533 11104
f 11107 11355 11495
f 11529 11534 10852
f 10852 11539 11529
f 11509 11540 11353
f 10835 11107 11494
f 11494 11504 10835
f 10845 11541 11505
f 11505 11537 10845
f 11108 10837 11542
f 11105 11108 11106
f 11368 11543 10972
f 10843 10953 11543
f 10842 10928 10843
f 11544 10846 11356
f 10846 11544 10849
f 10849 10848 10846
f 11106 11542 11543
f 11375 11225 11546
f 11089 11100 11359
f 11090 11089 11360
f 11338 11361 10517
f 11007 11361 11001
f 11001 11362 10994
f 10603 10876 11363
f 10990 11547 10988
f 10593 10716 11364
f 10987 10986 11548
f 10710 11366 11344
f 10982 10984 11367
f 10971 10982 11549
f 10972 10971 11368
f 10925 11550 10926
f 11100 11116 11370
f 10519 11371 10512
f 11120 11372 11115
f 10513 11208 11373
f 10513 11373 10595
f 11556 10855 10829
f 11328 11553 10829
f 11184 11553 11183
f 10713 11378 10828
f 11346 11379 10713
f 11340 11554 11346
f 11150 11554 11149
f 10825 10858 10826
f 11543 11368 11106
f 10839 10838 10842
f 10838 10857 11550
f 11369 11555 11546
f 10848 10855 11545
f 10844 11545 10856
f 10829 11376 11556
f 11556 11375 10856
f 11166 11174 11181
f 11180 11164 11176
f 11174 11173 11557
f 11176 11163 11557
f 11005 11167 9787
f 11005 9787 10886
f 10886 9786 10887
f 10887 10599 10967
f 10967 9620 10968
f 11143 11028 9619
f 11144 11029 11143
f 11144 11145 11029
f 11033 11558 11147
f 9664 11033 11035
f 11660 9664 11559
f 9655 11560 11562
f 10640 10871 10639
f 10607 11345 10613
f 10613 10612 10607
f 10639 10638 10640
f 11672 10611 10638
f 10615 11563 10616
f 11566 11563 11329
f 11329 11347 11566
f 11565 11347 11567
f 10620 11568 10621
f 11568 10620 11569
f 10612 10652 10608
f 11315 11343 10752
f 10720 11343 10726
f 10726 10725 10720
f 10725 10766 10721
f 11676 11570 11571
f 10733 10763 11572
f 11572 11573 10733
f 11350 11573 10761
f 11575 10762 11574
f 10762 11575 10728
f 11669 10724 10750
f 10750 10753 10751
f 11417 11416 11516
f 11675 11384 11416
f 11393 11392 11578
f 11577 11392 11579
f 11524 11580 11430
f 11580 11524 11581
f 11431 11582 11398
f 11677 11582 11583
f 11433 11484 11387
f 11387 11483 11388
f 11535 11515 11382
f 11516 11515 11417
f 6874 9677 6875
f 6877 6952 6878
f 6880 6946 6877
f 6882 6935 6880
f 6884 6926 6882
f 6901 6956 6875
f 6960 6954 11584
f 6887 5883 6888
f 6886 6954 6890
f 9873 6942 9871
f 6890 6947 6888
f 6917 6931 6894
f 6887 6939 6897
f 10077 6917 6898
f 6897 6929 6900
f 6928 6956 6900
f 6920 6919 11585
f 6950 6949 9872
f 6913 6933 6908
f 6874 6958 6884
f 6912 6923 6913
f 6878 6957 6912
f 6904 6906 11585
f 6931 9873 6895
f 6944 6950 6908
f 10078 6903 10076
f 6898 9681 10076
f 5897 6892 11584
f 9459 9458 3693
f 6034 222 6027
f 6324 630 6325
f 6291 645 6292
f 6285 6297 664
f 675 678 6286
f 6290 678 6287
f 6847 6288 1079
f 9885 9889 4152
f 9926 9933 4171
f 6858 9946 4234
f 9848 9970 4074
f 7288 7291 7283
f 6335 6323 6348
f 6323 6322 11586

